ID	M	eM1	eM2	R	eR1	eR2	Teff	eTeff1	eTeff2	FeH	eFeH1	eFeH2	Ref	MH	eMH1	eMH2	logg	elogg1	elogg2	logg_from_M,R	L	eL1	eL2	L_from_SB	class	type	orbit_a(Rsol)	eOrbit_a	R/a	detached	well_detached	source	mode	database	logL	elogL1	elogL2
mu._Cas_A	0.744	0.0122	0.0122	0.789	0.008	0.008	5306.0	31.0	31.0	-0.81	0.03	0.03	NA	NA	NA	NA	4.515	0.011	0.011	0.0	0.445	0.005	0.005	0.0	MS	G5	1618.559515	NA	0.00048747	True	True	Bond20	EB	3	-0.3516399890190684	0.0048525027944120724	0.0049073344947441755
KIC7037405_B	1.11	0.011	0.011	1.746	0.014	0.014	6094.0	138.0	148.0	-0.27	0.1	0.1	NA	NA	NA	NA	3.999	0.0071	0.0071	0.0	3.78785	0.80815	0.3599	1.0	MS	NA	193.8	0.89	0.009009288	True	True	Brogaard18	EB	3	0.578392772479564	0.08398724753668363	0.043358293791547986
KIC9970397_B	1.003	0.0085	0.0085	1.1089	0.0052	0.0052	6221.0	125.0	125.0	-0.35	0.1	0.1	NA	NA	NA	NA	4.3493	0.0054	0.0054	0.0	1.65928	0.16483	0.13032	1.0	MS	NA	207.92	0.73	0.005333301	True	True	Brogaard18	EB	3	0.21991967848625152	0.04113134572136626	0.03552355475248645
KIC10709834	1.39	0.04	0.03	1.76	0.03	0.02	6508.0	84.0	84.0	-0.08	0.09	0.09	NA	NA	NA	NA	4.092	0.01	0.01	NA	5.709	0.462955304	0.462955304	NA	MS	F	NA	NA	NA	NA	NA	C14bruntt	A	1	0.7565600430066829	0.03386272932667522	0.03672805657250233
KIC1430163	1.34	0.06	0.06	1.48	0.03	0.03	6520.0	84.0	84.0	-0.11	0.09	0.09	NA	NA	NA	NA	4.221	0.013	0.014	NA	3.592	0.288982235	0.288982235	NA	MS	F	NA	NA	NA	NA	NA	C14bruntt	A	1	0.5553363279952668	0.03360532678826045	0.03642541848165359
KIC5021689	1.22	0.08	0.07	1.79	0.04	0.04	6168.0	84.0	84.0	-0.08	0.09	0.09	NA	NA	NA	NA	4.016	0.011	0.01	NA	4.306	0.358627328	0.358627328	NA	MS	F	NA	NA	NA	NA	NA	C14bruntt	A	1	0.6340740254874684	0.03474292680548541	0.03776589535422625
KIC5450445	1.39	0.07	0.06	1.99	0.04	0.04	6112.0	84.0	84.0	0.05	0.09	0.09	NA	NA	NA	NA	3.985	0.009	0.009	NA	5.484	0.465478939	0.465478939	NA	MS	F	NA	NA	NA	NA	NA	C14bruntt	A	1	0.7390974461174751	0.03538148535455954	0.038521695043855164
KIC5774694	1.06	0.05	0.06	1.0	0.03	0.03	5875.0	84.0	84.0	0.07	0.09	0.09	NA	NA	NA	NA	4.463	0.017	0.019	NA	0.953	0.061686383	0.061686383	NA	MS	G	NA	NA	NA	NA	NA	C14bruntt	A	1	-0.02090709936167361	0.02723893158244398	0.029062359151703545
KIC5939450	1.53	0.1	0.09	2.88	0.07	0.06	6282.0	84.0	84.0	-0.18	0.09	0.09	NA	NA	NA	NA	3.701	0.017	0.013	NA	11.37	0.908440115	0.908440115	NA	MS	F	NA	NA	NA	NA	NA	C14bruntt	A	1	1.0557604646877348	0.03338273172013784	0.03616401926361257
KIC6442183	1.08	0.05	0.05	1.71	0.03	0.03	5760.0	84.0	84.0	-0.11	0.09	0.09	NA	NA	NA	NA	4.006	0.009	0.008	NA	2.577	0.22061138	0.22061138	NA	MS	G	NA	NA	NA	NA	NA	C14bruntt	A	1	0.41111441855090475	0.03567296735778713	0.03886750187412363
KIC9226926	1.39	0.05	0.04	1.64	0.03	0.03	6892.0	84.0	84.0	-0.23	0.09	0.09	NA	NA	NA	NA	4.151	0.013	0.012	NA	4.548	0.365619369	0.365619369	NA	MS	F	NA	NA	NA	NA	NA	C14bruntt	A	1	0.6578204560156972	0.03358105503242559	0.036396901369382784
KIC10130724	0.85	0.15	0.09	1.08	0.06	0.04	5648.0	70.0	70.0	0.32	0.15	0.15	NA	NA	NA	NA	4.306	0.022	0.016	NA	4.802	1.391686439	1.391686439	NA	MS	G	NA	NA	NA	NA	NA	C14sdss	A	1	0.6814221557210085	0.11052705930378837	0.14862784372222948
KIC10202294	1.18	0.21	0.11	1.88	0.08	0.07	5803.0	66.0	66.0	0.36	0.1	0.1	NA	NA	NA	NA	3.961	0.026	0.015	NA	4.243	0.366465826	0.366465826	NA	MS	G	NA	NA	NA	NA	NA	C14sdss	A	1	0.6276730317666159	0.03597756775270222	0.039229414874940916
KIC10290021	1.37	0.13	0.11	2.05	0.06	0.07	6215.0	56.0	56.0	0.06	0.15	0.1	NA	NA	NA	NA	3.955	0.014	0.015	NA	6.234	0.534000492	0.534000492	NA	MS	F	NA	NA	NA	NA	NA	C14sdss	A	1	0.7947667979408211	0.03569358366119768	0.0388919797548023
KIC10858780	0.92	0.14	0.11	1.43	0.1	0.08	5672.0	60.0	60.0	-0.16	0.15	0.1	NA	NA	NA	NA	4.086	0.023	0.023	NA	2.386	0.210801879	0.210801879	NA	MS	G	NA	NA	NA	NA	NA	C14sdss	A	1	0.3776704393343231	0.03676837739576805	0.04017161991104151
KIC11098033	1.38	0.21	0.14	2.26	0.12	0.09	6358.0	66.0	66.0	-0.14	0.2	0.15	NA	NA	NA	NA	3.877	0.024	0.027	NA	6.502	0.578005387	0.578005387	NA	MS	F	NA	NA	NA	NA	NA	C14sdss	A	1	0.8130469651601079	0.03698662297365607	0.04043231023758087
KIC11133100	1.4	0.25	0.17	2.37	0.14	0.13	6222.0	51.0	51.0	0.0	0.15	0.15	NA	NA	NA	NA	3.849	0.025	0.027	NA	15.06	1.32370116	1.32370116	NA	MS	F	NA	NA	NA	NA	NA	C14sdss	A	1	1.1778249718646818	0.036587045937731766	0.03995524131700545
KIC11189107	1.52	0.18	0.15	2.26	0.13	0.1	6795.0	94.0	94.0	-0.1	0.15	0.1	NA	NA	NA	NA	3.909	0.027	0.026	NA	10.05	0.864098657	0.864098657	NA	MS	F	NA	NA	NA	NA	NA	C14sdss	A	1	1.0021660617565078	0.03582181347374647	0.0390442849921282
KIC11229052	1.27	0.12	0.15	1.48	0.05	0.07	6495.0	51.0	51.0	-0.02	0.15	0.15	NA	NA	NA	NA	4.198	0.015	0.017	NA	3.473	0.296828764	0.296828764	NA	MS	F	NA	NA	NA	NA	NA	C14sdss	A	1	0.5407047833107623	0.03561684049215219	0.038800874931897655
KIC11453915	1.25	0.06	0.09	1.22	0.03	0.03	6608.0	58.0	58.0	-0.12	0.15	0.15	NA	NA	NA	NA	4.359	0.011	0.013	NA	2.146	0.178748413	0.178748413	NA	MS	F	NA	NA	NA	NA	NA	C14sdss	A	1	0.33162971762993226	0.034746242280822404	0.037769813298373145
KIC11456910	1.3	0.11	0.17	1.71	0.07	0.08	6386.0	61.0	61.0	-0.26	0.15	0.15	NA	NA	NA	NA	4.082	0.019	0.02	NA	3.678	0.320896125	0.320896125	NA	MS	F	NA	NA	NA	NA	NA	C14sdss	A	1	0.5656117249020587	0.03632839817989508	0.03964694557201731
KIC11502597	1.08	0.19	0.11	1.61	0.11	0.07	5798.0	59.0	59.0	-0.1	0.15	0.1	NA	NA	NA	NA	4.061	0.012	0.012	NA	2.332	0.208250395	0.208250395	NA	MS	G	NA	NA	NA	NA	NA	C14sdss	A	1	0.36772854608697647	0.037147981480623204	0.040625234985076975
KIC11708273	1.07	0.18	0.12	1.56	0.09	0.07	5959.0	96.0	96.0	0.24	0.15	0.1	NA	NA	NA	NA	4.081	0.023	0.022	NA	3.277	0.28619582	0.28619582	NA	MS	G	NA	NA	NA	NA	NA	C14sdss	A	1	0.5154764413823758	0.03636324883520303	0.03968846242977958
KIC11757831	1.42	0.14	0.1	1.82	0.07	0.06	6754.0	70.0	70.0	-0.02	0.15	0.2	NA	NA	NA	NA	4.07	0.014	0.014	NA	7.031	0.617434134	0.617434134	NA	MS	F	NA	NA	NA	NA	NA	C14sdss	A	1	0.8470170979353542	0.03655543309126341	0.03991753872298598
KIC11862119	1.17	0.15	0.13	1.52	0.09	0.08	6271.0	56.0	56.0	-0.38	0.15	0.15	NA	NA	NA	NA	4.141	0.018	0.018	NA	2.733	0.242536025	0.242536025	NA	MS	F	NA	NA	NA	NA	NA	C14sdss	A	1	0.4366396316926607	0.036925580970327054	0.04035936772498816
KIC11919192	1.6	0.15	0.19	2.29	0.1	0.11	6788.0	81.0	81.0	-0.28	0.2	0.15	NA	NA	NA	NA	3.919	0.019	0.02	NA	9.2	0.763354241	0.763354241	NA	MS	F	NA	NA	NA	NA	NA	C14sdss	A	1	0.9637878273455552	0.0346177443231499	0.037618013172729614
KIC11962180	1.35	0.14	0.15	1.97	0.1	0.1	6329.0	80.0	80.0	0.06	0.15	0.1	NA	NA	NA	NA	3.979	0.016	0.018	NA	6.241	0.547604773	0.547604773	NA	MS	F	NA	NA	NA	NA	NA	C14sdss	A	1	0.7952541825808829	0.03652634256108578	0.039882849648064544
KIC11971746	1.11	0.1	0.17	1.35	0.05	0.08	5952.0	75.0	75.0	0.18	0.15	0.15	NA	NA	NA	NA	4.215	0.018	0.021	NA	2.284	0.187851532	0.187851532	NA	MS	G	NA	NA	NA	NA	NA	C14sdss	A	1	0.3586960995738104	0.034326282389281704	0.03727405954952534
KIC12011630	0.85	0.12	0.08	0.99	0.05	0.03	5817.0	85.0	85.0	-0.08	0.15	0.15	NA	NA	NA	NA	4.383	0.018	0.015	NA	1.085	0.096706057	0.096706057	NA	MS	G	NA	NA	NA	NA	NA	C14sdss	A	1	0.0354297381845483	0.03707972338719009	0.04054360449092957
KIC12055375	1.04	0.16	0.12	1.54	0.1	0.08	5991.0	75.0	75.0	-0.34	0.2	0.1	NA	NA	NA	NA	4.081	0.025	0.026	NA	2.481	0.210149961	0.210149961	NA	MS	G	NA	NA	NA	NA	NA	C14sdss	A	1	0.3946267642722091	0.035311134688200796	0.03843830877777976
KIC12156916	1.28	0.14	0.16	1.58	0.06	0.07	6546.0	56.0	56.0	-0.42	0.2	0.15	NA	NA	NA	NA	4.146	0.015	0.018	NA	3.54	0.309113868	0.309113868	NA	MS	F	NA	NA	NA	NA	NA	C14sdss	A	1	0.5490032620257879	0.0363574969546403	0.03968160983157065
KIC12253255	1.48	0.16	0.14	2.27	0.11	0.09	6457.0	64.0	64.0	0.1	0.2	0.1	NA	NA	NA	NA	3.89	0.018	0.018	NA	9.183	0.787558936	0.787558936	NA	MS	F	NA	NA	NA	NA	NA	C14sdss	A	1	0.9629845843169971	0.035734920636232737	0.03894106709134093
KIC12304142	1.36	0.09	0.11	1.83	0.04	0.05	6186.0	56.0	56.0	0.06	0.15	0.1	NA	NA	NA	NA	4.045	0.012	0.013	NA	4.448	0.382339102	0.382339102	NA	MS	F	NA	NA	NA	NA	NA	C14sdss	A	1	0.6481647785740011	0.03581284181683064	0.03903362568586821
KIC12507240	1.37	0.11	0.1	1.94	0.06	0.06	6157.0	97.0	97.0	0.02	0.2	0.15	NA	NA	NA	NA	4.001	0.015	0.015	NA	4.666	0.394698516	0.394698516	NA	MS	F	NA	NA	NA	NA	NA	C14sdss	A	1	0.6689447344577338	0.0352657311384329	0.03838450786429415
KIC12735580	1.17	0.2	0.12	1.81	0.1	0.08	6170.0	64.0	64.0	0.06	0.15	0.15	NA	NA	NA	NA	3.994	0.03	0.029	NA	4.369	0.387567902	0.387567902	NA	MS	F	NA	NA	NA	NA	NA	C14sdss	A	1	0.6403820447095684	0.03691165615317038	0.04034273133205557
KIC1725815	1.43	0.15	0.11	2.02	0.08	0.08	6550.0	82.0	82.0	-0.08	0.15	0.1	NA	NA	NA	NA	3.982	0.014	0.014	NA	6.845	0.587496081	0.587496081	NA	MS	F	NA	NA	NA	NA	NA	C14sdss	A	1	0.8353734524700088	0.035761236412614306	0.038972322196213605
KIC2865774	1.28	0.11	0.21	1.79	0.08	0.11	6074.0	63.0	63.0	-0.06	0.15	0.15	NA	NA	NA	NA	4.03	0.022	0.025	NA	3.998	0.356470017	0.356470017	NA	MS	F	NA	NA	NA	NA	NA	C14sdss	A	1	0.6018427897820982	0.037092514751305594	0.040558899658266756
KIC3123191	1.3	0.11	0.17	1.42	0.05	0.06	6568.0	93.0	93.0	-0.1	0.15	0.1	NA	NA	NA	NA	4.243	0.02	0.022	NA	3.494	0.323861481	0.323861481	NA	MS	F	NA	NA	NA	NA	NA	C14sdss	A	1	0.5433229006469121	0.038497266698151456	0.042244661544927564
KIC3236382	1.44	0.16	0.11	1.64	0.06	0.05	6831.0	58.0	58.0	-0.06	0.15	0.15	NA	NA	NA	NA	4.165	0.014	0.013	NA	4.73	0.3857002	0.3857002	NA	MS	F	NA	NA	NA	NA	NA	C14sdss	A	1	0.6748611407378116	0.034043944462714526	0.03694135247355623
KIC3344897	1.55	0.16	0.18	2.34	0.08	0.1	6630.0	83.0	83.0	-0.04	0.15	0.1	NA	NA	NA	NA	3.89	0.017	0.016	NA	8.694	0.765139525	0.765139525	NA	MS	F	NA	NA	NA	NA	NA	C14sdss	A	1	0.9392196358548183	0.03663199562719954	0.04000886026233463
KIC3534307	0.96	0.13	0.11	1.44	0.07	0.06	5781.0	59.0	59.0	-0.24	0.15	0.1	NA	NA	NA	NA	4.104	0.019	0.017	NA	2.003	0.175425643	0.175425643	NA	MS	G	NA	NA	NA	NA	NA	C14sdss	A	1	0.30168094929357625	0.03646179129863891	0.03980589352532188
KIC3547794	1.4	0.11	0.13	1.75	0.06	0.06	6825.0	81.0	81.0	-0.14	0.15	0.15	NA	NA	NA	NA	4.093	0.019	0.019	NA	5.785	0.49127116	0.49127116	NA	MS	F	NA	NA	NA	NA	NA	C14sdss	A	1	0.7623033632877684	0.03539833528993408	0.03854167156379684
KIC3967430	1.36	0.09	0.12	1.47	0.04	0.05	6622.0	53.0	53.0	0.0	0.15	0.15	NA	NA	NA	NA	4.236	0.014	0.014	NA	3.565	0.281704946	0.281704946	NA	MS	F	NA	NA	NA	NA	NA	C14sdss	A	1	0.5520595341878843	0.033029341685264724	0.03574962173992946
KIC4646780	1.43	0.15	0.1	1.92	0.08	0.07	6856.0	138.0	138.0	-0.12	0.15	0.15	NA	NA	NA	NA	4.029	0.019	0.019	NA	6.537	0.540582863	0.540582863	NA	MS	F	NA	NA	NA	NA	NA	C14sdss	A	1	0.815378484965918	0.03450647773854709	0.03748664831535997
KIC4931390	1.37	0.1	0.1	1.41	0.04	0.04	6557.0	51.0	51.0	-0.06	0.15	0.15	NA	NA	NA	NA	4.274	0.012	0.012	NA	3.532	0.310919875	0.310919875	NA	MS	F	NA	NA	NA	NA	NA	C14sdss	A	1	0.548020694905531	0.036640634599637956	0.040019166791037564
KIC5095850	1.43	0.25	0.11	2.27	0.17	0.09	6836.0	85.0	85.0	0.1	0.15	0.15	NA	NA	NA	NA	3.885	0.018	0.021	NA	11.33	1.012071891	1.012071891	NA	MS	F	NA	NA	NA	NA	NA	C14sdss	A	1	1.0542299098633972	0.03715816193249322	0.04063741229755258
KIC5309966	1.34	0.08	0.13	1.64	0.05	0.06	6356.0	61.0	61.0	0.1	0.15	0.15	NA	NA	NA	NA	4.131	0.014	0.015	NA	4.22	0.35276565	0.35276565	NA	MS	F	NA	NA	NA	NA	NA	C14sdss	A	1	0.6253124509616739	0.034866493799770026	0.037911960339865436
KIC5686856	1.14	0.14	0.11	1.78	0.09	0.08	6125.0	55.0	55.0	0.0	0.2	0.15	NA	NA	NA	NA	3.996	0.012	0.012	NA	2.777	0.070530711	0.070530711	NA	MS	F	NA	NA	NA	NA	NA	C14sdss	A	1	0.4435758797502576	0.01089253695027792	0.011172776345902746
KIC6064910	1.4	0.15	0.13	2.37	0.1	0.09	6508.0	75.0	75.0	-0.26	0.2	0.15	NA	NA	NA	NA	3.836	0.015	0.015	NA	8.907	0.767730778	0.767730778	NA	MS	F	NA	NA	NA	NA	NA	C14sdss	A	1	0.9497314523157071	0.03590743628420312	0.03914603847073295
KIC6363365	1.12	0.13	0.11	1.41	0.06	0.05	6282.0	76.0	76.0	-0.58	0.15	0.1	NA	NA	NA	NA	4.188	0.016	0.016	NA	4.057	0.854109438	0.854109438	NA	MS	F	NA	NA	NA	NA	NA	C14sdss	A	1	0.6082050077043262	0.08297460425052183	0.10266290798258593
KIC6421967	1.24	0.1	0.11	1.27	0.04	0.05	6464.0	73.0	73.0	-0.12	0.15	0.15	NA	NA	NA	NA	4.321	0.015	0.017	NA	2.237	0.189568099	0.189568099	NA	MS	F	NA	NA	NA	NA	NA	C14sdss	A	1	0.3496659840966297	0.03532649972896845	0.03845651835856212
KIC6448798	1.4	0.22	0.12	2.4	0.14	0.1	6349.0	67.0	67.0	-0.16	0.15	0.15	NA	NA	NA	NA	3.829	0.017	0.017	NA	9.553	0.859532225	0.859532225	NA	MS	F	NA	NA	NA	NA	NA	C14sdss	A	1	0.9801397777457546	0.03741658073804732	0.04094672912994024
KIC6450651	1.1	0.18	0.12	1.72	0.11	0.09	5995.0	69.0	69.0	-0.12	0.15	0.15	NA	NA	NA	NA	4.01	0.02	0.021	NA	3.177	0.273070118	0.273070118	NA	MS	G	NA	NA	NA	NA	NA	C14sdss	A	1	0.5020172148271475	0.035810706782658186	0.039031089103541416
KIC6593461	0.94	0.2	0.11	1.29	0.08	0.06	5817.0	101.0	101.0	0.24	0.15	0.15	NA	NA	NA	NA	4.193	0.026	0.023	NA	2.059	0.17859073	0.17859073	NA	MS	G	NA	NA	NA	NA	NA	C14sdss	A	1	0.31365634661803143	0.03612430753280682	0.039403963121214525
KIC7019341	0.98	0.2	0.12	1.39	0.1	0.08	5723.0	77.0	77.0	0.38	0.1	0.1	NA	NA	NA	NA	4.145	0.02	0.02	NA	2.351	0.220003795	0.220003795	NA	MS	G	NA	NA	NA	NA	NA	C14sdss	A	1	0.37125262912493934	0.03885008857056321	0.04266995282651703
KIC7465072	1.15	0.22	0.11	1.66	0.1	0.08	6192.0	55.0	55.0	0.06	0.15	0.15	NA	NA	NA	NA	4.061	0.034	0.033	NA	4.49	0.388140708	0.388140708	NA	MS	F	NA	NA	NA	NA	NA	C14sdss	A	1	0.6522463410033232	0.036007982204118605	0.03926558252243062
KIC7530690	1.35	0.07	0.09	1.34	0.04	0.04	6836.0	62.0	62.0	-0.04	0.15	0.15	NA	NA	NA	NA	4.311	0.013	0.014	NA	3.41	0.283974195	0.283974195	NA	MS	F	NA	NA	NA	NA	NA	C14sdss	A	1	0.5327543789924978	0.034739478270834234	0.03776182024123964
KIC7622208	1.39	0.11	0.19	1.92	0.07	0.1	6606.0	99.0	99.0	0.0	0.15	0.15	NA	NA	NA	NA	4.008	0.013	0.014	NA	6.48	0.616787233	0.616787233	NA	MS	F	NA	NA	NA	NA	NA	C14sdss	A	1	0.8115750058705934	0.03948677907941789	0.04343935151908629
KIC7938112	1.37	0.13	0.17	1.84	0.07	0.09	6520.0	70.0	70.0	-0.22	0.15	0.15	NA	NA	NA	NA	4.043	0.018	0.02	NA	7.203	0.779587287	0.779587287	NA	MS	F	NA	NA	NA	NA	NA	C14sdss	A	1	0.8575134147766897	0.04463026132989878	0.04974758785519173
KIC8174170	1.25	0.13	0.2	2.18	0.12	0.16	5983.0	64.0	64.0	-0.04	0.15	0.15	NA	NA	NA	NA	3.859	0.016	0.016	NA	2.899	0.668392809	0.668392809	NA	MS	G	NA	NA	NA	NA	NA	C14sdss	A	1	0.46224821535499744	0.09010271719295032	0.11382511741589096
KIC8377423	1.21	0.19	0.14	1.99	0.12	0.11	6059.0	57.0	57.0	0.24	0.15	0.15	NA	NA	NA	NA	3.928	0.032	0.031	NA	6.765	0.601312885	0.601312885	NA	MS	F	NA	NA	NA	NA	NA	C14sdss	A	1	0.8302678009336417	0.03698236068586058	0.04042721626004275
KIC8391021	1.26	0.1	0.11	1.54	0.05	0.05	6250.0	51.0	51.0	-0.22	0.2	0.15	NA	NA	NA	NA	4.163	0.01	0.011	NA	2.947	0.251913091	0.251913091	NA	MS	F	NA	NA	NA	NA	NA	C14sdss	A	1	0.46938013584992516	0.03562230535583105	0.038807361321397504
KIC8420801	1.35	0.1	0.19	1.74	0.06	0.08	6506.0	73.0	73.0	0.07	0.15	0.15	NA	NA	NA	NA	4.08	0.017	0.02	NA	4.674	0.408550153	0.408550153	NA	MS	F	NA	NA	NA	NA	NA	C14sdss	A	1	0.6696887080562082	0.03639296475582299	0.039723868152315656
KIC8435400	1.5	0.13	0.21	2.34	0.12	0.13	6322.0	59.0	59.0	0.14	0.15	0.1	NA	NA	NA	NA	3.863	0.016	0.016	NA	9.416	0.822782257	0.822782257	NA	MS	F	NA	NA	NA	NA	NA	C14sdss	A	1	0.9738664498353783	0.03638185734019672	0.03971063334311309
KIC8491374	1.38	0.14	0.19	1.95	0.09	0.1	6520.0	65.0	65.0	0.0	0.15	0.1	NA	NA	NA	NA	3.988	0.023	0.023	NA	5.685	0.476353911	0.476353911	NA	MS	F	NA	NA	NA	NA	NA	C14sdss	A	1	0.7547304690237535	0.03494568656075414	0.03800561952271986
KIC8516041	1.09	0.13	0.12	1.3	0.06	0.06	6214.0	65.0	65.0	0.18	0.15	0.15	NA	NA	NA	NA	4.246	0.018	0.019	NA	2.381	0.22232026	0.22232026	NA	MS	F	NA	NA	NA	NA	NA	C14sdss	A	1	0.37675939540487985	0.03876820282159943	0.04257117987365672
KIC9273544	1.14	0.12	0.12	1.55	0.07	0.07	6125.0	55.0	55.0	-0.22	0.15	0.15	NA	NA	NA	NA	4.112	0.013	0.013	NA	3.128	0.271690736	0.271690736	NA	MS	F	NA	NA	NA	NA	NA	C14sdss	A	1	0.49526674438781043	0.03617266743164599	0.039461515941530856
KIC9402223	1.46	0.25	0.13	2.6	0.15	0.11	6350.0	52.0	52.0	-0.08	0.2	0.15	NA	NA	NA	NA	3.776	0.016	0.016	NA	11.16	0.975636586	0.975636586	NA	MS	F	NA	NA	NA	NA	NA	C14sdss	A	1	1.04766419460156	0.0363983679811688	0.03973030652087939
KIC9762786	1.38	0.14	0.19	1.96	0.1	0.12	6482.0	52.0	52.0	0.06	0.15	0.15	NA	NA	NA	NA	3.99	0.014	0.014	NA	6.917	0.598725134	0.598725134	NA	MS	F	NA	NA	NA	NA	NA	C14sdss	A	1	0.839917775678681	0.036053112970417134	0.03931926044217693
KIC9768011	1.35	0.16	0.16	2.02	0.13	0.13	6630.0	68.0	68.0	-0.26	0.2	0.15	NA	NA	NA	NA	3.955	0.023	0.024	NA	6.611	0.560297443	0.560297443	NA	MS	F	NA	NA	NA	NA	NA	C14sdss	A	1	0.8202671571609645	0.035330578891805686	0.03846135293595998
TIC278683641_A	1.273	0.007	0.007	1.612	0.003	0.003	5940.0	110.0	110.0	0.2907	0.0039	0.0039	APOGEE2_DR17	0.246	0.013	0.013	4.128	0.001	0.001	0.0	2.92	0.14	0.14	0.0	MS	F/G	13.5	0.021	0.119116234	True	True	CakirliDec25	EB	3	0.4653828514484183	0.02033857503316172	0.02133805553034207
TIC278683641_B	0.589	0.002	0.002	0.585	0.001	0.001	3653.0	97.0	97.0	0.2907	0.0039	0.0039	APOGEE2_DR17	0.246	0.013	0.013	4.674	0.001	0.001	0.0	0.06	0.01	0.01	0.0	MS	M	13.5	0.021	0.043227666	True	True	CakirliDec25	EB	3	-1.2218487496163564	0.06694678963061307	0.07918124604762489
47_Tuc-V69 A	0.876	0.005	0.005	1.316	0.005	0.005	5945.0	150.0	150.0	-0.71	0.1	0.1	NA	NA	NA	NA	4.143	0.003	0.003	NA	1.941	0.217	0.217	NA	MS	G	48.3	0.01	0.027246377	True	True	eker14	EB	1	0.28802553538836284	0.046025904958528985	0.05148827389966887
47_Tuc-V69 B	0.859	0.006	0.006	1.163	0.006	0.006	5959.0	150.0	150.0	-0.71	0.1	0.1	NA	NA	NA	NA	4.242	0.003	0.003	NA	1.531	0.171	0.171	NA	MS	G	48.3	0.01	0.024078675	True	True	eker14	EB	1	0.18497519069826102	0.045984365050308035	0.05143628232804354
AD_Boo A	1.414	0.009	0.009	1.614	0.014	0.014	6575.0	120.0	120.0	0.1	0.15	0.15	NA	NA	NA	NA	4.173	0.008	0.008	NA	4.375	0.356	0.356	NA	MS	F	9.41	0.02	0.17151966	True	True	eker14	EB	1	0.640978057358332	0.033974890690233295	0.03686005116629709
AD_Boo B	1.209	0.006	0.006	1.218	0.01	0.01	6145.0	120.0	120.0	0.1	0.15	0.15	NA	NA	NA	NA	4.351	0.007	0.007	NA	1.901	0.164	0.164	NA	MS	F	9.41	0.02	0.129436769	True	True	eker14	EB	1	0.27898211686544316	0.035937939126976626	0.0391822984183445
BG_Ind A	1.428	0.008	0.008	2.29	0.017	0.017	6353.0	270.0	270.0	-0.2	0.1	0.1	NA	NA	NA	NA	3.865057243	0.006891794	0.006891794	NA	7.907	1.621	1.621	NA	MS	F	NA	NA	NA	True	True	eker14	EB	1	0.8980117387975016	0.08099000967721948	0.09963736211594043
BG_Ind B	1.293	0.008	0.008	1.68	0.038	0.039	6653.0	233.0	233.0	-0.2	0.1	0.1	NA	NA	NA	NA	4.090979961	0.019829556	0.020341925	NA	5.117	0.881	0.881	NA	MS	F	NA	NA	NA	True	True	eker14	EB	1	0.7090154169721172	0.06899104445139115	0.08205946553666987
BW_Aqr A	1.479	0.02	0.02	2.057	0.04	0.04	6350.0	100.0	100.0	-0.07	0.11	0.11	NA	NA	NA	NA	3.981	0.019	0.019	NA	6.18	0.488	0.488	NA	MS	F	NA	NA	NA	True	True	eker14	EB	1	0.7909884750888159	0.03300711606715179	0.03572358367656914
BW_Aqr B	1.377	0.02	0.02	1.788	0.04	0.04	6450.0	100.0	100.0	-0.07	0.11	0.11	NA	NA	NA	NA	4.075	0.022	0.022	NA	4.966	0.417	0.417	NA	MS	F	NA	NA	NA	True	True	eker14	EB	1	0.6960067152185455	0.035017664597142395	0.03809077838859032
CD_Tau A	1.441	0.016	0.016	1.798	0.017	0.017	6200.0	50.0	50.0	0.08	0.15	0.15	NA	NA	NA	NA	4.087	0.01	0.01	NA	4.285	0.171	0.171	NA	MS	F	NA	NA	NA	True	True	eker14	EB	1	0.631950826259217	0.016994355906455594	0.01768653890051175
CD_Tau B	1.366	0.016	0.016	1.584	0.02	0.02	6200.0	50.0	50.0	0.08	0.15	0.15	NA	NA	NA	NA	4.174	0.012	0.012	NA	3.327	0.141	0.141	NA	MS	F	NA	NA	NA	True	True	eker14	EB	1	0.5220528008688224	0.018026287935350216	0.018807029403709707
CO_And A	1.289	0.007	0.007	1.727	0.021	0.021	6140.0	130.0	130.0	0.01	0.15	0.15	NA	NA	NA	NA	4.074	0.011	0.011	NA	3.802	0.367	0.367	NA	MS	F	NA	NA	NA	True	True	eker14	EB	1	0.5800121125294243	0.04001978259687311	0.04408537113385502
CO_And B	1.264	0.007	0.007	1.694	0.017	0.017	6170.0	130.0	130.0	0.01	0.15	0.15	NA	NA	NA	NA	4.082	0.009	0.009	NA	3.733	0.351	0.351	NA	MS	F	NA	NA	NA	True	True	eker14	EB	1	0.5720579899263045	0.03902774348856808	0.04288438666458161
EF_Aqr A	1.244	0.008	0.008	1.338	0.012	0.012	6150.0	65.0	65.0	0.0	0.1	0.1	NA	NA	NA	NA	4.28	0.007	0.007	NA	2.301	0.108	0.108	NA	MS	F	NA	NA	NA	True	True	eker14	EB	1	0.36191661866864344	0.01992018132969997	0.020877986991120534
EF_Aqr B	0.946	0.006	0.006	0.956	0.012	0.012	5185.0	110.0	110.0	0.0	0.1	0.1	NA	NA	NA	NA	4.453	0.011	0.011	NA	0.593	0.057	0.057	NA	MS	K	NA	NA	NA	True	True	eker14	EB	1	-0.22694530663573742	0.039858663278593	0.04388990367149265
EK_Cep A	2.024	0.02	0.02	1.579	0.015	0.015	9000.0	200.0	200.0	0.07	0.05	0.05	NA	NA	NA	NA	4.35	0.015	0.015	NA	14.689	1.454	1.454	NA	MS	A	NA	NA	NA	True	True	eker14	EB	1	1.1669922308301102	0.04099201593604618	0.04526828519274306
EK_Cep B	1.122	0.01	0.01	1.315	0.015	0.015	5700.0	190.0	190.0	0.07	0.05	0.05	NA	NA	NA	NA	4.251	0.015	0.015	NA	1.641	0.256	0.256	NA	MS	G	NA	NA	NA	True	True	eker14	EB	1	0.21510858105309322	0.06295874983556937	0.07365880765262586
EW_Ori A	1.173	0.011	0.011	1.169	0.005	0.005	6070.0	95.0	95.0	0.05	0.09	0.09	NA	NA	NA	NA	4.372	0.005	0.005	NA	1.667	0.111	0.111	NA	MS	F	NA	NA	NA	True	True	eker14	EB	1	0.22193559982800534	0.027996156806189554	0.02992600717433519
EW_Ori B	1.123	0.009	0.009	1.098	0.005	0.005	5900.0	95.0	95.0	0.05	0.09	0.09	NA	NA	NA	NA	4.408	0.005	0.005	NA	1.312	0.091	0.091	NA	MS	G	NA	NA	NA	True	True	eker14	EB	1	0.11793383503964149	0.02912383598871844	0.03121817109475898
GX_Gem A	1.488	0.011	0.011	2.334	0.012	0.012	6194.0	100.0	100.0	-0.12	0.1	0.1	NA	NA	NA	NA	3.887	0.004	0.004	NA	7.194	0.497	0.497	NA	MS	F	NA	NA	NA	True	True	eker14	EB	1	0.8569704334824924	0.029012377872480677	0.03109013454631282
GX_Gem B	1.467	0.01	0.01	2.244	0.012	0.012	6166.0	100.0	100.0	-0.12	0.1	0.1	NA	NA	NA	NA	3.904	0.005	0.005	NA	6.531	0.467	0.467	NA	MS	F	NA	NA	NA	True	True	eker14	EB	1	0.8149796837607568	0.029994254386130792	0.03222049113675962
HS_Aur A	0.898	0.019	0.019	1.005	0.023	0.023	5350.0	70.0	70.0	-0.01	0.01	0.01	NA	NA	NA	NA	4.39	0.02	0.02	NA	0.743	0.055	0.055	NA	MS	G	NA	NA	NA	True	True	eker14	EB	1	-0.1290111862394247	0.03101407759015415	0.03340037552506403
HS_Aur B	0.877	0.017	0.017	0.874	0.03	0.03	5200.0	72.0	72.0	-0.01	0.01	0.01	NA	NA	NA	NA	4.5	0.03	0.03	NA	0.501	0.048	0.048	NA	MS	G	NA	NA	NA	True	True	eker14	EB	1	-0.30016227413275426	0.039734618582846215	0.043739523854413875
HW_CMa A	1.779	0.012	0.012	1.668	0.021	0.021	7700.0	150.0	150.0	0.28	0.1	0.1	NA	NA	NA	NA	4.247	0.011	0.011	NA	8.79	0.782	0.782	NA	MS	A	NA	NA	NA	True	True	eker14	EB	1	0.9439888750737718	0.03701381486762789	0.040464810602509615
HW_CMa B	1.719	0.011	0.011	1.649	0.018	0.018	7560.0	150.0	150.0	0.33	0.1	0.1	NA	NA	NA	NA	4.242	0.01	0.01	NA	7.98	0.71	0.71	NA	MS	A	NA	NA	NA	True	True	eker14	EB	1	0.9020028913507294	0.0370168850979371	0.040468480491691605
KIC_6131659 A	0.922	0.007	0.007	0.88	0.003	0.003	5660.0	140.0	140.0	-0.21	0.1	0.1	NA	NA	NA	NA	4.505765577	0.004431697	0.004431697	NA	0.713	0.078	0.078	NA	MS	G	NA	NA	NA	True	True	eker14	EB	1	-0.14691047014813446	0.04508695364581097	0.05031580455988985
KIC_6131659 B	0.685	0.005	0.005	0.64	0.006	0.006	4780.0	105.0	105.0	-0.21	0.1	0.1	NA	NA	NA	NA	4.653330624	0.008738301	0.008738301	NA	0.192	0.019	0.019	NA	MS	K	NA	NA	NA	True	True	eker14	EB	1	-0.7166987712964504	0.04098122659414305	0.045255125574754085
SW_CMa A	2.24	0.014	0.014	3.015	0.02	0.02	8200.0	150.0	150.0	0.49	0.15	0.15	NA	NA	NA	NA	3.83	0.007	0.007	NA	36.898	3.005	3.005	NA	MS	A	NA	NA	NA	True	True	eker14	EB	1	1.567002826524815	0.03400272165485507	0.03689281490837537
SW_CMa B	2.105	0.018	0.018	2.496	0.042	0.042	8100.0	150.0	150.0	0.61	0.15	0.15	NA	NA	NA	NA	3.967	0.015	0.015	NA	24.099	2.143	2.143	NA	MS	A	NA	NA	NA	True	True	eker14	EB	1	1.381999021683067	0.03699790947268111	0.040445799573489705
UX_Men A	1.235	0.006	0.006	1.349	0.013	0.013	6200.0	100.0	100.0	0.04	0.1	0.1	NA	NA	NA	NA	4.272	0.003	0.003	NA	2.415	0.173	0.173	NA	MS	F	NA	NA	NA	True	True	eker14	EB	1	0.38291713508753095	0.030047136909131855	0.0322815268285766
UX_Men B	1.196	0.007	0.007	1.275	0.013	0.013	6150.0	100.0	100.0	0.04	0.1	0.1	NA	NA	NA	NA	4.306	0.01	0.01	NA	2.089	0.155	0.155	NA	MS	F	NA	NA	NA	True	True	eker14	EB	1	0.3199384399803086	0.03108441260381517	0.03348197023332572
V1130_Tau A	1.392	0.008	0.008	1.784	0.011	0.011	6625.0	70.0	70.0	-0.25	0.1	0.1	NA	NA	NA	NA	4.08	0.006	0.006	NA	5.508	0.26	0.26	NA	MS	F	NA	NA	NA	True	True	eker14	EB	1	0.740993931584886	0.020031320126486563	0.021000105217282128
V1130_Tau B	1.306	0.008	0.008	1.49	0.01	0.01	6650.0	70.0	70.0	-0.25	0.1	0.1	NA	NA	NA	NA	4.208	0.006	0.006	NA	3.899	0.184	0.184	NA	MS	F	NA	NA	NA	True	True	eker14	EB	1	0.5909532351879857	0.02002614473501141	0.020994417091391604
V505_Per A	1.272	0.001	0.001	1.288	0.014	0.014	6512.0	21.0	21.0	-0.12	0.03	0.03	NA	NA	NA	NA	4.32	0.01	0.01	NA	2.679	0.069	0.069	NA	MS	F	NA	NA	NA	True	True	eker14	EB	1	0.4279727136082088	0.011044014779303946	0.01133220626992787
V505_Per B	1.254	0.001	0.001	1.267	0.014	0.014	6462.0	12.0	12.0	-0.12	0.03	0.03	NA	NA	NA	NA	4.33	0.01	0.01	NA	2.512	0.059	0.059	NA	MS	F	NA	NA	NA	True	True	eker14	EB	1	0.40001963506515853	0.010082441577702106	0.010322086858772839
V565_Lyr A	0.995	0.003	0.003	1.101	0.007	0.007	5600.0	95.0	95.0	0.28	0.05	0.05	NA	NA	NA	NA	4.352	0.005	0.005	NA	1.072	0.079	0.079	NA	MS	G	NA	NA	NA	True	True	eker14	EB	1	0.03019478535675124	0.03088053827304057	0.03324553686137002
V565_Lyr B	0.929	0.003	0.003	0.971	0.009	0.009	5430.0	125.0	125.0	0.28	0.05	0.05	NA	NA	NA	NA	4.432	0.008	0.008	NA	0.736	0.077	0.077	NA	MS	G	NA	NA	NA	True	True	eker14	EB	1	-0.13312218566250114	0.043212731256569284	0.047992399743488984
V568_Lyr A	1.075	0.008	0.008	1.4	0.016	0.016	5665.0	100.0	100.0	0.28	0.05	0.05	NA	NA	NA	NA	4.178	0.01	0.01	NA	1.811	0.143	0.143	NA	MS	G	NA	NA	NA	True	True	eker14	EB	1	0.2579184503140584	0.03300610906869583	0.03572240401233853
V568_Lyr B	0.827	0.004	0.004	0.768	0.006	0.006	4900.0	100.0	100.0	0.28	0.05	0.05	NA	NA	NA	NA	4.586	0.008	0.008	NA	0.305	0.028	0.028	NA	MS	K	NA	NA	NA	True	True	eker14	EB	1	-0.5157001606532142	0.038144394159534134	0.04182007028233725
V636_Cen A	1.052	0.005	0.005	1.024	0.004	0.004	5900.0	85.0	85.0	-0.2	0.08	0.08	NA	NA	NA	NA	4.444	0.004	0.004	NA	1.14	0.07	0.07	NA	MS	G	NA	NA	NA	True	True	eker14	EB	1	0.05690485133647256	0.025880518979977514	0.02752107365126298
V636_Cen B	0.854	0.003	0.003	0.835	0.004	0.004	5000.0	100.0	100.0	-0.2	0.08	0.08	NA	NA	NA	NA	4.532	0.005	0.005	NA	0.391	0.034	0.034	NA	MS	K	NA	NA	NA	True	True	eker14	EB	1	-0.40782324260413316	0.03621217265444476	0.03950854128367365
VZ_Cep A	1.402	0.015	0.015	1.558	0.012	0.012	6670.0	160.0	160.0	0.06	0.09	0.09	NA	NA	NA	NA	4.213	0.008	0.008	NA	4.315	0.46	0.46	NA	MS	F	NA	NA	NA	True	True	eker14	EB	1	0.6349808000512285	0.043992575868536665	0.04895641766425263
VZ_Cep B	1.108	0.008	0.008	1.058	0.04	0.04	5720.0	120.0	120.0	0.06	0.09	0.09	NA	NA	NA	NA	4.446	0.033	0.033	NA	1.076	0.137	0.137	NA	MS	G	NA	NA	NA	True	True	eker14	EB	1	0.0318122713303704	0.052048529536202606	0.05914667906425945
WZ_Oph A	1.227	0.007	0.007	1.401	0.012	0.012	6165.0	100.0	100.0	-0.27	0.07	0.07	NA	NA	NA	NA	4.234	0.008	0.008	NA	2.547	0.182	0.182	NA	MS	F	NA	NA	NA	True	True	eker14	EB	1	0.40602894496361513	0.02997459070628139	0.03219779988978472
WZ_Oph B	1.22	0.006	0.006	1.419	0.012	0.012	6115.0	100.0	100.0	-0.27	0.07	0.07	NA	NA	NA	NA	4.221	0.008	0.008	NA	2.529	0.181	0.181	NA	MS	F	NA	NA	NA	True	True	eker14	EB	1	0.40294882934440474	0.030020461530000986	0.03225073676882789
YZ_Cas A	2.308	0.01	0.01	2.547	0.03	0.03	9200.0	300.0	300.0	0.1	0.06	0.06	NA	NA	NA	NA	3.995	0.01	0.01	NA	41.687	6.397	6.397	NA	MS	A	NA	NA	NA	True	True	eker14	EB	1	1.6200006423000677	0.06199994618025695	0.07234898394009859
YZ_Cas B	1.347	0.01	0.01	1.359	0.02	0.02	6700.0	250.0	250.0	0.1	0.06	0.06	NA	NA	NA	NA	4.307	0.013	0.013	NA	3.342	0.603	0.603	NA	MS	F	NA	NA	NA	True	True	eker14	EB	1	0.5240064455573725	0.07204056198806663	0.08641441330341115
KIC7177553_A	1.043	0.014	0.014	0.94	0.005	0.005	5800.0	130.0	130.0	0.204	0.013	0.013	LAMOST_DR11	NA	NA	NA	4.51	0.007	0.007	0.0	0.90087	0.08407	0.07868	1.0	MS	G2V	36.76	0.15	0.025571273	True	True	Eker14+18	EB	3	-0.04533787534286414	0.03874765054851542	0.03968993434760151
KIC7177553_B	0.986	0.015	0.015	0.941	0.005	0.005	5740.0	140.0	140.0	0.204	0.013	0.013	LAMOST_DR11	NA	NA	NA	4.485	0.008	0.008	0.0	0.86601	0.08811	0.08196	1.0	MS	G2V	36.76	0.15	0.025598477	True	True	Eker14+18	EB	3	-0.06247709306377985	0.04208009256914226	0.0431791477827884
TV_Cet_A	1.385	0.052	0.052	1.484	0.02	0.02	6902.0	150.0	150.0	-0.122	0.005	0.005	LAMOST_DR11	NA	NA	NA	4.237	0.02	0.02	0.0	4.50259	0.42242	0.39756	1.0	MS	F2V	25.15	0.25	0.059005964	True	True	Eker14+18	EB	2	0.6534624024716328	0.03894471417730938	0.04014606713387148
TV_Cet_B	1.265	0.051	0.051	1.221	0.01	0.01	6575.0	150.0	150.0	-0.122	0.005	0.005	LAMOST_DR11	NA	NA	NA	4.367	0.019	0.019	0.0	2.5102	0.2406	0.2251	1.0	MS	F5V	25.15	0.25	0.048548708	True	True	Eker14+18	EB	2	0.39970832524042094	0.03975069042956403	0.04080311492737376
CU_Cnc_A	0.4358	0.0008	0.0008	0.4317	0.0052	0.0052	3160.0	150.0	150.0	0.2	0.2	0.2	NA	NA	NA	NA	4.804	0.011	0.011	0.0	0.0167	0.0035	0.0029	0.0	MS	M3.5 Ve	7.8	0.007	0.055346154	True	True	Hahlin24	EB	3	-1.7772835288524167	0.08263489829904036	0.08283738474634683
CU_Cnc_B	0.3998	0.0014	0.0014	0.3908	0.0094	0.0094	3125.0	150.0	150.0	0.2	0.2	0.2	NA	NA	NA	NA	4.854	0.021	0.021	0.0	0.0131	0.0029	0.0023	0.0	MS	M3.5 Ve	7.8	0.007	0.050102564	True	True	Hahlin24	EB	3	-1.8827287043442358	0.08684868700016057	0.08384754016881457
HAT-TR-318-007_A	0.448	0.011	0.011	0.4548	0.0035	0.0036	3190.0	110.0	110.0	0.298	0.08	0.08	NA	NA	NA	NA	4.774	0.0056	0.0058	0.0	0.0193	0.0029	0.0025	0.0	MS	M3.71+/-0.69	8.436	0.06	0.053912883	True	True	Hartman18	EB	3	-1.7144426909922261	0.060795665442864744	0.06024802728191103
HAT-TR-318-007_B	0.2721	0.0041	0.0042	0.2913	0.0023	0.0024	3100.0	110.0	110.0	0.298	0.08	0.08	NA	NA	NA	NA	4.9442	0.0038	0.0039	0.0	0.0071	0.0011	0.0009	0.0	MS	M5.01+/-0.73 	8.436	0.06	0.034531273	True	True	Hartman18	EB	3	-2.1487416512809245	0.06255550366464124	0.05886665922082157
KIC10191056_Aa	1.564	0.012	0.012	1.976	0.022	0.022	6584.3	155.3	155.3	0.122	0.007	0.007	NA	NA	NA	NA	4.041	0.009	0.009	0.0	6.61161	0.67712	0.6196	1.0	MS	NA	10.938	0.033	0.180654599	True	True	Helminiak19	EB	3	0.8203072278632161	0.04234463487985429	0.042734698381886926
KIC10191056_Ab	1.413	0.016	0.016	1.659	0.03	0.03	6584.3	155.3	155.3	0.122	0.007	0.007	NA	NA	NA	NA	4.149	0.016	0.016	0.0	4.66043	0.46229	0.45606	1.0	MS	NA	10.938	0.033	0.151673066	True	True	Helminiak19	EB	3	0.6684259892247117	0.04107462943160711	0.04472506067738258
KIC10583181_A	1.559	0.036	0.036	1.882	0.014	0.014	6730.0	140.0	140.0	-0.23	0.007	0.007	NA	-0.01	0.07	0.07	4.082	0.005	0.005	0.0	6.67	0.57	0.57	0.0	MS	NA	11.095	0.075	0.169625958	True	True	Helminiak19	EB	3	0.8241258339165489	0.035612732280598025	0.03879599890578189
KIC10583181_B	0.96	0.016	0.016	0.98	0.01	0.01	5754.7	127.2	127.2	-0.23	0.007	0.007	NA	-0.01	0.07	0.07	4.438	0.007	0.007	0.0	0.94894	0.09153	0.08341	1.0	MS	NA	11.095	0.075	0.088328076	True	True	Helminiak19	EB	3	-0.022761246469113827	0.03999080913085251	0.03995662804545928
KIC10987439_A	0.9862	0.0034	0.0034	0.932	0.015	0.015	6477.8	161.7	161.7	-0.158	0.012	0.012	NA	-0.03	0.05	0.05	4.493	0.014	0.014	0.0	1.37796	0.17054	0.13963	1.0	MS	NA	27.352	0.029	0.034074291	True	True	Helminiak19	EB	3	0.13923661087246963	0.050674598820335925	0.0464002165266723
KIC10987439_B	1.4215	0.0045	0.0045	1.512	0.031	0.031	6490.0	90.0	90.0	-0.158	0.012	0.012	NA	-0.03	0.05	0.05	4.232	0.018	0.018	0.0	3.55	0.25	0.25	0.0	MS	NA	27.352	0.029	0.055279321	True	True	Helminiak19	EB	3	0.5502283530550941	0.029555243561716016	0.03171441317720669
KIC11922782_A	1.067	0.01	0.01	1.501	0.057	0.057	5990.0	110.0	110.0	-0.223	0.012	0.012	NA	-0.22	0.06	0.06	4.114	0.033	0.033	0.0	2.61	0.27	0.27	0.0	MS	NA	12.056	0.034	0.124502322	True	True	Helminiak19	EB	3	0.41664050733828095	0.04275198042094991	0.04742464992813816
KIC9641031_A	1.2102	0.0076	0.0076	1.244	0.0023	0.0023	6260.0	120.0	120.0	-0.437	0.012	0.012	NA	-0.07	0.09	0.09	4.331	0.016	0.016	0.0	2.14	0.18	0.17	0.0	MS	NA	9.145	0.016	0.136030618	True	True	Helminiak19	EB	3	0.33041377334919086	0.035074211541708866	0.035947547187597906
KIC9641031_B	0.9512	0.0039	0.0039	0.9	0.024	0.024	5490.0	240.0	240.0	-0.437	0.012	0.012	NA	-0.07	0.09	0.09	4.508	0.023	0.023	0.0	0.66	0.13	0.11	0.0	MS	NA	9.145	0.016	0.098414434	True	True	Helminiak19	EB	3	-0.1804560644581313	0.07808315574857276	0.0791812460476248
NGC_2506_V5_A	0.945	0.004	0.003	0.68	0.04	0.04	5690.0	140.0	120.0	-0.36	0.01	0.01	NA	NA	NA	NA	4.75	0.05	0.05	1.0	0.43668	0.05233	0.06132	1.0	MS	NA	9.04	0.1	0.075221239	True	True	Knudstrup20	EB	3	-0.35983669836613974	0.049154438676699164	0.065715311198425
NGC_2506_V5_B	0.707	0.004	0.003	0.61	0.021	0.016	4940.0	110.0	60.0	-0.36	0.01	0.01	NA	NA	NA	NA	4.72	0.03	0.02	1.0	0.19965	0.01913	0.01405	1.0	MS	NA	9.04	0.1	0.067477876	True	True	Knudstrup20	EB	3	-0.6997306854696437	0.03973830346631668	0.031691342647513054
PTFEB132.707+19.810_A	0.3953	0.002	0.002	0.363	0.008	0.008	3260.0	70.0	70.0	0.14	0.04	0.04	NA	NA	NA	NA	4.92	0.02	0.02	1.0	0.0137	0.001	0.001	0.0	MS	M3.5±0.2	11.77	0.01	0.030832796	True	True	Kraus17	EB	3	-1.8632794328435933	0.030596767591769547	0.03291684620044988
PTFEB132.707+19.810_B	0.2098	0.0014	0.0014	0.272	0.012	0.012	3120.0	80.0	80.0	0.14	0.04	0.04	NA	NA	NA	NA	4.89	0.04	0.04	1.0	0.005	0.0015	0.0015	0.0	MS	M4.3±0.7	11.77	0.01	0.023103362	True	True	Kraus17	EB	3	-2.3010299956639813	0.11394335230683694	0.15490195998574308
EPIC201367296	1.15	0.04	0.04	1.73	0.04	0.04	5718.0	71.0	71.0	0.21	0.08	0.08	NA	NA	NA	NA	4.018	0.013	0.013	NA	2.7	0.342211612	0.342211612	NA	MS	G	NA	NA	NA	NA	NA	lund16	A	1	0.43136376415898736	0.0518256555275996	0.05885893967128658
EPIC201367904	1.3	0.05	0.05	2.08	0.05	0.05	6251.0	78.0	78.0	-0.02	0.08	0.08	NA	NA	NA	NA	3.916	0.013	0.013	NA	6.664	0.597819169	0.597819169	NA	MS	F	NA	NA	NA	NA	NA	lund16	A	1	0.8237349883987312	0.037310441680309836	0.04081963604510375
EPIC201820830	1.29	0.08	0.08	1.74	0.05	0.05	6420.0	71.0	71.0	-0.07	0.11	0.11	NA	NA	NA	NA	4.063	0.016	0.016	NA	4.555	0.353974438	0.353974438	NA	MS	F	NA	NA	NA	NA	NA	lund16	A	1	0.658488381309017	0.03250238933954863	0.03513305720930837
EPIC201860743	1.14	0.05	0.05	1.88	0.03	0.03	5926.0	78.0	78.0	-0.02	0.11	0.11	NA	NA	NA	NA	3.945	0.014	0.014	NA	4.119	0.374560309	0.374560309	NA	MS	G	NA	NA	NA	NA	NA	lund16	A	1	0.6147917919564175	0.0377987828652	0.04140495184677839
EPIC204356572	1.18	0.07	0.07	1.5	0.04	0.04	6316.0	78.0	78.0	-0.07	0.08	0.08	NA	NA	NA	NA	4.157	0.015	0.015	NA	3.422	0.297267427	0.297267427	NA	MS	F	NA	NA	NA	NA	NA	lund16	A	1	0.5342800052050815	0.036177401412783916	0.03946715057785766
EPIC204506926	1.08	0.05	0.05	1.41	0.02	0.02	5705.0	78.0	78.0	0.38	0.08	0.08	NA	NA	NA	NA	4.172	0.013	0.013	NA	2.374	0.207373528	0.207373528	NA	MS	G	NA	NA	NA	NA	NA	lund16	A	1	0.3754807146185724	0.036370137430863314	0.03969666953408241
EPIC204550630	1.17	0.04	0.04	1.37	0.03	0.03	6199.0	65.0	65.0	-0.13	0.08	0.08	NA	NA	NA	NA	4.228	0.014	0.014	NA	3.635	0.304111216	0.304111216	NA	MS	F	NA	NA	NA	NA	NA	lund16	A	1	0.5605044151950566	0.034893827562102464	0.03794428304469333
EPIC204624076	1.22	0.05	0.05	1.83	0.04	0.04	6381.0	71.0	71.0	-0.13	0.11	0.11	NA	NA	NA	NA	4.0	0.014	0.014	NA	6.112	0.47828118	0.47828118	NA	MS	F	NA	NA	NA	NA	NA	lund16	A	1	0.7861833455676335	0.032720598968305925	0.03538817809888006
EPIC204926239	1.44	0.05	0.05	2.45	0.05	0.05	6225.0	71.0	71.0	0.1	0.08	0.08	NA	NA	NA	NA	3.817	0.012	0.012	NA	6.714	0.596776978	0.596776978	NA	MS	F	NA	NA	NA	NA	NA	lund16	A	1	0.8269813369119937	0.036982198640418296	0.04042702259723707
EPIC205962429	1.15	0.04	0.04	1.79	0.04	0.04	6082.0	65.0	65.0	-0.24	0.08	0.08	NA	NA	NA	NA	3.99	0.012	0.012	NA	4.372	0.372936225	0.372936225	NA	MS	F	NA	NA	NA	NA	NA	lund16	A	1	0.6406801532776651	0.03555022632722349	0.03872182318522066
EPIC205974115	1.15	0.04	0.04	1.36	0.03	0.03	6121.0	71.0	71.0	-0.07	0.08	0.08	NA	NA	NA	NA	4.23	0.012	0.012	NA	3.386	0.460929318	0.460929318	NA	MS	F	NA	NA	NA	NA	NA	lund16	A	1	0.5296869537729164	0.05542725304739693	0.06355058884815812
EPIC205995584	1.31	0.07	0.07	1.71	0.04	0.04	6433.0	71.0	71.0	-0.07	0.08	0.08	NA	NA	NA	NA	4.082	0.013	0.013	NA	4.784	0.382916107	0.382916107	NA	MS	F	NA	NA	NA	NA	NA	lund16	A	1	0.6797911709803545	0.03344023916938066	0.0362315238626002
EPIC206009487	1.03	0.05	0.05	1.49	0.04	0.04	5926.0	71.0	71.0	-0.24	0.08	0.08	NA	NA	NA	NA	4.101	0.012	0.012	NA	1.949	0.164977136	0.164977136	NA	MS	G	NA	NA	NA	NA	NA	lund16	A	1	0.28981183911762143	0.03528844670963649	0.03841142313278373
EPIC206064678	1.01	0.04	0.04	0.98	0.02	0.02	5562.0	71.0	71.0	0.26	0.11	0.11	NA	NA	NA	NA	4.453	0.013	0.013	NA	0.9558	0.088951639	0.088951639	NA	MS	G	NA	NA	NA	NA	NA	lund16	A	1	-0.01963297381522487	0.03864603494995755	0.04242389380746342
EPIC206064711	1.27	0.05	0.05	1.57	0.03	0.03	6563.0	71.0	71.0	-0.18	0.08	0.08	NA	NA	NA	NA	4.147	0.011	0.011	NA	3.997	0.308407549	0.308407549	NA	MS	F	NA	NA	NA	NA	NA	lund16	A	1	0.6017341482601049	0.03228011970246647	0.03487347515840822
EPIC206070413	1.23	0.07	0.07	1.52	0.04	0.04	6446.0	71.0	71.0	-0.13	0.08	0.08	NA	NA	NA	NA	4.16	0.014	0.014	NA	3.855	0.316837613	0.316837613	NA	MS	F	NA	NA	NA	NA	NA	lund16	A	1	0.5860243823869757	0.03430301296901106	0.037246621037795635
EPIC206078331	0.94	0.04	0.04	1.13	0.03	0.03	5809.0	78.0	78.0	-0.18	0.11	0.11	NA	NA	NA	NA	4.306	0.012	0.012	NA	1.423	0.123992981	0.123992981	NA	MS	G	NA	NA	NA	NA	NA	lund16	A	1	0.15320490008428433	0.03628344314327722	0.03959340235634273
EPIC206088888	1.08	0.06	0.06	1.3	0.03	0.03	5965.0	71.0	71.0	-0.02	0.08	0.08	NA	NA	NA	NA	4.242	0.012	0.012	NA	2.132	0.179668843	0.179668843	NA	MS	G	NA	NA	NA	NA	NA	lund16	A	1	0.3287872003545347	0.03513841920422517	0.038233715169551485
EPIC206094605	1.4	0.11	0.11	2.01	0.07	0.07	6537.0	78.0	78.0	0.04	0.08	0.08	NA	NA	NA	NA	3.979	0.014	0.014	NA	6.616	0.579248511	0.579248511	NA	MS	F	NA	NA	NA	NA	NA	lund16	A	1	0.8205954965444903	0.03645030174094388	0.03979219863990602
EPIC206107253	1.16	0.03	0.03	1.31	0.02	0.02	6290.0	65.0	65.0	-0.18	0.08	0.08	NA	NA	NA	NA	4.267	0.01	0.01	NA	2.481	0.208415083	0.208415083	NA	MS	F	NA	NA	NA	NA	NA	lund16	A	1	0.3946267642722091	0.03503107192076865	0.03810664430537486
EPIC206108325	1.3	0.05	0.05	2.15	0.05	0.05	6433.0	71.0	71.0	-0.18	0.11	0.11	NA	NA	NA	NA	3.887	0.014	0.014	NA	7.835	3.439729669	3.439729669	NA	MS	F	NA	NA	NA	NA	NA	lund16	A	1	0.894039000804609	0.15806713691443142	0.25105340930128683
EPIC206189649	1.17	0.06	0.06	2.0	0.05	0.05	6082.0	78.0	78.0	-0.18	0.11	0.11	NA	NA	NA	NA	3.907	0.012	0.012	NA	8.906	1.59769483	1.59769483	NA	MS	F	NA	NA	NA	NA	NA	lund16	A	1	0.9496826907952042	0.07165940465747622	0.08586601707366315
EPIC206201061	1.41	0.1	0.1	1.97	0.06	0.06	6589.0	71.0	71.0	-0.02	0.11	0.11	NA	NA	NA	NA	3.997	0.013	0.013	NA	5.989	0.544008622	0.544008622	NA	MS	F	NA	NA	NA	NA	NA	lund16	A	1	0.7773543130842088	0.037758918270237474	0.041357116685709294
EPIC206245055	0.88	0.04	0.04	0.93	0.02	0.02	5835.0	71.0	71.0	-0.35	0.08	0.08	NA	NA	NA	NA	4.444	0.012	0.012	NA	1.027	0.088155323	0.088155323	NA	MS	G	NA	NA	NA	NA	NA	lund16	A	1	0.01157044359727816	0.035764918158056574	0.03897669531570197
EPIC206289767	1.36	0.08	0.08	2.06	0.06	0.06	6368.0	78.0	78.0	0.04	0.11	0.11	NA	NA	NA	NA	3.94	0.013	0.013	NA	6.726	0.567887631	0.567887631	NA	MS	F	NA	NA	NA	NA	NA	lund16	A	1	0.8277568629786168	0.03520220534757601	0.038309253632062945
EPIC206368174	1.32	0.08	0.08	1.78	0.05	0.05	6212.0	65.0	65.0	0.1	0.06	0.06	NA	NA	NA	NA	4.05	0.013	0.013	NA	4.479	0.385317387	0.385317387	NA	MS	F	NA	NA	NA	NA	NA	lund16	A	1	0.6511810624446879	0.03584084159255574	0.039066894065929
EPIC206371648	0.83	0.03	0.03	0.93	0.02	0.02	5549.0	65.0	65.0	-0.24	0.08	0.08	NA	NA	NA	NA	4.421	0.016	0.016	NA	1.218	0.192773285	0.192773285	NA	MS	G	NA	NA	NA	NA	NA	lund16	A	1	0.08564728829685654	0.06380993879234707	0.07482737394313627
EPIC206453540	1.42	0.08	0.08	1.87	0.05	0.05	6524.0	78.0	78.0	-0.02	0.11	0.11	NA	NA	NA	NA	4.044	0.011	0.011	NA	6.053	0.502935082	0.502935082	NA	MS	F	NA	NA	NA	NA	NA	lund16	A	1	0.781970673912552	0.034663970548330925	0.037672610904418424
HIP_41378	1.22	0.03	0.02	1.3	0.009	0.009	6290.0	77.0	77.0	-0.05	0.1	0.1	NA	NA	NA	NA	4.298	0.004	0.004	0.0	2.38333	0.12682	0.1192	1.0	MS	F	NA	NA	NA	NA	NA	Lund19	A	3	0.3771841796761236	0.02251549488293203	0.022282820471825282
HD24465_A	1.337	0.008	0.008	1.444	0.004	0.004	6250.0	100.0	100.0	0.3	0.15	0.15	NA	NA	NA	NA	4.245	0.0036	0.0036	0.0	2.86648	0.18792	0.1798	1.0	MS	F8	18.3	0.04	0.078907104	True	True	MartinDec24	EB	3	0.45734891596245075	0.027576995087140843	0.028132973574768183
HD24465_B	0.2302	0.00092	0.00092	0.24235	0.00069	0.00069	3114.0	32.0	32.0	0.3	0.15	0.15	NA	NA	NA	NA	5.029	0.007	0.007	0.0	0.00498	0.00021	0.0002	1.0	MS	M	18.3	0.04	0.013243169	True	True	MartinDec24	EB	3	-2.3027706572402824	0.01793801508874049	0.01780144614759882
CM_Dra_A	0.22507	0.00024	0.00024	0.25113	0.00016	0.00016	3130.0	70.0	70.0	-0.3	0.12	0.12	NA	NA	NA	NA	4.994	0.007	0.007	0.0	0.00552	0.0005	0.00046	0.0	MS	M4.5	3.7404	0.0014	0.067139338	True	True	MartinFeb24	EB	3	-2.258060922270801	0.037657413528625394	0.03778856088939975
CM_Dra_B	0.21017	0.00028	0.00028	0.23732	0.00014	0.00014	3120.0	70.0	70.0	-0.3	0.12	0.12	NA	NA	NA	NA	5.009	0.006	0.006	0.0	0.00486	0.00067	0.00059	0.0	MS	M4.5	3.7404	0.0014	0.06344725	True	True	MartinFeb24	EB	3	-2.3133637307377066	0.05608886204240493	0.056208394237269754
HD22064_A	1.345	0.031	0.031	1.554	0.014	0.014	6763.0	40.0	40.0	-0.1812	0.0058	0.0058	APOGEE2_DR17	-0.05	0.15	0.15	4.184	0.006	0.006	0.0	4.55	0.06	0.06	0.0	MS	F2	22.9	0.7	0.067973941	True	True	Maxted23	EB	3	0.6580113966571124	0.005689528732535698	0.005765055653789153
BEPOP-3_A	1.084	0.026	0.026	1.386	0.01	0.01	6065.0	36.0	36.0	-0.02	0.1	0.1	NA	NA	NA	NA	4.1895	0.0041	0.0041	0.0	2.345	0.033	0.033	0.0	MS	F9	26.0	0.16	0.053369272	True	True	Maxted25	EB	3	0.3701428470511021	0.006069003231570669	0.006155017302610644
BEPOP-3_B	0.262	0.004	0.004	0.274	0.002	0.002	3191.0	32.0	32.0	-0.02	0.1	0.1	NA	NA	NA	NA	4.979	0.0016	0.0016	0.0	0.00705	0.00035	0.00033	0.0	MS	M	26.0	0.16	0.010550635	True	True	Maxted25	EB	3	-2.151810883008601	0.021042602739577365	0.020819843937573523
ASAS_J051753-5406.0_A	1.3094	0.0051	0.0051	1.9288	0.003	0.003	6462.0	43.0	43.0	0.0	0.2	0.2	NA	NA	NA	NA	3.9836	0.0012	0.0012	0.0	5.83	0.15	0.15	0.0	MS	F	49.718	0.09	0.038794803	True	True	Miller22	EB	3	0.7656685547590141	0.01103262922939685	0.011320219047995184
ASAS_J051753-5406.0_B	1.0896	0.0034	0.0034	1.1815	0.0037	0.0037	6331.0	43.0	43.0	0.0	0.2	0.2	NA	NA	NA	NA	4.3297	0.0026	0.0026	0.0	2.02	0.06	0.06	0.0	MS	F	49.718	0.09	0.023764029	True	True	Miller22	EB	3	0.3053513694466238	0.012711965516137791	0.013095298090147756
LL_Aqr_A	1.1947	0.0009	0.0009	1.318	0.0013	0.0013	6242.0	51.0	51.0	0.04	0.05	0.05	NA	NA	NA	NA	4.2755	0.0009	0.0009	0.0	2.38	0.08	0.08	0.0	MS	F9	40.744	0.007	0.032348321	True	True	Miller26	EB	2	0.37657695705651195	0.01435815004686719	0.01484912103891911
LL_Aqr_B	1.0334	0.0006	0.0006	0.9927	0.0008	0.0008	5839.0	45.0	45.0	0.05	0.08	0.08	NA	NA	NA	NA	4.4587	0.0008	0.0008	0.0	1.03	0.03	0.03	0.0	MS	G3	40.744	0.007	0.024364324	True	True	Miller26	EB	2	0.012837224705172217	0.012468640559598045	0.012837224705172217
TIC100520485_A	1.218	0.015	0.015	1.639	0.041	0.041	6090.0	127.0	127.0	-0.42	0.05	0.05	NA	NA	NA	NA	4.08	0.02	0.02	0.0	3.31	0.1	0.1	0.0	MS	NA	16.45	0.01	0.099635258	True	True	MWang25	EB	3	0.5198279937757188	0.012926385216779024	0.013322961370846653
TIC100520485_B	1.015	0.015	0.015	1.14	0.044	0.044	6209.0	144.0	144.0	-0.42	0.05	0.05	NA	NA	NA	NA	4.33	0.03	0.03	0.0	1.73	0.09	0.08	0.0	MS	NA	16.45	0.01	0.069300912	True	True	MWang25	EB	3	0.2380461031287954	0.022025284856279387	0.020562158914889134
TIC126323537_A	1.145	0.047	0.047	1.666	0.027	0.027	6787.0	133.0	133.0	-0.53	0.05	0.05	NA	NA	NA	NA	4.05	0.01	0.01	0.0	5.28	0.14	0.13	0.0	MS	NA	8.34	0.01	0.199760192	True	True	MWang25	EB	3	0.7226339225338123	0.011365364004574552	0.01082669349262122
TIC126323537_B	1.141	0.016	0.016	1.481	0.049	0.049	6605.0	189.0	189.0	-0.53	0.05	0.05	NA	NA	NA	NA	4.15	0.02	0.02	0.0	3.74	0.14	0.14	0.0	MS	NA	8.34	0.01	0.177577938	True	True	MWang25	EB	3	0.5728716022004802	0.0159601233937271	0.0165691014331929
TIC189069314_A	1.126	0.069	0.069	1.439	0.047	0.047	6286.0	108.0	108.0	-0.32	0.03	0.03	NA	NA	NA	NA	4.17	0.01	0.01	0.0	2.9	0.09	0.09	0.0	MS	NA	14.49	0.01	0.099309869	True	True	MWang25	EB	3	0.4623979978989561	0.013273190425473536	0.013691677993876161
TIC189069314_B	0.96	0.054	0.054	1.023	0.035	0.035	5739.0	117.0	117.0	-0.32	0.03	0.03	NA	NA	NA	NA	4.4	0.03	0.03	0.0	1.01	0.04	0.04	0.0	MS	NA	14.49	0.01	0.070600414	True	True	MWang25	EB	3	0.004321373782642578	0.016867925287295513	0.01754963951639774
TIC327361036_A	1.443	0.022	0.022	2.146	0.094	0.094	7553.0	126.0	126.0	0.08	0.04	0.04	NA	NA	NA	NA	3.93	0.04	0.04	0.0	12.45	0.59	0.56	0.0	MS	NA	19.1	0.27	0.112356021	True	True	MWang25	EB	3	1.095169351431755	0.020108239964146346	0.019987496813063554
TIC327361036_B	1.272	0.021	0.021	1.19	0.063	0.063	7585.0	191.0	191.0	0.08	0.04	0.04	NA	NA	NA	NA	4.39	0.05	0.05	0.0	4.23	0.25	0.24	0.0	MS	NA	19.1	0.27	0.062303665	True	True	MWang25	EB	3	0.6263403673750424	0.024937646623101606	0.02536747168829412
TIC369605666_A	0.995	0.014	0.014	1.041	0.036	0.036	6116.0	108.0	108.0	-0.05	0.01	0.01	NA	NA	NA	NA	4.4	0.03	0.03	0.0	1.36	0.05	0.05	0.0	MS	NA	10.17	0.01	0.102359882	True	True	MWang25	EB	3	0.13353890837021754	0.015680204285162397	0.01626761271445326
TIC369605666_B	0.827	0.024	0.024	0.789	0.044	0.044	5486.0	116.0	116.0	-0.05	0.01	0.01	NA	NA	NA	NA	4.56	0.05	0.05	0.0	0.51	0.04	0.03	0.0	MS	NA	10.17	0.01	0.077581121	True	True	MWang25	EB	3	-0.2924298239020636	0.03279251339630751	0.02632893872234915
TIC39022841_A	0.856	0.048	0.048	0.929	0.059	0.059	5914.0	101.0	101.0	-0.19	0.03	0.03	NA	NA	NA	NA	4.44	0.02	0.02	0.0	0.95	0.06	0.06	0.0	MS	NA	21.59	0.19	0.04302918	True	True	MWang25	EB	3	-0.022276394711152253	0.026597768493794832	0.02833359864393501
TIC431925451_A	1.426	0.079	0.079	1.488	0.09	0.09	6989.0	131.0	131.0	-0.2	0.02	0.02	NA	NA	NA	NA	4.25	0.05	0.05	0.0	4.74	0.3	0.29	0.0	MS	NA	14.19	0.01	0.104862579	True	True	MWang25	EB	3	0.6757783416740851	0.026652194771440207	0.02741833069315347
TIC446092483_A	1.342	0.019	0.019	2.194	0.069	0.069	6336.0	120.0	120.0	-0.25	0.01	0.01	NA	NA	NA	NA	3.88	0.03	0.03	0.0	6.07	0.21	0.21	0.0	MS	NA	26.92	0.05	0.081500743	True	True	MWang25	EB	3	0.7831886910752576	0.014770952661938619	0.01529107505716687
TIC446092483_B	1.486	0.028	0.028	1.459	0.077	0.077	6096.0	111.0	111.0	-0.25	0.01	0.01	NA	NA	NA	NA	4.28	0.04	0.04	0.0	2.41	0.14	0.13	0.0	MS	NA	26.92	0.05	0.054197623	True	True	MWang25	EB	3	0.3820170425748684	0.02452313785908683	0.024082195574414544
TIC46299496_A	1.123	0.028	0.028	1.13	0.018	0.018	6056.0	113.0	113.0	-0.56	0.03	0.03	NA	NA	NA	NA	4.38	0.01	0.01	0.0	1.54	0.04	0.04	0.0	MS	NA	11.99	0.01	0.094245204	True	True	MWang25	EB	3	0.18752072083646307	0.011136366117959567	0.01142946178078183
TIC46299496_B	1.053	0.026	0.026	1.02	0.04	0.04	5926.0	120.0	120.0	-0.56	0.03	0.03	NA	NA	NA	NA	4.44	0.02	0.02	0.0	1.15	0.05	0.05	0.0	MS	NA	11.99	0.01	0.085070892	True	True	MWang25	EB	3	0.06069784035361165	0.018483405694013168	0.019305155195386663
TIC54759992_A	1.236	0.042	0.042	1.255	0.028	0.028	6733.0	126.0	126.0	-0.53	0.03	0.03	NA	NA	NA	NA	4.33	0.01	0.01	0.0	2.9	0.09	0.09	0.0	MS	NA	9.62	0.05	0.13045738	True	True	MWang25	EB	3	0.4623979978989561	0.013273190425473536	0.013691677993876161
TIC54759992_B	1.03	0.011	0.011	0.98	0.035	0.035	5619.0	139.0	139.0	-0.53	0.03	0.03	NA	NA	NA	NA	4.48	0.03	0.03	0.0	0.86	0.04	0.04	0.0	MS	NA	9.62	0.05	0.101871102	True	True	MWang25	EB	3	-0.06550154875643228	0.01974405819575717	0.02068459885985105
KIC6147573_A	0.98	0.01	0.01	1.007	0.005	0.005	5699.0	100.0	100.0	-0.003	0.031	0.031	LAMOST_DR11	NA	NA	NA	4.422	0.003	0.003	0.0	0.95	0.12	0.1	0.0	MS	G3	46.0	0.2	0.021891304	True	True	Ozdarcan24	EB	3	-0.022276394711152253	0.05166017239636183	0.04830467957455503
KIC8543278_A	0.827	0.007	0.007	0.746	0.004	0.004	5270.0	90.0	90.0	-0.166	0.028	0.028	LAMOST_DR11	NA	NA	NA	4.611	0.004	0.004	0.0	0.39	0.05	0.04	0.0	MS	K0	18.64	0.05	0.040021459	True	True	Ozdarcan24	EB	3	-0.4089353929735008	0.052388069459688213	0.04699656267622354
KIC9762519_A	0.92	0.02	0.02	0.916	0.008	0.008	5750.0	90.0	90.0	-0.447	0.028	0.028	LAMOST_DR11	NA	NA	NA	4.48	0.005	0.005	0.0	0.83	0.1	0.09	0.0	MS	G7	18.9	0.1	0.048465608	True	True	Ozdarcan24	EB	3	-0.08092190762392612	0.04940485617786121	0.0498463726450977
KIC10003270	1.416	0.20746566	0.103232747	2.362	0.114947814	0.098478424	6594.0	69.0	69.0	-0.181	0.1	0.1	NA	NA	NA	NA	3.848	0.022135944	0.023086793	NA	9.847	0.935283685	0.935283685	NA	MS	F	NA	NA	NA	NA	NA	serenelli17	A	1	0.9933039379194745	0.03940681613679853	0.04334258468486396
KIC10016239	1.264	0.054037024	0.05964059	1.298	0.024698178	0.025553865	6482.0	51.0	51.0	-0.005	0.1	0.1	NA	NA	NA	NA	4.312	0.01077033	0.01077033	NA	2.567	0.21132721	0.21132721	NA	MS	F	NA	NA	NA	NA	NA	serenelli17	A	1	0.40942586867144337	0.034357523604541085	0.03731090317030378
KIC10019747	1.168	0.050990195	0.055605755	1.7	0.029206164	0.030805844	5769.0	65.0	65.0	0.204	0.1	0.1	NA	NA	NA	NA	4.044	0.010630146	0.010630146	NA	2.721	0.231861813	0.231861813	NA	MS	G	NA	NA	NA	NA	NA	serenelli17	A	1	0.4347285417797577	0.035514581698763814	0.03867953420865933
KIC10024648	1.444	0.087692645	0.137295302	2.0	0.050447993	0.060207973	6409.0	157.0	157.0	-0.006	0.1	0.1	NA	NA	NA	NA	3.994	0.014317821	0.016155494	NA	5.875	0.50241565	0.50241565	NA	MS	F	NA	NA	NA	NA	NA	serenelli17	A	1	0.7690078709437739	0.035636852240553685	0.03882462826898936
KIC10025841	1.121	0.133195345	0.096648849	1.521	0.094556861	0.085094066	5738.0	187.0	187.0	0.197	0.1	0.1	NA	NA	NA	NA	4.127	0.036221541	0.039204592	NA	3.181	0.271735078	0.271735078	NA	MS	G	NA	NA	NA	NA	NA	serenelli17	A	1	0.5025636691073634	0.035599587905117525	0.03878039855673798
KIC10070754	1.201	0.055217751	0.056859476	1.284	0.028635642	0.028635642	6550.0	58.0	58.0	-0.21	0.099	0.099	NA	NA	NA	NA	4.299	0.014866069	0.014866069	NA	2.492	0.206873468	0.206873468	NA	MS	F	NA	NA	NA	NA	NA	serenelli17	A	1	0.396548037987132	0.034634485903385304	0.03763778516640465
KIC10074716	1.217	0.074249579	0.092086915	1.465	0.046518813	0.045617979	6064.0	91.0	91.0	0.11	0.1	0.1	NA	NA	NA	NA	4.189	0.019313208	0.020248457	NA	2.686	0.224793258	0.224793258	NA	MS	F	NA	NA	NA	NA	NA	serenelli17	A	1	0.4291060083326965	0.034905352001921686	0.03795791224931283
KIC10079226	1.147	0.047010637	0.046097722	1.158	0.017088007	0.017088007	6078.0	50.0	50.0	0.106	0.099	0.099	NA	NA	NA	NA	4.37	0.007615773	0.007615773	NA	1.666	0.139281472	0.139281472	NA	MS	F	NA	NA	NA	NA	NA	serenelli17	A	1	0.22167499707076876	0.03486992784470444	0.03791602092083626
KIC10081026	1.354	0.078102497	0.074404301	2.341	0.092282176	0.086284413	6503.0	61.0	61.0	-0.244	0.101	0.101	NA	NA	NA	NA	3.83	0.02236068	0.02236068	NA	10.56	0.96611297	0.96611297	NA	MS	F	NA	NA	NA	NA	NA	serenelli17	A	1	1.0236639181977936	0.038018953685335255	0.04166931794497153
KIC10118942	1.184	0.061717096	0.060959003	2.14	0.060835845	0.059933296	6362.0	61.0	61.0	-0.325	0.072111026	0.072111026	NA	NA	NA	NA	3.85	0.016492423	0.016492423	NA	6.26	0.579917862	0.579917862	NA	MS	F	NA	NA	NA	NA	NA	serenelli17	A	1	0.7965743332104297	0.038476553261975965	0.04221971724901796
KIC10129349	1.381	0.057801384	0.057008771	1.534	0.041146081	0.039357337	6699.0	56.0	56.0	0.045	0.1	0.1	NA	NA	NA	NA	4.206	0.017720045	0.017720045	NA	4.248	0.367732675	0.367732675	NA	MS	F	NA	NA	NA	NA	NA	serenelli17	A	1	0.6281845080734126	0.036056140182089136	0.03932286140366548
KIC10147635	1.467	0.055470713	0.046872167	2.688	0.044654227	0.041400483	6155.0	66.0	66.0	-0.035	0.1	0.1	NA	NA	NA	NA	3.746	0.006708204	0.006708204	NA	9.718	0.857439331	0.857439331	NA	MS	F	NA	NA	NA	NA	NA	serenelli17	A	1	0.9875768947269874	0.03672152340669621	0.04011569115270297
KIC10186764	1.305	0.062968246	0.069814039	1.709	0.065192024	0.06239391	6488.0	74.0	74.0	-0.167	0.102	0.102	NA	NA	NA	NA	4.087	0.023194827	0.025179357	NA	3.867	0.346675422	0.346675422	NA	MS	F	NA	NA	NA	NA	NA	serenelli17	A	1	0.5873741720730654	0.03728690692959202	0.04079146429502034
KIC10214328	1.23	0.085146932	0.063031738	1.765	0.053907328	0.051662365	6923.0	80.0	80.0	-0.584	0.102	0.102	NA	NA	NA	NA	4.033	0.0234094	0.020615528	NA	6.189	0.470228183	0.470228183	NA	MS	F	NA	NA	NA	NA	NA	serenelli17	A	1	0.791620482692814	0.03180341385161578	0.03431771445437559
KIC10215584	1.068	0.06060528	0.06382006	1.139	0.029068884	0.029068884	5995.0	57.0	57.0	-0.015	0.1	0.1	NA	NA	NA	NA	4.352	0.017088007	0.017088007	NA	1.78	0.157131504	0.157131504	NA	MS	G	NA	NA	NA	NA	NA	serenelli17	A	1	0.250420002308894	0.036739101901683835	0.04013667273245189
KIC10273246	1.287	0.050990195	0.054451814	2.147	0.029	0.032015621	6342.0	59.0	59.0	-0.262	0.1	0.1	NA	NA	NA	NA	3.883	0.00781025	0.00781025	NA	6.403	0.567072116	0.567072116	NA	MS	F	NA	NA	NA	NA	NA	serenelli17	A	1	0.8063835018241675	0.0368537697342195	0.040273585253604804
KIC10319352	1.077	0.062201286	0.06060528	1.483	0.02884441	0.036674242	5659.0	63.0	63.0	0.197	0.099	0.099	NA	NA	NA	NA	4.128	0.017464249	0.016552945	NA	2.162	0.191534916	0.191534916	NA	MS	G	NA	NA	NA	NA	NA	serenelli17	A	1	0.3348556896172915	0.03686495607340279	0.0402869459043671
KIC10322381	1.138	0.068796802	0.06463745	1.401	0.066098411	0.059464275	6464.0	63.0	63.0	-0.361	0.1	0.1	NA	NA	NA	NA	4.199	0.028071338	0.029068884	NA	2.627	0.213321387	0.213321387	NA	MS	F	NA	NA	NA	NA	NA	serenelli17	A	1	0.4194600727860702	0.0339074111707201	0.03678063050971081
KIC10324098	1.326	0.172754161	0.073817342	2.11	0.081394103	0.06080296	6370.0	68.0	68.0	-0.118	0.101	0.101	NA	NA	NA	NA	3.912	0.016763055	0.015811388	NA	6.862	0.611014165	0.611014165	NA	MS	F	NA	NA	NA	NA	NA	serenelli17	A	1	0.8364507137201546	0.037045091736269464	0.040502198946019696
KIC10351059	1.47	0.072917762	0.072249567	1.819	0.045793013	0.04494441	6530.0	58.0	58.0	0.16	0.1	0.1	NA	NA	NA	NA	4.085	0.013928388	0.014866069	NA	5.568	0.459300526	0.459300526	NA	MS	F	NA	NA	NA	NA	NA	serenelli17	A	1	0.7456992266025056	0.03442361967369845	0.037388871115839106
KIC10385708	1.227	0.128160056	0.054561891	1.766	0.048846699	0.040706265	6036.0	55.0	55.0	0.121	0.1	0.1	NA	NA	NA	NA	4.033	0.017888544	0.015264338	NA	3.7	0.318249775	0.318249775	NA	MS	F	NA	NA	NA	NA	NA	serenelli17	A	1	0.568201724066995	0.03583520499349535	0.03906019647355019
KIC10398597	1.47	0.077935871	0.112538882	2.015	0.078447435	0.071784399	6412.0	65.0	65.0	0.112	0.1	0.1	NA	NA	NA	NA	3.991	0.024186773	0.024186773	NA	6.768	0.567435483	0.567435483	NA	MS	F	NA	NA	NA	NA	NA	serenelli17	A	1	0.8304603500309671	0.034965551686135576	0.03802911932991171
KIC10462940	1.239	0.050606324	0.052201533	1.271	0.017492856	0.017492856	6265.0	48.0	48.0	0.112	0.099	0.099	NA	NA	NA	NA	4.322	0.007211103	0.007211103	NA	2.189	0.183679028	0.183679028	NA	MS	F	NA	NA	NA	NA	NA	serenelli17	A	1	0.3402457615679317	0.034993230000999076	0.03806186580277915
KIC10491771	1.299	0.055154329	0.05375872	1.511	0.043081318	0.041231056	6601.0	48.0	48.0	-0.101	0.1	0.1	NA	NA	NA	NA	4.192	0.018973666	0.018973666	NA	3.72	0.300924684	0.300924684	NA	MS	F	NA	NA	NA	NA	NA	serenelli17	A	1	0.5705429398818975	0.033782998520805574	0.036634272263737166
KIC10518551	1.25	0.052325902	0.057489129	2.08	0.036619667	0.038275318	6242.0	60.0	60.0	-0.267	0.101	0.101	NA	NA	NA	NA	3.898	0.008944272	0.009848858	NA	7.12	0.615406327	0.615406327	NA	MS	F	NA	NA	NA	NA	NA	serenelli17	A	1	0.8524799936368563	0.03600313770675978	0.0392598212689258
KIC10610027	1.329	0.062625873	0.055154329	1.48	0.057567352	0.052810984	6704.0	58.0	58.0	-0.041	0.1	0.1	NA	NA	NA	NA	4.222	0.025317978	0.026305893	NA	5.015	0.10287895	0.10287895	NA	MS	F	NA	NA	NA	NA	NA	serenelli17	A	1	0.7002709373564369	0.008819072219593327	0.009001876719403001
KIC10655953	1.262	0.048332184	0.050159745	1.267	0.026925824	0.026	6594.0	61.0	61.0	-0.073	0.099	0.099	NA	NA	NA	NA	4.333	0.012369317	0.013341664	NA	2.301	0.193171469	0.193171469	NA	MS	F	NA	NA	NA	NA	NA	serenelli17	A	1	0.36191661866864344	0.035009688325002675	0.03808133995990509
KIC10717090	1.22	0.095	0.120880106	1.546	0.0585235	0.059363288	5817.0	74.0	74.0	0.238	0.1	0.1	NA	NA	NA	NA	4.141	0.02236068	0.024166092	NA	2.651	0.221827032	0.221827032	NA	MS	G	NA	NA	NA	NA	NA	serenelli17	A	1	0.4234097277330934	0.03489975091834063	0.03795128811385173
KIC10727922	1.212	0.065855903	0.070007142	1.917	0.075643903	0.072917762	6319.0	66.0	66.0	-0.304	0.1	0.1	NA	NA	NA	NA	3.954	0.023345235	0.02433105	NA	4.764	0.413800752	0.413800752	NA	MS	F	NA	NA	NA	NA	NA	serenelli17	A	1	0.67797175281074	0.03617358143569105	0.039462603827316034
KIC10730618	1.368	0.056727418	0.055226805	1.777	0.024083189	0.024083189	6422.0	54.0	54.0	-0.006	0.1	0.1	NA	NA	NA	NA	4.074	0.007211103	0.007211103	NA	4.894	0.397201754	0.397201754	NA	MS	F	NA	NA	NA	NA	NA	serenelli17	A	1	0.6896639650157704	0.03389035651976191	0.03676056212972156
KIC10731424	1.437	0.08232861	0.076380626	2.55	0.09749359	0.087817994	6432.0	65.0	65.0	-0.129	0.101	0.101	NA	NA	NA	NA	3.782	0.018248288	0.019235384	NA	10.5	0.9424602	0.9424602	NA	MS	F	NA	NA	NA	NA	NA	serenelli17	A	1	1.021189299069938	0.03733011143726972	0.04084318386363395
KIC10732098	1.121	0.055946403	0.060373835	1.778	0.051894123	0.050990195	5796.0	67.0	67.0	-0.01	0.1	0.1	NA	NA	NA	NA	3.987	0.01456022	0.015524175	NA	3.341	0.28117105	0.28117105	NA	MS	G	NA	NA	NA	NA	NA	serenelli17	A	1	0.5238764756381313	0.03509247953844341	0.03817932632892196
KIC10794845	1.142	0.054644304	0.055470713	1.143	0.048052055	0.04414748	6398.0	55.0	55.0	-0.195	0.1	0.1	NA	NA	NA	NA	4.378	0.029427878	0.032388269	NA	1.717	0.140750471	0.140750471	NA	MS	F	NA	NA	NA	NA	NA	serenelli17	A	1	0.23477029516091652	0.034217084924371866	0.0371453253515352
KIC10873176	1.109	0.054083269	0.050803543	2.021	0.039357337	0.038470768	6517.0	89.0	89.0	-0.837	0.104	0.104	NA	NA	NA	NA	3.871	0.012529964	0.012529964	NA	6.273	0.53509904	0.53509904	NA	MS	F	NA	NA	NA	NA	NA	serenelli17	A	1	0.7974752875373343	0.03555057743176859	0.03872223977526312
KIC10923629	1.688	0.078771822	0.213459598	2.578	0.043185646	0.099297533	6195.0	87.0	87.0	0.157	0.1	0.1	NA	NA	NA	NA	3.84	0.009899495	0.02118962	NA	9.692	0.806334524	0.806334524	NA	MS	F	NA	NA	NA	NA	NA	serenelli17	A	1	0.9864134054654686	0.03470700175619157	0.03772344639878755
KIC10963065	1.131	0.044407207	0.044407207	1.242	0.017029386	0.017804494	6316.0	45.0	45.0	-0.146	0.072111026	0.072111026	NA	NA	NA	NA	4.303	0.006403124	0.007211103	NA	1.87	0.154763396	0.154763396	NA	MS	F	NA	NA	NA	NA	NA	serenelli17	A	1	0.27184160653649897	0.034532674438813304	0.037517570365246444
KIC10971974	1.057	0.059539903	0.058668561	1.19	0.033837849	0.032893768	6030.0	58.0	58.0	-0.077	0.102	0.102	NA	NA	NA	NA	4.311	0.018681542	0.018681542	NA	1.647	0.136094551	0.136094551	NA	MS	F	NA	NA	NA	NA	NA	serenelli17	A	1	0.21669359916975436	0.034480773668432135	0.03745631170853991
KIC10972252	1.338	0.065069194	0.063702433	2.285	0.053600373	0.052009614	6237.0	60.0	60.0	-0.136	0.101	0.101	NA	NA	NA	NA	3.845	0.012529964	0.012529964	NA	8.655	0.740800397	0.740800397	NA	MS	F	NA	NA	NA	NA	NA	serenelli17	A	1	0.9372670722114126	0.03566670990413401	0.03886007285856974
KIC10972873	1.177	0.048764741	0.055036352	1.861	0.034058773	0.03748333	5928.0	64.0	64.0	-0.057	0.101	0.101	NA	NA	NA	NA	3.968	0.00781025	0.008602325	NA	3.488	0.305307643	0.305307643	NA	MS	G	NA	NA	NA	NA	NA	serenelli17	A	1	0.5425764762605296	0.036441589811429864	0.03978181505530698
KIC11027406	1.066	0.064621978	0.060926185	1.357	0.029966648	0.029068884	6250.0	94.0	94.0	-0.279	0.099	0.099	NA	NA	NA	NA	4.2	0.012083046	0.01118034	NA	2.054	0.177470422	0.177470422	NA	MS	F	NA	NA	NA	NA	NA	serenelli17	A	1	0.31260043926125936	0.035990695407415674	0.03924502507600108
KIC11075448	1.326	0.059413803	0.057280014	1.564	0.047434165	0.04554119	6470.0	68.0	68.0	0.029	0.1	0.1	NA	NA	NA	NA	4.171	0.019646883	0.020615528	NA	4.039	0.31044264	0.31044264	NA	MS	F	NA	NA	NA	NA	NA	serenelli17	A	1	0.6062738531699883	0.03215975461658582	0.034733024520342215
KIC11083308	1.305	0.082462113	0.076550637	2.084	0.082734515	0.076537572	6234.0	65.0	65.0	-0.042	0.1	0.1	NA	NA	NA	NA	3.915	0.022561028	0.022561028	NA	6.828	0.577672496	0.577672496	NA	MS	F	NA	NA	NA	NA	NA	serenelli17	A	1	0.834293512442696	0.035270989717801515	0.03839073838604856
KIC11127479	1.162	0.057245087	0.060835845	1.372	0.023706539	0.024596748	5998.0	57.0	57.0	0.2	0.072111026	0.072111026	NA	NA	NA	NA	4.228	0.01	0.010816654	NA	2.257	0.193984784	0.193984784	NA	MS	G	NA	NA	NA	NA	NA	serenelli17	A	1	0.35353155907776207	0.03580905603178264	0.03902912790515978
KIC11138101	1.305	0.062936476	0.062225397	2.332	0.081344945	0.076694198	6218.0	58.0	58.0	-0.219	0.101	0.101	NA	NA	NA	NA	3.817	0.020396078	0.021377558	NA	8.626	0.71597627	0.71597627	NA	MS	F	NA	NA	NA	NA	NA	serenelli17	A	1	0.9358094538099329	0.03462930597108127	0.03763166743076496
KIC11188219	1.153	0.062128898	0.062968246	1.344	0.035468296	0.034539832	6024.0	62.0	62.0	0.089	0.1	0.1	NA	NA	NA	NA	4.242	0.017464249	0.017464249	NA	2.057	0.17333814	0.17333814	NA	MS	F	NA	NA	NA	NA	NA	serenelli17	A	1	0.313234291694724	0.03513641942673634	0.03823134733351513
KIC11389393	1.403	0.082758685	0.142270868	1.905	0.072111026	0.075471849	6174.0	66.0	66.0	0.14	0.1	0.1	NA	NA	NA	NA	4.019	0.015297059	0.016278821	NA	4.74	0.376421965	0.376421965	NA	MS	F	NA	NA	NA	NA	NA	serenelli17	A	1	0.6757783416740851	0.033188013036752895	0.0359355947008142
KIC11389437	1.192	0.101921538	0.048826222	1.69	0.047010637	0.035510562	6158.0	53.0	53.0	-0.023	0.099	0.099	NA	NA	NA	NA	4.059	0.0117047	0.01077033	NA	3.883	0.311500816	0.311500816	NA	MS	F	NA	NA	NA	NA	NA	serenelli17	A	1	0.5891673905460476	0.03351289267437818	0.03631683531111651
KIC11454149	1.141	0.055803226	0.056612719	1.153	0.030083218	0.029154759	6435.0	52.0	52.0	-0.233	0.1	0.1	NA	NA	NA	NA	4.37	0.016763055	0.017720045	NA	1.866	0.155988512	0.155988512	NA	MS	F	NA	NA	NA	NA	NA	serenelli17	A	1	0.2709116394104812	0.03486704439188926	0.037912611381924255
KIC11460626	1.286	0.055865911	0.058796258	2.172	0.069641941	0.06685058	6176.0	62.0	62.0	-0.144	0.099	0.099	NA	NA	NA	NA	3.872	0.019416488	0.019416488	NA	6.979	0.623290105	0.623290105	NA	MS	F	NA	NA	NA	NA	NA	serenelli17	A	1	0.8437931983259126	0.03715124002677095	0.04062913261562484
KIC11467550	1.247	0.070292247	0.071589105	1.968	0.069641941	0.067955868	6146.0	58.0	58.0	-0.08	0.1	0.1	NA	NA	NA	NA	3.945	0.018248288	0.018248288	NA	5.592	0.484249155	0.484249155	NA	MS	F	NA	NA	NA	NA	NA	serenelli17	A	1	0.7475671627376249	0.03606841094935742	0.03933745842203895
KIC11506988	1.251	0.168077363	0.114284732	1.872	0.01	0.064350602	6438.0	289.0	289.0	-0.23	0.1	0.1	NA	NA	NA	NA	3.994	0.027892651	0.023086793	NA	6.784	0.616199473	0.616199473	NA	MS	F	NA	NA	NA	NA	NA	serenelli17	A	1	0.8314858392486574	0.037757587084429445	0.0413555195079659
KIC11507653	1.17	0.108503456	0.063007936	1.641	0.049396356	0.049396356	5916.0	74.0	74.0	0.112	0.1	0.1	NA	NA	NA	NA	4.078	0.024041631	0.022135944	NA	3.45	0.320121102	0.320121102	NA	MS	G	NA	NA	NA	NA	NA	serenelli17	A	1	0.5378190950732742	0.03853620555311288	0.042291561024532576
KIC11611414	1.272	0.078517514	0.107377838	1.706	0.059481089	0.058591808	6279.0	55.0	55.0	-0.074	0.1	0.1	NA	NA	NA	NA	4.074	0.02184033	0.02184033	NA	4.404	0.399251916	0.399251916	NA	MS	F	NA	NA	NA	NA	NA	serenelli17	A	1	0.6438473102997142	0.03768805436540945	0.04127210802419634
KIC11713510	1.08	0.04472136	0.042059482	1.62	0.028284271	0.027586228	5941.0	58.0	58.0	-0.143	0.1	0.1	NA	NA	NA	NA	4.052	0.006708204	0.006708204	NA	2.86	0.258193921	0.258193921	NA	MS	G	NA	NA	NA	NA	NA	serenelli17	A	1	0.456366033129043	0.03753708740991829	0.04109110906592656
KIC11723674	1.4	0.061400326	0.061400326	2.466	0.065306967	0.062609903	6246.0	63.0	63.0	-0.062	0.1	0.1	NA	NA	NA	NA	3.799	0.01456022	0.015524175	NA	10.05	0.930950536	0.930950536	NA	MS	F	NA	NA	NA	NA	NA	serenelli17	A	1	1.0021660617565078	0.03847387350074749	0.04221649031996977
KIC11817562	1.448	0.081541401	0.073409809	2.477	0.10374006	0.093300589	6247.0	58.0	58.0	0.059	0.1	0.1	NA	NA	NA	NA	3.809	0.02433105	0.02433105	NA	9.93	0.875129544	0.875129544	NA	MS	F	NA	NA	NA	NA	NA	serenelli17	A	1	0.9969492484953811	0.036680729563962955	0.04006700705864541
KIC12069127	1.59	0.062968246	0.062968246	2.295	0.031890437	0.031240999	6476.0	66.0	66.0	0.076	0.1	0.1	NA	NA	NA	NA	3.916	0.006708204	0.006708204	NA	9.191	0.784090216	0.784090216	NA	MS	F	NA	NA	NA	NA	NA	serenelli17	A	1	0.9633627661037362	0.03555406608801237	0.0387263791506155
KIC12069569	1.363	0.076380626	0.070434367	2.314	0.094847246	0.088549421	6357.0	59.0	59.0	-0.109	0.1	0.1	NA	NA	NA	NA	3.843	0.024515301	0.025495098	NA	9.057	0.828832831	0.828832831	NA	MS	F	NA	NA	NA	NA	NA	serenelli17	A	1	0.9569843677427602	0.03802889454343028	0.041681261210504084
KIC12117868	1.11	0.068264193	0.063245553	1.326	0.047434165	0.044598206	6160.0	51.0	51.0	-0.108	0.099	0.099	NA	NA	NA	NA	4.239	0.021377558	0.02236068	NA	2.205	0.193501337	0.193501337	NA	MS	F	NA	NA	NA	NA	NA	serenelli17	A	1	0.34340859380385735	0.0365313710875147	0.039888845562704556
KIC12265063	1.12	0.075432089	0.070837843	1.641	0.057271284	0.055461698	6189.0	60.0	60.0	-0.268	0.101	0.101	NA	NA	NA	NA	4.056	0.024041631	0.023086793	NA	3.367	0.30235973	0.30235973	NA	MS	F	NA	NA	NA	NA	NA	serenelli17	A	1	0.5272431163880886	0.03734717402571974	0.040863612386100534
KIC12366681	1.516	0.096540147	0.080280757	2.62	0.056035703	0.04596738	6188.0	66.0	66.0	0.15	0.1	0.1	NA	NA	NA	NA	3.781	0.013416408	0.01	NA	14.21	1.147154633	1.147154633	NA	MS	F	NA	NA	NA	NA	NA	serenelli17	A	1	1.1525940779274697	0.03371667932677869	0.03655629206089417
KIC2010607	1.402	0.08184131	0.069354164	2.41	0.105948101	0.09656604	6361.0	71.0	71.0	-0.07	0.1	0.1	NA	NA	NA	NA	3.819	0.027166155	0.027166155	NA	10.71	0.986519043	0.986519043	NA	MS	F	NA	NA	NA	NA	NA	serenelli17	A	1	1.0297894708318556	0.038267161397280924	0.04196770284146012
KIC2450729	1.112	0.059169249	0.059169249	1.758	0.063324561	0.060539243	6029.0	59.0	59.0	-0.212	0.1	0.1	NA	NA	NA	NA	3.994	0.020880613	0.02184033	NA	3.406	0.295644468	0.295644468	NA	MS	F	NA	NA	NA	NA	NA	serenelli17	A	1	0.5322446436265822	0.03615006009321975	0.03943460933907944
KIC2849125	1.534	0.196705363	0.080529498	2.534	0.118359621	0.093300589	6158.0	56.0	56.0	0.293	0.101	0.101	NA	NA	NA	NA	3.82	0.015132746	0.015132746	NA	7.412	0.337384891	0.337384891	NA	MS	F	NA	NA	NA	NA	NA	serenelli17	A	1	0.86993541064686	0.019331821014769934	0.020232593388252784
KIC2852862	1.458	0.06105735	0.059539903	2.087	0.032202484	0.03342155	6417.0	58.0	58.0	-0.155	0.1	0.1	NA	NA	NA	NA	3.962	0.006403124	0.008062258	NA	6.696	0.554198346	0.554198346	NA	MS	F	NA	NA	NA	NA	NA	serenelli17	A	1	0.8258154449852035	0.034534442881653415	0.03751965794559453
KIC2991448	1.113	0.052773099	0.055461698	1.757	0.040804412	0.041617304	5836.0	70.0	70.0	-0.085	0.1	0.1	NA	NA	NA	NA	3.994	0.007615773	0.007615773	NA	2.843	0.169788463	0.169788463	NA	MS	G	NA	NA	NA	NA	NA	serenelli17	A	1	0.4537768596904421	0.02519177992285676	0.026743532914147217
KIC2998253	1.262	0.059413803	0.062241465	1.425	0.064288413	0.0585235	6333.0	54.0	54.0	0.057	0.1	0.1	NA	NA	NA	NA	4.23	0.029427878	0.030413813	NA	3.188	0.263328546	0.263328546	NA	MS	F	NA	NA	NA	NA	NA	serenelli17	A	1	0.5035183127240748	0.03446799079320728	0.03744122648670456
KIC3112152	1.251	0.098270036	0.083408633	1.741	0.056302753	0.055470713	6282.0	59.0	59.0	-0.136	0.1	0.1	NA	NA	NA	NA	4.052	0.01456022	0.016492423	NA	4.304	0.355182211	0.355182211	NA	MS	F	NA	NA	NA	NA	NA	serenelli17	A	1	0.6338722626583327	0.03443743248283804	0.037405168186803284
KIC3112889	1.235	0.058	0.063031738	1.986	0.060539243	0.058830264	6433.0	65.0	65.0	-0.358	0.102	0.102	NA	NA	NA	NA	3.932	0.017464249	0.017464249	NA	5.684	0.492828564	0.492828564	NA	MS	F	NA	NA	NA	NA	NA	serenelli17	A	1	0.7546540692554321	0.03611147853814478	0.03938869776834031
KIC3223000	1.069	0.062481997	0.060959003	1.164	0.024186773	0.024186773	6198.0	47.0	47.0	-0.185	0.1	0.1	NA	NA	NA	NA	4.335	0.012529964	0.012529964	NA	2.195	0.187430826	0.187430826	NA	MS	F	NA	NA	NA	NA	NA	serenelli17	A	1	0.34143452457814016	0.035585775152949584	0.03876400606009178
KIC3241581	1.062	0.072138755	0.072138755	1.084	0.029410882	0.029410882	5770.0	81.0	81.0	0.185	0.1	0.1	NA	NA	NA	NA	4.393	0.016552945	0.016552945	NA	1.13	0.099657286	0.099657286	NA	MS	G	NA	NA	NA	NA	NA	serenelli17	A	1	0.05307844348341968	0.03670564394106253	0.040096739125001155
KIC3430893	1.2	0.061911227	0.071554175	1.466	0.048466483	0.047539457	6270.0	60.0	60.0	-0.11	0.1	0.1	NA	NA	NA	NA	4.184	0.01811077	0.01811077	NA	3.507	0.286407736	0.286407736	NA	MS	F	NA	NA	NA	NA	NA	serenelli17	A	1	0.5449357658815026	0.03409375965226835	0.037000020479275864
KIC3438633	1.28	0.080262071	0.058694122	1.965	0.067977938	0.056603887	6432.0	73.0	73.0	-0.184	0.1	0.1	NA	NA	NA	NA	3.959	0.014142136	0.014142136	NA	5.59	0.44842168	0.44842168	NA	MS	F	NA	NA	NA	NA	NA	serenelli17	A	1	0.7474118078864233	0.033511629867005954	0.0363153522280929
KIC3545753	1.258	0.05731492	0.061846584	2.296	0.057775427	0.056859476	6206.0	58.0	58.0	-0.338	0.105	0.105	NA	NA	NA	NA	3.814	0.014866069	0.015811388	NA	8.035	0.720810236	0.720810236	NA	MS	F	NA	NA	NA	NA	NA	serenelli17	A	1	0.9049858810993634	0.03731045946771305	0.04081965733838777
KIC3633847	1.285	0.142337627	0.071505245	1.858	0.058137767	0.048548944	6122.0	51.0	51.0	0.12	0.1	0.1	NA	NA	NA	NA	4.013	0.01835756	0.015811388	NA	5.266	0.475856442	0.475856442	NA	MS	F	NA	NA	NA	NA	NA	serenelli17	A	1	0.7214808547700493	0.037571475287578204	0.04113232559077218
KIC3633889	1.208	0.057628118	0.06	1.322	0.035510562	0.035510562	6452.0	49.0	49.0	-0.12	0.1	0.1	NA	NA	NA	NA	4.276	0.012041595	0.012041595	NA	2.788	0.231897345	0.231897345	NA	MS	F	NA	NA	NA	NA	NA	serenelli17	A	1	0.4452927694259718	0.03469941086304146	0.03771447799720146
KIC3643774	1.275	0.056586217	0.061846584	1.588	0.023345235	0.025612497	6029.0	104.0	104.0	0.158	0.1	0.1	NA	NA	NA	NA	4.141	0.008602325	0.008602325	NA	2.911	0.199115375	0.199115375	NA	MS	F	NA	NA	NA	NA	NA	serenelli17	A	1	0.4640422054388108	0.02873429477659295	0.0307709965681619
KIC3656476	1.075	0.040224371	0.041048752	1.316	0.018439089	0.018439089	5684.0	56.0	56.0	0.233	0.1	0.1	NA	NA	NA	NA	4.23	0.007211103	0.007211103	NA	1.626	0.139089863	0.139089863	NA	MS	G	NA	NA	NA	NA	NA	serenelli17	A	1	0.21112054125804933	0.03564627952049615	0.03883581899320532
KIC3657002	1.219	0.064660653	0.089894382	1.516	0.032449961	0.037589892	6006.0	64.0	64.0	0.112	0.1	0.1	NA	NA	NA	NA	4.161	0.012806248	0.013601471	NA	2.732	0.226473372	0.226473372	NA	MS	F	NA	NA	NA	NA	NA	serenelli17	A	1	0.436480695009495	0.03458696971541436	0.03758167235246729
KIC3730801	1.24	0.067896981	0.11315918	1.595	0.04494441	0.052773099	5894.0	58.0	58.0	0.164	0.1	0.1	NA	NA	NA	NA	4.123	0.012649111	0.013601471	NA	2.844	0.24686741	0.24686741	NA	MS	G	NA	NA	NA	NA	NA	serenelli17	A	1	0.45392959205772865	0.03615078332572541	0.03943547006206055
KIC3761840	1.538	0.065802736	0.069892775	2.814	0.074672619	0.073736016	6236.0	61.0	61.0	0.011	0.1	0.1	NA	NA	NA	NA	3.725	0.015811388	0.015811388	NA	12.97	1.132379547	1.132379547	NA	MS	F	NA	NA	NA	NA	NA	serenelli17	A	1	1.1129399760840801	0.03635242287909235	0.03967556491270141
KIC3854781	1.197	0.056727418	0.059816386	1.792	0.035805028	0.03744329	5705.0	102.0	102.0	0.256	0.1	0.1	NA	NA	NA	NA	4.009	0.01029563	0.01029563	NA	3.408	0.294317891	0.294317891	NA	MS	G	NA	NA	NA	NA	NA	serenelli17	A	1	0.5324995860946625	0.035974119618805145	0.03922531484214681
KIC3952307	1.275	0.062289646	0.068410526	2.076	0.048373546	0.047507894	6210.0	118.0	118.0	-0.118	0.1	0.1	NA	NA	NA	NA	3.908	0.013928388	0.013928388	NA	6.262	0.486953001	0.486953001	NA	MS	F	NA	NA	NA	NA	NA	serenelli17	A	1	0.7967130632808964	0.032523340489855945	0.03515754028843787
KIC3952580	1.458	0.064202804	0.061846584	2.709	0.046615448	0.047434165	6115.0	101.0	101.0	-0.074	0.1	0.1	NA	NA	NA	NA	3.736	0.01029563	0.009433981	NA	11.88	1.056787444	1.056787444	NA	MS	F	NA	NA	NA	NA	NA	serenelli17	A	1	1.0748164406451748	0.03701000195012405	0.040460253048235195
KIC3967859	1.008	0.060539243	0.059682493	1.284	0.034438351	0.03354102	6211.0	78.0	78.0	-0.375	0.1	0.1	NA	NA	NA	NA	4.224	0.015811388	0.015811388	NA	1.933	0.172593807	0.172593807	NA	MS	F	NA	NA	NA	NA	NA	serenelli17	A	1	0.286231854028553	0.037142740554585774	0.040618966313857946
KIC4049576	1.159	0.067416615	0.069115845	1.944	0.091923882	0.086127812	6066.0	84.0	84.0	-0.264	0.101	0.101	NA	NA	NA	NA	3.923	0.028442925	0.030413813	NA	4.633	0.331409817	0.331409817	NA	MS	F	NA	NA	NA	NA	NA	serenelli17	A	1	0.6658623002031552	0.03000532554763502	0.032233267870830806
KIC4247542	1.129	0.091787799	0.071063352	1.581	0.052773099	0.050119856	6440.0	66.0	66.0	-0.44	0.1	0.1	NA	NA	NA	NA	4.095	0.020248457	0.020248457	NA	3.696	0.272247043	0.272247043	NA	MS	F	NA	NA	NA	NA	NA	serenelli17	A	1	0.5677319625480691	0.030866738754630307	0.03322954219785024
KIC4346201	1.142	0.05745433	0.054918121	1.902	0.03312099	0.032249031	6147.0	51.0	51.0	-0.337	0.099	0.099	NA	NA	NA	NA	3.937	0.010630146	0.010630146	NA	5.527	0.551784266	0.551784266	NA	MS	F	NA	NA	NA	NA	NA	serenelli17	A	1	0.7424894645817751	0.04132726611171522	0.045677547328291435
KIC4450844	1.056	0.046400431	0.047201695	1.548	0.025495098	0.025495098	5968.0	59.0	59.0	-0.136	0.072111026	0.072111026	NA	NA	NA	NA	4.082	0.007211103	0.007211103	NA	2.81	0.241286059	0.241286059	NA	MS	G	NA	NA	NA	NA	NA	serenelli17	A	1	0.4487063199050799	0.03577660488630657	0.03899057716557386
KIC4465324	1.079	0.079378838	0.059033889	1.388	0.037336309	0.032695565	5850.0	59.0	59.0	0.037	0.1	0.1	NA	NA	NA	NA	4.187	0.012083046	0.012083046	NA	2.207	0.1928978	0.1928978	NA	MS	G	NA	NA	NA	NA	NA	serenelli17	A	1	0.34380233316165504	0.036390414449490205	0.03972082932243837
KIC4465529	1.322	0.054561891	0.057982756	1.657	0.030610456	0.030610456	6345.0	49.0	49.0	0.025	0.1	0.1	NA	NA	NA	NA	4.12	0.01029563	0.01029563	NA	4.239	0.367701157	0.367701157	NA	MS	F	NA	NA	NA	NA	NA	serenelli17	A	1	0.627263416568221	0.0361266233216504	0.03940671880742963
KIC4543171	1.315	0.068410526	0.069656299	1.663	0.043829214	0.043829214	6129.0	59.0	59.0	0.137	0.1	0.1	NA	NA	NA	NA	4.114	0.013928388	0.014866069	NA	3.486	0.296648102	0.296648102	NA	MS	F	NA	NA	NA	NA	NA	serenelli17	A	1	0.5423273827739744	0.035468558183559096	0.03862494288875784
KIC4571351	1.235	0.074330344	0.099809819	1.585	0.068949257	0.069892775	6000.0	59.0	59.0	0.143	0.101	0.101	NA	NA	NA	NA	4.125	0.026305893	0.028284271	NA	2.923	0.255209864	0.255209864	NA	MS	F	NA	NA	NA	NA	NA	serenelli17	A	1	0.4658288153574364	0.03635375585499029	0.03967715291726115
KIC4586099	1.253	0.118595953	0.077833155	1.813	0.051623638	0.040360872	6383.0	58.0	58.0	-0.151	0.1	0.1	NA	NA	NA	NA	4.021	0.013892444	0.012206556	NA	5.663	0.482656291	0.482656291	NA	MS	F	NA	NA	NA	NA	NA	serenelli17	A	1	0.7530465616265292	0.03552170612328831	0.03868798605697055
KIC4638884	1.522	0.050803543	0.046861498	1.928	0.026907248	0.025612497	6662.0	57.0	57.0	0.008	0.099	0.099	NA	NA	NA	NA	4.05	0.006708204	0.006708204	NA	6.055	0.488982164	0.488982164	NA	MS	F	NA	NA	NA	NA	NA	serenelli17	A	1	0.782114147479071	0.03372795949120422	0.036569553805882005
KIC4739932	1.166	0.058591808	0.063071388	1.805	0.047010637	0.047927028	5876.0	111.0	111.0	0.008	0.1	0.1	NA	NA	NA	NA	3.991	0.016155494	0.016155494	NA	4.034	0.323248424	0.323248424	NA	MS	G	NA	NA	NA	NA	NA	serenelli17	A	1	0.6057358938767466	0.03347642761437086	0.03627401330422997
KIC4755204	1.19	0.102459748	0.065863495	1.645	0.043863424	0.039357337	6073.0	70.0	70.0	-0.072	0.1	0.1	NA	NA	NA	NA	4.084	0.012083046	0.012083046	NA	2.924	0.263173003	0.263173003	NA	MS	F	NA	NA	NA	NA	NA	serenelli17	A	1	0.4659773682858228	0.03742826977499303	0.04096072999552308
KIC4756112	1.378	0.073	0.071505245	2.619	0.090476516	0.08579627	6182.0	60.0	60.0	-0.209	0.1	0.1	NA	NA	NA	NA	3.739	0.019416488	0.020396078	NA	11.38	1.040684239	1.040684239	NA	MS	F	NA	NA	NA	NA	NA	serenelli17	A	1	1.0561422620590524	0.03800325914678626	0.04165046324838273
KIC4841753	1.314	0.056035703	0.053600373	2.149	0.07940403	0.074632433	5966.0	67.0	67.0	0.127	0.1	0.1	NA	NA	NA	NA	3.891	0.02236068	0.023345235	NA	6.304	0.560000153	0.560000153	NA	MS	G	NA	NA	NA	NA	NA	serenelli17	A	1	0.799616204481499	0.03696108003966514	0.04040178481533585
KIC4842436	1.089	0.060440053	0.062008064	1.57	0.056920998	0.054083269	5688.0	63.0	63.0	0.139	0.1	0.1	NA	NA	NA	NA	4.082	0.023769729	0.023769729	NA	2.791	0.254711365	0.254711365	NA	MS	G	NA	NA	NA	NA	NA	serenelli17	A	1	0.44575983648863104	0.03792890738096477	0.04156116083776129
KIC4947253	1.173	0.055072679	0.056824291	2.006	0.048332184	0.048332184	5953.0	59.0	59.0	-0.196	0.1	0.1	NA	NA	NA	NA	3.901	0.013	0.013	NA	5.318	0.474089941	0.474089941	NA	MS	G	NA	NA	NA	NA	NA	serenelli17	A	1	0.7257483329955482	0.03708696407764478	0.040552262364878966
KIC5084157	1.102	0.082298238	0.073573093	1.378	0.048301139	0.045650849	5803.0	83.0	83.0	0.125	0.1	0.1	NA	NA	NA	NA	4.201	0.01118034	0.01118034	NA	2.351	0.197037741	0.197037741	NA	MS	G	NA	NA	NA	NA	NA	serenelli17	A	1	0.37125262912493934	0.03495322726468941	0.038014539657701185
KIC5214711	1.255	0.076485293	0.070724819	1.868	0.073409809	0.06977822	6194.0	54.0	54.0	-0.025	0.1	0.1	NA	NA	NA	NA	3.993	0.023769729	0.023769729	NA	5.291	0.438711511	0.438711511	NA	MS	F	NA	NA	NA	NA	NA	serenelli17	A	1	0.7235377615320568	0.03459499440830516	0.03759114793269236
KIC5253542	1.077	0.061400326	0.061400326	1.191	0.026400758	0.026400758	5770.0	96.0	96.0	0.203	0.1	0.1	NA	NA	NA	NA	4.318	0.013	0.013	NA	1.463	0.123674067	0.123674067	NA	MS	G	NA	NA	NA	NA	NA	serenelli17	A	1	0.16524432612531087	0.03524339745310556	0.03835804808392018
KIC5344612	1.298	0.07566373	0.10878419	1.746	0.060827625	0.060827625	6359.0	84.0	84.0	-0.123	0.1	0.1	NA	NA	NA	NA	4.063	0.020396078	0.020396078	NA	4.715	0.390669341	0.390669341	NA	MS	F	NA	NA	NA	NA	NA	serenelli17	A	1	0.6734816970733472	0.034570988046452755	0.037562802289611175
KIC5353186	1.362	0.210582525	0.087709749	2.187	0.104709121	0.06726812	6166.0	55.0	55.0	0.073	0.1	0.1	NA	NA	NA	NA	3.893	0.012649111	0.012649111	NA	7.67	0.655138126	0.655138126	NA	MS	F	NA	NA	NA	NA	NA	serenelli17	A	1	0.884795363948981	0.035596083858441596	0.038776239967381
KIC5371516	1.454	0.070092796	0.127945301	2.049	0.035355339	0.058600341	6350.0	81.0	81.0	0.075	0.1	0.1	NA	NA	NA	NA	3.976	0.01	0.014317821	NA	5.834	0.497365294	0.497365294	NA	MS	F	NA	NA	NA	NA	NA	serenelli17	A	1	0.7659664247857139	0.03553094648205224	0.03869894853224809
KIC5431016	1.336	0.175559107	0.084314886	2.142	0.081394103	0.046227697	6601.0	62.0	62.0	-0.264	0.101	0.101	NA	NA	NA	NA	3.903	0.019235384	0.012727922	NA	8.646	0.791074601	0.791074601	NA	MS	F	NA	NA	NA	NA	NA	serenelli17	A	1	0.936815231197633	0.03802215700493761	0.041673166450093446
KIC5512589	1.132	0.041146081	0.044777226	1.658	0.024839485	0.025612497	5789.0	56.0	56.0	0.032	0.1	0.1	NA	NA	NA	NA	4.052	0.00781025	0.00781025	NA	2.979	0.248201743	0.248201743	NA	MS	G	NA	NA	NA	NA	NA	serenelli17	A	1	0.4740705032150436	0.03475561221459034	0.037780886234584865
KIC5516982	1.263	0.045276926	0.044418465	1.472	0.019416488	0.019416488	6444.0	50.0	50.0	-0.065	0.1	0.1	NA	NA	NA	NA	4.203	0.007211103	0.007211103	NA	3.568	0.306744936	0.306744936	NA	MS	F	NA	NA	NA	NA	NA	serenelli17	A	1	0.5524248457040855	0.03581827364570367	0.03904007923304886
KIC5530375	1.404	0.064350602	0.061854668	2.753	0.06574192	0.064845971	6210.0	55.0	55.0	-0.226	0.1	0.1	NA	NA	NA	NA	3.706	0.012369317	0.012369317	NA	8.503	1.208243273	1.208243273	NA	MS	F	NA	NA	NA	NA	NA	serenelli17	A	1	0.92957217907655	0.057702654542972964	0.06656136590166128
KIC5543462	1.033	0.061294372	0.058821765	1.298	0.057974132	0.053160135	6246.0	54.0	54.0	-0.372	0.102	0.102	NA	NA	NA	NA	4.224	0.029274562	0.030265492	NA	2.252	0.188741772	0.188741772	NA	MS	F	NA	NA	NA	NA	NA	serenelli17	A	1	0.3525683861793086	0.034953447753331535	0.03801480048571282
KIC5636956	1.464	0.072422372	0.127137721	2.055	0.055461698	0.064621978	6369.0	60.0	60.0	0.094	0.1	0.1	NA	NA	NA	NA	3.975	0.012165525	0.013152946	NA	7.338	0.637729562	0.637729562	NA	MS	F	NA	NA	NA	NA	NA	serenelli17	A	1	0.8655777074199291	0.036192712241456704	0.03948537526226725
KIC5683538	1.22	0.058600341	0.061032778	2.302	0.101651365	0.093962759	6366.0	73.0	73.0	-0.557	0.102	0.102	NA	NA	NA	NA	3.798	0.02745906	0.029427878	NA	6.302	0.483941956	0.483941956	NA	MS	F	NA	NA	NA	NA	NA	serenelli17	A	1	0.7994783988379808	0.032131741720644036	0.03470034915568532
KIC5773155	1.429	0.077833155	0.079208585	1.896	0.052153619	0.052153619	6317.0	55.0	55.0	0.138	0.1	0.1	NA	NA	NA	NA	4.036	0.013152946	0.013152946	NA	5.469	0.4588635	0.4588635	NA	MS	F	NA	NA	NA	NA	NA	serenelli17	A	1	0.7379079233746387	0.03499027127961141	0.03805836509437477
KIC5773345	1.508	0.04482187	0.047201695	2.024	0.018384776	0.019849433	6214.0	61.0	61.0	0.255	0.1	0.1	NA	NA	NA	NA	4.003	0.006324555	0.006324555	NA	5.275	0.432457782	0.432457782	NA	MS	F	NA	NA	NA	NA	NA	serenelli17	A	1	0.7222224639697303	0.034220243733103395	0.03714904831848631
KIC5950854	0.956	0.049203658	0.047634021	1.233	0.021400935	0.020615528	5913.0	61.0	61.0	-0.238	0.1	0.1	NA	NA	NA	NA	4.236	0.008602325	0.008602325	NA	1.875	0.157345852	0.157345852	NA	MS	G	NA	NA	NA	NA	NA	serenelli17	A	1	0.27300127206373764	0.034996343376018535	0.038065549550929834
KIC5961597	1.465	0.068593003	0.077620873	1.923	0.04494441	0.04494441	6492.0	53.0	53.0	0.051	0.1	0.1	NA	NA	NA	NA	4.035	0.012649111	0.013601471	NA	6.678	0.526709025	0.526709025	NA	MS	F	NA	NA	NA	NA	NA	serenelli17	A	1	0.824646414718352	0.032970031030038816	0.03568014374272532
KIC6047087	1.096	0.061587336	0.06074537	1.315	0.027730849	0.026832816	6189.0	61.0	61.0	-0.188	0.1	0.1	NA	NA	NA	NA	4.239	0.011661904	0.011661904	NA	2.129	0.17638538	0.17638538	NA	MS	F	NA	NA	NA	NA	NA	serenelli17	A	1	0.32817566143832255	0.03456787324074018	0.037559124716150305
KIC6049366	1.212	0.06726812	0.065795137	1.822	0.086648716	0.08005623	6220.0	62.0	62.0	-0.143	0.099	0.099	NA	NA	NA	NA	3.998	0.029427878	0.030413813	NA	4.637	0.392941598	0.392941598	NA	MS	F	NA	NA	NA	NA	NA	serenelli17	A	1	0.6662370958958044	0.03532584665245331	0.03845574434891941
KIC6129877	1.115	0.067675697	0.070178344	1.328	0.038483763	0.038483763	6064.0	72.0	72.0	-0.048	0.1	0.1	NA	NA	NA	NA	4.238	0.015811388	0.016763055	NA	2.353	0.200690222	0.200690222	NA	MS	F	NA	NA	NA	NA	NA	serenelli17	A	1	0.3716219271760213	0.035546286410877814	0.03871714847448038
KIC6232600	1.132	0.059076222	0.059076222	1.312	0.024698178	0.024698178	6435.0	70.0	70.0	-0.294	0.1	0.1	NA	NA	NA	NA	4.255	0.01029563	0.01029563	NA	2.61	0.199951275	0.199951275	NA	MS	F	NA	NA	NA	NA	NA	serenelli17	A	1	0.41664050733828095	0.03205828189701343	0.03461468435481563
KIC6287060	1.157	0.079881162	0.07823682	1.488	0.047010637	0.045276926	6020.0	53.0	53.0	-0.016	0.1	0.1	NA	NA	NA	NA	4.155	0.017464249	0.018384776	NA	3.112	0.27140541	0.27140541	NA	MS	F	NA	NA	NA	NA	NA	serenelli17	A	1	0.4930395883176513	0.036314451083401644	0.039630332732513984
KIC6370489	1.211	0.058137767	0.061522354	2.002	0.03482815	0.03748333	6302.0	80.0	80.0	-0.452	0.1	0.1	NA	NA	NA	NA	3.918	0.008602325	0.008602325	NA	5.209	0.448219507	0.448219507	NA	MS	F	NA	NA	NA	NA	NA	serenelli17	A	1	0.7167543574326971	0.03584867278894632	0.03907619966676201
KIC6520835	1.328	0.058796258	0.057489129	2.144	0.03482815	0.034058773	6146.0	50.0	50.0	0.032	0.1	0.1	NA	NA	NA	NA	3.898	0.010630146	0.010630146	NA	7.205	0.572534042	0.572534042	NA	MS	F	NA	NA	NA	NA	NA	serenelli17	A	1	0.8576339851500081	0.03320793552695889	0.03595895556321671
KIC6529109	1.19	0.052430907	0.056603887	1.828	0.031064449	0.032756679	5806.0	90.0	90.0	0.072	0.099	0.099	NA	NA	NA	NA	3.989	0.01	0.01	NA	3.483	0.301768722	0.301768722	NA	MS	G	NA	NA	NA	NA	NA	serenelli17	A	1	0.5419534744582363	0.036085871510476375	0.03935823065487676
KIC6530901	1.3	0.050249378	0.053037722	1.559	0.023430749	0.024207437	6374.0	53.0	53.0	0.018	0.1	0.1	NA	NA	NA	NA	4.165	0.01	0.01	NA	3.626	0.303046764	0.303046764	NA	MS	F	NA	NA	NA	NA	NA	serenelli17	A	1	0.5594277997594899	0.034859398109656325	0.03790357027435631
KIC6592305	1.362	0.056586217	0.05375872	2.248	0.041048752	0.039408121	6132.0	55.0	55.0	0.06	0.1	0.1	NA	NA	NA	NA	3.868	0.01029563	0.01029563	NA	6.92	0.596243014	0.596243014	NA	MS	F	NA	NA	NA	NA	NA	serenelli17	A	1	0.8401060944567578	0.03589471874036532	0.039130922264751566
KIC6593620	0.985	0.0560803	0.054378304	1.581	0.043462628	0.041629317	5791.0	60.0	60.0	-0.26	0.1	0.1	NA	NA	NA	NA	4.033	0.015231546	0.015231546	NA	2.585	0.222583045	0.222583045	NA	MS	G	NA	NA	NA	NA	NA	serenelli17	A	1	0.4124605474299613	0.03587206361283052	0.039103996542480035
KIC6605673	1.135	0.089537702	0.060539243	1.65	0.039	0.032649655	6222.0	60.0	60.0	-0.258	0.1	0.1	NA	NA	NA	NA	4.058	0.014317821	0.011661904	NA	3.612	0.307113151	0.307113151	NA	MS	F	NA	NA	NA	NA	NA	serenelli17	A	1	0.5577477416414682	0.03544006078675632	0.038591146714254454
KIC6612225	1.186	0.065	0.068117545	1.783	0.049040799	0.049819675	6374.0	54.0	54.0	-0.337	0.1	0.1	NA	NA	NA	NA	4.009	0.01118034	0.01118034	NA	5.549	0.478999686	0.478999686	NA	MS	F	NA	NA	NA	NA	NA	serenelli17	A	1	0.7442147248141658	0.03595849620592162	0.039206738583697054
KIC6671492	1.413	0.065115282	0.066603303	2.445	0.049648766	0.047010637	6103.0	103.0	103.0	0.067	0.1	0.1	NA	NA	NA	NA	3.81	0.012529964	0.012529964	NA	8.403	0.73916899	0.73916899	NA	MS	F	NA	NA	NA	NA	NA	serenelli17	A	1	0.9244343635432307	0.036614881275557565	0.03998844370364607
KIC6689943	1.178	0.064031242	0.074625733	1.479	0.038275318	0.039115214	6011.0	54.0	54.0	-0.002	0.1	0.1	NA	NA	NA	NA	4.168	0.012083046	0.013	NA	3.222	0.274607079	0.274607079	NA	MS	F	NA	NA	NA	NA	NA	serenelli17	A	1	0.5081255360831992	0.03552129639489232	0.038687499979706386
KIC6766513	1.271	0.052345009	0.053740115	2.054	0.033970576	0.033970576	6594.0	77.0	77.0	-0.397	0.102	0.102	NA	NA	NA	NA	3.916	0.008062258	0.008062258	NA	6.876	0.643260767	0.643260767	NA	MS	F	NA	NA	NA	NA	NA	serenelli17	A	1	0.8373358680150148	0.03883927834876966	0.042656910870844555
KIC6837853	1.146	0.075742986	0.077987178	1.376	0.051	0.049244289	5886.0	57.0	57.0	0.154	0.1	0.1	NA	NA	NA	NA	4.218	0.020615528	0.021587033	NA	2.122	0.177657336	0.177657336	NA	MS	G	NA	NA	NA	NA	NA	serenelli17	A	1	0.32674537956532185	0.034917748551768324	0.03797257372296681
KIC6853020	1.515	0.098081599	0.134525091	2.092	0.070830784	0.070830784	6437.0	56.0	56.0	0.125	0.1	0.1	NA	NA	NA	NA	3.973	0.018681542	0.019646883	NA	7.406	0.598470002	0.598470002	NA	MS	F	NA	NA	NA	NA	NA	serenelli17	A	1	0.8695837077134237	0.03374887366033086	0.03659414393907656
KIC7038145	1.471	0.077103826	0.06670832	2.459	0.075894664	0.062769419	6074.0	58.0	58.0	0.257	0.1	0.1	NA	NA	NA	NA	3.823	0.016763055	0.015811388	NA	8.695	0.807294839	0.807294839	NA	MS	F	NA	NA	NA	NA	NA	serenelli17	A	1	0.9392695863387313	0.03855891532477507	0.04231891784166797
KIC7133688	1.418	0.081320354	0.096607453	1.932	0.063953108	0.062177166	6400.0	63.0	63.0	0.028	0.1	0.1	NA	NA	NA	NA	4.015	0.019646883	0.021587033	NA	6.589	0.596604813	0.596604813	NA	MS	F	NA	NA	NA	NA	NA	serenelli17	A	1	0.8188195075475364	0.03764382106659436	0.041219061021339654
KIC7174470	1.412	0.221551348	0.122674366	2.266	0.09625487	0.080156098	6119.0	84.0	84.0	0.192	0.1	0.1	NA	NA	NA	NA	3.882	0.022825424	0.021095023	NA	6.988	0.592399744	0.592399744	NA	MS	F	NA	NA	NA	NA	NA	serenelli17	A	1	0.8443528963108934	0.03533921196440781	0.038471585082650805
KIC7282890	1.596	0.094413982	0.215615398	2.393	0.075073298	0.107703296	6341.0	47.0	47.0	-0.014	0.099	0.099	NA	NA	NA	NA	3.877	0.013038405	0.015652476	NA	8.587	0.730976121	0.730976121	NA	MS	F	NA	NA	NA	NA	NA	serenelli17	A	1	0.9338414628987213	0.03548013025670671	0.03863866804572258
KIC7296438	1.159	0.040360872	0.055072679	1.393	0.02	0.023345235	5749.0	56.0	56.0	0.268	0.072111026	0.072111026	NA	NA	NA	NA	4.213	0.005830952	0.007615773	NA	2.202	0.188867864	0.188867864	NA	MS	G	NA	NA	NA	NA	NA	serenelli17	A	1	0.34281731463573295	0.035738260007266986	0.03894503301468971
KIC7376493	0.997	0.059169249	0.054918121	1.494	0.036891733	0.036055513	5803.0	73.0	73.0	-0.123	0.101	0.101	NA	NA	NA	NA	4.087	0.01077033	0.01077033	NA	2.293	0.20247532	0.20247532	NA	MS	G	NA	NA	NA	NA	NA	serenelli17	A	1	0.36040405472993886	0.03674922436468281	0.04014875568514875
KIC7383120	1.105	0.081301906	0.075451971	1.393	0.054129474	0.052325902	6048.0	58.0	58.0	-0.112	0.1	0.1	NA	NA	NA	NA	4.194	0.018248288	0.018248288	NA	2.549	0.220573735	0.220573735	NA	MS	F	NA	NA	NA	NA	NA	serenelli17	A	1	0.4063698354692675	0.036043096489457804	0.03930734592143398
KIC7429287	0.937	0.053	0.051312766	1.498	0.036891733	0.036055513	5802.0	60.0	60.0	-0.381	0.1	0.1	NA	NA	NA	NA	4.058	0.01118034	0.01118034	NA	2.599	0.234262777	0.234262777	NA	MS	G	NA	NA	NA	NA	NA	serenelli17	A	1	0.4148062795010126	0.03748057645558256	0.0410233919078023
KIC7529180	1.352	0.06726812	0.067941151	1.455	0.032557641	0.032557641	6682.0	58.0	58.0	-0.024	0.1	0.1	NA	NA	NA	NA	4.243	0.009848858	0.009848858	NA	3.766	0.297722752	0.297722752	NA	MS	F	NA	NA	NA	NA	NA	serenelli17	A	1	0.575880315680646	0.033043754809826575	0.035766508749651704
KIC7591963	1.2	0.052009614	0.056859476	1.833	0.04788528	0.04788528	5966.0	61.0	61.0	0.011	0.1	0.1	NA	NA	NA	NA	3.99	0.015231546	0.015231546	NA	4.338	0.384319149	0.384319149	NA	MS	G	NA	NA	NA	NA	NA	serenelli17	A	1	0.6372895476781745	0.03686578702680254	0.04028793840200706
KIC7611858	1.128	0.103469802	0.06780118	1.54	0.062625873	0.058872744	5926.0	58.0	58.0	0.021	0.099	0.099	NA	NA	NA	NA	4.119	0.026925824	0.028861739	NA	2.849	0.251522846	0.251522846	NA	MS	G	NA	NA	NA	NA	NA	serenelli17	A	1	0.4546924492394769	0.03674248652579515	0.040140712812135604
KIC7668623	1.389	0.077103826	0.070837843	2.291	0.055217751	0.04669047	6277.0	48.0	48.0	-0.004	0.1	0.1	NA	NA	NA	NA	3.859	0.012529964	0.010816654	NA	8.698	0.736795261	0.736795261	NA	MS	F	NA	NA	NA	NA	NA	serenelli17	A	1	0.9394194033293172	0.035313076902137364	0.038440610477322945
KIC7680114	1.096	0.050990195	0.043908997	1.409	0.022803509	0.021260292	5800.0	56.0	56.0	0.058	0.1	0.1	NA	NA	NA	NA	4.179	0.008062258	0.007211103	NA	2.222	0.200872573	0.200872573	NA	MS	G	NA	NA	NA	NA	NA	serenelli17	A	1	0.3467440546048488	0.03758651912894284	0.04115035905176234
KIC7739672	1.228	0.120154068	0.07324616	1.733	0.055461698	0.050119856	6069.0	55.0	55.0	0.085	0.099	0.099	NA	NA	NA	NA	4.054	0.022847319	0.022847319	NA	4.124	0.348405035	0.348405035	NA	MS	F	NA	NA	NA	NA	NA	serenelli17	A	1	0.6153186566114789	0.03522247111572685	0.038333258353139166
KIC7771282	1.321	0.05481788	0.052497619	1.656	0.024041631	0.024041631	6407.0	74.0	74.0	-0.033	0.1	0.1	NA	NA	NA	NA	4.12	0.007211103	0.007211103	NA	4.198	0.356885411	0.356885411	NA	MS	F	NA	NA	NA	NA	NA	serenelli17	A	1	0.6230424342463817	0.035435021487143725	0.03858517091664593
KIC7800289	1.486	0.076576759	0.075927597	2.858	0.051224994	0.051855569	6422.0	53.0	53.0	-0.362	0.101	0.101	NA	NA	NA	NA	3.697	0.009219544	0.008485281	NA	12.69	1.035554847	1.035554847	NA	MS	F	NA	NA	NA	NA	NA	serenelli17	A	1	1.1034616220947047	0.034068287466030744	0.036970019718702174
KIC7833440	1.09	0.057982756	0.057140179	1.654	0.034885527	0.034885527	6327.0	59.0	59.0	-0.467	0.103	0.103	NA	NA	NA	NA	4.038	0.012083046	0.012083046	NA	3.976	0.34656281	0.34656281	NA	MS	F	NA	NA	NA	NA	NA	serenelli17	A	1	0.5994463757252757	0.03629493688308416	0.03960709069678425
KIC7870112	1.151	0.102552426	0.085146932	1.605	0.076006579	0.073498299	5656.0	79.0	79.0	0.351	0.099	0.099	NA	NA	NA	NA	4.088	0.029427878	0.029427878	NA	2.854	0.249733138	0.249733138	NA	MS	G	NA	NA	NA	NA	NA	serenelli17	A	1	0.45545396877862815	0.03643040434993822	0.039768483983933844
KIC7880676	1.436	0.125207827	0.137277092	2.054	0.07738863	0.074886581	6269.0	56.0	56.0	0.048	0.099	0.099	NA	NA	NA	NA	3.96	0.018788294	0.019697716	NA	6.669	0.584602538	0.584602538	NA	MS	F	NA	NA	NA	NA	NA	serenelli17	A	1	0.824060717418653	0.036493037260760364	0.03984314091421992
KIC7910848	1.274	0.070007142	0.103831594	1.637	0.056462377	0.054626001	6074.0	56.0	56.0	0.11	0.1	0.1	NA	NA	NA	NA	4.111	0.023086793	0.024041631	NA	3.745	0.314117072	0.314117072	NA	MS	F	NA	NA	NA	NA	NA	serenelli17	A	1	0.5734518220354853	0.03497975527105057	0.03804592315478428
KIC8012842	1.107	0.069404611	0.067007462	1.305	0.049040799	0.046238512	5849.0	58.0	58.0	0.152	0.1	0.1	NA	NA	NA	NA	4.251	0.023769729	0.023769729	NA	1.931	0.163391808	0.163391808	NA	MS	G	NA	NA	NA	NA	NA	serenelli17	A	1	0.28578227377939475	0.03527565673202537	0.038396268141825396
KIC8016496	1.5	0.105550936	0.133809566	2.081	0.109128365	0.100344407	6446.0	73.0	73.0	0.088	0.1	0.1	NA	NA	NA	NA	3.972	0.028160256	0.029154759	NA	6.152	0.590682773	0.590682773	NA	MS	F	NA	NA	NA	NA	NA	serenelli17	A	1	0.7890163267933746	0.03981640085354099	0.04383865811348564
KIC8019508	1.477	0.057801384	0.063513778	2.61	0.040311289	0.041182521	6211.0	55.0	55.0	0.052	0.1	0.1	NA	NA	NA	NA	3.772	0.009433981	0.009433981	NA	9.85	0.868727966	0.868727966	NA	MS	F	NA	NA	NA	NA	NA	serenelli17	A	1	0.9934362304976118	0.03670701846682001	0.04009837955148898
KIC8027956	1.178	0.053413481	0.055803226	1.728	0.049396356	0.047539457	5967.0	70.0	70.0	0.042	0.1	0.1	NA	NA	NA	NA	4.033	0.016763055	0.016763055	NA	3.431	0.298165152	0.298165152	NA	MS	G	NA	NA	NA	NA	NA	serenelli17	A	1	0.5354207180561734	0.03619089915175033	0.03948321704385099
KIC8106950	1.054	0.065192024	0.062681736	1.676	0.090443352	0.082873397	6098.0	63.0	63.0	-0.385	0.101	0.101	NA	NA	NA	NA	4.011	0.031064449	0.033060551	NA	3.457	0.313045757	0.313045757	NA	MS	F	NA	NA	NA	NA	NA	serenelli17	A	1	0.5386993795424068	0.03764724172227596	0.04122316283572858
KIC8114155	1.063	0.05964059	0.058821765	1.538	0.054083269	0.051264022	5761.0	60.0	60.0	0.019	0.1	0.1	NA	NA	NA	NA	4.089	0.021587033	0.022561028	NA	2.673	0.237112105	0.237112105	NA	MS	G	NA	NA	NA	NA	NA	serenelli17	A	1	0.42699895875653726	0.036910760691609035	0.040341661537575235
KIC8150065	1.22	0.044418465	0.055946403	1.408	0.017492856	0.021931712	6265.0	58.0	58.0	-0.033	0.1	0.1	NA	NA	NA	NA	4.227	0.007211103	0.008062258	NA	2.811	0.236825363	0.236825363	NA	MS	F	NA	NA	NA	NA	NA	serenelli17	A	1	0.4488608456074407	0.03512923318273381	0.03822283865963233
KIC8174981	1.227	0.055803226	0.055	1.984	0.041677332	0.042544095	6065.0	53.0	53.0	-0.099	0.1	0.1	NA	NA	NA	NA	3.932	0.012529964	0.012529964	NA	5.635	0.472254112	0.472254112	NA	MS	F	NA	NA	NA	NA	NA	serenelli17	A	1	0.7508939203821253	0.03495207021197566	0.03801317092182965
KIC8176564	1.174	0.045221676	0.068154237	1.526	0.024083189	0.031622777	6109.0	51.0	51.0	-0.126	0.072111026	0.072111026	NA	NA	NA	NA	4.14	0.00781025	0.01029563	NA	2.746	0.232140295	0.232140295	NA	MS	F	NA	NA	NA	NA	NA	serenelli17	A	1	0.4387005329007363	0.035244619853627424	0.03835949624311952
KIC8179536	1.289	0.044204072	0.042638011	1.366	0.016401219	0.015620499	6418.0	50.0	50.0	0.031	0.1	0.1	NA	NA	NA	NA	4.276	0.006708204	0.005830952	NA	2.624	0.222979865	0.222979865	NA	MS	F	NA	NA	NA	NA	NA	serenelli17	A	1	0.4189638307036227	0.03542056494690976	0.03856802862963277
KIC8216936	1.378	0.085632938	0.111503363	1.896	0.089693924	0.084599054	6437.0	50.0	50.0	-0.106	0.1	0.1	NA	NA	NA	NA	4.017	0.021095023	0.024083189	NA	9.234	0.780591873	0.780591873	NA	MS	F	NA	NA	NA	NA	NA	serenelli17	A	1	0.9653898702151223	0.03524338487072154	0.038358033177808726
KIC8241455	1.383	0.060876925	0.061619802	2.429	0.049091751	0.048259714	6262.0	66.0	66.0	-0.094	0.099	0.099	NA	NA	NA	NA	3.806	0.012083046	0.012083046	NA	9.402	0.792686091	0.792686091	NA	MS	F	NA	NA	NA	NA	NA	serenelli17	A	1	0.9732202468522337	0.03515361091809188	0.03825170369216324
KIC8249189	1.271	0.070092796	0.088814413	1.64	0.080529498	0.076922038	6432.0	65.0	65.0	-0.187	0.1	0.1	NA	NA	NA	NA	4.111	0.027073973	0.029068884	NA	6.48	0.770738566	0.770738566	NA	MS	F	NA	NA	NA	NA	NA	serenelli17	A	1	0.8115750058705934	0.04880724053510099	0.0549950755379357
KIC8289241	1.214	0.057384667	0.06685058	1.364	0.043081318	0.042154478	6306.0	52.0	52.0	-0.004	0.1	0.1	NA	NA	NA	NA	4.251	0.019235384	0.019235384	NA	2.682	0.220423645	0.220423645	NA	MS	F	NA	NA	NA	NA	NA	serenelli17	A	1	0.4284587735155801	0.034302029919546506	0.03724546192971401
KIC8298626	1.206	0.056302753	0.063134776	1.378	0.027730849	0.029546573	6211.0	84.0	84.0	0.038	0.099	0.099	NA	NA	NA	NA	4.24	0.0117047	0.012649111	NA	3.33	0.295233576	0.295233576	NA	MS	F	NA	NA	NA	NA	NA	serenelli17	A	1	0.5224442335063199	0.03689176015928297	0.04031896302802079
KIC8321567	1.073	0.058412327	0.057628118	1.586	0.034058773	0.034058773	5744.0	58.0	58.0	0.032	0.101	0.101	NA	NA	NA	NA	4.067	0.011401754	0.011401754	NA	2.503	0.230610554	0.230610554	NA	MS	G	NA	NA	NA	NA	NA	serenelli17	A	1	0.39846084960822326	0.03827579292198924	0.041978086057484765
KIC8360349	1.727	0.11472576	0.11472576	2.656	0.066407831	0.068942005	6258.0	49.0	49.0	0.153	0.099	0.099	NA	NA	NA	NA	3.826	0.01118034	0.012206556	NA	9.716	0.765419364	0.765419364	NA	MS	F	NA	NA	NA	NA	NA	serenelli17	A	1	0.9874875061330929	0.03293259142053795	0.03563629664607326
KIC8367710	1.455	0.064443774	0.122772147	2.041	0.033970576	0.055946403	6352.0	66.0	66.0	0.014	0.1	0.1	NA	NA	NA	NA	3.98	0.008062258	0.0117047	NA	6.585	0.565773538	0.565773538	NA	MS	F	NA	NA	NA	NA	NA	serenelli17	A	1	0.8185557792978027	0.03579724503668813	0.039015096157960616
KIC8408931	1.493	0.074652528	0.073878278	2.866	0.053254108	0.053254108	6252.0	120.0	120.0	-0.124	0.101	0.101	NA	NA	NA	NA	3.697	0.012529964	0.011661904	NA	11.63	1.025257412	1.025257412	NA	MS	F	NA	NA	NA	NA	NA	serenelli17	A	1	1.0655797147284485	0.03669126854490168	0.04007958350415186
KIC8414062	1.3	0.072124892	0.080280757	1.726	0.105304321	0.102459748	6578.0	61.0	61.0	-0.251	0.1	0.1	NA	NA	NA	NA	4.076	0.042107007	0.04110961	NA	3.12	0.281430927	0.281430927	NA	MS	F	NA	NA	NA	NA	NA	serenelli17	A	1	0.4941545940184428	0.03750706213149285	0.04105512731969796
KIC8416311	1.565	0.091438504	0.150479234	2.275	0.076059187	0.087726849	6446.0	60.0	60.0	0.131	0.1	0.1	NA	NA	NA	NA	3.915	0.015297059	0.015297059	NA	8.627	0.726635066	0.726635066	NA	MS	F	NA	NA	NA	NA	NA	serenelli17	A	1	0.9358597980378804	0.0351206237764099	0.038212645334535056
KIC8424992	0.929	0.047423623	0.047423623	1.052	0.019235384	0.019235384	5807.0	57.0	57.0	-0.127	0.101	0.101	NA	NA	NA	NA	4.362	0.007615773	0.007615773	NA	1.148	0.099757735	0.099757735	NA	MS	G	NA	NA	NA	NA	NA	serenelli17	A	1	0.05994188806195468	0.03618838272818307	0.03948022164192874
KIC8493800	1.252	0.057280014	0.063126856	1.482	0.029154759	0.03088689	6241.0	73.0	73.0	0.039	0.1	0.1	NA	NA	NA	NA	4.193	0.012529964	0.013416408	NA	2.704	0.227754039	0.227754039	NA	MS	F	NA	NA	NA	NA	NA	serenelli17	A	1	0.43200668726959834	0.03512084487078243	0.038212907099307025
KIC8499940	1.163	0.102156742	0.061717096	1.648	0.040706265	0.036359318	6023.0	58.0	58.0	-0.006	0.1	0.1	NA	NA	NA	NA	4.07	0.014317821	0.012529964	NA	3.065	0.26643273	0.26643273	NA	MS	F	NA	NA	NA	NA	NA	serenelli17	A	1	0.48643047885443386	0.036200569341119315	0.03949472821962874
KIC8579578	1.538	0.090338253	0.159154013	2.218	0.050219518	0.072670489	6308.0	45.0	45.0	0.054	0.1	0.1	NA	NA	NA	NA	3.932	0.012041595	0.015	NA	7.653	0.642982127	0.642982127	NA	MS	F	NA	NA	NA	NA	NA	serenelli17	A	1	0.8838317133294524	0.03503609440138311	0.038112588068160425
KIC8656342	1.159	0.112307613	0.073878278	1.621	0.045793013	0.043266615	6074.0	71.0	71.0	-0.05	0.099	0.099	NA	NA	NA	NA	4.085	0.017492856	0.015811388	NA	3.33	0.29975692	0.29975692	NA	MS	F	NA	NA	NA	NA	NA	serenelli17	A	1	0.5224442335063199	0.037433308378975405	0.040966765377510095
KIC8677016	1.081	0.064007812	0.06226556	1.324	0.032202484	0.031304952	6248.0	75.0	75.0	-0.27	0.101	0.101	NA	NA	NA	NA	4.227	0.013928388	0.013928388	NA	3.585	0.402598294	0.402598294	NA	MS	F	NA	NA	NA	NA	NA	serenelli17	A	1	0.5544891600038189	0.04622224151989274	0.051734161409799806
KIC8696343	1.119	0.06105735	0.06105735	1.183	0.034176015	0.03324154	6178.0	65.0	65.0	-0.056	0.099	0.099	NA	NA	NA	NA	4.341	0.018681542	0.019646883	NA	1.909	0.162372778	0.162372778	NA	MS	F	NA	NA	NA	NA	NA	serenelli17	A	1	0.2808059283936668	0.03545233605247189	0.038605703836380484
KIC8738809	1.332	0.043829214	0.041182521	2.163	0.027018512	0.026248809	6058.0	59.0	59.0	0.074	0.1	0.1	NA	NA	NA	NA	3.892	0.00781025	0.007071068	NA	6.269	0.527974582	0.527974582	NA	MS	F	NA	NA	NA	NA	NA	serenelli17	A	1	0.7971982698389589	0.03511737599653186	0.03820880015776984
KIC8776961	1.065	0.053141321	0.051264022	1.676	0.034	0.034	5777.0	72.0	72.0	-0.126	0.1	0.1	NA	NA	NA	NA	4.017	0.008944272	0.009848858	NA	2.977	0.266738426	0.266738426	NA	MS	G	NA	NA	NA	NA	NA	serenelli17	A	1	0.47377883464672477	0.03726699094016628	0.04076762692260738
KIC8802782	1.44	0.15559563	0.077233412	2.359	0.116107709	0.10031949	6089.0	68.0	68.0	0.254	0.1	0.1	NA	NA	NA	NA	3.851	0.023086793	0.024083189	NA	8.073	0.665018024	0.665018024	NA	MS	F	NA	NA	NA	NA	NA	serenelli17	A	1	0.907034952483417	0.03437798371476852	0.03733503546899708
KIC8915084	1.131	0.10511898	0.074202426	1.501	0.043382024	0.037215588	5817.0	60.0	60.0	0.09	0.1	0.1	NA	NA	NA	NA	4.141	0.015264338	0.014422205	NA	2.713	0.229036118	0.229036118	NA	MS	G	NA	NA	NA	NA	NA	serenelli17	A	1	0.4334497937615961	0.03519820629266607	0.03830451705662535
KIC8938364	1.037	0.048795492	0.049497475	1.376	0.023430749	0.023430749	5965.0	62.0	62.0	-0.18	0.1	0.1	NA	NA	NA	NA	4.176	0.00781025	0.00781025	NA	1.866	0.164602039	0.164602039	NA	MS	G	NA	NA	NA	NA	NA	serenelli17	A	1	0.2709116394104812	0.036713178528449686	0.04010573141119905
KIC8940939	1.095	0.086313383	0.065802736	1.458	0.056356011	0.048548944	6343.0	58.0	58.0	-0.402	0.1	0.1	NA	NA	NA	NA	4.149	0.014142136	0.014142136	NA	5.227	0.440074512	0.440074512	NA	MS	F	NA	NA	NA	NA	NA	serenelli17	A	1	0.7182525000977505	0.03510642278508924	0.03819583267477189
KIC8950146	1.237	0.054671748	0.061032778	1.33	0.032202484	0.032202484	6374.0	60.0	60.0	-0.014	0.101	0.101	NA	NA	NA	NA	4.282	0.014317821	0.014317821	NA	2.588	0.214813087	0.214813087	NA	MS	F	NA	NA	NA	NA	NA	serenelli17	A	1	0.4129642719966628	0.034629864653694664	0.03763232725268423
KIC8952800	1.293	0.066219333	0.063245553	2.014	0.048600412	0.045453273	6122.0	55.0	55.0	0.03	0.1	0.1	NA	NA	NA	NA	3.941	0.01077033	0.01077033	NA	5.939	0.507484631	0.507484631	NA	MS	F	NA	NA	NA	NA	NA	serenelli17	A	1	0.7737133252770216	0.03560962632707154	0.03879231252419446
KIC8956017	1.497	0.074652528	0.074652528	1.881	0.077162167	0.072449983	6605.0	86.0	86.0	0.128	0.1	0.1	NA	NA	NA	NA	4.063	0.02433105	0.025317978	NA	5.943	0.482317729	0.482317729	NA	MS	F	NA	NA	NA	NA	NA	serenelli17	A	1	0.7740057302582095	0.033888877938066386	0.03675882234851624
KIC9005973	1.122	0.074303432	0.069115845	1.452	0.038483763	0.037576588	6131.0	57.0	57.0	-0.128	0.1	0.1	NA	NA	NA	NA	4.164	0.014317821	0.015231546	NA	2.539	0.214719269	0.214719269	NA	MS	F	NA	NA	NA	NA	NA	serenelli17	A	1	0.40466270087372225	0.035256962665694	0.03837411908269084
KIC9049593	1.157	0.089202018	0.097621719	1.414	0.052801515	0.052009614	5788.0	59.0	59.0	0.202	0.1	0.1	NA	NA	NA	NA	4.197	0.019313208	0.019313208	NA	2.614	0.217129481	0.217129481	NA	MS	G	NA	NA	NA	NA	NA	serenelli17	A	1	0.4173055832445255	0.03465414892449603	0.03766100953738749
KIC9073645	1.373	0.077794601	0.070292247	2.342	0.087664132	0.079649231	6438.0	64.0	64.0	-0.152	0.1	0.1	NA	NA	NA	NA	3.836	0.021377558	0.021377558	NA	8.356	0.740955344	0.740955344	NA	MS	F	NA	NA	NA	NA	NA	serenelli17	A	1	0.921998431308271	0.036897631501655925	0.040325976847303546
KIC9093289	1.237	0.055865911	0.068242216	1.448	0.032695565	0.033615473	6285.0	57.0	57.0	-0.011	0.1	0.1	NA	NA	NA	NA	4.207	0.014317821	0.015231546	NA	3.143	0.279932795	0.279932795	NA	MS	F	NA	NA	NA	NA	NA	serenelli17	A	1	0.49734438101758	0.03705399137557691	0.040512838648058935
KIC9116461	1.208	0.051107729	0.053712196	1.251	0.029546573	0.029546573	6470.0	47.0	47.0	-0.116	0.1	0.1	NA	NA	NA	NA	4.324	0.012041595	0.013038405	NA	2.402	0.193508831	0.193508831	NA	MS	F	NA	NA	NA	NA	NA	serenelli17	A	1	0.3805730030668873	0.0336495078008589	0.036477336063936494
KIC9138680	1.416	0.055443665	0.055443665	2.477	0.053712196	0.052801515	5990.0	60.0	60.0	0.129	0.099	0.099	NA	NA	NA	NA	3.8	0.012649111	0.012649111	NA	7.756	0.670259577	0.670259577	NA	MS	G	NA	NA	NA	NA	NA	serenelli17	A	1	0.8896378004066677	0.035997033344795315	0.03925256193866755
KIC9143749	1.151	0.057428216	0.062433965	1.708	0.046518813	0.045617979	6075.0	76.0	76.0	-0.122	0.101	0.101	NA	NA	NA	NA	4.033	0.014866069	0.014866069	NA	3.896	0.337951413	0.337951413	NA	MS	F	NA	NA	NA	NA	NA	serenelli17	A	1	0.5906189482065779	0.03612692172927978	0.03940707390164
KIC9163769	1.315	0.061619802	0.058694122	1.537	0.038013156	0.037121422	6438.0	100.0	100.0	0.049	0.1	0.1	NA	NA	NA	NA	4.183	0.016763055	0.016763055	NA	3.949	0.322075477	0.322075477	NA	MS	F	NA	NA	NA	NA	NA	serenelli17	A	1	0.5964871337365442	0.034050112463161475	0.036948615814141106
KIC9202077	1.444	0.091416629	0.167764716	1.981	0.055226805	0.070491134	6119.0	70.0	70.0	0.148	0.1	0.1	NA	NA	NA	NA	3.999	0.015	0.017492856	NA	5.599	0.476347427	0.476347427	NA	MS	F	NA	NA	NA	NA	NA	serenelli17	A	1	0.7481104674949838	0.03546065120574993	0.03861556520941145
KIC9204313	1.018	0.061854668	0.058600341	1.508	0.033837849	0.033015148	5853.0	57.0	57.0	-0.158	0.1	0.1	NA	NA	NA	NA	4.088	0.012206556	0.012206556	NA	2.117	0.182898403	0.182898403	NA	MS	G	NA	NA	NA	NA	NA	serenelli17	A	1	0.325720858019412	0.03598779365425869	0.039241574488777575
KIC9225600	1.425	0.072917762	0.077794601	1.84	0.044102154	0.044102154	6262.0	56.0	56.0	0.219	0.1	0.1	NA	NA	NA	NA	4.061	0.012369317	0.012369317	NA	4.758	0.411033864	0.411033864	NA	MS	F	NA	NA	NA	NA	NA	serenelli17	A	1	0.6774244377012474	0.0359849396783144	0.039238180764521347
KIC9266926	0.956	0.053535035	0.052697249	1.47	0.03671512	0.035846897	5971.0	63.0	63.0	-0.387	0.099	0.099	NA	NA	NA	NA	4.083	0.012083046	0.012083046	NA	2.318	0.198602337	0.198602337	NA	MS	G	NA	NA	NA	NA	NA	serenelli17	A	1	0.3651134316275772	0.035701163940360436	0.038900980512153516
KIC9287845	1.589	0.090603532	0.147627911	2.313	0.093920179	0.092973114	6488.0	62.0	62.0	0.131	0.1	0.1	NA	NA	NA	NA	3.905	0.022203603	0.023194827	NA	8.928	0.762176079	0.762176079	NA	MS	F	NA	NA	NA	NA	NA	serenelli17	A	1	0.9507541815935036	0.03557748704067876	0.03875417056230923
KIC9289275	1.349	0.06726812	0.065299311	1.767	0.026870058	0.026870058	6227.0	48.0	48.0	0.092	0.1	0.1	NA	NA	NA	NA	4.073	0.008485281	0.009219544	NA	4.012	0.34263304	0.34263304	NA	MS	F	NA	NA	NA	NA	NA	serenelli17	A	1	0.6033609243483805	0.03559063903254578	0.03876977821416272
KIC9292130	1.347	0.060876925	0.0595483	2.176	0.052697249	0.050219518	6176.0	52.0	52.0	0.049	0.1	0.1	NA	NA	NA	NA	3.891	0.0117047	0.0117047	NA	6.423	0.541940302	0.541940302	NA	MS	F	NA	NA	NA	NA	NA	serenelli17	A	1	0.8077379220141008	0.03517947633050589	0.03828233411344195
KIC9328372	1.464	0.070604532	0.069028979	1.781	0.070519501	0.065787537	6572.0	80.0	80.0	0.16	0.1	0.1	NA	NA	NA	NA	4.101	0.02433105	0.025317978	NA	6.039	0.521100979	0.521100979	NA	MS	F	NA	NA	NA	NA	NA	serenelli17	A	1	0.7809650296083169	0.03594549487175813	0.039191281095407815
KIC9390670	1.37	0.071505245	0.069526973	1.711	0.06946222	0.064884513	6246.0	50.0	50.0	0.195	0.1	0.1	NA	NA	NA	NA	4.107	0.024186773	0.025179357	NA	4.782	0.397738991	0.397738991	NA	MS	F	NA	NA	NA	NA	NA	serenelli17	A	1	0.679609571779756	0.034698304254207946	0.03771317060221713
KIC9394953	1.205	0.059033889	0.05375872	1.746	0.039357337	0.034985711	6018.0	65.0	65.0	0.076	0.1	0.1	NA	NA	NA	NA	4.034	0.014422205	0.013601471	NA	3.682	0.317461914	0.317461914	NA	MS	F	NA	NA	NA	NA	NA	serenelli17	A	1	0.5660837841679959	0.03591778128496281	0.03915833536170854
KIC9414417	1.399	0.073736016	0.075239617	1.917	0.036687873	0.038910153	6278.0	52.0	52.0	-0.049	0.072111026	0.072111026	NA	NA	NA	NA	4.018	0.009433981	0.01	NA	5.158	0.428564138	0.428564138	NA	MS	F	NA	NA	NA	NA	NA	serenelli17	A	1	0.7124813378019187	0.03466345135929305	0.03767199762056661
KIC9446628	1.213	0.0718401	0.075742986	1.893	0.091923882	0.086406018	6298.0	59.0	59.0	-0.268	0.101	0.101	NA	NA	NA	NA	3.965	0.029274562	0.030265492	NA	5.317	0.439688713	0.439688713	NA	MS	F	NA	NA	NA	NA	NA	serenelli17	A	1	0.7256666603141786	0.03450608575004721	0.03748618565102302
KIC9451741	1.124	0.078517514	0.079208585	1.291	0.054644304	0.052201533	5835.0	68.0	68.0	0.206	0.1	0.1	NA	NA	NA	NA	4.266	0.019104973	0.020099751	NA	1.99	0.166780593	0.166780593	NA	MS	G	NA	NA	NA	NA	NA	serenelli17	A	1	0.29885307640970665	0.034952890623315025	0.03801414142686044
KIC9455860	1.385	0.072249567	0.065115282	1.678	0.051078371	0.048332184	6716.0	59.0	59.0	-0.051	0.1	0.1	NA	NA	NA	NA	4.129	0.018973666	0.019924859	NA	5.166	0.422130072	0.422130072	NA	MS	F	NA	NA	NA	NA	NA	serenelli17	A	1	0.7131544018372984	0.034112104569485546	0.037021629222720676
KIC9457728	1.194	0.063411355	0.065946948	1.822	0.035383612	0.036124784	6390.0	49.0	49.0	-0.161	0.072111026	0.072111026	NA	NA	NA	NA	3.993	0.010630146	0.010630146	NA	5.208	0.437591644	0.437591644	NA	MS	F	NA	NA	NA	NA	NA	serenelli17	A	1	0.7166709755601356	0.035038486070246844	0.038115418497668196
KIC9458636	1.204	0.116811814	0.060827625	1.735	0.06306346	0.056938563	6220.0	56.0	56.0	-0.059	0.1	0.1	NA	NA	NA	NA	4.043	0.016278821	0.018248288	NA	4.007	0.342379248	0.342379248	NA	MS	F	NA	NA	NA	NA	NA	serenelli17	A	1	0.6028193424326997	0.03560793557815256	0.03879030583917498
KIC9468847	1.17	0.057982756	0.057982756	1.796	0.052801515	0.051894123	6064.0	52.0	52.0	-0.109	0.1	0.1	NA	NA	NA	NA	3.998	0.017088007	0.017088007	NA	4.292	0.374219825	0.374219825	NA	MS	F	NA	NA	NA	NA	NA	serenelli17	A	1	0.6326597132939135	0.036305481201473144	0.03961964903253923
KIC9512063	1.158	0.049929951	0.050774009	2.053	0.036069378	0.03748333	5977.0	58.0	58.0	-0.332	0.102	0.102	NA	NA	NA	NA	3.876	0.006708204	0.006708204	NA	4.637	0.403547098	0.403547098	NA	MS	G	NA	NA	NA	NA	NA	serenelli17	A	1	0.6662370958958044	0.036240581174209474	0.03954236337317607
KIC9542776	1.385	0.084864598	0.080659779	2.475	0.153388396	0.13689412	6343.0	87.0	87.0	-0.157	0.101	0.101	NA	NA	NA	NA	3.791	0.035510562	0.03748333	NA	11.52	1.024578719	1.024578719	NA	MS	F	NA	NA	NA	NA	NA	serenelli17	A	1	1.0614524790871933	0.03700360202092967	0.04045260345399382
KIC9579208	1.204	0.063513778	0.051662365	1.781	0.034132096	0.027658633	6422.0	56.0	56.0	-0.17	0.072111026	0.072111026	NA	NA	NA	NA	4.017	0.01118034	0.008602325	NA	4.92	0.408637299	0.408637299	NA	MS	F	NA	NA	NA	NA	NA	serenelli17	A	1	0.6919651027673603	0.034651057630497695	0.03765735819887517
KIC9641837	1.304	0.058728187	0.056727418	2.193	0.046400431	0.04482187	6270.0	51.0	51.0	-0.161	0.1	0.1	NA	NA	NA	NA	3.871	0.01118034	0.01118034	NA	6.06	0.546385001	0.546385001	NA	MS	F	NA	NA	NA	NA	NA	serenelli17	A	1	0.7824726241662862	0.03749125535224207	0.041036186960802024
KIC9664694	1.252	0.052430907	0.05745433	2.293	0.057706152	0.059481089	6080.0	55.0	55.0	-0.272	0.1	0.1	NA	NA	NA	NA	3.813	0.012165525	0.012165525	NA	8.512	0.725162236	0.725162236	NA	MS	F	NA	NA	NA	NA	NA	serenelli17	A	1	0.930031614950973	0.035506956427741154	0.03867048853189514
KIC9693187	0.986	0.053254108	0.050803543	1.423	0.028319605	0.027586228	5790.0	55.0	55.0	-0.164	0.1	0.1	NA	NA	NA	NA	4.125	0.008602325	0.008602325	NA	2.982	0.268050525	0.268050525	NA	MS	G	NA	NA	NA	NA	NA	serenelli17	A	1	0.4745076391169758	0.03738247341824863	0.04090588088277425
KIC9697131	1.436	0.058137767	0.063560994	1.922	0.028301943	0.03088689	6491.0	69.0	69.0	0.11	0.072111026	0.072111026	NA	NA	NA	NA	4.027	0.008544004	0.008544004	NA	5.503	0.44698172	0.44698172	NA	MS	F	NA	NA	NA	NA	NA	serenelli17	A	1	0.7405995128111565	0.03391611864590993	0.036790877345218465
KIC9700430	1.221	0.06726812	0.090917545	1.511	0.045177428	0.046957428	6111.0	90.0	90.0	0.024	0.1	0.1	NA	NA	NA	NA	4.164	0.015524175	0.016492423	NA	2.801	0.24181609	0.24181609	NA	MS	F	NA	NA	NA	NA	NA	serenelli17	A	1	0.44731310882356823	0.03596259525597528	0.03921161221804759
KIC9702369	1.281	0.050209561	0.048104054	1.379	0.018384776	0.018384776	6431.0	50.0	50.0	0.03	0.1	0.1	NA	NA	NA	NA	4.266	0.006708204	0.006708204	NA	2.29	0.201882888	0.201882888	NA	MS	F	NA	NA	NA	NA	NA	serenelli17	A	1	0.359835482339888	0.03669214541830529	0.040080629930608735
KIC9702752	1.188	0.042201896	0.044654227	1.701	0.025	0.025806976	5770.0	62.0	62.0	0.265	0.1	0.1	NA	NA	NA	NA	4.051	0.009219544	0.009219544	NA	2.656	0.233806485	0.233806485	NA	MS	G	NA	NA	NA	NA	NA	serenelli17	A	1	0.4242280706959799	0.036640690638234885	0.04001923364807314
KIC9754284	1.276	0.062801274	0.081215762	1.621	0.029832868	0.034669872	6182.0	54.0	54.0	0.025	0.1	0.1	NA	NA	NA	NA	4.123	0.012041595	0.013601471	NA	3.351	0.281864612	0.281864612	NA	MS	F	NA	NA	NA	NA	NA	serenelli17	A	1	0.5251744278352715	0.03507478523335128	0.038158381057270874
KIC9778067	1.189	0.065946948	0.067475922	1.998	0.065368188	0.064498062	6433.0	90.0	90.0	-0.529	0.102	0.102	NA	NA	NA	NA	3.911	0.018248288	0.019235384	NA	5.769	0.486377409	0.486377409	NA	MS	F	NA	NA	NA	NA	NA	serenelli17	A	1	0.7611005389581423	0.035152978380886823	0.03825095467684614
KIC9787965	1.31	0.084599054	0.083528438	2.062	0.0846286	0.078243211	6200.0	65.0	65.0	0.001	0.1	0.1	NA	NA	NA	NA	3.926	0.019104973	0.020099751	NA	7.654	0.783754292	0.783754292	NA	MS	F	NA	NA	NA	NA	NA	serenelli17	A	1	0.8838884578884805	0.04233841665557547	0.04691618840966494
KIC9791157	1.186	0.049244289	0.05758472	1.952	0.037696154	0.039560081	5852.0	63.0	63.0	-0.047	0.1	0.1	NA	NA	NA	NA	3.929	0.011661904	0.011661904	NA	4.555	0.407819357	0.407819357	NA	MS	G	NA	NA	NA	NA	NA	serenelli17	A	1	0.658488381309017	0.03724008617404495	0.04073542852289713
KIC9821513	1.291	0.068622154	0.096041658	1.775	0.056035703	0.059363288	6550.0	65.0	65.0	-0.307	0.101	0.101	NA	NA	NA	NA	4.048	0.014142136	0.013152946	NA	5.837	0.488221059	0.488221059	NA	MS	F	NA	NA	NA	NA	NA	serenelli17	A	1	0.76618969331016	0.03488601488176357	0.03793504394528513
KIC9880787	1.168	0.053712196	0.055470713	2.014	0.038910153	0.039812058	6074.0	56.0	56.0	-0.314	0.102	0.102	NA	NA	NA	NA	3.896	0.01029563	0.01029563	NA	5.216	0.446910122	0.446910122	NA	MS	F	NA	NA	NA	NA	NA	serenelli17	A	1	0.7173375827238638	0.03570208611982939	0.03890207552345648
KIC9962623	0.987	0.08475848	0.076321688	1.395	0.042154478	0.040311289	5913.0	166.0	166.0	-0.207	0.101	0.101	NA	NA	NA	NA	4.143	0.016155494	0.015231546	NA	2.079	0.180289342	0.180289342	NA	MS	G	NA	NA	NA	NA	NA	serenelli17	A	1	0.3178544893314692	0.03611736424810985	0.0393957011126449
KIC10514430	1.059	0.04	0.021	1.59	0.015	0.018	5784.0	98.0	98.0	-0.114	0.072111026	0.072111026	NA	NA	NA	NA	4.061	0.004	0.004	NA	2.634	0.151	0.124	NA	MS	G	NA	NA	NA	NA	NA	silva15	A	1	0.420615770625765	0.024209428883982642	0.020942049144726915
KIC10586004	1.178	0.021	0.03	1.653	0.009	0.012	5770.0	83.0	83.0	0.256	0.072111026	0.072111026	NA	NA	NA	NA	4.071	0.005	0.005	NA	2.749	0.151	0.155	NA	MS	G	NA	NA	NA	NA	NA	silva15	A	1	0.4391747398434685	0.023223258055487583	0.02520476809540717
KIC10666592	1.497	0.042	0.04	1.986	0.018	0.015	6350.0	80.0	80.0	0.203	0.072111026	0.072111026	NA	NA	NA	NA	4.017	0.007	0.009	NA	5.754	0.304	0.322	NA	MS	F	NA	NA	NA	NA	NA	silva15	A	1	0.7599698575543072	0.02235941144252973	0.025010096281862015
KIC11133306	1.059	0.04	0.03	1.189	0.012	0.012	5982.0	82.0	82.0	-0.025	0.072111026	0.072111026	NA	NA	NA	NA	4.314	0.004	0.007	NA	1.628	0.092	0.079	NA	MS	G	NA	NA	NA	NA	NA	silva15	A	1	0.2116544005531824	0.02387404635436649	0.021602982793976433
KIC11401755	1.059	0.03	0.021	1.632	0.015	0.021	5911.0	66.0	66.0	-0.179	0.072111026	0.072111026	NA	NA	NA	NA	4.039	0.004	0.004	NA	2.982	0.144	0.148	NA	MS	G	NA	NA	NA	NA	NA	silva15	A	1	0.4745076391169758	0.020481334566192333	0.022107793205534187
KIC11853905	1.117	0.021	0.029	1.555	0.012	0.012	5781.0	76.0	76.0	0.177	0.072111026	0.072111026	NA	NA	NA	NA	4.102	0.005	0.004	NA	2.505	0.142	0.124	NA	MS	G	NA	NA	NA	NA	NA	silva15	A	1	0.3988077302032645	0.023946211098083703	0.02204833479838464
KIC11904151	0.918	0.011	0.019	1.066	0.006	0.009	5647.0	74.0	74.0	-0.114	0.072111026	0.072111026	NA	NA	NA	NA	4.344	0.003	0.003	NA	1.063	0.032	0.034	NA	MS	G	NA	NA	NA	NA	NA	silva15	A	1	0.026533264523296733	0.012880854652840397	0.01411788976086384
KIC3425851	1.178	0.049	0.049	1.36	0.015	0.018	6343.0	85.0	85.0	-0.016	0.072111026	0.072111026	NA	NA	NA	NA	4.243	0.008	0.008	NA	2.728	0.162	0.157	NA	MS	F	NA	NA	NA	NA	NA	silva15	A	1	0.4358443659844413	0.025053476772106564	0.025742289341580682
KIC4141376	1.019	0.021	0.03	1.039	0.009	0.009	6134.0	91.0	91.0	-0.269	0.072111026	0.072111026	NA	NA	NA	NA	4.412	0.003	0.004	NA	1.363	0.052	0.056	NA	MS	F	NA	NA	NA	NA	NA	silva15	A	1	0.13449585583467355	0.01626058402563549	0.01822026825412927
KIC4143755	0.918	0.021	0.03	1.414	0.012	0.013	5622.0	106.0	106.0	-0.357	0.072111026	0.072111026	NA	NA	NA	NA	4.102	0.001	0.002	NA	1.997	0.029	0.038	NA	MS	G	NA	NA	NA	NA	NA	silva15	A	1	0.30037806487070257	0.006261376153559095	0.00834362887596618
KIC4914423	1.099	0.019	0.03	1.45	0.009	0.009	5845.0	88.0	88.0	0.131	0.072111026	0.072111026	NA	NA	NA	NA	4.155	0.004	0.004	NA	2.256	0.115	0.119	NA	MS	G	NA	NA	NA	NA	NA	silva15	A	1	0.35333909531130464	0.02159245866688353	0.023534573147235338
KIC5094751	1.068	0.04	0.04	1.339	0.015	0.018	5952.0	75.0	75.0	-0.017	0.072111026	0.072111026	NA	NA	NA	NA	4.213	0.008	0.007	NA	2.04	0.124	0.112	NA	MS	G	NA	NA	NA	NA	NA	silva15	A	1	0.3096301674258988	0.025627089008633086	0.02452313785908683
KIC6196457	1.209	0.019	0.03	1.716	0.012	0.012	5871.0	94.0	94.0	0.19	0.072111026	0.072111026	NA	NA	NA	NA	4.049	0.004	0.005	NA	3.316	0.185	0.164	NA	MS	G	NA	NA	NA	NA	NA	silva15	A	1	0.5206145218782359	0.02357758888679673	0.02202831306071823
KIC6278762	0.739	0.009	0.011	0.748	0.006	0.003	5046.0	74.0	74.0	-0.482	0.072111026	0.072111026	NA	NA	NA	NA	4.56	0.003	0.002	NA	0.341	0.02	0.016	NA	MS	K	NA	NA	NA	NA	NA	silva15	A	1	-0.4672456210075022	0.024752822913160222	0.0208710180136234
KIC6521045	1.108	0.021	0.019	1.513	0.009	0.012	5825.0	75.0	75.0	0.102	0.072111026	0.072111026	NA	NA	NA	NA	4.125	0.004	0.004	NA	2.478	0.112	0.112	NA	MS	G	NA	NA	NA	NA	NA	silva15	A	1	0.3941013020400447	0.019198462041207176	0.020086561748133114
KIC7670943	1.239	0.04	0.051	1.417	0.015	0.021	6463.0	110.0	110.0	-0.071	0.072111026	0.072111026	NA	NA	NA	NA	4.228	0.008	0.008	NA	3.039	0.167	0.173	NA	MS	F	NA	NA	NA	NA	NA	silva15	A	1	0.4827307000799429	0.023232817938183103	0.025454514018617203
KIC8077137	1.117	0.04	0.049	1.632	0.018	0.009	6072.0	75.0	75.0	-0.032	0.072111026	0.072111026	NA	NA	NA	NA	4.056	0.013	0.01	NA	3.183	0.293	0.202	NA	MS	F	NA	NA	NA	NA	NA	silva15	A	1	0.502836638621003	0.03824312915562578	0.02847466258837228
KIC8292840	1.148	0.051	0.049	1.345	0.015	0.018	6239.0	94.0	94.0	-0.164	0.072111026	0.072111026	NA	NA	NA	NA	4.24	0.008	0.008	NA	2.636	0.148	0.142	NA	MS	F	NA	NA	NA	NA	NA	silva15	A	1	0.42094540592197227	0.02372382501655229	0.024048956779448405
KIC8349582	1.068	0.021	0.019	1.417	0.012	0.009	5699.0	74.0	74.0	0.268	0.072111026	0.072111026	NA	NA	NA	NA	4.163	0.003	0.004	NA	1.891	0.09	0.094	NA	MS	G	NA	NA	NA	NA	NA	silva15	A	1	0.2766915288450397	0.020192946693507352	0.02214345173606591
KIC8478994	0.81	0.019	0.011	0.772	0.003	0.006	5417.0	75.0	75.0	-0.248	0.072111026	0.072111026	NA	NA	NA	NA	4.57	0.003	0.002	NA	0.467	0.023	0.025	NA	MS	G	NA	NA	NA	NA	NA	silva15	A	1	-0.33068311943388784	0.02087919946240152	0.023894611217020245
KIC8494142	1.418	0.03	0.019	1.887	0.012	0.012	6144.0	106.0	106.0	0.058	0.072111026	0.072111026	NA	NA	NA	NA	4.038	0.005	0.005	NA	4.818	0.259	0.243	NA	MS	F	NA	NA	NA	NA	NA	silva15	A	1	0.6828667956623246	0.0227403677422805	0.02247569725985754
KIC8554498	1.197	0.021	0.029	1.794	0.015	0.015	5945.0	60.0	60.0	0.17	0.05	0.05	NA	NA	NA	NA	4.007	0.003	0.003	NA	3.684	0.13	0.182	NA	MS	G	NA	NA	NA	NA	NA	silva15	A	1	0.5663196215248113	0.015061067185175525	0.022003479777383927
KIC8866102	1.228	0.042	0.04	1.357	0.012	0.015	6325.0	75.0	75.0	-0.005	0.072111026	0.072111026	NA	NA	NA	NA	4.262	0.007	0.008	NA	2.753	0.13	0.13	NA	MS	F	NA	NA	NA	NA	NA	silva15	A	1	0.43980621139333026	0.020038430994877565	0.021007920802976643
KIC9592705	1.509	0.029	0.021	2.124	0.015	0.012	6174.0	92.0	92.0	0.216	0.072111026	0.072111026	NA	NA	NA	NA	3.961	0.004	0.003	NA	6.088	0.227	0.247	NA	MS	F	NA	NA	NA	NA	NA	silva15	A	1	0.7844746437625164	0.01589871112883312	0.01798743752282228
KIC10068307	1.469	0.0095	0.0209	2.0823	0.018	0.018	6132.0	77.0	77.0	-0.23	0.1	0.1	NA	NA	NA	NA	3.9666	0.0044	0.0044	NA	6.294	0.2	0.173	NA	MS	F	NA	NA	NA	NA	NA	silva17	A	1	0.7989267385772014	0.013585545712781255	0.012104359078013993
KIC10516096	1.0586	0.0494	0.0608	1.3986	0.024	0.021	5964.0	77.0	77.0	-0.11	0.1	0.1	NA	NA	NA	NA	4.169	0.011	0.0099	NA	2.217	0.189	0.146	NA	MS	G	NA	NA	NA	NA	NA	silva17	A	1	0.3457656931144882	0.035529929889337786	0.02958559422103557
KIC12069424	1.0491	0.019	0.0209	1.2156	0.012	0.012	5825.0	50.0	50.0	0.1	0.03	0.03	NA	NA	NA	NA	4.2867	0.0066	0.0066	NA	1.531	0.072	0.07	NA	MS	G	NA	NA	NA	NA	NA	silva17	A	1	0.18497519069826102	0.019958331655883815	0.020324974763964276
KIC12069449	0.9883	0.0209	0.019	1.0957	0.009	0.009	5750.0	50.0	50.0	0.05	0.02	0.02	NA	NA	NA	NA	4.3527	0.0055	0.0066	NA	1.173	0.058	0.049	NA	MS	G	NA	NA	NA	NA	NA	silva17	A	1	0.06929801211552926	0.020960040815787076	0.018531700882486936
KIC12258514	1.2581	0.0095	0.0095	1.6055	0.012	0.009	5964.0	77.0	77.0	0.0	0.1	0.1	NA	NA	NA	NA	4.1261	0.0033	0.0044	NA	3.162	0.104	0.09	NA	MS	G	NA	NA	NA	NA	NA	silva17	A	1	0.4999618655961902	0.014054314804459123	0.012540654236715798
KIC3456181	1.4975	0.0304	0.019	2.1483	0.027	0.027	6384.0	77.0	77.0	-0.15	0.1	0.1	NA	NA	NA	NA	3.949	0.0088	0.0077	NA	7.215	0.243	0.295	NA	MS	F	NA	NA	NA	NA	NA	silva17	A	1	0.858236335429513	0.014386043595775333	0.018130240972755285
KIC5184732	1.1479	0.0399	0.0589	1.3206	0.015	0.021	5846.0	77.0	77.0	0.36	0.1	0.1	NA	NA	NA	NA	4.2548	0.0077	0.0099	NA	1.806	0.128	0.128	NA	MS	G	NA	NA	NA	NA	NA	silva17	A	1	0.256717745977487	0.029738723769495934	0.03192578948480551
KIC6106415	1.0681	0.0513	0.0399	1.2186	0.018	0.018	6037.0	77.0	77.0	-0.04	0.1	0.1	NA	NA	NA	NA	4.2955	0.0088	0.0088	NA	1.765	0.121	0.112	NA	MS	F	NA	NA	NA	NA	NA	silva17	A	1	0.24674470972384135	0.028796978677468194	0.02847185615239392
KIC6225718	1.1593	0.0304	0.0304	1.2336	0.012	0.015	6313.0	76.0	76.0	-0.07	0.1	0.1	NA	NA	NA	NA	4.3186	0.0066	0.0055	NA	2.137	0.094	0.09	NA	MS	F	NA	NA	NA	NA	NA	silva17	A	1	0.3298045221640694	0.0186950481197683	0.01868667950156372
KIC7510397	1.3683	0.0209	0.0209	1.8574	0.018	0.018	6171.0	77.0	77.0	-0.21	0.1	0.1	NA	NA	NA	NA	4.0359	0.0044	0.0066	NA	4.924	0.178	0.14	NA	MS	F	NA	NA	NA	NA	NA	silva17	A	1	0.6923180442592788	0.015422410014492516	0.012526873278924322
KIC7940546	1.3987	0.0304	0.0114	1.9414	0.027	0.009	6235.0	77.0	77.0	-0.2	0.1	0.1	NA	NA	NA	NA	4.0073	0.0011	0.0033	NA	6.189	0.023	0.257	NA	MS	F	NA	NA	NA	NA	NA	silva17	A	1	0.791620482692814	0.0016109643637068904	0.018419340336469636
KIC7970740	0.728	0.0304	0.0095	0.7628	0.006	0.006	5309.0	77.0	77.0	-0.54	0.1	0.1	NA	NA	NA	NA	4.5386	0.0055	0.0044	NA	0.429	0.025	0.022	NA	MS	G	NA	NA	NA	NA	NA	silva17	A	1	-0.36754270781527576	0.0245985606723797	0.022862882959504227
KIC8006161	0.9788	0.0304	0.0304	0.9247	0.012	0.009	5488.0	77.0	77.0	0.34	0.1	0.1	NA	NA	NA	NA	4.4935	0.0066	0.0066	NA	0.688	0.047	0.049	NA	MS	G	NA	NA	NA	NA	NA	silva17	A	1	-0.16241156176448873	0.028698900848683623	0.03208758007711118
KIC8379927	1.1194	0.0399	0.0399	1.1197	0.015	0.015	6067.0	120.0	120.0	-0.1	0.15	0.15	NA	NA	NA	NA	4.3879	0.0066	0.0077	NA	1.624	0.104	0.101	NA	MS	F	NA	NA	NA	NA	NA	silva17	A	1	0.21058602490515654	0.02695771323771798	0.027886121569113936
KIC8760414	0.8115	0.031	0.0186	1.0196	0.0097	0.0121	5873.0	77.0	77.0	-0.92	0.1	0.1	NA	NA	NA	NA	4.3293	0.0047	0.0063	NA	1.208	0.052	0.052	NA	MS	G	NA	NA	NA	NA	NA	silva17	A	1	0.08206693428511301	0.0183036108324499	0.019109100200602788
KIC9353712	1.5089	0.0285	0.0209	2.1723	0.024	0.021	6278.0	77.0	77.0	-0.05	0.1	0.1	NA	NA	NA	NA	3.9435	0.0055	0.0066	NA	6.985	0.275	0.223	NA	MS	F	NA	NA	NA	NA	NA	silva17	A	1	0.8441664104502007	0.016770210249893114	0.014091244020450477
*_16_Cyg_A	1.076	0.047	0.047	1.225	0.016	0.016	5849.0	39.0	39.0	0.08	0.01	0.01	NA	NA	NA	NA	4.28	0.01	0.01	0.0	1.58	0.01	0.01	0.0	MS	G	NA	NA	NA	NA	NA	Soubiran24	A/I	3	0.19865708695442263	0.0027400373660288746	0.0027574345451888693
*_16_Cyg_B	1.028	0.043	0.043	1.113	0.014	0.014	5807.0	36.0	36.0	0.07	0.01	0.01	NA	NA	NA	NA	4.35	0.01	0.01	0.0	1.267	0.002	0.002	0.0	MS	G	NA	NA	NA	NA	NA	Soubiran24	A/I	3	0.10277661488344131	0.0006850072112634387	0.0006860893716046229
*_18_Sco	1.057	0.035	0.035	1.027	0.009	0.009	5824.0	30.0	30.0	0.03	0.01	0.01	NA	NA	NA	NA	4.44	0.05	0.05	0.0	1.094	0.011	0.011	0.0	MS	G	NA	NA	NA	NA	NA	Soubiran24	A/I	3	0.039017321997412	0.004344956023717497	0.004388865372091565
*_alf_Cen_A	1.111	0.026	0.026	1.217	0.005	0.005	5804.0	13.0	13.0	0.2	0.01	0.01	NA	NA	NA	NA	4.32	0.05	0.05	0.0	1.514	0.003	0.003	0.0	MS	G	NA	NA	NA	NA	NA	Soubiran24	A/I	3	0.18012587516405396	0.0008597056226765099	0.0008614108250285524
*_alf_Cen_B	0.905	0.011	0.011	0.859	0.004	0.004	5207.0	12.0	12.0	0.24	0.01	0.01	NA	NA	NA	NA	4.53	0.05	0.05	0.0	0.488	0.002	0.002	0.0	MS	G	NA	NA	NA	NA	NA	Soubiran24	A/I	3	-0.3115801779972894	0.001776258025803057	0.001783552740417249
*_bet_Vir	1.38	0.02	0.02	1.693	0.008	0.008	6093.0	13.0	13.0	0.13	0.01	0.01	NA	NA	NA	NA	4.1	0.05	0.05	0.0	3.555	0.015	0.015	0.0	MS	F	NA	NA	NA	NA	NA	Soubiran24	A/I	3	0.5508396050657851	0.0018286110464080796	0.0018363430399972458
*_mu._Her	1.081	0.016	0.016	1.686	0.007	0.007	5665.0	16.0	16.0	0.25	0.01	0.01	NA	NA	NA	NA	4.02	0.01	0.01	0.0	2.635	0.02	0.02	0.0	MS	G	NA	NA	NA	NA	NA	Soubiran24	A/I	3	0.4207806195485654	0.0032839058689224654	0.003308926345272356
*_tau_Cet	0.766	0.013	0.013	0.806	0.004	0.004	5397.0	15.0	15.0	-0.51	0.01	0.01	NA	NA	NA	NA	4.58	0.05	0.05	0.0	0.497	0.002	0.002	0.0	MS	G	NA	NA	NA	NA	NA	Soubiran24	A/I	3	-0.3036436112666679	0.001744156890057802	0.0017511897997634085
*_tet_Cyg	1.26	0.038	0.038	1.484	0.014	0.014	6914.0	33.0	33.0	-0.03	0.03	0.03	NA	NA	NA	NA	4.24	0.03	0.03	0.0	4.531	0.018	0.018	0.0	MS	F	NA	NA	NA	NA	NA	Soubiran24	A/I	3	0.6561940621791857	0.0017218746507693394	0.0017287286590399464
HIP91949	1.094	0.065	0.065	0.964	0.017	0.017	5315.0	48.0	48.0	0.3	0.02	0.02	NA	NA	NA	NA	4.47	0.01	0.01	0.0	0.668	0.001	0.001	0.0	MS	G	NA	NA	NA	NA	NA	Soubiran24	A/I	3	-0.1752235375244543	0.0006496552922774235	0.0006506285589967242
HIP93427	1.255	0.079	0.079	1.285	0.027	0.027	6016.0	63.0	63.0	-0.05	0.02	0.02	NA	NA	NA	NA	4.3	0.01	0.01	0.0	1.947	0.003	0.003	0.0	MS	F	NA	NA	NA	NA	NA	Soubiran24	A/I	3	0.2893659515200317	0.0006686598424863188	0.000669690929775868
HIP97527	1.356	0.106	0.106	1.304	0.034	0.034	6236.0	81.0	81.0	-0.09	0.02	0.02	NA	NA	NA	NA	4.33	0.01	0.01	0.0	2.315	0.006	0.006	0.0	MS	F	NA	NA	NA	NA	NA	Soubiran24	A/I	3	0.36455099535397195	0.001124145101945695	0.0011270624367955562
KIC8430105_B	0.8134	0.005	0.005	0.7494	0.0042	0.0039	5655.0	80.0	80.0	-0.46	0.1	0.1	NA	NA	NA	NA	4.599	0.0037	0.0041	0.0	0.51743	0.03019	0.02916	1.0	MS	NA	85.18	0.26	0.00879784	True	True	Thomsen22	EB	3	-0.2861483949918153	0.0246276959056021	0.025191563572113496
alf_Cen_A	1.105	0.007	0.007	1.224	0.003	0.003	5824.0	26.0	26.0	0.24	0.04	0.04	NA	NA	NA	NA	4.306	0.004	0.004	NA	1.549	0.029	0.029	NA	MS	G	NA	NA	NA	True	True	torres10	EB	1	0.19005141775920598	0.008055581114195492	0.008207829814433437
alf_Cen_B	0.934	0.006	0.006	0.863	0.005	0.005	5223.0	62.0	62.0	0.24	0.04	0.04	NA	NA	NA	NA	4.536	0.006	0.006	NA	0.498	0.025	0.025	NA	MS	G	NA	NA	NA	True	True	torres10	EB	1	-0.30277065724028246	0.02127234610755674	0.02236820202190598
V432_Aur_B	1.079	0.005	0.005	1.224	0.007	0.007	6685.0	85.0	85.0	-0.6	0.05	0.05	NA	NA	NA	NA	4.296	0.005	0.005	NA	2.685	0.146	0.146	NA	MS	F	NA	NA	NA	True	True	torres10	EB	1	0.42894429003557444	0.02299557932952856	0.02428158916185219
Kepler-34A	1.0479	0.0033	0.003	1.1618	0.0027	0.0031	5913.0	130.0	130.0	-0.07	0.15	0.15	NA	NA	NA	NA	4.3284	0.0021	0.0021	NA	1.49	0.13	0.13	NA	MS	G	NA	NA	NA	True	True	welsh12	EB	1	0.17318626841227402	0.03632874613035694	0.039647360042056545
Kepler-34B	1.0208	0.0022	0.0022	1.0927	0.0032	0.0027	5867.0	130.0	130.0	-0.07	0.15	0.15	NA	NA	NA	NA	4.3703	0.0022	0.0022	NA	1.28	0.11	0.11	NA	MS	G	NA	NA	NA	True	True	welsh12	EB	1	0.10720996964786837	0.03580483060622676	0.03902410790170675
Kepler-35A	0.8876	0.0051	0.0053	1.0284	0.002	0.0019	5606.0	150.0	150.0	-0.34	0.2	0.2	NA	NA	NA	NA	4.3623	0.002	0.002	NA	0.94	0.1	0.1	NA	MS	G	NA	NA	NA	True	True	welsh12	EB	1	-0.026872146400301365	0.04390548569908173	0.048848567537816995
Kepler-35B	0.8094	0.0041	0.0044	0.7861	0.002	0.0022	5202.0	100.0	100.0	-0.34	0.2	0.2	NA	NA	NA	NA	4.5556	0.0016	0.0016	NA	0.41	0.03	0.03	NA	MS	G	NA	NA	NA	True	True	welsh12	EB	1	-0.38721614328026455	0.030668819766451916	0.03300026010292528
47_Tuc_E32_A	0.862	0.002	0.002	1.183	0.001	0.001	6025.6	18.08	18.08	-0.71	0.1	0.1	NA	NA	NA	NA	4.227	0.002	0.002	0.0	1.66	0.05	0.05	0.0	MS	NA	59.46	0.1	0.019895728	True	True	Xiong23	EB	3	0.22010808804005508	0.012888022352098738	0.013282212008205396
47_Tuc_E32_B	0.827	0.002	0.002	1.004	0.002	0.002	5956.62	17.87	17.87	-0.71	0.1	0.1	NA	NA	NA	NA	4.352	0.003	0.003	0.0	1.15	0.03	0.03	0.0	MS	NA	59.46	0.1	0.016885301	True	True	Xiong23	EB	3	0.06069784035361165	0.011184166952513709	0.01147981768343008
AL_Ari_A	1.164	0.001	0.001	1.372	0.004	0.004	6367.96	25.47	25.47	-0.42	0.08	0.08	NA	NA	NA	NA	4.229	0.005	0.005	0.0	2.79	0.11	0.11	0.0	MS	F6	12.9503	0.0014	0.105943492	True	True	Xiong23	EB	3	0.44560420327359757	0.016793794625358516	0.01746940924480872
alpha_Dra_B	2.431	0.008	0.008	2.326	0.023	0.023	9931.16	139.04	139.04	0.01	0.05	0.05	NA	NA	NA	NA	4.09	0.019	0.019	0.0	47.4	6.9	6.0	0.0	MS	A	103.4409972	NA	0.022486249	True	True	Xiong23	EB	3	1.675778341674085	0.059021487914761916	0.05877800055318616
ASAS_J065134-2211.5_A	0.956	0.005	0.005	0.997	0.002	0.002	5495.41	43.96	43.96	0.09	0.13	0.13	NA	NA	NA	NA	4.421	0.003	0.003	0.0	0.817	0.062	0.058	0.0	MS	NA	20.18	0.07	0.049405352	True	True	Xiong23	EB	3	-0.08777794346758454	0.031766818541356434	0.03198028063693517
ASAS_J065134-2211.5_B	0.674	0.002	0.002	0.69	0.003	0.003	3971.92	47.66	47.66	0.09	0.13	0.13	NA	NA	NA	NA	4.589	0.009	0.009	0.0	0.107	0.013	0.011	0.0	MS	NA	20.18	0.07	0.03419227	True	True	Xiong23	EB	3	-0.9706162223147904	0.049797468362415165	0.047112544645641186
ASAS_J090232-5653.4_A	1.436	0.007	0.007	1.527	0.003	0.003	7030.72	98.43	98.43	-0.15	0.13	0.13	NA	NA	NA	NA	4.201	0.006	0.006	0.0	5.14	0.71	0.62	0.0	MS	NA	44.75	0.17	0.034122905	True	True	Xiong23	EB	3	0.7109631189952758	0.05619274708690469	0.055824684183893636
ASAS_J090232-5653.4_B	1.372	0.008	0.008	1.392	0.003	0.003	6683.44	100.25	100.25	-0.15	0.13	0.13	NA	NA	NA	NA	4.244	0.007	0.007	0.0	3.48	0.52	0.45	0.0	MS	NA	44.75	0.17	0.031106145	True	True	Xiong23	EB	3	0.541579243946581	0.06048074738138143	0.06013661544427601
ASAS_J163903-2847.2_A	1.421	0.002	0.002	2.157	0.003	0.003	6637.43	33.19	33.19	-0.19	0.16	0.16	NA	NA	NA	NA	3.923	0.002	0.002	0.0	8.15	0.38	0.37	0.0	MS	NA	47.0	0.04	0.045893617	True	True	Xiong23	EB	3	0.9111576087399766	0.01979142242754639	0.02017801175028766
ASAS_J163903-2847.2_B	1.141	0.001	0.001	1.224	0.002	0.002	6591.74	164.79	164.79	-0.19	0.16	0.16	NA	NA	NA	NA	4.32	0.003	0.003	0.0	2.55	0.66	0.53	0.0	MS	NA	47.0	0.04	0.026042553	True	True	Xiong23	EB	3	0.4065401804339551	0.09996485197091698	0.10118881098733146
ASAS_J171750-1915.3_A	1.357	0.001	0.001	1.676	0.003	0.003	6531.31	58.78	58.78	0.04	0.12	0.12	NA	NA	NA	NA	4.122	0.003	0.003	0.0	4.61	0.4	0.37	0.0	MS	F	12.564	0.009	0.133397007	True	True	Xiong23	EB	3	0.6637009253896482	0.0361368004775976	0.036335068796915504
ASAS_J171750-1915.3_B	1.345	0.001	0.001	1.648	0.003	0.003	6501.3	58.51	58.51	0.04	0.12	0.12	NA	NA	NA	NA	4.133	0.003	0.003	0.0	4.38	0.38	0.35	0.0	MS	F	12.564	0.009	0.131168418	True	True	Xiong23	EB	3	0.6414741105040995	0.03613284221639357	0.036169064362990055
ASAS_J231922-0852.2_A	1.136	0.001	0.001	1.64	0.004	0.004	6266.14	18.8	18.8	-0.39	0.07	0.07	NA	NA	NA	NA	4.064	0.005	0.005	0.0	3.74	0.11	0.11	0.0	MS	NA	18.04	0.015	0.090909091	True	True	Xiong23	EB	3	0.5728716022004802	0.012589127308020531	0.01296497716436762
ASAS_J231922-0852.2_B	1.006	0.001	0.001	1.11	0.01	0.01	6237.35	43.66	43.66	-0.39	0.07	0.07	NA	NA	NA	NA	4.35	0.018	0.018	0.0	1.68	0.13	0.12	0.0	MS	NA	18.04	0.015	0.061529933	True	True	Xiong23	EB	3	0.22530928172586284	0.032369293143321654	0.032184683371401235
ASASSN-V_J064057.24+213910.5_A	1.657	0.023	0.023	1.681	0.058	0.058	8477.5	7.25	7.25	-0.604	0.01	0.01	NA	NA	NA	NA	4.05	0.02	0.02	0.0	13.15	2.26	1.93	0.0	MS	NA	10.91523409	NA	0.154004943	True	True	Xiong23	EB	3	1.1189257528257768	0.06887688589264251	0.06893289590563412
BN_Scl_A	1.407	0.001	0.001	1.834	0.003	0.003	6309.57	18.93	18.93	-0.23	0.06	0.06	NA	NA	NA	NA	4.059	0.003	0.003	0.0	4.81	0.13	0.13	0.0	MS	F7	13.8252	0.0063	0.132656309	True	True	Xiong23	EB	3	0.6821450763738317	0.011581872549815131	0.011899223299707717
BN_Scl_B	1.244	0.001	0.001	1.38	0.004	0.004	6237.35	31.19	31.19	-0.23	0.06	0.06	NA	NA	NA	NA	4.256	0.006	0.006	0.0	2.6	0.13	0.12	0.0	MS	F8	13.8252	0.0063	0.099817724	True	True	Xiong23	EB	3	0.414973347970818	0.02118929906993805	0.020521667144601685
DS_And_A	1.655	0.013	0.013	2.086	0.006	0.006	7063.18	63.57	63.57	-0.03	0.02	0.02	NA	NA	NA	NA	4.018	0.013	0.013	0.0	9.77	0.84	0.78	0.0	MS	NA	36.67167013	NA	0.056883147	True	True	Xiong23	EB	3	0.989894563718773	0.0358208201825676	0.036134871985544215
DS_And_B	1.087	0.017	0.017	1.255	0.006	0.006	5970.35	59.7	59.7	-0.03	0.02	0.02	NA	NA	NA	NA	4.277	0.025	0.025	0.0	1.8	0.18	0.16	0.0	MS	NA	36.67167013	NA	0.034222603	True	True	Xiong23	EB	3	0.25527250510330607	0.04139268515822503	0.040428657055608164
EPIC210822691_A	1.09	0.004	0.004	1.25	0.004	0.004	5956.62	53.61	53.61	0.0	0.05	0.05	NA	NA	NA	NA	4.286	0.021	0.021	0.0	1.77	0.16	0.14	0.0	MS	NA	21.51646759	NA	0.058095038	True	True	Xiong23	EB	3	0.24797326636180664	0.037584042645967125	0.03578566195784885
EPIC210822691_B	0.96	0.009	0.009	0.94	0.004	0.004	5559.04	66.71	66.71	0.0	0.05	0.05	NA	NA	NA	NA	4.473	0.033	0.033	0.0	0.76	0.091	0.081	0.0	MS	NA	21.51646759	NA	0.043687468	True	True	Xiong23	EB	3	-0.11918640771920865	0.04911596780379651	0.04894381800028964
EPIC211563123_A	1.148	0.009	0.009	2.081	0.105	0.105	5971.97	10.79	10.79	-0.234	0.01	0.01	NA	NA	NA	NA	3.8	0.04	0.04	0.0	4.97	1.3	1.03	0.0	MS	NA	37.21705321	NA	0.055915228	True	True	Xiong23	EB	3	0.696356388733332	0.10091115209738433	0.10086016690775801
EPIC219394517_A	1.078	0.001	0.001	1.055	0.005	0.005	5929.25	41.5	41.5	0.07	0.03	0.03	NA	NA	NA	NA	4.425	0.009	0.009	0.0	1.2	0.1	0.1	0.0	MS	G0	18.954	0.012	0.055661074	True	True	Xiong23	EB	3	0.07918124604762482	0.03476210625921197	0.03778856088939983
EPIC219394517_B	1.066	0.001	0.001	1.042	0.005	0.005	5874.89	41.12	41.12	0.07	0.03	0.03	NA	NA	NA	NA	4.43	0.01	0.01	0.0	1.2	0.1	0.1	0.0	MS	G1	18.954	0.012	0.054975203	True	True	Xiong23	EB	3	0.07918124604762482	0.03476210625921197	0.03778856088939983
EPIC219511354_A	0.912	0.006	0.006	0.92	0.007	0.007	5035.01	65.46	65.46	0.07	0.03	0.03	NA	NA	NA	NA	4.47	0.016	0.016	0.0	0.491	0.065	0.057	0.0	MS	K	6.979	0.052	0.131824044	True	True	Xiong23	EB	3	-0.3089185078770315	0.05399329945908904	0.05359176261045778
EPIC219511354_B	0.822	0.007	0.007	0.851	0.007	0.007	4688.13	56.26	56.26	0.07	0.03	0.03	NA	NA	NA	NA	4.494	0.017	0.017	0.0	0.316	0.039	0.035	0.0	MS	K	6.979	0.052	0.12193724	True	True	Xiong23	EB	3	-0.5003129173815962	0.05054127043669027	0.05098076271332386
EPIC219568666_A	1.121	0.006	0.006	1.178	0.003	0.003	6137.62	42.96	42.96	0.07	0.03	0.03	NA	NA	NA	NA	4.346	0.005	0.005	0.0	1.77	0.12	0.11	0.0	MS	F8	27.086	0.089	0.043491102	True	True	Xiong23	EB	3	0.24797326636180664	0.028488537811437536	0.02786517832175156
EPIC219568666_B	0.733	0.002	0.002	0.64	0.007	0.007	4497.8	44.98	44.98	0.07	0.03	0.03	NA	NA	NA	NA	4.69	0.022	0.022	0.0	0.151	0.017	0.015	0.0	MS	NA	27.086	0.089	0.023628443	True	True	Xiong23	EB	3	-0.8210230527068306	0.04633233443269347	0.04543803892295184
G250-29_A	0.35	0.005	0.005	0.355	0.017	0.017	3448.0	109.0	109.0	-0.14	0.1	0.1	NA	NA	NA	NA	4.88	0.04	0.04	1.0	0.0161	0.004	0.0032	0.0	MS	M	992.9989812	NA	0.000357503	True	True	Xiong23	EB	3	-1.7931741239681502	0.09637018138863906	0.09623616573260074
G250-29_B	0.187	0.004	0.004	0.231	0.011	0.011	3279.0	109.0	109.0	-0.14	0.1	0.1	NA	NA	NA	NA	4.98	0.04	0.04	1.0	0.0056	0.0014	0.0011	0.0	MS	M	992.9989812	NA	0.000232629	True	True	Xiong23	EB	3	-2.2518119729937998	0.09691001300805668	0.09497551323085673
GJ_1081_A	0.325	0.01	0.01	0.343	0.015	0.015	3390.0	109.0	109.0	-0.12	0.1	0.1	NA	NA	NA	NA	4.88	0.04	0.04	1.0	0.014	0.0031	0.0025	0.0	MS	M	867.5897227	NA	0.000395348	True	True	Xiong23	EB	3	-1.853871964321762	0.08686807471391589	0.08543019532462637
GJ_1081_B	0.205	0.007	0.007	0.237	0.011	0.011	3168.0	109.0	109.0	-0.12	0.1	0.1	NA	NA	NA	NA	5.0	0.04	0.04	1.0	0.0051	0.0012	0.001	0.0	MS	M	867.5897227	NA	0.000273171	True	True	Xiong23	EB	3	-2.2924298239020637	0.09177037335564542	0.09478631937820081
GJ_1245_A	0.12	0.001	0.001	0.146	0.007	0.007	2927.0	109.0	109.0	-0.07	0.1	0.1	NA	NA	NA	NA	5.19	0.04	0.04	1.0	0.00141	0.00035	0.00028	0.0	MS	M	827.2013477	NA	0.000176499	True	True	Xiong23	EB	3	-2.85078088734462	0.0962935551587698	0.09614066917196062
GJ_1245_C	0.081	0.001	0.001	0.087	0.004	0.004	2611.0	109.0	109.0	-0.07	0.1	0.1	NA	NA	NA	NA	5.47	0.04	0.04	1.0	0.000317	7.5e-05	6.1e-05	0.0	MS	M	827.2013477	NA	0.000105174	True	True	Xiong23	EB	3	-3.4989407377822483	0.09222680480270551	0.09281929690590207
GJ_22_A	0.405	0.008	0.008	0.376	0.018	0.018	3577.0	109.0	109.0	-0.19	0.1	0.1	NA	NA	NA	NA	4.9	0.04	0.04	1.0	0.0208	0.0052	0.0041	0.0	MS	M	1107.399497	NA	0.000339534	True	True	Xiong23	EB	3	-1.6819366650372385	0.09691001300805646	0.0953468638151782
GJ_22_C	0.157	0.003	0.003	0.179	0.009	0.009	3196.0	109.0	109.0	-0.19	0.1	0.1	NA	NA	NA	NA	5.13	0.05	0.04	1.0	0.003013	0.000789	0.000625	0.0	MS	M	1107.399497	NA	0.00016164	True	True	Xiong23	EB	3	-2.521000868326643	0.10101298085606736	0.10096480921602558
GJ_469_A	0.332	0.007	0.007	0.329	0.016	0.016	3320.0	109.0	109.0	-0.1	0.1	0.1	NA	NA	NA	NA	4.92	0.04	0.04	1.0	0.0119	0.003	0.0024	0.0	MS	M	884.1356604	NA	0.000372115	True	True	Xiong23	EB	3	-1.9244530386074692	0.09763930701974322	0.09782335610368276
GJ_469_B	0.188	0.004	0.004	0.266	0.011	0.011	3134.0	109.0	109.0	-0.1	0.1	0.1	NA	NA	NA	NA	4.86	0.04	0.04	1.0	0.0062	0.0013	0.0011	0.0	MS	M	884.1356604	NA	0.000300859	True	True	Xiong23	EB	3	-2.207608310501746	0.0826695738934462	0.08482151340031763
HD285001_A	1.324	0.016	0.016	2.399	0.078	0.078	6692.25	14.63	14.63	-0.108	0.013	0.013	NA	NA	NA	NA	3.998	0.024	0.024	0.0	10.4	1.71	1.47	0.0	MS	NA	14.95683618	NA	0.160394884	True	True	Xiong23	EB	3	1.0170333392987803	0.06611080384427193	0.06618188041023387
HD96609_B	1.84	0.004	0.004	1.697	0.002	0.002	8953.65	107.44	107.44	0.02	0.06	0.06	NA	NA	NA	NA	4.243	0.002	0.002	0.0	16.7	1.9	1.7	0.0	MS	A2	28.23	0.06	0.060113355	True	True	Xiong23	EB	3	1.2227164711475833	0.04679647307033297	0.04662521209190196
KIC10031808_A	1.741	0.004	0.004	2.59	0.009	0.009	7112.14	49.78	49.78	-0.11	0.08	0.08	NA	NA	NA	NA	3.852	0.006	0.006	0.0	15.5	1.1	1.0	0.0	MS	NA	26.905	0.054	0.096264635	True	True	Xiong23	EB	3	1.1903316981702914	0.02977638986976383	0.028963695935316558
KIC10031808_B	1.798	0.006	0.006	3.027	0.006	0.006	6839.12	47.87	47.87	-0.11	0.08	0.08	NA	NA	NA	NA	3.731	0.004	0.004	0.0	18.1	1.2	1.1	0.0	MS	NA	26.905	0.054	0.112506969	True	True	Xiong23	EB	3	1.2576785748691846	0.027878734138589323	0.027229653490910666
KIC3439031_A	1.226	0.001	0.001	1.407	0.001	0.001	6531.31	97.97	97.97	0.1	0.13	0.13	NA	NA	NA	NA	4.23	0.001	0.001	0.0	3.25	0.48	0.42	0.0	MS	F	18.646	0.13	0.075458543	True	True	Xiong23	EB	3	0.5118833609788743	0.059825470829813265	0.06009692545458406
KIC3439031_B	1.227	0.001	0.001	1.403	0.001	0.001	6531.31	97.97	97.97	0.1	0.13	0.13	NA	NA	NA	NA	4.233	0.002	0.002	0.0	3.23	0.48	0.42	0.0	MS	F	18.646	0.13	0.07524402	True	True	Xiong23	EB	3	0.5092025223311029	0.060171387283943	0.06049620242602294
KIC7821010_A	1.277	0.007	0.007	1.276	0.005	0.005	6714.29	67.14	67.14	0.1	0.08	0.08	NA	NA	NA	NA	4.332	0.007	0.007	0.0	2.99	0.3	0.27	0.0	MS	NA	47.83	0.2	0.026677817	True	True	Xiong23	EB	3	0.4756711883244297	0.041524709625544665	0.04110228429023094
KIC7821010_B	1.221	0.007	0.007	1.21	0.006	0.006	6561.45	72.18	72.18	0.1	0.08	0.08	NA	NA	NA	NA	4.359	0.009	0.009	0.0	2.45	0.27	0.24	0.0	MS	NA	47.83	0.2	0.02529793	True	True	Xiong23	EB	3	0.3891660843645325	0.04540281966966625	0.044773810679421766
KIC8301013_A	1.29	0.02	0.02	1.45	0.01	0.01	6144.0	100.0	100.0	-0.019	0.035	0.035	NA	NA	NA	NA	4.22	0.01	0.01	0.0	2.7	0.44	0.38	0.0	MS	F	15.2	0.1	0.095394737	True	True	Xiong23	EB	3	0.43136376415898736	0.06556588391422757	0.06587577926808763
KIC8301013_B	1.11	0.05	0.05	1.2	0.01	0.01	5966.0	97.0	97.0	-0.019	0.035	0.035	NA	NA	NA	NA	4.33	0.02	0.02	0.0	1.64	0.27	0.24	0.0	MS	F	15.2	0.1	0.078947368	True	True	Xiong23	EB	3	0.21484384804769785	0.06618951920002969	0.06871581236945984
KIC9850387_A	1.66	0.004	0.004	2.154	0.001	0.001	7328.25	36.64	36.64	-0.2	0.05	0.05	NA	NA	NA	NA	3.992	0.003	0.003	0.0	12.05	0.57	0.54	0.0	MS	F	11.52912366	NA	0.186831199	True	True	Xiong23	EB	3	1.0809870469108873	0.020072307997228256	0.019911723281095473
KIC9850387_B	1.062	0.002	0.002	1.081	0.001	0.001	6165.95	30.83	30.83	-0.2	0.05	0.05	NA	NA	NA	NA	4.396	0.003	0.003	0.0	1.52	0.07	0.07	0.0	MS	G	11.52912366	NA	0.093762547	True	True	Xiong23	EB	3	0.18184358794477254	0.01955353637567897	0.020475585709797656
NGC_2506_V4_A	1.478	0.003	0.003	2.3	0.006	0.006	6823.39	40.94	40.94	-0.36	0.1	0.1	NA	NA	NA	NA	3.884	0.007	0.007	0.0	10.33	0.61	0.58	0.0	MS	NA	11.87	0.02	0.193765796	True	True	Xiong23	EB	3	1.0141003215196205	0.02491700047779144	0.02509570582108367
NGC_2506_V4_B	1.25	0.004	0.004	1.534	0.008	0.008	6823.39	40.94	40.94	-0.36	0.1	0.1	NA	NA	NA	NA	4.163	0.012	0.012	0.0	4.6	0.28	0.27	0.0	MS	NA	11.87	0.02	0.129233361	True	True	Xiong23	EB	3	0.6627578316815741	0.025661990321136474	0.02626993532820865
NGTS_0002-29_A	0.398	0.001	0.001	0.404	0.002	0.002	3372.87	16.86	16.86	0.04	0.04	0.04	NA	NA	NA	NA	4.826	0.01	0.01	0.0	0.019	0.001	0.001	0.0	MS	NA	3.8239	0.0099	0.105651298	True	True	Xiong23	EB	3	-1.7212463990471711	0.022276394711152392	0.02348109584952285
NGTS_0002-29_B	0.224	0.001	0.001	0.276	0.002	0.002	3228.49	19.37	19.37	0.04	0.04	0.04	NA	NA	NA	NA	4.908	0.017	0.017	0.0	0.00746	0.00053	0.0005	0.0	MS	NA	3.8239	0.0099	0.07217762	True	True	Xiong23	EB	3	-2.1272611725273314	0.029807951841322566	0.03012958786210662
PTFEB_132.707+19.810_A	0.395	0.001	0.001	0.363	0.003	0.003	3258.37	39.1	39.1	0.14	0.04	0.04	NA	NA	NA	NA	4.915	0.019	0.019	0.0	0.0134	0.0017	0.0015	0.0	MS	M3.5±0.2	11.77	0.01	0.030832796	True	True	Xiong23	EB	3	-1.8728952016351923	0.05187214892836178	0.051557836972276894
PTFEB_132.707+19.810_B	0.21	0.001	0.001	0.272	0.005	0.005	3118.89	46.78	46.78	0.14	0.04	0.04	NA	NA	NA	NA	4.891	0.039	0.039	0.0	0.0063	0.0011	0.001	0.0	MS	M4.3±0.7	11.77	0.01	0.023103362	True	True	Xiong23	EB	3	-2.2006594505464183	0.06989117027739455	0.07506467985279253
TYC_2271-1530-1_A	1.123	0.031	0.031	1.723	0.08	0.08	6492.12	13.9	13.9	-0.101	0.013	0.013	NA	NA	NA	NA	4.006	0.023	0.023	0.0	4.75	1.14	0.92	0.0	MS	NA	24.82086886	NA	0.069417393	True	True	Xiong23	EB	3	0.6766936096248666	0.09342168516223504	0.09349483565624384
Tyc_5227-1023-1_A	0.956	0.007	0.007	1.388	0.004	0.004	6353.31	88.95	88.95	-0.63	0.11	0.11	NA	NA	NA	NA	4.13	0.01	0.01	0.0	2.83	0.39	0.34	0.0	MS	F7	13.54	0.07	0.10252698	True	True	Xiong23	EB	3	0.45178643552429026	0.05606943617154064	0.055587088428553866
Tyc_5227-1023-1_B	0.839	0.005	0.005	0.977	0.004	0.004	5929.25	94.87	94.87	-0.63	0.11	0.11	NA	NA	NA	NA	4.38	0.01	0.01	0.0	1.1	0.2	0.1	0.0	MS	NA	13.54	0.07	0.072167766	True	True	Xiong23	EB	3	0.04139268515822508	0.07255066714861172	0.04139268515822508
UCAC4_570-022931_A	1.271	0.04	0.04	2.225	0.151	0.151	6436.53	24.81	24.81	0.063	0.023	0.023	NA	NA	NA	NA	4.05	0.041	0.041	0.0	7.66	2.84	2.07	0.0	MS	NA	15.89812825	NA	0.139953582	True	True	Xiong23	EB	3	0.884228769632604	0.13696052943733406	0.13681696174618074
V*_V714_And_A	1.617	0.103	0.103	2.459	0.046	0.046	6227.49	10.93	10.93	0.168	0.01	0.01	NA	NA	NA	NA	4.078	0.018	0.018	0.0	8.2	0.75	0.69	0.0	MS	NA	18.12862638	NA	0.135641827	True	True	Xiong23	EB	3	0.9138138523837167	0.03800918293219524	0.038173915379548284
V818_Tau_A	1.024	0.001	0.001	0.923	0.007	0.007	5649.37	22.6	22.6	0.05	0.05	0.05	NA	NA	NA	NA	4.518	0.014	0.014	0.0	0.782	0.039	0.037	0.0	MS	NA	16.05	NA	0.057507788	True	True	Xiong23	EB	3	-0.10679324694015198	0.021136404059592787	0.021050480311555195
V818_Tau_B	0.743	0.001	0.001	0.739	0.011	0.011	4295.36	42.95	42.95	0.05	0.05	0.05	NA	NA	NA	NA	4.571	0.032	0.032	0.0	0.167	0.02	0.018	0.0	MS	NA	16.05	NA	0.046043614	True	True	Xiong23	EB	3	-0.7772835288524167	0.04912513538891561	0.04953020273530917
WASP_0639-32_B	0.783	0.001	0.001	0.729	0.003	0.003	5395.11	32.37	32.37	-0.33	0.1	0.1	NA	NA	NA	NA	4.607	0.01	0.01	0.0	0.406	0.025	0.024	0.0	MS	K	26.964	0.031	0.027036048	True	True	Xiong23	EB	3	-0.39147396642280585	0.025951236583537485	0.02646267066548541
KOI-126_A	1.2713	0.0047	0.0047	1.9984	0.0027	0.0026	5880.0	99.0	100.0	0.15	0.08	0.08	NA	NA	NA	NA	3.9409	0.0011	0.001	0.0	4.3	0.29	0.29	0.0	MS	F	52.8746	0.0602	0.0377951	True	True	Yenawine22	TEB	3	0.6334684555795865	0.028344229957674716	0.030324082959404253
KOI-126_B	0.23529	0.00062	0.00062	0.255	0.00075	0.00076	3248.0	36.0	36.0	0.15	0.08	0.08	NA	NA	NA	NA	4.997	0.0025	0.0025	0.0	0.00653	0.0003	0.00026	0.0	MS	M	4.6355	0.0041	0.055010079	True	True	Yenawine22	TEB	3	-2.185086818724926	0.01950752240645892	0.017645640444357458
KOI-126_C	0.20739	0.00055	0.00055	0.23196	0.00067	0.00069	3177.0	37.0	35.0	0.15	0.08	0.08	NA	NA	NA	NA	5.024	0.0025	0.0025	0.0	0.00495	0.00023	0.00022	0.0	MS	M	4.6355	0.0041	0.050039757	True	True	Yenawine22	TEB	3	-2.305394801066431	0.019724560811664293	0.019744058195757308
HD146233	0.97	0.02	0.02	1.0	0.01	0.01	5786.0	200.0	200.0	0.0961	0.0064	0.0064	APOGEE2_DR17	NA	NA	NA	4.44	0.01	0.01	0.0	1.00974	0.14841	0.13405	1.0	MS	NA	NA	NA	NA	NA	NA	Yildiz19	A	3	0.004209560810756556	0.05955525069937213	0.06185917052938578
HD181420	1.42	0.02	0.02	1.62	0.01	0.01	6599.0	15.0	15.0	-0.0008	0.0051	0.0051	APOGEE2_DR17	NA	NA	NA	4.17	0.01	0.01	0.0	4.48371	0.06897	0.06853	1.0	MS	NA	NA	NA	NA	NA	NA	Yildiz19	A	3	0.6516375152805072	0.006629610292733457	0.006689101497559524
KIC10018963	1.23	0.02	0.02	1.96	0.01	0.01	6147.0	94.0	94.0	-0.2176	0.0062	0.0062	APOGEE2_DR17	NA	NA	NA	3.94	0.01	0.01	0.0	4.94151	0.31337	0.29965	1.0	MS	F	NA	NA	NA	NA	NA	Yildiz19	A	2	0.6938596785718036	0.026703124393242406	0.027167640716521113
KIC10355856	1.38	0.02	0.02	1.72	0.01	0.01	6428.0	22.0	22.0	-0.1102	0.0054	0.0054	APOGEE2_DR17	NA	NA	NA	4.09	0.01	0.01	0.0	4.55046	0.08208	0.08139	1.0	MS	F	NA	NA	NA	NA	NA	Yildiz19	A	2	0.6580553011326764	0.0077638768214054465	0.007838143971613198
KIC10454113	1.16	0.02	0.02	1.25	0.01	0.01	6169.0	95.0	95.0	-0.0585	0.0059	0.0059	APOGEE2_DR17	NA	NA	NA	4.31	0.01	0.01	0.0	2.0388	0.13262	0.12694	1.0	MS	F	NA	NA	NA	NA	NA	Yildiz19	A	2	0.30937462491667045	0.02736920869013848	0.027918537946025057
KIC10644253	1.16	0.04	0.04	1.11	0.02	0.02	6162.0	152.0	152.0	0.1471	0.0045	0.0045	APOGEE2_DR17	NA	NA	NA	4.42	0.02	0.02	0.0	1.6004	0.17388	0.16254	1.0	MS	F	NA	NA	NA	NA	NA	Yildiz19	A	2	0.20422854270695956	0.04479361442310911	0.046511940517803996
KIC10920273	1.09	0.02	0.02	1.86	0.01	0.01	5808.0	281.0	281.0	-0.139	0.02	0.02	LAMOST_DR11	NA	NA	NA	3.93	0.01	0.01	0.0	3.54672	0.7418	0.63929	1.0	MS	G3	NA	NA	NA	NA	NA	Yildiz19	A	3	0.5498269039343529	0.08248053586567239	0.08631763658879255
KIC11026764	1.11	0.02	0.02	2.05	0.01	0.01	5822.0	161.0	161.0	0.0579	0.0052	0.0052	APOGEE2_DR17	NA	NA	NA	3.86	0.01	0.01	0.0	4.35002	0.50331	0.46352	1.0	MS	G	NA	NA	NA	NA	NA	Yildiz19	A	2	0.6384912537062857	0.04754856827179066	0.04893258166477965
KIC11081729	1.45	0.03	0.03	1.42	0.02	0.02	6674.0	16.0	16.0	-0.1275	0.0054	0.0054	APOGEE2_DR17	NA	NA	NA	4.3	0.01	0.01	0.0	3.60426	0.10797	0.10653	1.0	MS	F	NA	NA	NA	NA	NA	Yildiz19	A	2	0.5568161120774121	0.012818764046024222	0.013029830101077833
KIC11295426	1.02	0.02	0.02	1.23	0.01	0.01	5721.0	82.0	82.0	0.1034	0.0049	0.0049	APOGEE2_DR17	NA	NA	NA	4.27	0.01	0.01	0.0	1.46013	0.08879	0.08527	1.0	MS	G	NA	NA	NA	NA	NA	Yildiz19	A	2	0.16439152411953498	0.025637463390626475	0.02613304727908028
KIC11807274	1.21	0.02	0.02	1.59	0.01	0.01	6045.0	144.0	144.0	-0.111	0.007	0.007	LAMOST_DR11	NA	NA	NA	4.13	0.01	0.01	0.0	3.0414	0.30276	0.2822	1.0	MS	F6	NA	NA	NA	NA	NA	Yildiz19	A	2	0.48307354160704535	0.041213506303111214	0.042290360247711045
KIC12009504	1.11	0.03	0.03	1.38	0.01	0.01	6043.0	101.0	101.0	-0.0155	0.0051	0.0051	APOGEE2_DR17	NA	NA	NA	4.21	0.01	0.01	0.0	2.28804	0.16033	0.15279	1.0	MS	F	NA	NA	NA	NA	NA	Yildiz19	A	2	0.35946361261549126	0.02941343681226377	0.030014882076836058
KIC1435467	1.24	0.02	0.02	1.65	0.01	0.01	6178.0	87.0	87.0	0.0798	0.0046	0.0046	APOGEE2_DR17	NA	NA	NA	4.1	0.01	0.01	0.0	3.57317	0.2101	0.20174	1.0	MS	F	NA	NA	NA	NA	NA	Yildiz19	A	2	0.55305367903636	0.02481365758437626	0.025239532057463765
KIC2837475	1.54	0.03	0.03	1.66	0.02	0.02	6462.0	10.0	10.0	-0.006	0.0049	0.0049	APOGEE2_DR17	NA	NA	NA	4.18	0.02	0.02	0.0	4.32891	0.10832	0.10707	1.0	MS	F	NA	NA	NA	NA	NA	Yildiz19	A	2	0.636378556727991	0.01073338385288558	0.010876786409552253
KIC3427720	1.11	0.03	0.03	1.11	0.02	0.02	6126.0	231.0	231.0	0.0274	0.005	0.005	APOGEE2_DR17	NA	NA	NA	4.38	0.02	0.02	0.0	1.56332	0.25587	0.22968	1.0	MS	F	NA	NA	NA	NA	NA	Yildiz19	A	2	0.19404788397551537	0.0658301760788107	0.06900927112170568
KIC3544595	0.88	0.02	0.02	0.91	0.01	0.01	5517.0	227.0	227.0	-0.1567	0.0064	0.0064	APOGEE2_DR17	NA	NA	NA	4.47	0.01	0.01	0.0	0.69118	0.12193	0.10799	1.0	MS	G	NA	NA	NA	NA	NA	Yildiz19	A	2	-0.16040883710223083	0.07055813935246891	0.07378109440207115
KIC3733735	1.46	0.04	0.04	1.44	0.03	0.03	6617.0	56.0	56.0	-0.0171	0.0048	0.0048	APOGEE2_DR17	NA	NA	NA	4.29	0.02	0.02	0.0	3.58149	0.19446	0.1901	1.0	MS	F	NA	NA	NA	NA	NA	Yildiz19	A	2	0.5540637428879446	0.022962491978588795	0.02368600763396289
KIC3735871	1.06	0.04	0.04	1.08	0.03	0.03	5908.0	167.0	167.0	0.0476	0.0048	0.0048	APOGEE2_DR17	NA	NA	NA	4.36	0.03	0.03	0.0	1.28028	0.16735	0.15546	1.0	MS	F	NA	NA	NA	NA	NA	Yildiz19	A	2	0.10730496117646504	0.05335261346655945	0.05622193140575061
KIC4349452	1.25	0.02	0.02	1.32	0.01	0.01	6279.0	95.0	95.0	-0.06	0.005	0.005	LAMOST_DR11	NA	NA	NA	4.28	0.01	0.01	0.0	2.44008	0.15555	0.14898	1.0	MS	F6	NA	NA	NA	NA	NA	Yildiz19	A	2	0.38740406526864674	0.026838719773919384	0.02736001994638554
KIC5866724	1.25	0.02	0.02	1.42	0.01	0.01	6150.0	107.0	107.0	0.136	0.006	0.006	LAMOST_DR11	NA	NA	NA	4.23	0.01	0.01	0.0	2.59879	0.18923	0.17993	1.0	MS	F7	NA	NA	NA	NA	NA	Yildiz19	A	2	0.414771186955431	0.030524697914760257	0.03116045418138702
KIC5955122	1.2	0.03	0.03	2.12	0.02	0.02	5900.0	128.0	128.0	-0.143	0.007	0.007	LAMOST_DR11	NA	NA	NA	3.87	0.02	0.02	0.0	4.90653	0.44957	0.4223	1.0	MS	G2	NA	NA	NA	NA	NA	Yildiz19	A	2	0.6907744585958521	0.03807421822857915	0.03908657876543875
KIC6116048	1.0	0.01	0.01	1.22	0.02	0.02	5929.0	149.0	149.0	-0.1892	0.0062	0.0062	APOGEE2_DR17	NA	NA	NA	4.27	0.01	0.01	0.0	1.65707	0.18142	0.16921	1.0	MS	NA	NA	NA	NA	NA	NA	Yildiz19	A	2	0.21934085481137902	0.045120417165256194	0.04677878656383008
KIC6603624	0.98	0.03	0.03	1.14	0.02	0.02	5855.0	140.0	140.0	0.278	0.011	0.011	LAMOST_DR11	NA	NA	NA	4.33	0.01	0.01	0.0	1.37598	0.14484	0.13568	1.0	MS	G7	NA	NA	NA	NA	NA	Yildiz19	A	2	0.1386121214338218	0.04346569378109033	0.04508537773414664
KIC6933899	1.14	0.03	0.03	1.61	0.01	0.01	5960.0	114.0	114.0	0.0355	0.0052	0.0052	APOGEE2_DR17	NA	NA	NA	4.09	0.01	0.01	0.0	2.94667	0.23489	0.22208	1.0	MS	G	NA	NA	NA	NA	NA	Yildiz19	A	2	0.46933150157648335	0.033308616290654014	0.03403034326999421
KIC7103006	1.36	0.03	0.03	1.9	0.02	0.02	6310.0	77.0	77.0	0.1255	0.0043	0.0043	APOGEE2_DR17	NA	NA	NA	4.03	0.02	0.02	0.0	5.15608	0.27858	0.26967	1.0	MS	F	NA	NA	NA	NA	NA	Yildiz19	A	2	0.7123196471004919	0.02285273209594041	0.02332974294298118
KIC7106245	1.06	0.02	0.02	1.15	0.01	0.01	6116.0	144.0	144.0	-0.131	0.006	0.006	APOGEE2_DR17	NA	NA	NA	4.34	0.01	0.01	0.0	1.66709	0.16522	0.15427	1.0	MS	F	NA	NA	NA	NA	NA	Yildiz19	A	2	0.2219590464076602	0.04103990540229749	0.04217178901050861
KIC7206837	1.39	0.03	0.03	1.59	0.02	0.02	6320.0	73.0	73.0	0.195	0.024	0.024	LAMOST_DR11	NA	NA	NA	4.18	0.02	0.02	0.0	3.63377	0.19402	0.18836	1.0	MS	F6	NA	NA	NA	NA	NA	Yildiz19	A	2	0.5603574351096118	0.022590668409272263	0.023116525225141515
KIC7747078	1.1	0.02	0.02	1.95	0.01	0.01	5941.0	141.0	141.0	-0.2134	0.0065	0.0065	APOGEE2_DR17	NA	NA	NA	3.91	0.01	0.01	0.0	4.26778	0.4221	0.39339	1.0	MS	G	NA	NA	NA	NA	NA	Yildiz19	A	2	0.6302020238619455	0.04095970669864735	0.04199868875842627
KIC8228742	1.24	0.02	0.02	1.81	0.01	0.01	6174.0	85.0	85.0	-0.06	0.005	0.005	LAMOST_DR11	NA	NA	NA	4.02	0.01	0.01	0.0	4.28863	0.24573	0.23612	1.0	MS	F8	NA	NA	NA	NA	NA	Yildiz19	A	2	0.6323185792561411	0.02419741818563015	0.02459448406638165
KIC8394589	1.01	0.03	0.03	1.16	0.02	0.02	6003.0	219.0	219.0	-0.302	0.005	0.005	LAMOST_DR11	NA	NA	NA	4.31	0.02	0.02	0.0	1.57429	0.24871	0.22402	1.0	MS	F6	NA	NA	NA	NA	NA	Yildiz19	A	2	0.19708473678977825	0.06370193186519804	0.06666411808312314
KIC8524425	1.07	0.02	0.02	1.81	0.01	0.01	5661.0	167.0	167.0	0.1348	0.0049	0.0049	APOGEE2_DR17	NA	NA	NA	3.95	0.01	0.01	0.0	3.03127	0.37534	0.3438	1.0	MS	G	NA	NA	NA	NA	NA	Yildiz19	A	2	0.48162462138501394	0.05069779555742493	0.052280996426813275
KIC8694723	1.1	0.02	0.02	1.53	0.01	0.01	6155.0	89.0	89.0	-0.412	0.006	0.006	LAMOST_DR11	NA	NA	NA	4.11	0.01	0.01	0.0	3.02684	0.18325	0.17579	1.0	MS	F5	NA	NA	NA	NA	NA	Yildiz19	A	2	0.48098946457942365	0.02552774413555431	0.025984630807780518
KIC9098294	0.97	0.03	0.03	1.14	0.02	0.02	5909.0	172.0	172.0	-0.173	0.018	0.018	LAMOST_DR11	NA	NA	NA	4.31	0.01	0.01	0.0	1.42745	0.1808	0.16665	1.0	MS	G2	NA	NA	NA	NA	NA	Yildiz19	A	2	0.15456090493582128	0.05179265513658449	0.053914704790341134
KIC9139151	1.16	0.03	0.03	1.15	0.02	0.02	6132.0	112.0	112.0	0.1253	0.0045	0.0045	APOGEE2_DR17	NA	NA	NA	4.37	0.02	0.02	0.0	1.68461	0.13962	0.13309	1.0	MS	F	NA	NA	NA	NA	NA	Yildiz19	A	2	0.2264993743751848	0.034580219175118776	0.03574199610910614
KIC9139163	1.44	0.03	0.03	1.57	0.01	0.01	6383.0	41.0	41.0	0.1364	0.0042	0.0042	APOGEE2_DR17	NA	NA	NA	4.19	0.01	0.01	0.0	3.68632	0.1066	0.10484	1.0	MS	F	NA	NA	NA	NA	NA	Yildiz19	A	2	0.566593032511388	0.01238065017955059	0.012530502233525365
KIC9206432	1.34	0.03	0.03	1.5	0.02	0.02	6390.0	32.0	32.0	0.2235	0.0038	0.0038	APOGEE2_DR17	NA	NA	NA	4.22	0.01	0.01	0.0	3.37972	0.11351	0.11194	1.0	MS	F	NA	NA	NA	NA	NA	Yildiz19	A	2	0.528880721729726	0.014346459511235699	0.014627911324114007
KIC9410862	1.01	0.03	0.03	1.17	0.02	0.02	5953.0	146.0	146.0	-0.348	0.007	0.007	LAMOST_DR11	NA	NA	NA	4.3	0.02	0.02	0.0	1.54885	0.16643	0.15557	1.0	MS	F7	NA	NA	NA	NA	NA	Yildiz19	A	2	0.19000936009189714	0.044325663720875985	0.04597095706691562
V570_Per_A	1.4569	0.0094	0.01	1.543	0.012	0.009	6556.0	64.0	26.0	0.18	0.03	0.01	NA	NA	NA	NA	4.225	0.009	0.009	0.0	3.96	0.22	0.11	0.0	MS	F3	9.118	0.016	0.169225707	True	True	Yucel26	EB	2	0.5976951859255123	0.02348109584952285	0.012234456417011597
V570_Per_B	1.3579	0.0094	0.0089	1.377	0.013	0.015	6468.0	32.0	21.0	0.17	0.01	0.01	NA	NA	NA	NA	4.293	0.011	0.011	0.0	2.99	0.12	0.1	0.0	MS	F5	9.118	0.016	0.151019961	True	True	Yucel26	EB	2	0.4756711883244297	0.01708920070240788	0.01477334556788179
