loc_rowid	default_flag	Teff	eTeff1	eTeff2	st_tefflim	R	eR1	eR2	st_radlim	M	eM1	eM2	st_masslim	FeH	eFeH1	eFeH2	st_metlim	logL	elogL1	elogL2	st_lumlim	logg	elogg1	elogg2	st_logglim	logTeff	elogTeff1	elogTeff2
37	1	3100.0	100.0	100.0	0.0	0.84	0.11	0.11	0.0	0.17	0.01	0.02	0.0	0.01	0.05	0.05	0.0	-1.16368	0.00315	0.00318	0.0	4.5	0.5	0.5	0.0	3.4913616938342726	0.013788284485633184	0.014240439114610037
60	1	5872.0	92.94	113.53	0.0	1.21334	0.038883	0.058353	0.0	1.06	0.128402	0.137608	0.0	0.04	0.1	0.1	0.0	0.1978	0.01239	0.01118	0.0	4.29541	0.066185	0.071358	0.0	3.7687860469080143	0.006820032649064167	0.00847893828045132
79	1	5758.0	101.62	119.62	0.0	1.17561	0.067361	0.035328	0.0	1.03	0.166699	0.085418	0.0	0.18	0.1	0.1	0.0	0.13631	0.00742	0.01525	0.0	4.31038	0.081246	0.062595	0.0	3.760271660542063	0.00759779212206535	0.009117318637232419
203	1	3540.0	120.0	110.0	0.0	0.862	0.052	0.052	0.0	0.635	0.04	0.07	0.0	0.01	0.06	0.06	0.0	-0.97757	0.00574	0.00581	0.0	4.37	0.08	0.1	0.0	3.5490032620257876	0.01447782336862291	0.013709141983017314
213	1	3678.0	90.0	88.0	0.0	0.744	0.023	0.021	0.0	0.51	0.028	0.027	0.0	0.23	0.24	0.3	0.0	-1.0381	0.04925	0.04914	0.0	4.404	0.026	0.031	0.0	3.5656117249020585	0.010499169218781468	0.010517276323739111
214	1	3665.0	31.0	31.0	0.0	0.82	0.02	0.02	0.0	0.6	0.04	0.04	0.0	0.12	0.1	0.1	0.0	-0.99	0.01	0.01	0.0	4.52	0.05	0.05	0.0	3.564073978977147	0.003657983570922063	0.0036890560051312526
217	1	4596.0	65.0	64.0	0.0	0.69	0.02	0.02	0.0	0.7	0.02	0.02	0.0	-0.05	0.08	0.05	0.0	-0.7167	0.01116	0.01146	0.0	4.6	0.03	0.02	0.0	3.6623800200162475	0.006099082916338094	0.00609011882488808
251	1	4550.0	110.0	110.0	0.0	0.639	0.02	0.022	0.0	0.651	0.031	0.029	0.0	-0.35	0.15	0.15	0.0	-0.8041	0.04961	0.04977	0.0	4.642	0.027	0.025	0.0	3.6580113966571126	0.010374520032887524	0.010628426542492964
255	1	6935.0	90.0	90.0	0.0	2.35	0.08	0.08	0.0	1.41	0.05	0.05	0.0	-0.34	0.05	0.05	0.0	1.06	0.03	0.03	0.0	3.85	0.03	0.03	0.0	3.8410464654093035	0.005599863167813801	0.005673012939294786
261	1	4051.0	239.0	239.0	0.0	0.747	0.088	0.088	0.0	0.679	0.017	0.017	0.0	0.12	0.1	0.1	0.0	-0.86967	0.00639	0.00648	0.0	4.67	0.06	0.06	0.0	3.607562243183588	0.02489504900113637	0.02640935121729937
268	1	3195.0	28.0	28.0	0.0	0.185	0.006	0.006	0.0	0.162	0.007	0.007	0.0	-0.56	0.07	0.07	0.0	-2.44977	0.00872	0.0089	0.0	4.9	0.09	0.09	0.0	3.504470862494419	0.003789443017915506	0.003822799122506826
272	1	3130.0	51.0	51.0	0.0	0.175	0.006	0.006	0.0	0.161	0.01	0.01	0.0	0.13	0.16	0.16	0.0	-2.53254	0.00778	0.00792	0.0	4.93	0.04	0.04	0.0	3.4955443375464483	0.007019331560914832	0.007134648643250419
329	1	6090.0	70.0	70.0	0.0	1.65	0.04	0.04	0.0	1.21	0.05	0.05	0.0	-0.02	0.1	0.1	0.0	0.544	0.024	0.026	0.0	4.07	0.03	0.03	0.0	3.784617292632875	0.004963419531550439	0.005020801375050787
379	1	5970.0	100.0	100.0	0.0	0.79	0.08	0.09	0.0	1.08	0.08	0.07	0.0	0.0	0.2	0.2	0.0	-0.1549	0.10914	0.14613	0.0	4.67	0.11	0.08	0.0	3.775974331129369	0.007214359945888482	0.00733622988175453
407	1	5256.0	91.33	130.85	0.0	0.864273	0.053165	0.040252	0.0	0.899	0.122462	0.095241	0.0	0.06	0.1	0.1	0.0	-0.28938	0.02148	0.01519	0.0	4.51853	0.075883	0.075893	0.0	3.7206553565517244	0.007481630009186002	0.010948775951937328
436	1	6400.0	50.0	50.0	0.0	1.38	0.01	0.01	0.0	1.25	0.02	0.02	0.0	-0.007	0.056	0.056	0.0	0.45939	0.0119	0.01223	0.0	4.24	0.1	0.1	0.0	3.806179973983887	0.0033797406513804695	0.0034062486919115287
453	1	5679.0	60.0	39.0	0.0	0.98	0.025	0.025	0.0	0.958	0.048	0.048	0.0	0.01	0.1	0.1	0.0	-0.04915	0.00723	0.00736	0.0	4.435	0.035	0.035	0.0	3.754271868683459	0.004564356063499364	0.00299276470011689
567	1	6202.0	52.0	50.0	0.0	1.586	0.034	0.033	0.0	1.317	0.041	0.04	0.0	0.141	0.082	0.085	0.0	0.52634	0.02511	0.02391	0.0	4.157	0.016	0.016	0.0	3.7925317619013077	0.0036261150056069447	0.0035154351079329516
580	1	3326.0	54.0	54.0	0.0	0.305	0.011	0.011	0.0	0.297	0.024	0.024	0.0	0.1	0.19	0.19	0.0	-1.97224	0.00446	0.0045	0.0	4.85	0.06	0.06	0.0	3.5219222448835006	0.006994455394154109	0.007108949884215399
584	1	3395.0	51.0	51.0	0.0	0.3026	0.0095	0.0095	0.0	0.2952	0.0136	0.0136	0.0	-0.07	0.16	0.16	0.0	-1.96019	0.00746	0.00759	0.0	4.84	0.04	0.04	0.0	3.5308397786165204	0.006475494495489453	0.006573509849541637
588	1	3024.0	52.0	52.0	0.0	0.137	0.005	0.005	0.0	0.12	0.01	0.01	0.0	-0.25	0.19	0.19	0.0	-2.85201	0.00583	0.00591	0.0	5.1	0.06	0.06	0.0	3.480581786829169	0.007404544300224636	0.007532981740631328
598	1	3229.0	78.0	62.0	0.0	0.2211	0.0069	0.0081	0.0	0.1945	0.0048	0.0046	0.0	-0.17	0.15	0.15	0.0	-2.32148	0.0316	0.02434	0.0	5.037	0.034	0.026	0.0	3.5090680450171616	0.010366149896541277	0.008419981645249486
607	1	5033.8	85.7	77.2	0.0	0.837	0.026	0.018	0.0	0.836	0.023	0.025	0.0	0.13	0.07	0.07	0.0	-0.39041	0.03877	0.03441	0.0	4.23	0.07	0.07	0.0	3.701895956420554	0.007331590913766117	0.006712083874516495
613	1	3280.0	40.0	40.0	0.0	0.1781	0.0042	0.0042	0.0	0.1639	0.0093	0.0093	0.0	-0.12	0.1	0.1	0.0	-2.47952	0.00235	0.00236	0.0	5.09	0.09	0.09	0.0	3.515873843711679	0.005264239992357034	0.0053288335050671876
619	1	3101.0	43.0	43.0	0.0	0.2162	0.0025	0.0024	0.0	0.182	0.0042	0.0041	0.0	0.24	0.11	0.11	0.0	-2.40894	0.02278	0.02286	0.0	5.0286	0.0078	0.0088	0.0	3.4915017662373264	0.005980771130043916	0.006064285161025307
641	1	3236.0	51.0	51.0	0.0	0.192	0.007	0.007	0.0	0.178	0.018	0.018	0.0	-0.04	0.16	0.16	0.0	-2.4389	0.00592	0.00601	0.0	5.09	0.07	0.07	0.0	3.5100085129402347	0.0067911911413895965	0.006899076268865656
644	1	4640.0	100.0	100.0	0.0	0.695	0.03	0.03	0.0	0.73	0.07	0.07	0.0	0.003	0.06	0.06	0.0	-0.6862	0.00034	0.00034	0.0	4.613	0.052	0.061	0.0	3.6665179805548807	0.009260361119204585	0.009462127697776879
647	1	3607.0	68.0	68.0	0.0	0.38	0.05	0.05	0.0	0.38	0.05	0.05	0.0	-0.34	0.09	0.09	0.0	-1.655	0.112	0.112	0.0	4.87	0.04	0.04	0.0	3.5571461423183632	0.008111201101850263	0.0082655796808484
664	1	4159.0	129.0	129.0	0.0	0.728	0.064	0.078	0.0	0.65	0.092	0.075	0.0	0.6	0.09	0.09	0.0	-0.84527	0.03053	0.03284	0.0	4.527	0.0996	0.134	0.0	3.6189889203649335	0.013265856319780056	0.013683874223823889
672	1	3342.0	24.0	24.0	0.0	0.36	0.01	0.01	0.0	0.35	0.05	0.04	0.0	0.07	0.07	0.06	0.0	-1.80967	0.01107	0.01135	0.0	4.87	0.05	0.05	0.0	3.5240064455573727	0.003107666082432292	0.00313006386903103
699	1	3897.0	71.0	71.0	0.0	0.63	0.07	0.07	0.0	0.65	0.08	0.08	0.0	-0.06	0.09	0.09	0.0	-1.08	0.1	0.1	0.0	4.64	0.07	0.07	0.0	3.5907304057926903	0.007841257689450654	0.007985440101413221
711	1	4014.0	100.0	100.0	0.0	0.58	0.03	0.03	0.0	0.64	0.07	0.07	0.0	-0.03	0.16	0.16	0.0	-1.10127	0.01667	0.01734	0.0	4.68	0.07	0.07	0.0	3.6035773681514667	0.010686919207238521	0.010956546829484104
727	1	3347.0	54.0	54.0	0.0	0.364	0.012	0.012	0.0	0.36	0.016	0.016	0.0	0.11	0.19	0.19	0.0	-1.82391	0.00547	0.00554	0.0	4.81	0.06	0.06	0.0	3.5246557123577773	0.006950919574944869	0.0070639816458695215
741	1	3505.0	51.0	51.0	0.0	0.337	0.015	0.015	0.0	0.342	0.011	0.011	0.0	-0.12	0.16	0.16	0.0	-1.79833	0.00972	0.00994	0.0	4.94	0.07	0.07	0.0	3.5446880223026773	0.006273729995498911	0.006365689071237135
744	1	3522.0	70.0	70.0	0.0	0.458	0.013	0.013	0.0	0.455	0.011	0.011	0.0	-0.01	0.12	0.12	0.0	-1.5391	0.04153	0.0426	0.0	4.776	0.026	0.026	0.0	3.5467893516312583	0.008546976364008252	0.008718564588086508
749	1	3324.0	51.0	51.0	0.0	0.281	0.01	0.01	0.0	0.27	0.02	0.02	0.0	0.0	0.16	0.16	0.0	-2.06198	0.00548	0.00555	0.0	5.05	0.07	0.07	0.0	3.5216610151120733	0.0066127620549703	0.0067150098040689166
751	1	3384.0	88.0	88.0	0.0	0.32	0.01	0.01	0.0	0.313	0.027	0.022	0.0	-0.02	0.12	0.12	0.0	-1.96257	0.01948	0.01624	0.0	4.89	0.05	0.05	0.0	3.529430354366986	0.011149362137468088	0.011443151341907765
754	1	3579.0	51.0	51.0	0.0	0.426	0.013	0.013	0.0	0.426	0.017	0.017	0.0	-0.09	0.16	0.16	0.0	-1.57073	0.00864	0.00882	0.0	4.88	0.07	0.07	0.0	3.553761698390004	0.0061449266461082175	0.006233121930222296
755	1	3867.0	69.0	69.0	0.0	0.61	0.06	0.06	0.0	0.63	0.07	0.07	0.0	-0.04	0.09	0.09	0.0	-1.12	0.1	0.1	0.0	4.65	0.06	0.06	0.0	3.5873741720730656	0.007680917686238242	0.007819211672067006
756	1	3273.0	101.0	101.0	0.0	0.19734	0.01219	0.01219	0.0	0.1842	0.0153	0.0153	0.0	-0.12	0.17	0.17	0.0	-2.39513	0.00215	0.00216	0.0	4.92	0.14	0.14	0.0	3.5149460053080044	0.013199072945102142	0.013612826662438238
758	1	3726.0	68.0	68.0	0.0	0.5	0.05	0.05	0.0	0.52	0.05	0.05	0.0	-0.13	0.09	0.09	0.0	-1.358	0.086	0.086	0.0	4.75	0.04	0.04	0.0	3.571242850560224	0.00785447599241973	0.007999149419825713
768	1	4120.0	109.0	109.0	0.0	0.68	0.14	0.14	0.0	0.65	0.08	0.08	0.0	0.24	0.1	0.1	0.0	-0.92445	0.04503	0.05024	0.0	4.65	0.04	0.04	0.0	3.6148972160331345	0.011340469113765739	0.011644554051487788
775	1	3387.0	51.0	51.0	0.0	0.407	0.015	0.015	0.0	0.406	0.03	0.03	0.0	0.12	0.16	0.16	0.0	-1.70553	0.00656	0.00666	0.0	4.97	0.07	0.07	0.0	3.5298151966446305	0.0064906757064031595	0.006589154678929621
812	1	3509.0	31.0	31.0	0.0	0.449	0.008	0.008	0.0	0.45	0.02	0.02	0.0	0.26	0.1	0.1	0.0	-1.562	0.002	0.002	0.0	4.88	0.06	0.06	0.0	3.5451833682154064	0.0038198938103812807	0.003853790548712599
816	1	3317.0	36.0	37.0	0.0	0.3243	0.0044	0.0034	0.0	0.312	0.007	0.0069	0.0	-0.15	0.13	0.12	0.0	-1.93892	0.01738	0.01771	0.0	4.9111	0.0068	0.011	0.0	3.5207454715194824	0.004688081909337782	0.004871627807803147
820	1	3728.0	68.0	68.0	0.0	0.5	0.047	0.047	0.0	0.51	0.051	0.051	0.0	-0.14	0.09	0.09	0.0	-1.36653	0.08253	0.10199	0.0	4.76	0.04	0.04	0.0	3.571475903681944	0.007850300073311	0.007994818287533345
822	1	3641.0	88.0	88.0	0.0	0.529	0.022	0.022	0.0	0.528	0.027	0.027	0.0	-0.08	0.09	0.09	0.0	-1.35291	0.00891	0.0091	0.0	4.713	0.007	0.007	0.0	3.561220678933944	0.010371704427363237	0.010625471444615897
829	1	3500.0	26.0	26.0	0.0	0.302	0.005	0.005	0.0	0.295	0.01	0.01	0.0	-0.08	0.07	0.07	0.0	-1.90781	0.00238	0.00239	0.0	4.97	0.11	0.11	0.0	3.5440680443502757	0.003214263613027679	0.003238230239195783
843	1	3499.0	68.0	68.0	0.0	0.31	0.06	0.06	0.0	0.3	0.07	0.07	0.0	-0.38	0.09	0.09	0.0	-1.894	0.17	0.17	0.0	4.94	0.06	0.06	0.0	3.5439439424829065	0.008359166855447686	0.008523224426733034
844	1	3734.0	68.0	68.0	0.0	0.5	0.05	0.05	0.0	0.51	0.05	0.05	0.0	-0.15	0.09	0.09	0.0	-1.361	0.087	0.087	0.0	4.76	0.04	0.04	0.0	3.5721743136130595	0.007837798916364935	0.007981852986861604
876	1	3816.0	69.0	69.0	0.0	0.54	0.05	0.05	0.0	0.55	0.06	0.06	0.0	-0.15	0.09	0.09	0.0	-1.253	0.094	0.094	0.0	4.72	0.05	0.05	0.0	3.5816083660320577	0.007782657104875579	0.007924672938259825
882	1	3837.0	69.0	69.0	0.0	0.56	0.06	0.06	0.0	0.57	0.06	0.06	0.0	-0.14	0.09	0.09	0.0	-1.217	0.0964	0.0964	0.0	4.71	0.05	0.05	0.0	3.5839917991983166	0.007740439753519013	0.00788090507747663
883	1	3799.0	81.0	81.0	0.0	0.52226	0.02234	0.02234	0.0	0.5271	0.0263	0.0263	0.0	-0.02	0.05	0.05	0.0	-1.2909	0.00288	0.00289	0.0	4.88	0.08	0.08	0.0	3.5796692935547205	0.009162432039486745	0.00935990811884091
884	1	3913.0	51.0	51.0	0.0	0.56	0.06	0.06	0.0	0.58	0.06	0.06	0.0	0.08	0.16	0.16	0.0	-1.206	0.097	0.097	0.0	4.68	0.07	0.07	0.0	3.59250984790068	0.0056237979125577375	0.005697578457304342
886	1	3600.0	16.0	16.0	0.0	0.4144	0.0038	0.0038	0.0	0.413	0.011	0.011	0.0	-0.28	0.07	0.07	0.0	-1.58528	0.00163	0.00164	0.0	4.98	0.12	0.12	0.0	3.5563025007672873	0.0019259210360385026	0.0019344997771995054
897	1	3467.0	68.0	68.0	0.0	0.45	0.07	0.07	0.0	0.45	0.07	0.07	0.0	0.09	0.09	0.09	0.0	-1.59	0.13	0.13	0.0	4.8	0.07	0.07	0.0	3.5399538416563967	0.0084355764765216	0.008602677073337173
935	1	3688.0	86.0	86.0	0.0	0.468	0.022	0.022	0.0	0.495	0.049	0.049	0.0	-0.06	0.08	0.08	0.0	-1.43415	0.04481	0.04997	0.0	4.156	0.04	0.038	0.0	3.5667909123815917	0.010010983447320765	0.010247203898077206
943	1	3154.0	54.0	54.0	0.0	0.164	0.005	0.005	0.0	0.15	0.01	0.01	0.0	-0.13	0.19	0.19	0.0	-2.59517	0.00341	0.00343	0.0	5.01	0.06	0.06	0.0	3.498861688992884	0.007372670619242072	0.007499995158611217
947	1	3836.0	69.0	69.0	0.0	0.57	0.06	0.06	0.0	0.59	0.06	0.06	0.0	0.05	0.04	0.04	0.0	-1.2	0.09	0.09	0.0	4.69	0.05	0.05	0.0	3.583878598498626	0.007742439714693017	0.007882978295358445
968	1	4236.0	12.0	12.0	0.0	0.58	0.03	0.03	0.0	0.62	0.04	0.04	0.0	-0.29	0.03	0.03	0.0	-1.00436	0.04179	0.04139	0.0	4.7	0.05	0.05	0.0	3.6269559514354475	0.0012285566379652835	0.0012320419096916169
976	1	7000.0	200.0	200.0	0.0	1.56	0.1	0.1	0.0	1.68	0.1	0.1	0.0	0.35	0.1	0.1	0.0	0.72673	0.03143	0.03388	0.0	4.27	0.05	0.05	0.0	3.845098040014257	0.012234456417011597	0.012589127308020753
990	1	4034.0	77.0	77.0	0.0	0.624	0.014	0.015	0.0	0.644	0.025	0.023	0.0	0.05	0.13	0.13	0.0	-0.99957	0.01114	0.13652	0.0	4.68	0.05	0.05	0.0	3.6057358938767465	0.008211582903603354	0.008369843610718686
991	1	3447.0	77.0	77.0	0.0	0.345	0.013	0.013	0.0	0.339	0.027	0.03	0.0	-0.18	0.13	0.13	0.0	-1.82594	0.02624	0.0233	0.0	4.83	0.05	0.05	0.0	3.5374412834079476	0.0095946163320626	0.00981138253660907
1000	1	3842.0	31.0	31.0	0.0	0.543	0.009	0.009	0.0	0.55	0.02	0.02	0.0	0.05	0.1	0.1	0.0	-1.239	0.002	0.002	0.0	4.87	0.05	0.05	0.0	3.584557360525675	0.0034901364604080776	0.0035184117535078663
1001	1	3805.0	51.0	51.0	0.0	0.511	0.018	0.018	0.0	0.515	0.019	0.019	0.0	0.13	0.16	0.16	0.0	-1.30645	0.00784	0.00799	0.0	4.69	0.07	0.07	0.0	3.5803546611065915	0.005782364124201855	0.00586039282126416
1003	1	3656.0	51.0	51.0	0.0	0.427	0.013	0.013	0.0	0.426	0.017	0.017	0.0	-0.23	0.16	0.16	0.0	-1.53	0.011	0.011	0.0	4.87	0.07	0.07	0.0	3.5630061870617937	0.006016398967769732	0.0061009180063460455
1005	1	3433.0	68.0	68.0	0.0	0.351	0.003	0.003	0.0	0.33	0.008	0.008	0.0	-0.19	0.13	0.13	0.0	-1.809	0.002	0.002	0.0	4.87	0.01	0.01	0.0	3.53567380342575	0.008518307339282494	0.008688734865754277
1060	1	4650.0	60.0	60.0	0.0	0.701	0.017	0.012	0.0	0.733	0.018	0.018	0.0	-0.29	0.05	0.05	0.0	-0.678	0.04	0.02	0.0	4.61	0.01	0.01	0.0	3.667452952889954	0.0055679542389421854	0.0056402673526929625
1131	1	5336.96	118.21	91.85	0.0	0.838682	0.035869	0.042297	0.0	0.92	0.154252	0.078885	0.0	0.0512	0.0281	0.0281	0.0	-0.28893	0.01041	0.00963	0.0	4.55466	0.084595	0.069474	0.0	3.7272939478205678	0.009514341276391391	0.0075393472086142665
1139	1	4803.0	80.0	80.0	0.0	0.749	0.037	0.037	0.0	0.77	0.031	0.031	0.0	0.1	0.08	0.08	0.0	-0.569	0.06	0.07	0.0	4.57	0.04	0.04	0.0	3.681512586638962	0.007174137645161505	0.007294641062261853
1149	1	4962.0	39.0	41.0	0.0	0.773	0.011	0.01	0.0	0.807	0.034	0.03	0.0	0.166	0.07	0.068	0.0	-0.48545	0.01565	0.01762	0.0	4.5687	0.0066	0.0067	0.0	3.6956567599361905	0.003400094611477389	0.0036033949021097023
1171	1	4595.0	80.0	80.0	0.0	0.694	0.021	0.021	0.0	0.756	0.028	0.028	0.0	0.35	0.08	0.08	0.0	-0.721	0.043	0.048	0.0	4.63	0.02	0.02	0.0	3.66228551572213	0.0074960994864063935	0.007627761072605654
1204	1	5905.0	80.0	80.0	0.0	1.203	0.074	0.074	0.0	1.13	0.035	0.035	0.0	0.15	0.04	0.04	0.0	0.199	0.059	0.068	0.0	4.33	0.05	0.05	0.0	3.7712199019495336	0.005844252792895688	0.0059239722514772275
1225	1	5519.0	78.0	76.0	0.0	0.919	0.034	0.034	0.0	1.012	0.053	0.051	0.0	0.294	0.08	0.08	0.0	-0.15181	0.04446	0.04542	0.0	4.516	0.026	0.025	0.0	3.7418603940652635	0.00609491284146646	0.006022059748189701
1243	1	5316.0	87.12	122.28	0.0	0.864673	0.049715	0.035099	0.0	0.916	0.121408	0.099904	0.0	0.3	0.03	0.03	0.0	-0.26926	0.01134	0.01451	0.0	4.52626	0.052394	0.097047	0.0	3.725584972270694	0.0070596407911924786	0.010106439709937298
1251	1	5680.0	90.0	90.0	0.0	1.103	0.091	0.069	0.0	1.025	0.047	0.047	0.0	0.12	0.08	0.08	0.0	0.053	0.08	0.066	0.0	4.36	0.06	0.06	0.0	3.754348335711019	0.006827477444712571	0.00693652782459564
1303	1	6001.0	88.0	88.0	0.0	1.367	0.031	0.03	0.0	1.132	0.051	0.05	0.0	-0.16	0.08	0.08	0.0	0.33806	0.01931	0.01958	0.0	4.22	0.04	0.04	0.0	3.7782236267660965	0.006322347288425956	0.006415747766990609
1350	1	5500.0	100.0	100.0	0.0	0.877	0.059	0.044	0.0	0.929	0.043	0.043	0.0	0.03	0.1	0.1	0.0	-0.208	0.071	0.069	0.0	4.52	0.05	0.05	0.0	3.7403626894942437	0.007825337511956576	0.007968929671275049
1361	1	5330.0	100.0	100.0	0.0	0.923	0.096	0.067	0.0	0.886	0.044	0.044	0.0	0.06	0.1	0.1	0.0	-0.208	0.1	0.076	0.0	4.45	0.08	0.08	0.0	3.7267272090265724	0.008072620562274757	0.008225520159298227
1365	1	6430.0	100.0	100.0	0.0	1.625	0.081	0.62	0.0	1.404	0.051	0.51	0.0	0.19	0.1	0.1	0.0	0.607	0.049	0.055	0.0	4.16	0.03	0.03	0.0	3.808210972924222	0.00670220835085189	0.006807262906866729
1399	1	5743.0	50.0	50.0	0.0	1.53	0.14	0.14	0.0	1.178	0.068	0.068	0.0	0.27	0.08	0.08	0.0	0.356	0.075	0.091	0.0	4.14	0.07	0.07	0.0	3.7591388162811663	0.0037647122178907644	0.00379763246961895
1408	1	5295.0	100.0	100.0	0.0	0.949	0.08	0.037	0.0	0.942	0.041	0.041	0.0	0.33	0.1	0.1	0.0	-0.194	0.086	0.058	0.0	4.46	0.06	0.06	0.0	3.7238659644435037	0.008125484575425723	0.008280412550307314
1420	1	6330.0	100.0	100.0	0.0	1.319	0.155	0.072	0.0	1.259	0.058	0.058	0.0	0.07	0.1	0.1	0.0	0.4	0.108	0.061	0.0	4.3	0.06	0.06	0.0	3.801403710017355	0.006807262906866729	0.006915663358185498
1423	1	6120.0	100.0	100.0	0.0	1.396	0.293	0.136	0.0	1.284	0.095	0.06	0.0	0.3	0.1	0.1	0.0	0.391	0.178	0.096	0.0	4.25	0.11	0.11	0.0	3.7867514221455614	0.007038962545257377	0.007154930887736999
1447	1	6280.0	49.0	49.0	0.0	1.698	0.071	0.071	0.0	1.273	0.049	0.115	0.0	-0.18	0.08	0.08	0.0	0.60314	0.03932	0.04324	0.0	4.072	0.029	0.029	0.0	3.797959643737196	0.0033754519373503378	0.0034018924824343877
1452	1	5453.0	31.0	32.0	0.0	0.995	0.013	0.013	0.0	0.961	0.04	0.036	0.0	0.302	0.052	0.059	0.0	-0.10237	0.01139	0.01227	0.0	4.4256	0.0069	0.0073	0.0	3.7366354976868212	0.0024619484306538375	0.002556090406227174
1463	1	5131.0	50.0	50.0	0.0	0.893	0.047	0.047	0.0	0.887	0.027	0.027	0.0	0.28	0.08	0.08	0.0	-0.30452	0.04959	0.056	0.0	4.483	0.051	0.051	0.0	3.7102020146553847	0.004211577631736407	0.004252819745088843
1469	1	5956.0	50.0	50.0	0.0	1.209	0.081	0.062	0.0	1.093	0.043	0.043	0.0	0.0	0.08	0.08	0.0	0.21748	0.05898	0.05017	0.0	4.31	0.043	0.043	0.0	3.7749546890801384	0.0036306387828237696	0.0036612464510787923
1477	1	4390.0	50.0	50.0	0.0	0.617	0.013	0.013	0.0	0.645	0.02	0.02	0.0	-0.127	0.08	0.08	0.0	-0.9017	0.0298	0.032	0.0	4.667	0.012	0.012	0.0	3.6424645202421213	0.004918449872498343	0.00497479072961049
1482	1	5804.0	37.0	37.0	0.0	1.105	0.018	0.017	0.0	1.028	0.05	0.048	0.0	0.003	0.049	0.032	0.0	0.09656	0.01671	0.01594	0.0	4.363	0.014	0.013	0.0	3.7637274037656985	0.002759802473995432	0.002777452354801202
1507	1	6078.0	48.0	48.0	0.0	1.53	0.034	0.034	0.0	1.031	0.028	0.028	0.0	-0.224	0.057	0.057	0.0	0.45637	0.0222	0.0234	0.0	4.082	0.02	0.02	0.0	3.7837606957439243	0.003416296726629575	0.0034433836037730536
1508	1	5678.0	16.0	16.0	0.0	1.1038	0.0073	0.0073	0.0	1.008	0.022	0.022	0.0	0.217	0.049	0.049	0.0	0.05385	0.00572	0.00579	0.0	4.356	0.013	0.013	0.0	3.7541953881898382	0.0012220746210980238	0.0012255231607540829
1523	1	6212.0	26.0	26.0	0.0	2.197	0.027	0.02	0.0	1.435	0.012	0.012	0.0	0.037	0.037	0.037	0.0	0.80889	0.01132	0.01162	0.0	3.9114	0.0097	0.0097	0.0	3.7932314470565207	0.0018139233646041752	0.0018215313893605867
1528	1	5587.0	45.0	45.0	0.0	0.938	0.011	0.011	0.0	1.004	0.033	0.033	0.0	0.194	0.06	0.06	0.0	-0.1152	0.01721	0.01792	0.0	4.496	0.021	0.021	0.0	3.7471786713601642	0.0034839747738915072	0.0035121499139512125
1530	1	5629.0	48.0	48.0	0.0	1.17	0.016	0.016	0.0	1.023	0.02	0.02	0.0	0.414	0.09	0.09	0.0	0.09061	0.01829	0.0191	0.0	4.312	0.015	0.015	0.0	3.750431248660202	0.0036876455652108397	0.0037192261435414764
1533	1	5400.0	55.0	39.0	0.0	0.9661	0.011	0.0082	0.0	0.925	0.023	0.023	0.0	0.251	0.061	0.061	0.0	-0.1463	0.01671	0.01737	0.0	4.435	0.015	0.015	0.0	3.7323937598229686	0.0044009951013919135	0.003147952597661874
1535	1	6457.0	29.0	29.0	0.0	1.735	0.041	0.028	0.0	1.298	0.021	0.021	0.0	-0.113	0.027	0.056	0.0	0.66839	0.02622	0.01614	0.0	4.072	0.015	0.015	0.0	3.8100307864058394	0.0019461579311146338	0.001954918314532428
1540	1	5872.0	40.0	40.0	0.0	1.666	0.024	0.024	0.0	1.297	0.056	0.053	0.0	0.208	0.05	0.055	0.0	0.47276	0.0172	0.01791	0.0	4.1079	0.0068	0.0074	0.0	3.7687860469080143	0.002948378478754954	0.002968531598096291
1542	1	6002.0	50.0	50.0	0.0	1.881	0.151	0.095	0.0	1.255	0.107	0.054	0.0	0.035	0.08	0.08	0.0	0.6149	0.06905	0.05142	0.0	3.993	0.045	0.045	0.0	3.7782959910888336	0.0036029282623153414	0.003633068551011309
1547	1	6640.0	140.0	130.0	0.0	2.62	0.03	0.03	0.0	1.73	0.1	0.1	0.0	0.14	0.14	0.12	0.0	1.07773	0.02948	0.02735	0.0	3.84	0.03	0.03	0.0	3.8221680793680175	0.009061614499045856	0.008587090799825337
1553	1	4508.0	43.0	43.0	0.0	0.6701	0.0041	0.0032	0.0	0.6785	0.0299	0.0079	0.0	-0.059	0.036	0.036	0.0	-0.77911	0.0159	0.0165	0.0	4.615	0.013	0.013	0.0	3.653983907374069	0.004122928132324066	0.004162444149503841
1558	1	7394.0	360.0	600.0	0.0	1.926	0.06	0.031	0.0	1.648	0.058	0.026	0.0	-0.069	0.058	0.075	0.0	1.0	0.07188	0.04096	0.0	4.11	0.034	0.064	0.0	3.868879446237088	0.020646350434103233	0.03675390370307863
1586	1	8450.0	540.0	690.0	0.0	1.858	0.119	0.091	0.0	1.89	0.01	0.013	0.0	-0.059	0.075	0.088	0.0	1.22272	0.11971	0.13993	0.0	4.181	0.055	0.063	0.0	3.926856708949692	0.026902982783536533	0.03699498769150367
1599	1	6350.0	150.0	150.0	0.0	1.338	0.065	0.06	0.0	1.281	0.057	0.056	0.0	0.12	0.2	0.2	0.0	0.4183	0.04109	0.0399	0.0	4.293	0.033	0.035	0.0	3.8027737252919755	0.01013963135088014	0.010382035793721656
1613	1	5870.0	100.0	100.0	0.0	1.038	0.128	0.075	0.0	0.986	0.054	0.054	0.0	-0.06	0.12	0.12	0.0	0.04139	0.11394	0.0776	0.0	4.4	0.08	0.08	0.0	3.7686381012476144	0.00733622988175453	0.007462288091883096
1616	1	5880.0	120.0	120.0	0.0	1.105	0.055	0.04	0.0	1.101	0.054	0.054	0.0	0.15	0.1	0.1	0.0	0.117	0.056	0.064	0.0	4.392	0.032	0.032	0.0	3.7693773260761385	0.008773924307504899	0.008954842652926676
1647	1	5311.0	77.0	77.0	0.0	0.922	0.027	0.027	0.0	0.871	0.023	0.023	0.0	0.0	0.05	0.05	0.0	-0.20412	0.0379	0.04153	0.0	4.449	0.022	0.022	0.0	3.725176301419137	0.006251285631810877	0.0063425831152748025
1649	1	5738.0	79.0	79.0	0.0	1.238	0.097	0.127	0.0	0.97	0.035	0.035	0.0	-0.1	0.05	0.05	0.0	0.17319	0.07723	0.09401	0.0	4.239	0.079	0.079	0.0	3.7587605439099794	0.005938519888388338	0.006020849974651465
1655	1	5846.0	78.0	78.0	0.0	1.091	0.07	0.046	0.0	1.131	0.03	0.03	0.0	0.3	0.03	0.03	0.0	0.09342	0.0558	0.06404	0.0	4.416	0.042	0.042	0.0	3.7668588110214176	0.005756238827753446	0.005833559310044922
1669	1	4803.0	55.0	55.0	0.0	0.689	0.028	0.018	0.0	0.759	0.019	0.019	0.0	0.0	0.04	0.04	0.0	-0.64589	0.04729	0.04024	0.0	4.644	0.028	0.028	0.0	3.681512586638962	0.004944923830149772	0.0050018763564083635
1677	1	5780.0	120.0	120.0	0.0	1.199	0.061	0.081	0.0	1.121	0.046	0.046	0.0	0.28	0.07	0.07	0.0	0.15534	0.06215	0.07255	0.0	4.328	0.044	0.044	0.0	3.761927838420529	0.008924173221615206	0.009111407232257562
1682	1	6125.0	94.0	94.0	0.0	1.12	0.044	0.047	0.0	1.07	0.032	0.046	0.0	-0.229	0.058	0.058	0.0	0.19	0.021	0.021	0.0	4.37	0.045	0.045	0.0	3.78710609303657	0.006614463776953183	0.006716764565617428
1688	1	5715.0	73.0	73.0	0.0	1.107	0.069	0.069	0.0	0.994	0.035	0.035	0.0	0.02	0.05	0.05	0.0	0.06819	0.05892	0.06819	0.0	4.347	0.053	0.053	0.0	3.7570162347313008	0.005512287715699227	0.005583152911953437
1693	1	6071.0	81.0	81.0	0.0	2.04	0.15	0.11	0.0	1.299	0.113	0.056	0.0	-0.02	0.05	0.05	0.0	0.70415	0.0711	0.05873	0.0	3.936	0.046	0.046	0.0	3.7832602328729488	0.005756093920425975	0.00583341048363728
1700	1	6438.0	64.0	64.0	0.0	1.74	0.17	0.1	0.0	1.415	0.048	0.048	0.0	0.09	0.04	0.04	0.0	0.66932	0.07809	0.05759	0.0	4.107	0.049	0.049	0.0	3.808750972349595	0.00429599281051285	0.004338913211880957
1701	1	5498.0	84.0	84.0	0.0	0.922	0.04	0.04	0.0	0.929	0.036	0.036	0.0	0.01	0.06	0.06	0.0	-0.15739	0.04949	0.05586	0.0	4.476	0.039	0.039	0.0	3.7402047355074495	0.0065850966451628246	0.006686484072961907
1707	1	5670.0	110.0	110.0	0.0	1.073	0.038	0.038	0.0	1.032	0.049	0.049	0.0	0.16	0.08	0.08	0.0	0.02938	0.0498	0.05626	0.0	4.389	0.027	0.027	0.0	3.7535830588929064	0.008344779527622581	0.008508267310848971
1718	1	6351.0	76.0	76.0	0.0	1.404	0.03	0.03	0.0	1.209	0.036	0.036	0.0	-0.157	0.07	0.07	0.0	0.456	0.031	0.033	0.0	4.22	0.01	0.01	0.0	3.8028421127390746	0.005166187171325554	0.00522838258599867
1720	1	5943.0	70.0	70.0	0.0	1.061	0.039	0.039	0.0	1.093	0.031	0.031	0.0	0.06	0.05	0.05	0.0	0.09691	0.03981	0.04383	0.0	4.425	0.03	0.03	0.0	3.7740057302582093	0.005085473587290057	0.005145729415252376
1726	1	6050.0	120.0	120.0	0.0	1.87	0.18	0.18	0.0	1.275	0.096	0.096	0.0	0.0	0.07	0.07	0.0	0.61909	0.08933	0.11259	0.0	4.0	0.065	0.065	0.0	3.781755374652469	0.008529789380772534	0.008700681288206447
1727	1	5700.0	110.0	110.0	0.0	1.097	0.098	0.063	0.0	1.099	0.044	0.044	0.0	0.39	0.05	0.05	0.0	0.0569	0.08297	0.07463	0.0	4.396	0.057	0.057	0.0	3.7558748556724915	0.008301276717839201	0.008463047786068323
1734	1	5659.0	85.0	85.0	0.0	1.022	0.05	0.037	0.0	1.062	0.032	0.032	0.0	0.29	0.05	0.05	0.0	-0.01773	0.05115	0.05799	0.0	4.445	0.036	0.036	0.0	3.752739693935328	0.006474737298916011	0.006572729558042667
1741	1	5380.0	73.0	73.0	0.0	0.98	0.047	0.047	0.0	0.955	0.031	0.031	0.0	0.25	0.07	0.07	0.0	-0.14026	0.05035	0.05696	0.0	4.435	0.043	0.043	0.0	3.7307822756663893	0.005853222020431925	0.005933188037003934
1746	1	6300.0	100.0	100.0	0.0	1.433	0.056	0.038	0.0	1.317	0.04	0.04	0.0	0.21	0.06	0.06	0.0	0.46538	0.04382	0.04874	0.0	4.244	0.023	0.023	0.0	3.7993405494535817	0.0068394245303053935	0.006948859955327791
1752	1	5326.0	44.0	44.0	0.0	0.877	0.019	0.012	0.0	0.843	0.017	0.012	0.0	0.051	0.029	0.029	0.0	-0.25571	0.02876	0.02248	0.0	4.478	0.017	0.017	0.0	3.7264011621029223	0.0035731235966331987	0.003602765232017191
1754	1	5732.0	25.0	25.0	0.0	1.105	0.016	0.016	0.0	0.89	0.016	0.012	0.0	-0.102	0.043	0.043	0.0	0.07151	0.01342	0.01385	0.0	4.301	0.013	0.013	0.0	3.758306181725307	0.001890047729827149	0.0018983091763487003
1761	1	6572.0	83.0	83.0	0.0	1.621	0.085	0.085	0.0	1.379	0.04	0.04	0.0	0.0	0.044	0.044	0.0	0.64048	0.04971	0.05615	0.0	4.158	0.038	0.038	0.0	3.8176975547630243	0.00545050504766964	0.005519780604270608
1762	1	5403.0	50.0	50.0	0.0	0.925	0.022	0.022	0.0	1.001	0.02	0.02	0.0	0.43	0.08	0.08	0.0	-0.187	0.032	0.035	0.0	4.51	0.02	0.02	0.0	3.732634967539196	0.0040005301476253585	0.004037724155764089
1772	1	6460.0	130.0	130.0	0.0	2.26	0.18	0.11	0.0	1.561	0.069	0.069	0.0	0.01	0.077	0.077	0.0	0.90309	0.07463	0.06424	0.0	3.921	0.041	0.041	0.0	3.8102325179950842	0.00865289659892543	0.008828807977729003
1775	1	6424.0	91.0	91.0	0.0	1.71	0.36	0.24	0.0	1.496	0.115	0.078	0.0	0.47	0.041	0.041	0.0	0.65321	0.16633	0.1347	0.0	4.14	0.11	0.11	0.0	3.8078055322706246	0.006108887777978911	0.006196044243305554
1780	1	6060.0	120.0	120.0	0.0	1.48	0.2	0.12	0.0	1.273	0.067	0.067	0.0	0.22	0.07	0.07	0.0	0.42488	0.11041	0.08444	0.0	4.201	0.07	0.07	0.0	3.782472624166286	0.008515850922529822	0.008686179185092513
1788	1	5099.0	61.0	61.0	0.0	0.812	0.032	0.032	0.0	0.837	0.023	0.023	0.0	0.05	0.041	0.041	0.0	-0.39794	0.04727	0.05306	0.0	4.539	0.036	0.036	0.0	3.7074850119674734	0.005164689659737931	0.0052268488053792694
1789	1	5080.0	100.0	100.0	0.0	0.847	0.036	0.036	0.0	0.86	0.021	0.021	0.0	0.32	0.071	0.071	0.0	-0.39794	0.05212	0.05923	0.0	4.514	0.036	0.036	0.0	3.7058637122839193	0.008466047461313853	0.008634369524201713
1794	1	6450.0	110.0	110.0	0.0	1.315	0.064	0.064	0.0	1.272	0.048	0.048	0.0	0.02	0.068	0.068	0.0	0.42488	0.05513	0.06315	0.0	4.305	0.036	0.036	0.0	3.8095597146352675	0.007344124740392921	0.007470456753534638
1797	1	5495.0	69.0	69.0	0.0	0.853	0.04	0.03	0.0	0.917	0.027	0.027	0.0	-0.06	0.046	0.046	0.0	-0.22988	0.04877	0.05495	0.0	4.542	0.038	0.038	0.0	3.7399676967595092	0.005419424560499486	0.005487907333932007
1804	1	4512.0	19.0	19.0	0.0	0.6564	0.0055	0.0055	0.0	0.674	0.016	0.012	0.0	-0.113	0.035	0.035	0.0	-0.79615	0.00834	0.0085	0.0	4.633	0.011	0.011	0.0	3.654369090975286	0.0018249712039000165	0.0018326723822603697
1806	1	4546.0	23.0	18.0	0.0	0.7152	0.0038	0.0038	0.0	0.7279	0.0066	0.0066	0.0	0.186	0.051	0.051	0.0	-0.70885	0.00923	0.00943	0.0	4.5909	0.0039	0.0039	0.0	3.657629431388952	0.0021917266667528246	0.001723013208736912
1811	1	4405.0	15.0	15.0	0.0	0.6977	0.0055	0.0055	0.0	0.7133	0.0075	0.0075	0.0	0.208	0.053	0.053	0.0	-0.78489	0.00683	0.00694	0.0	4.6036	0.0077	0.0077	0.0	3.643945912748067	0.001476356601024964	0.001481392505945589
1814	1	5304.0	50.0	50.0	0.0	0.871	0.023	0.023	0.0	0.936	0.028	0.028	0.0	0.19	0.08	0.08	0.0	-0.268	0.031	0.033	0.0	4.53	0.02	0.02	0.0	3.7246035153967165	0.004074851454197503	0.004113446946665267
1835	1	5621.0	70.0	70.0	0.0	1.23	0.02	0.02	0.0	1.05	0.05	0.05	0.0	0.37	0.07	0.07	0.0	0.11461	0.01604	0.01874	0.0	4.2	0.2	0.2	0.0	3.7498135852929377	0.0053750003153871795	0.005442357961077171
1838	1	6214.0	36.0	36.0	0.0	1.126	0.011	0.011	0.0	1.1955	0.0091	0.0119	0.0	0.108	0.046	0.03	0.0	0.22891	0.01363	0.01407	0.0	4.4121	0.007	0.007	0.0	3.7933712489189557	0.0025087684251197118	0.0025233449535240204
1844	1	6536.0	31.0	31.0	0.0	2.201	0.036	0.036	0.0	1.573	0.017	0.017	0.0	0.19	0.024	0.024	0.0	0.89763	0.01672	0.01739	0.0	3.949	0.012	0.012	0.0	3.8153120435243593	0.0020549727632350745	0.002064742626754157
1845	1	5587.0	19.0	19.0	0.0	0.96	0.011	0.011	0.0	1.026	0.019	0.026	0.0	0.268	0.043	0.043	0.0	-0.0942	0.0096	0.00982	0.0	4.484	0.016	0.016	0.0	3.7471786713601642	0.001474422064103198	0.001479444757658488
1854	1	5670.0	91.0	91.0	0.0	1.036	0.067	0.067	0.0	1.038	0.039	0.039	0.0	0.18	0.064	0.064	0.0	-0.00436	0.06506	0.07656	0.0	4.422	0.053	0.053	0.0	3.7535830588929064	0.006914816333620344	0.0070266974825372586
1867	1	5688.0	20.0	20.0	0.0	1.46	0.024	0.024	0.0	1.097	0.01	0.016	0.0	0.335	0.028	0.028	0.0	0.30016	0.01413	0.0146	0.0	4.148	0.014	0.014	0.0	3.75495958772171	0.0015243767208992232	0.001529746146287092
1870	1	5542.0	21.0	21.0	0.0	1.664	0.024	0.024	0.0	1.076	0.014	0.014	0.0	0.247	0.037	0.037	0.0	0.36922	0.01154	0.01185	0.0	4.028	0.012	0.012	0.0	3.743666521446213	0.0016425384946150423	0.0016487743060746851
1873	1	5416.0	19.0	13.0	0.0	0.933	0.019	0.013	0.0	0.896	0.015	0.01	0.0	0.133	0.023	0.023	0.0	-0.17328	0.01838	0.01247	0.0	4.451	0.019	0.019	0.0	3.733678655677088	0.0015208927452254883	0.0010436881378921292
1875	1	5627.0	18.0	18.0	0.0	1.07	0.012	0.012	0.0	0.931	0.019	0.019	0.0	0.081	0.038	0.038	0.0	0.01199	0.0092	0.0094	0.0	4.349	0.015	0.015	0.0	3.7502769151539925	0.0013870311069941188	0.0013914751444756845
1879	1	6554.0	27.0	27.0	0.0	2.113	0.071	0.071	0.0	1.564	0.028	0.028	0.0	0.22	0.039	0.039	0.0	0.86747	0.02961	0.03178	0.0	3.982	0.024	0.024	0.0	3.816506437046357	0.0017854537536390325	0.0017928243503799735
1884	1	6277.0	30.0	30.0	0.0	1.31	0.027	0.027	0.0	1.257	0.028	0.028	0.0	0.199	0.055	0.055	0.0	0.37658	0.01962	0.02055	0.0	4.303	0.02	0.02	0.0	3.7977521286507105	0.0020707023426091986	0.002080622704689006
1885	1	6626.0	35.0	35.0	0.0	1.841	0.041	0.041	0.0	1.411	0.022	0.022	0.0	-0.017	0.043	0.043	0.0	0.76716	0.0203	0.0213	0.0	4.057	0.017	0.017	0.0	3.8212514315459414	0.0022880021109177306	0.002300119905768838
1888	1	6594.0	33.0	33.0	0.0	1.441	0.026	0.026	0.0	1.435	0.021	0.021	0.0	0.332	0.052	0.052	0.0	0.54654	0.01931	0.0202	0.0	4.278	0.015	0.015	0.0	3.8191489428071344	0.002168027783962856	0.002178905049834867
1892	1	6147.0	22.0	22.0	0.0	1.748	0.026	0.026	0.0	1.351	0.014	0.014	0.0	0.21	0.043	0.043	0.0	0.59218	0.0142	0.01468	0.0	4.083	0.012	0.012	0.0	3.7886632131208575	0.0015515571231219383	0.0015571200842874333
1899	1	5137.0	16.0	16.0	0.0	0.8785	0.0077	0.0077	0.0	0.892	0.011	0.016	0.0	0.377	0.034	0.034	0.0	-0.31758	0.00751	0.00765	0.0	4.501	0.013	0.013	0.0	3.710709565724337	0.001350576736737441	0.0013547898899410882
1901	1	4985.0	50.0	50.0	0.0	0.815	0.049	0.035	0.0	0.849	0.027	0.027	0.0	0.25	0.08	0.08	0.0	-0.43415	0.05533	0.04733	0.0	4.545	0.049	0.049	0.0	3.6976651626476746	0.004334312241962124	0.004378005642019289
1908	1	7930.0	630.0	820.0	0.0	1.881	0.059	0.066	0.0	1.78	0.12	0.12	0.0	0.041	0.095	0.107	0.0	1.07918	0.16386	0.14468	0.0	4.167	0.044	0.036	0.0	3.8992731873176036	0.0332005773595494	0.0474035865878375
1914	1	3405.0	10.0	10.0	0.0	0.4783	0.006	0.006	0.0	0.4861	0.006	0.006	0.0	0.17	0.036	0.036	0.0	-1.55988	0.00951	0.00972	0.0	4.7653	0.0067	0.0067	0.0	3.532117116248804	0.0012735917687476395	0.0012773376322834373
1917	1	4656.1	8.9	8.9	0.0	0.7214	0.0021	0.0021	0.0	0.7311	0.0028	0.0028	0.0	0.099	0.014	0.014	0.0	-0.65896	0.00414	0.00418	0.0	4.5853	0.0021	0.0021	0.0	3.6680222991722906	0.0008293489102282336	0.0008309357041182963
1920	1	3776.9	9.5	9.5	0.0	0.5758	0.0055	0.0055	0.0	0.601	0.008	0.008	0.0	0.514	0.033	0.021	0.0	-1.2161	0.01058	0.01085	0.0	4.696	0.011	0.011	0.0	3.577135486277586	0.001091005182351612	0.0010937528355934312
1921	1	3790.4	5.7	5.7	0.0	0.5848	0.0026	0.0026	0.0	0.6017	0.0074	0.0055	0.0	0.522	0.051	0.028	0.0	-1.19661	0.00469	0.00474	0.0	4.6831	0.0069	0.0069	0.0	3.57868504337869	0.000652601071021941	0.0006535831907323875
1924	1	4016.0	17.0	17.0	0.0	0.6259	0.0079	0.0079	0.0	0.662	0.016	0.021	0.0	0.322	0.065	0.049	0.0	-1.0381	0.01354	0.01397	0.0	4.665	0.016	0.016	0.0	3.603793704136963	0.0018345178706558052	0.0018423000034415438
1925	1	4071.0	13.0	13.0	0.0	0.6428	0.0066	0.0066	0.0	0.655	0.014	0.014	0.0	0.253	0.039	0.039	0.0	-0.99183	0.01177	0.0121	0.0	4.638	0.014	0.014	0.0	3.6097011023793995	0.0013846310354730385	0.0013890596820722578
1991	1	6072.0	20.0	20.0	0.0	2.22	0.05	0.05	0.0	1.28	0.01	0.01	0.0	-0.19	0.01	0.01	0.0	0.78604	0.00142	0.00142	0.0	3.79	0.03	0.03	0.0	3.783331762887424	0.0014281317765809654	0.0014328435362749303
2007	1	5792.0	16.0	16.0	0.0	0.94	0.02	0.02	0.0	0.89	0.01	0.01	0.0	-0.25	0.01	0.01	0.0	-0.10791	0.02172	0.02286	0.0	4.36	0.03	0.03	0.0	3.7628285531890904	0.0011980545029470768	0.0012013686275076374
2056	1	6255.73	126.62	155.48	0.0	1.20664	0.059557	0.059539	0.0	1.22	0.217431	0.140237	0.0	0.1803	0.0119	0.0119	0.0	0.30297	0.01425	0.01639	0.0	4.36127	0.083072	0.096463	0.0	3.7962779961194766	0.008702620551045648	0.010930362519256054
2061	1	5660.0	61.0	61.0	0.0	0.877	0.008	0.008	0.0	0.869	0.05	0.048	0.0	-0.28	0.04	0.04	0.0	-0.14997	0.02791	0.02983	0.0	4.49	0.11	0.11	0.0	3.7528164311882715	0.00465551657739649	0.004705963693287796
2100	1	5881.0	50.0	50.0	0.0	1.0	0.04	0.04	0.0	1.08	0.05	0.05	0.0	-0.07	0.08	0.08	0.0	0.07188	0.02849	0.03049	0.0	4.45	0.1	0.1	0.0	3.7694511794020378	0.0036767446312970797	0.0037081379809933424
2114	1	6200.0	100.0	100.0	0.0	1.19	0.06	0.06	0.0	1.21	0.06	0.06	0.0	0.08	0.05	0.05	0.0	0.28103	0.009	0.00919	0.0	4.2	0.3	0.3	0.0	3.792391689498254	0.006948859955327791	0.007061854487486752
2147	1	6651.0	35.0	35.0	0.0	1.49	0.05	0.05	0.0	1.47	0.07	0.07	0.0	0.0	0.03	0.03	0.0	0.5832	0.00563	0.00571	0.0	4.19	0.03	0.03	0.0	3.8228869478341507	0.0022794244223991456	0.002291451289660351
2283	1	4875.0	100.0	100.0	0.0	0.85	0.02	0.02	0.0	0.65	0.05	0.05	0.0	0.17	0.1	0.1	0.0	-0.4437	0.0119	0.01223	0.0	4.52	0.06	0.06	0.0	3.687974620034556	0.008818465047188528	0.00900124411479064
2284	1	6210.0	40.0	40.0	0.0	1.248	0.024	0.024	0.0	1.212	0.058	0.068	0.0	0.16	0.08	0.08	0.0	0.322	0.014	0.015	0.0	4.329	0.025	0.03	0.0	3.79309160017658	0.0027884171674954494	0.00280643614333842
2309	1	5576.0	86.0	85.0	0.0	1.158	0.039	0.036	0.0	1.046	0.07	0.059	0.0	0.343	0.081	0.084	0.0	0.06483	0.02578	0.01873	0.0	4.33	0.044	0.041	0.0	3.746322765089953	0.006647099939131262	0.006671321380576245
2331	1	5664.0	61.0	61.0	0.0	1.058	0.019	0.019	0.0	0.87	0.04	0.04	0.0	-0.24	0.05	0.05	0.0	0.0162	0.02401	0.02541	0.0	4.39	0.11	0.11	0.0	3.7531232446817127	0.0046522463302127726	0.004702622214144192
2449	1	5972.0	100.0	100.0	0.0	2.29	0.1	0.1	0.0	1.38	0.05	0.05	0.0	0.03	0.1	0.1	0.0	0.77743	0.04277	0.04745	0.0	3.86	0.05	0.05	0.0	3.776119799052988	0.007211963834436119	0.007333752144973449
2555	1	4757.0	89.0	89.0	0.0	0.762	0.005	0.005	0.0	0.79	0.02	0.036	0.0	0.02	0.04	0.04	0.0	-0.56864	0.03103	0.03342	0.0	4.49	0.05	0.05	0.0	3.677333151419902	0.008050258381585351	0.00820230404656952
2613	1	4663.0	31.0	31.0	0.0	0.78	0.02	0.02	0.0	0.77	0.02	0.02	0.0	0.12	0.07	0.07	0.0	-0.58503	0.01639	0.01703	0.0	4.49	0.41	0.41	0.0	3.668665415454492	0.0028776698080816843	0.0028968647351121923
2620	1	5390.0	30.0	30.0	0.0	0.946	0.014	0.021	0.0	0.926	0.029	0.035	0.0	0.18	0.08	0.08	0.0	-0.14874	0.08324	0.10307	0.0	4.46	0.13	0.13	0.0	3.7315887651867388	0.0024105213516483204	0.0024239754939685554
2631	1	5426.0	100.0	100.0	0.0	0.95	0.11	0.11	0.0	1.02	0.05	0.05	0.0	0.09	0.1	0.1	0.0	-0.1549	0.047	0.05271	0.0	4.49	0.11	0.11	0.0	3.7344797894255772	0.007931091154915304	0.008078627322654963
2632	1	6317.0	44.0	44.0	0.0	1.93	0.49	0.49	0.0	1.5	0.07	0.07	0.0	0.37	0.04	0.04	0.0	0.73	0.0863	0.108	0.0	4.06	0.06	0.06	0.0	3.800510876894368	0.003014518682164624	0.003035589357033519
2699	1	6046.0	76.0	72.0	0.0	1.517	0.038	0.036	0.0	1.285	0.064	0.062	0.0	0.208	0.058	0.058	0.0	0.44091	0.02891	0.02095	0.0	4.184	0.024	0.024	0.0	3.781468142841798	0.005425182419517505	0.005202924573688872
2718	1	4931.0	77.0	77.0	0.0	0.782	0.035	0.035	0.0	0.789	0.019	0.019	0.0	0.03	0.05	0.05	0.0	-0.48017	0.03406	0.03695	0.0	4.44	0.17	0.17	0.0	3.692935002531138	0.006729317671235524	0.006835230535221726
2752	1	3534.0	51.0	51.0	0.0	0.481	0.014	0.014	0.0	0.484	0.019	0.019	0.0	-0.04	0.16	0.16	0.0	-1.49	0.0052	0.0052	0.0	4.9	0.07	0.07	0.0	3.5482665451707454	0.006222614833073514	0.0063130707125091945
2805	1	5784.0	61.0	61.0	0.0	0.96	0.006	0.006	0.0	0.996	0.049	0.049	0.0	-0.038	0.04	0.04	0.0	-0.03386	0.01884	0.01969	0.0	4.45	0.1	0.1	0.0	3.7622282842864743	0.004556231211384709	0.004604538378085277
2815	1	5145.0	50.0	50.0	0.0	0.767	0.024	0.024	0.0	0.863	0.02	0.02	0.0	0.0	0.08	0.08	0.0	-0.42946	0.01379	0.01424	0.0	4.54	0.09	0.09	0.0	3.7113853790984517	0.0042001727947447165	0.004241190756006485
2826	1	5790.0	157.71	115.06	0.0	1.15043	0.055043	0.064626	0.0	1.04	0.112096	0.159473	0.0	0.09	0.1	0.1	0.0	0.12713	0.01214	0.01023	0.0	4.33338	0.078913	0.088384	0.0	3.762678563727436	0.011671221194749837	0.008717289546269491
2897	1	5348.0	100.0	100.0	0.0	0.94	0.02	0.02	0.0	0.81	0.04	0.04	0.0	-0.15	0.06	0.06	0.0	-0.18709	0.01316	0.01357	0.0	4.3	0.1	0.1	0.0	3.7281913985899466	0.008045700314782245	0.008197572222342853
2954	1	6072.0	83.0	76.0	0.0	1.71	0.03	0.04	0.0	1.16	0.13	0.09	0.0	0.213	0.042	0.042	0.0	0.549	0.03192	0.02526	0.0	4.09	0.02	0.02	0.0	3.783331762887424	0.005896294379911016	0.00547013871118196
2961	1	6254.0	44.0	44.0	0.0	1.31	0.05	0.05	0.0	1.28	0.05	0.05	0.0	0.22	0.04	0.04	0.0	0.38	0.03	0.03	0.0	4.31	0.1	0.1	0.0	3.7961578769069146	0.003044779393610586	0.0030662767303346605
2981	1	6442.0	10.0	10.0	0.0	2.554	0.056	0.052	0.0	1.721	0.054	0.058	0.0	0.232	0.01	0.01	0.0	1.00945	0.01953	0.01778	0.0	3.93	0.03	0.03	0.0	3.8090207204836726	0.0006736382332515056	0.0006746847432776981
2985	1	5596.0	50.0	50.0	0.0	1.13	0.02	0.02	0.0	0.9	0.05	0.05	0.0	-0.07	0.06	0.06	0.0	0.04922	0.00232	0.00233	0.0	4.4	0.07	0.07	0.0	3.74787770581979	0.0038631679911103056	0.003897840577947065
3022	1	5782.13	76.96	127.47	0.0	1.12681	0.047169	0.042017	0.0	1.04	0.134951	0.107228	0.0	-0.0537	0.004	0.004	0.0	0.10674	0.00865	0.01433	0.0	4.3514	0.051571	0.082905	0.0	3.7620878517151244	0.005742317431353339	0.009681354666376762
3031	1	5106.0	67.0	63.0	0.0	0.7827	0.0329	0.0264	0.0	0.8208	0.0226	0.0253	0.0	-0.03	0.06	0.059	0.0	-0.42136	0.04254	0.04082	0.0	4.562	0.03	0.043	0.0	3.7080808104682315	0.00566166794085099	0.0053918423090979495
3035	1	5368.0	64.0	64.0	0.0	0.93	0.03	0.03	0.0	0.79	0.01	0.01	0.0	-0.42	0.02	0.02	0.0	-0.16311	0.00164	0.00165	0.0	4.39	0.03	0.03	0.0	3.729812507160936	0.005147254111509625	0.005208991764219295
3046	1	6134.0	54.0	50.0	0.0	1.16	0.02	0.02	0.0	1.15	0.04	0.04	0.0	0.09	0.04	0.04	0.0	0.233	0.02228	0.02348	0.0	4.34	0.62	0.42	0.0	3.7877437716464666	0.0038065333808634527	0.0035545662655058763
3099	1	5978.0	50.0	50.0	0.0	1.1011	0.008	0.0075	0.0	1.068	0.02	0.018	0.0	-0.04	0.03	0.03	0.0	0.13862	0.01398	0.01575	0.0	4.3827	0.0095	0.0097	0.0	3.776555910703262	0.0036173329393323073	0.0036477157319900755
3115	1	5871.0	62.0	62.0	0.0	1.044	0.024	0.024	0.0	1.09	0.07	0.07	0.0	0.049	0.042	0.042	0.0	0.06595	0.00519	0.00526	0.0	4.42	0.03	0.03	0.0	3.7687120803776635	0.0045622679597903115	0.0046107039014349205
3172	1	4699.0	16.0	16.0	0.0	0.778	0.005	0.005	0.0	0.81	0.03	0.03	0.0	0.11	0.04	0.04	0.0	-0.57741	0.00813	0.00829	0.0	4.567	0.018	0.018	0.0	3.672005445022952	0.0014762520503954768	0.0014812872408720423
3228	1	5847.0	22.0	22.0	0.0	1.947	0.013	0.013	0.0	1.351	0.013	0.013	0.0	0.33	0.02	0.02	0.0	0.60293	0.00087	0.00087	0.0	4.03	0.03	0.03	0.0	3.766933093837284	0.0016310156762893158	0.0016371641392276537
3243	1	5784.0	60.0	60.0	0.0	1.147	0.028	0.028	0.0	1.013	0.069	0.061	0.0	0.05	0.05	0.05	0.0	0.12385	0.01287	0.01664	0.0	4.32	0.04	0.03	0.0	3.7622282842864743	0.004481922975784869	0.004528659198735685
3251	1	4385.0	21.0	21.0	0.0	0.674	0.02	0.02	0.0	0.684	0.013	0.013	0.0	-0.08	0.02	0.02	0.0	-1.17393	0.17393	0.21329	0.0	4.69	0.05	0.05	0.0	3.6419695977020594	0.0020748951126892123	0.002084855785755124
3255	1	5994.0	55.0	64.0	0.0	1.08	0.02	0.03	0.0	1.16	0.02	0.03	0.0	-0.129	0.041	0.041	0.0	0.13033	0.025	0.02653	0.0	4.37	0.02	0.02	0.0	3.7777167386096258	0.003966845897724891	0.004662045245363178
3269	1	4684.0	99.0	99.0	0.0	0.71	0.02	0.02	0.0	0.67	0.03	0.03	0.0	-0.2	0.05	0.05	0.0	-0.62525	0.02665	0.0284	0.0	4.53	0.08	0.08	0.0	3.6706168864003255	0.009083494471638698	0.009277546394285352
3282	1	5075.0	75.0	75.0	0.0	0.772	0.029	0.029	0.0	0.849	0.009	0.009	0.0	-0.02	0.03	0.03	0.0	-0.4437	0.03028	0.03256	0.0	4.55	0.05	0.05	0.0	3.7054360465852505	0.006371182455940705	0.0064660422492317515
3290	1	3933.0	51.0	51.0	0.0	0.57	0.016	0.016	0.0	0.578	0.021	0.021	0.0	-0.03	0.16	0.16	0.0	-1.15366	0.00918	0.00938	0.0	4.7	0.07	0.07	0.0	3.5947239464097467	0.0055953833419142285	0.005668415357402701
3312	1	6353.0	85.0	77.0	0.0	1.4182	0.0241	0.023	0.0	1.251	0.0248	0.0229	0.0	-0.018	0.054	0.062	0.0	0.47276	0.02251	0.02235	0.0	4.227	0.019	0.014	0.0	3.8029788553352617	0.005772117014333222	0.005295920420362421
3320	1	3803.0	10.0	10.0	0.0	0.439	0.003	0.003	0.0	0.439	0.011	0.011	0.0	-0.43	0.04	0.04	0.0	-1.43997	0.00215	0.00216	0.0	5.2	0.07	0.07	0.0	3.5801263254115825	0.0011404798620882062	0.001143482708791943
3331	1	6801.0	76.0	76.0	0.0	1.56	0.05	0.05	0.0	1.43	0.05	0.04	0.0	0.02	0.06	0.06	0.0	0.66839	0.03833	0.04102	0.0	4.21	0.03	0.03	0.0	3.83257277484618	0.004826249495842649	0.004880486171734422
3348	1	6189.0	55.0	55.0	0.0	1.425	0.048	0.041	0.0	1.227	0.052	0.052	0.0	0.1	0.03	0.03	0.0	0.43297	0.02491	0.02304	0.0	4.25	0.07	0.07	0.0	3.791620482692814	0.0038424116975659395	0.0038767110463475696
3361	1	5602.0	36.0	36.0	0.0	1.048	0.015	0.015	0.0	0.974	0.018	0.018	0.0	0.19	0.01	0.01	0.0	-0.01323	0.00842	0.00859	0.0	4.386	0.015	0.015	0.0	3.7483431044875495	0.0027819670480342396	0.00279990248952533
3463	1	6128.0	87.0	80.0	0.0	1.266	0.0235	0.0227	0.0	1.1642	0.0317	0.0337	0.0	0.043	0.063	0.061	0.0	0.30792	0.02854	0.02102	0.0	4.296	0.021	0.019	0.0	3.7873187566245474	0.006122376353116188	0.005706974131397313
3480	1	5836.0	44.0	44.0	0.0	1.38	0.08	0.08	0.0	1.07	0.02	0.02	0.0	0.14	0.04	0.04	0.0	0.3032	0.0412	0.04552	0.0	4.21	0.08	0.08	0.0	3.766115283221414	0.003262042854724534	0.0032867300323236037
3486	1	5666.0	61.0	61.0	0.0	0.897	0.019	0.019	0.0	0.94	0.06	0.06	0.0	-0.27	0.04	0.04	0.0	-0.12494	0.02803	0.02996	0.0	4.47	0.03	0.03	0.0	3.7532765701844184	0.004650612928911002	0.004700953253426565
3594	1	5582.0	133.18	87.0	0.0	1.49795	0.063776	0.076626	0.0	0.99	0.116237	0.132736	0.0	0.34	0.1	0.1	0.0	0.29285	0.01129	0.00996	0.0	4.08271	0.069135	0.081774	0.0	3.7467898321526123	0.010240080929641238	0.006822135393103057
3602	1	5727.0	60.0	60.0	0.0	0.999	0.087	0.087	0.0	1.015	0.061	0.061	0.0	-0.09	0.04	0.04	0.0	-0.00877	0.06947	0.08274	0.0	4.44	0.07	0.07	0.0	3.7579271831133294	0.004526299250217747	0.004573970471833277
3620	1	5566.0	158.59	132.98	0.0	1.26442	0.096618	0.051634	0.0	0.98	0.114243	0.156137	0.0	0.23	0.1	0.1	0.0	0.14065	0.00883	0.01239	0.0	4.22551	0.094829	0.084306	0.0	3.745543201998024	0.012201185587899843	0.010501898239169805
3686	1	6203.0	64.0	64.0	0.0	1.194	0.017	0.016	0.0	1.126	0.036	0.035	0.0	-0.12	0.04	0.04	0.0	0.28035	0.01456	0.01201	0.0	4.5	0.11	0.11	0.0	3.7926017811649664	0.004457913535004465	0.004504147784669232
3720	1	5934.0	75.0	78.0	0.0	1.0072	0.0169	0.0161	0.0	1.0269	0.0317	0.035	0.0	-0.05	0.057	0.055	0.0	0.05538	0.02489	0.02437	0.0	4.441	0.021	0.023	0.0	3.773347541980823	0.005454662032415403	0.00574647393048755
3726	1	6255.0	26.0	26.0	0.0	1.401	0.015	0.015	0.0	1.157	0.028	0.028	0.0	-0.11	0.02	0.02	0.0	0.43297	0.00636	0.00646	0.0	4.14	0.04	0.04	0.0	3.796227314029439	0.0018014793746341518	0.001808983155298094
3734	1	5553.0	56.0	56.0	0.0	0.934	0.029	0.029	0.0	0.956	0.022	0.022	0.0	-0.07	0.03	0.03	0.0	-0.1261	0.00577	0.00585	0.0	4.56	0.08	0.08	0.0	3.7445276734725668	0.004357766536950081	0.004401936506836179
3748	1	5688.0	28.0	28.0	0.0	0.912	0.034	0.034	0.0	0.99	0.03	0.03	0.0	0.03	0.05	0.05	0.0	-0.12494	0.01703	0.01773	0.0	4.52	0.05	0.05	0.0	3.75495958772171	0.0021326323972226113	0.0021431565334384395
3756	1	5513.0	71.0	73.0	0.0	0.9598	0.0168	0.0167	0.0	0.9406	0.0342	0.0318	0.0	0.107	0.054	0.057	0.0	-0.11464	0.02473	0.02383	0.0	4.445	0.024	0.024	0.0	3.741387992479269	0.005557417135835685	0.005789092781089078
3782	1	6330.0	47.0	47.0	0.0	1.55	0.32	0.32	0.0	1.36	0.04	0.04	0.0	0.25	0.04	0.04	0.0	0.54	0.085	0.11	0.0	4.19	0.06	0.06	0.0	3.801403710017355	0.0032127069698999478	0.0032366503014160664
3785	1	5950.0	100.0	100.0	0.0	1.02	0.05	0.05	0.0	1.12	0.05	0.05	0.0	0.29	0.1	0.1	0.0	0.06819	0.02172	0.02286	0.0	4.47	0.05	0.05	0.0	3.7745169657285498	0.007238408923919248	0.007361099646369329
3879	1	5783.0	19.0	19.0	0.0	1.333	0.012	0.012	0.0	1.039	0.025	0.025	0.0	0.07	0.02	0.02	0.0	0.25285	0.00483	0.00488	0.0	4.12	0.02	0.02	0.0	3.7621531923035945	0.001424532163051051	0.001429220161642597
3906	1	6007.0	83.0	88.0	0.0	1.3174	0.0249	0.0142	0.0	1.1973	0.0308	0.0289	0.0	0.215	0.062	0.063	0.0	0.30878	0.02708	0.01919	0.0	4.276	0.012	0.022	0.0	3.7786576319473553	0.005959660685519896	0.006409291975501663
3954	1	5935.0	124.44	144.14	0.0	1.1826	0.065222	0.052954	0.0	1.08	0.118905	0.147458	0.0	0.26	0.1	0.1	0.0	0.19405	0.01034	0.01475	0.0	4.32582	0.090675	0.068704	0.0	3.77342072329061	0.009011766197830173	0.010677657746361646
3970	1	5442.0	17.0	17.0	0.0	0.94	0.02	0.02	0.0	1.0	0.03	0.03	0.0	0.34	0.03	0.03	0.0	-0.10403	0.0011	0.00111	0.0	4.39	0.04	0.04	0.0	3.735758537443739	0.0013545568622221893	0.0013587949231719243
3987	1	5863.0	88.0	88.0	0.0	1.053	0.026	0.026	0.0	1.019	0.061	0.066	0.0	0.018	0.057	0.043	0.0	0.07188	0.01305	0.01081	0.0	4.4	0.029	0.032	0.0	3.7681198941847973	0.006470056079997288	0.006567905620615377
3997	1	5610.0	46.0	46.0	0.0	1.237	0.019	0.019	0.0	0.967	0.01	0.01	0.0	0.2	0.02	0.02	0.0	0.13513	0.00443	0.00448	0.0	4.25	0.02	0.02	0.0	3.7489628612561616	0.0035465395326812477	0.0035757399361528996
4026	1	5576.0	73.0	76.0	0.0	1.747	0.049	0.05	0.0	1.157	0.04	0.045	0.0	0.421	0.046	0.054	0.0	0.42488	0.02382	0.02694	0.0	4.016	0.026	0.026	0.0	3.746322765089953	0.005648809646374264	0.005960075595709213
4039	1	5577.0	100.0	100.0	0.0	1.67	0.07	0.07	0.0	1.03	0.05	0.05	0.0	0.39	0.1	0.1	0.0	0.38202	0.03128	0.03371	0.0	4.03	0.05	0.05	0.0	3.746400644491561	0.007718249733851934	0.007857903562775714
4056	1	5908.0	66.0	72.0	0.0	1.0311	0.0176	0.0169	0.0	1.0844	0.0252	0.0314	0.0	0.11	0.057	0.058	0.0	0.06781	0.02491	0.02524	0.0	4.445	0.015	0.02	0.0	3.771440486639912	0.0048247316281972985	0.00532520341849807
4064	1	5631.0	21.0	21.0	0.0	1.903	0.019	0.019	0.0	1.2	0.024	0.024	0.0	0.22	0.02	0.02	0.0	0.51587	0.00526	0.00533	0.0	3.94	0.03	0.03	0.0	3.7505855273410087	0.0016166258355121421	0.0016226660848470686
4109	1	5212.0	43.0	43.0	0.0	0.728	0.008	0.008	0.0	0.85	0.08	0.08	0.0	-0.23	0.03	0.03	0.0	-0.45469	0.00858	0.00875	0.0	4.64	0.04	0.04	0.0	3.7170044070405472	0.0035683133237136566	0.0035978748728564547
4154	1	5048.0	79.0	78.0	0.0	0.758	0.024	0.022	0.0	0.8	0.033	0.03	0.0	0.0	0.045	0.039	0.0	-0.47314	0.01272	0.01257	0.0	4.582	0.03	0.031	0.0	3.703119346236078	0.006743971204321131	0.006762957502746136
4215	1	4813.0	207.69	128.99	0.0	0.754089	0.0527	0.085993	0.0	0.78	0.123522	0.073427	0.0	0.17	0.11	0.11	0.0	-0.5608	0.01866	0.02043	0.0	4.57532	0.132624	0.102266	0.0	3.6824158616773586	0.018347545228620366	0.011798048090828406
4235	1	4590.0	49.0	49.0	0.0	0.7242	0.0081	0.0091	0.0	0.781	0.027	0.027	0.0	0.18	0.08	0.08	0.0	-0.67799	0.01565	0.01774	0.0	4.611	0.011	0.01	0.0	3.661812685537261	0.004611686981498497	0.004661183636294197
4243	1	4300.0	60.0	60.0	0.0	0.69	0.013	0.012	0.0	0.705	0.025	0.023	0.0	0.12	0.05	0.05	0.0	-0.81816	0.01681	0.01749	0.0	4.58	0.06	0.06	0.0	3.6334684555795866	0.006018033688999225	0.006102598986854169
4282	1	5618.0	74.0	73.0	0.0	0.9603	0.0175	0.0163	0.0	0.9373	0.035	0.0322	0.0	0.007	0.058	0.059	0.0	-0.0804	0.02488	0.02418	0.0	4.443	0.024	0.024	0.0	3.749581734865559	0.005683156546687496	0.005680184380380204
4302	1	5649.0	75.0	71.0	0.0	0.9593	0.0173	0.0163	0.0	0.942	0.0335	0.0325	0.0	-0.018	0.059	0.058	0.0	-0.0716	0.02391	0.02368	0.0	4.445	0.025	0.024	0.0	3.751971574736327	0.00572805035141144	0.0054930648062962995
4311	1	5216.0	52.0	52.0	0.0	0.8418	0.0123	0.0102	0.0	0.9342	0.0158	0.0184	0.0	0.248	0.081	0.051	0.0	-0.32514	0.02237	0.02165	0.0	4.557	0.009	0.013	0.0	3.717337582723864	0.004308183565882473	0.004351349129481097
4320	1	3347.0	50.0	50.0	0.0	0.299	0.009	0.009	0.0	0.291	0.013	0.013	0.0	-0.18	0.15	0.15	0.0	-1.99542	0.00296	0.00298	0.0	4.76	0.13	0.13	0.0	3.5246557123577773	0.0064398345122507195	0.006536765214624207
4333	1	6354.0	70.0	70.0	0.0	1.258	0.019	0.019	0.0	1.204	0.052	0.052	0.0	0.025	0.05	0.05	0.0	0.36361	0.02199	0.02317	0.0	4.3	0.06	0.06	0.0	3.803047210491129	0.0047583217794957555	0.004811034123193281
4358	1	4203.0	116.0	116.0	0.0	0.65	0.07	0.07	0.0	0.69	0.07	0.07	0.0	-0.05	0.09	0.09	0.0	-0.91364	0.02423	0.02566	0.0	4.66	0.03	0.03	0.0	3.623559390005437	0.011823814042061453	0.01215475229384344
4464	1	4899.0	59.0	58.0	0.0	0.832	0.022	0.021	0.0	0.863	0.037	0.031	0.0	0.42	0.036	0.037	0.0	-0.4437	0.01773	0.01848	0.0	4.534	0.027	0.026	0.0	3.6901074394563307	0.0051990829754720025	0.005172356815441148
4470	1	5870.0	170.0	150.0	0.0	0.855	0.024	0.021	0.0	0.918	0.039	0.046	0.0	-0.198	0.043	0.049	0.0	-0.10791	0.05239	0.04145	0.0	4.538	0.024	0.033	0.0	3.7686381012476144	0.012398837373517324	0.01124207245459008
4590	1	4500.0	125.0	75.0	0.0	0.677	0.027	0.027	0.0	0.742	0.039	0.038	0.0	-0.02	0.08	0.08	0.0	-0.7765	0.01354	0.01291	0.0	4.68	0.1	0.1	0.0	3.6532125137753435	0.011899223299707717	0.007299238741499181
4664	1	3690.0	300.0	300.0	0.0	0.578	0.028	0.028	0.0	0.563	0.028	0.028	0.0	-0.02	0.96	1.0	0.0	-1.25181	0.14391	0.15712	0.0	4.665	0.048	0.048	0.0	3.56702636615906	0.033946529527688174	0.03682666795597811
4666	1	4079.0	70.0	70.0	0.0	0.632	0.063	0.063	0.0	0.65	0.061	0.061	0.0	-0.11	0.12	0.12	0.0	-0.99568	0.08558	0.10669	0.0	4.653	0.051	0.051	0.0	3.6105537053170944	0.007389729511878773	0.007517649066572929
4672	1	3745.0	70.0	70.0	0.0	0.568	0.057	0.057	0.0	0.595	0.059	0.059	0.0	0.11	0.12	0.12	0.0	-1.3098	0.08796	0.11041	0.0	4.707	0.048	0.048	0.0	3.5734518220354854	0.008042720255414082	0.008194478615271894
4677	1	3499.0	70.0	70.0	0.0	0.436	0.044	0.044	0.0	0.457	0.051	0.051	0.0	0.09	0.12	0.12	0.0	-1.58503	0.09018	0.11394	0.0	4.822	0.043	0.043	0.0	3.5439439424829065	0.008602605472753933	0.008776457367962287
4736	1	6310.0	170.0	170.0	0.0	1.499	0.077	0.071	0.0	1.084	0.1	0.097	0.0	-0.456	0.081	0.081	0.0	0.50651	0.01854	0.01937	0.0	4.122	0.066	0.072	0.0	3.8000293592441343	0.01154564662645896	0.011860988102966541
4808	1	5365.0	92.0	92.0	0.0	0.719	0.025	0.023	0.0	0.735	0.035	0.029	0.0	-0.578	0.079	0.08	0.0	-0.41341	0.01547	0.01604	0.0	4.591	0.034	0.033	0.0	3.72956972630197	0.0073842274811761754	0.00751195497050583
4822	1	5128.0	79.0	80.0	0.0	0.789	0.025	0.023	0.0	0.823	0.036	0.033	0.0	0.022	0.077	0.066	0.0	-0.41117	0.01431	0.01364	0.0	4.56	0.029	0.032	0.0	3.709948016510761	0.006639561164931251	0.006828670274682924
5015	1	5026.0	82.0	81.0	0.0	0.765	0.024	0.023	0.0	0.793	0.033	0.029	0.0	-0.021	0.064	0.041	0.0	-0.47237	0.01644	0.01708	0.0	4.57	0.031	0.031	0.0	3.701222484256557	0.00702840433482077	0.0070561883233590805
5018	1	5783.0	100.0	98.0	0.0	1.253	0.055	0.053	0.0	1.076	0.092	0.086	0.0	0.21	0.18	0.19	0.0	0.19866	0.02923	0.0284	0.0	4.273	0.056	0.054	0.0	3.7621531923035945	0.007445656083851837	0.007422723279840948
5026	1	5500.0	100.0	100.0	0.0	0.872	0.033	0.03	0.0	0.881	0.045	0.042	0.0	-0.064	0.054	0.054	0.0	-0.20135	0.01825	0.01833	0.0	4.503	0.04	0.042	0.0	3.7403626894942437	0.007825337511956576	0.007968929671275049
5043	1	5117.0	85.0	86.0	0.0	0.818	0.029	0.027	0.0	0.851	0.039	0.035	0.0	0.134	0.077	0.078	0.0	-0.383	0.01748	0.01712	0.0	4.543	0.033	0.034	0.0	3.7090154169721172	0.007154930887736555	0.007361099646368885
5064	1	4503.0	69.0	69.0	0.0	0.72	0.03	0.03	0.0	0.7	0.03	0.03	0.0	0.0	0.07	0.07	0.0	-0.72125	0.02228	0.02348	0.0	4.57	0.09	0.09	0.0	3.653501946962933	0.006604274760311224	0.006706258184463465
5097	1	5942.0	119.0	119.0	0.0	1.072	0.043	0.043	0.0	0.94	0.05	0.05	0.0	-0.315	0.06	0.06	0.0	0.1271	0.01277	0.01316	0.0	4.35	0.02	0.02	0.0	3.773932647467645	0.008611636542365186	0.008785857359619786
5110	1	5520.0	140.0	140.0	0.0	1.7	0.094	0.087	0.0	1.482	0.11	0.096	0.0	0.486	0.061	0.072	0.0	0.38202	0.01938	0.02029	0.0	4.148	0.025	0.025	0.0	3.741939077729199	0.01087735345907248	0.011156802062809668
5114	1	5288.0	99.0	99.0	0.0	0.889	0.034	0.032	0.0	0.856	0.042	0.03	0.0	-0.05	0.068	0.052	0.0	-0.25337	0.022	0.02318	0.0	4.473	0.04	0.034	0.0	3.723291446477584	0.008055529068371037	0.008207775782656856
5135	1	6154.0	60.0	60.0	0.0	1.161	0.024	0.024	0.0	1.188	0.028	0.026	0.0	0.1	0.04	0.04	0.0	0.23805	0.0244	0.02853	0.0	4.379	0.017	0.017	0.0	3.7891574919114395	0.00421375700751625	0.004255042024784661
5152	1	6180.0	160.0	140.0	0.0	1.236	0.043	0.036	0.0	1.256	0.055	0.062	0.0	0.337	0.076	0.076	0.0	0.3032	0.05474	0.04792	0.0	4.353	0.022	0.029	0.0	3.790988475088816	0.011100782792917041	0.009951536467684097
5158	1	3420.0	18.0	18.0	0.0	0.36	0.01	0.01	0.0	0.4	0.01	0.01	0.0	-0.1	0.1	0.1	0.0	-1.79588	0.02633	0.02803	0.0	4.9	0.1	0.1	0.0	3.534026106056135	0.0022797662948987885	0.002291796779584576
5179	1	3810.0	17.0	17.0	0.0	0.54	0.01	0.01	0.0	0.58	0.01	0.01	0.0	-0.1	0.1	0.1	0.0	-1.27572	0.01609	0.01671	0.0	4.7	0.1	0.1	0.0	3.5809249756756194	0.0019334865488800368	0.0019421329728288583
5199	1	3207.0	58.0	58.0	0.0	0.2932	0.0093	0.0093	0.0	0.2634	0.0077	0.0077	0.0	0.15	0.03	0.03	0.0	-2.08831	0.01517	0.01572	0.0	4.944	0.031	0.031	0.0	3.5060989599284405	0.007784225682652135	0.007926299291896477
5202	1	5003.0	94.0	94.0	0.0	0.797	0.029	0.027	0.0	0.809	0.044	0.036	0.0	-0.02	0.24	0.098	0.0	-0.44491	0.02009	0.0198	0.0	4.544	0.033	0.032	0.0	3.699230502883409	0.008084130705298787	0.008237470783539536
5224	1	6860.0	150.0	160.0	0.0	1.755	0.061	0.078	0.0	1.637	0.065	0.069	0.0	0.334	0.052	0.061	0.0	0.78817	0.03269	0.03843	0.0	4.161	0.044	0.03	0.0	3.8363241157067516	0.009393902259906994	0.010249313005925131
5226	1	5490.0	110.0	110.0	0.0	1.663	0.071	0.068	0.0	1.107	0.042	0.047	0.0	0.372	0.069	0.072	0.0	0.35392	0.01641	0.01626	0.0	4.04	0.038	0.041	0.0	3.739572344450092	0.00861568255610834	0.008790068783702587
5238	1	5368.0	44.0	44.0	0.0	0.85	0.02	0.02	0.0	0.88	0.03	0.03	0.0	-0.08	0.05	0.05	0.0	-0.25964	0.01551	0.01609	0.0	4.51	0.08	0.08	0.0	3.729812507160936	0.003545280764649661	0.003574460358298115
5247	1	5420.0	100.0	100.0	0.0	0.92	0.034	0.032	0.0	0.901	0.051	0.042	0.0	0.033	0.099	0.1	0.0	-0.18243	0.01558	0.01616	0.0	4.465	0.042	0.039	0.0	3.733999286538387	0.007939791190811896	0.008087654243338793
5254	1	4285.0	49.0	57.0	0.0	0.703	0.024	0.022	0.0	0.686	0.033	0.033	0.0	-0.12	0.4	0.42	0.0	-0.82333	0.01618	0.0168	0.0	4.581	0.032	0.037	0.0	3.631950826259217	0.004938080724582239	0.005815847623828141
5349	1	5680.0	120.0	120.0	0.0	0.973	0.038	0.035	0.0	0.974	0.053	0.058	0.0	0.078	0.072	0.065	0.0	-0.05061	0.02281	0.02202	0.0	4.452	0.041	0.049	0.0	3.754348335711019	0.009079657851918554	0.009273544128961309
5388	1	4140.0	50.0	50.0	0.0	0.607	0.022	0.022	0.0	0.63	0.01	0.01	0.0	0.0	0.08	0.08	0.0	-1.01323	0.01755	0.01829	0.0	4.67	0.01	0.01	0.0	3.617000341120899	0.0052136818453960565	0.005277033113557206
5397	1	3926.0	100.0	100.0	0.0	0.62	0.02	0.02	0.0	0.64	0.02	0.02	0.0	0.0	0.5	0.5	0.0	-1.04576	0.19189	0.35218	0.0	4.7	0.2	0.2	0.0	3.5939502952639875	0.010923475288648454	0.011205329572710365
5401	1	3341.0	276.0	276.0	0.0	0.32	0.03	0.03	0.0	0.33	0.02	0.02	0.0	-0.21	0.09	0.09	0.0	-1.93	0.02	0.02	0.0	4.96	0.02	0.02	0.0	3.523876475638131	0.034472033123488455	0.03744599678369731
5421	1	5520.0	60.0	60.0	0.0	0.899	0.035	0.033	0.0	0.934	0.038	0.038	0.0	0.08	0.04	0.05	0.0	-0.16622	0.00882	0.01031	0.0	4.5	0.05	0.05	0.0	3.741939077729199	0.004695121208379671	0.004746435024461704
5434	1	3844.0	61.0	63.0	0.0	0.546	0.018	0.016	0.0	0.549	0.029	0.027	0.0	-0.157	0.075	0.08	0.0	-1.23136	0.01312	0.01429	0.0	4.704	0.023	0.026	0.0	3.584783378996508	0.006837659216811343	0.007176701633972105
5484	1	5425.0	40.0	40.0	0.0	0.844	0.032	0.032	0.0	0.9	0.043	0.042	0.0	-0.15	0.05	0.05	0.0	-0.25649	0.03609	0.03765	0.0	4.54	0.029	0.027	0.0	3.734399742520567	0.0031904237651545486	0.0032140348865667967
5498	1	3300.0	30.0	30.0	0.0	0.196	0.006	0.006	0.0	0.174	0.004	0.004	0.0	-0.24	0.09	0.09	0.0	-2.38722	0.01047	0.01072	0.0	5.094	0.006	0.006	0.0	3.5185139398778875	0.003930293628432224	0.003966187217601558
5540	1	3750.0	510.0	520.0	0.0	0.595	0.031	0.031	0.0	0.578	0.03	0.03	0.0	0.148	0.062	0.062	0.0	-1.20066	0.22185	0.25527	0.0	4.65	0.051	0.049	0.0	3.574031267727719	0.055378331375000034	0.06482874539661587
5548	1	5282.0	40.0	39.0	0.0	0.822	0.026	0.024	0.0	0.901	0.048	0.049	0.0	0.098	0.065	0.07	0.0	-0.32514	0.02929	0.0265	0.0	4.566	0.013	0.021	0.0	3.722798396870905	0.003276473344465014	0.0032185391571819544
5773	1	5731.0	66.0	66.0	0.0	1.06	0.09	0.06	0.0	1.03	0.04	0.02	0.0	0.26	0.05	0.05	0.0	0.03743	0.056	0.0643	0.0	4.38	0.11	0.11	0.0	3.7582304084577496	0.004972891913022082	0.005030494258333462
5898	1	3173.0	53.0	53.0	0.0	0.1965	0.0058	0.0058	0.0	0.1635	0.0041	0.0041	0.0	-0.13	0.18	0.18	0.0	-2.45469	0.03902	0.0388	0.0	5.066	0.027	0.027	0.0	3.501470072100412	0.0071942909525306575	0.007315478081969307
5905	1	3711.0	88.0	88.0	0.0	0.541	0.017	0.017	0.0	0.562	0.024	0.024	0.0	-0.11	0.12	0.12	0.0	-1.27654	0.01927	0.02016	0.0	4.74	0.05	0.05	0.0	3.569490954348783	0.010178339205937359	0.010422620314246345
5964	1	3990.0	300.0	300.0	0.0	0.643	0.031	0.031	0.0	0.615	0.031	0.031	0.0	-0.02	0.95	0.99	0.0	-1.02228	0.13287	0.13887	0.0	4.61	0.047	0.047	0.0	3.6009728956867484	0.031484396497976075	0.033946529527688174
5975	1	4413.0	76.0	76.0	0.0	0.671	0.023	0.022	0.0	0.699	0.034	0.031	0.0	0.08	0.2	0.14	0.0	-0.8122	0.01469	0.01462	0.0	4.629	0.028	0.028	0.0	3.6447339274471924	0.00741567795446052	0.007544505298430426
6056	1	5700.0	140.0	140.0	0.0	1.533	0.082	0.074	0.0	1.056	0.098	0.068	0.0	0.049	0.12	0.081	0.0	0.35025	0.02266	0.02187	0.0	4.092	0.065	0.062	0.0	3.7558748556724915	0.01053799143990819	0.010800064090433992
6097	1	5160.0	130.0	130.0	0.0	0.792	0.027	0.025	0.0	0.847	0.039	0.038	0.0	0.13	0.078	0.076	0.0	-0.39686	0.04129	0.04204	0.0	4.569	0.03	0.033	0.0	3.7126497016272113	0.010805970407974375	0.011081716571283984
6100	1	5897.0	118.0	118.0	0.0	1.269	0.051	0.051	0.0	1.06	0.05	0.05	0.0	0.035	0.06	0.06	0.0	0.24551	0.01456	0.01763	0.0	4.26	0.01	0.01	0.0	3.7706311277778064	0.008604503898057114	0.00877843331142314
6203	1	6260.0	170.0	160.0	0.0	1.518	0.082	0.076	0.0	1.246	0.078	0.11	0.0	-0.044	0.064	0.07	0.0	0.50379	0.03024	0.02957	0.0	4.169	0.06	0.063	0.0	3.7965743332104296	0.011636639713792363	0.011244498199662445
6216	1	6069.0	92.0	92.0	0.0	2.55	0.02	0.02	0.0	1.44	0.03	0.03	0.0	0.2	0.07	0.07	0.0	0.89927	0.02449	0.02595	0.0	3.783	0.004	0.004	0.0	3.7831171374904673	0.006534071302942479	0.0066338816567856895
6218	1	6516.0	49.0	49.0	0.0	1.471	0.045	0.035	0.0	1.335	0.063	0.063	0.0	0.052	0.079	0.079	0.0	0.545	0.03	0.027	0.0	4.228	0.014	0.021	0.0	3.813981075636472	0.0032536547890265055	0.0032782146893550745
6227	1	5948.0	74.0	74.0	0.0	1.209	0.047	0.035	0.0	1.112	0.055	0.061	0.0	0.09	0.11	0.1	0.0	0.21748	0.04259	0.03851	0.0	4.319	0.02	0.03	0.0	3.7743709598499167	0.005369791326824025	0.005437017663135091
6242	1	6279.0	51.0	51.0	0.0	2.37	0.17	0.17	0.0	1.591	0.07	0.093	0.0	0.19	0.084	0.085	0.0	0.89209	0.06215	0.06602	0.0	3.889	0.051	0.05	0.0	3.797890483058349	0.0035132269590061327	0.003541879162266337
6261	1	6236.0	54.0	54.0	0.0	1.36	0.064	0.053	0.0	1.211	0.043	0.046	0.0	-0.002	0.086	0.085	0.0	0.4014	0.0442	0.03967	0.0	4.253	0.031	0.036	0.0	3.794906106516804	0.0037445389284651576	0.003777105789517954
6265	1	7454.0	49.0	49.0	0.0	1.645	0.06	0.055	0.0	1.635	0.066	0.061	0.0	-0.018	0.074	0.072	0.0	0.87564	0.03445	0.03303	0.0	4.22	0.022	0.024	0.0	3.8723893884178207	0.0028455580323440977	0.0028643255605933504
6271	1	6670.0	120.0	120.0	0.0	1.908	0.042	0.035	0.0	1.524	0.069	0.068	0.0	0.09	0.13	0.13	0.0	0.81291	0.04139	0.04059	0.0	4.0599	0.0096	0.014	0.0	3.824125833916549	0.0077439403639525395	0.007884533924765957
6275	1	7500.0	110.0	110.0	0.0	1.83	0.099	0.099	0.0	1.62	0.25	0.2	0.0	-0.12	0.51	0.51	0.0	0.97772	0.05166	0.05344	0.0	4.127	0.029	0.029	0.0	3.8750612633917	0.006323393378872666	0.0064168249968745705
6287	1	8720.0	250.0	260.0	0.0	1.565	0.057	0.064	0.0	1.76	0.14	0.19	0.0	-0.29	0.22	0.36	0.0	1.1038	0.06938	0.07038	0.0	4.29	0.017	0.02	0.0	3.940516484932567	0.012275958111525043	0.013146121893543583
6292	1	7598.0	81.0	84.0	0.0	1.638	0.034	0.034	0.0	1.458	0.029	0.028	0.0	-0.405	0.032	0.033	0.0	0.90472	0.02827	0.02965	0.0	4.173	0.015	0.014	0.0	3.8806992892187013	0.004605378370266422	0.004828098491335364
6293	1	5899.0	49.0	49.0	0.0	0.996	0.015	0.015	0.0	0.944	0.06	0.054	0.0	-0.105	0.078	0.077	0.0	0.03383	0.02002	0.01973	0.0	4.417	0.026	0.025	0.0	3.7707783961691477	0.00359256368076899	0.003622530086967224
6306	1	6426.0	93.0	91.0	0.0	1.338	0.032	0.03	0.0	1.268	0.063	0.063	0.0	0.138	0.086	0.082	0.0	0.43933	0.03634	0.0345	0.0	4.287	0.014	0.014	0.0	3.807940721215499	0.006240259824687566	0.006194101996038981
6318	1	6206.0	75.0	75.0	0.0	1.603	0.039	0.038	0.0	1.201	0.067	0.061	0.0	-0.116	0.065	0.069	0.0	0.53529	0.03408	0.03561	0.0	4.108	0.014	0.014	0.0	3.792811771248147	0.00521702215592601	0.005280455120912908
6350	1	10170.0	450.0	450.0	0.0	2.362	0.075	0.063	0.0	2.52	0.25	0.2	0.0	-0.03	0.2	0.2	0.0	1.72428	0.09527	0.10103	0.0	4.093	0.014	0.014	0.0	4.007320952922744	0.018803563822705982	0.019654687996469633
6720	1	4135.0	36.0	36.0	0.0	0.619	0.011	0.011	0.0	0.629	0.017	0.017	0.0	-0.01	0.09	0.09	0.0	-0.99576	0.00052	0.00052	0.0	5.07	0.27	0.27	0.0	3.6164755138885654	0.0037646759572660393	0.0037975955720637167
6771	1	6160.0	130.0	130.0	0.0	1.667	0.024	0.024	0.0	1.407	0.043	0.043	0.0	0.427	0.069	0.069	0.0	0.62325	0.10103	0.14613	0.0	4.11	0.13	0.13	0.0	3.7895807121644256	0.00906993328084349	0.009263400024274393
6981	1	6182.0	58.0	58.0	0.0	1.52	0.14	0.14	0.0	1.277	0.05	0.05	0.0	0.0228	0.002	0.002	0.0	0.479	0.079	0.097	0.0	4.181	0.066	0.066	0.0	3.791129000727286	0.004055588955138134	0.004093818701062624
7125	1	5837.0	100.0	100.0	0.0	1.51	0.05	0.05	0.0	1.13	0.05	0.05	0.0	0.1	0.04	0.04	0.0	0.39445	0.01209	0.01243	0.0	4.1	0.1	0.1	0.0	3.7661896933101597	0.007377355615898917	0.007504843427718733
8878	1	5914.0	81.0	82.0	0.0	1.145	0.04	0.037	0.0	1.118	0.061	0.068	0.0	0.237	0.058	0.059	0.0	0.15836	0.03197	0.02771	0.0	4.369	0.036	0.041	0.0	3.771881320190099	0.00590786724476855	0.006063804880180879
11429	1	5879.0	48.0	51.0	0.0	1.17	0.1	0.09	0.0	1.0	0.09	0.1	0.0	0.02	0.46	0.46	0.0	0.155	0.088	0.102	0.0	4.29	0.07	0.06	0.0	3.769303460189082	0.003531467049936232	0.0037839170911291298
12530	1	3841.0	50.0	51.0	0.0	0.535	0.013	0.014	0.0	0.535	0.012	0.012	0.0	-0.18	0.1	0.1	0.0	-1.25181	0.02996	0.03218	0.0	4.71	0.03	0.03	0.0	3.5844443071651764	0.005616923638566362	0.005805097197104203
12859	1	6395.0	60.0	60.0	0.0	2.048	0.112	0.084	0.0	1.512	0.043	0.043	0.0	0.12	0.06	0.06	0.0	0.799	0.049	0.055	0.0	3.994	0.028	0.036	0.0	3.8058405488146727	0.004055697787766377	0.0040939295952124866
14104	1	5515.0	122.0	130.0	0.0	0.992	0.058	0.07	0.0	1.018	0.044	0.052	0.0	0.36	0.07	0.07	0.0	-0.087	0.078	0.088	0.0	4.46	0.053	0.05	0.0	3.7415455167762093	0.009502518043978725	0.01035980914220902
14303	1	5491.0	100.0	100.0	0.0	0.95	0.077	0.055	0.0	0.943	0.037	0.037	0.0	0.17	0.06	0.06	0.0	-0.12901	0.07889	0.06278	0.0	4.46	0.1	0.1	0.0	3.7396514437093766	0.00783804854929615	0.007982111880740383
14317	1	6145.0	99.0	80.0	0.0	1.289	0.027	0.026	0.0	1.196	0.065	0.063	0.0	0.119	0.08	0.075	0.0	0.32838	0.03146	0.02518	0.0	4.295	0.019	0.019	0.0	3.788521887222473	0.006941007167907021	0.005691082019881222
15888	1	3240.0	61.0	61.0	0.0	0.2317	0.0049	0.0049	0.0	0.1977	0.0051	0.0051	0.0	-0.15	0.11	0.11	0.0	-2.28735	0.01652	0.01717	0.0	5.004	0.021	0.021	0.0	3.510545010206612	0.008100514123699387	0.008254482291839338
15940	1	3638.0	51.0	51.0	0.0	0.382	0.036	0.04	0.0	0.404	0.04	0.047	0.0	-0.3	0.12	0.12	0.0	-1.638	0.093	0.122	0.0	4.878	0.046	0.036	0.0	3.5608626947274646	0.006045960499338587	0.006131318051497914
15950	1	4807.0	100.0	100.0	0.0	0.693	0.03	0.024	0.0	0.719	0.035	0.029	0.0	-0.18	0.1	0.1	0.0	-0.636	0.071	0.066	0.0	4.618	0.017	0.031	0.0	3.681874122128647	0.008941935852268657	0.009129923822047914
15951	1	5597.0	95.0	93.0	0.0	1.179	0.026	0.023	0.0	1.011	0.056	0.052	0.0	-0.088	0.097	0.095	0.0	0.08991	0.04043	0.04069	0.0	4.3001	0.0099	0.012	0.0	3.74795530690673	0.007309584505516664	0.007276881679274982
16097	1	4884.0	69.0	75.0	0.0	0.749	0.02	0.02	0.0	0.777	0.034	0.031	0.0	0.02	0.067	0.067	0.0	-0.5391	0.02482	0.03115	0.0	4.579	0.027	0.025	0.0	3.688775655272845	0.006092672709610891	0.00672087819903755
16158	1	5135.55	121.59	130.34	0.0	0.929771	0.05525	0.057514	0.0	0.866	0.129148	0.088845	0.0	0.2502	0.0125	0.0125	0.0	-0.26621	0.01179	0.01702	0.0	4.43883	0.098223	0.080417	0.0	3.7105869618912206	0.010162580738366511	0.01116465831206126
16167	1	6131.95	129.6	113.8	0.0	1.08841	0.053536	0.056836	0.0	1.16	0.194259	0.129449	0.0	-0.25	0.047	0.047	0.0	0.17867	0.02736	0.01924	0.0	4.42894	0.087202	0.081897	0.0	3.7875986049539248	0.009083247924658977	0.008135596797381517
16325	1	5731.43	120.33	132.73	0.0	0.996208	0.054823	0.044689	0.0	1.023	0.084746	0.169567	0.0	-0.1455	0.0087	0.0087	0.0	-0.01555	0.01249	0.01198	0.0	4.45124	0.078561	0.075968	0.0	3.758262992582984	0.009023513384805781	0.010175795642596519
16448	1	4681.53	150.05	129.91	0.0	0.772344	0.057624	0.072768	0.0	0.747	0.098479	0.088705	0.0	0.0341	0.0323	0.0323	0.0	-0.58813	0.0186	0.02285	0.0	4.53577	0.118365	0.087181	0.0	3.670387810759081	0.013701364106856406	0.012221813697180561
16459	1	4975.03	129.64	121.74	0.0	0.741698	0.051109	0.046554	0.0	0.822	0.114858	0.077645	0.0	0.08	0.057	0.057	0.0	-0.51767	0.01918	0.01489	0.0	4.61249	0.07485	0.102957	0.0	3.6967957039350456	0.011171967696224527	0.010759461324303388
16536	1	5746.0	87.0	88.0	0.0	1.697	0.059	0.058	0.0	1.132	0.04	0.05	0.0	0.196	0.058	0.058	0.0	0.45179	0.02533	0.03018	0.0	4.031	0.031	0.032	0.0	3.759365621655929	0.006526354774086585	0.006702678534956874
16537	1	6312.0	215.0	152.0	0.0	1.259	0.032	0.051	0.0	1.139	0.087	0.081	0.0	-0.2	0.15	0.15	0.0	0.35411	0.05751	0.04876	0.0	4.298	0.043	0.047	0.0	3.800166990201364	0.014546622494612915	0.010586278036938346
16542	1	6157.0	231.0	202.0	0.0	1.117	0.064	0.064	0.0	1.088	0.072	0.072	0.0	0.0	0.2	0.2	0.0	0.182	0.082	0.082	0.0	4.37	0.04	0.05	0.0	3.7893691535914815	0.01599575387496399	0.014487387772685434
17599	1	5345.0	100.0	100.0	0.0	1.108	0.051	0.051	0.0	0.972	0.042	0.042	0.0	0.19	0.06	0.06	0.0	-0.031	0.035	0.035	0.0	4.31	0.12	0.12	0.0	3.727947709544797	0.008050174546996747	0.008202217015220281
18299	1	3788.0	54.0	54.0	0.0	0.472	0.052	0.052	0.0	0.478	0.055	0.055	0.0	-0.28	0.1	0.1	0.0	-1.385	0.086	0.107	0.0	4.77	0.069	0.069	0.0	3.578409970331236	0.006147390194438884	0.006235656718176497
18361	1	3755.0	90.0	90.0	0.0	0.523	0.023	0.021	0.0	0.544	0.024	0.021	0.0	-0.26	0.12	0.12	0.0	-1.26	0.079	0.05	0.0	4.736	0.02	0.019	0.0	3.5746099413401873	0.01028640279726245	0.01053596236304033
19537	1	5818.0	27.0	27.0	0.0	1.384	0.05	0.05	0.0	1.12	0.03	0.03	0.0	0.23	0.01	0.01	0.0	0.29447	0.01516	0.01571	0.0	4.2	0.04	0.04	0.0	3.7647737169110402	0.0020107985868187406	0.0020201519776663623
23075	1	5990.0	38.0	38.0	0.0	1.0	0.02	0.02	0.0	1.08	0.02	0.02	0.0	0.05	0.04	0.04	0.0	0.061	0.022	0.023	0.0	4.47	0.01	0.01	0.0	3.7774268223893115	0.002746421253282616	0.002763899851489171
24569	1	5904.0	47.0	47.0	0.0	1.82	0.14	0.18	0.0	1.291	0.063	0.121	0.0	0.025	0.0019	0.0019	0.0	0.556	0.08	0.08	0.0	4.027	0.056	0.056	0.0	3.7711463488149852	0.0034436014498093748	0.0034711247870253814
24950	1	5913.0	130.0	130.0	0.0	1.1618	0.0027	0.0031	0.0	1.0479	0.0033	0.003	0.0	-0.07	0.15	0.15	0.0	0.173	0.036	0.04	0.0	4.3284	0.0023	0.0019	0.0	3.771807878999106	0.009444715249350644	0.009654686695511394
25233	1	5606.0	150.0	150.0	0.0	1.0284	0.002	0.0019	0.0	0.8877	0.0051	0.0053	0.0	-0.34	0.2	0.2	0.0	-0.027	0.044	0.049	0.0	4.3623	0.002	0.002	0.0	3.7486530934242674	0.011467691840300276	0.011778731775844875
26609	1	5857.0	120.0	120.0	0.0	1.487	0.071	0.084	0.0	1.223	0.053	0.091	0.0	0.17	0.06	0.06	0.0	0.354	0.111	0.104	0.0	4.17	0.04	0.04	0.0	3.76767522402796	0.008808031805721761	0.008990374145518842
26832	1	5487.0	100.0	100.0	0.0	1.04	0.05	0.05	0.0	0.99	0.05	0.05	0.0	0.35	0.05	0.05	0.0	-0.10791	0.02698	0.02877	0.0	4.3	0.1	0.1	0.0	3.7393349601960795	0.007843711164084777	0.007987984650124513
26893	1	6273.0	140.0	140.0	0.0	1.352	0.01	0.01	0.0	1.214	0.033	0.033	0.0	0.01	0.1	0.1	0.0	0.435	0.028	0.03	0.0	4.261	0.007	0.007	0.0	3.7974752875373343	0.009585952379904672	0.009802322849841172
27114	1	5308.0	50.0	50.0	0.0	0.757	0.029	0.029	0.0	0.794	0.03	0.03	0.0	-0.25	0.08	0.08	0.0	-0.398	0.061	0.071	0.0	4.61	0.1	0.1	0.0	3.724930914192398	0.004071795079792384	0.00411033242205372
27124	1	5972.0	84.0	84.0	0.0	1.24	0.12	0.12	0.0	1.15	0.06	0.06	0.0	0.23	0.09	0.09	0.0	0.24	0.08	0.1	0.0	4.31	0.073	0.073	0.0	3.776119799052988	0.006066067439028711	0.006151997723545133
27162	1	5460.0	81.0	81.0	0.0	0.94	0.056	0.056	0.0	1.01	0.054	0.054	0.0	0.44	0.14	0.14	0.0	-0.15	0.06	0.07	0.0	4.5	0.05	0.05	0.0	3.7371926427047373	0.006395507455166705	0.006491098422892083
27168	1	5170.0	70.0	70.0	0.0	0.86	0.02	0.02	0.0	0.93	0.05	0.05	0.0	0.24	0.11	0.11	0.0	-0.323	0.031	0.031	0.0	4.535	0.01	0.01	0.0	3.7134905430939424	0.005840743889784061	0.005920366996006177
27186	1	5725.0	90.0	90.0	0.0	0.92	0.02	0.02	0.0	0.91	0.06	0.06	0.0	-0.21	0.08	0.08	0.0	-0.089	0.042	0.042	0.0	4.471	0.011	0.011	0.0	3.7577754910119254	0.0067742280525417975	0.0068815706298002155
27195	1	5800.0	70.0	70.0	0.0	1.35	0.2	0.2	0.0	0.96	0.06	0.06	0.0	-0.19	0.07	0.07	0.0	0.29	0.13	0.13	0.0	4.14	0.12	0.12	0.0	3.7634279935629373	0.005210107684677112	0.005273371595547527
27212	1	5150.0	100.0	100.0	0.0	0.8	0.02	0.02	0.0	0.87	0.05	0.05	0.0	0.09	0.17	0.17	0.0	-0.39	0.05	0.05	0.0	4.571	0.011	0.011	0.0	3.711807229041191	0.008352074364765816	0.008515850922529822
27299	1	6360.0	140.0	140.0	0.0	2.26	0.25	0.25	0.0	1.46	0.17	0.17	0.0	-0.01	0.2	0.2	0.0	0.88	0.11	0.11	0.0	3.892	0.056	0.056	0.0	3.803457115648414	0.009456240994441867	0.009666730957595071
27313	1	5977.0	95.0	95.0	0.0	1.38	0.13	0.13	0.0	1.198	0.093	0.093	0.0	0.25	0.14	0.14	0.0	0.33	0.11	0.11	0.0	4.242	0.055	0.055	0.0	3.7764832558336816	0.006848507053742292	0.006958235662631207
27328	1	6161.0	94.0	94.0	0.0	3.21	0.3	0.3	0.0	1.538	0.088	0.088	0.0	-0.18	0.11	0.11	0.0	1.129	0.089	0.089	0.0	3.613	0.047	0.07	0.0	3.7896512087934098	0.006576105236029139	0.006677213849361596
27337	1	4651.0	100.0	100.0	0.0	0.697	0.028	0.023	0.0	0.729	0.033	0.029	0.0	0.01	0.1	0.1	0.0	-0.701	0.078	0.058	0.0	4.619	0.015	0.028	0.0	3.6675463395115164	0.00923869090768914	0.00943950400512339
27361	1	4551.0	100.0	100.0	0.0	0.68	0.026	0.024	0.0	0.707	0.033	0.027	0.0	0.0	0.1	0.1	0.0	-0.762	0.08	0.059	0.0	4.629	0.015	0.026	0.0	3.658106835506393	0.00943950400512339	0.009649241223870675
27367	1	3748.0	112.0	112.0	0.0	0.52	0.038	0.061	0.0	0.544	0.041	0.061	0.0	0.16	0.14	0.14	0.0	-1.357	0.142	0.138	0.0	4.74	0.059	0.029	0.0	3.5737995822157407	0.01278772245601445	0.013175707665810776
27379	1	5431.0	100.0	100.0	0.0	0.866	0.076	0.04	0.0	0.884	0.044	0.038	0.0	0.02	0.1	0.1	0.0	-0.236	0.102	0.063	0.0	4.514	0.035	0.073	0.0	3.7348798027926273	0.007923855676538416	0.008071120267663545
27405	1	4134.0	154.0	154.0	0.0	0.559	0.029	0.054	0.0	0.575	0.043	0.047	0.0	-0.3	0.15	0.15	0.0	-1.102	0.111	0.142	0.0	4.706	0.049	0.016	0.0	3.6163704722912695	0.015884304393444015	0.016487400217581882
27420	1	4340.0	177.0	177.0	0.0	0.55	0.038	0.054	0.0	0.572	0.049	0.053	0.0	-0.57	0.18	0.18	0.0	-1.051	0.154	0.15	0.0	4.715	0.047	0.024	0.0	3.637489729512511	0.017360361048883277	0.018083318625733646
27430	1	4402.0	100.0	100.0	0.0	0.598	0.023	0.024	0.0	0.609	0.03	0.026	0.0	-0.37	0.1	0.1	0.0	-0.932	0.081	0.064	0.0	4.673	0.018	0.021	0.0	3.6436500382173294	0.009755452447171908	0.009979632165885821
27438	1	4723.0	100.0	100.0	0.0	0.706	0.028	0.024	0.0	0.738	0.033	0.029	0.0	-0.01	0.1	0.1	0.0	-0.664	0.079	0.058	0.0	4.614	0.016	0.029	0.0	3.6742179455767	0.009099316345182462	0.009294052138618447
27616	1	6197.21	130.15	187.39	0.0	1.64162	0.080191	0.106909	0.0	1.19	0.197747	0.142064	0.0	0.1278	0.0137	0.0137	0.0	0.55403	0.02028	0.01757	0.0	4.08307	0.108596	0.083447	0.0	3.792196212995885	0.009026331683855915	0.013334748343796221
27703	1	5155.0	105.0	105.0	0.0	0.938	0.038	0.039	0.0	0.902	0.04	0.038	0.0	0.41	0.1	0.1	0.0	-0.255	0.057	0.058	0.0	4.447	0.04	0.035	0.0	3.7122286696195355	0.008757074534203824	0.008937291500874078
29162	1	5191.0	76.0	78.0	0.0	0.902	0.026	0.021	0.0	0.889	0.046	0.036	0.0	0.152	0.058	0.058	0.0	-0.27084	0.03201	0.03456	0.0	4.48	0.019	0.027	0.0	3.7152510288788494	0.006312289478631605	0.006575236152312591
30198	1	4925.0	70.0	70.0	0.0	0.64	0.02	0.02	0.0	0.69	0.02	0.02	0.0	-0.37	0.04	0.04	0.0	-0.678	0.04	0.043	0.0	4.68	0.04	0.04	0.0	3.6924062348336304	0.006129257728370696	0.006217000589606947
30371	1	5576.0	50.0	50.0	0.0	0.901	0.027	0.022	0.0	0.984	0.035	0.04	0.0	0.05	0.08	0.08	0.0	-0.157	0.045	0.038	0.0	4.52	0.02	0.02	0.0	3.746322765089953	0.003876962739229217	0.003911884509460339
31151	1	5638.0	168.0	168.0	0.0	0.93	0.18	0.12	0.0	0.81	0.09	0.081	0.0	-0.29	0.15	0.15	0.0	-0.097	0.165	0.14	0.0	4.4	0.15	0.15	0.0	3.7511250715355837	0.012751959960071169	0.013137745202152828
32407	1	6174.0	83.0	117.0	0.0	1.302	0.026	0.027	0.0	1.165	0.044	0.045	0.0	-0.0731	0.062	0.0085	0.0	0.342	0.034	0.041	0.0	4.274	0.012	0.013	0.0	3.7905666251460763	0.005799529831445049	0.00830905148277461
32590	1	4540.0	100.0	100.0	0.0	0.678	0.023	0.023	0.0	0.73	0.03	0.03	0.0	0.04	0.08	0.08	0.0	-0.76955	0.07705	0.06019	0.0	4.639	0.012	0.012	0.0	3.6570558528571038	0.009462127697776879	0.009672882742484123
33367	1	5950.0	140.0	130.0	0.0	1.822	0.066	0.073	0.0	1.259	0.12	0.098	0.0	0.145	0.059	0.058	0.0	0.57287	0.0281	0.0288	0.0	4.016	0.06	0.049	0.0	3.7745169657285498	0.010100326904325385	0.009593981078661162
33993	1	5774.0	60.0	60.0	0.0	0.958	0.02	0.02	0.0	1.022	0.029	0.039	0.0	0.05	0.07	0.07	0.0	-0.038	0.026	0.027	0.0	4.49	0.02	0.03	0.0	3.7614767795447017	0.004489645241012141	0.004536543497977608
34288	1	5904.34	120.45	139.24	0.0	1.81719	0.126065	0.05488	0.0	1.07	0.138335	0.13016	0.0	0.1381	0.0129	0.0129	0.0	0.55818	0.01937	0.01446	0.0	3.94865	0.077272	0.074641	0.0	3.771171358278447	0.008770555469596264	0.010364513417628896
35281	1	3842.0	32.0	32.0	0.0	0.604	0.037	0.037	0.0	0.614	0.055	0.055	0.0	-0.03	0.03	0.03	0.0	-1.14086	0.01068	0.01095	0.0	4.84	0.08	0.08	0.0	3.584557360525675	0.003602255857417358	0.003632384850055459
35292	1	3415.0	60.0	60.0	0.0	0.3155	0.0062	0.0062	0.0	0.2923	0.0067	0.0067	0.0	-0.46	0.26	0.26	0.0	-1.91364	0.03421	0.03714	0.0	4.91	0.02	0.02	0.0	3.5333907080175515	0.007564100908581395	0.007698183512540702
35321	1	3096.0	48.0	48.0	0.0	0.2159	0.003	0.003	0.0	0.1844	0.0045	0.0045	0.0	-0.15	0.09	0.09	0.0	-2.42022	0.033	0.03572	0.0	5.041	0.016	0.016	0.0	3.490800952010855	0.006681585356515196	0.006785989343292442
35333	1	3381.0	54.0	54.0	0.0	0.246	0.008	0.008	0.0	0.236	0.012	0.012	0.0	-0.13	0.19	0.19	0.0	-2.14569	0.00723	0.00735	0.0	4.87	0.06	0.06	0.0	3.529045170765769	0.0068815706298002155	0.006992369896946737
35345	1	3643.0	142.0	142.0	0.0	0.501	0.03	0.03	0.0	0.502	0.015	0.015	0.0	-0.12	0.09	0.09	0.0	-1.38722	0.04043	0.04458	0.0	4.77	0.03	0.03	0.0	3.561459171241916	0.016606712594175566	0.017267060476883422
35354	1	3080.0	50.0	50.0	0.0	0.189	0.006	0.006	0.0	0.151	0.014	0.014	0.0	0.22	0.1	0.1	0.0	-2.56543	0.05959	0.06908	0.0	5.07	0.04	0.04	0.0	3.4885507165004443	0.006993621046003984	0.007108087998139556
35364	1	3950.0	51.0	51.0	0.0	0.584	0.016	0.016	0.0	0.59	0.02	0.02	0.0	0.41	0.16	0.16	0.0	-1.12494	0.00575	0.00583	0.0	4.64	0.04	0.04	0.0	3.59659709562646	0.005571455752537258	0.005643860438474313
35369	1	2960.0	55.0	55.0	0.0	0.182	0.007	0.007	0.0	0.139	0.005	0.005	0.0	-0.09	0.19	0.19	0.0	-2.63827	0.00188	0.00189	0.0	5.115	0.094	0.094	0.0	3.4712917110589387	0.00799560541723121	0.008145574332589334
35379	1	2850.0	75.0	75.0	0.0	0.1556	0.0086	0.0086	0.0	0.118	0.002	0.002	0.0	-0.028	0.089	0.089	0.0	-2.84134	0.0113	0.01161	0.0	5.126	0.05	0.047	0.0	3.45484486000851	0.011281010409688985	0.011581872549815131
35382	1	3475.0	51.0	51.0	0.0	0.431	0.015	0.015	0.0	0.43	0.031	0.031	0.0	-0.05	0.16	0.16	0.0	-1.69897	0.00689	0.007	0.0	4.95	0.07	0.07	0.0	3.540954808926133	0.006327499037170448	0.006421052921017356
35395	1	3358.0	92.0	92.0	0.0	0.38	0.012	0.012	0.0	0.381	0.024	0.034	0.0	0.06	0.11	0.11	0.0	-1.78252	0.05203	0.05912	0.0	4.85	0.11	0.11	0.0	3.5260806918020298	0.011738403271244202	0.012064511401380429
35409	1	5443.0	14.0	13.0	0.0	0.949	0.006	0.006	0.0	1.02	0.02	0.03	0.0	0.27	0.03	0.03	0.0	-0.16749	0.02482	0.02633	0.0	4.35	0.16	0.12	0.0	3.735838334317074	0.001115619466072193	0.0010385047282266413
35559	1	5819.0	73.0	73.0	0.0	1.788	0.057	0.057	0.0	1.3	0.11	0.18	0.0	0.25	0.17	0.17	0.0	0.5172	0.02687	0.02865	0.0	4.04	0.05	0.05	0.0	3.7648483571934106	0.00541438097718272	0.005482735537481798
35579	1	6057.0	64.0	64.0	0.0	1.24	0.03	0.03	0.0	1.01	0.06	0.07	0.0	-0.26	0.11	0.11	0.0	0.2833	0.02054	0.02466	0.0	4.04	0.15	0.15	0.0	3.7822575736633017	0.00456480583588581	0.0046132959668168105
35580	1	5820.0	93.0	8.0	0.0	1.64	0.03	0.09	0.0	1.26	0.05	0.21	0.0	0.27	0.18	0.03	0.0	0.44592	0.03222	0.04745	0.0	4.09	0.05	0.04	0.0	3.7649229846498886	0.006884894349217241	0.000597379023904665
35582	1	5321.0	58.0	58.0	0.0	0.86	0.02	0.05	0.0	0.91	0.03	0.04	0.0	0.12	0.05	0.05	0.0	-0.29158	0.03665	0.04661	0.0	4.48	0.14	0.14	0.0	3.7259932589247224	0.0047082853571227545	0.004759888907444942
35583	1	5550.0	100.0	100.0	0.0	1.16	0.05	0.02	0.0	0.96	0.04	0.03	0.0	0.2	0.1	0.1	0.0	0.10106	0.03787	0.0415	0.0	4.1	0.1	0.1	0.0	3.7442929831226763	0.00775546469676236	0.007896480846033782
35584	1	5700.0	80.0	80.0	0.0	1.77	0.03	0.03	0.0	1.07	0.06	0.06	0.0	0.0	0.08	0.08	0.0	0.51375	0.03106	0.03346	0.0	4.05	0.08	0.08	0.0	3.7558748556724915	0.006052982748037561	0.006138540103430401
35593	1	7437.0	72.0	72.0	0.0	1.47	0.06	0.06	0.0	1.6	0.11	0.11	0.0	-0.11	0.17	0.17	0.0	0.77159	0.03797	0.04161	0.0	4.26	0.28	0.28	0.0	3.871397781487484	0.004184322840401489	0.0042250303088344765
35595	1	6134.0	55.0	50.0	0.0	1.367	0.061	0.061	0.0	1.266	0.063	0.081	0.0	0.228	0.084	0.085	0.0	0.37658	0.01962	0.02055	0.0	4.22	0.1	0.11	0.0	3.7877437716464666	0.0038767110463475696	0.0035545662655058763
35596	1	4717.0	18.0	84.0	0.0	0.753	0.051	0.033	0.0	0.789	0.035	0.048	0.0	0.085	0.071	0.11	0.0	-0.59688	0.03936	0.03205	0.0	4.57	0.11	0.14	0.0	3.673665876245702	0.0016541070935902624	0.007803576042546556
35606	1	4730.0	44.0	40.0	0.0	0.754	0.013	0.013	0.0	0.767	0.025	0.025	0.0	0.11	0.09	0.09	0.0	-0.59176	0.01501	0.01554	0.0	4.7	1.1	0.7	0.0	3.6748611407378116	0.004021273932924174	0.003688298022728187
35997	1	6210.0	75.0	75.0	0.0	1.32	0.17	0.12	0.0	1.305	0.075	0.067	0.0	0.37	0.1	0.1	0.0	0.371	0.122	0.102	0.0	4.313	0.063	0.09	0.0	3.79309160017658	0.005213681845396501	0.005277033113556762
36032	1	5734.0	84.0	82.0	0.0	0.949	0.028	0.027	0.0	0.966	0.05	0.056	0.0	0.017	0.051	0.044	0.0	-0.05849	0.0293	0.02558	0.0	4.47	0.032	0.038	0.0	3.7584576886104655	0.006316028300574761	0.006255535433944637
36082	1	5013.0	93.0	88.0	0.0	0.803	0.016	0.016	0.0	0.838	0.043	0.041	0.0	0.171	0.097	0.094	0.0	-0.43771	0.04516	0.04246	0.0	4.552	0.012	0.011	0.0	3.7000977046130537	0.007983105855177808	0.0076914697794232545
36091	1	6124.0	46.0	46.0	0.0	1.254	0.026	0.026	0.0	1.156	0.068	0.068	0.0	0.016	0.089	0.089	0.0	0.29951	0.02002	0.02098	0.0	4.303	0.027	0.027	0.0	3.7870351820262234	0.003249982007018204	0.003274486282299094
36106	1	6007.0	52.0	52.0	0.0	1.272	0.14	0.14	0.0	1.145	0.064	0.064	0.0	-0.041	0.081	0.081	0.0	0.27875	0.09416	0.12039	0.0	4.286	0.079	0.079	0.0	3.7786576319473553	0.003743320549174367	0.00377586612855918
36115	1	5215.0	50.0	50.0	0.0	0.849	0.063	0.063	0.0	0.896	0.048	0.048	0.0	0.103	0.081	0.081	0.0	-0.31785	0.06371	0.07469	0.0	4.533	0.058	0.058	0.0	3.7172543127625497	0.0041440627589555135	0.004183986906910242
36117	1	5747.0	49.0	49.0	0.0	1.076	0.051	0.051	0.0	1.128	0.056	0.056	0.0	0.377	0.08	0.08	0.0	0.05614	0.04354	0.04839	0.0	4.427	0.035	0.035	0.0	3.7594411971336976	0.0036871796654391886	0.0037187522302395415
36123	1	5052.0	66.0	66.0	0.0	0.722	0.02	0.02	0.0	0.822	0.021	0.021	0.0	-0.025	0.093	0.093	0.0	-0.51428	0.03542	0.03856	0.0	4.636	0.014	0.014	0.0	3.703463341883293	0.005636939667873708	0.005711067715538309
36129	1	6387.0	38.0	38.0	0.0	1.564	0.021	0.021	0.0	1.409	0.026	0.026	0.0	0.276	0.071	0.071	0.0	0.56348	0.01516	0.01571	0.0	4.196	0.029	0.029	0.0	3.805296916157985	0.002576215845347285	0.0025915890836327726
36134	1	5738.0	51.0	51.0	0.0	1.315	0.02	0.02	0.0	1.029	0.051	0.051	0.0	0.025	0.071	0.071	0.0	0.22789	0.01713	0.01784	0.0	4.214	0.016	0.016	0.0	3.7587605439099794	0.003843005656824161	0.0038773156578120194
36137	1	4309.0	31.0	31.0	0.0	0.696	0.008	0.008	0.0	0.719	0.024	0.024	0.0	0.252	0.076	0.076	0.0	-0.82102	0.01135	0.01166	0.0	4.61	0.01	0.01	0.0	3.6343764940883676	0.0031132354241432125	0.0031357138528584905
36147	1	4041.0	69.0	69.0	0.0	0.569	0.02	0.02	0.0	0.577	0.024	0.024	0.0	-0.19	0.02	0.02	0.0	-1.10891	0.00284	0.00286	0.0	5.07	0.04	0.04	0.0	3.606488850442648	0.007352971433421285	0.0074796106193044665
36150	1	3071.0	34.0	22.0	0.0	0.2113	0.0063	0.0063	0.0	0.1774	0.0045	0.0045	0.0	-0.2	0.2	0.2	0.0	-2.44503	0.00803	0.00868	0.0	5.039	0.027	0.027	0.0	3.4872798164430687	0.004781788069530446	0.003122392077687941
36151	1	2800.0	29.0	29.0	0.0	0.123	0.0022	0.0022	0.0	0.1009	0.0024	0.0024	0.0	0.07	0.1	0.1	0.0	-3.07831	0.00977	0.01	0.0	5.265	0.014	0.014	0.0	3.4471580313422194	0.0044749161147712435	0.004521505559987649
36161	1	5844.0	84.0	82.0	0.0	1.016	0.035	0.031	0.0	1.035	0.052	0.062	0.0	0.156	0.057	0.056	0.0	0.03222	0.03448	0.02489	0.0	4.439	0.032	0.041	0.0	3.766710207262259	0.006197987709012587	0.006136953317864791
36165	1	6410.0	183.0	183.0	0.0	2.136	0.096	0.096	0.0	1.406	0.074	0.086	0.0	-0.08	0.05	0.05	0.0	0.83251	0.032	0.02769	0.0	3.926	0.02	0.02	0.0	3.8068580295188172	0.012225046224885627	0.012579163797417081
36186	1	5788.0	80.0	80.0	0.0	1.088	0.012	0.012	0.0	1.026	0.057	0.055	0.0	0.14	0.05	0.05	0.0	0.07773	0.01779	0.01855	0.0	4.376	0.021	0.021	0.0	3.762528522447	0.005961582724244963	0.006044558004390854
36187	1	6166.0	43.0	43.0	0.0	1.397	0.025	0.028	0.0	1.271	0.061	0.068	0.0	0.09	0.03	0.03	0.0	0.40824	0.01336	0.01379	0.0	4.23	0.06	0.06	0.0	3.7900035203904894	0.0030181394554937846	0.003039260954756262
36188	1	6130.0	178.0	178.0	0.0	1.288	0.058	0.058	0.0	1.117	0.063	0.063	0.0	0.02	0.05	0.05	0.0	0.32428	0.02597	0.02762	0.0	4.267	0.02	0.02	0.0	3.787460474518415	0.012431210138450055	0.012797551980592736
36192	1	5993.0	89.0	83.0	0.0	1.863	0.05	0.054	0.0	1.187	0.11	0.058	0.0	0.054	0.078	0.07	0.0	0.60531	0.01587	0.01647	0.0	3.972	0.044	0.029	0.0	3.777644277696485	0.006402138111628375	0.006056796815229415
36199	1	5951.0	80.0	80.0	0.0	1.06	0.01	0.01	0.0	1.13	0.02	0.03	0.0	0.2	0.05	0.05	0.0	0.09691	0.01703	0.01412	0.0	4.438	0.015	0.015	0.0	3.7745899502647946	0.005799378206158057	0.005877869887131126
36213	1	5756.0	67.0	66.0	0.0	1.086	0.02	0.02	0.0	1.082	0.055	0.056	0.0	0.318	0.058	0.058	0.0	0.06744	0.02352	0.02408	0.0	4.402	0.013	0.018	0.0	3.7601207852645677	0.00502600484345761	0.005008518869496381
36221	1	3572.0	57.0	57.0	0.0	0.5299	0.0091	0.0091	0.0	0.563	0.029	0.029	0.0	0.323	0.081	0.081	0.0	-1.3851	0.03151	0.03397	0.0	4.74	0.01	0.01	0.0	3.552911450216509	0.006875517984047619	0.0069861208606663006
36222	1	5757.0	72.0	65.0	0.0	1.15	0.01	0.01	0.0	1.01	0.03	0.03	0.0	0.14	0.05	0.05	0.0	0.11394	0.0196	0.01703	0.0	4.32	0.02	0.02	0.0	3.760196229455134	0.005397825864311034	0.004931338042887479
36230	1	6150.0	178.0	178.0	0.0	1.489	0.072	0.071	0.0	1.239	0.07	0.08	0.0	0.16	0.05	0.05	0.0	0.44716	0.03856	0.03386	0.0	4.183	0.022	0.023	0.0	3.788875115775417	0.012391354714203384	0.012755316722429022
36233	1	5475.0	84.0	84.0	0.0	0.92	0.03	0.03	0.0	0.91	0.03	0.03	0.0	0.03	0.04	0.04	0.0	-0.1549	0.01822	0.01902	0.0	4.5	0.05	0.05	0.0	3.738384123512156	0.006612550526404082	0.0067147916835197385
36247	1	4734.0	67.0	67.0	0.0	0.726	0.007	0.007	0.0	0.748	0.032	0.032	0.0	0.05	0.08	0.08	0.0	-0.62342	0.02482	0.02633	0.0	4.6	0.06	0.06	0.0	3.675228253593064	0.006103452376101881	0.0061904527079081895
36255	1	3065.0	50.0	50.0	0.0	0.2019	0.0075	0.0075	0.0	0.1667	0.0041	0.0041	0.0	-0.09	0.11	0.11	0.0	-2.48945	0.05766	0.0665	0.0	5.049	0.043	0.043	0.0	3.486430478854434	0.007027572140754668	0.007143162378263845
36258	1	6311.0	98.0	98.0	0.0	1.81	0.06	0.06	0.0	1.35	0.08	0.08	0.0	-0.1	0.09	0.09	0.0	0.67117	0.0381	0.04176	0.0	4.05	0.04	0.04	0.0	3.8000981801747757	0.006692091409290946	0.006796826561660918
36260	1	5635.0	62.0	62.0	0.0	1.05	0.03	0.03	0.0	0.97	0.02	0.02	0.0	0.136	0.044	0.044	0.0	-0.4437	0.0119	0.01223	0.0	4.41	0.03	0.03	0.0	3.750893920382125	0.004752299074554767	0.004804877325924828
36278	1	6320.0	120.0	120.0	0.0	1.202	0.037	0.037	0.0	1.119	0.069	0.069	0.0	-0.039	0.06	0.062	0.0	0.31806	0.04366	0.04391	0.0	4.328	0.028	0.031	0.0	3.800717078282385	0.008168789077426908	0.008325388784131249
36311	1	6054.0	81.0	81.0	0.0	1.961	0.03	0.03	0.0	1.467	0.024	0.024	0.0	0.38	0.06	0.06	0.0	0.64246	0.02218	0.0151	0.0	4.02	0.02	0.02	0.0	3.782042416620554	0.005772150442469037	0.005849901873482111
36321	1	5394.0	65.0	63.0	0.0	0.9608	0.0158	0.015	0.0	0.9835	0.0298	0.029	0.0	0.348	0.056	0.058	0.0	-0.1512	0.02218	0.02208	0.0	4.463	0.022	0.022	0.0	3.7319109421168726	0.0052021521890885936	0.005102259591908798
36323	1	5710.0	40.0	40.0	0.0	1.45	0.03	0.03	0.0	1.23	0.07	0.07	0.0	0.44	0.04	0.04	0.0	0.30428	0.00172	0.00173	0.0	4.19	0.03	0.03	0.0	3.756636108245848	0.003031736443782407	0.0030530493529417058
36326	1	3476.0	51.0	51.0	0.0	0.508	0.016	0.016	0.0	0.512	0.02	0.02	0.0	0.05	0.16	0.16	0.0	-1.46852	0.00722	0.00734	0.0	4.8	0.04	0.04	0.0	3.541079767776629	0.006325691890860963	0.006419191948184633
36349	1	3553.0	51.0	52.0	0.0	0.476	0.015	0.014	0.0	0.485	0.024	0.024	0.0	0.041	0.069	0.063	0.0	-1.48678	0.01312	0.01353	0.0	4.767	0.033	0.035	0.0	3.550595207489328	0.006189574817697441	0.0064030967242953984
36350	1	5823.0	161.0	161.0	0.0	1.072	0.047	0.047	0.0	1.058	0.065	0.063	0.0	0.18	0.05	0.05	0.0	0.07298	0.02253	0.0226	0.0	4.403	0.02	0.02	0.0	3.7651467901080253	0.011844794748379517	0.012176925078941192
36358	1	3997.0	51.0	51.0	0.0	0.619	0.019	0.019	0.0	0.63	0.024	0.024	0.0	0.33	0.16	0.16	0.0	-1.05404	0.00147	0.00148	0.0	4.64	0.04	0.04	0.0	3.601734148260105	0.005506355571637478	0.005577067343932818
36363	1	4089.0	54.0	54.0	0.0	0.58	0.02	0.02	0.0	0.59	0.02	0.02	0.0	0.31	0.19	0.19	0.0	-1.08249	0.01038	0.01063	0.0	4.63	0.06	0.06	0.0	3.611617110554336	0.00569782274395747	0.005773571496246799
36369	1	3515.0	79.0	79.0	0.0	0.511	0.024	0.024	0.0	0.515	0.027	0.027	0.0	-0.2	0.16	0.16	0.0	-1.44551	0.00864	0.00881	0.0	4.73	0.12	0.12	0.0	3.5459253293558426	0.009652743417112308	0.009872174196638106
36378	1	5213.0	71.0	67.0	0.0	0.8649	0.0187	0.0177	0.0	0.8889	0.0303	0.0302	0.0	0.168	0.057	0.058	0.0	-0.30103	0.02694	0.02595	0.0	4.51	0.027	0.028	0.0	3.717087724927019	0.005875084015470655	0.005617943052691476
36386	1	5205.0	56.0	62.0	0.0	0.8686	0.0133	0.0134	0.0	0.9042	0.0273	0.0275	0.0	0.223	0.057	0.056	0.0	-0.30016	0.02115	0.02223	0.0	4.515	0.022	0.022	0.0	3.716420733846555	0.00464756795060417	0.0052042095254649645
36387	1	5497.0	69.0	67.0	0.0	0.9785	0.0175	0.0164	0.0	1.0062	0.0318	0.0318	0.0	0.297	0.057	0.059	0.0	-0.10127	0.02192	0.02424	0.0	4.457	0.023	0.023	0.0	3.7401257369657306	0.005417465032293567	0.005325907376883432
36390	1	5320.0	39.0	39.0	0.0	0.848	0.011	0.011	0.0	0.859	0.044	0.038	0.0	-0.02	0.03	0.03	0.0	-0.28483	0.01319	0.0136	0.0	4.516	0.024	0.024	0.0	3.7259116322950483	0.003172124748563654	0.0031954648065535274
36405	1	4227.0	85.0	85.0	0.0	0.672	0.01	0.01	0.0	0.679	0.095	0.057	0.0	-0.1	0.07	0.07	0.0	-0.88941	0.01326	0.01368	0.0	4.57	0.05	0.05	0.0	3.626032247829019	0.008646504349663076	0.008822153271585087
36415	1	3563.0	77.0	77.0	0.0	0.4232	0.0077	0.0079	0.0	0.437	0.021	0.021	0.0	-0.109	0.092	0.092	0.0	-1.58021	0.01157	0.01257	0.0	4.826	0.02	0.021	0.0	3.5518158223510157	0.009285561298040257	0.009488439577041152
36430	1	5499.0	63.0	60.0	0.0	0.8521	0.0144	0.0131	0.0	0.9027	0.0249	0.0262	0.0	-0.049	0.058	0.057	0.0	-0.21968	0.02314	0.02292	0.0	4.531	0.019	0.021	0.0	3.7402837196818792	0.004947264846261401	0.004764660866708237
36433	1	5065.0	52.0	50.0	0.0	0.7934	0.0102	0.0096	0.0	0.8772	0.0145	0.0164	0.0	0.182	0.054	0.056	0.0	-0.42597	0.02146	0.02258	0.0	4.582	0.009	0.012	0.0	3.704579449696299	0.004435967275818076	0.0043085123398620695
36439	1	5690.0	40.0	40.0	0.0	1.06	0.02	0.02	0.0	1.06	0.06	0.06	0.0	0.07	0.04	0.04	0.0	0.02938	0.00404	0.00408	0.0	4.37	0.03	0.03	0.0	3.7551122663950713	0.003042355572318467	0.0030638185756326486
36440	1	3799.0	42.0	42.0	0.0	0.573	0.012	0.012	0.0	0.54	0.02	0.02	0.0	-0.01	0.28	0.28	0.0	-1.21183	0.00071	0.00071	0.0	4.68	0.1	0.1	0.0	3.5796692935547205	0.004775013610455847	0.004828098491335808
36443	1	5457.0	67.0	68.0	0.0	0.8426	0.0138	0.0128	0.0	0.8784	0.0267	0.0253	0.0	-0.079	0.056	0.059	0.0	-0.24336	0.02224	0.02264	0.0	4.529	0.021	0.023	0.0	3.736953953783146	0.005299716123447595	0.005445770187120669
36449	1	5388.0	68.0	66.0	0.0	0.9583	0.0166	0.0167	0.0	0.9552	0.0319	0.0304	0.0	0.257	0.058	0.058	0.0	-0.1549	0.02296	0.02293	0.0	4.453	0.024	0.023	0.0	3.731427587050948	0.005446774597474668	0.005352716835577809
36454	1	5718.0	58.0	78.0	0.0	1.5566	0.0297	0.0266	0.0	1.1578	0.0638	0.0508	0.0	0.283	0.06	0.059	0.0	0.36847	0.02229	0.02447	0.0	4.119	0.022	0.03	0.0	3.75724415102197	0.0043830335396126685	0.00596504703862788
36457	1	6280.0	50.0	50.0	0.0	1.7	0.03	0.03	0.0	1.38	0.08	0.08	0.0	0.26	0.06	0.06	0.0	0.58659	0.0122	0.01256	0.0	4.1	0.08	0.08	0.0	3.797959643737196	0.0034440662801591415	0.003471597078026356
36459	1	5567.0	78.0	72.0	0.0	1.7031	0.033	0.0303	0.0	1.1576	0.0277	0.0227	0.0	0.405	0.059	0.018	0.0	0.40157	0.02429	0.02372	0.0	4.035	0.023	0.016	0.0	3.7456212213069384	0.006042724954048229	0.005653524547429178
36464	1	5752.0	69.0	99.0	0.0	1.4536	0.0275	0.0239	0.0	1.2187	0.0246	0.0568	0.0	0.397	0.061	0.058	0.0	0.32056	0.02008	0.02588	0.0	4.194	0.02	0.024	0.0	3.7598188773748262	0.005178721910054307	0.007539891914707386
36471	1	5397.0	46.0	46.0	0.0	0.9	0.02	0.02	0.0	0.97	0.06	0.06	0.0	0.16	0.1	0.1	0.0	-0.22185	0.03476	0.03779	0.0	4.48	0.23	0.23	0.0	3.7321524180652137	0.0036859162518600996	0.0037174670909587704
36473	1	6274.0	97.0	97.0	0.0	1.925	0.064	0.063	0.0	1.464	0.076	0.079	0.0	0.119	0.078	0.077	0.0	0.71349	0.03933	0.03955	0.0	4.034	0.032	0.033	0.0	3.7975445143617264	0.0066630907203149015	0.00676691302403265
36487	1	5464.0	100.0	100.0	0.0	0.83	0.03	0.03	0.0	0.913	0.033	0.033	0.0	0.04	0.06	0.06	0.0	-0.25964	0.01551	0.01609	0.0	4.64	0.1	0.1	0.0	3.737510690673476	0.00787643064653265	0.008021921493914785
36493	1	5735.0	75.0	77.0	0.0	1.0235	0.018	0.0167	0.0	1.0363	0.0349	0.0352	0.0	0.149	0.059	0.058	0.0	0.0103	0.02473	0.02442	0.0	4.431	0.022	0.024	0.0	3.7585334222372864	0.005642710153044295	0.005870479116314442
36501	1	6117.0	31.0	31.0	0.0	1.53	0.02	0.02	0.0	1.312	0.009	0.009	0.0	0.25	0.06	0.06	0.0	0.47129	0.01443	0.01493	0.0	4.1	0.06	0.06	0.0	3.7865384804978026	0.0021953783299046847	0.002206532475654388
36504	1	4635.0	52.0	52.0	0.0	0.7558	0.024	0.02	0.0	0.7941	0.0209	0.0225	0.0	0.328	0.077	0.092	0.0	-0.6216	0.03658	0.03401	0.0	4.579	0.025	0.036	0.0	3.666049738480516	0.00484521503969404	0.004899881235729264
36509	1	4115.0	42.0	45.0	0.0	0.614	0.0185	0.0169	0.0	0.6045	0.0148	0.0129	0.0	0.012	0.071	0.075	0.0	-1.01323	0.03853	0.03253	0.0	4.64	0.015	0.016	0.0	3.6143698395482886	0.004410184957926333	0.004775430323068708
36514	1	5510.0	110.0	110.0	0.0	0.923	0.024	0.024	0.0	0.987	0.048	0.048	0.0	0.28	0.074	0.074	0.0	-0.15181	0.0349	0.03796	0.0	4.502	0.029	0.029	0.0	3.741151598851785	0.00858471671727612	0.008757839028816328
36520	1	7690.0	400.0	250.0	0.0	1.92	0.07	0.07	0.0	1.9	0.1	0.08	0.0	0.09	0.03	0.03	0.0	1.06819	0.07794	0.047	0.0	4.15	0.04	0.04	0.0	3.885926339801431	0.022022181810841257	0.014353404255552427
36524	1	6008.0	113.0	113.0	0.0	1.17	0.11	0.12	0.0	1.1	0.1	0.1	0.0	-0.4924	0.4983	0.4983	0.0	0.28466	0.00516	0.00522	0.0	4.26	0.04	0.04	0.0	3.778729923996112	0.00809245550307569	0.008246114565003904
36525	1	5230.0	60.0	60.0	0.0	0.82	0.017	0.017	0.0	0.876	0.038	0.038	0.0	0.03	0.06	0.06	0.0	-0.34679	0.01889	0.01974	0.0	4.5	0.07	0.07	0.0	3.718501688867274	0.004953983167911513	0.005011145773331727
36530	1	5841.0	63.0	65.0	0.0	1.6184	0.0278	0.0283	0.0	1.2313	0.0351	0.0773	0.0	0.226	0.058	0.066	0.0	0.44091	0.02149	0.02344	0.0	4.106	0.021	0.027	0.0	3.766487206239694	0.00465914257529132	0.0048600216781111705
36534	1	5224.0	59.0	58.0	0.0	0.7511	0.0346	0.0277	0.0	0.7663	0.0234	0.0272	0.0	-0.294	0.059	0.059	0.0	-0.42022	0.04553	0.03945	0.0	4.564	0.039	0.046	0.0	3.7180031682670176	0.004877442419921607	0.004848766429719209
36537	1	5460.0	66.0	66.0	0.0	0.9105	0.0154	0.0146	0.0	0.9513	0.0299	0.0321	0.0	0.146	0.057	0.059	0.0	-0.17587	0.02406	0.02341	0.0	4.496	0.021	0.024	0.0	3.7371926427047373	0.0052182378757552605	0.005281700587864702
36540	1	3412.0	28.0	32.0	0.0	0.38	0.007	0.007	0.0	0.372	0.009	0.009	0.0	0.37	0.14	0.14	0.0	-1.75498	0.00735	0.00823	0.0	4.849	0.019	0.019	0.0	3.5330090224954853	0.0035494200760446404	0.004092322217830624
36544	1	5801.0	77.0	78.0	0.0	1.0162	0.0181	0.0172	0.0	1.0022	0.0364	0.034	0.0	0.019	0.058	0.06	0.0	0.02449	0.02357	0.02449	0.0	4.424	0.023	0.025	0.0	3.763502865467597	0.005726716268996679	0.005879119559208057
36546	1	3185.0	50.0	50.0	0.0	0.275	0.009	0.009	0.0	0.249	0.008	0.008	0.0	-0.07	0.02	0.02	0.0	-2.1549	0.03572	0.03892	0.0	4.95	0.03	0.03	0.0	3.503109436671369	0.006764848333350226	0.006871891504633965
36558	1	3376.0	45.0	44.0	0.0	0.3714	0.01	0.01	0.0	0.3527	0.0081	0.0079	0.0	-0.01	0.21	0.22	0.0	-1.7921	0.01429	0.01422	0.0	4.846	0.025	0.025	0.0	3.5284024379536176	0.005750636231444783	0.005697445218867614
36566	1	3709.0	11.0	11.0	0.0	0.469	0.003	0.003	0.0	0.471	0.011	0.011	0.0	0.0	0.03	0.03	0.0	-1.42481	0.00115	0.00116	0.0	4.77	0.02	0.02	0.0	3.5692568333286103	0.0012861065532869809	0.0012899265054562292
36579	1	6255.0	90.0	90.0	0.0	1.526	0.012	0.012	0.0	1.351	0.038	0.026	0.0	0.28	0.036	0.036	0.0	0.49651	0.04469	0.03909	0.0	4.13	0.009	0.009	0.0	3.796227314029439	0.006204312401284717	0.006294233097688284
36585	1	7299.0	98.0	100.0	0.0	1.942	0.043	0.043	0.0	1.88	0.13	0.12	0.0	-0.1	0.12	0.12	0.0	0.98408	0.03002	0.03032	0.0	4.136	0.011	0.011	0.0	3.8632633636504807	0.005792255051427109	0.005991190086439335
36589	1	5404.0	70.0	67.0	0.0	1.167	0.017	0.014	0.0	0.948	0.023	0.018	0.0	0.24	0.09	0.09	0.0	0.01995	0.02223	0.02082	0.0	4.281	0.011	0.011	0.0	3.732715340349993	0.005589452724112043	0.0054181375464055215
36591	1	7287.0	69.0	73.0	0.0	1.62	0.014	0.014	0.0	1.661	0.017	0.019	0.0	0.3	0.01	0.01	0.0	0.82217	0.01857	0.01939	0.0	4.23	0.01	0.01	0.0	3.862548769524793	0.0040929510412466286	0.004372631542448602
36594	1	5982.0	78.0	64.0	0.0	2.195	0.0622	0.0623	0.0	1.5055	0.0347	0.0505	0.0	0.343	0.052	0.058	0.0	0.74772	0.03007	0.03097	0.0	3.928	0.022	0.025	0.0	3.7768464086952993	0.00562621547098674	0.004671447870685075
36597	1	6495.0	90.0	90.0	0.0	1.648	0.023	0.025	0.0	1.4352	0.029	0.028	0.0	0.22	0.041	0.041	0.0	0.63649	0.02438	0.02647	0.0	4.187	0.011	0.011	0.0	3.812579155409047	0.00597662388875575	0.006060021328341936
36600	1	3550.0	69.0	69.0	0.0	0.45	0.013	0.013	0.0	0.502	0.014	0.014	0.0	0.23	0.07	0.08	0.0	-1.5391	0.04016	0.04094	0.0	4.833	0.028	0.028	0.0	3.550228353055094	0.008360230053105155	0.00852432977080575
36605	1	3472.0	70.0	70.0	0.0	0.45	0.016	0.016	0.0	0.451	0.015	0.015	0.0	0.19	0.12	0.12	0.0	-1.5784	0.04674	0.04686	0.0	4.787	0.027	0.027	0.0	3.540579716504454	0.008668840349602025	0.008845407227903834
36611	1	5497.0	73.0	72.0	0.0	1.0561	0.0188	0.0183	0.0	0.9867	0.0322	0.0309	0.0	0.274	0.059	0.06	0.0	-0.03574	0.02385	0.02374	0.0	4.382	0.024	0.023	0.0	3.7401257369657306	0.005729458207998306	0.005725994445163529
36619	1	3225.0	99.0	100.0	0.0	0.2106	0.0061	0.0048	0.0	0.1798	0.0044	0.0044	0.0	0.04	0.2	0.2	0.0	-2.36251	0.05799	0.05885	0.0	5.046	0.027	0.021	0.0	3.5085297189712867	0.013131296140786564	0.01367969729119256
36632	1	5880.0	54.0	49.0	0.0	1.288	0.02	0.019	0.0	1.147	0.069	0.075	0.0	0.24	0.09	0.09	0.0	0.25261	0.01573	0.01507	0.0	4.278	0.029	0.033	0.0	3.7693773260761385	0.003970215904684604	0.0036342846550940777
36640	1	5058.0	60.0	56.0	0.0	0.8036	0.0129	0.012	0.0	0.853	0.0227	0.0249	0.0	0.131	0.054	0.055	0.0	-0.41794	0.02324	0.02335	0.0	4.558	0.019	0.023	0.0	3.703978825008386	0.0051214565427808445	0.004835137613901974
36647	1	3690.0	50.0	50.0	0.0	0.515	0.015	0.015	0.0	0.513	0.012	0.012	0.0	0.0	0.5	0.5	0.0	-1.3536	0.03484	0.03574	0.0	4.725	0.027	0.026	0.0	3.56702636615906	0.0058452360414200655	0.005924982510004284
36650	1	3185.0	76.0	76.0	0.0	0.2775	0.008	0.008	0.0	0.255	0.0066	0.0066	0.0	0.336	0.06	0.06	0.0	-2.14813	0.04795	0.04841	0.0	4.959	0.026	0.026	0.0	3.503109436671369	0.010241362134587817	0.010488714628177132
36652	1	5684.0	64.0	68.0	0.0	0.9574	0.0162	0.0153	0.0	1.0258	0.0236	0.0297	0.0	0.147	0.045	0.053	0.0	-0.06349	0.02443	0.02429	0.0	4.486	0.015	0.02	0.0	3.754654069255432	0.004862690206755893	0.005226970133683118
36661	1	5645.0	50.0	50.0	0.0	1.777	0.047	0.044	0.0	1.128	0.065	0.061	0.0	0.148	0.079	0.08	0.0	0.4609	0.02765	0.02793	0.0	3.993	0.027	0.028	0.0	3.7516639462609866	0.003829782154132655	0.0038638553966179323
36669	1	3980.0	31.0	32.0	0.0	0.6243	0.01	0.0097	0.0	0.646	0.023	0.022	0.0	0.25	0.1	0.1	0.0	-1.05552	0.00976	0.00998	0.0	4.657	0.017	0.017	0.0	3.5998830720736876	0.003369589907959103	0.003505928076088516
36675	1	5636.0	86.0	80.0	0.0	1.4286	0.0267	0.0249	0.0	1.0373	0.0368	0.0331	0.0	0.148	0.061	0.058	0.0	0.27068	0.02642	0.02566	0.0	4.142	0.024	0.024	0.0	3.750970984437319	0.006576869031925003	0.00620874737174093
36685	1	5815.0	76.0	73.0	0.0	1.131	0.0181	0.0185	0.0	1.0861	0.034	0.0333	0.0	0.193	0.063	0.058	0.0	0.12123	0.0221	0.02293	0.0	4.365	0.022	0.021	0.0	3.7645497190644672	0.005639303671526097	0.0054865309039802135
36699	1	5970.0	86.0	84.0	0.0	1.3137	0.0251	0.025	0.0	0.9382	0.0363	0.0329	0.0	-0.373	0.057	0.06	0.0	0.29732	0.02552	0.02618	0.0	4.171	0.025	0.024	0.0	3.775974331129369	0.006211535362647513	0.006154073365777002
36702	1	3762.0	77.0	77.0	0.0	0.53	0.015	0.015	0.0	0.524	0.012	0.012	0.0	-0.11	0.11	0.11	0.0	-1.29671	0.041	0.04528	0.0	4.71	0.026	0.026	0.0	3.5754187912143602	0.008799320903044805	0.008981299019290123
36706	1	5621.0	76.0	72.0	0.0	0.9715	0.0207	0.0203	0.0	0.9483	0.0343	0.033	0.0	0.026	0.059	0.059	0.0	-0.06956	0.02669	0.02572	0.0	4.438	0.026	0.026	0.0	3.7498135852929377	0.005832634163742245	0.005598860478771783
36714	1	4065.0	51.0	51.0	0.0	0.597	0.015	0.015	0.0	0.606	0.02	0.02	0.0	0.05	0.16	0.16	0.0	-1.05715	0.00311	0.00313	0.0	4.65	0.04	0.04	0.0	3.609060549930087	0.005414816160308256	0.005483181778620505
36723	1	5284.0	50.0	51.0	0.0	0.8288	0.0115	0.0099	0.0	0.9218	0.0143	0.0154	0.0	0.162	0.033	0.047	0.0	-0.31605	0.0202	0.02025	0.0	4.565	0.008	0.011	0.0	3.7229628089424898	0.004090202411367372	0.004212074202824656
36725	1	5785.0	74.0	72.0	0.0	0.9356	0.0164	0.0162	0.0	0.9196	0.0328	0.0317	0.0	-0.193	0.06	0.06	0.0	-0.05306	0.0234	0.02318	0.0	4.457	0.024	0.024	0.0	3.7623033632877685	0.005520134719748437	0.005439139227219503
36729	1	4316.0	70.0	70.0	0.0	0.662	0.01	0.01	0.0	0.647	0.03	0.029	0.0	-0.23	0.05	0.05	0.0	-0.86646	0.03081	0.03317	0.0	4.45	0.15	0.15	0.0	3.635081436010873	0.006987191330630971	0.007101446180893145
36751	1	5991.0	55.0	55.0	0.0	2.168	0.036	0.034	0.0	1.507	0.059	0.14	0.0	0.373	0.071	0.086	0.0	0.7364	0.01179	0.0113	0.0	3.943	0.023	0.043	0.0	3.777499319590365	0.003968823251433218	0.00400542731939435
36756	1	5631.0	78.0	74.0	0.0	1.3162	0.023	0.023	0.0	0.9698	0.0328	0.0308	0.0	0.035	0.052	0.061	0.0	0.19728	0.02439	0.02409	0.0	4.184	0.023	0.022	0.0	3.7505855273410087	0.005974515665674307	0.00574513055562953
36769	1	3863.0	77.0	77.0	0.0	0.547	0.025	0.023	0.0	0.556	0.042	0.035	0.0	-0.19	0.04	0.04	0.0	-1.23003	0.00999	0.01022	0.0	4.78	0.05	0.05	0.0	3.5869247081448203	0.008571513680753817	0.008744098517042609
36772	1	4687.0	65.0	65.0	0.0	0.715	0.005	0.005	0.0	0.756	0.05	0.042	0.0	0.014	0.06	0.06	0.0	-0.65365	0.02471	0.02621	0.0	4.62	0.1	0.1	0.0	3.67089495352021	0.005981478452927291	0.0060650123771193165
36780	1	4914.0	60.0	58.0	0.0	0.746	0.0206	0.0211	0.0	0.8048	0.0231	0.0258	0.0	0.044	0.088	0.095	0.0	-0.53313	0.03419	0.0339	0.0	4.598	0.016	0.024	0.0	3.691435152144062	0.005270628789855181	0.0051564740768608175
36781	1	4994.0	50.0	50.0	0.0	0.745	0.024	0.024	0.0	0.822	0.04	0.04	0.0	0.272	0.08	0.08	0.0	-0.52578	0.01574	0.01633	0.0	4.608	0.035	0.035	0.0	3.698448538015329	0.004326539885715075	0.004370075934569506
36784	1	4766.0	52.0	54.0	0.0	0.769	0.019	0.017	0.0	0.817	0.033	0.03	0.0	0.306	0.076	0.077	0.0	-0.56019	0.01106	0.01119	0.0	4.579	0.022	0.025	0.0	3.678154038010437	0.0047127576518875	0.004948756231391904
36790	1	4927.0	58.0	57.0	0.0	0.8049	0.0339	0.0258	0.0	0.8414	0.0259	0.0278	0.0	0.243	0.092	0.088	0.0	-0.46092	0.04185	0.03802	0.0	4.548	0.032	0.046	0.0	3.692582562274909	0.005082600372765533	0.005053601060274637
36792	1	5165.0	57.0	57.0	0.0	0.8123	0.0121	0.0105	0.0	0.8801	0.0193	0.0222	0.0	0.124	0.056	0.055	0.0	-0.37263	0.02294	0.02314	0.0	4.562	0.014	0.019	0.0	3.7130703258556395	0.004766541631286092	0.004819437264261595
36793	1	6380.0	150.0	150.0	0.0	1.577	0.06	0.06	0.0	1.307	0.077	0.076	0.0	-0.101	0.079	0.079	0.0	0.5682	0.05297	0.05233	0.0	4.159	0.039	0.039	0.0	3.8048206787211623	0.010092502553911586	0.01033263206199253
36798	1	6237.0	91.0	69.0	0.0	1.6454	0.032	0.0253	0.0	1.2518	0.0243	0.0404	0.0	-0.136	0.073	0.034	0.0	0.56984	0.02576	0.02231	0.0	4.098	0.018	0.022	0.0	3.794975744051132	0.006290726438488381	0.0048313790082312735
36805	1	6039.0	93.0	89.0	0.0	2.032	0.037	0.0401	0.0	1.4643	0.0292	0.0362	0.0	0.332	0.06	0.06	0.0	0.69504	0.02644	0.02638	0.0	3.986	0.018	0.021	0.0	3.780965029608317	0.006637116574020663	0.006448063879767041
36807	1	3568.0	47.0	41.0	0.0	0.397	0.011	0.012	0.0	0.418	0.025	0.025	0.0	0.169	0.051	0.055	0.0	-1.63714	0.01335	0.01339	0.0	4.862	0.027	0.027	0.0	3.5524248457040857	0.0056834559264640205	0.0050193860365959075
36809	1	4985.0	70.0	70.0	0.0	0.808	0.013	0.013	0.0	0.837	0.039	0.039	0.0	0.11	0.08	0.08	0.0	-0.43227	0.01079	0.01107	0.0	4.49	0.11	0.11	0.0	3.6976651626476746	0.006055997279345249	0.0061416404795200386
36811	1	5359.0	89.0	83.0	0.0	1.041	0.031	0.033	0.0	0.987	0.058	0.045	0.0	0.399	0.069	0.079	0.0	-0.09474	0.01643	0.01652	0.0	4.397	0.04	0.031	0.0	3.729083757043612	0.007153341861116935	0.006778970169284193
36821	1	6241.0	88.0	85.0	0.0	1.6131	0.0292	0.0312	0.0	1.2484	0.0261	0.0375	0.0	-0.095	0.059	0.071	0.0	0.55121	0.02675	0.01998	0.0	4.116	0.019	0.022	0.0	3.7952541825808828	0.0060809130936636535	0.005955571421441874
36826	1	5814.0	91.0	93.0	0.0	1.08	0.025	0.024	0.0	1.072	0.059	0.064	0.0	0.196	0.084	0.084	0.0	0.0799	0.03069	0.03224	0.0	4.401	0.026	0.029	0.0	3.764475027434409	0.0067448745151246214	0.00700307966874103
36829	1	3801.0	100.0	100.0	0.0	0.418	0.029	0.029	0.0	0.417	0.045	0.045	0.0	-0.66	0.1	0.1	0.0	-1.484	0.013	0.013	0.0	4.81	0.1	0.1	0.0	3.5798978696031036	0.011278080708687632	0.01157878450799199
36832	1	5255.0	12.0	10.0	0.0	0.82	0.003	0.003	0.0	0.936	0.003	0.005	0.0	0.22	0.03	0.03	0.0	-0.33819	0.00471	0.00285	0.0	4.582	0.003	0.006	0.0	3.720572720364261	0.0009905979932200992	0.0008272278346841411
36835	1	7700.0	720.0	410.0	0.0	2.3	0.13	0.12	0.0	1.86	0.18	0.17	0.0	-0.01	0.3	0.42	0.0	1.22272	0.13901	0.07659	0.0	3.982	0.067	0.065	0.0	3.886490725172482	0.038821366327167706	0.023763196854507118
36836	1	5611.0	85.0	82.0	0.0	1.134	0.037	0.036	0.0	1.082	0.059	0.05	0.0	0.439	0.041	0.043	0.0	0.05956	0.03421	0.03344	0.0	4.363	0.034	0.032	0.0	3.749040268703457	0.006529711925342685	0.006393678764720967
36851	1	5929.0	74.0	74.0	0.0	1.079	0.027	0.026	0.0	1.112	0.048	0.055	0.0	0.168	0.055	0.055	0.0	0.11361	0.0269	0.02796	0.0	4.417	0.021	0.025	0.0	3.7729814503449637	0.005386893010910221	0.005454550936581537
36854	1	3297.0	14.0	28.0	0.0	0.3273	0.0029	0.0051	0.0	0.3041	0.0353	0.0312	0.0	-0.31	0.16	0.16	0.0	-1.49214	0.03621	0.0351	0.0	5.04	0.04	0.04	0.0	3.518118947143153	0.001840233608915387	0.003704026562783902
36858	1	4174.0	34.0	42.0	0.0	0.62	0.01	0.01	0.0	0.57	0.02	0.02	0.0	-0.58	0.18	0.18	0.0	-1.0	0.04139	0.04576	0.0	4.62	0.02	0.03	0.0	3.620552444729435	0.003523286416247551	0.004392131881852279
36859	1	5626.0	77.0	78.0	0.0	1.7457	0.0295	0.0289	0.0	1.1832	0.1057	0.0237	0.0	0.409	0.058	0.056	0.0	0.44075	0.02329	0.02411	0.0	4.025	0.041	0.016	0.0	3.750199727829182	0.005903643755923671	0.006063275427934833
36863	1	5977.0	79.0	78.0	0.0	1.459	0.043	0.042	0.0	1.199	0.074	0.092	0.0	0.15	0.11	0.1	0.0	0.38739	0.02085	0.02003	0.0	4.187	0.037	0.04	0.0	3.7764832558336816	0.0057026106583348835	0.0057048596645339344
36865	1	6490.0	170.0	130.0	0.0	1.241	0.022	0.022	0.0	1.174	0.06	0.062	0.0	-0.24	0.09	0.16	0.0	0.39094	0.05154	0.03683	0.0	4.32	0.014	0.014	0.0	3.812244696800369	0.01122953236993185	0.008787581151955326
36874	1	3710.0	57.0	58.0	0.0	0.535	0.022	0.022	0.0	0.559	0.027	0.029	0.0	0.27	0.15	0.2	0.0	-1.31069	0.01996	0.02186	0.0	4.729	0.028	0.029	0.0	3.569373909615046	0.006621710588221585	0.006843140752784915
36899	1	3551.0	49.0	52.0	0.0	0.475	0.014	0.014	0.0	0.453	0.029	0.027	0.0	-0.13	0.2	0.2	0.0	-1.49214	0.03497	0.03951	0.0	4.75	0.05	0.05	0.0	3.5503506723016156	0.00595182846567166	0.006406729818709156
36901	1	5081.0	56.0	54.0	0.0	0.8481	0.0339	0.0239	0.0	0.9027	0.0223	0.0254	0.0	0.339	0.058	0.059	0.0	-0.36151	0.04003	0.03643	0.0	4.533	0.029	0.042	0.0	3.705949194910296	0.004760370814041348	0.004640309682220511
36907	1	4426.0	85.0	85.0	0.0	0.729	0.029	0.029	0.0	0.745	0.034	0.034	0.0	-0.08	0.02	0.02	0.0	-0.73565	0.0068	0.00691	0.0	4.87	0.06	0.06	0.0	3.6460114095912393	0.008261417506471247	0.008421623752539187
36911	1	3435.0	55.0	65.0	0.0	0.384	0.018	0.018	0.0	0.425	0.059	0.059	0.0	-0.06	0.02	0.02	0.0	-1.74473	0.03253	0.03516	0.0	4.89	0.04	0.04	0.0	3.5359267413955693	0.006898685563610396	0.008296840524230742
36914	1	3759.0	87.0	87.0	0.0	0.44	0.02	0.02	0.0	0.44	0.02	0.02	0.0	-0.24	0.04	0.04	0.0	-1.45892	0.0015	0.0015	0.0	5.11	0.12	0.12	0.0	3.5750723257138124	0.009936954188648706	0.010169653184607608
36919	1	3300.0	50.0	50.0	0.0	0.235	0.011	0.011	0.0	0.231	0.012	0.012	0.0	-0.03	0.2	0.2	0.0	-2.22768	0.00511	0.00517	0.0	5.05	0.05	0.05	0.0	3.5185139398778875	0.006530867158957676	0.006630578899013084
36925	1	5627.0	94.0	93.0	0.0	0.932	0.027	0.024	0.0	0.961	0.049	0.054	0.0	0.07	0.12	0.11	0.0	-0.10458	0.01892	0.02036	0.0	4.484	0.024	0.034	0.0	3.7502769151539925	0.007195032611675423	0.007237760349059208
36927	1	6540.0	160.0	160.0	0.0	1.698	0.062	0.057	0.0	1.453	0.074	0.074	0.0	0.068	0.07	0.062	0.0	0.67302	0.0337	0.02564	0.0	4.139	0.041	0.046	0.0	3.815577748324267	0.010497054376559234	0.010757069603104963
36928	1	3131.0	30.0	30.0	0.0	0.245	0.006	0.006	0.0	0.211	0.005	0.005	0.0	0.39	0.22	0.22	0.0	-2.28651	0.01079	0.01365	0.0	4.985	0.024	0.024	0.0	3.4956830676169153	0.0041414282226646115	0.004181301379588831
36930	1	5968.0	86.0	84.0	0.0	1.1174	0.0239	0.0227	0.0	1.0251	0.0381	0.0375	0.0	-0.07	0.05	0.057	0.0	0.15625	0.02702	0.02752	0.0	4.349	0.026	0.026	0.0	3.7758288144646124	0.0062136021559418	0.006156150409120098
36934	1	4580.0	50.0	50.0	0.0	0.709	0.017	0.017	0.0	0.744	0.027	0.027	0.0	0.12	0.02	0.02	0.0	-0.7167	0.01773	0.01848	0.0	4.8	0.3	0.3	0.0	3.660865478003869	0.004715513014084127	0.004767275991037323
36940	1	3342.0	100.0	100.0	0.0	0.34	0.02	0.02	0.0	0.34	0.02	0.02	0.0	0.03	0.07	0.07	0.0	-1.88606	0.09018	0.11394	0.0	4.91	0.03	0.03	0.0	3.5240064455573727	0.01280442043416885	0.0131934350448768
36952	1	6630.0	300.0	290.0	0.0	1.612	0.056	0.051	0.0	1.516	0.085	0.1	0.0	0.282	0.075	0.079	0.0	0.65321	0.0686	0.06663	0.0	4.205	0.038	0.048	0.0	3.821513528404773	0.019219706207033393	0.0194242705230403
36955	1	6280.0	160.0	160.0	0.0	1.396	0.049	0.043	0.0	1.233	0.077	0.09	0.0	0.011	0.071	0.059	0.0	0.43457	0.03525	0.03317	0.0	4.239	0.042	0.051	0.0	3.797959643737196	0.010926223622615971	0.011208221591634704
36967	1	6270.0	130.0	130.0	0.0	1.82	0.047	0.046	0.0	1.42	0.069	0.07	0.0	0.123	0.076	0.073	0.0	0.66558	0.02902	0.0301	0.0	4.069	0.03	0.03	0.0	3.7972675408307164	0.008912433153170696	0.009099169689548603
36969	1	5695.0	58.0	60.0	0.0	1.636	0.033	0.029	0.0	1.111	0.047	0.046	0.0	0.253	0.057	0.057	0.0	0.40552	0.01526	0.01617	0.0	4.057	0.015	0.016	0.0	3.7554937284151193	0.004400645610379783	0.0045998080329940905
36974	1	5966.0	73.0	72.0	0.0	1.248	0.026	0.028	0.0	1.082	0.052	0.049	0.0	0.027	0.066	0.052	0.0	0.25018	0.01793	0.02101	0.0	4.278	0.03	0.024	0.0	3.7756832490260437	0.005281780582273132	0.005273117512137215
36978	1	5634.0	31.0	31.0	0.0	1.043	0.017	0.017	0.0	1.032	0.038	0.038	0.0	0.14	0.05	0.05	0.0	-0.00436	0.0172	0.01791	0.0	4.42	0.04	0.04	0.0	3.7508168426497543	0.002383071549661775	0.002396220182185882
36987	1	5144.0	50.0	50.0	0.0	0.794	0.007	0.007	0.0	0.823	0.027	0.023	0.0	0.04	0.05	0.05	0.0	-0.40121	0.01505	0.01446	0.0	4.55	0.2	0.2	0.0	3.7113009599161657	0.004200985377118105	0.004242019288569487
36988	1	6101.0	75.0	73.0	0.0	1.564	0.041	0.04	0.0	1.296	0.069	0.072	0.0	0.181	0.086	0.086	0.0	0.4843	0.01539	0.01595	0.0	4.161	0.034	0.036	0.0	3.7854010249923875	0.005306262335292189	0.005227781349793403
36995	1	6248.0	72.0	77.0	0.0	1.573	0.033	0.033	0.0	1.343	0.066	0.065	0.0	0.119	0.081	0.078	0.0	0.53275	0.01747	0.02355	0.0	4.172	0.024	0.024	0.0	3.7957410208692437	0.004976057413141444	0.005385474454857153
37004	1	3030.0	100.0	100.0	0.0	0.2075	0.0225	0.0225	0.0	0.171	0.0079	0.0079	0.0	0.164	0.11	0.11	0.0	-2.48149	0.03779	0.04139	0.0	4.99	0.05	0.05	0.0	3.481442628502305	0.01410170904414354	0.014575008148195234
37016	1	5730.0	140.0	140.0	0.0	1.459	0.056	0.058	0.0	1.168	0.07	0.071	0.0	0.316	0.04	0.04	0.0	0.31387	0.05349	0.05619	0.0	4.176	0.042	0.039	0.0	3.75815462196739	0.010483479280224639	0.010742814080966667
37019	1	4664.0	14.0	14.0	0.0	0.662	0.004	0.004	0.0	0.703	0.014	0.017	0.0	-0.12	0.02	0.02	0.0	-0.74232	0.01648	0.01713	0.0	4.57	0.04	0.04	0.0	3.668758541750958	0.0013016757221762099	0.001305588861003848
37022	1	5525.0	147.0	144.0	0.0	0.9	0.06	0.06	0.0	0.95	0.06	0.06	0.0	0.09	0.03	0.03	0.0	-0.17005	0.02009	0.02039	0.0	4.505	0.021	0.02	0.0	3.742332282357148	0.011403939817861808	0.011469290310654134
37027	1	5581.0	60.0	60.0	0.0	1.05	0.01	0.01	0.0	0.99	0.03	0.02	0.0	0.22	0.04	0.04	0.0	-0.01323	0.01755	0.01364	0.0	4.4	0.02	0.02	0.0	3.7467120225166606	0.004644077208733055	0.004694275376522228
37029	1	4687.0	60.0	60.0	0.0	0.729	0.007	0.007	0.0	0.727	0.033	0.033	0.0	-0.1	0.07	0.07	0.0	-0.63639	0.02378	0.02516	0.0	4.57	0.06	0.06	0.0	3.67089495352021	0.0055242781981501565	0.005595454020312918
37034	1	6480.0	200.0	180.0	0.0	1.38	0.027	0.026	0.0	1.271	0.07	0.074	0.0	-0.03	0.048	0.056	0.0	0.48144	0.05763	0.05331	0.0	4.265	0.014	0.022	0.0	3.8115750058705933	0.013201456604952533	0.012234456417011597
37035	1	5306.0	76.0	68.0	0.0	0.886	0.021	0.017	0.0	0.954	0.041	0.046	0.0	0.344	0.085	0.085	0.0	-0.25181	0.02779	0.02146	0.0	4.524	0.018	0.029	0.0	3.7247672456463103	0.006176447781425232	0.005601751557096968
37037	1	5360.0	230.0	170.0	0.0	0.846	0.031	0.026	0.0	0.897	0.048	0.049	0.0	0.1	0.18	0.15	0.0	-0.27491	0.07493	0.05671	0.0	4.538	0.027	0.038	0.0	3.72916478969277	0.01824701819365293	0.013997431844312569
37043	1	3226.0	47.0	48.0	0.0	0.2056	0.0047	0.0067	0.0	0.1698	0.0385	0.035	0.0	-0.3443	0.6245	0.3964	0.0	-2.38722	0.03067	0.033	0.0	5.0494	0.0865	0.0923	0.0	3.508664363052943	0.006281642255061559	0.006510470181582129
37045	1	5651.0	80.0	80.0	0.0	1.102	0.019	0.019	0.0	1.041	0.032	0.028	0.0	0.3	0.05	0.05	0.0	0.05115	0.02183	0.01813	0.0	4.371	0.024	0.023	0.0	3.752125307297898	0.0061051011598514116	0.006192148838455314
37047	1	5002.0	65.0	64.0	0.0	0.711	0.015	0.015	0.0	0.802	0.029	0.028	0.0	0.128	0.082	0.076	0.0	-0.54516	0.01937	0.01868	0.0	4.638	0.017	0.017	0.0	3.699143687394484	0.0056072168961871505	0.005592601798570573
37055	1	5059.0	89.0	89.0	0.0	0.733	0.015	0.015	0.0	0.79	0.022	0.022	0.0	-0.114	0.051	0.051	0.0	-0.47083	0.01228	0.01264	0.0	4.577	0.021	0.021	0.0	3.7040646794085674	0.007573858823781698	0.007708290675235485
37057	1	6033.0	81.0	83.0	0.0	1.417	0.041	0.038	0.0	1.26	0.064	0.065	0.0	0.249	0.073	0.074	0.0	0.37967	0.0125	0.01269	0.0	4.235	0.033	0.036	0.0	3.780533325316404	0.005792109073665674	0.006016359587854403
37060	1	3100.0	31.0	24.0	0.0	0.204	0.004	0.004	0.0	0.166	0.004	0.004	0.0	-0.26	0.24	0.24	0.0	-2.46218	0.00996	0.01148	0.0	5.041	0.022	0.02	0.0	3.4913616938342726	0.004321373782642635	0.003375362704879148
37067	1	5808.0	80.0	80.0	0.0	1.236	0.018	0.018	0.0	1.118	0.029	0.027	0.0	0.32	0.05	0.05	0.0	0.197	0.02074	0.01717	0.0	4.303	0.019	0.02	0.0	3.7640266076920375	0.0059411936374051955	0.006023598392238316
37071	1	5607.0	68.0	68.0	0.0	1.75	0.051	0.049	0.0	1.131	0.13	0.064	0.0	0.19	0.083	0.085	0.0	0.436	0.01486	0.01473	0.0	4.005	0.059	0.037	0.0	3.7487305560984945	0.005235309766665974	0.0052991909518107505
37075	1	4109.0	28.0	27.0	0.0	0.651	0.012	0.012	0.0	0.661	0.021	0.024	0.0	-0.02	0.13	0.13	0.0	-0.96257	0.01948	0.02039	0.0	4.68	0.05	0.05	0.0	3.6137361412618714	0.002949379633640614	0.0028631408818196036
37078	1	3433.0	100.0	100.0	0.0	0.426	0.025	0.025	0.0	0.428	0.029	0.029	0.0	-0.39	0.07	0.07	0.0	-1.64264	0.00794	0.00809	0.0	4.66	0.07	0.07	0.0	3.53567380342575	0.012469834009095404	0.01283848976521984
37080	1	4375.0	65.0	65.0	0.0	0.631	0.014	0.014	0.0	0.642	0.026	0.026	0.0	-0.29	0.12	0.12	0.0	-0.86487	0.01746	0.01819	0.0	4.42	0.2	0.2	0.0	3.640978057358332	0.0064049127562877395	0.006500787197600388
37098	1	7360.0	320.0	300.0	0.0	2.36	0.12	0.11	0.0	1.859	0.087	0.083	0.0	0.094	0.076	0.072	0.0	1.16732	0.0554	0.05337	0.0	3.962	0.05	0.049	0.0	3.866877814337499	0.0184834056940133	0.018073113285695275
37103	1	5875.0	100.0	190.0	0.0	0.881	0.038	0.047	0.0	1.036	0.013	0.009	0.0	-0.106	0.079	0.07	0.0	-0.0804	0.05167	0.03936	0.0	4.56	0.046	0.046	0.0	3.7690078709437738	0.007330038676401696	0.01427740192002025
37107	1	5831.0	80.0	80.0	0.0	1.119	0.024	0.023	0.0	1.007	0.032	0.029	0.0	0.06	0.05	0.05	0.0	0.11628	0.02549	0.02215	0.0	4.344	0.026	0.025	0.0	3.7657430414210444	0.005917917927842797	0.005999673823319451
37110	1	5096.0	102.0	102.0	0.0	0.785	0.031	0.031	0.0	0.849	0.042	0.042	0.0	0.14	0.05	0.05	0.0	-0.44009	0.00947	0.00968	0.0	4.58	0.2	0.2	0.0	3.707229419327294	0.008606855837699712	0.008780881311964972
37113	1	5802.0	60.0	52.0	0.0	1.7	0.02	0.03	0.0	1.11	0.01	0.02	0.0	0.1	0.03	0.03	0.0	0.46389	0.02183	0.01829	0.0	4.03	0.01	0.01	0.0	3.7635777244666455	0.004468089635771388	0.003909879777014957
37115	1	4870.0	150.0	150.0	0.0	0.771	0.039	0.04	0.0	0.771	0.049	0.049	0.0	0.08	0.079	0.08	0.0	-0.52143	0.06921	0.07203	0.0	4.551	0.049	0.048	0.0	3.6875289612146345	0.013174755930384752	0.01358696258054648
37118	1	5846.29	115.05	115.17	0.0	1.25324	0.051605	0.059354	0.0	1.055	0.139439	0.114804	0.0	-0.2729	0.0669	0.0669	0.0	0.21828	0.00733	0.01711	0.0	4.26525	0.088105	0.055335	0.0	3.766880354346083	0.008463537809335175	0.008640852398153598
37120	1	5611.0	62.0	65.0	0.0	1.686	0.043	0.044	0.0	1.13	0.13	0.059	0.0	0.241	0.078	0.079	0.0	0.40483	0.01841	0.01923	0.0	4.044	0.036	0.037	0.0	3.749040268703457	0.004772514861244748	0.005060403461614182
37123	1	6095.0	89.0	89.0	0.0	1.867	0.033	0.032	0.0	1.407	0.045	0.046	0.0	0.175	0.099	0.098	0.0	0.63649	0.02909	0.02903	0.0	4.044	0.021	0.021	0.0	3.7849737099544005	0.006295770955867752	0.006388382091438327
37125	1	5771.0	89.0	87.0	0.0	1.095	0.026	0.025	0.0	1.063	0.063	0.065	0.0	0.191	0.083	0.083	0.0	0.07882	0.03008	0.0296	0.0	4.385	0.03	0.031	0.0	3.761251074308663	0.006646541709427911	0.006597005053230909
37127	1	6120.0	30.0	30.0	0.0	1.81	0.06	0.06	0.0	1.33	0.08	0.08	0.0	0.26	0.06	0.06	0.0	0.61595	0.02154	0.02266	0.0	4.15	0.09	0.09	0.0	3.7867514221455614	0.0021236936298554276	0.0021341295126862114
37129	1	5936.0	65.0	68.0	0.0	1.477	0.036	0.032	0.0	1.215	0.063	0.082	0.0	0.158	0.084	0.085	0.0	0.38828	0.01467	0.01537	0.0	4.184	0.028	0.035	0.0	3.7734938922709707	0.004729734495125815	0.0050037870997257095
37131	1	5760.0	80.0	79.0	0.0	1.726	0.049	0.047	0.0	1.15	0.14	0.07	0.0	0.13	0.09	0.1	0.0	0.47129	0.02007	0.02104	0.0	4.024	0.057	0.039	0.0	3.760422483423212	0.0059903636891878165	0.005997694145953414
37133	1	5579.0	70.0	70.0	0.0	1.07	0.01	0.01	0.0	0.93	0.03	0.02	0.0	0.12	0.04	0.04	0.0	-0.00436	0.0172	0.01336	0.0	4.35	0.02	0.01	0.0	3.746556361410369	0.005415213325957957	0.005483589037047931
37135	1	4026.0	14.0	14.0	0.0	0.607	0.014	0.014	0.0	0.616	0.032	0.032	0.0	-0.47	0.03	0.03	0.0	-1.05899	0.01323	0.01364	0.0	4.45	0.05	0.05	0.0	3.604873770552636	0.0015075945579692274	0.0015128462042555135
37145	1	6100.0	100.0	100.0	0.0	1.336	0.055	0.055	0.0	1.16	0.07	0.07	0.0	-0.15	0.08	0.08	0.0	0.34044	0.01939	0.0203	0.0	4.2	0.1	0.1	0.0	3.785329835010767	0.007061854487486752	0.00717858462712373
37172	1	5665.0	115.0	115.0	0.0	1.25	0.054	0.054	0.0	1.07	0.06	0.06	0.0	0.3	0.11	0.11	0.0	0.16017	0.01068	0.01095	0.0	4.25	0.27	0.27	0.0	3.753199914199416	0.008727924221112904	0.008906931076739788
37181	1	5764.0	81.0	78.0	0.0	1.069	0.024	0.024	0.0	1.063	0.057	0.062	0.0	0.239	0.076	0.079	0.0	0.05538	0.02561	0.02478	0.0	4.4	0.03	0.03	0.0	3.760723972141952	0.006060543355907111	0.005917116787528709
37182	1	6280.0	99.0	96.0	0.0	1.245	0.022	0.021	0.0	1.118	0.056	0.054	0.0	-0.105	0.068	0.072	0.0	0.33646	0.02715	0.02471	0.0	4.298	0.011	0.015	0.0	3.797959643737196	0.006792958413264216	0.0066901628269278035
37185	1	5721.0	88.0	83.0	0.0	1.229	0.032	0.031	0.0	0.977	0.063	0.049	0.0	-0.02	0.11	0.09	0.0	0.16435	0.03155	0.03081	0.0	4.25	0.034	0.03	0.0	3.757471947765668	0.006629428710560603	0.006346876230084231
37186	1	5213.0	70.0	70.0	0.0	0.85	0.03	0.03	0.0	0.8	0.01	0.01	0.0	-0.09	0.05	0.05	0.0	-0.33724	0.01848	0.01931	0.0	4.5	0.03	0.03	0.0	3.717087724927019	0.005792885759920097	0.005871200605929161
37189	1	5910.0	100.0	100.0	0.0	1.265	0.04	0.037	0.0	1.135	0.077	0.079	0.0	0.233	0.087	0.09	0.0	0.24551	0.03552	0.03333	0.0	4.288	0.038	0.04	0.0	3.7715874808812555	0.007286991121484121	0.007411348490924841
37191	1	5152.0	12.0	12.0	0.0	0.78	0.036	0.036	0.0	0.832	0.049	0.049	0.0	-0.05	0.02	0.02	0.0	-0.41364	0.00559	0.00567	0.0	4.59	0.02	0.02	0.0	3.711975854351756	0.0010103792426270353	0.0010127353564799435
37194	1	5271.0	110.0	96.0	0.0	0.873	0.021	0.02	0.0	0.939	0.041	0.045	0.0	0.353	0.073	0.076	0.0	-0.27654	0.0347	0.02885	0.0	4.529	0.025	0.029	0.0	3.7218930162149575	0.00896997583153647	0.007982662086002179
37196	1	6240.0	150.0	150.0	0.0	1.241	0.024	0.022	0.0	1.229	0.057	0.065	0.0	0.284	0.073	0.077	0.0	0.32222	0.04514	0.04806	0.0	4.34	0.015	0.022	0.0	3.795184589682424	0.01031626847597611	0.010567297049548952
37198	1	4738.0	100.0	100.0	0.0	0.7	0.05	0.05	0.0	0.71	0.02	0.02	0.0	0.08	0.05	0.05	0.0	-0.58503	0.00991	0.01014	0.0	4.56	0.04	0.04	0.0	3.6755950563867463	0.009070807639114609	0.00926431208477796
37201	1	5691.0	94.0	93.0	0.0	1.073	0.024	0.02	0.0	0.936	0.057	0.041	0.0	0.013	0.087	0.085	0.0	0.03703	0.03632	0.03443	0.0	4.35	0.012	0.013	0.0	3.755188585608325	0.0071147776794435735	0.007155691478181403
37203	1	5940.0	75.0	75.0	0.0	1.08	0.032	0.032	0.0	1.03	0.06	0.06	0.0	-0.11	0.1	0.1	0.0	0.11594	0.01084	0.01111	0.0	4.28	0.21	0.21	0.0	3.7737864449811935	0.005449186694669983	0.005518428529645458
37204	1	5906.0	66.0	69.0	0.0	1.458	0.033	0.031	0.0	1.122	0.074	0.064	0.0	0.095	0.067	0.061	0.0	0.36773	0.01411	0.0142	0.0	4.165	0.018	0.028	0.0	3.7712934426290596	0.0048263564239281465	0.005103749318899897
37207	1	4672.0	170.0	170.0	0.0	0.76	0.03	0.03	0.0	0.77	0.02	0.02	0.0	-0.04	0.07	0.07	0.0	-0.73755	0.00939	0.0096	0.0	4.58	0.04	0.04	0.0	3.669502834104343	0.015521951001371104	0.016097343439841705
37208	1	6000.0	100.0	110.0	0.0	1.545	0.046	0.047	0.0	1.21	0.07	0.1	0.0	0.084	0.068	0.06	0.0	0.4456	0.01829	0.024	0.0	4.139	0.042	0.047	0.0	3.7781512503836434	0.00717858462712373	0.00803595559654191
37210	1	5760.0	85.0	88.0	0.0	1.668	0.046	0.033	0.0	1.12	0.11	0.06	0.0	0.085	0.084	0.083	0.0	0.44404	0.03308	0.03411	0.0	4.048	0.017	0.021	0.0	3.760422483423212	0.006362032074647139	0.00668626124820193
37218	1	5890.0	150.0	140.0	0.0	0.985	0.019	0.019	0.0	1.044	0.042	0.047	0.0	0.071	0.078	0.07	0.0	0.02119	0.047	0.04347	0.0	4.469	0.016	0.018	0.0	3.7701152947871015	0.01092164383403027	0.010447450097470945
37220	1	6190.0	170.0	170.0	0.0	1.346	0.042	0.041	0.0	1.088	0.082	0.078	0.0	-0.114	0.08	0.095	0.0	0.3784	0.04974	0.05412	0.0	4.217	0.035	0.035	0.0	3.791690649020118	0.011766466628295724	0.012094157762293722
37222	1	3388.8	68.0	68.0	0.0	0.3697	0.016	0.016	0.0	0.3939	0.02	0.02	0.0	0.264	0.1	0.1	0.0	-1.78968	0.01031	0.01056	0.0	4.8976	0.063	0.063	0.0	3.530045938427391	0.008628314875783083	0.00880321805692752
37224	1	5068.0	61.0	42.0	0.0	0.849	0.024	0.017	0.0	0.861	0.02	0.03	0.0	0.138	0.048	0.037	0.0	-0.36653	0.02454	0.01963	0.0	4.19	0.123	0.123	0.0	3.7048366062114035	0.005196092854350187	0.00361412195484645
37227	1	4072.0	80.0	80.0	0.0	0.672	0.02	0.02	0.0	0.643	0.014	0.014	0.0	0.65	0.12	0.12	0.0	-0.95195	0.04079	0.04502	0.0	4.592	0.028	0.028	0.0	3.6098077693287025	0.008449575511698892	0.008617236713369003
37228	1	5614.0	79.0	74.0	0.0	1.5326	0.0348	0.034	0.0	1.0678	0.0312	0.0304	0.0	0.205	0.058	0.056	0.0	0.3251	0.02708	0.02713	0.0	4.092	0.024	0.022	0.0	3.7492724082984203	0.006068775513127012	0.0057626435699904555
37233	1	5850.0	140.0	140.0	0.0	1.549	0.067	0.062	0.0	1.041	0.084	0.068	0.0	-0.103	0.047	0.062	0.0	0.40483	0.02492	0.02826	0.0	4.076	0.057	0.053	0.0	3.7671558660821804	0.01027095630713104	0.0105197578363323
37237	1	5609.0	92.0	87.0	0.0	0.952	0.029	0.029	0.0	1.016	0.047	0.052	0.0	0.148	0.084	0.084	0.0	-0.09313	0.04154	0.03823	0.0	4.487	0.022	0.023	0.0	3.748885440009517	0.007065600994615284	0.006789037706272261
37241	1	6532.0	88.0	86.0	0.0	1.83	0.055	0.053	0.0	1.445	0.069	0.073	0.0	0.017	0.057	0.049	0.0	0.73878	0.02838	0.02613	0.0	4.072	0.032	0.034	0.0	3.8150461760646306	0.00581181337506953	0.00575587488831486
37243	1	5706.0	95.0	91.0	0.0	1.419	0.036	0.03	0.0	1.186	0.059	0.083	0.0	0.387	0.072	0.081	0.0	0.28556	0.03459	0.0327	0.0	4.209	0.02	0.033	0.0	3.7563317673210577	0.007171098146539379	0.006982006723581069
37245	1	6370.0	290.0	250.0	0.0	1.56	0.046	0.045	0.0	1.363	0.095	0.099	0.0	0.045	0.067	0.051	0.0	0.55871	0.06968	0.0604	0.0	4.185	0.042	0.045	0.0	3.8041394323353503	0.01933479683495065	0.01738801018978897
37246	1	6020.0	170.0	160.0	0.0	1.256	0.025	0.025	0.0	1.121	0.069	0.067	0.0	0.146	0.084	0.081	0.0	0.26951	0.05271	0.05203	0.0	4.292	0.014	0.018	0.0	3.7795964912578244	0.012094157762293722	0.011698875239733564
37248	1	4930.0	120.0	110.0	0.0	0.788	0.017	0.017	0.0	0.837	0.037	0.034	0.0	0.283	0.081	0.085	0.0	-0.4828	0.04391	0.03863	0.0	4.569	0.023	0.022	0.0	3.69284691927723	0.010444458841431192	0.009799881038380587
37252	1	6450.0	110.0	110.0	0.0	1.448	0.035	0.035	0.0	1.131	0.074	0.078	0.0	-0.366	0.076	0.081	0.0	0.51455	0.03323	0.03311	0.0	4.171	0.015	0.019	0.0	3.8095597146352675	0.007344124740392921	0.007470456753534638
37255	1	5810.0	79.0	79.0	0.0	1.228	0.033	0.033	0.0	1.081	0.071	0.069	0.0	0.176	0.089	0.089	0.0	0.19005	0.0216	0.02303	0.0	4.293	0.036	0.036	0.0	3.7641761323903307	0.005865421929338144	0.005945723932581082
37258	1	5550.0	100.0	120.0	0.0	0.918	0.024	0.022	0.0	1.015	0.037	0.043	0.0	0.384	0.08	0.084	0.0	-0.14146	0.02964	0.03637	0.0	4.519	0.022	0.028	0.0	3.7442929831226763	0.00775546469676236	0.00949315353382918
37264	1	5703.0	100.0	98.0	0.0	1.735	0.045	0.045	0.0	1.32	0.05	0.12	0.0	0.416	0.059	0.067	0.0	0.45788	0.02499	0.02491	0.0	4.077	0.027	0.04	0.0	3.7561033715851058	0.007549198979424521	0.007527754654113927
37266	1	5950.0	100.0	100.0	0.0	1.302	0.038	0.035	0.0	1.199	0.072	0.076	0.0	0.262	0.085	0.086	0.0	0.2833	0.03476	0.03533	0.0	4.288	0.031	0.035	0.0	3.7745169657285498	0.007238408923919248	0.007361099646369329
37268	1	5321.0	86.0	82.0	0.0	0.791	0.017	0.014	0.0	0.867	0.036	0.037	0.0	0.071	0.079	0.076	0.0	-0.3439	0.03143	0.02976	0.0	4.581	0.014	0.021	0.0	3.7259932589247224	0.006963110650902049	0.00674486047677636
37278	1	3913.0	56.0	56.0	0.0	0.62	0.01	0.01	0.0	0.64	0.02	0.02	0.0	0.0	0.2	0.2	0.0	-1.06048	0.01472	0.01524	0.0	4.68	0.04	0.04	0.0	3.59250984790068	0.006171251006483303	0.006260209034638198
37279	1	3576.0	88.0	88.0	0.0	0.5	0.01	0.01	0.0	0.52	0.02	0.02	0.0	0.099	0.117	0.117	0.0	-1.43533	0.00937	0.01078	0.0	4.747	0.0458	0.0458	0.0	3.55339751012388	0.010557954871933006	0.010821033863350316
37283	1	5772.0	84.0	80.0	0.0	1.468	0.037	0.037	0.0	1.181	0.064	0.092	0.0	0.278	0.084	0.081	0.0	0.33244	0.0274	0.02281	0.0	4.174	0.031	0.035	0.0	3.7613263224214566	0.006274745628878975	0.006061431009209972
37285	1	5859.0	72.0	71.0	0.0	1.538	0.037	0.037	0.0	1.242	0.057	0.076	0.0	0.273	0.084	0.082	0.0	0.39967	0.01863	0.01946	0.0	4.156	0.027	0.029	0.0	3.767823498007517	0.005304426025817932	0.005294975560516946
37287	1	5905.0	157.0	155.0	0.0	1.2	0.06	0.05	0.0	0.89	0.05	0.05	0.0	-0.26	0.05	0.05	0.0	0.19618	0.02288	0.02153	0.0	4.229	0.018	0.019	0.0	3.7712199019495336	0.011396030082069686	0.011552057259903048
37288	1	5622.0	50.0	50.0	0.0	1.055	0.017	0.017	0.0	1.096	0.045	0.049	0.0	0.454	0.065	0.076	0.0	0.00087	0.01113	0.01142	0.0	4.431	0.014	0.015	0.0	3.749890841271422	0.0038453809035878805	0.00387973351949622
37292	1	5731.0	82.0	81.0	0.0	1.445	0.043	0.042	0.0	1.16	0.066	0.089	0.0	0.269	0.067	0.069	0.0	0.3075	0.01286	0.01281	0.0	4.181	0.037	0.042	0.0	3.7582304084577496	0.006169914498638462	0.0061819606383108905
37298	1	6000.0	110.0	110.0	0.0	1.502	0.055	0.052	0.0	1.138	0.089	0.075	0.0	0.021	0.085	0.06	0.0	0.41896	0.01497	0.01396	0.0	4.143	0.043	0.046	0.0	3.7781512503836434	0.007889959858910611	0.00803595559654191
37303	1	5725.0	69.0	68.0	0.0	1.392	0.035	0.034	0.0	1.088	0.086	0.07	0.0	0.187	0.087	0.09	0.0	0.27323	0.01367	0.01388	0.0	4.188	0.037	0.038	0.0	3.7577754910119254	0.005202999855817403	0.005189312271516311
37306	1	6100.0	110.0	110.0	0.0	1.319	0.052	0.048	0.0	1.208	0.067	0.07	0.0	0.175	0.096	0.094	0.0	0.33606	0.01554	0.01571	0.0	4.279	0.042	0.044	0.0	3.785329835010767	0.0077617651658128395	0.007903012621455652
37307	1	5975.0	70.0	69.0	0.0	1.501	0.039	0.038	0.0	1.254	0.067	0.072	0.0	0.182	0.078	0.079	0.0	0.41296	0.01143	0.01174	0.0	4.183	0.034	0.035	0.0	3.7763379096201755	0.005058395576615027	0.005044466991115826
37309	1	5840.0	140.0	140.0	0.0	1.626	0.055	0.05	0.0	1.24	0.08	0.13	0.0	0.188	0.085	0.086	0.0	0.44248	0.03174	0.03086	0.0	4.106	0.041	0.063	0.0	3.7664128471123997	0.010288336876011162	0.01053799143990819
37324	1	3392.0	44.0	44.0	0.0	0.41	0.029	0.027	0.0	0.408	0.046	0.042	0.0	-0.02	0.04	0.04	0.0	-1.71444	0.0067	0.0068	0.0	4.69	0.04	0.04	0.0	3.5304558435846762	0.005597311574528252	0.005670394263453726
37329	1	6060.0	74.0	67.0	0.0	1.112	0.021	0.02	0.0	1.178	0.039	0.042	0.0	0.237	0.079	0.079	0.0	0.17609	0.02503	0.02045	0.0	4.416	0.015	0.016	0.0	3.782472624166286	0.005271147480180538	0.004828346469801126
37338	1	6096.0	115.0	115.0	0.0	1.293	0.05	0.05	0.0	1.23	0.07	0.07	0.0	0.14	0.12	0.12	0.0	0.31639	0.00583	0.00591	0.0	4.26	0.14	0.14	0.0	3.785044958331544	0.00811657091400697	0.008271155919437057
37341	1	6202.0	94.0	90.0	0.0	1.438	0.039	0.038	0.0	1.313	0.068	0.071	0.0	0.182	0.083	0.085	0.0	0.43933	0.03049	0.02771	0.0	4.24	0.031	0.032	0.0	3.7925317619013077	0.006532957449700394	0.006348416333674223
37342	1	5281.0	86.0	76.0	0.0	0.859	0.018	0.017	0.0	0.905	0.043	0.044	0.0	0.168	0.084	0.087	0.0	-0.28735	0.03243	0.02691	0.0	4.526	0.02	0.021	0.0	3.7227161674884948	0.0070154277985405855	0.0062954336419398516
37344	1	6860.0	150.0	180.0	0.0	1.605	0.048	0.046	0.0	1.572	0.064	0.071	0.0	0.317	0.1	0.13	0.0	0.71349	0.03392	0.04885	0.0	4.224	0.024	0.029	0.0	3.8363241157067516	0.009393902259906994	0.011547653231205768
37353	1	3238.0	48.0	49.0	0.0	0.2347	0.015	0.015	0.0	0.2109	0.029	0.026	0.0	-0.27	0.09	0.09	0.0	-2.2644	0.06098	0.0635	0.0	5.01	0.04	0.04	0.0	3.510276844417355	0.00639071468168817	0.006622325174395538
37356	1	3794.0	79.0	79.0	0.0	0.63	0.02	0.02	0.0	0.61	0.02	0.02	0.0	0.52	0.08	0.08	0.0	-1.11919	0.02228	0.02348	0.0	4.64	0.03	0.03	0.0	3.5790973265526436	0.008950170433439375	0.009138508456049355
37366	1	6370.0	220.0	210.0	0.0	1.434	0.04	0.038	0.0	1.382	0.064	0.076	0.0	0.294	0.082	0.086	0.0	0.48287	0.0562	0.05151	0.0	4.266	0.029	0.036	0.0	3.8041394323353503	0.014745982258659307	0.014558720170924744
37377	1	5063.0	66.0	66.0	0.0	0.8441	0.0062	0.0062	0.0	0.816	0.047	0.049	0.0	-0.065	0.043	0.043	0.0	-0.37469	0.02305	0.02434	0.0	4.442	0.034	0.034	0.0	3.704407927386841	0.005624771678912843	0.005698577944253991
37385	1	3307.0	94.0	94.0	0.0	0.326	0.01	0.01	0.0	0.306	0.008	0.008	0.0	0.14	0.13	0.13	0.0	-1.95861	0.03779	0.04139	0.0	4.897	0.029	0.029	0.0	3.519434194913703	0.012172437019019267	0.012523469362184958
37391	1	3866.0	92.0	92.0	0.0	0.598	0.018	0.018	0.0	0.587	0.013	0.013	0.0	0.26	0.13	0.13	0.0	-1.12494	0.03875	0.04255	0.0	4.652	0.028	0.028	0.0	3.5872618496925344	0.01021394017784294	0.010459953863621863
37397	1	3528.0	33.0	20.0	0.0	0.4684	0.0087	0.01	0.0	0.487	0.017	0.016	0.0	0.148	0.046	0.046	0.0	-1.51215	0.01184	0.01203	0.0	4.785	0.017	0.016	0.0	3.547528576459782	0.004043397214471778	0.0024689917657791938
37401	1	6020.0	100.0	100.0	0.0	1.976	0.04	0.04	0.0	1.372	0.037	0.105	0.0	0.16	0.06	0.06	0.0	0.63749	0.02715	0.02577	0.0	3.929	0.038	0.023	0.0	3.7795964912578244	0.007154930887736999	0.007274784534904377
37405	1	6219.0	70.0	70.0	0.0	1.29	0.01	0.01	0.0	1.19	0.03	0.03	0.0	0.1	0.05	0.05	0.0	0.36173	0.01848	0.01931	0.0	4.29	0.02	0.02	0.0	3.7937205568135233	0.004861037915024458	0.004916063768874768
37407	1	3422.0	81.0	81.0	0.0	0.372	0.018	0.018	0.0	0.368	0.021	0.021	0.0	-0.19	0.05	0.05	0.0	-1.76802	0.00178	0.00179	0.0	4.68	0.04	0.04	0.0	3.5342800052050816	0.01016013211261102	0.010403529566950453
37414	1	5640.0	89.0	82.0	0.0	1.062	0.027	0.024	0.0	1.056	0.059	0.063	0.0	0.25	0.085	0.085	0.0	0.01115	0.03261	0.02707	0.0	4.41	0.027	0.032	0.0	3.751279103983342	0.00679971826627046	0.006360561541989274
37420	1	6206.0	90.0	88.0	0.0	1.634	0.046	0.046	0.0	1.378	0.065	0.064	0.0	0.216	0.089	0.088	0.0	0.55267	0.01318	0.01359	0.0	4.15	0.033	0.032	0.0	3.792811771248147	0.006252948102861033	0.006202298599487399
37428	1	5315.0	60.0	60.0	0.0	0.92	0.04	0.04	0.0	0.89	0.06	0.04	0.0	0.16	0.05	0.05	0.0	-0.20761	0.02052	0.02154	0.0	4.458	0.021	0.015	0.0	3.7255032688593155	0.004875199728327395	0.0049305484950545875
37433	1	6260.0	80.0	80.0	0.0	1.04	0.01	0.01	0.0	1.11	0.02	0.02	0.0	-0.06	0.05	0.05	0.0	0.14922	0.01513	0.01568	0.0	4.45	0.02	0.02	0.0	3.7965743332104296	0.005514924671303323	0.005585858121613718
37435	1	5490.0	115.0	115.0	0.0	0.85	0.03	0.03	0.0	0.93	0.04	0.04	0.0	0.02	0.06	0.06	0.0	-0.22915	0.03533	0.03846	0.0	4.53	0.22	0.22	0.0	3.739572344450092	0.009003272480899938	0.009193875862449019
37450	1	5433.0	70.0	70.0	0.0	0.86	0.03	0.03	0.0	0.949	0.02	0.02	0.0	0.05	0.03	0.03	0.0	-0.23582	0.0254	0.02698	0.0	4.48	0.1	0.1	0.0	3.7350397050337207	0.005559807777435921	0.005631908070652614
37454	1	3697.0	71.0	71.0	0.0	0.48	0.019	0.019	0.0	0.482	0.023	0.023	0.0	-0.24	0.07	0.07	0.0	-1.41263	0.00779	0.00793	0.0	4.61	0.07	0.07	0.0	3.5678494505731067	0.008261443547733283	0.00842165081361701
37458	1	3258.0	115.0	115.0	0.0	0.2869	0.0088	0.0088	0.0	0.2619	0.0063	0.0063	0.0	-0.07	0.09	0.09	0.0	-2.07779	0.06277	0.0734	0.0	4.94	0.028	0.028	0.0	3.5129510799724906	0.015065261216710812	0.015606698954910403
37461	1	3558.0	73.0	83.0	0.0	0.374	0.017	0.015	0.0	0.392	0.027	0.026	0.0	-0.09	0.2	0.22	0.0	-1.6925	0.02696	0.03565	0.0	4.884	0.03	0.03	0.0	3.5512059437479064	0.008820305164985776	0.010251134821773533
37482	1	5170.0	120.0	120.0	0.0	0.81	0.03	0.03	0.0	0.89	0.05	0.05	0.0	0.16	0.08	0.08	0.0	-0.37675	0.0202	0.02119	0.0	4.57	0.02	0.02	0.0	3.7134905430939424	0.00996512894124324	0.010199164975281061
37487	1	6264.0	95.0	94.0	0.0	2.738	0.048	0.05	0.0	1.765	0.061	0.061	0.0	0.342	0.039	0.04	0.0	1.01703	0.02633	0.02669	0.0	3.81	0.021	0.02	0.0	3.796851749049887	0.006537075933726211	0.006566585016645643
37495	1	6560.0	300.0	340.0	0.0	1.72	0.041	0.043	0.0	1.41	0.068	0.059	0.0	-0.09	0.11	0.18	0.0	0.69461	0.07551	0.12173	0.0	4.11	0.69	0.69	0.0	3.8169038393756605	0.019420276331091113	0.023113454684841717
37499	1	3793.0	80.0	80.0	0.0	0.585	0.018	0.018	0.0	0.576	0.012	0.012	0.0	0.79	0.14	0.14	0.0	-1.19518	0.04275	0.04742	0.0	4.664	0.028	0.028	0.0	3.5789828427027905	0.009064654283292395	0.00925789347663164
37511	1	6070.0	160.0	150.0	0.0	1.857	0.038	0.036	0.0	1.391	0.074	0.097	0.0	0.288	0.076	0.078	0.0	0.62428	0.0515	0.04679	0.0	4.046	0.014	0.026	0.0	3.7831886910752575	0.011299355583912263	0.010866984352337461
37515	1	6740.0	250.0	200.0	0.0	1.55	0.046	0.046	0.0	1.452	0.082	0.075	0.0	0.11	0.14	0.12	0.0	0.64836	0.06513	0.05397	0.0	4.22	0.029	0.028	0.0	3.82865989653532	0.01581727921036169	0.01308214821105258
37516	1	6058.0	99.0	94.0	0.0	1.409	0.039	0.038	0.0	1.242	0.072	0.077	0.0	0.207	0.085	0.089	0.0	0.38021	0.03309	0.02996	0.0	4.234	0.032	0.033	0.0	3.782329268996837	0.007039884594644441	0.006791634215880027
37518	1	6390.0	160.0	150.0	0.0	1.451	0.036	0.03	0.0	1.25	0.068	0.075	0.0	-0.102	0.066	0.077	0.0	0.49969	0.04064	0.03879	0.0	4.215	0.021	0.036	0.0	3.8055008581584002	0.010740441833382963	0.01031626847597611
37521	1	6174.0	90.0	119.0	0.0	1.4877	0.0443	0.0338	0.0	1.2793	0.0282	0.0288	0.0	0.164	0.077	0.07	0.0	0.46195	0.03151	0.03042	0.0	4.194	0.026	0.027	0.0	3.7905666251460763	0.006285123903810863	0.008452477667005187
37524	1	5735.0	72.0	72.0	0.0	1.66	0.02	0.02	0.0	1.14	0.02	0.01	0.0	0.26	0.05	0.05	0.0	0.43457	0.01568	0.01296	0.0	4.06	0.01	0.01	0.0	3.7585334222372864	0.005418403796037641	0.005486860610757205
37531	1	5805.0	62.0	62.0	0.0	1.0	0.023	0.023	0.0	1.03	0.06	0.06	0.0	-0.13	0.08	0.08	0.0	0.00903	0.00549	0.00557	0.0	4.3	0.14	0.14	0.0	3.7638022240745928	0.0046138641417390325	0.004663407793426444
37536	1	5504.0	43.0	55.0	0.0	1.163	0.054	0.053	0.0	1.012	0.04	0.047	0.0	0.326	0.037	0.049	0.0	0.04766	0.02311	0.02565	0.0	4.232	0.106	0.068	0.0	3.740678425227455	0.0033797406513804695	0.0043616173233460565
37538	1	5380.0	180.0	170.0	0.0	0.912	0.032	0.03	0.0	0.912	0.051	0.04	0.0	0.206	0.09	0.088	0.0	-0.20135	0.06229	0.06066	0.0	4.479	0.034	0.034	0.0	3.7307822756663893	0.014292515915668158	0.013944552366864649
37539	1	5640.0	110.0	110.0	0.0	1.055	0.04	0.037	0.0	1.005	0.064	0.061	0.0	0.165	0.083	0.084	0.0	0.0086	0.01712	0.02272	0.0	4.393	0.045	0.046	0.0	3.751279103983342	0.008388740706288367	0.008553972678643884
37550	1	3793.0	80.0	80.0	0.0	0.656	0.019	0.019	0.0	0.632	0.013	0.013	0.0	0.43	0.12	0.12	0.0	-1.09528	0.04223	0.04678	0.0	4.604	0.027	0.027	0.0	3.5789828427027905	0.009064654283292395	0.00925789347663164
37551	1	5909.0	145.0	144.0	0.0	0.92	0.04	0.04	0.0	1.02	0.05	0.05	0.0	-0.15	0.03	0.03	0.0	-0.03058	0.01556	0.01566	0.0	4.517	0.006	0.008	0.0	3.7715139899796664	0.010528426640887822	0.01071467834894868
37555	1	4780.0	120.0	120.0	0.0	0.844	0.02	0.019	0.0	0.789	0.046	0.047	0.0	0.082	0.079	0.079	0.0	-0.47366	0.04653	0.04633	0.0	4.483	0.016	0.019	0.0	3.6794278966121188	0.010768183416395072	0.011041979922118639
37560	1	6160.0	150.0	150.0	0.0	2.333	0.097	0.096	0.0	1.469	0.089	0.088	0.0	0.065	0.05	0.05	0.0	0.84696	0.05613	0.05456	0.0	3.869	0.044	0.045	0.0	3.7895807121644256	0.010448647079708717	0.010706240161685976
37563	1	5277.0	67.0	67.0	0.0	0.89	0.03	0.03	0.0	0.74	0.03	0.03	0.0	-0.11	0.05	0.05	0.0	-0.25696	0.0053	0.00537	0.0	4.35	0.12	0.12	0.0	3.7223870941771238	0.005479355290365362	0.005549370877599102
37565	1	6150.0	110.0	130.0	0.0	1.241	0.032	0.027	0.0	1.24	0.05	0.046	0.0	0.18	0.13	0.13	0.0	0.29885	0.03761	0.03878	0.0	4.224	0.051	0.062	0.0	3.788875115775417	0.007699217435012784	0.009278624517592426
37577	1	5643.77	145.87	76.03	0.0	1.09457	0.053877	0.048811	0.0	1.0	0.137007	0.113529	0.0	0.415	0.02	0.02	0.0	0.03946	0.01596	0.01473	0.0	4.35958	0.081213	0.06604	0.0	3.7515693066829185	0.011082253439304246	0.0058903601094573155
37578	1	6060.0	120.0	140.0	0.0	1.53	0.041	0.041	0.0	1.25	0.06	0.072	0.0	0.208	0.078	0.078	0.0	0.45788	0.02784	0.03958	0.0	4.163	0.027	0.027	0.0	3.782472624166286	0.008515850922529822	0.010150917443366048
37580	1	3322.0	49.0	49.0	0.0	0.35	0.01	0.01	0.0	0.335	0.008	0.008	0.0	0.27	0.09	0.09	0.0	-1.85078	0.0181	0.01889	0.0	4.87	0.03	0.03	0.0	3.521399628115376	0.0063591244055958285	0.006453622807371495
37588	1	3544.0	100.0	100.0	0.0	0.421	0.028	0.028	0.0	0.42	0.03	0.03	0.0	-0.12	0.08	0.08	0.0	-1.5986	0.00853	0.0087	0.0	4.97	0.1	0.1	0.0	3.5494937132150133	0.012084655085947471	0.012430570433396237
37589	1	5723.0	95.0	120.0	0.0	1.209	0.032	0.026	0.0	1.105	0.063	0.068	0.0	0.324	0.084	0.086	0.0	0.15229	0.0238	0.03502	0.0	4.319	0.026	0.04	0.0	3.757623745908389	0.007149971002651245	0.009203123440820526
37591	1	4230.0	88.0	88.0	0.0	0.708	0.022	0.022	0.0	0.739	0.03	0.03	0.0	0.41	0.12	0.12	0.0	-0.82391	0.02531	0.03937	0.0	4.63	0.05	0.05	0.0	3.6263403673750423	0.008942270623169879	0.009130272817608365
37593	1	6500.0	180.0	190.0	0.0	1.785	0.067	0.057	0.0	1.389	0.068	0.075	0.0	-0.104	0.11	0.086	0.0	0.71265	0.03709	0.04707	0.0	4.077	0.034	0.042	0.0	3.8129133566428557	0.011863105832690124	0.01288399739872137
37597	1	5790.0	140.0	120.0	0.0	1.021	0.033	0.032	0.0	1.037	0.053	0.057	0.0	0.254	0.076	0.077	0.0	0.02078	0.04704	0.03941	0.0	4.436	0.031	0.033	0.0	3.762678563727436	0.010376129636826548	0.009095504834529589
37600	1	3919.0	80.0	80.0	0.0	0.611	0.019	0.019	0.0	0.596	0.013	0.013	0.0	0.33	0.14	0.14	0.0	-1.10127	0.04229	0.04686	0.0	4.642	0.029	0.029	0.0	3.5931752634781025	0.008776140655418985	0.008957151360697413
37606	1	3659.0	120.0	120.0	0.0	0.54	0.03	0.03	0.0	0.53	0.02	0.02	0.0	0.376	0.095	0.095	0.0	-1.3098	0.0422	0.04674	0.0	4.7	0.03	0.03	0.0	3.5633624094866074	0.01401448243040715	0.014481846849092594
37608	1	4610.0	207.0	207.0	0.0	0.65	0.06	0.06	0.0	0.67	0.02	0.02	0.0	-0.17	0.07	0.07	0.0	-0.76195	0.00993	0.01016	0.0	4.64	0.08	0.08	0.0	3.663700925389648	0.019075720924786044	0.019952239930122406
37611	1	6240.0	160.0	160.0	0.0	2.19	0.12	0.11	0.0	1.483	0.081	0.14	0.0	0.03	0.13	0.11	0.0	0.81624	0.03502	0.03449	0.0	3.926	0.052	0.061	0.0	3.795184589682424	0.010995384301462963	0.011281010409688985
37616	1	3927.0	37.0	37.0	0.0	0.612	0.013	0.012	0.0	0.639	0.023	0.023	0.0	0.338	0.072	0.066	0.0	-1.09528	0.01016	0.00985	0.0	4.669	0.018	0.017	0.0	3.594060901270418	0.004072744542819695	0.004111299944710378
37618	1	5692.0	87.0	83.0	0.0	1.462	0.028	0.025	0.0	0.998	0.051	0.046	0.0	-0.048	0.042	0.077	0.0	0.3075	0.02494	0.02419	0.0	4.11	0.012	0.018	0.0	3.7552648914122466	0.006587803054136643	0.006379451402729774
37622	1	5990.0	130.0	150.0	0.0	1.842	0.055	0.054	0.0	1.35	0.07	0.15	0.0	0.208	0.081	0.082	0.0	0.5955	0.02672	0.03919	0.0	4.036	0.038	0.056	0.0	3.7774268223893115	0.009324599756249885	0.011013975276911836
37626	1	3747.0	64.0	64.0	0.0	0.588	0.011	0.011	0.0	0.612	0.034	0.034	0.0	0.425	0.088	0.088	0.0	-1.21254	0.0334	0.03618	0.0	4.686	0.014	0.014	0.0	3.573683693093798	0.007355255678369144	0.00748197423888497
37627	1	3751.0	59.0	59.0	0.0	0.58	0.01	0.01	0.0	0.61	0.02	0.02	0.0	0.5	0.16	0.16	0.0	-1.20066	0.01357	0.01401	0.0	4.72	0.04	0.04	0.0	3.574147064150723	0.006777911524896485	0.00688537179684845
37629	1	6220.0	130.0	120.0	0.0	1.263	0.037	0.03	0.0	1.167	0.063	0.066	0.0	0.044	0.072	0.059	0.0	0.33445	0.0329	0.0291	0.0	4.304	0.025	0.035	0.0	3.7937903846908188	0.008983340601156797	0.00846054968005161
37634	1	6094.0	67.0	65.0	0.0	1.245	0.022	0.022	0.0	1.165	0.055	0.055	0.0	0.182	0.093	0.089	0.0	0.28488	0.01658	0.01701	0.0	4.314	0.013	0.013	0.0	3.784902449886655	0.0047487589067549685	0.004657166021302395
37636	1	3440.0	85.0	85.0	0.0	0.3	0.015	0.015	0.0	0.292	0.018	0.018	0.0	-0.36	0.2	0.2	0.0	-1.94539	0.00195	0.00196	0.0	4.99	0.21	0.21	0.0	3.53655844257153	0.01060067875588766	0.010865918066519153
37647	1	5820.0	120.0	120.0	0.0	1.474	0.048	0.04	0.0	1.066	0.094	0.069	0.0	-0.012	0.04	0.04	0.0	0.35218	0.03875	0.03621	0.0	4.135	0.027	0.04	0.0	3.7649229846498886	0.008863460331304918	0.009048128977397152
37666	1	3790.0	59.0	59.0	0.0	0.594	0.011	0.011	0.0	0.619	0.023	0.023	0.0	0.42	0.16	0.16	0.0	-1.15927	0.01539	0.01466	0.0	4.68	0.04	0.04	0.0	3.578639209968072	0.006708701126518779	0.00681396092724329
37669	1	6466.0	95.0	93.0	0.0	1.496	0.042	0.04	0.0	1.349	0.064	0.065	0.0	-0.004	0.059	0.055	0.0	0.54654	0.01931	0.01763	0.0	4.218	0.03	0.031	0.0	3.810635700275537	0.006334337481762375	0.006291781795671358
37671	1	5925.0	85.0	76.0	0.0	1.233	0.028	0.026	0.0	1.026	0.057	0.057	0.0	-0.069	0.065	0.079	0.0	0.22737	0.02183	0.01813	0.0	4.268	0.024	0.028	0.0	3.7726883546821415	0.00618611732059815	0.005606733318819224
37672	1	6237.0	100.0	96.0	0.0	1.393	0.038	0.038	0.0	1.194	0.069	0.073	0.0	-0.013	0.052	0.06	0.0	0.4216	0.01931	0.01848	0.0	4.226	0.036	0.036	0.0	3.794975744051132	0.0069079630741080145	0.006736646668963786
37710	1	3996.0	88.0	88.0	0.0	0.646	0.017	0.017	0.0	0.666	0.025	0.025	0.0	0.14	0.12	0.12	0.0	-0.99268	0.01593	0.01654	0.0	4.67	0.05	0.05	0.0	3.601625479553945	0.009460253860927637	0.0096709245072093
37712	1	5327.0	64.0	64.0	0.0	0.82	0.005	0.005	0.0	0.858	0.033	0.029	0.0	-0.023	0.04	0.04	0.0	-0.31336	0.02093	0.02199	0.0	4.49	0.03	0.03	0.0	3.7264826967848297	0.0051866350438065645	0.005249326767552187
37724	1	3896.0	88.0	88.0	0.0	0.54	0.017	0.016	0.0	0.556	0.022	0.022	0.0	-0.27	0.12	0.12	0.0	-1.24489	0.02086	0.01872	0.0	4.73	0.05	0.05	0.0	3.590618948206578	0.009700381545083125	0.009922008494140933
37726	1	5640.0	34.0	37.0	0.0	1.088	0.014	0.014	0.0	0.998	0.068	0.057	0.0	0.143	0.076	0.078	0.0	0.03262	0.01114	0.01226	0.0	4.364	0.032	0.028	0.0	3.751279103983342	0.0026102274764912003	0.0028584815157737253
37730	1	3713.0	59.0	59.0	0.0	0.57	0.02	0.02	0.0	0.6	0.02	0.02	0.0	0.47	0.16	0.16	0.0	-1.22841	0.0194	0.01343	0.0	4.69	0.04	0.04	0.0	3.569724949226159	0.006846734839131674	0.006956406209639887
37735	1	3225.0	41.0	40.0	0.0	0.2992	0.0073	0.0072	0.0	0.2653	0.0061	0.0061	0.0	-0.03	0.13	0.13	0.0	-2.05849	0.0137	0.01465	0.0	4.91	0.023	0.022	0.0	3.5085297189712867	0.005486461429362599	0.005420282299917645
37739	1	3325.0	75.0	75.0	0.0	0.383	0.018	0.018	0.0	0.383	0.019	0.019	0.0	0.03	0.2	0.2	0.0	-1.79183	0.00508	0.00514	0.0	5.01	0.04	0.04	0.0	3.5217916496391233	0.009687267403131639	0.009908288660248843
37746	1	4750.0	100.0	100.0	0.0	0.639	0.034	0.034	0.0	0.724	0.009	0.009	0.0	-0.13	0.03	0.03	0.0	-0.74232	0.02108	0.02215	0.0	4.66	0.06	0.06	0.0	3.6766936096248664	0.009048128977397152	0.009240656734912367
37754	1	5615.0	25.0	25.0	0.0	0.87	0.006	0.006	0.0	0.87	0.04	0.04	0.0	-0.32	0.04	0.04	0.0	-0.14752	0.01084	0.01112	0.0	4.42	0.01	0.01	0.0	3.7493497605974766	0.0019293433858655895	0.001937952711053459
37758	1	5185.0	80.0	80.0	0.0	0.833	0.023	0.023	0.0	0.821	0.032	0.027	0.0	-0.12	0.08	0.08	0.0	-0.32883	0.01546	0.01603	0.0	4.511	0.026	0.024	0.0	3.7147487607250596	0.0066496147964456576	0.006753014302130378
37763	1	5715.0	55.0	55.0	0.0	1.082	0.026	0.026	0.0	0.901	0.055	0.037	0.0	-0.27	0.07	0.07	0.0	0.05308	0.01622	0.01685	0.0	4.32	0.13	0.13	0.0	3.7570162347313008	0.004159578424430599	0.00419980354302929
37771	1	4850.0	78.0	78.0	0.0	0.773	0.023	0.023	0.0	0.778	0.037	0.032	0.0	-0.04	0.13	0.13	0.0	-0.51004	0.02059	0.02161	0.0	4.56	0.03	0.03	0.0	3.6857417386022635	0.006928960554105412	0.007041303603959381
37776	1	5770.0	50.0	50.0	0.0	1.427	0.043	0.04	0.0	0.97	0.072	0.055	0.0	-0.24	0.09	0.09	0.0	0.31175	0.02471	0.02172	0.0	4.12	0.04	0.04	0.0	3.7611758131557314	0.0037471714941572642	0.003779784362706984
37778	1	5920.0	210.0	210.0	0.0	2.26	0.072	0.052	0.0	1.334	0.055	0.065	0.0	0.18	0.16	0.15	0.0	0.75358	0.06	0.05986	0.0	3.856	0.018	0.03	0.0	3.77232170672292	0.015138767795495056	0.01568559847707185
37781	1	3613.0	80.0	80.0	0.0	0.48	0.015	0.015	0.0	0.477	0.011	0.011	0.0	0.09	0.14	0.14	0.0	-1.45223	0.0444	0.04946	0.0	4.755	0.029	0.029	0.0	3.5578679615680224	0.00951134608295634	0.009724324133177031
37789	1	3229.0	77.0	57.0	0.0	0.2432	0.0063	0.0065	0.0	0.2101	0.0049	0.0048	0.0	-0.18	0.12	0.12	0.0	-2.23508	0.03442	0.02773	0.0	4.989	0.025	0.024	0.0	3.5090680450171616	0.010234804218267168	0.0077348663715954835
37792	1	6110.0	50.0	50.0	0.0	1.51	0.03	0.03	0.0	1.31	0.08	0.08	0.0	0.28	0.06	0.06	0.0	0.4609	0.01186	0.01219	0.0	4.19	0.08	0.08	0.0	3.786041210242554	0.0035395019218715795	0.0035685860762679766
37794	1	6223.0	100.0	100.0	0.0	2.338	0.027	0.085	0.0	1.548	0.027	0.085	0.0	0.37	0.06	0.06	0.0	0.79934	0.01822	0.02119	0.0	3.886	0.016	0.024	0.0	3.7939998009844706	0.006923380828747661	0.007035541548737534
37796	1	3635.0	88.0	88.0	0.0	0.489	0.015	0.014	0.0	0.514	0.025	0.022	0.0	-0.09	0.12	0.12	0.0	-1.4034	0.01619	0.01681	0.0	4.77	0.05	0.05	0.0	3.5605044151950564	0.010388621023335709	0.010643226723113575
37798	1	6110.0	100.0	100.0	0.0	1.648	0.045	0.035	0.0	1.291	0.066	0.06	0.0	0.124	0.079	0.077	0.0	0.53275	0.03427	0.03444	0.0	4.118	0.015	0.025	0.0	3.786041210242554	0.007050389934025958	0.007166738239814396
37800	1	5445.0	97.0	96.0	0.0	0.879	0.026	0.026	0.0	0.885	0.042	0.036	0.0	0.104	0.069	0.068	0.0	-0.21254	0.02277	0.02403	0.0	4.498	0.031	0.03	0.0	3.735997884091794	0.00766863735441925	0.007725286196776704
37803	1	6047.0	50.0	50.0	0.0	1.662	0.071	0.071	0.0	1.107	0.04	0.04	0.0	-0.07	0.08	0.08	0.0	0.52244	0.01789	0.01865	0.0	4.1	0.1	0.1	0.0	3.7815399686059417	0.003576226415978212	0.00360591976816238
37811	1	3200.0	75.0	75.0	0.0	0.259	0.013	0.013	0.0	0.254	0.013	0.013	0.0	0.11	0.2	0.2	0.0	-2.19791	0.00747	0.0076	0.0	5.01	0.02	0.02	0.0	3.505149978319906	0.01006132600789611	0.010299956639811647
37820	1	6850.0	100.0	100.0	0.0	1.732	0.055	0.055	0.0	1.449	0.087	0.087	0.0	-0.1	0.07	0.07	0.0	0.7679	0.01025	0.0105	0.0	4.2	0.2	0.2	0.0	3.8356905714924254	0.006294233097688284	0.006386798661400572
37821	1	3708.0	57.0	56.0	0.0	0.55	0.017	0.017	0.0	0.577	0.024	0.023	0.0	0.35	0.11	0.12	0.0	-1.28819	0.01247	0.01284	0.0	4.718	0.024	0.025	0.0	3.5691397254724593	0.006625255064260038	0.006608956610198113
37824	1	6400.0	100.0	100.0	0.0	1.415	0.047	0.047	0.0	1.313	0.079	0.079	0.0	0.09	0.07	0.07	0.0	0.47407	0.01009	0.01033	0.0	4.2	0.2	0.2	0.0	3.806179973983887	0.006733382658968612	0.0068394245303053935
37829	1	6250.0	220.0	190.0	0.0	1.345	0.046	0.04	0.0	1.311	0.066	0.075	0.0	0.258	0.078	0.08	0.0	0.39445	0.06645	0.05203	0.0	4.3	0.026	0.036	0.0	3.7958800173440754	0.015024263324625142	0.013407393177789384
37833	1	3977.0	59.0	59.0	0.0	0.609	0.016	0.016	0.0	0.644	0.024	0.024	0.0	0.44	0.16	0.16	0.0	-1.08672	0.00944	0.00965	0.0	4.67	0.04	0.04	0.0	3.59955559098598	0.00639556657889262	0.006491159327262519
37838	1	3539.0	59.0	59.0	0.0	0.49	0.011	0.011	0.0	0.531	0.021	0.021	0.0	0.08	0.16	0.16	0.0	-1.43168	0.01043	0.01069	0.0	4.77	0.04	0.04	0.0	3.548880562637515	0.0071805963720175114	0.007301318690934089
37848	1	6020.0	140.0	150.0	0.0	1.312	0.051	0.048	0.0	1.165	0.069	0.078	0.0	0.24	0.074	0.077	0.0	0.31175	0.02869	0.03529	0.0	4.268	0.044	0.048	0.0	3.7795964912578244	0.009984220906601227	0.010958390010209929
37854	1	3521.0	33.0	48.0	0.0	0.43	0.013	0.013	0.0	0.419	0.009	0.009	0.0	0.12	0.18	0.18	0.0	-1.60906	0.00874	0.00892	0.0	4.793	0.037	0.036	0.0	3.5466660250701842	0.004051398399098627	0.00596124175942192
37857	1	5463.0	143.0	142.0	0.0	1.01	0.06	0.05	0.0	0.97	0.06	0.06	0.0	0.36	0.02	0.02	0.0	-0.08778	0.02379	0.02404	0.0	4.416	0.024	0.025	0.0	3.7374312005145827	0.011221892909684783	0.011437941589860223
37866	1	5940.0	110.0	110.0	0.0	1.721	0.065	0.062	0.0	1.323	0.05	0.045	0.0	0.225	0.044	0.045	0.0	0.52244	0.01411	0.01594	0.0	4.087	0.035	0.032	0.0	3.7737864449811935	0.007968929671275493	0.008117890222179458
37871	1	5597.0	72.0	72.0	0.0	0.9882	0.0176	0.0175	0.0	0.9245	0.0327	0.0303	0.0	0.001	0.059	0.06	0.0	-0.06248	0.02343	0.0237	0.0	4.412	0.024	0.024	0.0	3.74795530690673	0.005551150084240231	0.0056230245495818565
37873	1	5890.0	170.0	180.0	0.0	1.385	0.054	0.052	0.0	1.047	0.089	0.071	0.0	-0.008	0.03	0.027	0.0	0.31806	0.03987	0.04391	0.0	4.176	0.054	0.051	0.0	3.7701152947871015	0.012357329379184545	0.013479186541253352
37876	1	6400.0	100.0	100.0	0.0	1.517	0.023	0.022	0.0	1.338	0.023	0.022	0.0	0.2	0.05	0.05	0.0	0.54033	0.02196	0.02313	0.0	4.202	0.015	0.015	0.0	3.806179973983887	0.006733382658968612	0.0068394245303053935
37888	1	3514.0	57.0	57.0	0.0	0.42	0.013	0.013	0.0	0.42	0.01	0.01	0.0	0.17	0.12	0.12	0.0	-1.61439	0.02093	0.01639	0.0	4.81	0.03	0.03	0.0	3.545801757159276	0.006988093033506004	0.007102377616869493
37899	1	3007.0	58.0	58.0	0.0	0.2276	0.0057	0.0057	0.0	0.207	0.011	0.011	0.0	0.142	0.087	0.087	0.0	-2.42597	0.03663	0.04001	0.0	5.039	0.011	0.011	0.0	3.4781334281005174	0.008297050753916402	0.008458655548719385
37905	1	3459.0	65.0	65.0	0.0	0.421	0.017	0.015	0.0	0.415	0.021	0.02	0.0	-0.07	0.11	0.11	0.0	-1.64016	0.0467	0.04597	0.0	4.809	0.034	0.037	0.0	3.5389505620143615	0.008085337725648678	0.008238724032704425
37925	1	4622.0	61.0	59.0	0.0	0.674	0.017	0.016	0.0	0.732	0.027	0.025	0.0	-0.02	0.12	0.043	0.0	-0.72793	0.01393	0.0144	0.0	4.645	0.021	0.022	0.0	3.6648299411430907	0.005694216638989058	0.005579472370429883
37931	1	3363.0	59.0	59.0	0.0	0.351	0.015	0.015	0.0	0.344	0.03	0.03	0.0	-0.08	0.16	0.16	0.0	-1.91542	0.02195	0.02312	0.0	4.88	0.04	0.04	0.0	3.5267268673146357	0.007553137890445871	0.007686828666291223
37938	1	3099.0	51.0	50.0	0.0	0.222	0.006	0.004	0.0	0.19	0.004	0.004	0.0	-0.2	0.12	0.12	0.0	-2.3869	0.03418	0.03275	0.0	5.02	0.02	0.02	0.0	3.491221576239283	0.007088977550317566	0.00706415187390208
37941	1	5585.0	60.0	60.0	0.0	0.949	0.008	0.012	0.0	0.956	0.05	0.026	0.0	-0.04	0.05	0.05	0.0	-0.08619	0.01047	0.01072	0.0	4.47	0.05	0.05	0.0	3.747023177451628	0.0046407688093585975	0.004690895094479952
37948	1	5720.0	50.0	50.0	0.0	1.035	0.026	0.026	0.0	1.063	0.065	0.065	0.0	0.25	0.1	0.1	0.0	0.01115	0.01661	0.01727	0.0	4.439	0.014	0.027	0.0	3.7573960287930244	0.003779784362706984	0.003812969900117924
37956	1	3657.0	72.0	72.0	0.0	0.505	0.015	0.015	0.0	0.505	0.019	0.019	0.0	0.196	0.029	0.029	0.0	-1.38722	0.04043	0.04458	0.0	4.735	0.031	0.031	0.0	3.5631249603380444	0.008467423023262644	0.008635800334225507
37959	1	5278.0	63.0	63.0	0.0	0.78	0.03	0.03	0.0	0.8	0.05	0.05	0.0	-0.27	0.04	0.04	0.0	-0.37675	0.0202	0.02119	0.0	4.5	0.1	0.1	0.0	3.7224693858840308	0.0051531920851064505	0.005215073121481062
37961	1	3266.0	36.0	36.0	0.0	0.425	0.0091	0.0091	0.0	0.442	0.025	0.025	0.0	0.357	0.085	0.085	0.0	-1.73283	0.02508	0.02662	0.0	4.827	0.01	0.01	0.0	3.5140161804006493	0.004760888526125662	0.004813658069546367
37969	1	3370.0	100.0	100.0	0.0	0.232	0.017	0.023	0.0	0.22	0.03	0.035	0.0	-0.13	0.07	0.07	0.0	-2.20343	0.01028	0.03842	0.0	4.8	0.07	0.07	0.0	3.5276299008713385	0.012699573919535023	0.01308214821105258
37980	1	6643.0	150.0	150.0	0.0	1.71	0.05	0.05	0.0	1.4	0.05	0.05	0.0	0.0	0.1	0.1	0.0	0.76042	0.04644	0.052	0.0	4.05	0.17	0.17	0.0	3.8223642524415493	0.009697362149177824	0.009918849568793409
37981	1	3370.0	29.0	32.0	0.0	0.413	0.008	0.008	0.0	0.397	0.01	0.01	0.0	0.34	0.15	0.15	0.0	-1.70246	0.00953	0.01153	0.0	4.804	0.021	0.021	0.0	3.5276299008713385	0.00372126371172099	0.004143568528110819
38000	1	4600.0	110.0	100.0	0.0	0.695	0.027	0.027	0.0	0.71	0.032	0.031	0.0	-0.092	0.076	0.077	0.0	-0.70997	0.05827	0.05959	0.0	4.605	0.026	0.026	0.0	3.662757831681574	0.0102630754473223	0.009545317906230366
38008	1	5995.0	79.0	79.0	0.0	1.052	0.012	0.007	0.0	1.142	0.008	0.011	0.0	0.01	0.04	0.04	0.0	0.1271	0.01902	0.04074	0.0	4.453	0.003	0.008	0.0	3.7777891874348675	0.005685600147379066	0.005761022110012615
38018	1	5842.0	84.0	79.0	0.0	1.308	0.037	0.038	0.0	1.081	0.076	0.07	0.0	0.153	0.091	0.091	0.0	0.25285	0.02246	0.02062	0.0	4.238	0.038	0.035	0.0	3.766561552637531	0.006200094506501053	0.005912933056174907
38021	1	4929.0	80.0	75.0	0.0	0.719	0.025	0.025	0.0	0.758	0.046	0.044	0.0	-0.07	0.23	0.24	0.0	-0.56004	0.01182	0.01232	0.0	4.604	0.027	0.027	0.0	3.692758818154724	0.0069922135347901815	0.0066590461588078576
38029	1	6261.0	80.0	80.0	0.0	1.39	0.02	0.02	0.0	1.28	0.03	0.02	0.0	0.24	0.05	0.05	0.0	0.43136	0.01579	0.01639	0.0	4.26	0.02	0.02	0.0	3.7966437037851164	0.005514049401845078	0.005584960193290911
38041	1	5570.0	150.0	140.0	0.0	0.918	0.038	0.036	0.0	0.968	0.061	0.068	0.0	0.14	0.22	0.18	0.0	-0.13668	0.0661	0.06055	0.0	4.498	0.025	0.027	0.0	3.745855195173729	0.011540833619295476	0.011055365584881738
38047	1	3572.0	100.0	100.0	0.0	0.419	0.028	0.028	0.0	0.418	0.03	0.03	0.0	-0.19	0.07	0.07	0.0	-1.59007	0.01002	0.01026	0.0	4.98	0.09	0.09	0.0	3.552911450216509	0.011991222312695893	0.01233173371205476
38067	1	5710.0	53.0	49.0	0.0	1.892	0.077	0.076	0.0	1.201	0.066	0.064	0.0	0.215	0.05	0.051	0.0	0.53529	0.02937	0.03014	0.0	3.962	0.026	0.024	0.0	3.756636108245848	0.004012511335508062	0.0037429533612542976
38116	1	3734.0	54.0	54.0	0.0	0.495	0.014	0.014	0.0	0.498	0.019	0.019	0.0	0.08	0.19	0.19	0.0	-1.38091	0.00725	0.00737	0.0	4.68	0.06	0.06	0.0	3.5721743136130595	0.006235656718176497	0.006326494939541849
38126	1	3034.0	45.0	45.0	0.0	0.12	0.012	0.012	0.0	0.097	0.01	0.01	0.0	-0.11	0.28	0.28	0.0	-3.14146	0.003	0.00302	0.0	5.19	0.2	0.2	0.0	3.4820155764507117	0.0063941124524862225	0.006489661411431147
38181	1	5650.0	75.0	75.0	0.0	0.829	0.015	0.022	0.0	0.928	0.028	0.048	0.0	-0.19	0.08	0.08	0.0	-0.20412	0.0436	0.0423	0.0	4.4	0.1	0.1	0.0	3.7520484478194387	0.005727043192486736	0.005803576099240537
38307	1	6110.0	160.0	160.0	0.0	1.436	0.052	0.031	0.0	1.22	0.039	0.036	0.0	0.06	0.13	0.13	0.0	0.413	0.061	0.057	0.0	4.22	0.12	0.05	0.0	3.786041210242554	0.011226330588162359	0.011524244514004245
38500	1	4686.0	99.0	99.0	0.0	0.758	0.032	0.032	0.0	0.789	0.039	0.039	0.0	0.15	0.05	0.05	0.0	-0.57512	0.0269	0.02005	0.0	4.56	0.03	0.03	0.0	3.670802284260944	0.009079657851918554	0.009273544128961309
38575	1	5555.0	90.0	90.0	0.0	0.912	0.014	0.014	0.0	0.954	0.03	0.052	0.0	0.099	0.078	0.078	0.0	-0.13906	0.02102	0.02209	0.0	4.496	0.022	0.028	0.0	3.7446840632768863	0.00697988298410035	0.007093896991164694
38618	1	4987.0	57.0	56.0	0.0	0.8268	0.0138	0.014	0.0	0.8712	0.025	0.0267	0.0	0.305	0.058	0.059	0.0	-0.41794	0.02324	0.02335	0.0	4.541	0.022	0.024	0.0	3.697839368218363	0.0049357096826812	0.004904365687225187
38656	1	6400.0	100.0	100.0	0.0	1.712	0.083	0.072	0.0	1.39	0.14	0.14	0.0	0.16	0.09	0.09	0.0	0.64738	0.05159	0.04969	0.0	4.111	0.023	0.033	0.0	3.806179973983887	0.006733382658968612	0.0068394245303053935
38663	1	5500.0	200.0	200.0	0.0	1.015	0.071	0.074	0.0	0.97	0.15	0.15	0.0	-0.34	0.21	0.21	0.0	-0.07572	0.09275	0.0982	0.0	4.411	0.042	0.04	0.0	3.7403626894942437	0.0155121661782478	0.016086819893454507
38711	1	5600.0	150.0	150.0	0.0	0.938	0.056	0.061	0.0	0.93	0.15	0.15	0.0	0.22	0.09	0.09	0.0	-0.11351	0.07255	0.08715	0.0	4.466	0.031	0.031	0.0	3.7481880270062002	0.011479817683430316	0.01179152472955769
38731	1	6399.0	68.0	68.0	0.0	1.347	0.018	0.018	0.0	1.24	0.038	0.038	0.0	0.06	0.06	0.06	0.0	0.43616	0.02474	0.02623	0.0	4.273	0.01	0.01	0.0	3.8061121101690913	0.004590750778025399	0.004639796647620376
38754	1	6432.0	48.0	48.0	0.0	1.319	0.061	0.062	0.0	1.294	0.063	0.061	0.0	0.107	0.08	0.08	0.0	0.42813	0.04316	0.04432	0.0	4.31	0.036	0.033	0.0	3.808346035740395	0.0032289701301984053	0.0032531573977219175
38806	1	5616.0	66.0	65.0	0.0	1.006	0.031	0.034	0.0	0.965	0.091	0.095	0.0	0.04	0.25	0.3	0.0	-0.04335	0.0328	0.03444	0.0	4.417	0.02	0.021	0.0	3.749427099121749	0.005074130265168009	0.005055871789888311
38827	1	6080.0	130.0	130.0	0.0	1.213	0.05	0.042	0.0	1.018	0.064	0.062	0.0	-0.108	0.055	0.056	0.0	0.26007	0.02996	0.02962	0.0	4.28	0.042	0.05	0.0	3.783903579272735	0.009188020903844851	0.009386613544185352
38836	1	5180.0	190.0	190.0	0.0	0.866	0.031	0.03	0.0	0.895	0.077	0.072	0.0	0.12	0.21	0.19	0.0	-0.31336	0.08126	0.08566	0.0	4.514	0.018	0.018	0.0	3.714329759745233	0.015644525954322308	0.016229214121843416
39004	1	5800.0	150.0	150.0	0.0	1.003	0.053	0.053	0.0	0.925	0.12	0.12	0.0	-0.4	0.12	0.12	0.0	-0.021	0.077	0.055	0.0	4.25	0.15	0.15	0.0	3.7634279935629373	0.011088972165612443	0.011379545743498642
39092	1	5420.0	100.0	100.0	0.0	0.906	0.053	0.05	0.0	0.935	0.054	0.052	0.0	-0.003	0.1	0.1	0.0	-0.19777	0.06359	0.06408	0.0	4.494	0.044	0.044	0.0	3.733999286538387	0.007939791190811896	0.008087654243338793
39094	1	5150.0	200.0	200.0	0.0	0.855	0.039	0.038	0.0	0.85	0.076	0.07	0.0	-0.03	0.2	0.2	0.0	-0.33555	0.09104	0.09731	0.0	4.503	0.027	0.029	0.0	3.711807229041191	0.016546552980037266	0.017202030107622335
39216	1	4953.0	60.0	60.0	0.0	0.798	0.023	0.023	0.0	0.839	0.054	0.054	0.0	0.22	0.11	0.11	0.0	-0.46344	0.02811	0.03005	0.0	4.553	0.019	0.02	0.0	3.694868327982456	0.0052293766305977485	0.005293112222517493
39319	1	5400.0	100.0	100.0	0.0	1.058	0.025	0.025	0.0	1.004	0.028	0.028	0.0	-0.08	0.11	0.11	0.0	-0.022	0.056	0.064	0.0	4.392	0.016	0.016	0.0	3.7323937598229686	0.007968929671275049	0.008117890222179458
39434	1	5617.0	72.0	72.0	0.0	0.91	0.025	0.023	0.0	0.903	0.066	0.059	0.0	-0.1	0.1	0.11	0.0	-0.12901	0.03642	0.0353	0.0	4.476	0.014	0.015	0.0	3.749504423876142	0.005531509891629316	0.0056028733909632145
39485	1	5870.0	120.0	120.0	0.0	1.283	0.04	0.037	0.0	1.08	0.059	0.058	0.0	-0.36	0.14	0.14	0.0	0.24551	0.04674	0.04686	0.0	4.258	0.022	0.027	0.0	3.7686381012476144	0.008788721141697042	0.008970256557983891
39632	1	3158.0	54.0	54.0	0.0	0.1813	0.0063	0.0063	0.0	0.167	0.011	0.011	0.0	0.07	0.19	0.19	0.0	-2.53106	0.00411	0.00415	0.0	4.93	0.06	0.06	0.0	3.499412125672275	0.007363410934368098	0.007490413086124192
39634	1	3542.0	70.0	70.0	0.0	0.406	0.015	0.015	0.0	0.405	0.019	0.019	0.0	-0.17	0.04	0.04	0.0	-1.62986	0.00222	0.00223	0.0	4.87	0.05	0.05	0.0	3.549248556854056	0.008499184787412073	0.008668840349602025
39637	1	4716.0	60.0	60.0	0.0	0.689	0.021	0.02	0.0	0.688	0.023	0.016	0.0	-0.47	0.08	0.08	0.0	-0.67572	0.01417	0.01465	0.0	4.62	0.02	0.01	0.0	3.6735737964230517	0.0054905216982610305	0.005560824781219775
39688	1	6970.0	110.0	100.0	0.0	1.523	0.027	0.027	0.0	1.449	0.056	0.058	0.0	-0.159	0.058	0.069	0.0	0.69197	0.03395	0.0311	0.0	4.234	0.013	0.014	0.0	3.8432327780980096	0.006800479591759334	0.006276041038459024
39727	1	3151.0	51.0	51.0	0.0	0.157	0.005	0.005	0.0	0.142	0.01	0.01	0.0	-0.18	0.16	0.16	0.0	-2.65857	0.00784	0.00799	0.0	5.17	0.07	0.07	0.0	3.4984484031739997	0.0069729244092813225	0.007086709339727104
39819	1	5998.0	62.0	62.0	0.0	1.17	0.02	0.02	0.0	1.07	0.04	0.04	0.0	0.09	0.04	0.04	0.0	0.15836	0.00599	0.00607	0.0	4.43	0.1	0.1	0.0	3.7780064614235083	0.0044661627427777795	0.0045125691525376155
39841	1	6466.27	115.27	96.8	0.0	1.42588	0.064285	0.050469	0.0	1.32	0.243739	0.184934	0.0	0.2642	0.02	0.02	0.0	0.50548	0.0166	0.01867	0.0	4.25047	0.094496	0.073871	0.0	3.8106538346804224	0.00767369043033117	0.006550538240135406
