ID	Teff	eTeff	logg	elogg	FeH	eFeH	M	eM	R	eR	L	eL	L_flag	RA (deg)	DEC (deg)
KIC 757137	4751	139	2.383	0.012	-0.08	0.3	1.55	0.13	13.26	0.39	66.2990036	0.741500854	2	291.05588	36.5599519
KIC 1026326	5123	162	2.899	0.009	-0.41	0.3	1.3	0.08	6.7	0.15	27.76116	4.02643931	1	291.11435	36.7033389
KIC 1027582	5039	155	3.116	0.008	-0.1	0.3	1.39	0.09	5.41	0.12	16.94191	2.394338788	1	291.38348	36.7409781
KIC 1028267	5242	183	2.94	0.009	-0.17	0.3	1.38	0.09	6.58	0.16	17.40299988	0.635000229	2	291.52362	36.7382511
KIC 1292147	4213	124	2.825	0.009	-0.29	0.3	0.97	0.06	6.31	0.15	20.04100037	2.890500069	2	290.76541	36.9191089
KIC 1294578	4649	80	2.593	0.007	-0.37	0.15	1	0.05	8.37	0.16	31.1989994	2.597999573	2	291.38226	36.9532811
KIC 1429497	5018	80	3.288	0.008	-0.28	0.15	1.44	0.09	4.51	0.1	11.55300045	0.372000217	2	290.73511	37.0730019
KIC 1429629	4261	128	2.684	0.01	-0.46	0.3	1.02	0.07	7.62	0.19	18.98399925	0.50249958	2	290.76532	37.0823519
KIC 1430118	5070	155	3.126	0.008	-0.14	0.3	1.23	0.08	5.03	0.11	11.35400009	0.374000072	2	290.87631	37.07666
KIC 1432825	5293	168	3.177	0.01	-0.07	0.3	1.64	0.12	5.47	0.14	13.50500011	0.8125	2	291.50729	37.03857
KIC 1433132	4689	144	2.491	0.011	0.37	0.3	1.25	0.1	10.51	0.29	40.49100113	2.286499023	2	291.56952	37.0023119
KIC 1573925	5143	158	3.017	0.009	-0.12	0.3	1.36	0.09	5.99	0.14	19.9470005	0.884500504	2	291.52066	37.1205789
KIC 1576646	4814	80	2.835	0.008	-0.07	0.15	1.38	0.08	7.44	0.16	23.39500046	1.208999634	2	292.08014	37.1494481
KIC 1721595	4971	154	3.109	0.008	-0.53	0.3	1.06	0.07	4.75	0.11	11.625	0.444499969	2	291.55524	37.2438889
KIC 1849462	4983	145	3.133	0.008	-0.16	0.3	1.28	0.08	5.08	0.11	14.28504	1.915923526	1	286.216	37.3610311
KIC 1849679	4945	147	2.576	0.009	-0.69	0.3	1.08	0.07	8.87	0.22	38.97100067	1.764499664	2	286.28033	37.3293
KIC 1865102	4857	147	2.825	0.008	-0.1	0.3	1.16	0.07	6.9	0.15	23.78818	3.305964932	1	290.69693	37.3102911
KIC 1870433	5008	80	3.251	0.008	0.05	0.15	1.35	0.08	4.56	0.1	11.74296	0.98816315	1	291.92313	37.3351781
KIC 1870495	4937	80	3.169	0.007	-0.37	0.15	1.02	0.05	4.35	0.08	10.09303	0.818298767	1	291.93555	37.3933789
KIC 1871571	4845	143	3.171	0.008	-0.09	0.3	1.16	0.07	4.64	0.1	10.65128	1.445946063	1	292.15363	37.3574911
KIC 1872375	5044	80	2.93	0.008	-0.19	0.15	1.87	0.11	7.76	0.16	34.86600113	0.893499374	2	292.33109	37.3250081
KIC 1873986	4614	80	3.039	0.007	0.37	0.15	1.24	0.06	5.59	0.1	12.71524	1.077786896	1	292.69366	37.3464319
KIC 1995668	4908	139	3.264	0.008	-0.32	0.3	1.34	0.08	4.47	0.1	10.40935	1.368695395	1	286.2005	37.4437711
KIC 2010138	4997	160	2.54	0.009	-0.83	0.3	1.18	0.08	9.68	0.23	52.45400	7.744913901	1	290.37439	37.4404789
KIC 2011048	4776	153	2.751	0.009	0.42	0.3	1.39	0.09	8.21	0.2	20.9090004	0.994000435	2	290.61081	37.4008411
KIC 2012065	4872	157	2.533	0.01	-1.04	0.3	1.04	0.07	9.14	0.23	43.01399994	3.473999023	2	290.86044	37.4617689
KIC 2012216	4858	80	2.861	0.006	-0.14	0.15	1.35	0.07	7.13	0.13	22.22699928	1.230500221	2	290.89474	37.4611211
KIC 2018585	5068	157	2.857	0.009	-0.17	0.3	1.23	0.08	6.85	0.15	40.67300034	5.650501251	2	292.35861	37.4706381
KIC 2019959	4775	149	2.401	0.01	-0.41	0.3	1.25	0.09	11.69	0.32	63.78419	9.384115101	1	292.65381	37.4861489
KIC 2020383	4859	150	2.935	0.009	-0.52	0.3	1.18	0.08	6.14	0.14	19.36499977	0.975500107	2	292.74557	37.4506681
KIC 2021216	4885	146	3.18	0.008	-0.27	0.3	1.2	0.07	4.66	0.1	11.10250	1.523482424	1	292.92142	37.4869611
KIC 2141413	4868	146	2.58	0.01	-0.13	0.3	1.48	0.1	10.33	0.26	53.80138	7.55556068	1	286.26797	37.5924989
KIC 2141436	4950	147	2.96	0.008	-0.15	0.3	1.18	0.07	5.96	0.13	19.14714	2.617159507	1	286.27277	37.5729219
KIC 2159728	4790	167	2.802	0.011	-0.28	0.3	1.26	0.1	7.39	0.22	16.08399963	2.900000095	2	291.34637	37.5689511
KIC 2160779	4992	158	2.58	0.01	-0.55	0.3	1.1	0.08	8.92	0.23	35.29700089	2.946498871	2	291.57693	37.5499
KIC 2160910	4972	80	2.987	0.006	-0.38	0.15	1.18	0.06	5.79	0.1	18.10300064	0.659999847	2	291.60037	37.5732
KIC 2166119	4997	155	3.076	0.008	-0.28	0.3	1.14	0.07	5.12	0.11	12.40499973	0.548500061	2	292.71606	37.58482
KIC 2166393	4984	161	2.522	0.011	-0.21	0.3	1.61	0.12	11.51	0.31	73.39278	11.09844713	1	292.77603	37.5392189
KIC 2166709	4893	80	3.266	0.008	-0.19	0.15	1	0.06	3.86	0.08	7.66772	0.644797795	1	292.84131	37.5457119
KIC 2283075	4688	80	2.742	0.007	0.21	0.15	1.44	0.07	8.44	0.16	30.89056	2.619527256	1	286.0181	37.6323889
KIC 2285551	4915	152	2.668	0.009	-0.01	0.3	1.31	0.09	8.78	0.23	20.70000076	1.287000656	2	286.81955	37.66861
KIC 2285941	5041	149	3.091	0.008	-0.44	0.3	1.14	0.07	5.04	0.11	12.24699974	0.745000362	2	286.95325	37.68195
KIC 2303304	4937	152	2.511	0.01	-0.6	0.3	1.04	0.08	9.4	0.25	51.88899994	5.011499405	2	291.51834	37.69873
KIC 2303954	4955	156	2.726	0.009	-0.39	0.3	1.27	0.09	8.08	0.2	29.62999916	1.449999809	2	291.65436	37.6643981
KIC 2308196	5089	161	2.775	0.009	-0.42	0.3	1.37	0.09	7.93	0.19	37.86751	5.536953277	1	292.59631	37.6953581
KIC 2308429	4930	80	3.334	0.009	0.14	0.15	1.34	0.09	4.12	0.11	9.00270	0.818505574	1	292.64096	37.6522711
KIC 2309286	4785	146	2.513	0.01	0.04	0.3	1.95	0.14	12.81	0.33	77.23543	11.04557849	1	292.83105	37.6100389
KIC 2309720	5103	152	3.109	0.008	-0.34	0.3	1.39	0.09	5.45	0.12	136.1699982	0.809997559	2	292.93103	37.6792789
KIC 2423694	5020	157	2.747	0.01	0.15	0.3	1.78	0.13	9.37	0.24	34.36199951	1.872501373	2	286.42047	37.7151789
KIC 2436097	4550	143	2.527	0.01	0.13	0.3	1.33	0.1	10.4	0.27	33.7859993	3.846000671	2	290.10196	37.7705311
KIC 2436457	5117	152	2.935	0.008	-0.05	0.3	1.26	0.08	6.33	0.14	22.17099953	0.727000237	2	290.14935	37.70715
KIC 2436458	4481	143	2.47	0.012	0.03	0.3	1.23	0.11	10.7	0.32	43.16500092	4.674001694	2	290.14941	37.78112
KIC 2436676	4820	166	3.035	0.013	0.07	0.3	1.19	0.11	5.49	0.19	13.32199955	1.190999985	2	290.16971	37.7911611
KIC 2436824	4218	124	2.411	0.009	-0.27	0.3	1.09	0.07	10.79	0.26	32.51200104	3.565000534	2	290.18198	37.7782289
KIC 2437040	4352	80	2.295	0.011	0.34	0.15	1.23	0.1	13.1	0.38	55.26990	5.582176952	1	290.19858	37.79229
KIC 2437240	4638	149	2.561	0.011	0.12	0.3	1.28	0.1	9.83	0.27	31.46800041	4.501000404	2	290.21176	37.7247889
KIC 2437488	4735	153	2.711	0.01	0.01	0.3	1.3	0.09	8.33	0.21	27.93600082	4.354000092	2	290.22916	37.76141
KIC 2437539	4166	125	2.556	0.01	-1.36	0.3	1.25	0.09	9.75	0.24	46.19900131	7.30450058	2	290.23254	37.7085419
KIC 2437589	4185	125	2.548	0.011	-1.26	0.3	1.53	0.12	10.89	0.31	51.42399979	6.319499969	2	290.23633	37.7187389
KIC 2437781	4745	150	2.835	0.009	0.07	0.3	1.29	0.09	7.18	0.17	16.57600021	2.935499668	2	290.25183	37.7878
KIC 2437957	4784	161	2.877	0.009	0.1	0.3	1.23	0.08	6.69	0.16	18.40500069	3.999499798	2	290.2674	37.7729611
KIC 2437976	4663	163	2.847	0.01	0.43	0.3	1.23	0.09	6.92	0.17	16.70400047	2.686999798	2	290.26898	37.7815089
KIC 2438038	4306	125	2.68	0.009	-0.28	0.3	1.07	0.07	7.82	0.18	26.38699913	4.598000526	2	290.27481	37.7993889
KIC 2438470	4599	160	2.715	0.01	0	0.3	1.16	0.09	7.84	0.21	24.10400009	3.846500397	2	290.323	37.7904469
KIC 2439378	4902	80	3.016	0.006	-0.38	0.15	1.03	0.05	5.21	0.09	16.05900002	0.557500362	2	290.5025	37.71764
KIC 2452439	4616	80	2.645	0.009	-0.09	0.15	1.27	0.08	8.87	0.21	34.26499939	1.595500946	2	293.44644	37.77095
KIC 2556475	5226	182	3.073	0.01	-0.34	0.3	1.48	0.11	5.86	0.15	16.7159996	1.027500629	2	286.53223	37.8658489
KIC 2557392	5134	160	3.238	0.009	0.09	0.3	1.4	0.09	4.72	0.11	10.33600044	0.486499786	2	286.83344	37.8559681
KIC 2557441	5044	152	3.309	0.008	-0.21	0.3	1.12	0.07	3.88	0.09	7.573299885	0.203399897	2	286.85049	37.86908
KIC 2557556	4773	143	2.73	0.009	0.24	0.3	1.37	0.09	8.37	0.2	29.38199997	1.961999893	2	286.8829	37.8770481
KIC 2558677	4806	147	2.684	0.009	0	0.3	1.38	0.09	8.84	0.2	25.56999969	1.461999893	2	287.2417	37.8703311
KIC 2570094	4379	125	2.722	0.009	-0.29	0.3	1.15	0.08	7.74	0.18	20.26099968	2.713999748	2	290.24045	37.8170089
KIC 2570244	4730	160	2.93	0.011	0.07	0.3	1.26	0.1	6.38	0.19	10.14599991	0.876850128	2	290.25604	37.8014411
KIC 2570384	4571	80	2.703	0.01	0.36	0.15	1.15	0.08	7.89	0.2	25.4829998	4.340000153	2	290.27521	37.86805
KIC 2570870	5108	166	2.813	0.01	-0.28	0.3	1.3	0.09	7.4	0.18	24.80999947	1.046499252	2	290.34778	37.8342289
KIC 2571668	5207	164	3.197	0.009	-0.37	0.3	1.41	0.1	4.96	0.13	11.90200043	0.540500164	2	290.52328	37.8802681
KIC 2572522	4867	150	2.37	0.011	-0.92	0.3	1.31	0.1	12.39	0.34	53.70399857	3.469999313	2	290.72205	37.8785289
KIC 2576640	4839	151	2.754	0.009	0.01	0.3	1.46	0.1	8.4	0.21	34.73534	5.044562579	1	291.63431	37.8466911
KIC 2578184	4869	145	3.014	0.008	-0.12	0.3	1.17	0.07	5.57	0.12	15.65525	2.142237948	1	291.9498	37.8838389
KIC 2582178	4942	160	2.695	0.009	-0.03	0.3	1.34	0.09	8.6	0.21	39.60941	5.925587353	1	292.82495	37.8660389
KIC 2584997	4936	144	3.189	0.008	0.05	0.3	1.33	0.08	4.86	0.11	12.58820	1.701269356	1	293.44296	37.8031689
KIC 2692629	5181	156	3.247	0.008	-0.38	0.3	1.26	0.08	4.42	0.1	12.63832	1.756333439	1	285.75293	37.9860189
KIC 2696955	4940	172	2.943	0.011	0	0.3	1.86	0.15	7.63	0.21	24.88100052	0.286999702	2	287.14056	37.91021
KIC 2697306	4942	147	3.269	0.009	-0.07	0.3	1.13	0.08	4.08	0.1	8.91501	1.23840638	1	287.24899	37.9225689
KIC 2708445	4170	125	2.66	0.009	-1.37	0.3	1.06	0.07	7.97	0.19	19.2310009	2.682499886	2	290.35684	37.9387589
KIC 2709230	4943	152	2.608	0.01	-0.11	0.3	1.56	0.11	10.26	0.26	56.42190	8.104686713	1	290.55298	37.9700089
KIC 2711035	4964	156	2.62	0.009	-0.19	0.3	1.34	0.09	9.39	0.22	38.16999817	2.591001511	2	290.99667	37.94252
KIC 2712313	4995	159	2.685	0.01	-0.01	0.3	1.5	0.11	9.21	0.24	47.40801	7.045224857	1	291.27908	37.9102519
KIC 2713278	4876	151	2.617	0.011	0.11	0.3	1.49	0.12	9.95	0.27	50.24484	7.334440605	1	291.49063	37.9071811
KIC 2713674	4869	149	2.543	0.009	-0.58	0.3	1.13	0.07	9.41	0.22	36.35300064	2.897499084	2	291.57492	37.9053919
KIC 2715975	5101	164	2.931	0.009	-0.05	0.3	1.36	0.09	6.6	0.15	21.69199944	2.741499901	2	292.09241	37.98484
KIC 2717201	4978	150	2.761	0.009	-0.22	0.3	1.47	0.1	8.37	0.2	31.18700027	2.661499977	2	292.33841	37.9961589
KIC 2718241	4990	156	3.034	0.009	-0.09	0.3	1.5	0.1	6.17	0.15	15.44299984	0.944999695	2	292.56509	37.9024511
KIC 2719701	4965	157	3.066	0.009	-0.11	0.3	1.23	0.08	5.38	0.12	15.79182	2.289466161	1	292.892	37.9066311
KIC 2722473	5164	172	3.235	0.009	-0.01	0.3	1.23	0.08	4.43	0.11	10.53499985	0.689650059	2	293.48221	37.9625211
KIC 2833772	5101	169	2.923	0.009	0	0.3	1.42	0.09	6.82	0.16	19.25699997	0.81499958	2	286.35889	38.0706789
KIC 2834229	4641	136	2.553	0.009	0.44	0.3	1.24	0.08	9.77	0.23	34.57799911	1.859498978	2	286.49924	38.0308989
KIC 2845734	4661	80	2.688	0.007	-0.36	0.15	1.17	0.06	8.12	0.16	27.93952	2.400713502	1	289.89285	38.0712011
KIC 2849057	4768	136	2.616	0.009	-0.04	0.3	1.3	0.09	9.31	0.23	37.5530014	2.199001312	2	290.71027	38.0494611
KIC 2850466	4833	80	2.533	0.008	-0.3	0.15	1.34	0.08	10.39	0.22	56.2179985	5.673999786	2	291.03366	38.08279
KIC 2853354	4992	162	3.014	0.009	0.24	0.3	1.57	0.1	6.46	0.15	23.26772	3.468325332	1	291.63174	38.05975
KIC 2855642	5081	154	3.268	0.009	-0.05	0.3	1.18	0.08	4.19	0.11	10.50547	1.497997798	1	292.11841	38.0195881
KIC 2855771	5171	162	3.132	0.009	-0.34	0.3	1.21	0.08	4.95	0.11	14.23799992	0.873999596	2	292.14648	38.0293619
KIC 2860885	4579	142	2.648	0.009	0.32	0.3	1.38	0.1	9.23	0.24	25.84300041	1.390999794	2	293.22952	38.06728
KIC 2969462	4817	135	2.424	0.012	-0.27	0.3	1.87	0.16	13.91	0.41	93.53009	12.76246669	1	285.67288	38.13681
KIC 2969846	4980	153	2.877	0.009	0.04	0.3	1.5	0.1	7.38	0.17	27.00900078	1.270500183	2	285.79797	38.1800311
KIC 2970784	5190	157	3.056	0.008	-0.31	0.3	1.3	0.08	5.59	0.12	14.65100002	0.501499653	2	286.10056	38.18074
KIC 2971713	5223	159	3.022	0.008	-0.33	0.3	1.17	0.07	5.53	0.12	16.625	0.720499992	2	286.4072	38.1317711
KIC 2972707	4988	151	2.673	0.009	-0.23	0.3	1.21	0.08	8.39	0.19	28.6060009	1.357999802	2	286.75742	38.1788219
KIC 2973469	4887	149	2.562	0.009	-0.39	0.3	1.52	0.1	10.71	0.26	43.92100143	3.288499832	2	287.01035	38.19371
KIC 2974827	5153	158	3.089	0.008	-0.09	0.3	1.22	0.08	5.22	0.12	11.63500023	0.565999985	2	287.43997	38.1707119
KIC 2984775	4982	157	2.834	0.009	-0.35	0.3	1.27	0.09	7.15	0.17	31.43600082	3.111499786	2	290.26996	38.1427689
KIC 2984937	6088	80	3.301	0.007	-0.2	0.15	1.65	0.09	4.75	0.1	9.813899994	0.50399971	2	290.31155	38.1348919
KIC 2985703	5260	80	2.998	0.006	-0.46	0.15	1.43	0.07	6.28	0.11	25.45100021	1.227999687	2	290.50986	38.1992611
KIC 2986324	5029	160	3.112	0.009	0.11	0.3	1.45	0.09	5.55	0.13	17.68899	2.592636054	1	290.66656	38.1360089
KIC 2987297	5262	172	3.151	0.01	-0.06	0.3	1.79	0.13	5.89	0.15	15.64900017	0.429000378	2	290.9035	38.1077689
KIC 2995252	5067	168	2.763	0.01	-0.1	0.3	2.13	0.16	10.04	0.27	59.65702	9.227306866	1	292.65637	38.1999211
KIC 2996738	5206	168	2.959	0.009	-0.56	0.3	1.12	0.08	5.81	0.14	8.713500023	0.644899845	2	292.97665	38.11721
KIC 3003053	5229	181	2.859	0.009	-0.09	0.3	1.49	0.1	7.53	0.18	25.55200005	1.288500786	2	294.29953	38.1145211
KIC 3096636	5143	157	3.105	0.008	-0.25	0.3	1.31	0.08	5.31	0.13	13.90200043	0.514499664	2	285.42493	38.2718889
KIC 3097183	4919	146	2.787	0.009	-0.23	0.3	1.5	0.1	8.2	0.19	33.0320015	2.611999512	2	285.6254	38.2351111
KIC 3097360	5245	159	3.118	0.009	-0.34	0.3	2.3	0.16	6.93	0.17	26.94499969	1.972499847	2	285.69141	38.2503011
KIC 3097819	4799	151	3.115	0.008	0.56	0.3	1.34	0.08	5.32	0.12	13.47773	1.947587154	1	285.87085	38.2798811
KIC 3099759	5076	147	3.254	0.012	-0.43	0.3	1.36	0.12	4.56	0.13	12.39386	1.725014976	1	286.56339	38.2318189
KIC 3099932	4914	148	2.37	0.01	-0.54	0.3	1.25	0.09	12.12	0.31	72.33100128	6.044498444	2	286.62296	38.2486111
KIC 3100164	5116	161	2.883	0.009	-0.04	0.3	1.37	0.09	7.01	0.17	21.31900024	1.002500534	2	286.6976	38.2869489
KIC 3100575	5026	149	2.738	0.008	-0.16	0.3	1.34	0.08	8.19	0.18	26.12599945	1.575500488	2	286.84485	38.2994919
KIC 3102872	4979	155	2.611	0.009	-0.04	0.3	1.34	0.09	9.48	0.22	34.99000168	2.833499908	2	287.65149	38.2001189
KIC 3109620	5111	155	3.142	0.014	-0.28	0.3	1.5	0.15	5.45	0.18	14.31400013	0.733999729	2	289.69165	38.2646711
KIC 3109742	5030	159	2.92	0.009	-0.24	0.3	1.32	0.09	6.59	0.15	24.95935	3.625353085	1	289.7272	38.2166789
KIC 3109900	4946	150	2.536	0.01	-0.26	0.3	1.43	0.1	10.69	0.27	61.39915	8.710238922	1	289.7662	38.2993089
KIC 3111383	4940	80	3.284	0.006	-0.36	0.15	0.99	0.05	3.76	0.07	7.55917	0.614357104	1	290.13971	38.29248
KIC 3111456	5076	158	3.221	0.008	-0.06	0.3	1.3	0.08	4.64	0.1	9.443499565	0.289299965	2	290.15897	38.2074011
KIC 3112064	5044	163	2.892	0.01	-0.1	0.3	1.39	0.1	6.99	0.18	23.5739994	0.812999725	2	290.32178	38.23217
KIC 3113213	4973	155	3.319	0.009	0.16	0.3	1.34	0.09	4.19	0.1	9.64034	1.390367785	1	290.62683	38.2390711
KIC 3113437	5056	157	2.893	0.01	-0.06	0.3	1.65	0.12	7.6	0.19	27.6079998	1.501999855	2	290.68182	38.2606811
KIC 3113818	5006	80	3.267	0.008	0.09	0.15	1.45	0.09	4.64	0.1	12.13919	1.016440483	1	290.77963	38.20467
KIC 3115292	5038	160	3.096	0.008	0.19	0.3	1.39	0.09	5.53	0.12	17.68778	2.5671567	1	291.14551	38.2313611
KIC 3120550	4980	154	2.7	0.009	-0.42	0.3	1.11	0.07	7.81	0.18	32.27899933	2.284000397	2	292.33932	38.2474211
KIC 3123372	4854	151	2.638	0.009	-0.22	0.3	1.35	0.09	9.25	0.23	42.64549	6.172126274	1	293.01538	38.23698
KIC 3129980	5019	163	2.817	0.009	-0.1	0.3	1.65	0.11	8.32	0.2	29.96199989	1.56649971	2	294.45563	38.2698519
KIC 3215815	5021	147	2.903	0.008	-0.47	0.3	1.21	0.07	6.43	0.14	23.59247	3.183485426	1	285.26974	38.3866881
KIC 3215869	4958	146	2.761	0.009	-0.05	0.3	1.64	0.11	8.84	0.21	122.8399963	1.739997864	2	285.29956	38.3597911
KIC 3216334	5242	165	2.995	0.009	0.12	0.3	1.72	0.11	6.9	0.16	32.27578	4.679971683	1	285.47757	38.3221889
KIC 3216736	5015	150	3.091	0.008	-0.25	0.3	1.23	0.08	5.22	0.12	15.47445	2.141961572	1	285.66254	38.31279
KIC 3216802	4589	139	2.699	0.01	-1.84	0.3	0.82	0.06	6.71	0.19	5.979199886	0.604049921	2	285.68552	38.3593789
KIC 3217089	4627	139	2.989	0.009	-1.42	0.3	0.9	0.06	5.02	0.12	10.37041	1.448163976	1	285.78345	38.35088
KIC 3218253	5203	157	3.228	0.009	-0.23	0.3	1.18	0.08	4.37	0.1	12.24499989	0.688499928	2	286.23956	38.3343389
KIC 3218373	4897	153	2.805	0.008	0.4	0.3	1.33	0.08	7.57	0.17	29.58712	4.246304413	1	286.28503	38.3016011
KIC 3219306	5193	154	3.02	0.008	-0.37	0.3	1.27	0.08	5.77	0.13	19.77700043	0.637000084	2	286.63028	38.36499
KIC 3220095	5022	148	2.364	0.013	-0.32	0.3	0.96	0.18	10.65	0.93	64.77338	14.61184963	1	286.92953	38.3093489
KIC 3223038	5092	160	3.357	0.017	0.25	0.3	1.7	0.2	4.53	0.19	12.38627	2.01248402	1	287.97571	38.3917311
KIC 3227969	5129	154	3.052	0.009	-0.44	0.3	1.38	0.09	5.79	0.14	15.57600021	0.847000122	2	289.54199	38.3936389
KIC 3228100	4981	151	2.559	0.009	-0.41	0.3	1.44	0.1	10.43	0.25	45.29000092	3.387500763	2	289.5813	38.3945881
KIC 3228219	5077	153	2.997	0.008	-0.73	0.3	1.09	0.07	5.48	0.12	17.91349	2.481962258	1	289.6109	38.3891789
KIC 3228689	5233	162	2.72	0.011	-0.33	0.3	1.78	0.14	9.64	0.26	62.56732	9.122005748	1	289.72958	38.3220789
KIC 3228728	5050	159	2.713	0.01	-0.17	0.3	1.49	0.1	8.91	0.22	30.34799957	1.943500519	2	289.7377	38.33033
KIC 3229705	5095	153	3.299	0.009	-0.15	0.3	1.38	0.09	4.35	0.11	11.44843	1.610575655	1	289.98825	38.3622511
KIC 3230401	5168	159	3.25	0.009	-0.22	0.3	1.15	0.07	4.22	0.1	9.488499641	0.301949978	2	290.16211	38.39249
KIC 3232412	4864	149	2.656	0.009	0	0.3	1.29	0.09	8.84	0.21	34.01599884	2.897499084	2	290.73605	38.32589
KIC 3235687	5217	164	2.937	0.009	-0.13	0.3	1.34	0.09	6.51	0.15	16.12400055	0.876999378	2	291.60995	38.3949581
KIC 3239348	4887	154	2.644	0.009	0.01	0.3	1.58	0.11	9.91	0.24	31.3239994	2.184500694	2	292.51617	38.3839681
KIC 3239663	4555	80	2.685	0.007	-0.25	0.15	1.09	0.06	7.85	0.15	27.76099968	1.858500481	2	292.59076	38.3751719
KIC 3240866	5066	155	2.96	0.01	-0.43	0.3	1.51	0.11	6.74	0.17	26.86402	3.839513404	1	292.89987	38.3700289
KIC 3241101	4820	146	2.767	0.008	-0.27	0.3	1.12	0.07	7.24	0.16	23.63299942	1.236499786	2	292.95734	38.3035389
KIC 3247146	5005	159	2.735	0.009	-0.42	0.3	1.24	0.08	7.91	0.19	29.40099907	1.087500572	2	294.40665	38.35107
KIC 3326775	5146	155	3.285	0.01	-0.42	0.3	1.08	0.08	3.91	0.1	9.16119957	0.295350075	2	286.71588	38.46489
KIC 3328398	5036	154	2.641	0.009	-0.7	0.3	1.13	0.07	8.4	0.2	40.74666	5.776660808	1	287.33215	38.4327581
KIC 3328620	4936	147	2.604	0.01	-0.19	0.3	1.2	0.09	9.05	0.24	35.15800095	1.933000565	2	287.41187	38.4359889
KIC 3335660	5023	142	3.046	0.008	-0.2	0.3	1.16	0.07	5.36	0.11	13.28499985	0.14950037	2	289.65457	38.4299889
KIC 3337102	5167	165	2.966	0.009	-0.17	0.3	1.4	0.09	6.44	0.15	18.43899918	1.215999603	2	290.04462	38.4460789
KIC 3337589	5141	149	3.235	0.009	-0.3	0.3	1.33	0.09	4.6	0.12	7.996500015	1.205600023	2	290.17941	38.45858
KIC 3344365	5258	155	3.25	0.008	-0.33	0.3	1.64	0.1	5.03	0.11	15.45400047	0.481999874	2	291.98834	38.44025
KIC 3345830	4917	153	2.789	0.009	0	0.3	1.27	0.09	7.52	0.18	21.27799988	0.830500603	2	292.34491	38.43119
KIC 3346725	4919	80	3.046	0.006	-0.06	0.15	1.29	0.06	5.63	0.1	16.66152	1.343849015	1	292.57751	38.4236181
KIC 3352208	4932	80	2.775	0.006	-0.41	0.15	1.38	0.07	7.97	0.16	33.74422	2.798012831	1	293.94427	38.4204789
KIC 3354827	5142	183	3.24	0.009	0.12	0.3	1.35	0.09	4.62	0.11	13.39685	2.178433738	1	294.57291	38.4656489
KIC 3427908	5266	166	3.064	0.009	-0.37	0.3	1.45	0.09	5.86	0.14	15.68299961	0.838999748	2	286.50256	38.5065189
KIC 3428577	5174	163	3.062	0.009	-0.29	0.3	1.2	0.08	5.35	0.12	13.99499989	0.725500107	2	286.76273	38.5326611
KIC 3429803	5237	162	3.226	0.015	-0.33	0.3	1.71	0.19	5.28	0.2	18.82733	2.939464903	1	287.21994	38.5404211
KIC 3430007	5034	154	2.979	0.009	-0.35	0.3	1.21	0.08	5.91	0.13	7.824200153	4.850950003	2	287.29065	38.5026019
KIC 3430471	4858	147	2.607	0.009	-0.32	0.3	1.3	0.08	9.38	0.22	35.42200089	2.035499573	2	287.4697	38.59565
KIC 3430674	4912	150	3.029	0.008	0.2	0.3	1.23	0.08	5.61	0.13	16.44939	2.321396669	1	287.54324	38.57407
KIC 3432568	4598	141	2.648	0.011	-1.9	0.3	0.82	0.06	7.1	0.19	9.961000443	0.191649914	2	288.18631	38.58979
KIC 3432774	4737	140	2.529	0.01	0.04	0.3	1.42	0.1	10.73	0.28	41.88499832	3.624000549	2	288.25296	38.5834689
KIC 3433065	5212	157	3.208	0.008	-0.93	0.3	1.22	0.07	4.56	0.1	13.77647	1.908335346	1	288.34604	38.5594789
KIC 3437461	4927	150	2.549	0.01	-0.45	0.3	1.13	0.08	9.37	0.24	44.34199905	1.620998383	2	289.7113	38.5892181
KIC 3439096	5126	164	2.953	0.009	-0.34	0.3	1.19	0.08	6.02	0.14	19.69799995	1.06400013	2	290.1488	38.5132789
KIC 3440304	5308	169	3.168	0.01	-0.28	0.3	1.63	0.12	5.51	0.14	1.990499973	0.054249942	2	290.49301	38.53265
KIC 3441789	4797	150	2.671	0.009	0.28	0.3	1.49	0.09	9.33	0.21	27.46999931	1.895500183	2	290.94559	38.58939
KIC 3442273	5119	169	3.191	0.01	0.37	0.3	1.6	0.11	5.32	0.13	10.88099957	0.366000175	2	291.0795	38.5055311
KIC 3442818	4837	80	2.839	0.007	0	0.15	1.38	0.07	7.41	0.14	26.98555	2.234745685	1	291.23102	38.5599211
KIC 3443220	5219	163	3.184	0.008	-0.07	0.3	1.35	0.09	4.93	0.11	10.68000031	0.349500179	2	291.33417	38.52108
KIC 3444911	5014	156	2.469	0.012	-0.35	0.3	1.22	0.1	10.66	0.31	47.06000137	2.906999588	2	291.77701	38.5594289
KIC 3447753	4531	80	2.647	0.007	0.25	0.15	1.28	0.07	8.88	0.18	32.39500046	1.864999771	2	292.48663	38.51965
KIC 3448427	5143	175	2.963	0.01	0.02	0.3	1.41	0.1	6.49	0.17	26.45733	4.173211663	1	292.66635	38.5422781
KIC 3454246	4741	145	3.002	0.009	0.02	0.3	1.17	0.08	5.66	0.13	14.53126	2.051318561	1	294.07007	38.5969311
KIC 3454968	4810	168	2.608	0.013	-0.44	0.3	2.48	1.07	12.96	2.76	41.26699829	2.248498917	2	294.24658	38.5662381
KIC 3455336	5046	152	3.254	0.009	-0.61	0.3	1.04	0.07	3.99	0.1	9.460000038	0.215600014	2	294.34348	38.57407
KIC 3456587	5136	176	2.872	0.01	-0.47	0.3	1.3	0.09	6.92	0.17	23.3029995	1.374000549	2	294.63925	38.5040889
KIC 3456843	5138	166	2.941	0.01	-0.19	0.3	1.76	0.12	7.43	0.19	34.54177	5.187569068	1	294.7005	38.5849989
KIC 3458715	5063	162	3.153	0.009	-0.1	0.3	1.5	0.1	5.37	0.12	10.72399998	0.438000202	2	295.09348	38.5107189
KIC 3459233	5144	168	2.901	0.009	-0.51	0.3	1.43	0.1	7.03	0.17	26.43300056	1.822999954	2	295.2106	38.5695611
KIC 3525569	5123	157	3.108	0.008	-0.4	0.3	1.25	0.08	5.17	0.12	12.15400028	0.598999977	2	284.97705	38.6189689
KIC 3527264	4844	148	2.647	0.009	0.12	0.3	1.38	0.09	9.25	0.22	42.29515	5.990778373	1	285.71066	38.6141889
KIC 3528993	5079	154	3.12	0.009	-0.05	0.3	1.67	0.11	5.89	0.14	20.72688	2.915896754	1	286.39914	38.6216811
KIC 3529175	5071	157	3.251	0.009	0.23	0.3	1.33	0.09	4.52	0.1	12.12947	1.723766443	1	286.47046	38.64423
KIC 3530333	4922	148	3.038	0.008	0.11	0.3	1.39	0.09	5.9	0.13	18.34260	2.538148717	1	286.92133	38.60186
KIC 3530520	4760	100	2.469	0.011	0.43	0.15	1.62	0.13	12.29	0.36	69.61809	7.680806786	1	286.98389	38.6575089
KIC 3531478	4945	80	3.294	0.006	0.01	0.15	1.36	0.07	4.36	0.08	10.20537	0.825990436	1	287.33707	38.6407011
KIC 3532849	4879	146	3.103	0.009	-0.07	0.3	1.55	0.1	5.78	0.13	13.27099991	0.701499939	2	287.8638	38.69656
KIC 3533409	5033	149	3.222	0.008	-0.26	0.3	1.07	0.07	4.2	0.09	8.892900467	0.380900383	2	288.08499	38.6880489
KIC 3534077	5196	158	3.289	0.009	-0.21	0.3	1.44	0.1	4.5	0.11	9.892900467	0.440349579	2	288.31461	38.6166111
KIC 3534577	4966	155	2.621	0.01	-0.07	0.3	1.47	0.1	9.81	0.24	41.24000168	2.568500519	2	288.48288	38.6945919
KIC 3542248	5145	162	2.998	0.01	-0.13	0.3	1.47	0.1	6.35	0.16	19.01499939	1.021499634	2	290.7576	38.6152919
KIC 3542426	5000	156	2.533	0.01	-0.11	0.3	1.4	0.1	10.61	0.28	42.26900101	2.973499298	2	290.8129	38.6362111
KIC 3542501	5023	158	2.549	0.01	-0.13	0.3	1.54	0.11	10.9	0.27	37.80500031	3.340501785	2	290.83929	38.6710211
KIC 3544421	5335	172	2.991	0.009	-0.08	0.3	1.42	0.09	6.31	0.15	28.95923	4.302544112	1	291.37097	38.6434519
KIC 3544534	4939	158	2.321	0.011	0.16	0.3	1.23	0.11	12.71	0.45	86.30535	13.60061209	1	291.39963	38.64418
KIC 3546523	5070	151	3.032	0.009	-0.93	0.3	1.06	0.08	5.19	0.16	18.84900093	2.718999863	2	291.92963	38.6173589
KIC 3554253	5028	159	2.812	0.01	-0.26	0.3	1.61	0.11	8.26	0.21	39.14999	5.765322829	1	293.85938	38.6747281
KIC 3558468	4846	80	3.021	0.007	0.03	0.15	1.46	0.08	6.17	0.12	23.55699921	2.735499382	2	294.87012	38.66341
KIC 3558825	5044	153	3.141	0.009	-0.21	0.3	1.41	0.09	5.29	0.12	11.89999962	0.529000282	2	294.94498	38.6113281
KIC 3626141	4965	147	2.572	0.01	-0.41	0.3	1.44	0.1	10.27	0.27	48.75699997	2.378000259	2	284.83405	38.76152
KIC 3627742	4898	151	2.707	0.01	0.15	0.3	1.57	0.11	9.2	0.24	31.47200012	1.897999763	2	285.48737	38.7027211
KIC 3628943	4977	150	2.986	0.008	-0.11	0.3	1.38	0.09	6.25	0.14	21.34199905	1.337499619	2	285.9725	38.7202189
KIC 3630240	5151	80	3.321	0.007	-0.55	0.15	1.31	0.07	4.14	0.08	10.83322	0.862792333	1	286.51709	38.72644
KIC 3631485	5116	154	3.186	0.009	-1.06	0.3	1.07	0.08	4.38	0.12	11.79943	1.684015792	1	286.99045	38.7773281
KIC 3632361	4768	143	2.602	0.009	-0.32	0.3	1.05	0.07	8.48	0.19	31.76099968	1.354500771	2	287.33752	38.7957919
KIC 3632803	5147	156	3.129	0.008	-0.18	0.3	1.55	0.1	5.61	0.12	19.83047	2.754670182	1	287.51151	38.7216111
KIC 3633279	5180	181	3.288	0.012	0	0.3	1.36	0.12	4.38	0.14	11.66899967	0.332499981	2	287.69562	38.7163581
KIC 3634488	4947	80	3.279	0.006	-0.15	0.15	1.15	0.05	4.08	0.07	9.71269989	0.080749989	2	288.1189	38.7918281
KIC 3640486	4825	168	2.576	0.009	-0.38	0.3	1.02	0.07	8.63	0.21	35.64899826	4.313500404	2	289.98831	38.7156031
KIC 3640714	5088	151	3.289	0.009	-0.68	0.3	1.38	0.09	4.41	0.1	11.70189	1.605927024	1	290.05176	38.7077481
KIC 3640776	4882	150	2.476	0.011	-0.3	0.3	1.33	0.11	11.04	0.32	62.16126	9.111755775	1	290.06824	38.7126011
KIC 3643387	4789	142	2.537	0.01	-0.09	0.3	1.36	0.1	10.42	0.26	40.75999832	2.784000397	2	290.83524	38.7128411
KIC 3644159	4977	162	2.998	0.009	0.22	0.3	1.33	0.08	6.05	0.14	20.16377	3.01273222	1	291.05969	38.7372019
KIC 3646814	4763	144	2.494	0.009	0.05	0.3	1.38	0.09	11.02	0.26	43.23699951	2.591499329	2	291.75311	38.73753
KIC 3646855	4888	142	2.586	0.01	-0.48	0.3	1.14	0.08	9.02	0.23	7.478300095	0.513599873	2	291.76584	38.71875
KIC 3647864	4836	150	2.822	0.009	0.15	0.3	1.45	0.09	7.74	0.18	21.68099976	0.929999352	2	292.02359	38.71814
KIC 3648150	4893	151	2.375	0.011	-0.77	0.3	1.51	0.12	13.22	0.36	98.9240036	9.802501678	2	292.09604	38.7442211
KIC 3648674	5135	166	2.929	0.009	-0.02	0.3	1.31	0.08	6.51	0.15	18.77099991	0.730999947	2	292.22275	38.7669789
KIC 3648943	4786	80	2.938	0.007	0.07	0.15	1.43	0.07	6.73	0.13	20.04800034	1.035499573	2	292.29413	38.7875711
KIC 3654753	4900	155	2.897	0.011	0.01	0.3	1.39	0.11	6.96	0.19	25.07225	3.73053122	1	293.78473	38.7134511
KIC 3659407	4854	157	2.968	0.009	0.2	0.3	1.41	0.09	6.44	0.15	20.67099	3.073069658	1	294.88876	38.7299119
KIC 3661507	4843	150	2.877	0.008	0.1	0.3	1.24	0.08	6.72	0.15	17.33799934	0.879500389	2	295.34445	38.7069089
KIC 3661671	5013	158	3.097	0.01	0.02	0.3	1.36	0.1	5.45	0.14	12.39500046	0.461999893	2	295.37564	38.7837181
KIC 3661951	5244	173	3.218	0.009	-0.02	0.3	2.01	0.13	5.77	0.14	22.60440	3.436598789	1	295.43454	38.7705989
KIC 3662494	5008	151	3.045	0.009	-0.83	0.3	1.37	0.09	5.82	0.13	16.62199974	0.619000435	2	295.54138	38.7752611
KIC 3663296	5070	167	3.216	0.009	0.14	0.3	1.58	0.12	5.13	0.15	11.17700005	0.491000175	2	295.69409	38.7932819
KIC 3728689	5041	149	3.295	0.009	-0.15	0.3	1.14	0.07	3.98	0.09	9.18382	1.255424799	1	285.21707	38.8381689
KIC 3733123	4868	146	2.772	0.009	-0.41	0.3	1.08	0.07	7.09	0.16	19.42099953	1.107500076	2	287.03403	38.8631711
KIC 3733676	4763	144	2.937	0.008	-0.5	0.3	0.95	0.06	5.5	0.12	15.64500046	0.609500408	2	287.23505	38.8924789
KIC 3734501	4796	145	3.01	0.008	0.19	0.3	1.33	0.08	5.96	0.13	16.87329	2.343602385	1	287.5589	38.88081
KIC 3742857	4829	151	2.895	0.011	0.31	0.3	1.96	0.15	8.27	0.22	29.32600021	1.407999992	2	290.26639	38.8059619
KIC 3743696	4935	150	2.804	0.009	-0.02	0.3	1.63	0.11	8.37	0.2	37.30698	5.263266846	1	290.5054	38.8941689
KIC 3745772	4918	153	2.785	0.009	0.22	0.3	1.35	0.09	7.79	0.19	31.87275	4.601702919	1	291.12344	38.8194311
KIC 3746005	5035	160	2.886	0.009	0.06	0.3	1.38	0.09	7.01	0.16	18.8560009	1.140999794	2	291.18918	38.82774
KIC 3748585	4615	92	2.551	0.009	0.25	0.15	1.42	0.1	10.46	0.25	44.55954	4.475002059	1	291.8699	38.8026811
KIC 3749018	5091	155	2.971	0.009	-0.37	0.3	1.43	0.09	6.47	0.15	25.24710	3.553686419	1	291.97644	38.8885919
KIC 3751415	5189	170	3.078	0.009	-0.07	0.3	1.22	0.08	5.3	0.12	13.81599998	0.754000187	2	292.64081	38.80217
KIC 3751663	5123	161	2.854	0.009	-0.03	0.3	1.5	0.1	7.6	0.18	35.72030	5.184917175	1	292.70248	38.87009
KIC 3751903	4985	174	2.795	0.012	0.4	0.3	1.54	0.13	8.23	0.24	37.55354	6.144933496	1	292.75772	38.8803711
KIC 3756291	4772	80	2.455	0.009	0.14	0.15	1.16	0.21	10.57	0.95	48.15000153	5.94149971	2	293.83301	38.8968889
KIC 3759814	4952	80	3.231	0.007	-0.11	0.15	1.05	0.06	4.11	0.08	11.95899963	0.156000137	2	294.69275	38.85902
KIC 3763613	4493	157	2.655	0.011	-1.3	0.3	1.25	0.1	8.71	0.24	27.75700	4.511782421	1	295.53699	38.8689189
KIC 3763817	4510	132	2.692	0.01	-1.37	0.3	1.06	0.08	7.69	0.19	6.84070015	0.300250053	2	295.57809	38.85107
KIC 3764079	5078	184	3.027	0.01	-0.1	0.3	1.28	0.09	5.74	0.14	17.8939991	0.997499466	2	295.62546	38.8180011
KIC 3765199	4900	153	2.684	0.012	-0.2	0.3	1.38	0.12	8.85	0.27	26.43400002	1.851499557	2	295.83316	38.8324811
KIC 3765701	4982	157	2.715	0.01	-0.39	0.3	1.59	0.11	9.18	0.23	35.64400101	2.081501007	2	295.92697	38.8771289
KIC 3765758	4951	152	2.805	0.009	-0.17	0.3	1.23	0.08	7.28	0.17	20.9829998	1.106499672	2	295.93762	38.8863489
KIC 3831074	4879	146	2.634	0.009	-0.18	0.3	1.33	0.09	9.19	0.22	42.96797	5.9809188	1	284.71271	38.9170111
KIC 3831440	4993	150	3.044	0.008	-0.66	0.3	1.02	0.06	5.02	0.11	14.52999973	0.434999943	2	284.85162	38.9844211
KIC 3834300	4911	152	2.408	0.01	-0.56	0.3	1.19	0.09	11.29	0.33	50.19900131	4.637998581	2	286.03751	38.90081
KIC 3834856	5043	152	2.95	0.008	-0.33	0.3	1.29	0.08	6.29	0.14	22.97459	3.189551537	1	286.28491	38.9032781
KIC 3835962	4943	148	2.685	0.009	-0.29	0.3	1.48	0.1	9.16	0.22	41.32300186	3.117500305	2	286.74985	38.9794081
KIC 3838162	4869	144	2.924	0.008	-0.06	0.3	1.25	0.07	6.39	0.14	20.60399	2.807406256	1	287.6192	38.9164511
KIC 3839128	5021	157	3.261	0.01	0.21	0.3	1.33	0.1	4.47	0.12	11.40162	1.675458357	1	287.98956	38.9657211
KIC 3839643	4788	144	2.565	0.01	0.04	0.3	1.3	0.1	9.86	0.26	39.6570015	3.703998566	2	288.1825	38.9243581
KIC 3839962	4998	158	2.589	0.01	-0.17	0.3	1.34	0.09	9.74	0.24	32.92300034	2.277000427	2	288.29294	38.9658511
KIC 3842398	5012	152	3.106	0.009	-1.01	0.3	1.15	0.08	4.97	0.13	12.93000031	1.751000404	2	289.09589	38.9098889
KIC 3842536	4814	143	2.416	0.01	-0.31	0.3	1.15	0.08	11.02	0.29	58.55690	8.210804588	1	289.14368	38.9927289
KIC 3842778	5002	149	2.79	0.008	-0.04	0.3	1.23	0.08	7.39	0.16	23.03199959	0.343999863	2	289.22519	38.9720381
KIC 3847096	5040	157	3.086	0.008	0.1	0.3	1.32	0.08	5.44	0.12	13.05500031	0.766499996	2	290.51602	38.9795681
KIC 3848387	5151	169	3.279	0.009	0	0.3	1.27	0.09	4.28	0.1	4.53030014	0.494649887	2	290.90469	38.9653889
KIC 3848440	4804	144	2.7	0.009	-0.06	0.3	1.27	0.09	8.35	0.2	28.7310009	1.382499695	2	290.91791	38.9287111
KIC 3849048	5168	156	3.143	0.009	-0.21	0.3	1.26	0.08	4.98	0.11	15.88325	2.206076971	1	291.09497	38.9830019
KIC 3851182	5055	80	3.274	0.008	-0.53	0.15	1.13	0.07	4.06	0.09	9.66334	0.810919626	1	291.70651	38.9044111
KIC 3851359	4958	154	2.634	0.01	-0.18	0.3	1.34	0.1	9.23	0.24	31.0189991	1.954499245	2	291.75381	38.9119189
KIC 3852476	5291	160	3.225	0.008	-0.29	0.3	1.94	0.12	5.63	0.13	22.30275	3.118904487	1	292.03525	38.9459111
KIC 3853717	4850	139	3.122	0.011	-0.38	0.3	1.18	0.1	4.94	0.16	13.14599991	2.127000332	2	292.36261	38.99408
KIC 3854177	4990	153	2.495	0.012	-0.33	0.3	1.37	0.12	10.96	0.33	39.02000046	2.548000336	2	292.48343	38.9716
KIC 3854607	5248	163	3.181	0.008	-0.07	0.3	1.39	0.09	5.01	0.12	9.686300278	0.879749775	2	292.59201	38.9011189
KIC 3862151	4929	156	2.823	0.009	-0.23	0.3	1.14	0.08	6.87	0.17	25.01147	3.673039871	1	294.4903	38.91106
KIC 3864053	4803	80	2.575	0.008	-0.45	0.15	1.67	0.1	11.05	0.24	43.89199829	2.599000931	2	294.94061	38.9324489
KIC 3865787	4725	139	2.628	0.009	0.09	0.3	1.29	0.08	9.13	0.21	28.46100044	1.422499657	2	295.34442	38.9534989
KIC 3865816	4903	146	3.057	0.008	-0.07	0.3	1.25	0.08	5.49	0.12	15.63806	2.143212225	1	295.35162	38.95261
KIC 3866844	4701	100	2.394	0.025	0.39	0.15	1.06	0.3	10.84	1.34	51.52406	14.53908377	1	295.55478	38.9941789
KIC 3934303	4939	149	2.488	0.019	0.09	0.3	1.59	0.37	11.92	1.23	57.2140007	1.944999695	2	284.58435	39.0956119
KIC 3936801	5038	139	3.267	0.008	-0.29	0.3	1.17	0.07	4.16	0.09	9.831399918	0.084899902	2	285.61237	39.0516589
KIC 3937067	5131	157	2.776	0.009	-0.57	0.3	1.57	0.11	8.48	0.2	37.02799988	1.996500015	2	285.73489	39.0525019
KIC 3937513	5075	149	2.903	0.009	-0.42	0.3	1.33	0.09	6.75	0.16	23.66500092	0.981500626	2	285.92734	39.0027889
KIC 3937995	4773	141	2.668	0.008	-0.11	0.3	1.17	0.07	8.29	0.19	32.02324	4.382721971	1	286.1279	39.04607
KIC 3938211	4865	147	2.762	0.009	0.08	0.3	1.24	0.08	7.69	0.17	29.74230	4.135075501	1	286.21158	39.0090711
KIC 3941607	5139	159	2.848	0.009	-0.1	0.3	2.08	0.14	9	0.22	50.72126	7.289748953	1	287.55637	39.0743411
KIC 3942087	4680	141	3.268	0.009	-1.32	0.3	0.71	0.05	3.24	0.08	7.9854002	0.449550152	2	287.75452	39.01054
KIC 3943270	4798	142	2.608	0.009	-0.69	0.3	1.09	0.07	8.59	0.19	35.10895	4.792105246	1	288.18893	39.0303919
KIC 3946610	4755	134	2.617	0.01	0.17	0.3	1.4	0.1	9.64	0.24	42.65272	5.670356903	1	289.25436	39.0508
KIC 3951710	4898	143	3.077	0.008	-0.35	0.3	1.26	0.07	5.38	0.11	14.95651	1.999159796	1	290.75143	39.06356
KIC 3953292	4876	145	2.642	0.008	-0.25	0.3	1.25	0.08	8.86	0.2	31.45199966	1.612000465	2	291.23029	39.0470011
KIC 3954713	4565	159	2.434	0.011	0.04	0.3	1.07	0.09	10.39	0.29	42.09056	6.833397184	1	291.63022	39.06559
KIC 3955033	4849	146	2.936	0.008	0.14	0.3	1.39	0.09	6.65	0.15	18.36700058	0.979999542	2	291.7113	39.0503881
KIC 3955067	4793	145	2.436	0.01	-0.44	0.3	1.06	0.07	10.3	0.25	50.28099823	4.329999924	2	291.71884	39.0482411
KIC 3955975	4688	164	2.949	0.011	-1.41	0.3	0.84	0.07	5.1	0.16	5.024700165	0.500499964	2	291.9566	39.0469819
KIC 3958163	4878	140	3.108	0.009	-0.31	0.3	1.16	0.08	4.97	0.12	12.55655	1.687682008	1	292.50836	39.07098
KIC 3963194	4850	139	3.113	0.008	-0.38	0.3	1.09	0.06	4.79	0.1	11.39800	1.501855994	1	293.81018	39.0850789
KIC 3963517	4920	151	2.862	0.009	-0.15	0.3	1.39	0.09	7.22	0.16	23.67399979	0.987500191	2	293.88852	39.06712
KIC 3963557	4666	80	3.121	0.007	-1.32	0.15	0.7	0.03	3.82	0.07	12.47799969	0.43200016	2	293.89832	39.0632019
KIC 3964211	4973	161	3.016	0.01	0.15	0.3	1.44	0.11	6.18	0.16	20.97207	3.160450082	1	294.06107	39.04874
KIC 3967739	4690	143	2.479	0.017	-0.2	0.3	1.09	0.13	9.94	0.41	42.91950	6.792447783	1	294.939	39.02459
KIC 3968137	4596	80	3.22	0.01	0.27	0.15	0.82	0.06	3.68	0.09	8.156700134	0.160400391	2	295.03366	39.0387381
KIC 3972114	4979	146	2.947	0.009	-0.44	0.3	1.42	0.09	6.64	0.15	26.29299927	1.104999542	2	295.83136	39.00808
KIC 3972205	5072	149	2.673	0.009	-0.54	0.3	1.29	0.09	8.68	0.22	44.76586	6.182175979	1	295.85214	39.0738411
KIC 3972960	4798	148	2.743	0.009	-0.2	0.3	1.32	0.09	8.08	0.19	27.87100029	2.092499733	2	295.99423	39.0971981
KIC 3973933	5008	153	3.082	0.01	-0.33	0.3	1.18	0.1	5.18	0.17	14.73600006	0.909999847	2	296.17612	39.0276111
KIC 3974555	4636	80	2.893	0.007	0.1	0.15	1.2	0.06	6.49	0.13	17.46842	1.512784605	1	296.28851	39.0300711
KIC 3974739	4531	133	2.674	0.009	-0.01	0.3	1.24	0.08	8.48	0.21	27.21188	3.742535036	1	296.32104	39.0783619
KIC 3974928	4884	146	3.003	0.011	-0.52	0.3	1.34	0.1	6.04	0.16	18.63661	2.630001721	1	296.35797	39.0785789
KIC 4040738	4877	147	2.606	0.009	-0.27	0.3	1.25	0.09	9.22	0.23	37.11399841	1.740999222	2	286.37717	39.1729319
KIC 4042300	4838	80	2.659	0.008	0.07	0.15	1.92	0.11	10.73	0.23	47.88199997	0.742998123	2	286.96994	39.1742711
KIC 4042882	4871	144	3.277	0.008	0.01	0.3	1.01	0.06	3.82	0.08	7.900599957	0.148449898	2	287.19983	39.1325
KIC 4049152	5088	153	2.637	0.01	-0.37	0.3	1.61	0.11	10.1	0.25	47.30899811	3.361000061	2	289.32532	39.1388589
KIC 4049944	5112	178	3.262	0.009	-0.1	0.3	1.33	0.09	4.48	0.11	10.6260004	0.177500248	2	289.55914	39.14706
KIC 4056579	4917	149	3.065	0.008	0.15	0.3	1.24	0.08	5.41	0.12	15.35981	2.14180501	1	291.40619	39.1842919
KIC 4056749	4824	149	2.655	0.009	-0.05	0.3	1.2	0.08	8.54	0.2	35.45973	5.061527146	1	291.45624	39.1744381
KIC 4058403	5013	153	2.64	0.013	-0.23	0.3	1.88	0.18	10.87	0.37	66.99470	10.08614406	1	291.90884	39.1688919
KIC 4060043	4903	152	2.686	0.009	-0.06	0.3	1.39	0.09	8.85	0.21	40.63728	5.828895621	1	292.30743	39.1987689
KIC 4060121	4715	80	2.658	0.007	-0.38	0.15	1.01	0.05	7.81	0.15	34.54700089	2.402000427	2	292.32791	39.1934089
KIC 4060785	4974	158	2.672	0.009	-0.92	0.3	1.36	0.09	8.91	0.22	35.85300064	3.090499878	2	292.49146	39.19767
KIC 4064273	4693	140	2.572	0.009	-0.07	0.3	1.23	0.09	9.53	0.24	32.55400085	2.576999664	2	293.38751	39.1994711
KIC 4064296	4793	145	2.71	0.009	-0.34	0.3	1.28	0.08	8.29	0.19	29.13699913	1.741499901	2	293.3931	39.19915
KIC 4066074	4872	80	2.926	0.006	-0.48	0.15	1.04	0.05	5.8	0.1	17.01671	1.373631451	1	293.84671	39.1796489
KIC 4073309	4794	148	2.751	0.015	-0.32	0.3	1.58	0.16	8.77	0.31	34.88499832	2.573501587	2	295.53302	39.18745
KIC 4074421	4785	144	2.474	0.009	-0.17	0.3	1.62	0.11	12.22	0.3	70.28469	9.865052387	1	295.7482	39.1862181
KIC 4075816	4828	157	2.551	0.009	-0.76	0.3	1.15	0.08	9.4	0.22	43.10377	6.442623318	1	296.02753	39.1607889
KIC 4077837	4804	80	2.958	0.007	0.05	0.15	1.46	0.08	6.65	0.13	21.14686	1.774376795	1	296.41809	39.11726
KIC 4078024	4130	82	2.665	0.012	0	0.15	1.06	0.09	7.95	0.24	16.50916	1.773737275	1	296.45447	39.1602519
KIC 4078266	4935	160	2.705	0.01	-0.2	0.3	1.2	0.09	8.05	0.22	28.19499969	1.984000206	2	296.50262	39.1905589
KIC 4079504	5120	165	2.976	0.009	-0.24	0.3	1.74	0.12	7.1	0.17	31.10191	4.623006811	1	296.72897	39.1979789
KIC 4135564	5091	153	3.248	0.009	0.05	0.3	1.2	0.08	4.31	0.1	8.431799889	0.190099716	2	284.53705	39.2546389
KIC 4139632	4884	146	3.304	0.008	0.36	0.3	1.33	0.08	4.26	0.09	9.27070	1.270207341	1	286.00592	39.2468111
KIC 4141488	4812	80	3.284	0.006	0.17	0.15	1.05	0.05	3.87	0.07	7.20966	0.593436234	1	286.73813	39.2267
KIC 4144873	4684	80	2.606	0.008	-0.21	0.15	1.08	0.07	8.57	0.19	31.74094	2.802320179	1	288.03705	39.2089881
KIC 4147838	5008	156	2.499	0.011	-0.12	0.3	1.2	0.1	10.23	0.3	59.10158	8.780900885	1	288.97406	39.2958789
KIC 4147928	4911	80	3.234	0.006	0.05	0.15	1.36	0.07	4.66	0.09	10.7329998	0.365999699	2	288.99643	39.23447
KIC 4147993	4890	80	3.265	0.006	0.36	0.15	1.43	0.07	4.61	0.08	10.91008	0.879438517	1	289.01443	39.24369
KIC 4149468	4694	80	3.301	0.007	0.29	0.15	1.21	0.06	4.07	0.08	7.206399918	0.348399878	2	289.44177	39.2250711
KIC 4155571	4579	160	2.291	0.012	-0.28	0.3	1.47	0.13	14.36	0.43	81.39205	13.38185735	1	291.09854	39.2400631
KIC 4155672	4900	158	2.705	0.009	-1.06	0.3	1	0.07	7.34	0.17	29.05699921	2.043999672	2	291.12253	39.25922
KIC 4156189	4932	153	2.615	0.009	-0.44	0.3	1.3	0.09	9.31	0.22	33.61700058	2.511499405	2	291.27573	39.2169689
KIC 4158018	5036	163	2.717	0.009	-0.46	0.3	1.21	0.08	7.97	0.19	30.06800079	1.778000832	2	291.73096	39.27515
KIC 4165711	4994	157	2.743	0.009	-0.31	0.3	1.37	0.09	8.23	0.18	26.79599953	2.125999451	2	293.51956	39.2283211
KIC 4166240	4756	80	3.233	0.006	-0.09	0.15	0.97	0.05	3.94	0.07	8.211799622	0.210950136	2	293.62903	39.2837489
KIC 4169603	5138	80	3.249	0.013	-0.28	0.15	1.29	0.12	4.46	0.14	12.99400043	0.440999985	2	294.40363	39.2404589
KIC 4169773	4823	80	3.076	0.008	0.01	0.15	1.4	0.08	5.68	0.12	18.28800011	0.571499825	2	294.43652	39.2749711
KIC 4172148	4999	155	3.108	0.009	-0.65	0.3	1.4	0.09	5.48	0.13	18.72100067	0.732999802	2	294.96893	39.2298811
KIC 4173334	4899	80	3.008	0.008	0.25	0.15	1.66	0.09	6.69	0.14	23.14582	1.949935549	1	295.23581	39.2283289
KIC 4241238	4950	143	3.2	0.008	-0.19	0.3	1.19	0.07	4.53	0.1	9.462599754	0.28949976	2	284.63876	39.3551789
KIC 4242737	4844	143	2.595	0.009	-0.41	0.3	1.61	0.1	10.6	0.24	60.21900177	5.937002182	2	285.16254	39.3973081
KIC 4247970	4791	145	2.732	0.008	-0.54	0.3	1.24	0.08	7.94	0.18	29.82196	4.164287407	1	287.23181	39.3493389
KIC 4252848	4909	147	3.01	0.009	-0.98	0.3	0.95	0.06	5.06	0.12	16.86700058	2.573999882	2	288.92728	39.3637889
KIC 4253540	5004	156	2.784	0.009	0	0.3	1.6	0.1	8.48	0.2	38.81800079	6.832000732	2	289.13669	39.30949
KIC 4254983	4927	156	3.283	0.01	0.32	0.3	1.46	0.11	4.57	0.13	11.04977	1.655971543	1	289.57275	39.3343581
KIC 4261057	4777	142	2.607	0.009	-0.21	0.3	1.37	0.09	9.63	0.23	43.35748	5.998329243	1	291.26257	39.3787311
KIC 4261242	4923	150	2.945	0.009	-0.05	0.3	1.56	0.1	6.97	0.16	16.10899925	0.589000225	2	291.31168	39.37492
KIC 4261808	4740	144	2.45	0.01	0.04	0.3	1.28	0.09	11.15	0.29	56.34477	8.03915664	1	291.45706	39.33831
KIC 4263878	4974	155	2.589	0.009	-0.85	0.3	1.25	0.08	9.39	0.23	33.68199921	2.747000694	2	291.96436	39.3771289
KIC 4265434	4814	80	2.909	0.006	-0.2	0.15	1.1	0.05	6.11	0.11	18.0890007	0.697500229	2	292.32861	39.3361819
KIC 4265786	4901	147	3.028	0.008	-0.69	0.3	1.05	0.06	5.21	0.11	12.95300007	1.724999905	2	292.41391	39.3556789
KIC 4268898	5002	152	2.874	0.009	-0.23	0.3	1.54	0.1	7.51	0.17	25.68199921	1.465000153	2	293.19446	39.32925
KIC 4269534	4814	144	2.639	0.008	-0.02	0.3	1.47	0.09	9.61	0.22	29.77799988	1.891500473	2	293.35709	39.3659589
KIC 4270132	5253	80	3.234	0.007	-0.35	0.15	1.91	0.11	5.52	0.12	18.25399971	0.855999947	2	293.49823	39.3826711
KIC 4273491	4963	80	2.77	0.009	-0.02	0.15	3.24	0.22	12.29	0.29	82.27566	7.127982297	1	294.28055	39.3737911
KIC 4274536	5168	159	3.258	0.01	-0.4	0.3	1.25	0.09	4.35	0.11	11.10900021	0.284999847	2	294.50531	39.3991889
KIC 4274601	4786	80	3.117	0.006	0.29	0.15	1.17	0.06	4.96	0.09	11.58897	0.95841914	1	294.5206	39.3874889
KIC 4279009	4825	80	3.269	0.006	0.19	0.15	1.12	0.05	4.06	0.07	8.02106	0.652243916	1	295.48236	39.32671
KIC 4282478	4858	158	2.633	0.015	-0.14	0.3	1.29	0.14	9.08	0.35	6.917099953	0.406849861	2	296.16296	39.38549
KIC 4283801	5048	151	3.279	0.009	-0.17	0.3	1.33	0.09	4.38	0.1	11.18449	1.54695983	1	296.41446	39.3748889
KIC 4346908	5137	152	3.191	0.008	-0.27	0.3	1.3	0.08	4.79	0.1	11.44499969	0.427000046	2	285.60245	39.4175911
KIC 4347652	4965	80	3.322	0.009	0.04	0.15	1.51	0.09	4.44	0.1	10.75557	0.917705109	1	285.90732	39.4062611
KIC 4349710	4801	145	2.547	0.009	-0.24	0.3	1.02	0.07	8.93	0.21	38.03823	5.325574696	1	286.74051	39.40361
KIC 4354760	5053	154	3.088	0.008	-0.6	0.3	1.31	0.08	5.42	0.12	15.80099964	0.575500011	2	288.6282	39.4832
KIC 4355057	4955	149	2.98	0.008	-0.38	0.3	1.14	0.07	5.72	0.12	15.28199959	0.473999977	2	288.73181	39.40913
KIC 4355484	5126	159	2.965	0.008	-0.23	0.3	1.35	0.08	6.35	0.14	24.99496	3.556792098	1	288.86209	39.4810411
KIC 4356456	4950	149	2.911	0.009	-0.53	0.3	1.27	0.08	6.53	0.15	22.98464	3.199147887	1	289.14752	39.47509
KIC 4356490	4734	136	3.076	0.008	0.2	0.3	1.23	0.07	5.33	0.11	12.81026	1.68937645	1	289.15997	39.4697489
KIC 4357362	4894	80	3.16	0.007	-0.05	0.15	1.6	0.08	5.52	0.1	15.77499962	0.768500328	2	289.43063	39.4994011
KIC 4357381	4896	152	2.619	0.009	-1.07	0.3	0.99	0.07	8.09	0.2	33.76395	4.874360803	1	289.43698	39.4986989
KIC 4358853	4857	148	2.563	0.009	-0.59	0.3	1.19	0.08	9.45	0.23	35.80899811	2.159500122	2	289.83517	39.4193119
KIC 4359582	5228	158	3.177	0.012	-0.44	0.3	1.97	0.17	5.99	0.18	16.91200066	1.020500183	2	290.01654	39.4836881
KIC 4365132	4769	142	2.885	0.008	0.08	0.3	1.28	0.08	6.75	0.15	21.15960	2.905321112	1	291.60468	39.41283
KIC 4365782	4927	166	2.667	0.011	0.16	0.3	1.34	0.1	8.9	0.25	29.09300041	2.016999245	2	291.7879	39.4177089
KIC 4366888	4974	174	3.101	0.01	-0.06	0.3	1.45	0.1	5.62	0.14	13.18999958	1.045499802	2	292.10165	39.4122089
KIC 4367648	4873	153	2.826	0.009	0.01	0.3	1.22	0.08	7.06	0.16	25.23397	3.641257969	1	292.31888	39.46833
KIC 4370590	4643	80	2.717	0.007	-0.26	0.15	1.07	0.06	7.5	0.15	26.35899925	1.385499954	2	293.07779	39.4625819
KIC 4371602	4898	171	2.925	0.013	-0.49	0.3	1.31	0.12	6.53	0.22	22.03393	3.690377773	1	293.33023	39.4033889
KIC 4371615	4947	80	2.799	0.008	0.08	0.15	2.15	0.13	9.66	0.21	43.70299911	0.826499939	2	293.33298	39.4071311
KIC 4381519	5009	100	2.935	0.009	-0.07	0.15	1.94	0.12	7.87	0.18	35.00613	3.481590172	1	295.58197	39.4031111
KIC 4385568	4760	148	2.781	0.009	-0.67	0.3	1.29	0.09	7.64	0.19	26.90327	3.892076871	1	296.34158	39.4235119
KIC 4385644	4869	157	2.929	0.009	-0.85	0.3	1.26	0.08	6.38	0.15	20.68400002	1.1875	2	296.35837	39.42028
KIC 4443364	4806	142	2.913	0.008	0.14	0.3	1.32	0.09	6.65	0.16	14.78100014	0.400000095	2	284.01184	39.5982819
KIC 4445966	4944	80	3.347	0.015	0	0.15	1.42	0.15	4.18	0.16	9.37253	1.008865619	1	285.21396	39.5043911
KIC 4445989	4952	80	3.314	0.007	0.14	0.15	1.3	0.07	4.15	0.08	9.29842	0.760834891	1	285.22214	39.5428811
KIC 4448777	5044	149	3.263	0.008	0.12	0.3	1.22	0.07	4.27	0.09	10.59611	1.436002605	1	286.46262	39.5114589
KIC 4454486	5119	159	3.109	0.009	-0.08	0.3	1.61	0.11	5.86	0.14	14.47000027	4.804999352	2	288.66315	39.5082019
KIC 4454505	4853	80	2.881	0.006	-0.51	0.15	1.11	0.05	6.33	0.11	20.39699936	1.048500061	2	288.66794	39.56274
KIC 4455762	4967	80	3.236	0.006	0.16	0.15	1.4	0.07	4.73	0.09	11.16300011	0.345499992	2	289.07648	39.5318719
KIC 4457632	4944	80	2.97	0.006	0.01	0.15	1.48	0.07	6.6	0.12	23.36642	1.887497848	1	289.63065	39.5998381
KIC 4457852	5284	160	3.257	0.012	-0.2	0.3	1.54	0.13	4.83	0.14	13.7869997	0.416500092	2	289.68826	39.5430789
KIC 4458118	5134	156	3.24	0.009	-0.03	0.3	1.19	0.08	4.34	0.1	9.088199615	0.388999939	2	289.75784	39.5599711
KIC 4459331	5119	153	3.204	0.008	-0.35	0.3	1.13	0.07	4.41	0.09	8.87539959	0.379600048	2	290.09277	39.5311011
KIC 4459359	4798	80	3.296	0.006	0.45	0.15	1.21	0.06	4.09	0.07	7.95936	0.649026636	1	290.1008	39.5148089
KIC 4465516	4903	146	3.229	0.008	0.05	0.3	1.14	0.07	4.29	0.09	7.716199875	0.287050009	2	291.94534	39.5502889
KIC 4469204	4767	80	3.089	0.006	-0.46	0.15	0.96	0.05	4.63	0.08	9.93878	0.816005732	1	292.96515	39.5683589
KIC 4469317	5171	166	2.853	0.009	-0.98	0.3	1.1	0.07	6.5	0.15	29.11100006	0.838999748	2	292.99023	39.5375519
KIC 4469756	5165	80	2.802	0.007	-1.54	0.15	1	0.05	6.57	0.12	38.1269989	2.98800087	2	293.10114	39.5867389
KIC 4470665	5112	159	3.231	0.009	0.07	0.3	1.44	0.1	4.82	0.11	10.40799999	0.409600258	2	293.34317	39.5011289
KIC 4472729	4861	80	3.254	0.006	0.08	0.15	1.08	0.05	4.07	0.07	8.30389	0.67111519	1	293.86554	39.5526081
KIC 4473473	4688	134	2.39	0.009	-0.09	0.3	1.8	0.12	14.18	0.35	78.05799866	1.479000092	2	294.04752	39.59108
KIC 4473653	5228	175	3.038	0.009	-0.47	0.3	1.12	0.08	5.3	0.14	18.39100075	0.731500626	2	294.09293	39.50182
KIC 4473919	4890	80	2.674	0.016	-0.54	0.15	1.19	0.19	8.32	0.57	35.53633	5.755201099	1	294.15903	39.5388911
KIC 4474696	4550	129	2.694	0.009	-0.23	0.3	1.17	0.08	8.05	0.19	5.126399994	0.305700064	2	294.35413	39.5524219
KIC 4475643	5013	80	2.95	0.006	-0.74	0.15	1	0.05	5.54	0.1	20.52599907	0.967000008	2	294.59665	39.5195881
KIC 4477337	4802	80	3.164	0.006	0.14	0.15	1.31	0.06	4.97	0.09	11.79212	0.972371995	1	295.00198	39.50444
KIC 4479806	4510	100	2.61	0.008	0.01	0.3	1.11	0.07	8.66	0.19	34.84799957	2.196500778	2	295.55896	39.5843011
KIC 4481144	4848	100	2.931	0.008	-0.48	0.3	1.52	0.09	6.98	0.15	24.16305	2.429694922	1	295.82578	39.51498
KIC 4481666	4835	100	2.785	0.009	-0.35	0.3	1.33	0.08	7.73	0.17	29.31807	2.968410806	1	295.93518	39.5600319
KIC 4482016	4857	100	3.315	0.007	-0.06	0.3	1.07	0.06	3.77	0.08	9.193900108	0.740000248	2	295.99991	39.56377
KIC 4482917	4690	100	2.736	0.026	-0.76	0.3	1.26	0.23	7.96	0.5	27.52378	4.45961696	1	296.17465	39.541
KIC 4489185	5012	151	2.892	0.008	-0.38	0.3	1.33	0.08	6.84	0.15	26.50617	3.672206252	1	297.42749	39.5301819
KIC 4540698	4847	144	2.885	0.008	0.28	0.3	1.35	0.08	6.93	0.15	23.79847	3.251284338	1	284.0824	39.6965411
KIC 4544082	5030	147	3.009	0.008	-0.26	0.3	1.12	0.07	5.48	0.12	15.44099998	0.619999886	2	285.6622	39.60593
KIC 4552411	5067	153	2.898	0.008	-0.23	0.3	1.59	0.1	7.42	0.16	25.63500023	1.356499672	2	289.01532	39.6477581
KIC 4554198	4826	80	3.018	0.007	-0.05	0.15	1.44	0.07	6.16	0.11	18.47997	1.513594242	1	289.54355	39.60812
KIC 4554780	4988	153	2.636	0.01	-0.11	0.3	1.35	0.09	9.23	0.23	28.43199921	1.802000046	2	289.6987	39.6914481
KIC 4554981	4487	80	2.363	0.008	-0.34	0.15	0.95	0.06	10.63	0.23	41.12267	3.716493876	1	289.75397	39.62299
KIC 4557046	4956	80	3.148	0.006	-0.62	0.15	1.03	0.05	4.48	0.09	11.14999962	0.42650032	2	290.29904	39.6671219
KIC 4566045	4753	143	2.638	0.009	-0.18	0.3	1.31	0.09	9.1	0.22	28.34300041	1.795000076	2	292.94183	39.6179389
KIC 4567173	5182	166	2.89	0.009	-0.02	0.3	2.14	0.14	8.69	0.2	48.88996	7.195792871	1	293.25345	39.66375
KIC 4567191	4897	151	2.612	0.009	-0.41	0.3	1.33	0.09	9.45	0.22	31.6079998	1.787000656	2	293.25699	39.6078111
KIC 4567430	4837	145	3.023	0.009	-1.82	0.3	0.94	0.06	4.94	0.12	15.76599979	1.994500637	2	293.31577	39.6267011
KIC 4568343	5081	164	3.124	0.008	0.09	0.3	1.43	0.09	5.43	0.12	17.64359	2.603611582	1	293.54626	39.6272389
KIC 4568771	4874	150	3.049	0.01	-1.11	0.3	1.02	0.08	5	0.14	5.532400131	0.260050058	2	293.65417	39.6289289
KIC 4571235	4899	157	2.599	0.012	0.04	0.3	1.34	0.13	9.62	0.36	36.81200027	3.095001221	2	294.26541	39.6065219
KIC 4571448	4891	80	3.262	0.006	0.21	0.15	1.25	0.06	4.32	0.08	9.58846	0.783971582	1	294.31982	39.6473389
KIC 4571777	4834	160	2.738	0.011	0.19	0.3	1.38	0.11	8.3	0.26	33.77328	5.340077001	1	294.40411	39.6614
KIC 4572371	4864	151	2.574	0.009	-0.14	0.3	1.59	0.11	10.78	0.26	56.65800095	5.511499405	2	294.55429	39.64217
KIC 4574876	4907	157	2.583	0.01	-0.49	0.3	1.36	0.1	9.89	0.27	51.58200073	5.083000183	2	295.12491	39.6041911
KIC 4575766	4888	100	3.154	0.007	0.3	0.3	1.27	0.07	4.94	0.1	12.50746	1.234994461	1	295.32999	39.6829411
KIC 4586384	4989	167	3.026	0.009	-0.44	0.3	1.31	0.09	5.82	0.14	18.84042	2.899461668	1	297.46777	39.6245381
KIC 4588755	5106	165	3.195	0.009	-0.02	0.3	1.46	0.1	5.05	0.12	15.56312	2.316977612	1	297.88907	39.6757581
KIC 4633774	4855	137	3.133	0.009	-0.15	0.3	1.02	0.07	4.53	0.11	10.54500008	1.472149849	2	284.13409	39.7435419
KIC 4638467	4879	145	3.278	0.008	0.08	0.3	1.14	0.07	4.05	0.09	8.34495	1.143874511	1	286.24783	39.7757419
KIC 4643982	4409	131	2.985	0.008	-1.37	0.3	0.89	0.05	5.02	0.11	12.45499992	1.113999844	2	288.47781	39.7075811
KIC 4645789	4925	149	2.706	0.009	-0.87	0.3	1.18	0.07	7.98	0.18	31.84300041	2.150499344	2	289.06601	39.7646411
KIC 4646477	4917	80	3.313	0.007	0.11	0.15	1.3	0.06	4.17	0.08	8.986700058	0.127300262	2	289.28076	39.7414089
KIC 4647569	5127	165	2.46	0.011	-0.21	0.3	1.41	0.11	11.56	0.34	82.90094	12.66538296	1	289.61707	39.7941819
KIC 4648207	4805	141	2.657	0.008	-0.22	0.3	1.3	0.08	8.86	0.2	27.58099937	1.994000435	2	289.80728	39.7027089
KIC 4649441	5092	155	3.221	0.008	-0.04	0.3	1.28	0.08	4.6	0.1	12.77203	1.784181313	1	290.13785	39.7540511
KIC 4650936	5232	161	3.21	0.008	-0.08	0.3	1.43	0.09	4.91	0.11	11.14000034	0.352000237	2	290.55701	39.71999
KIC 4651399	4784	146	2.453	0.011	-1.01	0.3	0.96	0.07	9.61	0.26	5.993700027	0.328099966	2	290.70056	39.7996789
KIC 4655788	4544	133	2.494	0.01	-0.62	0.3	1.04	0.08	9.55	0.25	34.91006	4.830209546	1	292.03159	39.7012481
KIC 4658665	4822	144	2.611	0.009	-0.2	0.3	1.65	0.11	10.53	0.24	52.86500168	4.61700058	2	292.89355	39.70668
KIC 4659706	4683	100	2.486	0.016	0.41	0.15	2.22	0.25	14.08	0.55	85.60369	10.62753168	1	293.16898	39.77607
KIC 4660930	5251	173	3.154	0.009	-0.03	0.3	1.6	0.1	5.54	0.13	20.94972	3.169444515	1	293.49561	39.73267
KIC 4661554	4854	149	2.629	0.009	-0.03	0.3	1.34	0.09	9.29	0.22	27.12800026	1.17650032	2	293.66052	39.7221411
KIC 4661995	4592	80	2.643	0.007	0.18	0.15	1.13	0.06	8.41	0.16	28.23515	2.433347729	1	293.78024	39.7536511
KIC 4662555	5026	80	3.261	0.006	0.08	0.15	1.52	0.07	4.78	0.09	13.08990	1.053633026	1	293.92706	39.7804911
KIC 4662931	5022	170	2.816	0.01	0.1	0.3	1.51	0.12	7.95	0.23	27.00300026	1.515500069	2	294.01392	39.77182
KIC 4663394	5186	171	2.907	0.009	-0.15	0.3	1.71	0.12	7.63	0.18	37.80678	5.727309009	1	294.13702	39.77837
KIC 4663813	4908	146	3.127	0.008	0.01	0.3	1.22	0.07	5	0.11	13.02413	1.78467694	1	294.24835	39.7022211
KIC 4664716	5151	165	3.097	0.009	-0.01	0.3	1.32	0.08	5.38	0.12	18.29453	2.683573739	1	294.45764	39.7220919
KIC 4670253	4909	100	3.234	0.012	0.32	0.3	1.61	0.16	5.07	0.2	13.40228	1.630063731	1	295.71332	39.7345581
KIC 4672129	4681	100	2.994	0.008	-0.54	0.3	0.87	0.05	4.93	0.12	10.47705	1.111991717	1	296.10486	39.7284389
KIC 4680467	4994	158	3.126	0.011	-0.49	0.3	1.7	0.13	5.9	0.16	20.43300056	1.035499573	2	297.72394	39.7305411
KIC 4725874	4894	148	2.658	0.009	0.09	0.3	1.43	0.1	9.28	0.23	44.35498	6.260212383	1	283.9585	39.84832
KIC 4726049	5003	80	3.312	0.007	-0.09	0.15	1.32	0.07	4.2	0.08	9.35890007	0.117400169	2	284.03543	39.87534
KIC 4726675	4938	145	2.764	0.008	-0.33	0.3	1.16	0.07	7.41	0.16	27.59499931	1.458499908	2	284.32993	39.8723111
KIC 4726902	4902	142	3.255	0.009	-2.44	0.3	0.9	0.06	3.7	0.09	7.09720	0.962571675	1	284.42828	39.8328089
KIC 4730648	4898	148	3.044	0.008	-0.77	0.3	0.98	0.06	4.92	0.11	12.50823	1.741300929	1	286.19919	39.8601681
KIC 4731138	4973	80	3.271	0.006	-0.34	0.15	1.06	0.05	3.95	0.07	9.61839962	0.078950405	2	286.41833	39.87635
KIC 4735830	5064	158	3.033	0.009	-0.28	0.3	1.46	0.1	6.09	0.14	21.89777	3.147098356	1	288.39648	39.8644489
KIC 4736439	5156	170	2.616	0.009	-1.27	0.3	1.04	0.07	8.31	0.2	43.81716	6.652099475	1	288.61954	39.85696
KIC 4736564	5262	184	3.272	0.01	-0.22	0.3	1.3	0.1	4.36	0.12	13.08479	2.127890348	1	288.66687	39.851295
KIC 4738693	5008	80	3.32	0.007	-0.23	0.15	1.15	0.06	3.88	0.08	8.50181	0.702649133	1	289.36151	39.8546911
KIC 4738749	5171	173	2.928	0.009	-0.21	0.3	1.57	0.1	7.12	0.16	23.6989994	1.736999512	2	289.38144	39.8832589
KIC 4738932	5073	150	3.189	0.01	-0.53	0.3	1.15	0.08	4.53	0.12	10.58399963	1.374149799	2	289.44128	39.8847889
KIC 4740400	4989	152	2.61	0.009	-0.05	0.3	1.38	0.09	9.64	0.23	31.35000038	1.509000778	2	289.88388	39.8409189
KIC 4741003	5236	165	3.14	0.008	-0.64	0.3	1.11	0.07	4.7	0.11	14.21700001	0.512000084	2	290.05466	39.86834
KIC 4742471	4989	154	2.678	0.01	-0.13	0.3	1.58	0.11	9.55	0.24	29.70100021	2.164499283	2	290.46765	39.88266
KIC 4743386	4942	150	2.588	0.009	-0.21	0.3	1.29	0.08	9.54	0.22	30.0739994	2.024499893	2	290.78012	39.8515281
KIC 4749874	4682	80	3.161	0.006	0.35	0.15	1.31	0.06	4.98	0.09	10.64900017	0.18900013	2	292.7413	39.8756219
KIC 4750410	4972	80	3.232	0.006	-0.43	0.15	1.01	0.05	4.03	0.08	9.979399681	0.429950237	2	292.89233	39.84201
KIC 4750825	5128	80	2.965	0.006	0.14	0.15	1.84	0.09	7.4	0.13	33.99743	2.652979746	1	293.01541	39.89957
KIC 4750962	5246	185	3.291	0.01	0.09	0.3	1.56	0.12	4.68	0.13	14.89345	2.443227202	1	293.05536	39.8400689
KIC 4752106	4759	145	2.627	0.01	0.01	0.3	1.49	0.14	9.83	0.39	40.01499939	2.534500122	2	293.36154	39.8673289
KIC 4754913	4612	80	2.871	0.009	0.46	0.15	1.24	0.08	6.77	0.18	18.61766	1.758833677	1	294.07748	39.87468
KIC 4758008	5110	100	2.577	0.008	-0.89	0.3	1.02	0.06	8.59	0.19	45.17108	4.391971549	1	294.84665	39.82869
KIC 4758269	5087	177	2.788	0.028	0.12	0.3	1.87	0.37	9.13	0.62	26.1590004	1.877500534	2	294.9129	39.8443411
KIC 4758603	4692	100	2.771	0.007	0.67	0.3	1.23	0.07	7.55	0.15	24.80370	2.522012998	1	294.99655	39.89286
KIC 4759104	4573	100	2.594	0.008	0.51	0.3	1.29	0.08	9.48	0.21	35.28678	3.736291104	1	295.10788	39.8793911
KIC 4761015	4606	130	3.167	0.01	-0.23	0.3	0.93	0.07	4.16	0.12	8.337900162	0.901450157	2	295.53793	39.8057519
KIC 4761571	4667	100	2.703	0.013	-0.3	0.3	1.23	0.15	8.17	0.41	28.43059	4.010918051	1	295.65353	39.8166311
KIC 4769765	4771	154	2.589	0.01	-0.34	0.3	1.28	0.1	9.53	0.25	42.24876	6.361302377	1	297.30966	39.8864289
KIC 4772988	5140	181	3.277	0.009	0.26	0.3	1.26	0.09	4.27	0.11	8.106399536	0.290550232	2	297.94571	39.8138011
KIC 4818619	4969	149	3.259	0.009	-0.29	0.3	1.23	0.08	4.31	0.1	10.16766	1.412159905	1	285.96298	39.9089511
KIC 4820412	4992	151	3.057	0.008	-0.5	0.3	1.04	0.06	4.99	0.11	13.88321	1.931427523	1	286.71579	39.9190711
KIC 4825063	4718	139	2.66	0.009	-0.2	0.3	1.15	0.08	8.32	0.19	30.79420	4.202620656	1	288.56726	39.9653819
KIC 4826188	4933	146	2.822	0.008	-0.46	0.3	1.08	0.07	6.67	0.15	20.44400024	0.49450016	2	288.95599	39.9656411
KIC 4828864	4869	145	2.819	0.009	-0.07	0.3	1.49	0.09	7.88	0.18	31.33301	4.317043726	1	289.75504	39.9816819
KIC 4831614	5172	80	3.252	0.021	-0.02	0.15	1.32	0.19	4.51	0.22	10.3380003	0.960549831	2	290.53549	39.9230689
KIC 4831973	5002	153	2.747	0.009	0.1	0.3	1.42	0.09	8.35	0.2	39.18666	5.56097768	1	290.65692	39.9997411
KIC 4833419	4964	153	2.819	0.009	0.09	0.3	1.41	0.09	7.66	0.18	31.98712	4.559140946	1	291.11121	39.9911989
KIC 4838752	4875	80	2.688	0.011	-0.2	0.15	1.34	0.12	8.67	0.27	29.47500038	1.309499741	2	292.70651	39.9904211
KIC 4838815	4428	80	2.7	0.007	0.22	0.15	1.15	0.06	7.92	0.16	21.65067	1.94299386	1	292.72552	39.9611819
KIC 4838818	5035	80	3.235	0.007	-0.4	0.15	1.45	0.08	4.81	0.09	13.34992	1.071538835	1	292.72638	39.93277
KIC 4839065	4875	154	2.562	0.013	0.04	0.3	1.5	0.14	10.61	0.34	41.70999908	1.934999466	2	292.80154	39.9323011
KIC 4839278	4907	152	2.751	0.009	-0.22	0.3	1.25	0.08	7.79	0.18	31.58855	4.513302464	1	292.86197	39.9598619
KIC 4839525	4719	143	2.461	0.01	-0.37	0.3	1.08	0.08	10.13	0.25	45.68876	6.456181192	1	292.92505	39.9422611
KIC 4839776	4845	150	2.888	0.008	0.11	0.3	1.23	0.08	6.62	0.15	21.68112	3.089309628	1	292.99542	39.93639
KIC 4842192	4880	157	3.096	0.009	-0.04	0.3	1.16	0.07	5.06	0.11	13.03680	1.914951099	1	293.65994	39.9371911
KIC 4842823	4991	149	3.19	0.008	-0.27	0.3	1.26	0.08	4.73	0.1	7.75909996	3.419699907	2	293.82477	39.9926911
KIC 4843980	5102	157	2.883	0.008	-0.38	0.3	1.26	0.08	6.72	0.15	23.60199928	1.132500648	2	294.12735	39.9245611
KIC 4845272	4496	128	2.38	0.01	0.17	0.3	1.21	0.09	11.75	0.3	52.97100067	0.57349968	2	294.46161	39.9739911
KIC 4846064	5024	149	3.134	0.008	-0.58	0.3	1.16	0.07	4.82	0.1	12.22900009	0.398500443	2	294.65347	39.9442289
KIC 4846409	4599	100	2.677	0.009	0.44	0.3	1.29	0.1	8.62	0.26	29.84411	3.400348366	1	294.72879	39.96867
KIC 4847270	4746	100	2.767	0.008	0.52	0.3	1.39	0.09	8.06	0.18	29.59181	3.049074001	1	294.9321	39.9228211
KIC 4847280	4528	100	2.417	0.011	0.12	0.3	1.11	0.11	10.8	0.46	44.02139	5.787167886	1	294.93344	39.91032
KIC 4847291	4695	100	2.79	0.008	0.47	0.3	1.27	0.07	7.52	0.16	20.4640007	1.406000137	2	294.93774	39.9067919
KIC 4847891	4563	100	2.575	0.008	0.18	0.3	1.46	0.09	10.33	0.24	41.53298	4.448083382	1	295.08875	39.9254681
KIC 4848095	4742	100	3.134	0.007	0.81	0.3	1.3	0.07	5.11	0.09	10.85299969	0.415999889	2	295.13733	39.9480589
KIC 4852408	4948	100	3.132	0.007	-0.86	0.3	1.52	0.08	5.56	0.11	19.88199997	1.32449913	2	296.0885	39.9315911
KIC 4860339	5007	146	3.232	0.01	-0.31	0.3	1.21	0.09	4.41	0.11	16.99799919	2.945000172	2	297.73596	39.92115
KIC 4902641	5015	100	2.903	0.008	0.07	0.15	2.1	0.13	8.48	0.19	40.20000076	0.608499527	2	283.88455	40.02457
KIC 4904621	4885	146	3.093	0.008	0.03	0.3	1.16	0.07	5.08	0.11	13.19399	1.812284174	1	284.85214	40.0360411
KIC 4904856	4843	146	2.671	0.01	-0.08	0.3	1.15	0.08	8.2	0.21	28.31500053	1.572999954	2	284.95538	40.0811
KIC 4912219	4811	147	2.705	0.009	0.08	0.3	1.26	0.08	8.26	0.19	32.81648	4.629441634	1	288.18286	40.0975911
KIC 4914258	4949	159	2.644	0.009	-0.04	0.3	1.25	0.08	8.84	0.21	28.52899933	1.093499184	2	288.9422	40.08633
KIC 4915774	5006	150	2.738	0.009	-0.39	0.3	1.4	0.09	8.38	0.19	29.98800087	1.267499924	2	289.41397	40.02272
KIC 4918216	4903	80	2.94	0.006	-0.18	0.15	1.17	0.06	6.08	0.11	19.17985	1.55705961	1	290.1076	40.0886311
KIC 4918924	5113	148	3.093	0.01	-0.14	0.3	2	0.15	6.65	0.18	39.26599884	6.263999939	2	290.28958	40.0350689
KIC 4919193	5143	168	2.606	0.01	0.04	0.3	1.86	0.14	11.25	0.31	44.56800079	5.204500198	2	290.36325	40.0952419
KIC 4919991	4530	80	2.607	0.01	-0.31	0.15	1.43	0.1	9.84	0.25	36.60779	3.444152278	1	290.60355	40.0959589
KIC 4920489	4824	147	2.714	0.009	0.21	0.3	1.41	0.1	8.64	0.21	36.29503	5.143332649	1	290.76251	40.00555
KIC 4921508	4938	150	2.74	0.009	0	0.3	1.27	0.08	7.96	0.19	26.29800034	2.128499985	2	291.08539	40.0177919
KIC 4921688	5232	159	3.144	0.008	-0.18	0.3	1.64	0.1	5.68	0.13	13.80599976	0.520500183	2	291.13773	40.0753589
KIC 4921872	4991	153	2.929	0.009	-0.03	0.3	1.32	0.08	6.54	0.15	23.82848	3.370150705	1	291.19247	40.0350911
KIC 4926689	4898	80	3.132	0.006	-0.08	0.15	1.37	0.07	5.26	0.09	14.29674	1.147629793	1	292.61377	40.0242689
KIC 4926778	5267	160	3.038	0.009	-0.28	0.3	1.4	0.09	5.92	0.13	14.9630003	1.198000431	2	292.6373	40.02512
KIC 4926847	4556	80	2.813	0.007	-0.09	0.15	1.18	0.07	7.07	0.15	19.33589	1.719951316	1	292.6572	40.0368881
KIC 4927101	4663	80	2.507	0.007	-0.1	0.15	1.34	0.08	10.71	0.23	51.92599869	1.951000214	2	292.73322	40.0691111
KIC 4927290	4878	80	2.468	0.017	-0.4	0.15	1.28	0.16	10.91	0.49	54.93299866	5.209501266	2	292.78537	40.0084189
KIC 4927426	4711	80	2.61	0.008	-0.3	0.15	1.21	0.07	9.03	0.2	9.095100403	2.435549974	2	292.82584	40.0100519
KIC 4927724	5236	159	3.138	0.008	-0.27	0.3	1.44	0.09	5.36	0.12	19.38736	2.711363227	1	292.91382	40.0545011
KIC 4928826	4989	158	2.595	0.009	-0.14	0.3	1.54	0.11	10.34	0.25	49.1230011	3.876001358	2	293.22528	40.06794
KIC 4930018	5027	80	2.959	0.007	0.21	0.15	2.58	0.15	8.82	0.2	44.60291	3.783420608	1	293.54425	40.02478
KIC 4931322	4789	167	2.58	0.017	0	0.3	1.44	0.24	10.19	0.73	49.03636	10.51767307	1	293.89334	40.0267181
KIC 4932704	4884	100	3.113	0.007	-0.34	0.3	1.19	0.06	5	0.09	12.77124	1.236570739	1	294.24454	40.08588
KIC 4934133	4704	100	2.864	0.007	-0.25	0.3	1.05	0.06	6.28	0.13	17.33720	1.77213982	1	294.62067	40.0153689
KIC 4936463	4846	100	2.565	0.01	-0.21	0.3	1.46	0.13	10.44	0.39	72.57299805	4.603500366	2	295.18466	40.0889589
KIC 4940376	5105	165	3.007	0.009	-0.3	0.3	1.57	0.11	6.5	0.16	24.65200043	1.081999779	2	296.01852	40.0871511
KIC 4940640	4766	166	2.7	0.009	-0.16	0.3	1.24	0.08	8.23	0.2	31.37663	5.012056225	1	296.07684	40.0007131
KIC 4948756	5006	152	3.219	0.008	-0.24	0.3	1.03	0.06	4.13	0.09	9.418499947	0.305500031	2	297.82874	40.05352
KIC 4989477	4979	149	3.073	0.008	-0.72	0.3	1.43	0.09	5.75	0.12	19.45999908	1.332499504	2	283.67828	40.16824
KIC 4995036	5092	178	2.926	0.009	-0.36	0.3	1.5	0.1	6.98	0.17	29.40729	4.714204498	1	286.26892	40.1696131
KIC 4996676	4838	80	3.274	0.006	0.17	0.15	1.12	0.05	4.05	0.07	8.06797	0.655053888	1	286.97095	40.1751289
KIC 4999134	4943	149	2.653	0.009	-0.24	0.3	1.2	0.08	8.54	0.21	31.79199982	1.404000282	2	287.96378	40.1912119
KIC 5000737	5170	166	3.23	0.01	0.04	0.3	1.55	0.11	5	0.12	16.03588	2.376399325	1	288.56439	40.1281319
KIC 5000850	5125	161	2.819	0.009	-1.03	0.3	1.05	0.07	6.61	0.16	8.991900444	0.134649754	2	288.6015	40.11974
KIC 5003275	4958	155	3.306	0.015	0.14	0.3	1.49	0.15	4.49	0.16	4.349899769	0.612200022	2	289.41495	40.1132811
KIC 5004497	5078	161	3.217	0.008	0.13	0.3	1.44	0.09	4.89	0.11	14.27510	2.076429287	1	289.79446	40.1685911
KIC 5006270	5172	158	3.126	0.01	-0.96	0.3	1.76	0.13	6.01	0.17	15.43999958	2.839500427	2	290.30362	40.1558911
KIC 5007617	5206	167	2.666	0.009	-0.16	0.3	1.73	0.12	10.13	0.25	67.67466	10.0542279	1	290.72733	40.1312411
KIC 5008066	5104	167	2.61	0.01	-0.03	0.3	1.63	0.12	10.47	0.28	66.79232	10.20380972	1	290.87122	40.1787111
KIC 5008589	5067	156	2.581	0.009	-0.25	0.3	1.54	0.1	10.55	0.25	17.68700027	6.089999676	2	291.0463	40.1540719
KIC 5008699	4982	155	2.593	0.009	-0.38	0.3	1.2	0.08	9.16	0.21	46.40838	6.650657993	1	291.08142	40.1893081
KIC 5010165	4947	80	2.909	0.006	0.36	0.15	1.51	0.07	7.14	0.13	27.41288	2.214093232	1	291.52988	40.1809811
KIC 5010362	4652	80	2.626	0.008	-0.14	0.15	1.25	0.08	9.01	0.2	34.13492	3.028893456	1	291.58591	40.1648411
KIC 5017812	4773	141	2.74	0.009	0.01	0.3	1.34	0.09	8.18	0.19	25.20999908	1.152000427	2	293.73532	40.1828689
KIC 5018369	4904	158	2.459	0.023	-0.03	0.3	1.49	0.24	11.91	0.68	73.65732	13.59973223	1	293.88174	40.1853219
KIC 5019587	4806	100	2.766	0.007	-0.15	0.3	1.4	0.07	8.1	0.16	33.15399933	1.390500069	2	294.18997	40.1046219
KIC 5021447	4530	100	2.772	0.009	0.22	0.3	1.26	0.08	7.63	0.19	22.01063	2.406971624	1	294.65939	40.1535989
KIC 5022330	4752	100	2.866	0.007	0	0.3	1.38	0.07	7.17	0.14	22.13699913	1.199999809	2	294.87997	40.1160011
KIC 5022541	4535	158	2.363	0.01	-0.14	0.3	0.96	0.07	10.67	0.28	73.08300018	37.77549934	2	294.9234	40.19994
KIC 5023845	4838	100	2.949	0.007	0.09	0.3	1.71	0.09	7.26	0.14	24.04800034	1.332999229	2	295.22308	40.1673319
KIC 5024312	4795	100	2.89	0.009	-0.02	0.3	1.63	0.11	7.6	0.18	27.41398	2.839589747	1	295.30341	40.1915019
KIC 5024405	4714	100	2.892	0.009	-0.13	0.3	1.48	0.1	7.21	0.17	24.16699982	1.095499992	2	295.31564	40.1933211
KIC 5024512	4740	100	2.774	0.009	-0.01	0.3	1.55	0.1	8.46	0.2	33.10699844	1.738999367	2	295.32819	40.19854
KIC 5025717	4988	100	3.327	0.013	0.06	0.3	1.31	0.12	4.12	0.14	8.185500145	0.324700117	2	295.53741	40.14896
KIC 5033397	4834	80	3.308	0.006	0.33	0.15	1.23	0.06	4.08	0.07	8.16089	0.662013537	1	297.16672	40.1770781
KIC 5038575	4996	172	2.613	0.011	0.07	0.3	1.42	0.11	9.76	0.27	53.28192	8.551653518	1	298.24341	40.1025089
KIC 5042169	5072	188	3.118	0.011	0.01	0.3	2.19	0.18	6.76	0.19	22.56299973	0.826499939	2	298.98471	40.1273611
KIC 5080831	4737	100	3.262	0.007	0.17	0.15	1.03	0.06	3.93	0.09	6.98215	0.724363062	1	285.1102	40.24596
KIC 5083419	5077	155	2.896	0.008	-0.28	0.3	1.24	0.08	6.59	0.15	22.78000069	1.401499748	2	286.35785	40.2692789
KIC 5083853	5016	152	3.239	0.008	-0.04	0.3	1.22	0.07	4.4	0.1	11.00338	1.538664944	1	286.55923	40.2882311
KIC 5084773	4957	150	3.076	0.008	-0.13	0.3	1.26	0.08	5.38	0.11	15.69028	2.166330533	1	286.97137	40.2905689
KIC 5084777	5063	155	3.142	0.008	-0.48	0.3	1.21	0.07	4.88	0.11	12.02499962	0.534999847	2	286.97321	40.2947619
KIC 5087808	5128	80	3.128	0.008	-0.07	0.15	2.09	0.13	6.53	0.14	22.72999954	0.765000343	2	288.18518	40.28101
KIC 5088385	4878	150	2.666	0.009	0.04	0.3	1.4	0.09	9.09	0.22	28.44400024	1.56000042	2	288.39044	40.21611
KIC 5088488	4995	141	3.11	0.009	-0.03	0.3	1.19	0.08	5.02	0.12	10.68700027	1.002349854	2	288.43405	40.2955819
KIC 5088966	5157	162	2.936	0.009	-0.15	0.3	1.29	0.08	6.4	0.15	26.00992	3.769336587	1	288.60663	40.2804989
KIC 5088987	4978	152	2.639	0.009	-0.28	0.3	1.27	0.08	8.94	0.21	32.08800125	2.439500809	2	288.61429	40.25983
KIC 5093345	5111	154	2.976	0.008	-0.39	0.3	1.36	0.08	6.28	0.14	24.16203	3.354056217	1	290.00449	40.2116389
KIC 5093605	5013	151	3.046	0.008	-0.14	0.3	1.19	0.07	5.43	0.12	12.97700024	0.397500038	2	290.08154	40.2439989
KIC 5095275	4974	154	2.537	0.01	-0.21	0.3	1.5	0.11	10.92	0.28	46.47200012	3.920999527	2	290.55719	40.2482989
KIC 5097325	4937	146	2.886	0.008	-0.61	0.3	1.12	0.07	6.33	0.14	18.36000061	0.959000587	2	291.20779	40.2236789
KIC 5097448	4650	80	2.655	0.007	-0.15	0.15	1.25	0.07	8.72	0.18	31.91797	2.778696756	1	291.24588	40.29303
KIC 5098286	4875	143	3.036	0.009	-0.04	0.3	1.23	0.08	5.57	0.13	15.7130003	3.290500164	2	291.51602	40.2979889
KIC 5098414	5077	155	2.99	0.008	-0.7	0.3	1.31	0.08	6.06	0.13	21.90607	3.063940122	1	291.55627	40.22398
KIC 5098794	5195	152	3.196	0.017	-0.51	0.3	1.72	0.21	5.49	0.23	15.10099983	0.622999668	2	291.6666	40.27261
KIC 5098893	4798	147	2.393	0.011	-0.26	0.3	1.2	0.1	11.57	0.33	63.69396	9.288432075	1	291.69321	40.2153019
KIC 5105354	5119	168	3.089	0.009	0.15	0.3	1.65	0.11	6.06	0.14	13.7869997	0.40500021	2	293.52158	40.2273481
KIC 5105469	5143	171	2.94	0.011	-0.09	0.3	1.64	0.12	7.17	0.19	21.09799957	1.280000687	2	293.55203	40.2303311
KIC 5105886	4918	80	3.026	0.007	-0.2	0.15	1.46	0.08	6.15	0.12	18.67099953	0.759500504	2	293.66641	40.2036289
KIC 5106439	4870	150	2.55	0.009	-0.93	0.3	1	0.07	8.79	0.21	39.59500122	2.749500275	2	293.8259	40.2533911
KIC 5107828	4632	100	2.66	0.009	0.13	0.3	1.29	0.09	8.8	0.21	26.68600082	2.048500061	2	294.18079	40.2388381
KIC 5110453	4875	100	3.17	0.007	-0.29	0.3	1.03	0.05	4.37	0.08	9.979499817	0.317400455	2	294.84802	40.2408789
KIC 5112403	5039	100	3.07	0.009	-0.11	0.3	1.66	0.1	6.22	0.14	22.39488	2.209145076	1	295.29187	40.2189789
KIC 5112840	4790	100	2.95	0.007	0.1	0.3	1.75	0.09	7.33	0.14	25.74300003	1.19299984	2	295.3576	40.2309419
KIC 5113644	4738	100	2.462	0.01	-0.6	0.3	1.02	0.07	9.82	0.25	43.63086	4.640571034	1	295.51138	40.28017
KIC 5113985	5025	154	3.121	0.008	-0.73	0.3	1.02	0.06	4.6	0.1	13.10400009	0.520499706	2	295.59628	40.2454189
KIC 5114547	4681	100	2.41	0.012	-0.11	0.3	1.14	0.18	11.05	0.78	52.63440	9.268087118	1	295.71716	40.20631
KIC 5115688	5029	156	3.291	0.008	-0.17	0.3	1.22	0.08	4.14	0.1	7.948800087	0.429350138	2	295.94925	40.2478289
KIC 5119742	4874	80	3.282	0.006	0.26	0.15	1.29	0.06	4.3	0.08	9.36849	0.768762581	1	296.80682	40.24313
KIC 5122109	5055	157	3.271	0.009	-0.27	0.3	1.08	0.07	3.99	0.09	8.166700363	0.237750053	2	297.39725	40.2510411
KIC 5164920	4927	148	2.937	0.009	-0.4	0.3	0.97	0.06	5.54	0.13	19.27899933	0.673500061	2	283.53394	40.3288311
KIC 5172427	4932	150	3.179	0.008	0.13	0.3	1.28	0.08	4.82	0.12	12.34175	1.75162488	1	287.03268	40.34119
KIC 5176313	5128	153	2.85	0.008	-0.44	0.3	1.19	0.07	6.8	0.15	22.59499931	1.658999443	2	288.54568	40.3736689
KIC 5176942	4947	151	2.651	0.009	-0.04	0.3	1.44	0.1	9.4	0.23	47.51316	6.748829073	1	288.7681	40.3274
KIC 5180038	4973	152	3.25	0.012	-0.16	0.3	1.29	0.11	4.46	0.13	10.92280	1.595718644	1	289.73349	40.39661
KIC 5180345	4948	148	3.058	0.008	-0.31	0.3	1.17	0.07	5.29	0.11	14.00199986	0.397000313	2	289.82129	40.3304481
KIC 5181473	4916	147	2.418	0.01	-0.18	0.3	1.87	0.14	13.99	0.36	75.73699951	5.443000793	2	290.14493	40.30196
KIC 5181601	4600	161	2.865	0.009	-0.13	0.3	1.18	0.08	6.65	0.16	16.94799995	2.299000263	2	290.17422	40.35191
KIC 5181810	4823	147	2.337	0.01	-0.51	0.3	1.05	0.07	11.53	0.29	52.1629982	3.927000046	2	290.23029	40.3441311
KIC 5183236	4935	146	2.45	0.01	-0.33	0.3	1.62	0.12	12.55	0.32	63.38999939	4.51099968	2	290.62555	40.33812
KIC 5185780	5040	152	3.068	0.008	0.03	0.3	1.43	0.09	5.78	0.13	19.35389	2.691584494	1	291.43958	40.3844911
KIC 5185845	4867	80	3.235	0.008	-0.26	0.15	1.67	0.09	5.16	0.1	11.87300014	0.397999763	2	291.45599	40.3966219
KIC 5186037	4744	146	2.636	0.01	-0.1	0.3	1.15	0.08	8.56	0.21	6.720699787	0.594150066	2	291.50446	40.3373989
KIC 5186109	5031	154	2.537	0.009	-0.14	0.3	1.28	0.09	10.1	0.25	45.61500168	3.340000153	2	291.52618	40.3958281
KIC 5186355	5036	155	2.868	0.009	-0.03	0.3	1.46	0.1	7.36	0.17	31.28161	4.443803157	1	291.59845	40.36684
KIC 5195476	5022	153	3.115	0.008	-0.21	0.3	1.33	0.08	5.29	0.12	14.5909996	0.918499947	2	294.19821	40.32819
KIC 5197031	5007	100	3.144	0.007	-0.62	0.3	1.1	0.06	4.66	0.09	12.65999985	0.384500027	2	294.58328	40.3483581
KIC 5199554	4647	100	2.636	0.007	-0.21	0.3	1.14	0.06	8.49	0.17	30.17843	3.096706533	1	295.21222	40.33086
KIC 5199978	4895	100	3.168	0.007	-0.08	0.3	1.12	0.06	4.57	0.09	10.76549	1.056385035	1	295.31302	40.3523411
KIC 5202183	4806	100	2.747	0.007	-0.43	0.3	1.09	0.06	7.32	0.14	24.5359993	1.455999374	2	295.78741	40.3185689
KIC 5202477	4666	100	2.817	0.008	-0.28	0.3	1.1	0.06	6.78	0.14	19.56270	2.011691531	1	295.84521	40.3855711
KIC 5208343	4898	159	3.011	0.009	0.07	0.3	1.19	0.07	5.63	0.13	16.37881	2.440682745	1	297.06384	40.39875
KIC 5215099	4856	154	2.805	0.01	0.24	0.3	1.6	0.11	8.29	0.2	29.6609993	1.532500267	2	298.43369	40.39743
KIC 5215232	4982	158	3.017	0.014	0.1	0.3	1.89	0.18	7.06	0.23	21.5	1.108499527	2	298.4552	40.33812
KIC 5219824	4664	152	2.756	0.009	0.41	0.3	1.27	0.09	7.83	0.19	26.04643	3.916763761	1	299.35703	40.3927989
KIC 5220357	4861	156	2.78	0.011	-0.11	0.3	1.39	0.11	7.96	0.23	31.76283	4.827100582	1	299.46786	40.39502
KIC 5252771	5146	155	3.202	0.008	-0.41	0.3	1.07	0.07	4.3	0.1	9.264399529	0.413699627	2	283.37314	40.48592
KIC 5253270	4999	150	2.519	0.009	-0.44	0.3	1.2	0.08	9.99	0.24	55.95695	7.811198247	1	283.60757	40.4011311
KIC 5255238	4898	145	2.559	0.009	-0.24	0.3	1.36	0.09	10.13	0.25	37.25999832	3.061500549	2	284.53448	40.4906311
KIC 5255621	4991	157	3.074	0.008	0.14	0.3	1.34	0.08	5.56	0.12	17.22227	2.476584238	1	284.72998	40.44109
KIC 5256885	4943	150	2.867	0.008	0.08	0.3	1.44	0.09	7.32	0.17	27.69000053	2.171500206	2	285.3255	40.44186
KIC 5264649	4506	80	2.946	0.007	0.21	0.15	1.17	0.06	6.04	0.11	13.50297	1.169700099	1	288.56384	40.46122
KIC 5265982	5058	145	3.262	0.009	-0.2	0.3	1.19	0.08	4.23	0.1	8.604000092	0.103899956	2	289.02536	40.4220089
KIC 5267648	4908	151	2.698	0.009	0.03	0.3	1.34	0.09	8.57	0.2	27.22699928	1.296999931	2	289.57202	40.45113
KIC 5268576	5003	155	2.777	0.009	-0.16	0.3	1.19	0.08	7.37	0.17	23.71500015	1.452500343	2	289.85086	40.4582211
KIC 5269518	4976	154	2.754	0.009	-0.14	0.3	1.35	0.08	8.07	0.18	32.89199829	3.157500267	2	290.12112	40.4200289
KIC 5269870	4652	80	3.235	0.007	-0.13	0.15	0.98	0.05	3.95	0.08	6.56060	0.568269248	1	290.21967	40.4926411
KIC 5270160	5128	156	2.625	0.009	-0.28	0.3	1.83	0.12	10.91	0.25	73.89790	10.37951444	1	290.29929	40.40131
KIC 5271002	4978	154	2.54	0.01	-0.18	0.3	1.6	0.12	11.25	0.29	49.85699844	4.361499786	2	290.53735	40.42506
KIC 5272541	5072	155	3.08	0.008	0.01	0.3	1.75	0.11	6.32	0.14	23.73240	3.333923863	1	291.04337	40.4232481
KIC 5273933	5115	157	2.807	0.009	-0.08	0.3	1.73	0.12	8.6	0.2	27.55200005	1.728500366	2	291.48389	40.4948619
KIC 5281639	5418	169	3.254	0.009	-0.13	0.3	1.56	0.1	4.88	0.11	18.42410	2.641380171	1	293.72238	40.44659
KIC 5281750	5005	146	2.939	0.009	-0.22	0.3	1.19	0.07	6.13	0.14	20.36300087	3.363499641	2	293.75705	40.4702111
KIC 5283690	4679	100	2.353	0.01	-0.4	0.3	1.01	0.07	11.11	0.29	62.87799835	5.286500931	2	294.26352	40.4261019
KIC 5286890	4840	100	3.082	0.007	-0.48	0.3	1.08	0.05	4.95	0.09	13.10400009	0.479499817	2	295.11038	40.4694711
KIC 5287356	4755	139	2.863	0.009	-0.49	0.3	1.01	0.07	6.17	0.15	17.47282	2.388240462	1	295.22791	40.4470481
KIC 5287376	5248	167	3.11	0.019	-0.68	0.3	1.89	0.26	6.35	0.29	26.61499977	1.643500328	2	295.23209	40.4297981
KIC 5288952	4761	100	2.969	0.008	-0.07	0.3	1.31	0.07	6.21	0.13	18.27599907	0.848499298	2	295.58801	40.45248
KIC 5290047	4890	100	2.99	0.007	-0.59	0.3	1.24	0.07	5.89	0.12	17.64999962	1.043499947	2	295.82922	40.43396
KIC 5295846	5082	170	3.187	0.009	-0.01	0.3	1.41	0.1	5.01	0.14	12.18200016	0.473499775	2	297.05423	40.4140511
KIC 5302430	5184	175	3.121	0.013	-0.03	0.3	1.69	0.15	5.93	0.19	17.00099945	0.799500465	2	298.38052	40.4953381
KIC 5303861	5089	167	2.926	0.009	-0.15	0.3	1.52	0.1	7.02	0.17	4.988100052	0.616999865	2	298.62988	40.4118689
KIC 5303905	4972	160	3.083	0.011	0.12	0.3	1.86	0.15	6.49	0.18	16.8220005	0.678500175	2	298.64014	40.45158
KIC 5305945	5082	169	2.921	0.009	-0.13	0.3	1.25	0.08	6.4	0.15	18.62700081	0.817000389	2	299.0444	40.4632
KIC 5306861	5155	177	3.196	0.01	0.05	0.3	1.52	0.16	5.15	0.24	11.77099991	0.40500021	2	299.21295	40.4689789
KIC 5307494	5082	171	3.051	0.014	0	0.3	1.62	0.16	6.28	0.22	22.35700035	1.366000175	2	299.34229	40.4548419
KIC 5340269	5091	159	3.266	0.009	0.02	0.3	1.29	0.08	4.39	0.1	11.62337	1.670232964	1	283.33841	40.5693211
KIC 5341746	5048	150	3.203	0.008	-0.38	0.3	1.27	0.08	4.67	0.1	12.71457	1.735240287	1	283.96558	40.5881689
KIC 5344502	4738	138	2.69	0.009	0.09	0.3	1.22	0.08	8.27	0.19	32.77099991	2.592499733	2	285.33707	40.5611381
KIC 5347736	4822	142	3.097	0.008	0.17	0.3	1.52	0.09	5.77	0.13	16.16036	2.200911853	1	286.80301	40.50943
KIC 5349955	5000	152	2.58	0.009	-0.15	0.3	1.82	0.12	11.47	0.26	46.02299881	4.397500992	2	287.75281	40.5265311
KIC 5350147	5483	183	2.702	0.01	-1.13	0.3	1.24	0.09	8.21	0.21	44.35300064	3.663000107	2	287.82724	40.5042381
KIC 5351878	5422	233	3.28	0.011	-0.4	0.3	1.46	0.11	4.59	0.12	16.34760	3.20031479	1	288.45663	40.5586319
KIC 5351903	4901	147	2.578	0.009	-0.01	0.3	1.37	0.09	9.95	0.23	51.28325	7.120962327	1	288.46823	40.51627
KIC 5352861	5056	149	3.135	0.009	-0.33	0.3	1.46	0.09	5.42	0.12	17.23524	2.343876214	1	288.80435	40.5555311
KIC 5355747	4742	143	2.378	0.011	0.06	0.3	1.4	0.11	12.66	0.38	57.74399948	4.348999023	2	289.71347	40.5482789
KIC 5356255	4823	147	2.649	0.008	-0.27	0.3	1.19	0.07	8.56	0.19	35.59648	4.989823778	1	289.86868	40.5622219
KIC 5358325	4861	80	2.48	0.008	-1.12	0.15	0.98	0.06	9.45	0.2	44.76686	3.803474326	1	290.48547	40.57991
KIC 5358548	5031	176	2.776	0.01	-0.12	0.3	1.22	0.09	7.48	0.2	3.772900105	0.293600082	2	290.55765	40.57032
KIC 5359034	5219	164	3.115	0.009	-0.06	0.3	1.49	0.1	5.6	0.13	14.49400043	0.72549963	2	290.73065	40.5116689
KIC 5360044	5132	153	3.069	0.009	-0.68	0.3	1.19	0.08	5.28	0.13	14.34700012	2.217499733	2	291.07233	40.5848081
KIC 5363998	4680	80	2.433	0.009	-0.36	0.15	1.11	0.07	10.59	0.26	47.51399994	3.816501617	2	292.27112	40.5895881
KIC 5364240	4828	80	2.757	0.007	-0.28	0.15	1.31	0.07	7.93	0.16	30.67651	2.585331588	1	292.33975	40.57605
KIC 5369311	4838	100	2.738	0.008	-0.06	0.3	1.09	0.06	7.38	0.15	26.85899925	1.848000526	2	293.79901	40.5253411
KIC 5370814	5086	100	3.138	0.008	0.35	0.3	1.6	0.1	5.65	0.12	14.59599972	0.499000072	2	294.18182	40.5674289
KIC 5370942	4584	139	2.658	0.011	-0.1	0.3	1.11	0.08	8.19	0.22	10.55799961	1.109000206	2	294.21967	40.5544011
KIC 5371033	4619	134	2.415	0.01	-0.02	0.3	1.23	0.09	11.41	0.29	46.81700134	4.013000488	2	294.24484	40.5528181
KIC 5371092	4819	100	2.969	0.007	0.12	0.3	1.26	0.07	6.08	0.12	17.89886	1.779157082	1	294.2579	40.52771
KIC 5371124	5086	100	3.264	0.007	-0.43	0.3	1.06	0.05	3.97	0.07	9.46841	0.883984232	1	294.26602	40.5071181
KIC 5371125	4751	100	2.59	0.008	-0.01	0.3	1.53	0.09	10.39	0.22	49.38121	5.029485731	1	294.26633	40.5445789
KIC 5371482	5084	164	3.142	0.011	0.12	0.3	1.87	0.15	6.09	0.17	22.24576	3.37751475	1	294.3559	40.55814
KIC 5371600	4933	100	2.947	0.007	-1.01	0.3	1.3	0.07	6.36	0.13	26.40399933	1.686500549	2	294.38959	40.5005611
KIC 5372224	4632	100	2.985	0.007	-0.07	0.3	1.21	0.06	5.86	0.12	16.40800095	0.686999321	2	294.56299	40.5177
KIC 5373639	4863	100	2.883	0.008	-0.84	0.3	1.75	0.1	7.94	0.17	33.62900162	2.595998764	2	294.91635	40.52763
KIC 5373768	4902	160	2.643	0.01	-0.53	0.3	1.14	0.08	8.42	0.21	3.872900009	0.273299932	2	294.94833	40.5337719
KIC 5374099	4828	142	3.035	0.008	0.41	0.3	1.51	0.09	6.18	0.13	14.90999985	0.767500401	2	295.02899	40.5984311
KIC 5374118	4905	100	2.699	0.012	-0.71	0.3	1.81	0.15	9.98	0.3	51.76160	5.647084702	1	295.03427	40.5148811
KIC 5374814	5107	100	2.594	0.009	-0.26	0.3	1.98	0.12	11.76	0.27	55.54100037	1.671499252	2	295.20724	40.5088081
KIC 5376291	4896	150	2.584	0.009	-0.98	0.3	1.01	0.07	8.47	0.2	37.01033	5.250213457	1	295.55292	40.5643881
KIC 5377341	4892	80	3.071	0.006	-0.02	0.15	1.18	0.05	5.24	0.09	14.11884	1.135291725	1	295.77957	40.5800089
KIC 5377645	5082	80	3.287	0.006	-0.08	0.15	1.43	0.07	4.5	0.08	11.18200016	0.242000103	2	295.84363	40.5023119
KIC 5389263	4987	166	3.102	0.009	0	0.3	1.23	0.08	5.16	0.12	10.26200008	0.40444994	2	298.41736	40.54982
KIC 5391118	5025	163	2.847	0.01	-0.35	0.3	1.44	0.1	7.5	0.19	28.33300018	1.36400032	2	298.75781	40.5706289
KIC 5392363	4602	142	2.801	0.009	0.29	0.3	1.18	0.08	7.16	0.16	17.64699936	0.883999825	2	298.97781	40.5317
KIC 5395312	4882	155	2.872	0.009	-0.2	0.3	1.22	0.08	6.69	0.16	22.82621	3.347476315	1	299.50552	40.5658911
KIC 5397058	5004	168	3.185	0.01	-0.17	0.3	1.49	0.11	5.16	0.13	14.98853	2.325025783	1	299.83875	40.5120319
KIC 5426137	4761	139	2.868	0.008	0.2	0.3	1.28	0.08	6.89	0.15	21.21199989	0.804499626	2	283.1611	40.6197089
KIC 5426170	4964	148	3.284	0.009	-0.12	0.3	1.1	0.08	3.96	0.11	8.54886	1.213133396	1	283.17722	40.64558
KIC 5426401	5031	154	2.822	0.009	-0.13	0.3	1.52	0.1	7.92	0.18	36.07930	5.090715082	1	283.28143	40.6612281
KIC 5428405	4936	152	3.286	0.008	0.26	0.3	1.29	0.08	4.28	0.1	9.76290	1.389434025	1	284.31006	40.6925089
KIC 5428540	4818	145	2.574	0.009	-0.9	0.3	0.97	0.06	8.41	0.19	18.61899948	0.355999947	2	284.37885	40.65213
KIC 5429727	5088	152	3.152	0.008	-0.31	0.3	1.29	0.08	5	0.11	15.04246	2.06908094	1	284.96506	40.6297189
KIC 5429842	5141	154	3.204	0.008	-0.19	0.3	1.28	0.08	4.68	0.1	10.48999977	0.506649971	2	285.02097	40.64439
KIC 5431007	5149	166	3.087	0.009	-0.1	0.3	1.58	0.1	5.96	0.14	22.41685	3.325967961	1	285.58459	40.6688
KIC 5435648	5038	151	2.626	0.009	-0.27	0.3	1.32	0.09	9.25	0.23	49.48877	6.934001599	1	287.5611	40.63377
KIC 5436707	4919	147	2.369	0.01	-0.5	0.3	1.19	0.09	11.79	0.32	57.4070015	4.745500565	2	287.97784	40.6391411
KIC 5436821	5042	150	3.158	0.008	-0.07	0.3	1.25	0.07	4.89	0.1	13.87457	1.886345653	1	288.02194	40.63372
KIC 5437624	5206	155	2.92	0.008	-0.23	0.3	1.42	0.09	6.85	0.15	21.28000069	0.944000244	2	288.34778	40.6613689
KIC 5439272	4996	154	2.6	0.009	-0.01	0.3	1.32	0.08	9.54	0.22	50.90694	7.240052534	1	288.94308	40.6919711
KIC 5440406	5183	157	2.934	0.013	-0.86	0.3	1.19	0.12	6.15	0.23	17.69599915	2.473999977	2	289.31641	40.6419181
KIC 5440418	5117	156	2.766	0.009	-0.74	0.3	1.14	0.07	7.31	0.17	27.62599945	2.004500389	2	289.32037	40.6740189
KIC 5440925	4818	148	2.765	0.009	0.22	0.3	1.3	0.08	7.83	0.18	21.5510006	0.963999748	2	289.48065	40.6425589
KIC 5444525	4942	155	2.625	0.009	-0.02	0.3	1.26	0.09	9.04	0.22	31.1609993	1.755500793	2	290.56088	40.6335111
KIC 5444627	4766	155	2.776	0.01	0.36	0.3	1.39	0.1	7.98	0.19	23.35700035	1.351499557	2	290.59064	40.6592711
KIC 5444758	4976	147	2.487	0.01	-0.42	0.3	1.31	0.09	10.81	0.27	50.22100067	3.305999756	2	290.63406	40.6160889
KIC 5445178	5333	166	3.199	0.009	-0.38	0.3	1.62	0.1	5.3	0.12	14.31400013	0.811500072	2	290.7814	40.6773411
KIC 5445418	4748	80	2.574	0.008	-0.26	0.15	1.16	0.07	9.21	0.19	13.80700016	0.450000286	2	290.86169	40.6666719
KIC 5445881	4755	166	2.665	0.011	-0.3	0.3	1.12	0.09	8.15	0.22	30.48652	4.938528214	1	291.01254	40.6250111
KIC 5445912	5045	156	3.18	0.011	-0.12	0.3	1.32	0.13	4.89	0.19	4.841400146	0.349050045	2	291.02307	40.6823881
KIC 5446241	4897	142	3.055	0.008	-0.77	0.3	1.03	0.06	4.98	0.11	12.30700016	1.083999634	2	291.13416	40.6958311
KIC 5450439	5057	80	3.266	0.006	-0.24	0.15	1.42	0.07	4.6	0.08	14.2869997	0.125999928	2	292.45007	40.6725081
KIC 5450541	4911	149	2.412	0.012	-0.54	0.3	1.46	0.12	12.45	0.37	80.94853	11.79527357	1	292.48209	40.66613
KIC 5456574	4807	100	2.305	0.01	-0.85	0.3	0.97	0.07	11.47	0.31	63.36999893	4.590999603	2	294.18115	40.6491089
KIC 5456650	4794	143	2.682	0.009	-0.11	0.3	1.46	0.09	9.12	0.21	39.44322	5.447706447	1	294.20114	40.6446989
KIC 5457703	4995	161	2.985	0.009	-0.11	0.3	1.23	0.08	5.92	0.14	19.58736	2.907796659	1	294.46542	40.6198811
KIC 5459686	4941	80	2.83	0.007	-0.6	0.15	1.39	0.07	7.52	0.14	28.87000084	2.104500771	2	294.99802	40.6010889
KIC 5461275	4833	147	2.624	0.011	0.06	0.3	1.71	0.13	10.57	0.29	54.72776	7.881308159	1	295.39722	40.6382289
KIC 5461779	4865	151	2.974	0.008	0.11	0.3	1.28	0.08	6.11	0.14	13.74499989	0.551000118	2	295.50677	40.6048889
KIC 5462853	4921	172	2.785	0.012	-0.25	0.3	1.93	0.16	9.31	0.27	37.27899933	1.579500198	2	295.7438	40.67989
KIC 5467099	5090	156	3.297	0.008	0.16	0.3	1.42	0.09	4.42	0.1	11.77352	1.662193859	1	296.67215	40.6250111
KIC 5471038	5160	157	3.258	0.009	-0.36	0.3	1.05	0.07	3.99	0.09	9.2020998	0.292050362	2	297.55338	40.6889381
KIC 5471433	4964	173	3.212	0.009	-0.06	0.3	1.34	0.13	4.75	0.21	12.29999	2.1871478	1	297.64777	40.6635631
KIC 5476002	4872	148	2.835	0.015	-0.11	0.3	1.4	0.15	7.49	0.27	28.37810	4.315627215	1	298.62662	40.61771
KIC 5476808	4880	159	2.672	0.009	-0.1	0.3	1.2	0.08	8.37	0.2	28.24300003	1.499000549	2	298.77802	40.6269
KIC 5477219	4488	157	2.556	0.011	-0.18	0.3	1.13	0.09	9.26	0.26	31.23373	5.09437623	1	298.85065	40.6933589
KIC 5511314	4870	143	2.565	0.009	-0.36	0.3	1.15	0.08	9.27	0.22	38.58300018	2.720500946	2	283.0928	40.7145689
KIC 5512348	4927	149	2.709	0.008	0.01	0.3	1.48	0.09	8.9	0.2	27.76199913	1.93599987	2	283.62119	40.7183611
KIC 5513434	5167	155	3.038	0.009	-0.08	0.3	1.85	0.12	6.83	0.15	29.85285	4.120621737	1	284.11499	40.7393611
KIC 5514689	5020	150	3.139	0.008	-0.43	0.3	1.03	0.07	4.52	0.11	11.4289999	0.507000446	2	284.79846	40.7817919
KIC 5515759	5318	166	2.82	0.009	-0.92	0.3	1.1	0.07	6.75	0.16	32.71835	4.72108587	1	285.36542	40.7929119
KIC 5516025	4693	141	2.755	0.01	0.5	0.3	1.27	0.09	7.84	0.19	39.35599899	5.632499695	2	285.4855	40.78376
KIC 5516627	5014	153	3.03	0.009	0.15	0.3	1.61	0.1	6.43	0.15	23.46118	3.311408808	1	285.75494	40.7402611
KIC 5520872	4948	153	2.615	0.01	0.02	0.3	1.61	0.12	10.34	0.26	41.21500015	2.548500061	2	287.59589	40.74226
KIC 5521181	5136	158	2.823	0.009	-0.05	0.3	1.53	0.1	7.93	0.18	22.01499939	0.782499313	2	287.71542	40.7271119
KIC 5521995	4987	152	2.474	0.01	-0.12	0.3	1.22	0.09	10.62	0.29	49.52799988	4.065500259	2	288.0274	40.7422289
KIC 5522575	4894	80	2.976	0.006	-0.41	0.15	1.31	0.06	6.15	0.11	21.04400063	1.250499725	2	288.26605	40.7665711
KIC 5523947	4883	148	2.53	0.009	0.11	0.3	1.43	0.09	10.78	0.25	59.31642	8.316263199	1	288.78006	40.7410581
KIC 5523967	4923	147	2.677	0.009	-0.04	0.3	1.31	0.08	8.69	0.2	27.32799911	1.383500099	2	288.78809	40.7698711
KIC 5525416	4756	139	2.64	0.009	0.41	0.3	1.3	0.09	9.03	0.22	29.79500008	1.429000854	2	289.26938	40.7106511
KIC 5527304	4482	80	2.855	0.007	0.18	0.15	1.1	0.06	6.5	0.12	15.30751	1.335113469	1	289.85071	40.7825389
KIC 5528430	4974	147	2.969	0.009	-0.56	0.3	1.05	0.08	5.56	0.17	9.729700089	1.061249733	2	290.17905	40.7298811
KIC 5528590	4941	143	3.309	0.01	-0.54	0.3	1.13	0.09	3.9	0.11	6.648700237	0.53944993	2	290.22836	40.71207
KIC 5528688	4894	143	2.606	0.008	-0.36	0.3	1.12	0.07	8.72	0.19	7.07889986	0.574499846	2	290.25119	40.70636
KIC 5529531	5006	159	2.464	0.01	-0.24	0.3	1.52	0.11	11.96	0.32	80.65221	12.0071463	1	290.48117	40.7820089
KIC 5529609	4969	152	2.73	0.009	-0.23	0.3	1.26	0.09	8.02	0.19	35.20588	4.989427176	1	290.50436	40.7309911
KIC 5529770	4713	164	2.31	0.011	-0.38	0.3	1.04	0.08	11.84	0.34	4.884799957	0.304549932	2	290.54636	40.7847789
KIC 5530337	5120	152	3.018	0.009	-0.34	0.3	1.29	0.11	5.82	0.2	20.89856	3.08671961	1	290.73877	40.77198
KIC 5530526	5459	167	3.053	0.008	-0.42	0.3	1.22	0.08	5.43	0.12	16.38800049	0.766999722	2	290.79919	40.7722889
KIC 5530598	4848	143	2.928	0.008	-0.07	0.3	1.62	0.1	7.25	0.16	26.06856	3.546649866	1	290.82037	40.70602
KIC 5535283	4798	80	2.885	0.007	-0.27	0.15	1.03	0.05	6.08	0.11	18.24799919	0.88049984	2	292.35007	40.7294389
KIC 5536409	4646	100	2.428	0.007	-0.54	0.3	1.26	0.08	11.38	0.26	54.17412	5.701599842	1	292.68927	40.7353519
KIC 5543129	4748	143	2.66	0.011	-0.07	0.3	1.2	0.1	8.48	0.24	25.86599922	1.535499573	2	294.54935	40.72298
KIC 5543573	4834	100	3.029	0.007	-0.17	0.3	1.32	0.07	5.82	0.11	15.74199963	1.289000034	2	294.6662	40.7941281
KIC 5543575	4389	128	2.235	0.009	-0.14	0.3	1.11	0.08	13.29	0.34	58.84409	8.087619166	1	294.66663	40.7475589
KIC 5543811	4717	100	2.574	0.008	-0.62	0.3	1.15	0.07	9.16	0.2	44.33200073	2.857500076	2	294.7265	40.7212181
KIC 5544598	4566	136	2.662	0.009	-0.79	0.3	0.93	0.06	7.45	0.18	21.65941	3.006387327	1	294.9342	40.7184489
KIC 5546749	4738	80	2.484	0.014	0.26	0.15	1.71	0.17	12.38	0.43	69.34450	7.226309214	1	295.47739	40.7518619
KIC 5552909	5004	161	3.051	0.009	-0.36	0.3	1.31	0.08	5.64	0.13	17.28300095	0.729999542	2	296.84595	40.7802581
KIC 5553307	4884	80	3.322	0.007	0.08	0.15	1.25	0.07	4.04	0.08	7.900300026	0.047549963	2	296.91937	40.7031589
KIC 5560101	4949	160	3.118	0.009	0.18	0.3	1.41	0.09	5.42	0.13	12.78899956	0.502999783	2	298.32248	40.7368011
KIC 5561013	4812	152	2.589	0.009	-0.06	0.3	1.28	0.09	9.5	0.24	43.44504	6.386204564	1	298.53561	40.7575911
KIC 5562995	4859	150	2.71	0.009	-0.23	0.3	1.27	0.09	8.23	0.2	33.89829	4.858636605	1	298.90445	40.7002719
KIC 5564500	5060	165	3.161	0.01	-0.35	0.3	1.44	0.11	5.21	0.13	11.99100018	0.560500145	2	299.19177	40.7258911
KIC 5564615	4803	162	2.308	0.01	-0.57	0.3	1.17	0.09	12.58	0.33	75.61399	11.83583425	1	299.21402	40.7407419
KIC 5565030	4843	161	3.013	0.01	0.06	0.3	1.51	0.11	6.34	0.16	16.18899918	0.888499737	2	299.29016	40.7360119
KIC 5565883	4946	170	2.684	0.009	-0.14	0.3	1.25	0.09	8.43	0.21	38.18230	6.041940176	1	299.45044	40.78624
KIC 5599002	4741	139	2.682	0.011	0.06	0.3	1.26	0.1	8.48	0.23	32.61836	4.545899447	1	283.94519	40.8577919
KIC 5599854	4793	144	2.692	0.01	-0.46	0.3	1	0.07	7.47	0.19	27.70700073	1.965000153	2	284.39047	40.8349189
KIC 5602409	5103	156	3.006	0.009	0.04	0.3	1.43	0.09	6.23	0.14	18.04800034	0.907500267	2	285.63928	40.84763
KIC 5608160	5285	162	3.182	0.008	-0.06	0.3	1.66	0.1	5.46	0.12	12.52000046	0.615999699	2	288.01215	40.8236689
KIC 5608582	5152	164	2.76	0.009	-0.04	0.3	2.05	0.14	9.89	0.23	38.49499893	3.056499481	2	288.16895	40.8882289
KIC 5610200	4955	80	3.083	0.01	0.13	0.15	1.59	0.12	6	0.16	18.1590004	0.492500305	2	288.75311	40.8204611
KIC 5610430	4783	139	2.689	0.009	-0.31	0.3	1.26	0.08	8.41	0.19	33.23411	4.475306688	1	288.83432	40.8931811
KIC 5610766	4705	80	2.771	0.007	-0.22	0.15	1.02	0.05	6.88	0.13	19.3010006	1.080999374	2	288.94324	40.8030819
KIC 5611229	5009	153	2.643	0.009	-0.3	0.3	1.2	0.08	8.67	0.2	30.6439991	1.700000763	2	289.09247	40.81284
KIC 5612534	5468	167	3.131	0.008	-0.95	0.3	1.13	0.07	4.78	0.1	18.33835	2.559165283	1	289.52997	40.85994
KIC 5613387	4900	80	3.275	0.008	0.32	0.15	1.52	0.09	4.7	0.1	11.43327	0.967561093	1	289.79031	40.8575519
KIC 5617829	4961	173	2.503	0.011	-0.29	0.3	1.2	0.09	10.17	0.28	12.06499958	0.315999985	2	291.14514	40.8094411
KIC 5618071	5082	177	2.957	0.009	-0.17	0.3	1.34	0.09	6.36	0.15	17.97999954	0.92650032	2	291.21811	40.8393289
KIC 5621800	5048	158	3.106	0.009	-0.02	0.3	1.3	0.08	5.28	0.12	16.25308	2.339471162	1	292.37683	40.8067889
KIC 5622792	4735	100	2.662	0.007	-0.21	0.3	1.2	0.06	8.45	0.17	32.22433	3.259688911	1	292.66541	40.81044
KIC 5623097	4894	100	3.295	0.007	0.37	0.3	1.36	0.07	4.35	0.08	9.74597	0.945306153	1	292.75589	40.8017881
KIC 5624003	4688	137	3.268	0.01	-0.92	0.3	0.99	0.08	3.83	0.1	6.36119	0.87861397	1	293.03131	40.8913919
KIC 5630215	5088	80	2.89	0.011	-0.15	0.15	2.4	0.19	9.21	0.25	51.03854	4.587683445	1	294.7923	40.8207211
KIC 5631853	4697	145	2.902	0.01	0.15	0.3	1.33	0.11	6.76	0.21	19.96945	2.976211257	1	295.21097	40.8941919
KIC 5637036	4913	80	2.695	0.011	0.04	0.15	1.78	0.14	9.92	0.28	45.38399887	2.161499023	2	296.42337	40.8924711
KIC 5642574	4484	131	2.579	0.009	-0.09	0.3	1.16	0.08	9.15	0.23	18.65500069	0.983499527	2	297.58228	40.80061
KIC 5649129	4883	168	3.298	0.009	0.27	0.3	1.25	0.09	4.15	0.1	7.199399948	0.270200014	2	298.93948	40.88718
KIC 5649538	5010	175	2.775	0.01	-0.28	0.3	1.37	0.1	7.94	0.2	35.66009	5.733079377	1	299.02307	40.8692511
KIC 5650945	4756	149	3.149	0.008	0.29	0.3	1.2	0.07	4.83	0.11	10.47200012	0.388999939	2	299.28601	40.8809589
KIC 5685527	5004	153	3.271	0.009	-0.06	0.3	1.34	0.09	4.44	0.11	9.293700218	0.282000065	2	284.12363	40.9734311
KIC 5690239	4781	145	2.571	0.012	0.33	0.3	1.4	0.12	10.17	0.31	29.90399933	0.879500389	2	286.41513	40.9455411
KIC 5693423	5258	160	3.044	0.009	-0.18	0.3	1.58	0.1	6.27	0.14	19.5909996	0.819499969	2	287.75784	40.9071081
KIC 5694334	5150	162	2.854	0.009	-0.2	0.3	1.45	0.09	7.46	0.17	22.04599953	1.782999992	2	288.11905	40.9388811
KIC 5694411	5067	165	2.867	0.009	0.05	0.3	1.53	0.1	7.55	0.17	31.08600044	4.880498886	2	288.14536	40.9676089
KIC 5694630	5142	155	2.959	0.008	-0.29	0.3	1.45	0.09	6.61	0.14	19.07799911	0.934000015	2	288.22144	40.9403381
KIC 5696081	4958	80	3.309	0.006	0.04	0.15	1.33	0.06	4.23	0.07	9.70728	0.76684981	1	288.77969	40.9517711
KIC 5696938	5212	163	2.967	0.009	-0.2	0.3	1.86	0.12	7.43	0.17	36.57512	5.264738423	1	289.07959	40.9362111
KIC 5697234	4895	147	2.541	0.009	-0.52	0.3	1.25	0.09	9.92	0.24	51.85499954	4.439500809	2	289.17569	40.94836
KIC 5697980	5037	149	3.132	0.008	-0.27	0.3	1.24	0.07	5.01	0.11	11.94099998	0.690499783	2	289.42047	40.9094389
KIC 5698201	5364	166	3.278	0.01	-0.38	0.3	1.52	0.11	4.69	0.12	13.36800003	0.402500153	2	289.49908	40.91143
KIC 5700274	4937	142	3.065	0.008	-0.21	0.3	1.2	0.07	5.32	0.11	12.57699966	0.696499825	2	290.13864	40.9523319
KIC 5701829	4880	97	3.06	0.007	-0.32	0.15	1.02	0.05	4.94	0.09	12.42578	1.176700027	1	290.59433	40.9951519
KIC 5702396	5118	160	3.079	0.009	-0.03	0.3	1.47	0.09	5.79	0.13	20.65137	2.965379266	1	290.78775	40.9933819
KIC 5702888	4878	146	2.634	0.009	-0.1	0.3	1.3	0.09	9.09	0.22	42.00350	5.856261736	1	290.95697	40.9430889
KIC 5703201	4887	144	2.816	0.008	-0.96	0.3	1.24	0.08	7.2	0.16	30.07699966	3.672499657	2	291.06146	40.9568289
KIC 5705536	4682	80	2.424	0.01	-0.33	0.15	1.12	0.08	10.74	0.28	40.88199997	3.200500488	2	291.8186	40.9519
KIC 5705925	4978	154	2.873	0.008	-0.23	0.3	1.25	0.08	6.78	0.15	17.49500084	0.983499527	2	291.94864	40.9058419
KIC 5706531	4855	80	2.771	0.006	-0.19	0.15	1.3	0.06	7.76	0.14	26.8579998	1.340499878	2	292.15274	40.9410711
KIC 5706631	5728	196	3.007	0.01	-1.17	0.3	1.71	0.12	6.8	0.17	37.75799942	2.813999176	2	292.1825	40.9251789
KIC 5706754	5212	160	3.049	0.008	-0.33	0.3	1.21	0.07	5.45	0.12	19.67892	2.773886542	1	292.22052	40.9746089
KIC 5707269	5088	80	3.225	0.006	-0.28	0.15	1.13	0.06	4.29	0.09	11.04399967	0.340000153	2	292.37311	40.9285581
KIC 5708483	4541	100	2.612	0.009	-0.27	0.3	1.13	0.08	8.7	0.22	28.89582	3.165566622	1	292.74316	40.9230381
KIC 5709663	5151	159	3.212	0.01	-0.53	0.3	1.62	0.11	5.22	0.13	17.22256	2.476263303	1	293.10648	40.9471819
KIC 5714754	5035	80	3.202	0.006	-0.37	0.15	1.13	0.05	4.41	0.08	11.64000034	0.397500038	2	294.55765	40.90667
KIC 5714999	5327	186	3.31	0.01	-1.26	0.3	1.64	0.12	4.69	0.12	15.90256	2.560200022	1	294.61871	40.9192619
KIC 5717389	4744	80	3.043	0.008	0.29	0.15	1.45	0.09	6	0.13	16.83399963	0.718500137	2	295.27521	40.9561611
KIC 5724214	4977	157	3.163	0.008	-0.21	0.3	1.25	0.08	4.85	0.11	11.69299984	0.336999893	2	296.78384	40.9005319
KIC 5731386	4734	152	2.606	0.009	-0.44	0.3	1.09	0.07	8.58	0.2	27.40699959	1.597499847	2	298.2691	40.9255289
KIC 5731450	5223	173	3.258	0.011	-0.46	0.3	1.43	0.11	4.66	0.13	14.50917	2.253691544	1	298.28256	40.91103
KIC 5731852	4852	80	3.299	0.007	0.29	0.15	1.19	0.06	4.05	0.08	8.16176	0.681742822	1	298.36511	40.9014281
KIC 5732630	4984	158	3.213	0.009	-0.02	0.3	1.16	0.08	4.42	0.11	10.34700012	0.441149712	2	298.51376	40.9195789
KIC 5733072	4756	155	2.912	0.009	-0.74	0.3	1.03	0.07	5.88	0.14	19.00900078	0.770500183	2	298.59711	40.9152789
KIC 5733578	4319	151	2.666	0.012	-0.17	0.3	0.98	0.09	7.63	0.23	15.72799969	0.802000046	2	298.69189	40.95266
KIC 5736093	5102	80	2.941	0.012	0.08	0.15	2.16	0.2	8.24	0.28	37.19100189	2.271501541	2	299.20563	40.9108089
KIC 5767490	4775	140	2.597	0.009	0.01	0.3	1.23	0.08	9.23	0.23	39.76376	5.46835481	1	282.5712	41.0441589
KIC 5768435	4747	136	2.712	0.009	-0.03	0.3	1.16	0.08	7.87	0.18	28.23689	3.761191807	1	283.00775	41.0116811
KIC 5770415	4705	134	2.58	0.009	0.17	0.3	1.16	0.07	9.17	0.21	36.99710	4.90353552	1	283.96304	41.0855481
KIC 5771621	5072	155	3.11	0.008	-0.04	0.3	1.31	0.08	5.28	0.12	11.39400005	0.400499821	2	284.59875	41.0703389
KIC 5773191	5085	159	2.99	0.009	0.07	0.3	1.56	0.1	6.61	0.15	26.22752	3.771185931	1	285.36774	41.0289919
KIC 5773365	5211	156	3.306	0.008	-0.11	0.3	1.53	0.09	4.55	0.1	11.08300018	0.237999916	2	285.44879	41.0270881
KIC 5773973	4876	143	2.891	0.009	0.04	0.3	1.58	0.1	7.45	0.17	28.16812	3.828434585	1	285.73209	41.09243
KIC 5774024	4755	139	2.653	0.009	-0.02	0.3	1.21	0.08	8.58	0.2	33.78837	4.591871885	1	285.75531	41.069
KIC 5774266	5191	164	3.203	0.008	0.07	0.3	1.49	0.09	5.07	0.12	10.86900043	0.383500099	2	285.87573	41.02063
KIC 5775297	4682	136	2.502	0.009	0.55	0.3	1.32	0.08	10.67	0.25	49.11849	6.642963769	1	286.33118	41.0227319
KIC 5775365	5090	164	2.794	0.009	0	0.3	1.97	0.13	9.32	0.22	52.34720	7.766819467	1	286.35895	41.0547981
KIC 5779069	5011	147	2.808	0.008	-0.55	0.3	1.13	0.07	6.94	0.15	18.1989994	0.163499832	2	287.89178	41.0539511
KIC 5779643	5067	159	2.655	0.009	-0.14	0.3	1.34	0.09	9.01	0.22	48.04451	6.990521292	1	288.11588	41.0308111
KIC 5781580	4769	138	2.657	0.009	0.09	0.3	1.22	0.08	8.56	0.19	25.60000038	1.208999634	2	288.82639	41.0694389
KIC 5782777	4860	145	2.319	0.011	-0.11	0.3	1.6	0.13	14.52	0.42	105.60120	15.10153294	1	289.23288	41.0918389
KIC 5783143	4799	80	2.488	0.007	-0.28	0.15	1.08	0.06	9.8	0.21	48.04999924	4.1685009	2	289.35062	41.0469089
KIC 5785756	4822	140	2.731	0.008	-0.53	0.3	1.11	0.07	7.53	0.16	25.84000015	3.515000343	2	290.14862	41.05629
KIC 5785971	5187	174	2.956	0.009	0.07	0.3	1.47	0.1	6.67	0.16	16.94799995	0.968500137	2	290.21213	41.0643619
KIC 5786229	4950	80	3.095	0.007	-0.73	0.15	0.9	0.05	4.45	0.1	10.67410	0.911911024	1	290.27789	41.0599589
KIC 5787841	4927	142	2.457	0.009	-0.48	0.3	1.13	0.07	10.41	0.24	34.1609993	6.661998749	2	290.76968	41.0671081
KIC 5788559	5023	149	3.083	0.008	-0.08	0.3	1.23	0.07	5.28	0.11	15.93350	2.164746644	1	291.02493	41.04813
KIC 5790837	4681	137	2.579	0.009	0.28	0.3	1.7	0.12	11.1	0.28	53.11180	7.306113637	1	291.78229	41.0481681
KIC 5794180	5383	80	2.617	0.009	-0.09	0.15	1.89	0.12	11.18	0.26	3.683599949	0.195449948	2	292.85513	41.0555189
KIC 5794479	5118	152	3.224	0.008	-0.16	0.3	1.36	0.08	4.71	0.1	13.66575	1.862429231	1	292.94659	41.0365789
KIC 5794680	4975	149	3.196	0.008	-0.05	0.3	1.35	0.08	4.86	0.11	12.99079	1.796869934	1	293.00012	41.04039
KIC 5795688	5018	150	2.813	0.008	-0.57	0.3	1.29	0.08	7.37	0.16	30.92062	4.249017495	1	293.30933	41.0639111
KIC 5795915	4839	80	3.085	0.006	-0.25	0.15	1.05	0.05	4.85	0.09	12.79199982	0.443500042	2	293.37781	41.04158
KIC 5802020	4867	170	2.826	0.01	0.02	0.3	1.33	0.09	7.39	0.18	27.51217	4.407240777	1	295.03922	41.0019111
KIC 5802193	5032	160	3.149	0.014	-0.62	0.3	1.43	0.14	5.27	0.18	17.49099922	0.907999992	2	295.08383	41.0231781
KIC 5802573	5003	145	2.825	0.009	-0.17	0.3	1.51	0.09	7.87	0.18	28.36300087	0.586500168	2	295.1908	41.06356
KIC 5802685	4705	80	2.511	0.009	-0.32	0.15	1.22	0.12	10.18	0.44	45.59577	5.37166449	1	295.22495	41.0463411
KIC 5803651	4762	147	2.478	0.01	-0.17	0.3	1.45	0.12	11.51	0.35	61.16440	9.078566718	1	295.46863	41.0059319
KIC 5807711	5241	160	3.25	0.009	-0.93	0.3	0.99	0.06	3.92	0.09	11.28999996	0.280499935	2	296.37582	41.0928189
KIC 5809796	4584	160	2.387	0.015	-0.26	0.3	1.36	0.14	12.37	0.45	60.66083	10.30845064	1	296.83823	41.0091669
KIC 5820672	5019	162	3.055	0.01	-0.19	0.3	1.92	0.14	6.81	0.17	22.57500076	1.286000252	2	299.08252	41.09668
KIC 5857985	4733	138	2.456	0.026	0.04	0.3	1.04	0.19	10.02	0.62	33.51300049	2.415499687	2	284.82703	41.1577911
KIC 5866229	5204	182	3.084	0.009	-0.28	0.3	1.12	0.07	5.03	0.12	16.66003	2.666279681	1	288.4921	41.1672589
KIC 5867162	4921	151	2.502	0.009	-1	0.3	1.25	0.08	10.37	0.24	56.61891	8.023296256	1	288.82889	41.1761281
KIC 5867802	5189	169	2.905	0.009	0.09	0.3	1.58	0.1	7.35	0.17	35.16413	5.256511534	1	289.04062	41.1486019
KIC 5869785	4968	80	3.268	0.006	0.02	0.15	1.28	0.06	4.36	0.08	10.22299957	0.229500294	2	289.67596	41.1698911
KIC 5871381	4928	162	2.638	0.009	0.31	0.3	1.52	0.1	9.78	0.23	50.64669	7.648734063	1	290.19388	41.1184389
KIC 5876943	4738	100	3.097	0.007	0.14	0.3	1.29	0.07	5.33	0.1	12.85361	1.28434707	1	292.01334	41.1586111
KIC 5877086	4855	100	2.819	0.007	-0.37	0.3	1.02	0.05	6.5	0.12	21.07532	2.058868348	1	292.06229	41.1594581
KIC 5879114	4994	100	3.253	0.007	-0.12	0.3	1.21	0.06	4.3	0.08	8.692899704	0.214600086	2	292.72473	41.1105189
KIC 5879600	5041	176	3.088	0.011	-0.24	0.3	2.14	0.18	6.92	0.22	3.482800007	0.291399956	2	292.86972	41.1084711
KIC 5879610	4720	100	2.706	0.007	-0.46	0.3	1.1	0.06	7.7	0.16	35.69599915	3.040498734	2	292.87213	41.1210519
KIC 5880056	4945	100	3.146	0.007	-0.23	0.3	1.25	0.07	4.94	0.09	13.10116	1.258122324	1	293.00415	41.1389619
KIC 5880144	5029	100	3.339	0.026	-0.16	0.3	1.36	0.24	4.13	0.25	13.00699997	1.257999897	2	293.03174	41.15538
KIC 5880386	4802	168	2.55	0.017	-0.08	0.3	1.04	0.16	8.99	0.56	34.98500061	1.79750061	2	293.10461	41.1335831
KIC 5880996	5147	163	2.912	0.009	-0.13	0.3	1.89	0.12	7.97	0.19	5.095300198	0.663749933	2	293.27887	41.13446
KIC 5881079	5000	160	2.741	0.01	-0.1	0.3	1.85	0.13	9.6	0.23	28.95700073	1.400499344	2	293.30219	41.12476
KIC 5881316	4898	152	2.786	0.008	-0.08	0.3	1.3	0.08	7.63	0.17	20.8010006	1.302000046	2	293.38507	41.1922611
KIC 5881336	4560	80	2.672	0.007	-0.33	0.15	1.04	0.05	7.79	0.15	23.55726	2.046250116	1	293.39194	41.17252
KIC 5881468	4761	151	2.68	0.009	0.47	0.3	1.39	0.09	8.91	0.21	26.72800064	1.234499931	2	293.43564	41.1522411
KIC 5881794	4884	156	2.616	0.011	0.05	0.3	1.49	0.12	9.96	0.28	31.84700012	2.201001167	2	293.5239	41.1235811
KIC 5888454	5011	167	2.573	0.025	-0.36	0.3	1.61	0.29	10.86	0.69	54.1609993	5.143499374	2	295.3374	41.15451
KIC 5939253	4944	147	2.798	0.008	-0.16	0.3	1.16	0.07	7.12	0.16	25.0359993	1.087000847	2	283.47955	41.2890589
KIC 5940017	5031	152	2.92	0.009	-0.11	0.3	1.41	0.09	6.81	0.15	26.67485	3.706739018	1	283.82397	41.20293
KIC 5941057	4592	134	2.388	0.013	-0.21	0.3	1.17	0.11	11.44	0.4	52.24565	7.649611258	1	284.35364	41.22559
KIC 5941984	4958	146	3.273	0.009	-1.02	0.3	0.86	0.05	3.54	0.08	9.707699776	0.370399952	2	284.81866	41.2896311
KIC 5942638	4726	141	2.658	0.009	0.22	0.3	1.31	0.08	8.89	0.2	31.9109993	2.393501282	2	285.13077	41.27914
KIC 5942731	5003	175	2.935	0.011	-0.38	0.3	1.08	0.09	5.87	0.17	6.443600178	0.424450159	2	285.17273	41.2163811
KIC 5951057	5191	162	2.825	0.009	-0.25	0.3	1.55	0.1	7.99	0.19	25.45800018	1.890500069	2	288.86002	41.2966381
KIC 5952262	4896	148	2.701	0.009	0.12	0.3	1.36	0.09	8.63	0.2	30.48800087	2.271499634	2	289.2464	41.2724689
KIC 5953386	5120	154	3.071	0.008	-0.08	0.3	1.3	0.08	5.49	0.12	14.20800018	0.801000118	2	289.57788	41.2972411
KIC 5954353	4641	146	2.863	0.009	-2.47	0.3	0.79	0.05	5.46	0.13	16.85000038	2.34400034	2	289.8862	41.2096289
KIC 5961755	5583	190	2.966	0.009	-1.31	0.3	1.17	0.08	5.88	0.14	30.15891	4.706531754	1	292.30792	41.2334711
KIC 5961985	5069	100	3.327	0.008	0.67	0.3	1.73	0.1	4.72	0.1	9.177499771	0.125200272	2	292.37497	41.2234989
KIC 5963127	4850	169	2.831	0.01	-0.23	0.3	1.06	0.08	6.55	0.17	21.31278	3.430484825	1	292.7359	41.2415811
KIC 5963287	4910	100	3.211	0.007	-0.25	0.3	1.08	0.06	4.27	0.08	8.320199966	0.358150005	2	292.78763	41.2031519
KIC 5966485	4994	80	3.136	0.006	0.02	0.15	1.63	0.08	5.72	0.1	18.38400078	0.620500565	2	293.72519	41.2137789
KIC 5967234	4912	154	2.704	0.009	-0.06	0.3	1.27	0.08	8.29	0.2	35.91973	5.214443534	1	293.92636	41.2899889
KIC 5976266	5071	164	3.185	0.009	-0.48	0.3	1.29	0.09	4.81	0.12	13.73584	2.058272758	1	296.19678	41.2586589
KIC 5976864	4877	152	3.031	0.008	0.04	0.3	1.27	0.08	5.7	0.13	16.50256	2.367261038	1	296.31958	41.2619289
KIC 5978435	5101	159	3.227	0.009	-0.1	0.3	1.47	0.1	4.88	0.12	14.47610	2.0957736	1	296.67859	41.2541689
KIC 5978547	5006	163	3.137	0.01	-0.39	0.3	1.53	0.11	5.54	0.14	17.30507	2.61296157	1	296.70303	41.2855911
KIC 5981249	4898	157	3.109	0.009	0.05	0.3	1.31	0.08	5.29	0.12	12.59700012	0.384500027	2	297.29321	41.2256581
KIC 5983176	4990	161	3.212	0.009	-0.3	0.3	1.39	0.09	4.85	0.12	13.20600033	0.425000191	2	297.69531	41.2375489
KIC 5986709	4987	165	3.181	0.012	-0.28	0.3	1.3	0.12	4.85	0.16	14.34899998	0.578999996	2	298.46811	41.2771911
KIC 6019590	5066	154	2.882	0.009	-0.15	0.3	1.26	0.08	6.73	0.16	20.01300049	0.956000328	2	282.40649	41.36264
KIC 6021696	5086	157	3.213	0.008	0.03	0.3	1.2	0.07	4.49	0.1	12.11124	1.717860044	1	283.45056	41.3789411
KIC 6022348	5106	157	2.79	0.009	-0.29	0.3	1.27	0.08	7.51	0.17	34.41864	4.873692637	1	283.75818	41.3365781
KIC 6022709	4823	142	2.9	0.008	0.09	0.3	1.19	0.07	6.41	0.14	19.96069	2.707917539	1	283.93475	41.3448789
KIC 6023571	4841	141	2.99	0.008	0.25	0.3	1.26	0.08	5.95	0.13	17.45681	2.345748875	1	284.3486	41.3193889
KIC 6029189	4989	146	2.763	0.008	-0.11	0.3	1.58	0.1	8.65	0.19	41.61757	5.619394548	1	287.06824	41.3394319
KIC 6029474	4806	140	2.786	0.008	-0.04	0.3	1.3	0.08	7.62	0.16	27.81221	3.720723577	1	287.18341	41.33276
KIC 6033565	5039	152	2.712	0.009	-0.27	0.3	1.37	0.09	8.54	0.19	25.41600037	1.654000282	2	288.8945	41.3288689
KIC 6034084	5224	162	3.081	0.008	-0.04	0.3	1.67	0.1	6.16	0.14	15.29500008	0.707999706	2	289.07397	41.31979
KIC 6037948	5276	164	3.221	0.008	-0.11	0.3	1.54	0.1	5.04	0.11	11.55200005	0.446499825	2	290.33691	41.33873
KIC 6038512	4776	167	2.363	0.012	0.07	0.3	1.39	0.12	12.84	0.4	85.58000183	8.609500885	2	290.51819	41.3205411
KIC 6038749	5157	153	3.009	0.013	-0.44	0.3	1.28	0.12	5.87	0.19	9.269100189	0.12830019	2	290.5831	41.3521881
KIC 6041720	5302	210	2.86	0.011	-0.14	0.3	1.39	0.11	7.26	0.21	28.58499908	4.019000053	2	291.59949	41.3100811
KIC 6041863	5133	179	3.106	0.01	-0.75	0.3	1.19	0.09	5.06	0.13	13.22500038	2.16050005	2	291.64182	41.3470311
KIC 6042191	5193	161	3.158	0.009	-0.04	0.3	1.67	0.11	5.63	0.13	13.83899975	0.429500103	2	291.74341	41.3100011
KIC 6044684	5011	80	2.946	0.01	-0.16	0.15	1.45	0.1	6.7	0.17	25.41194	2.244924244	1	292.52545	41.3883289
KIC 6045556	4908	145	2.733	0.008	-0.39	0.3	1.1	0.07	7.48	0.16	31.34600067	5.538498878	2	292.78369	41.3690411
KIC 6045721	4988	148	2.896	0.008	-0.34	0.3	1.29	0.08	6.69	0.15	21.54899979	0.900500298	2	292.83289	41.3344119
KIC 6047216	4898	152	2.623	0.01	-0.02	0.3	1.24	0.09	9	0.22	32.00799942	1.300499916	2	293.30594	41.35574
KIC 6048081	5020	165	2.498	0.011	-0.07	0.3	1.5	0.12	11.44	0.34	43.04700089	2.706501007	2	293.5517	41.39053
KIC 6057532	4818	80	2.595	0.01	0.16	0.15	1.66	0.12	10.76	0.28	56.01215	5.11299581	1	296.05695	41.3816989
KIC 6059748	4901	171	2.642	0.019	-0.72	0.3	0.99	0.18	7.89	0.6	32.24656	7.139205905	1	296.57138	41.3339461
KIC 6099789	5263	157	3.147	0.012	-0.2	0.3	1.49	0.12	5.4	0.16	15.99400043	0.387499809	2	282.22372	41.4118389
KIC 6099979	4772	140	2.526	0.009	0.07	0.3	1.33	0.09	10.43	0.25	43.06399918	1.090999603	2	282.31726	41.4330789
KIC 6100454	4913	151	2.971	0.009	0.27	0.3	1.23	0.08	6.02	0.14	18.95704	2.691791318	1	282.55112	41.4505689
KIC 6100977	5216	162	3.138	0.009	-0.03	0.3	1.81	0.13	6.01	0.15	13.72700024	0.697500229	2	282.7886	41.4650311
KIC 6103082	4959	80	3.255	0.007	0.04	0.15	1.31	0.07	4.48	0.09	10.89740	0.90033276	1	283.78793	41.4868581
KIC 6104433	5123	157	3.204	0.008	0.01	0.3	1.23	0.07	4.59	0.1	13.02907	1.831618537	1	284.45563	41.46022
KIC 6106023	4982	150	2.732	0.008	-0.11	0.3	1.22	0.08	7.87	0.18	27.63599968	1.017000198	2	285.22397	41.4582789
KIC 6113902	4750	150	2.824	0.009	0.51	0.3	1.39	0.09	7.56	0.17	20.8029995	1.086999893	2	288.68417	41.4695211
KIC 6115435	4837	141	2.314	0.009	-0.46	0.3	1.16	0.08	12.45	0.32	126.3300018	17.70000076	2	289.22131	41.4066581
KIC 6117719	5059	158	2.873	0.009	-0.34	0.3	1.16	0.07	6.53	0.15	27.25600052	1.93200016	2	289.9559	41.4041481
KIC 6118199	5121	162	2.491	0.01	-0.27	0.3	1.3	0.09	10.72	0.27	70.95765	10.4398264	1	290.09976	41.4740181
KIC 6118242	5111	158	2.511	0.013	-0.36	0.3	1.72	0.16	12.05	0.39	106.4300003	11.19049835	2	290.11359	41.45351
KIC 6118941	5228	168	2.994	0.009	-0.07	0.3	1.32	0.08	6.06	0.14	24.63078	3.63703723	1	290.32358	41.4612619
KIC 6119179	5031	163	3.157	0.009	0.16	0.3	1.46	0.09	5.27	0.12	15.97456	2.37271983	1	290.38593	41.43137
KIC 6122418	4853	169	2.722	0.01	0.51	0.3	1.38	0.1	8.46	0.21	35.64285	5.705357702	1	291.45505	41.41991
KIC 6122861	4811	100	2.783	0.007	0.16	0.3	1.23	0.06	7.45	0.14	21.86800003	1.138999939	2	291.60245	41.4536781
KIC 6124015	5268	165	3.045	0.009	-0.14	0.3	1.47	0.09	6.03	0.14	17.21100044	0.798500061	2	291.9715	41.4033389
KIC 6124042	4687	100	2.693	0.008	-0.1	0.3	1.14	0.07	7.96	0.17	27.45342	2.830846379	1	291.98157	41.4852911
KIC 6124625	4996	100	2.884	0.007	-0.44	0.3	1.57	0.09	7.49	0.15	31.37935	3.039384411	1	292.16409	41.4038889
KIC 6126289	4723	100	2.55	0.01	-0.33	0.3	1.35	0.1	10.21	0.28	44.60300064	3.186000824	2	292.68954	41.4800111
KIC 6127193	4603	100	2.651	0.007	-0.09	0.3	1.24	0.07	8.72	0.18	30.64696	3.185907968	1	292.97235	41.4848711
KIC 6127848	4656	100	2.962	0.007	-0.03	0.3	1.2	0.06	5.98	0.11	16.3029995	0.632500172	2	293.16434	41.4749789
KIC 6128327	5073	162	2.891	0.009	-0.04	0.3	1.41	0.09	7.04	0.16	23.18899918	0.920499802	2	293.30756	41.4602319
KIC 6128820	4619	161	2.546	0.025	0.18	0.3	1.28	0.25	10	0.72	40.9469986	2.764501572	2	293.45474	41.47298
KIC 6139086	5058	165	3.028	0.009	-0.08	0.3	1.33	0.08	5.86	0.13	14.77099991	0.551499844	2	296.15063	41.44437
KIC 6139471	5063	80	3.306	0.007	0.05	0.15	1.67	0.09	4.75	0.09	13.31299973	0.384500027	2	296.2348	41.40834
KIC 6142360	5012	171	2.543	0.011	-0.16	0.3	1.51	0.12	10.89	0.31	67.18782	10.74014302	1	296.87488	41.4555589
KIC 6148210	4873	154	3.269	0.008	0.03	0.3	1.12	0.07	4.06	0.09	8.58370018	0.282949924	2	298.21622	41.4900589
KIC 6182668	5046	153	3.248	0.01	0.1	0.3	1.24	0.09	4.39	0.13	11.21782	1.632664934	1	282.9837	41.5721211
KIC 6183076	5444	181	2.8	0.01	-1.43	0.3	1.15	0.08	7.06	0.18	33.92900085	2.337500572	2	283.1825	41.5825119
KIC 6185456	4943	149	2.998	0.008	0.03	0.3	1.22	0.07	5.8	0.12	12.19200039	0.453500271	2	284.33698	41.5428581
KIC 6185855	4763	135	2.633	0.009	0.01	0.3	1.19	0.08	8.72	0.2	35.13547	4.638316609	1	284.52203	41.59782
KIC 6187304	5060	155	2.981	0.008	0.12	0.3	1.51	0.09	6.57	0.14	25.40524	3.561655268	1	285.23798	41.5884089
KIC 6188269	4958	100	2.726	0.009	-0.13	0.15	2.33	0.15	10.96	0.26	53.8730011	3.192501068	2	285.70065	41.59901
KIC 6196108	4995	151	3.229	0.01	-1.42	0.3	0.91	0.2	3.84	0.42	6.913199902	0.728399992	2	288.96683	41.5780111
KIC 6196194	5047	164	2.743	0.01	0.15	0.3	1.83	0.13	9.52	0.24	52.79559	7.954995081	1	289.00229	41.5650711
KIC 6196739	4824	146	2.487	0.011	-0.01	0.3	1.26	0.1	10.63	0.3	36.66799927	3.158000946	2	289.19623	41.5548781
KIC 6197161	5135	153	3.007	0.008	-0.56	0.3	1.17	0.07	5.61	0.12	15.82299995	0.473999977	2	289.34528	41.5976789
KIC 6197607	5134	160	2.557	0.01	-0.29	0.3	1.84	0.13	11.82	0.31	87.14630	12.72585329	1	289.51025	41.5927389
KIC 6199043	5218	169	2.994	0.009	0.08	0.3	1.77	0.11	7.01	0.16	32.70716	4.857718898	1	289.93539	41.5128289
KIC 6207093	5123	156	3.106	0.008	-0.57	0.3	1.32	0.08	5.32	0.12	16.07900047	0.521499634	2	292.51291	41.5278019
KIC 6207287	4946	100	2.869	0.008	-0.05	0.3	1.8	0.11	8.16	0.18	35.77563	3.562424324	1	292.57407	41.5865289
KIC 6207320	4705	100	2.785	0.007	0.24	0.3	1.29	0.07	7.62	0.15	23.74900055	0.877000809	2	292.58151	41.5290181
KIC 6207382	4575	100	2.505	0.008	0.1	0.3	1.16	0.07	9.98	0.22	35.30500031	2.899000168	2	292.60095	41.5838089
KIC 6208018	4990	100	3.299	0.007	-0.49	0.3	1.11	0.06	3.9	0.07	8.46685	0.805152096	1	292.79044	41.5111081
KIC 6208159	5207	167	3.209	0.009	-0.79	0.3	1.37	0.09	4.83	0.11	11.41399956	0.489999771	2	292.8327	41.56411
KIC 6208517	4960	80	2.898	0.006	0	0.15	1.28	0.06	6.65	0.12	18.9659996	0.741000175	2	292.94305	41.5806389
KIC 6208588	4726	100	2.988	0.008	-0.37	0.3	1.29	0.08	6.03	0.13	16.28546	1.671445074	1	292.96527	41.5352589
KIC 6209407	4894	153	2.424	0.011	-0.07	0.3	1.27	0.1	11.46	0.32	57.15399933	4.155500412	2	293.21768	41.5535889
KIC 6209522	4980	147	2.956	0.008	-0.19	0.3	1.34	0.08	6.38	0.14	16.75799942	0.74849987	2	293.25415	41.5952189
KIC 6210415	5021	157	2.736	0.009	-0.39	0.3	1.35	0.09	8.26	0.2	31.21199989	2.276000023	2	293.53552	41.5350189
KIC 6210483	5097	168	2.459	0.011	-0.56	0.3	1.47	0.11	11.85	0.33	55.79100037	3.954500198	2	293.55426	41.56554
KIC 6210663	4984	159	2.812	0.009	0.03	0.3	1.43	0.09	7.77	0.18	33.44604	4.907977268	1	293.61276	41.5314219
KIC 6222408	5018	80	3.231	0.006	-0.36	0.15	1.05	0.05	4.11	0.07	10.30300045	0.288499832	2	296.58923	41.5278281
KIC 6222530	4946	80	3.288	0.006	0.17	0.15	1.37	0.06	4.39	0.08	9.505999565	0.129499912	2	296.61783	41.5172311
KIC 6222768	4827	80	2.606	0.02	0.22	0.15	1.56	0.35	10.3	1.04	51.70996	11.78487493	1	296.68292	41.5046011
KIC 6223779	4868	150	3.235	0.009	0.12	0.3	1.27	0.08	4.51	0.1	10.25524	1.451538473	1	296.91345	41.5461389
KIC 6231193	4679	137	2.403	0.01	-0.44	0.3	0.97	0.07	10.25	0.26	52.875	0.399499893	2	298.57684	41.5311811
KIC 6232017	4869	147	3.25	0.009	0.25	0.3	1.9	0.14	5.42	0.14	14.82341	2.101536807	1	298.75305	41.5239789
KIC 6263718	5072	149	3.028	0.008	-0.29	0.3	1.24	0.07	5.66	0.12	14.38500023	0.563499928	2	283.06171	41.6947519
KIC 6263778	5180	163	2.46	0.01	-1.1	0.3	1.12	0.08	10.33	0.26	47.50999832	2.617498398	2	283.08939	41.6265489
KIC 6263808	5008	148	2.842	0.008	-0.41	0.3	1.16	0.07	6.76	0.15	18.74600029	1.022000313	2	283.10492	41.6355211
KIC 6265768	5189	155	3.203	0.008	-0.43	0.3	1.28	0.08	4.68	0.1	11.4630003	0.34250021	2	284.0351	41.6951219
KIC 6266003	5133	155	3.19	0.008	-0.02	0.3	1.27	0.08	4.74	0.1	14.00336	1.935899889	1	284.13919	41.6706089
KIC 6266244	5039	152	3.201	0.008	0.06	0.3	1.29	0.08	4.71	0.1	12.84132	1.774739197	1	284.25574	41.68108
KIC 6267605	5251	161	3.167	0.01	-0.11	0.3	1.51	0.1	5.3	0.13	7.34800005	1.498250008	2	284.95697	41.6563911
KIC 6268211	5117	155	2.941	0.008	-0.06	0.3	1.42	0.09	6.67	0.15	20.10899925	1.100500107	2	285.25082	41.65757
KIC 6271110	5031	155	3.25	0.009	0.05	0.3	1.27	0.08	4.42	0.1	1.092800021	0.21893999	2	286.71649	41.6410789
KIC 6271216	5068	158	2.678	0.009	-0.58	0.3	1.11	0.07	7.99	0.19	30.23699951	2.419499397	2	286.7673	41.6062389
KIC 6272632	4842	146	2.499	0.01	-0.15	0.3	1.15	0.09	9.99	0.29	49.25163	7.109570515	1	287.37476	41.6170689
KIC 6273024	4836	147	2.735	0.008	-0.36	0.3	1.06	0.07	7.31	0.16	26.24040	3.663729051	1	287.56787	41.6724011
KIC 6273090	4988	80	3.284	0.007	0.19	0.15	1.7	0.09	4.92	0.09	13.45323	1.081259936	1	287.60452	41.61367
KIC 6276871	5239	158	2.995	0.008	-0.15	0.3	1.54	0.09	6.54	0.14	21.97599983	1.080499649	2	289.13504	41.6290589
KIC 6278261	5093	158	3.029	0.008	0.08	0.3	1.4	0.09	5.99	0.13	21.67399	3.079481583	1	289.60223	41.6982381
KIC 6278757	5085	154	2.558	0.009	-0.41	0.3	1.49	0.1	10.62	0.26	46.02600098	4.275999069	2	289.75153	41.67625
KIC 6278805	5114	164	3.215	0.008	0.17	0.3	1.51	0.1	5.03	0.12	9.008199692	0.294549942	2	289.76447	41.63393
KIC 6279039	5397	164	3.098	0.013	-0.16	0.3	2.28	0.21	7.07	0.23	22.44300079	1.211999893	2	289.82602	41.6317289
KIC 6280182	5073	157	3.083	0.008	-0.05	0.3	1.35	0.08	5.54	0.12	12.32400036	0.547999859	2	290.18921	41.63464
KIC 6280636	5070	164	3.024	0.009	0.16	0.3	1.38	0.09	5.99	0.14	21.28512	3.165806602	1	290.32852	41.6575089
KIC 6284066	4818	80	2.974	0.006	-0.22	0.15	1.02	0.05	5.45	0.1	15.29399967	0.762499809	2	291.48172	41.6591911
KIC 6286267	4541	100	2.506	0.008	-0.5	0.3	1.08	0.06	9.62	0.21	37.77700043	2.563499451	2	292.20618	41.6564411
KIC 6287875	5023	151	2.985	0.009	-0.5	0.3	1.12	0.07	5.63	0.14	15.13399982	0.715500355	2	292.73029	41.6325489
KIC 6288174	5018	80	3.179	0.006	0.01	0.15	1.3	0.06	4.86	0.09	13.44577	1.079132614	1	292.82831	41.6566311
KIC 6290527	5190	155	3.037	0.009	-0.31	0.3	1.56	0.1	6.26	0.14	20.06599998	0.734000206	2	293.56314	41.6218111
KIC 6291143	4703	144	3.116	0.01	-1.78	0.3	0.75	0.06	3.96	0.11	4.656700134	0.3671	2	293.73712	41.6567689
KIC 6292372	4991	156	2.46	0.011	-0.23	0.3	1.45	0.12	11.75	0.33	53.12099838	4.401000977	2	294.08603	41.6868781
KIC 6293109	4994	147	3.005	0.008	-0.11	0.3	1.35	0.08	6.05	0.13	20.44068	2.767272117	1	294.29187	41.6891589
KIC 6293629	5240	168	3.29	0.009	0.02	0.3	1.44	0.09	4.5	0.11	9.526900291	0.307799816	2	294.43283	41.62534
KIC 6293850	5036	155	3.25	0.009	0.19	0.3	1.24	0.08	4.37	0.1	11.02799	1.564898847	1	294.49423	41.6917611
KIC 6294455	4729	139	2.731	0.009	0.38	0.3	1.31	0.09	8.18	0.19	30.04515	4.100884112	1	294.66757	41.6739881
KIC 6294647	4772	148	2.299	0.01	-0.38	0.3	1.43	0.11	14.02	0.41	66.20500183	5.256999969	2	294.71906	41.6008911
KIC 6294696	4999	160	2.501	0.014	-0.06	0.3	1.28	0.13	10.51	0.37	50.68799973	4.758998871	2	294.73318	41.6590689
KIC 6300962	5025	157	3.179	0.011	-1.04	0.3	1.33	0.1	4.92	0.13	13.85687	2.030116402	1	296.28021	41.6588711
KIC 6305269	5169	175	3.215	0.009	-0.56	0.3	1	0.07	4.08	0.1	11.24600029	0.431499958	2	297.23193	41.6887889
KIC 6307132	4905	80	3.274	0.008	0.28	0.15	1.41	0.08	4.53	0.1	10.66456	0.911625951	1	297.64719	41.66766
KIC 6309862	4988	161	2.814	0.011	-0.43	0.3	1.15	0.1	6.95	0.21	62.01599884	0.493501663	2	298.3143	41.6030689
KIC 6311518	4692	80	2.378	0.012	-0.04	0.15	1.55	0.14	13.34	0.43	77.43445	7.827212649	1	298.67728	41.6937219
KIC 6344679	5084	155	3.091	0.009	0.04	0.3	1.52	0.1	5.81	0.13	13.78999996	0.751999855	2	284.03748	41.74958
KIC 6346532	5095	155	3.242	0.008	0.03	0.3	1.31	0.08	4.53	0.1	9.168299675	0.322599888	2	284.95929	41.7038611
KIC 6350495	5134	164	2.614	0.011	-0.1	0.3	1.67	0.13	10.55	0.29	41.29499817	4.472999573	2	286.87238	41.7532081
KIC 6352407	5117	165	3.291	0.008	0.46	0.3	1.46	0.09	4.53	0.1	12.63132	1.8620904	1	287.73349	41.7670589
KIC 6356545	4772	100	2.7	0.007	-0.4	0.3	1.16	0.06	7.95	0.15	28.62599945	1.920499802	2	289.33875	41.7734181
KIC 6356847	5246	161	3.095	0.008	-0.1	0.3	1.43	0.09	5.61	0.12	13.625	0.586499691	2	289.43607	41.7621611
KIC 6357709	5198	157	3.126	0.008	-0.34	0.3	1.26	0.08	5.09	0.11	16.98131	2.354135419	1	289.69678	41.7034681
KIC 6357914	5154	180	2.764	0.01	-0.93	0.3	1.23	0.09	7.62	0.19	18.58699989	1.248000145	2	289.76208	41.7423519
KIC 6358970	4847	100	2.739	0.007	-0.28	0.3	1.53	0.08	8.74	0.18	37.85345	3.774939992	1	290.10309	41.7403789
KIC 6363813	5002	100	2.533	0.008	-1	0.3	1.13	0.07	9.55	0.2	51.66600037	3.784500122	2	291.74164	41.7346611
KIC 6364505	4966	173	2.891	0.01	-0.52	0.3	1.17	0.08	6.41	0.16	22.43538	3.594617485	1	291.96997	41.78495
KIC 6366132	4722	143	2.474	0.01	-0.93	0.3	1.13	0.09	10.22	0.27	46.84899902	3.435499191	2	292.48816	41.7437289
KIC 6367722	4876	147	2.666	0.009	-0.73	0.3	1.18	0.08	8.34	0.19	35.64300156	2.8125	2	293.01584	41.7366411
KIC 6367943	4666	80	2.593	0.008	-0.06	0.15	1.59	0.09	10.56	0.23	42.95800018	2.462999344	2	293.08682	41.7502519
KIC 6369845	5121	156	2.77	0.01	-0.4	0.3	2.24	0.17	10.22	0.27	45.71300125	3.333499908	2	293.64758	41.7306789
KIC 6381328	5006	156	3.044	0.008	0.1	0.3	1.42	0.09	5.93	0.13	19.82729	2.831567448	1	296.65506	41.7519
KIC 6383228	5067	80	2.876	0.008	0.05	0.15	2.38	0.14	9.32	0.2	51.40744	4.264606838	1	297.08145	41.73344
KIC 6391283	5054	173	2.897	0.01	-0.55	0.3	1.62	0.12	7.5	0.19	32.94989	5.204486393	1	298.88791	41.7622489
KIC 6392210	4977	167	3.19	0.009	0.27	0.3	1.33	0.09	4.86	0.13	10.20899963	0.43324995	2	299.08356	41.76226
KIC 6392893	4964	162	3.003	0.014	-0.42	0.3	1.45	0.14	6.29	0.21	21.56845	3.411007732	1	299.22217	41.7818411
KIC 6419024	4941	147	2.613	0.009	-0.45	0.3	1.18	0.08	8.89	0.21	34.76800156	2.295000076	2	281.79248	41.8454089
KIC 6421272	5031	151	2.888	0.012	-0.34	0.3	1.25	0.11	6.67	0.2	25.58936	3.702100892	1	282.94641	41.8109019
KIC 6421937	5089	154	3.179	0.009	-0.02	0.3	1.36	0.1	4.97	0.14	11.76799965	0.575000286	2	283.25659	41.80315
KIC 6423961	5023	153	2.805	0.009	-0.07	0.3	1.48	0.09	7.97	0.18	24.3409996	1.012000084	2	284.25876	41.8788989
KIC 6424320	5144	155	2.957	0.008	-0.49	0.3	1.27	0.08	6.19	0.14	17.06299973	0.668000221	2	284.44016	41.88015
KIC 6424515	5154	155	3.071	0.008	-0.15	0.3	1.52	0.1	5.95	0.14	22.42860	3.128609213	1	284.55276	41.8809089
KIC 6424969	4870	143	2.666	0.009	-0.05	0.3	1.26	0.08	8.63	0.21	24.71999931	1.335499763	2	284.78159	41.8475489
KIC 6425048	5324	167	3.02	0.008	-1.01	0.3	1.11	0.07	5.39	0.12	19.00399971	0.629500389	2	284.82016	41.8358919
KIC 6425377	5066	150	3.122	0.008	-0.1	0.3	1.37	0.08	5.32	0.12	16.73688	2.290747507	1	284.98364	41.8813511
KIC 6425816	5060	152	3.104	0.008	-0.28	0.3	1.39	0.08	5.48	0.12	15.30900002	0.681000233	2	285.2114	41.8693081
KIC 6429836	4758	141	2.495	0.01	0.07	0.3	1.34	0.1	10.84	0.29	43.64500046	3.01499939	2	287.07925	41.89249
KIC 6430362	5066	177	3.036	0.009	-0.16	0.3	1.21	0.08	5.52	0.13	14.93000031	0.59250021	2	287.31378	41.8469769
KIC 6431097	5129	157	3.17	0.008	-0.28	0.3	1.27	0.08	4.85	0.11	12.3210001	0.641000271	2	287.64804	41.8323781
KIC 6431741	5287	158	3.277	0.008	-0.61	0.3	1.14	0.07	4.07	0.09	11.62028	1.599802655	1	287.91647	41.8341411
KIC 6435623	5247	100	3.257	0.007	0.29	0.3	1.3	0.07	4.43	0.09	8.142299652	0.248899937	2	289.4024	41.8305819
KIC 6440619	5059	152	3	0.008	-0.24	0.3	1.34	0.08	6.06	0.13	14.68099976	0.603000164	2	291.03732	41.88245
KIC 6440816	5141	151	3.29	0.009	-0.53	0.3	1.28	0.08	4.25	0.1	11.32815	1.547823414	1	291.10822	41.8498919
KIC 6441622	5350	162	3.135	0.009	-0.58	0.3	1.47	0.09	5.43	0.12	21.68729	3.020837435	1	291.38568	41.87743
KIC 6441639	5046	150	3.079	0.009	-1.04	0.3	1.04	0.07	4.87	0.11	14.11600018	1.367000103	2	291.39185	41.8855019
KIC 6442414	4734	100	2.889	0.007	0.16	0.3	1.29	0.07	6.74	0.13	15.4659996	0.804000378	2	291.6575	41.875
KIC 6443316	4698	100	2.798	0.007	-0.92	0.3	0.96	0.05	6.46	0.12	18.25188	1.833664387	1	291.96646	41.8572811
KIC 6444709	5148	156	2.883	0.008	-0.6	0.3	1.34	0.08	6.94	0.15	22.69000053	1.046500206	2	292.44376	41.8102489
KIC 6444771	4547	100	2.656	0.009	0.33	0.3	1.29	0.08	8.85	0.2	30.05916	3.209743542	1	292.46295	41.8128011
KIC 6445396	5267	170	2.955	0.009	-0.05	0.3	2.37	0.16	8.49	0.2	34.11500168	2.621999741	2	292.66699	41.8985211
KIC 6446443	4858	170	2.576	0.034	-0.02	0.3	1.11	0.58	8.98	2.21	40.32489	23.3218199	1	292.99106	41.8018489
KIC 6446700	5039	159	2.838	0.01	-0.07	0.3	1.48	0.1	7.67	0.19	34.05326	4.98820787	1	293.07172	41.8564911
KIC 6447914	5104	166	2.582	0.009	0.02	0.3	2.24	0.16	12.69	0.32	98.11975	14.79641346	1	293.44751	41.8336489
KIC 6448299	5187	171	3.229	0.009	0.28	0.3	1.56	0.1	5.02	0.12	16.37808	2.484260324	1	293.56873	41.8317789
KIC 6449326	5053	152	2.816	0.01	-0.45	0.3	1.66	0.12	8.34	0.2	40.71175	5.694171072	1	293.88785	41.89521
KIC 6449756	5191	164	2.905	0.009	-0.1	0.3	1.6	0.11	7.39	0.17	35.60275	5.174860098	1	294.01312	41.8779181
KIC 6450010	5208	169	3.286	0.009	-0.04	0.3	1.46	0.1	4.55	0.11	9.874500275	0.507750034	2	294.08432	41.8778381
KIC 6450868	5249	177	3.063	0.009	0.03	0.3	1.54	0.1	6.04	0.14	24.86398	3.83719474	1	294.34537	41.84687
KIC 6451273	5080	168	3.267	0.009	0.27	0.3	1.25	0.08	4.31	0.1	11.10708	1.684125017	1	294.46219	41.8426511
KIC 6451676	5105	169	2.696	0.009	-0.62	0.3	1.14	0.08	7.93	0.19	38.34598	5.839850281	1	294.57471	41.8579219
KIC 6452091	5168	157	3.292	0.009	-0.79	0.3	1.22	0.08	4.13	0.09	9.946299553	0.327300072	2	294.69196	41.8525889
KIC 6452312	4826	146	2.534	0.01	0.01	0.3	1.55	0.12	11.15	0.29	46.07799911	1.572500229	2	294.75922	41.8728789
KIC 6462170	4971	162	3.231	0.009	-0.26	0.3	1.13	0.07	4.26	0.1	9.179499626	0.311100006	2	297.16965	41.8185619
KIC 6497663	5225	182	3.316	0.009	-0.28	0.3	1.12	0.07	3.86	0.09	9.375	0.140999794	2	281.93729	41.9907489
KIC 6501237	4761	100	2.704	0.007	-0.14	0.15	1.32	0.07	8.46	0.17	33.01596	3.324438347	1	283.64996	41.9299011
KIC 6502598	5067	153	3.064	0.008	0.01	0.3	1.32	0.08	5.59	0.12	13.22500038	0.503499985	2	284.25967	41.93362
KIC 6503502	4730	80	2.465	0.016	0.11	0.15	1.27	0.15	10.91	0.44	53.49148	6.039243137	1	284.65771	41.9558411
KIC 6507437	4773	150	3.025	0.009	-0.1	0.3	1.09	0.08	5.32	0.13	13.18802	1.921610766	1	286.51282	41.9810911
KIC 6508028	4994	154	2.524	0.009	-0.23	0.3	1.28	0.09	10.25	0.25	47.82500076	3.117500305	2	286.76678	41.9878311
KIC 6509511	5144	155	2.872	0.008	-0.5	0.3	1.29	0.08	6.9	0.15	25.59300041	1.552999496	2	287.43076	41.9522711
KIC 6510183	4914	140	2.83	0.008	-0.16	0.3	1.37	0.08	7.45	0.16	24.90600014	0.164999962	2	287.72311	41.9855611
KIC 6510527	4917	148	2.667	0.009	-0.1	0.3	1.28	0.09	8.7	0.21	27.68799973	1.487999916	2	287.86008	41.93771
KIC 6511119	4948	138	2.658	0.009	-0.07	0.3	1.14	0.07	8.27	0.19	35.50299835	5.525999069	2	288.10477	41.99369
KIC 6511926	5046	156	2.509	0.011	-0.35	0.3	1.33	0.11	10.62	0.3	51.67399979	4.75	2	288.41678	41.9744111
KIC 6515400	5153	153	3.065	0.008	-0.29	0.3	1.35	0.08	5.65	0.12	15.63599968	0.709499836	2	289.63715	41.9113011
KIC 6515646	4848	100	2.732	0.008	-0.21	0.3	1.31	0.07	8.16	0.17	33.02336	3.300070091	1	289.71048	41.9415511
KIC 6516481	5396	160	3.309	0.008	-0.17	0.3	1.37	0.08	4.3	0.09	9.610300064	0.167350292	2	289.97116	41.98801
KIC 6517255	4956	150	2.88	0.009	0.04	0.3	1.65	0.11	7.71	0.18	21.15399933	1.342499733	2	290.21606	41.9545711
KIC 6519705	5155	180	2.958	0.009	-0.44	0.3	1.15	0.08	5.89	0.14	6.878499985	0.420399904	2	290.96378	41.99984
KIC 6519891	4806	100	2.472	0.008	-0.84	0.3	1.06	0.07	9.92	0.22	47.13559	4.803011904	1	291.02307	41.96244
KIC 6520808	5256	183	2.582	0.01	-0.5	0.3	1.24	0.09	9.42	0.25	14.93099976	0.047500134	2	291.30997	41.9162411
KIC 6521236	5029	151	2.599	0.009	-0.55	0.3	1.18	0.08	9.01	0.21	46.61940	6.486136099	1	291.44196	41.9282189
KIC 6522569	4800	80	3.108	0.006	0.21	0.15	1.18	0.06	5.02	0.09	12.01055	0.988544426	1	291.86844	41.97282
KIC 6525651	4855	144	3.01	0.008	-0.97	0.3	0.98	0.06	5.13	0.11	18.63299942	2.688499451	2	292.8642	41.9529419
KIC 6526384	5308	162	3.205	0.008	-0.51	0.3	1.38	0.09	4.86	0.11	16.83398	2.367854973	1	293.08423	41.9396711
KIC 6526403	4912	153	2.718	0.009	0.2	0.3	1.3	0.09	8.27	0.2	35.74662	5.161017035	1	293.09109	41.9784389
KIC 6527100	5077	163	2.618	0.009	-0.01	0.3	1.66	0.11	10.48	0.25	38.05099869	3.180999756	2	293.29688	41.93288
KIC 6527225	5032	156	2.563	0.01	-0.21	0.3	1.59	0.11	10.9	0.27	45.83000183	3.064998627	2	293.33371	41.91864
KIC 6529372	5143	157	3.274	0.012	-0.1	0.3	1.17	0.1	4.13	0.13	10.71413	1.586507451	1	294.00162	41.9067919
KIC 6530166	5185	160	2.841	0.009	-0.65	0.3	1.63	0.11	8.03	0.19	36.82899857	3.649499893	2	294.23148	41.9780389
KIC 6530474	5126	162	2.941	0.009	0	0.3	1.76	0.11	7.44	0.17	20.09000015	0.925999641	2	294.31415	41.9439581
KIC 6531162	5175	181	3.065	0.013	-0.42	0.3	1.3	0.13	5.55	0.19	19.83435	3.336739758	1	294.50809	41.9563789
KIC 6535400	4796	138	2.844	0.008	0.21	0.3	1.35	0.08	7.29	0.15	25.24424	3.33276334	1	295.61304	41.9571419
KIC 6535718	5336	174	3.303	0.009	-0.24	0.3	1.15	0.08	3.96	0.1	9.73429966	0.369850159	2	295.68753	41.9767111
KIC 6586390	5012	151	2.653	0.009	-0.27	0.3	1.23	0.08	8.67	0.21	42.58660	5.972347115	1	284.66931	42.0945819
KIC 6590359	5042	152	2.593	0.008	-0.17	0.3	1.24	0.08	9.31	0.21	36.31000137	1.590999603	2	286.45041	42.0520289
KIC 6591488	5143	151	2.847	0.008	-0.51	0.3	1.15	0.07	6.69	0.14	20.83799934	3.004500389	2	286.93066	42.08873
KIC 6592532	5087	161	2.881	0.01	0.06	0.3	2	0.15	8.5	0.22	26.76300049	1.461999893	2	287.35437	42.0771481
KIC 6593633	4763	141	2.395	0.01	-0.31	0.3	1.22	0.09	11.59	0.29	62.06971	8.612003329	1	287.78299	42.0763589
KIC 6593882	5075	153	2.616	0.009	-0.35	0.3	1.33	0.09	9.41	0.23	52.73682	7.40913478	1	287.88263	42.04567
KIC 6595711	4994	155	2.596	0.009	-0.12	0.3	1.53	0.1	10.3	0.25	38.63899994	2.681999207	2	288.54889	42.0460011
KIC 6599692	4758	100	2.6	0.007	-0.22	0.3	1.21	0.07	9.14	0.19	38.43976	3.896776916	1	289.83862	42.06826
KIC 6599718	5115	80	3.271	0.009	-0.34	0.15	1.16	0.07	4.13	0.09	10.72599983	0.298500061	2	289.84311	42.08387
KIC 6603635	4996	155	2.451	0.009	-0.12	0.3	1.52	0.1	12.16	0.3	52.86000061	4.478500366	2	291.05081	42.0829811
KIC 6604620	4882	100	2.995	0.007	-0.33	0.3	1.4	0.07	6.23	0.12	22.05400085	0.945500374	2	291.35239	42.0392
KIC 6604868	5255	163	2.854	0.009	-0.95	0.3	1.13	0.07	6.6	0.15	29.82423	4.258245141	1	291.43243	42.0867119
KIC 6606333	4981	152	3.091	0.008	0.16	0.3	1.48	0.09	5.73	0.12	18.14537	2.530593005	1	291.8905	42.0507319
KIC 6609735	5306	157	3.288	0.012	-0.87	0.3	1.02	0.09	3.81	0.12	8.98029995	0.467900276	2	292.88022	42.01664
KIC 6612496	5041	149	3.086	0.009	-0.43	0.3	1.1	0.08	4.98	0.14	4.743800163	0.282000065	2	293.66705	42.0561489
KIC 6613226	5002	156	2.551	0.01	-0.89	0.3	1.13	0.08	9.35	0.23	49.13472	7.117245319	1	293.87344	42.0354611
KIC 6614684	5096	155	2.877	0.009	-0.14	0.3	1.56	0.1	7.52	0.17	34.24080	4.800974298	1	294.26984	42.0513611
KIC 6614914	5020	154	2.719	0.009	-0.28	0.3	1.33	0.09	8.36	0.19	27.26199913	1.597999573	2	294.32834	42.0450781
KIC 6615918	4996	149	3.156	0.008	-0.25	0.3	1.12	0.07	4.63	0.1	11.99064	1.643390523	1	294.59598	42.04557
KIC 6619186	5035	80	3.145	0.006	-0.2	0.15	1.22	0.06	4.9	0.08	12.45400047	0.491499901	2	295.43341	42.0545081
KIC 6619457	4878	155	2.518	0.012	-0.48	0.3	1.25	0.11	10.19	0.31	52.78446	8.024908938	1	295.4967	42.0946811
KIC 6619571	4862	148	2.579	0.011	-0.04	0.3	1.49	0.12	10.38	0.28	45.0320015	3.755498886	2	295.52252	42.0400511
KIC 6619837	4908	151	2.734	0.009	-0.16	0.3	1.51	0.1	8.75	0.2	39.88640	5.657207291	1	295.5798	42.0041389
KIC 6620181	4952	161	2.416	0.011	-0.5	0.3	1.34	0.11	11.87	0.35	67.26599884	4.451999664	2	295.66498	42.0093919
KIC 6620586	5356	173	3.15	0.009	-0.33	0.3	1.94	0.13	6.13	0.15	27.76347	4.145835001	1	295.7554	42.0918389
KIC 6620826	5070	157	2.719	0.009	-0.56	0.3	1.13	0.07	7.71	0.18	35.26396	5.043181427	1	295.80487	42.01181
KIC 6632130	5001	157	3.262	0.011	-0.66	0.3	0.91	0.07	3.69	0.1	10.36999989	0.234000206	2	298.26105	42.05349
KIC 6665526	4993	80	3.23	0.012	-0.25	0.15	1.09	0.09	4.19	0.12	11.89299965	0.171499729	2	281.90692	42.1015011
KIC 6672102	4906	148	2.719	0.009	-0.01	0.3	1.28	0.08	8.18	0.19	34.80225	4.860035443	1	284.89063	42.1078989
KIC 6677087	4677	135	2.477	0.009	0.29	0.3	1.27	0.08	10.77	0.25	35.76499939	2.784000397	2	287.07758	42.1800689
KIC 6677400	4937	150	2.457	0.013	-0.13	0.3	1.33	0.12	11.28	0.36	67.86740	10.03972182	1	287.20203	42.1652181
KIC 6677753	4904	150	2.662	0.01	-0.07	0.3	1.23	0.09	8.57	0.21	25.62700081	1.787500381	2	287.34772	42.1398011
KIC 6679325	5068	151	3.044	0.008	-0.14	0.3	1.32	0.08	5.72	0.12	19.37890	2.645286752	1	287.95749	42.19846
KIC 6680023	4968	151	3.135	0.008	0.19	0.3	1.28	0.08	5.07	0.11	14.05830	1.960811647	1	288.19608	42.1531719
KIC 6680738	4854	145	2.447	0.01	-0.18	0.3	1.23	0.09	10.98	0.29	58.11999893	8.51099968	2	288.46628	42.11377
KIC 6688146	5012	157	2.755	0.009	-0.03	0.3	1.5	0.1	8.49	0.2	40.83665	5.906626233	1	290.78387	42.1835781
KIC 6688966	5396	170	3.121	0.009	-0.17	0.3	1.9	0.12	6.28	0.14	17.99300003	0.729499817	2	291.04883	42.1012919
KIC 6689815	4773	100	2.684	0.008	-0.62	0.3	1.16	0.07	8.11	0.17	30.64771	3.104093968	1	291.31558	42.1144411
KIC 6690480	4759	100	2.566	0.008	-0.16	0.3	1.51	0.09	10.62	0.24	51.94005	5.354069362	1	291.51093	42.1511311
KIC 6690523	5164	161	3.181	0.009	0	0.3	1.72	0.11	5.57	0.13	19.80824	2.849908476	1	291.5249	42.1699411
KIC 6690894	5190	168	3.209	0.009	0.13	0.3	1.47	0.1	4.99	0.13	16.22038	2.446076517	1	291.63177	42.1844411
KIC 6691011	5023	155	2.563	0.009	-0.41	0.3	1.24	0.08	9.64	0.22	42.51100159	2.123500824	2	291.67014	42.1907689
KIC 6692150	5162	161	3.053	0.008	0.01	0.3	1.49	0.09	6.02	0.14	23.10232	3.32359462	1	292.02548	42.1072081
KIC 6692313	4957	155	2.276	0.011	-0.29	0.3	1.28	0.11	13.66	0.43	60.45500183	5.376501083	2	292.07959	42.1264
KIC 6694635	5025	159	2.668	0.009	-0.03	0.3	1.58	0.11	9.66	0.23	53.41818	7.80598292	1	292.74966	42.1654211
KIC 6695465	5192	166	3.218	0.008	0.09	0.3	1.48	0.09	4.95	0.11	15.98599	2.340026665	1	292.99319	42.1091311
KIC 6698391	5116	161	3.185	0.018	-0.12	0.3	1.51	0.2	5.2	0.25	15.05000019	2.940499783	2	293.77048	42.12442
KIC 6698414	5234	166	3.282	0.01	-0.14	0.3	1.37	0.1	4.42	0.12	8.763699532	0.295499802	2	293.77615	42.1791111
KIC 6698753	5074	157	2.517	0.01	-0.48	0.3	1.32	0.09	10.49	0.26	65.48523	9.429311098	1	293.85422	42.1033289
KIC 6698936	5013	162	2.692	0.009	-0.1	0.3	1.34	0.09	8.64	0.21	42.32616	6.318114137	1	293.90295	42.1566089
KIC 6701391	5040	162	2.523	0.013	0	0.3	1.29	0.12	10.29	0.34	43.95800018	3.288499832	2	294.52814	42.1301989
KIC 6706882	5183	164	3.253	0.009	-0.01	0.3	1.34	0.09	4.53	0.11	9.648500443	0.271550179	2	295.80783	42.1143111
KIC 6707779	5143	164	2.944	0.009	-0.22	0.3	1.77	0.11	7.42	0.17	22.93499947	1.807499886	2	296.01797	42.1971211
KIC 6751371	4894	144	2.589	0.009	-0.36	0.3	1.2	0.08	9.2	0.21	25.22500038	2.951499939	2	281.52707	42.22393
KIC 6751562	4800	140	3.139	0.008	0.22	0.3	1.19	0.07	4.87	0.1	9.208499908	0.279200077	2	281.64557	42.2923811
KIC 6756156	5070	151	3.125	0.008	-0.53	0.3	1.06	0.06	4.67	0.1	13.07999992	0.456500053	2	283.87534	42.2335889
KIC 6756369	5021	155	3.232	0.008	-0.02	0.3	1.15	0.07	4.31	0.1	10.60000	1.510625095	1	283.97293	42.2765881
KIC 6758291	4951	148	3.26	0.008	-0.27	0.3	1.15	0.07	4.16	0.09	9.33574	1.282415444	1	284.78934	42.2330089
KIC 6758326	4767	142	2.881	0.008	-0.31	0.3	1.06	0.07	6.18	0.14	17.70713	2.437773649	1	284.80939	42.2381289
KIC 6762079	5168	154	3.037	0.008	-0.49	0.3	1.32	0.08	5.77	0.13	14.86699963	0.639500141	2	286.49905	42.2066919
KIC 6762465	5053	151	2.924	0.008	-0.39	0.3	1.25	0.08	6.4	0.14	16.72599983	0.910499573	2	286.67429	42.2594411
KIC 6763459	5048	154	3.114	0.008	0.01	0.3	1.41	0.09	5.45	0.12	17.31653	2.427219826	1	287.06497	42.2463419
KIC 6764288	5179	156	2.874	0.009	-0.6	0.3	1.7	0.11	7.89	0.18	28.03800011	2.842499733	2	287.40201	42.28043
KIC 6764668	5033	151	2.727	0.009	-0.27	0.3	1.41	0.09	8.5	0.2	21.43899918	2.362499237	2	287.56107	42.2332
KIC 6764890	4884	145	2.645	0.009	-0.07	0.3	1.21	0.08	8.66	0.21	38.31148	5.305378183	1	287.64511	42.2848011
KIC 6765116	5000	175	3.197	0.011	-0.39	0.3	1.08	0.09	4.33	0.12	13.31499958	2.1875	2	287.74362	42.2325289
KIC 6765563	5205	158	3.248	0.009	-0.5	0.3	1.26	0.08	4.42	0.1	9.731900215	0.353600025	2	287.90686	42.2087211
KIC 6767165	4983	153	2.861	0.008	-0.1	0.3	1.4	0.09	7.28	0.16	29.33708	4.135174598	1	288.51041	42.26738
KIC 6767489	5065	148	3.283	0.008	-0.07	0.3	1.25	0.08	4.23	0.1	8.787899971	0.125850201	2	288.64133	42.2820011
KIC 6767610	5101	159	2.457	0.01	-0.81	0.3	1.16	0.08	10.55	0.27	67.97699738	4.478000641	2	288.68777	42.20409
KIC 6773751	4853	153	2.671	0.009	0.03	0.3	1.51	0.1	9.4	0.22	29.81800079	1.462999344	2	290.67212	42.27507
KIC 6775809	5083	157	2.56	0.01	-0.5	0.3	1.41	0.1	10.32	0.26	63.83081	9.197033625	1	291.33551	42.2675089
KIC 6776349	5169	164	3.034	0.009	-0.64	0.3	1.31	0.08	5.75	0.13	16.94799995	0.96849966	2	291.50443	42.29578
KIC 6776494	5067	155	3.281	0.009	-0.18	0.3	1.13	0.07	4.03	0.09	9.61179	1.352688699	1	291.54144	42.2506789
KIC 6777373	5098	157	2.81	0.009	-0.27	0.3	1.31	0.08	7.45	0.17	33.65909	4.777235993	1	291.82785	42.2064781
KIC 6777392	5141	150	3.236	0.009	-0.72	0.3	1.02	0.07	4.03	0.12	10.39099979	0.794149876	2	291.83313	42.27475
KIC 6777411	4796	149	2.308	0.012	0.02	0.3	1.75	0.15	15.37	0.48	70.06099701	6.528999329	2	291.83768	42.2704011
KIC 6779376	4924	149	2.756	0.008	-0.1	0.3	1.28	0.08	7.84	0.18	26.97599983	2.020999908	2	292.4317	42.2879489
KIC 6779477	5038	159	2.556	0.01	-0.68	0.3	1.18	0.08	9.48	0.24	44.27700043	3.110500336	2	292.46088	42.22752
KIC 6780309	4817	146	2.648	0.009	0.11	0.3	1.29	0.08	8.91	0.21	38.37537	5.391116784	1	292.70169	42.2636489
KIC 6780411	4975	150	2.63	0.009	-0.38	0.3	1.29	0.08	9.11	0.21	33.01699829	2.015000343	2	292.73163	42.2307819
KIC 6782167	5112	155	3.149	0.009	-0.65	0.3	1.45	0.09	5.31	0.12	14.98099995	0.578500271	2	293.24799	42.2070081
KIC 6782863	4868	143	3.229	0.008	-0.58	0.3	1	0.06	4.03	0.09	8.18847	1.111570538	1	293.43692	42.24881
KIC 6783906	5085	157	2.992	0.009	-0.15	0.3	1.62	0.11	6.72	0.16	18.09000015	0.789000511	2	293.72345	42.2873381
KIC 6785068	5050	155	2.869	0.008	-0.21	0.3	1.49	0.09	7.43	0.16	25.6989994	1.484499931	2	294.03976	42.2548789
KIC 6785484	4889	151	2.517	0.012	-0.52	0.3	1.31	0.11	10.46	0.31	56.12212	8.29469906	1	294.14615	42.2716289
KIC 6790772	5153	155	3.192	0.008	-0.07	0.3	1.7	0.1	5.47	0.12	14.88000011	0.532000065	2	295.48044	42.2794611
KIC 6791445	4807	80	2.575	0.008	-0.05	0.15	1.85	0.11	11.64	0.25	64.95207	5.583669792	1	295.63715	42.20723
KIC 6793326	5133	160	3.2	0.01	-0.15	0.3	1.6	0.12	5.26	0.13	13.95600033	0.44299984	2	296.05746	42.2600781
KIC 6793808	4844	150	2.869	0.008	-0.06	0.3	1.19	0.07	6.65	0.15	21.86001	3.113787739	1	296.16107	42.2041211
KIC 6795089	4895	159	2.682	0.009	-0.35	0.3	1.24	0.08	8.4	0.2	34.10900116	2.024999619	2	296.44431	42.28735
KIC 6801204	4997	164	3.144	0.011	-0.29	0.3	1.49	0.12	5.41	0.15	19.15600014	0.98650074	2	297.76678	42.2028011
KIC 6804893	4870	158	3.104	0.009	0.04	0.3	1.23	0.08	5.15	0.12	12.82900047	0.426499844	2	298.53549	42.25243
KIC 6836849	4865	143	2.492	0.011	-0.37	0.3	1.12	0.09	9.93	0.28	49.59300	6.973221909	1	281.45563	42.3326681
KIC 6842733	5044	148	3.228	0.009	-0.41	0.3	1.04	0.07	4.12	0.1	9.334699631	0.394100189	2	284.31226	42.3330689
KIC 6847261	5216	153	3.05	0.008	-0.15	0.3	1.38	0.09	5.81	0.13	14.6789999	0.360500336	2	286.4064	42.3294111
KIC 6847876	5252	162	2.938	0.008	-0.47	0.3	1.36	0.08	6.55	0.14	19.03700066	1.173999786	2	286.65732	42.3331411
KIC 6850286	5304	161	2.924	0.008	-0.55	0.3	1.13	0.07	6.09	0.14	24.74200058	1.786499977	2	287.61093	42.3348011
KIC 6850446	5130	158	3.146	0.008	0.04	0.3	1.35	0.08	5.15	0.11	16.49204	2.324048736	1	287.67239	42.3716389
KIC 6851327	4781	100	2.62	0.008	-0.94	0.3	0.97	0.05	7.97	0.16	34.99499893	2.347000122	2	288.02917	42.3608819
KIC 6851819	4982	149	2.619	0.008	-0.17	0.3	1.26	0.08	9.13	0.2	34.01599884	2.732500076	2	288.2226	42.3851089
KIC 6852624	4882	170	2.785	0.01	-0.16	0.3	1.34	0.1	7.77	0.2	30.79099	4.948334766	1	288.53018	42.3103681
KIC 6853977	5265	163	2.905	0.009	-0.12	0.3	1.76	0.11	7.76	0.17	41.54392	5.897505026	1	289.01181	42.3246689
KIC 6859557	5019	144	2.771	0.008	-0.27	0.3	1.14	0.07	7.28	0.16	12.43900013	0.088999748	2	290.72375	42.3691789
KIC 6861712	5195	148	3.092	0.008	-0.26	0.3	1.53	0.09	5.83	0.13	26.91900063	1.458500862	2	291.40903	42.3766519
KIC 6863638	5353	179	2.445	0.01	-1.35	0.3	1.19	0.09	10.84	0.3	86.62397	13.55198216	1	291.99344	42.32119
KIC 6864132	5146	172	3.08	0.009	-0.01	0.3	1.88	0.13	6.55	0.16	17.79899979	0.713999748	2	292.14359	42.3382419
KIC 6864794	5034	146	2.947	0.008	-0.5	0.3	1.2	0.07	6.09	0.14	31.6779995	3.957499504	2	292.33325	42.3554989
KIC 6865257	5108	153	3.195	0.008	-0.16	0.3	1.24	0.07	4.67	0.1	13.32993	1.832304777	1	292.47034	42.3503911
KIC 6866288	4998	152	2.51	0.01	-0.2	0.3	1.37	0.1	10.77	0.28	45.10400009	3.267000198	2	292.75772	42.3469389
KIC 6866683	4916	148	2.743	0.009	-0.45	0.3	1.18	0.08	7.66	0.17	25.5189991	1.597000122	2	292.87769	42.3827711
KIC 6867726	4866	146	2.683	0.01	0.09	0.3	1.26	0.09	8.46	0.21	36.02630	5.051189089	1	293.18344	42.38884
KIC 6868144	4940	157	2.929	0.009	0.13	0.3	1.49	0.09	6.93	0.16	25.67821	3.753853289	1	293.30249	42.3956911
KIC 6869563	4984	146	3.191	0.008	-0.23	0.3	1.28	0.08	4.76	0.11	12.55211	1.707045898	1	293.72287	42.3888889
KIC 6869687	4779	148	2.708	0.009	-0.63	0.3	1.1	0.07	7.68	0.18	27.62238	3.952451129	1	293.75867	42.38063
KIC 6869770	4702	164	2.713	0.009	0.12	0.3	1.1	0.07	7.64	0.18	26.47800064	3.458000183	2	293.78098	42.3029589
KIC 6875499	5001	164	3.285	0.019	0.4	0.3	1.46	0.2	4.55	0.21	17.41500092	2.021499634	2	295.27295	42.3438189
KIC 6876382	4811	147	2.6	0.009	0.07	0.3	1.62	0.11	10.57	0.25	53.73805	7.606642468	1	295.4711	42.3470381
KIC 6877295	4851	154	2.614	0.01	-0.34	0.3	1.23	0.09	9.07	0.23	40.90065	6.041662778	1	295.67902	42.3628881
KIC 6878967	4732	145	2.597	0.01	0	0.3	1.14	0.08	8.9	0.23	31.5510006	1.701000214	2	296.05807	42.38913
KIC 6921876	4970	148	2.517	0.01	-0.65	0.3	1.08	0.08	9.49	0.25	49.33425	6.933307214	1	281.07407	42.47488
KIC 6924074	4942	152	3.3	0.008	0.24	0.3	1.19	0.07	4.05	0.09	8.78439	1.241600192	1	282.26743	42.43605
KIC 6924122	5173	155	2.909	0.009	-0.42	0.3	1.21	0.08	6.41	0.15	21.78199959	1.203499794	2	282.28723	42.4167589
KIC 6933836	4873	155	2.794	0.009	0.26	0.3	1.57	0.1	8.32	0.19	35.04474	5.120782488	1	286.71667	42.4583589
KIC 6935210	4975	151	2.675	0.009	0.04	0.3	1.38	0.09	8.93	0.2	43.85971	6.13144271	1	287.25354	42.4564589
KIC 6936926	5249	163	3.247	0.009	-0.08	0.3	1.75	0.11	5.21	0.12	13.96100044	0.478499889	2	287.92706	42.4761811
KIC 6938045	4758	100	2.72	0.007	-0.21	0.3	1.11	0.06	7.63	0.15	25.47999954	1.501000404	2	288.37	42.45858
KIC 6945120	4796	144	2.526	0.009	-0.24	0.3	1.15	0.08	9.68	0.23	41.49300003	2.244499207	2	290.65961	42.4627189
KIC 6945411	5317	162	3.239	0.009	-0.29	0.3	1.57	0.1	4.97	0.11	11.88300037	0.645999908	2	290.75873	42.4164581
KIC 6946938	4979	155	2.57	0.009	-0.68	0.3	1.1	0.08	9.02	0.22	41.67499924	2.024000168	2	291.27695	42.4854089
KIC 6948219	4904	153	2.365	0.011	-0.19	0.3	1.41	0.11	12.91	0.37	58.4659996	4.253000259	2	291.69708	42.49572
KIC 6948792	5120	167	2.58	0.011	-0.14	0.3	1.29	0.1	9.64	0.26	57.33561	8.745398828	1	291.87927	42.4763181
KIC 6949009	4904	160	2.839	0.009	0.12	0.3	1.47	0.1	7.63	0.18	20.42000008	0.808000565	2	291.94373	42.4416811
KIC 6951121	5161	161	3.217	0.009	0	0.3	1.54	0.1	5.06	0.12	16.30899	2.352151953	1	292.60815	42.4334789
KIC 6951289	5145	155	2.969	0.009	-0.34	0.3	1.72	0.11	7.12	0.16	31.89275	4.430698399	1	292.66156	42.42207
KIC 6952783	5151	163	3.319	0.009	0.21	0.3	1.43	0.09	4.34	0.1	11.90519	1.733255685	1	293.12329	42.4475589
KIC 6953124	5168	161	2.96	0.009	-0.16	0.3	1.32	0.08	6.31	0.14	17.73600006	0.880999565	2	293.22171	42.4612689
KIC 6953651	5088	162	3.002	0.009	0.03	0.3	1.51	0.1	6.42	0.15	17.61499977	0.737999916	2	293.36987	42.4210011
KIC 6953912	5054	155	3.115	0.008	-0.12	0.3	1.36	0.08	5.35	0.12	12.58199978	0.386499882	2	293.45038	42.4985889
KIC 6954859	5251	157	3.213	0.01	-0.32	0.3	1.78	0.13	5.47	0.14	20.42365	2.867540753	1	293.73853	42.4524119
KIC 6955037	4831	143	2.697	0.008	-0.53	0.3	1.31	0.08	8.5	0.19	35.33268	4.829380683	1	293.78595	42.4112011
KIC 6955441	5357	174	3.083	0.01	-1.05	0.3	1.91	0.14	6.58	0.18	24.29100037	3.774500847	2	293.88904	42.4649581
KIC 6956358	4912	159	2.436	0.01	-0.38	0.3	1.18	0.09	10.86	0.29	48.82899857	4.413499832	2	294.12784	42.4660111
KIC 6956834	4926	145	3.232	0.008	-0.64	0.3	0.98	0.06	3.97	0.09	9.151900291	0.273499966	2	294.26096	42.43996
KIC 6960265	5198	167	2.51	0.01	-0.49	0.3	1.55	0.12	11.47	0.31	86.23081	12.98461277	1	295.14517	42.4900511
KIC 6961540	4932	155	2.63	0.01	-0.12	0.3	1.5	0.11	9.82	0.26	35.24399948	1.595499039	2	295.43909	42.4353219
KIC 6962154	5107	162	2.991	0.009	-0.23	0.3	1.74	0.12	6.98	0.17	27.12899971	1.63149929	2	295.57809	42.4156111
KIC 6964937	4994	159	3.317	0.009	-0.32	0.3	1.01	0.07	3.66	0.09	7.713600159	0.285299778	2	296.2338	42.4840811
KIC 6976451	4941	154	2.862	0.009	0.06	0.3	1.6	0.1	7.77	0.18	22.61400032	0.529500008	2	298.66684	42.4456211
KIC 7008254	4871	145	2.953	0.009	-0.56	0.3	0.98	0.06	5.47	0.13	17.19499969	0.74750042	2	281.62103	42.52697
KIC 7014126	5258	157	3.096	0.008	-0.49	0.3	1.24	0.08	5.23	0.12	13.51000023	0.416500092	2	284.40485	42.5795589
KIC 7014370	5169	156	3.005	0.009	-0.44	0.3	1.44	0.09	6.26	0.14	17.46699905	0.69849968	2	284.50766	42.52512
KIC 7014908	4831	146	2.847	0.008	0.28	0.3	1.39	0.09	7.37	0.16	26.56279	3.686185162	1	284.77896	42.5622789
KIC 7017437	4892	143	2.644	0.009	-0.29	0.3	1.19	0.08	8.61	0.2	30.20299911	1.729500771	2	285.99533	42.5341989
KIC 7017673	4964	147	2.618	0.009	-0.42	0.3	1.18	0.08	8.82	0.21	34.91199875	1.745500565	2	286.09991	42.51778
KIC 7018212	4984	149	3.101	0.008	0.17	0.3	1.33	0.08	5.37	0.12	15.97538	2.202804348	1	286.35278	42.5145
KIC 7018504	5016	152	2.616	0.009	-0.23	0.3	1.25	0.08	9.13	0.22	35.05099869	2.07049942	2	286.48434	42.54282
KIC 7019493	5052	148	3.093	0.008	-0.18	0.3	1.24	0.08	5.24	0.12	16.05856	2.181478471	1	286.94522	42.57505
KIC 7020373	4972	174	2.684	0.01	-0.55	0.3	1.15	0.08	8.08	0.2	35.82100	5.757983986	1	287.32263	42.5831181
KIC 7020702	5067	158	2.51	0.01	-0.56	0.3	1.31	0.09	10.51	0.27	65.37318	9.523097565	1	287.44397	42.5733719
KIC 7023575	5325	186	3.043	0.01	0.07	0.3	3.09	0.23	8.76	0.23	35.35400009	1.896499634	2	288.59583	42.5386311
KIC 7025935	4806	100	2.814	0.007	-0.54	0.3	1.15	0.06	6.97	0.13	23.26972	2.295964099	1	289.38724	42.5698319
KIC 7030947	5105	160	2.783	0.009	-0.02	0.3	1.61	0.11	8.53	0.2	30.50600052	1.220000267	2	290.92459	42.50209
KIC 7032485	4959	147	2.634	0.01	-0.53	0.3	1.63	0.12	10.18	0.27	40.02999878	2.3125	2	291.4382	42.59808
KIC 7033225	5091	160	3.21	0.009	0.05	0.3	1.35	0.09	4.78	0.11	13.78030	1.993644671	1	291.66678	42.5194819
KIC 7035157	4921	151	2.552	0.01	-0.77	0.3	1.16	0.09	9.45	0.25	64.02999878	13.56450081	2	292.28696	42.5591811
KIC 7036270	4979	153	2.61	0.009	-0.31	0.3	1.43	0.1	9.82	0.24	36.95700073	2.943000793	2	292.63922	42.5810319
KIC 7036278	4826	80	2.502	0.007	-0.53	0.15	1.28	0.07	10.51	0.22	51.0379982	4.849000931	2	292.64151	42.53923
KIC 7036545	4846	146	2.716	0.009	-0.21	0.3	1.21	0.08	7.99	0.18	31.60951	4.392846631	1	292.71729	42.5496789
KIC 7036630	4715	80	2.475	0.011	-0.3	0.15	1.89	0.16	13.19	0.38	70.24900055	7.951000214	2	292.74329	42.5523911
KIC 7036675	5021	146	3.296	0.008	0.03	0.3	1.31	0.08	4.27	0.09	10.40416	1.390221333	1	292.75629	42.52409
KIC 7036704	5241	161	3.206	0.008	-0.78	0.3	1.28	0.08	4.67	0.1	14.77342	2.0775132	1	292.76492	42.5212289
KIC 7036935	5005	148	2.952	0.009	-0.51	0.3	1.22	0.08	6.11	0.15	5.001299858	0.292200089	2	292.83124	42.5985489
KIC 7037160	4950	151	2.803	0.009	-0.55	0.3	1.16	0.07	7.06	0.16	27.56100082	1.55300045	2	292.89804	42.5275189
KIC 7038017	4762	140	2.491	0.01	0.1	0.3	1.36	0.1	10.98	0.28	32.36199951	1.678999901	2	293.16272	42.52771
KIC 7038066	5093	156	2.942	0.01	-0.25	0.3	1.58	0.11	7.03	0.17	20.80800056	1.247499466	2	293.17426	42.53022
KIC 7039395	4895	151	2.425	0.012	-0.18	0.3	1.39	0.12	11.98	0.36	73.98011	10.95042927	1	293.547	42.5229611
KIC 7041086	4831	150	2.626	0.01	0.01	0.3	1.52	0.11	9.94	0.26	32.44300079	2.177499771	2	294.01224	42.5586089
KIC 7042021	4809	144	2.88	0.008	-0.12	0.3	1.15	0.07	6.45	0.14	19.22100067	0.709499359	2	294.27881	42.5380211
KIC 7045072	5230	161	3.203	0.008	-0.68	0.3	1.14	0.07	4.42	0.1	11.92099953	0.435500145	2	295.1062	42.5267111
KIC 7046854	4721	145	2.321	0.011	-0.48	0.3	1.18	0.1	12.43	0.36	54.3730011	5.242500305	2	295.50949	42.5355989
KIC 7048773	4757	151	2.68	0.009	-0.53	0.3	1.19	0.08	8.26	0.19	32.27700043	2.301499367	2	295.96408	42.5392911
KIC 7060269	4674	163	2.328	0.013	-0.28	0.3	1.32	0.13	13.03	0.44	73.66400146	7.214000702	2	298.53897	42.5317311
KIC 7060732	4850	140	3.027	0.008	-0.05	0.3	1.29	0.08	5.76	0.12	16.48172	2.185136494	1	298.63666	42.5798111
KIC 7090867	4835	142	2.893	0.008	0.03	0.3	1.28	0.08	6.71	0.15	22.09131	2.99864633	1	280.99176	42.6105381
KIC 7092143	5726	200	3.002	0.01	0.07	0.3	1.87	0.14	7.15	0.19	0.915740013	0.020335019	2	281.7178	42.632195
KIC 7098276	5112	159	3.276	0.008	-0.01	0.3	1.43	0.09	4.56	0.1	9.092300415	0.149250031	2	284.62375	42.6927411
KIC 7102156	4844	137	2.725	0.008	-0.08	0.3	1.19	0.07	7.83	0.17	21.56100082	2.083999634	2	286.38455	42.6737211
KIC 7105595	4855	80	3.094	0.006	0	0.15	1.2	0.06	5.16	0.09	12.83399963	0.383999825	2	287.75415	42.6892011
KIC 7106647	4859	170	2.551	0.01	-0.16	0.3	1.23	0.09	9.74	0.25	76.70200348	2.783000946	2	288.16528	42.64925
KIC 7106930	4413	100	2.231	0.008	0.05	0.3	1.03	0.06	12.9	0.3	54.27099991	5.908998489	2	288.27124	42.69725
KIC 7107419	4856	100	2.959	0.007	-0.61	0.3	1.01	0.05	5.53	0.1	15.26706	1.48630327	1	288.44437	42.62711
KIC 7107505	4949	100	2.719	0.007	-0.91	0.3	1	0.05	7.22	0.14	28.07597	2.723382444	1	288.47247	42.6318589
KIC 7108511	4867	100	3.258	0.007	-0.02	0.3	1.13	0.06	4.13	0.08	8.59283	0.844569062	1	288.85211	42.6481089
KIC 7108548	4654	100	2.398	0.008	-0.83	0.3	1.02	0.06	10.55	0.24	50.8219986	2.815000534	2	288.86578	42.69603
KIC 7109722	4713	100	2.662	0.008	-0.52	0.3	1.15	0.07	8.29	0.19	54.45399857	4.666500092	2	289.2814	42.6115189
KIC 7110521	4683	100	2.296	0.013	-0.6	0.3	1.32	0.12	13.52	0.44	87.1760025	5.494499207	2	289.52158	42.6509511
KIC 7117432	5019	164	2.514	0.011	-0.1	0.3	1.55	0.13	11.4	0.33	38.40399933	2.750499725	2	291.6842	42.6259919
KIC 7118457	5141	164	3.097	0.009	0.02	0.3	1.79	0.11	6.26	0.14	24.57704	3.59262154	1	291.99371	42.62447
KIC 7120490	5141	163	2.577	0.011	-0.27	0.3	1.76	0.13	11.31	0.3	63.99000168	14.47299767	2	292.62183	42.6732411
KIC 7120976	4925	150	2.543	0.01	-0.17	0.3	1.25	0.09	9.91	0.26	34.42900085	2.569500923	2	292.75565	42.6240081
KIC 7123055	4924	154	2.577	0.01	-0.21	0.3	1.47	0.1	10.35	0.26	56.53839	8.232534151	1	293.39551	42.63261
KIC 7123197	5106	158	3.179	0.008	-0.28	0.3	1.24	0.08	4.74	0.11	11.375	0.612999916	2	293.43604	42.6187781
KIC 7123870	5126	158	2.958	0.009	-0.12	0.3	1.59	0.1	6.94	0.16	29.85547	4.245780621	1	293.62289	42.6552581
KIC 7124394	5040	151	3.057	0.008	-0.19	0.3	1.38	0.08	5.76	0.13	19.22019	2.658440957	1	293.77719	42.6977881
KIC 7130900	4746	146	2.599	0.009	0.07	0.3	1.56	0.1	10.37	0.25	40.62799835	2.709499359	2	295.48795	42.6869011
KIC 7131014	4935	150	3.077	0.009	-0.5	0.3	1.23	0.08	5.32	0.12	17.83099937	0.5625	2	295.51462	42.6944081
KIC 7131794	5105	149	2.946	0.008	-0.28	0.3	1.71	0.11	7.28	0.16	24.20499992	0.566999435	2	295.70016	42.6553611
KIC 7136854	4646	140	2.926	0.008	0.22	0.3	1.22	0.08	6.31	0.14	16.65582	2.310974264	1	296.91489	42.6935011
KIC 7138406	4919	139	3.303	0.008	-0.33	0.3	1.08	0.07	3.84	0.09	10.74699974	0.781499863	2	297.28659	42.6508711
KIC 7173104	5336	158	3.183	0.008	-0.34	0.3	1.36	0.08	4.95	0.11	17.83463	2.436697143	1	280.72449	42.7872889
KIC 7173546	4966	147	2.788	0.012	-0.06	0.3	1.39	0.12	7.89	0.23	33.99158	4.836577821	1	280.98697	42.75724
KIC 7174813	5014	148	2.765	0.008	-0.28	0.3	1.23	0.08	7.6	0.18	21.53300095	1.260499954	2	281.70114	42.7961311
KIC 7176062	5051	176	3.01	0.011	-0.19	0.3	1.29	0.11	5.88	0.19	13.5880003	2.419999599	2	282.34238	42.71608
KIC 7178106	5095	152	2.744	0.008	-0.32	0.3	1.36	0.08	8.2	0.18	40.68132	5.587406857	1	283.29504	42.72049
KIC 7180503	5405	160	3.24	0.008	-0.43	0.3	1.23	0.08	4.41	0.1	11.11299992	0.350500107	2	284.35266	42.7359389
KIC 7184042	5245	162	2.992	0.008	-0.11	0.3	1.47	0.09	6.41	0.14	20.5510006	0.786499977	2	286.00092	42.7751881
KIC 7184521	4876	151	2.48	0.01	0.09	0.3	1.41	0.11	11.34	0.31	65.26366	9.537708989	1	286.2135	42.7356911
KIC 7184972	5111	149	2.85	0.008	-0.42	0.3	1.17	0.07	6.73	0.14	19.90800095	1.052999496	2	286.40768	42.7243189
KIC 7185488	5098	156	2.947	0.009	-0.2	0.3	1.26	0.09	6.25	0.17	4.612999916	0.491099834	2	286.61911	42.7114981
KIC 7185710	5158	144	3.086	0.008	-0.01	0.3	1.19	0.07	5.17	0.11	13.90299988	1.297999859	2	286.72119	42.7785111
KIC 7186744	5099	157	2.953	0.008	-0.07	0.3	1.33	0.08	6.39	0.15	18.33399963	0.752500534	2	287.15497	42.7404789
KIC 7187850	4747	100	2.531	0.011	-0.65	0.3	1.09	0.08	9.36	0.25	42.2879982	3.256999969	2	287.63153	42.7558289
KIC 7188107	5018	147	3.19	0.009	-0.55	0.3	1.14	0.07	4.48	0.1	11.33600044	1.426499844	2	287.73648	42.7822911
KIC 7188178	5136	153	2.512	0.01	-1	0.3	1.08	0.08	9.53	0.24	37.54499817	4.875999451	2	287.76462	42.7084011
KIC 7191026	4831	100	2.763	0.007	-0.74	0.3	1.02	0.05	6.96	0.13	24.08600044	1.62749958	2	288.86661	42.75742
KIC 7191814	5004	152	2.773	0.009	0	0.3	1.35	0.09	7.9	0.18	20.63599968	1.449999809	2	289.15088	42.7052689
KIC 7192546	5293	164	3.01	0.008	-0.22	0.3	1.58	0.1	6.51	0.14	19.16300011	0.996500015	2	289.39951	42.7992519
KIC 7199373	5223	153	3.272	0.009	-0.2	0.3	1.36	0.09	4.46	0.1	9.591500282	0.209150314	2	291.48941	42.7473789
KIC 7199900	5068	161	2.57	0.009	-0.17	0.3	1.36	0.09	10.04	0.23	59.70413	8.717164829	1	291.64828	42.7697489
KIC 7200381	5176	155	3	0.009	-0.69	0.3	1.1	0.07	5.5	0.13	14.14400005	2.256500244	2	291.79651	42.7567789
KIC 7203581	4948	154	2.983	0.009	0.04	0.3	1.37	0.09	6.25	0.14	16.43199921	0.717000008	2	292.81656	42.7264789
KIC 7204910	4996	148	3.251	0.009	-0.97	0.3	0.89	0.06	3.71	0.1	10.17000008	0.959599972	2	293.19968	42.7320589
KIC 7205272	5002	151	2.557	0.01	-0.37	0.3	1.24	0.09	9.72	0.24	38.34400177	2.329999924	2	293.31198	42.7257189
KIC 7205325	4729	142	2.675	0.008	0.31	0.3	1.39	0.09	8.96	0.2	36.04822	4.989442028	1	293.32669	42.7503889
KIC 7206422	5028	147	3.264	0.008	0.03	0.3	1.48	0.09	4.7	0.1	11.28800011	0.218999863	2	293.64182	42.7360189
KIC 7207127	5003	158	3.208	0.008	0.25	0.3	1.44	0.09	4.95	0.11	13.78234	1.995046423	1	293.84265	42.7843589
KIC 7211103	5005	160	2.528	0.01	-0.12	0.3	1.35	0.1	10.47	0.28	43.15800095	3.450000763	2	294.95511	42.7145881
KIC 7212750	5015	166	3.122	0.009	0.14	0.3	1.51	0.1	5.6	0.14	15.31700039	0.672499657	2	295.38519	42.7495919
KIC 7213311	5018	154	3.028	0.009	-0.93	0.3	1.29	0.08	5.77	0.13	29.55200005	1.788000107	2	295.51764	42.7589419
KIC 7214788	5061	164	3.153	0.009	-0.01	0.3	1.57	0.1	5.5	0.13	13.12199974	0.518000126	2	295.85809	42.7247311
KIC 7215409	4907	80	2.974	0.006	0.12	0.15	1.65	0.08	6.94	0.12	27.80699921	1.088999748	2	295.99927	42.73584
KIC 7217530	4872	153	3.181	0.008	-0.08	0.3	1.11	0.07	4.48	0.1	10.15256	1.462860876	1	296.50156	42.7983819
KIC 7217665	5080	80	2.937	0.014	0.2	0.15	2.5	0.25	8.9	0.31	42.17399979	2.127500534	2	296.53561	42.71349
KIC 7257175	5226	155	2.832	0.008	-0.31	0.3	1.23	0.07	7.04	0.15	33.19048	4.519674217	1	281.95566	42.8070911
KIC 7257241	5007	146	3.022	0.008	0.04	0.3	1.33	0.08	5.88	0.13	13.16899967	0.356499672	2	281.98526	42.82444
KIC 7258188	5149	152	3.215	0.008	-0.21	0.3	1.36	0.09	4.76	0.11	13.15100002	0.603999615	2	282.43253	42.81678
KIC 7264744	5134	156	2.855	0.008	-0.26	0.3	1.32	0.08	7.1	0.16	20.27599907	1.111499786	2	285.54712	42.82354
KIC 7264852	5144	151	3.239	0.008	-0.35	0.3	1.17	0.07	4.31	0.09	11.85999966	3.155400276	2	285.59808	42.8678211
KIC 7265690	5125	154	2.833	0.008	-0.28	0.3	1.26	0.08	7.14	0.16	24.5340004	2.603499413	2	285.98245	42.8076711
KIC 7267753	4899	144	2.753	0.009	-0.26	0.3	1.22	0.08	7.69	0.18	21.23399925	0.88049984	2	286.86404	42.88232
KIC 7268385	5116	151	3.25	0.009	-0.28	0.3	1.16	0.08	4.23	0.11	5.490600109	0.484200001	2	287.13516	42.8497511
KIC 7271705	5088	152	3.008	0.008	-0.52	0.3	1.17	0.07	5.61	0.12	13.93700027	0.375999928	2	288.47668	42.8473089
KIC 7272640	5377	165	3.186	0.009	-0.34	0.3	1.56	0.1	5.28	0.12	13.88399982	0.802000046	2	288.82037	42.8731919
KIC 7282526	5020	153	2.729	0.009	-0.56	0.3	1.18	0.08	7.76	0.18	28.4640007	1.453000069	2	291.93774	42.8390081
KIC 7283578	5031	157	3.08	0.008	0.06	0.3	1.3	0.08	5.44	0.12	17.02180	2.435611994	1	292.27896	42.82938
KIC 7283651	4607	80	2.263	0.007	-0.41	0.15	1.06	0.06	12.58	0.28	57.65800095	4.645000458	2	292.30493	42.8541111
KIC 7283962	5009	151	2.982	0.008	-0.3	0.3	1.32	0.08	6.14	0.13	16.69400024	0.710000038	2	292.40002	42.8512
KIC 7284724	5039	158	2.403	0.013	-0.74	0.3	1.4	0.13	12.31	0.39	87.71706	13.29059565	1	292.64221	42.8322719
KIC 7285319	4917	80	2.921	0.007	-0.03	0.15	1.81	0.1	7.72	0.16	25.20899963	2.310500145	2	292.82126	42.8027919
KIC 7285867	4922	156	2.655	0.011	0.01	0.3	1.74	0.14	10.26	0.29	38.29100037	3.017499924	2	292.99557	42.87513
KIC 7286832	5148	180	3.044	0.01	-0.2	0.3	1.43	0.12	5.95	0.2	6.057899952	0.526000023	2	293.2977	42.8041339
KIC 7286856	5049	148	3.221	0.008	-0.06	0.3	1.56	0.09	5.08	0.11	11.01500034	0.052999973	2	293.30524	42.8081019
KIC 7287713	5067	152	3.115	0.008	-0.69	0.3	1.4	0.08	5.43	0.12	18.50399971	1.079000473	2	293.55981	42.8647611
KIC 7288938	5139	172	2.856	0.009	0.03	0.3	1.85	0.13	8.4	0.2	24.47200012	1.610499382	2	293.9061	42.8549389
KIC 7292720	5032	160	3.188	0.009	-0.1	0.3	1.31	0.08	4.82	0.11	13.37356	1.953389314	1	294.95456	42.8749081
KIC 7297940	5012	80	2.924	0.008	0.14	0.15	2.22	0.13	8.52	0.18	33.9070015	0.853500366	2	296.23761	42.8060111
KIC 7337523	4806	141	2.474	0.01	0.03	0.3	1.28	0.09	10.87	0.28	56.59586	7.826434944	1	281.92505	42.9000211
KIC 7337694	5028	149	2.623	0.009	-0.77	0.3	1.13	0.07	8.59	0.2	42.4280014	2.590999603	2	282.00214	42.9293289
KIC 7338137	4867	145	2.718	0.009	0.15	0.3	1.54	0.1	9	0.21	24.1420002	1.108500481	2	282.21069	42.94014
KIC 7339539	5246	183	3.13	0.01	-0.3	0.3	1.36	0.09	5.26	0.13	17.6989994	1.177499771	2	282.83597	42.9465639
KIC 7339667	4944	147	2.969	0.01	-0.04	0.3	1.35	0.1	6.3	0.16	21.29048	2.971593822	1	282.8902	42.9681511
KIC 7340724	4879	97	3.022	0.008	0.04	0.15	1.42	0.09	6.08	0.13	18.74799919	0.244000435	2	283.34692	42.93055
KIC 7345537	5033	152	2.643	0.009	-0.38	0.3	1.33	0.09	9.09	0.21	47.60209	6.649607749	1	285.5896	42.9755589
KIC 7345918	5053	152	2.772	0.008	-0.2	0.3	1.26	0.08	7.66	0.17	24.07500076	1.034000397	2	285.76886	42.9777411
KIC 7345936	4997	148	2.981	0.008	-0.19	0.3	1.21	0.07	5.89	0.13	19.42042	2.651829949	1	285.78122	42.9146611
KIC 7346273	4920	150	2.567	0.009	-0.21	0.3	1.2	0.08	9.43	0.23	40.51200104	2.250499725	2	285.93567	42.91766
KIC 7346317	5151	147	3.259	0.013	-0.49	0.3	1.08	0.1	4.03	0.13	9.947799683	0.597800255	2	285.94937	42.9803811
KIC 7346917	4870	150	2.672	0.008	0.13	0.3	1.44	0.09	9.17	0.22	30.09399986	1.31099987	2	286.21652	42.97279
KIC 7347294	4966	149	2.585	0.009	-0.04	0.3	1.34	0.09	9.77	0.23	38.21500015	1.743000031	2	286.38449	42.93243
KIC 7348483	4973	145	2.964	0.009	-0.46	0.3	1.15	0.08	5.85	0.14	6.243299961	0.453049898	2	286.88342	42.9953189
KIC 7348732	4937	147	2.617	0.009	-0.32	0.3	1.26	0.08	9.13	0.21	51.0929985	5.533000946	2	286.98618	42.98135
KIC 7348956	5265	163	3.197	0.009	-0.19	0.3	1.46	0.09	5.04	0.12	12.39599991	0.498999596	2	287.08652	42.9660989
KIC 7351548	5109	149	3.218	0.008	-0.09	0.3	1.42	0.08	4.86	0.1	14.44796	1.930615639	1	288.12323	42.9673119
KIC 7351610	4654	100	2.671	0.007	0.3	0.3	1.27	0.07	8.63	0.18	29.96299934	2.057498932	2	288.1463	42.97673
KIC 7351707	5056	144	3.108	0.008	-0.48	0.3	1.23	0.08	5.13	0.12	10.43799973	0.870049953	2	288.1843	42.9655419
KIC 7352503	5198	157	2.833	0.009	-0.34	0.3	1.44	0.09	7.61	0.18	4.515999794	0.744049907	2	288.48361	42.9790311
KIC 7352995	4916	148	2.722	0.008	-0.92	0.3	1.06	0.06	7.41	0.16	26.87000084	2.032500267	2	288.6843	42.9114111
KIC 7353679	4875	151	2.809	0.009	0.13	0.3	1.28	0.09	7.37	0.17	18.68700027	0.738499641	2	288.92365	42.9905011
KIC 7353997	4917	145	2.76	0.008	-0.36	0.3	1.16	0.07	7.43	0.16	28.97137	3.929573682	1	289.0318	42.9880489
KIC 7354032	5016	148	3.033	0.008	-0.71	0.3	1.11	0.07	5.31	0.12	14.78100014	0.768499851	2	289.04193	42.9632111
KIC 7357171	5025	175	2.919	0.009	-0.46	0.3	1.16	0.08	6.2	0.15	21.39500046	3.875	2	290.08167	42.9830511
KIC 7363069	5073	150	3.292	0.009	-0.64	0.3	0.98	0.06	3.71	0.09	8.259900093	0.558200121	2	291.8746	42.9942089
KIC 7363686	4950	155	2.659	0.009	-0.14	0.3	1.16	0.07	8.36	0.19	28.36100006	1.257499695	2	292.06946	42.9826511
KIC 7365262	5035	161	2.556	0.01	-0.56	0.3	1.11	0.08	9.21	0.23	35.32600021	1.946500778	2	292.56467	42.9054411
KIC 7365386	4866	155	3.008	0.009	0.3	0.3	1.4	0.09	6.14	0.14	14.41600037	0.411000252	2	292.6022	42.9590189
KIC 7367466	4782	144	2.603	0.009	0.29	0.3	1.37	0.09	9.66	0.22	38.16199875	2.72700119	2	293.2301	42.9486081
KIC 7368002	5380	166	3.214	0.009	-0.44	0.3	2.74	0.19	6.77	0.17	24.82299995	1.26099968	2	293.38019	42.91407
KIC 7368345	5002	153	2.669	0.009	-0.53	0.3	1.28	0.08	8.67	0.2	39.77600098	4.534500122	2	293.4935	42.9144289
KIC 7368867	5066	151	2.997	0.009	-0.93	0.3	0.99	0.06	5.22	0.12	17.39500046	2.009500027	2	293.64783	42.9915389
KIC 7369303	4924	153	2.608	0.01	0.01	0.3	1.49	0.1	10.05	0.25	53.30830	7.707958775	1	293.77005	42.9508289
KIC 7369792	5133	159	2.796	0.009	-0.37	0.3	1.21	0.08	7.29	0.16	23.92200089	1.43599987	2	293.91531	42.9210889
KIC 7373200	4866	154	2.659	0.009	-0.19	0.3	1.18	0.08	8.41	0.21	35.60172	5.234131633	1	294.84021	42.99155
KIC 7377547	4750	139	3.235	0.008	0.24	0.3	1.02	0.07	4.04	0.1	6.864600182	0.433699846	2	295.96097	42.98774
KIC 7377737	4801	168	2.929	0.015	0.04	0.3	1.63	0.34	7.27	0.7	24.43000031	0.375	2	296.01062	42.9898189
KIC 7379515	4618	139	2.539	0.01	0.2	0.3	1.3	0.09	10.13	0.26	41.90107	5.91935816	1	296.44656	42.9688681
KIC 7381495	4834	149	3.073	0.008	-0.1	0.3	1.02	0.06	4.86	0.11	12.30799961	0.433000088	2	296.89865	42.9073911
KIC 7387590	5069	177	3.067	0.011	-0.39	0.3	0.97	0.08	4.78	0.14	16.52599907	0.664999962	2	298.18179	42.9640619
KIC 7387808	4758	144	2.986	0.008	0.36	0.3	1.49	0.09	6.49	0.14	16.02499962	0.319999695	2	298.23346	42.99469
KIC 7416455	5095	149	2.724	0.008	-0.5	0.3	1.25	0.08	8.04	0.18	14.58500004	3.431000233	2	280.60925	43.0158
KIC 7417126	4955	144	2.845	0.009	-0.32	0.3	1.22	0.09	6.93	0.18	20.51600075	1.008500099	2	280.98907	43.00753
KIC 7418076	5116	149	2.904	0.008	-0.26	0.3	1.24	0.08	6.52	0.14	26.14616	3.506046358	1	281.51529	43.0539589
KIC 7418687	5155	149	3.182	0.009	-0.31	0.3	1.12	0.07	4.5	0.11	12.22099972	1.038500309	2	281.83615	43.0589489
KIC 7423252	5070	146	3.25	0.008	-0.19	0.3	1.16	0.07	4.23	0.1	10.61459	1.426544709	1	283.75247	43.0420611
KIC 7428019	5087	151	2.938	0.008	-0.07	0.3	1.5	0.09	6.89	0.15	28.54144	3.898812983	1	285.85236	43.0092089
KIC 7429722	4722	100	2.867	0.007	-0.29	0.3	1.09	0.06	6.38	0.13	18.16920	1.84619456	1	286.58096	43.08725
KIC 7430067	5228	155	2.97	0.009	-0.87	0.3	1.54	0.1	6.73	0.16	25.91799927	3.645000458	2	286.73013	43.0376589
KIC 7430666	4859	100	3.009	0.007	-0.79	0.3	1.15	0.06	5.55	0.1	15.41573	1.499169959	1	286.98819	43.0647811
KIC 7433870	4978	145	2.965	0.008	-0.18	0.3	1.18	0.07	5.92	0.13	13.94299984	0.707499981	2	288.26266	43.0192111
KIC 7434010	4808	100	2.751	0.007	-0.41	0.3	1.04	0.05	7.12	0.14	24.32251	2.420501739	1	288.31622	43.0749819
KIC 7438781	5050	176	2.739	0.012	-0.05	0.3	1.53	0.13	8.75	0.26	29.14599991	1.927000046	2	289.95245	43.09996
KIC 7439601	4923	80	3.266	0.007	0.01	0.15	1.42	0.07	4.6	0.09	12.26000023	0.800499916	2	290.19879	43.0789181
KIC 7439726	5025	153	2.741	0.009	-0.17	0.3	1.28	0.08	7.98	0.18	21.74399948	1.097499847	2	290.23227	43.0699881
KIC 7439931	4986	80	3.3	0.006	-0.04	0.15	1.38	0.07	4.36	0.09	10.92500019	0.136499882	2	290.29251	43.0581281
KIC 7440759	4414	80	2.418	0.011	0.26	0.15	1.26	0.1	11.49	0.32	45.35499954	3.605499268	2	290.51898	43.0595089
KIC 7444985	4820	80	2.514	0.007	-0.43	0.15	1.28	0.07	10.38	0.21	47.06900024	4.056001663	2	291.81076	43.0192181
KIC 7446473	4911	149	2.621	0.01	-0.35	0.3	1.13	0.08	8.61	0.22	31.50200081	1.923998833	2	292.27985	43.0678219
KIC 7447166	5043	158	2.73	0.009	-0.48	0.3	1.17	0.08	7.74	0.18	27.20100021	2.152000427	2	292.49014	43.0183489
KIC 7449179	4790	149	2.791	0.008	0.52	0.3	1.62	0.1	8.48	0.19	33.98790	4.857394201	1	293.09302	43.0573881
KIC 7451634	5152	154	3.293	0.009	-0.14	0.3	1.39	0.09	4.41	0.1	8.851599693	0.29695034	2	293.80048	43.0434489
KIC 7456520	4762	148	2.557	0.009	-0.99	0.3	1	0.07	8.71	0.21	40.20100021	1.932500839	2	295.09473	43.0555689
KIC 7458743	4893	152	3.004	0.008	-0.06	0.3	1.13	0.07	5.55	0.12	15.85176	2.254115822	1	295.64517	43.0653381
KIC 7461601	4810	148	2.606	0.009	-0.62	0.3	1	0.07	8.22	0.19	32.47241	4.61213351	1	296.2999	43.0713081
KIC 7461707	5012	165	3.044	0.011	0.22	0.3	1.65	0.13	6.38	0.18	16.32500076	0.645500183	2	296.3208	43.09182
KIC 7468195	4978	153	3.3	0.008	-0.18	0.3	1.1	0.07	3.89	0.09	8.34275	1.183908673	1	297.66763	43.0381319
KIC 7468295	4996	159	3.219	0.009	-0.38	0.3	1.1	0.07	4.27	0.1	10.19849	1.495160875	1	297.68704	43.0601619
KIC 7502128	5041	150	3.024	0.009	0.06	0.3	1.28	0.08	5.77	0.13	19.30229	2.653093613	1	281.84052	43.1715089
KIC 7502686	5423	158	3.293	0.014	-0.16	0.3	1.55	0.16	4.65	0.17	11.13300037	0.958000183	2	282.14185	43.1100011
KIC 7504619	4854	80	3.279	0.006	0.03	0.15	1.12	0.05	4.02	0.07	8.584400177	0.111299992	2	283.03412	43.1084519
KIC 7505801	4801	144	2.757	0.008	0.36	0.3	1.4	0.09	8.2	0.18	32.07340	4.426313386	1	283.54929	43.1452289
KIC 7509720	5184	157	2.787	0.009	-0.34	0.3	1.46	0.09	8.09	0.19	42.43728	5.954969044	1	285.36398	43.1213
KIC 7509923	5021	152	3.144	0.008	0.23	0.3	1.46	0.09	5.37	0.12	16.45508	2.294434775	1	285.45377	43.1081581
KIC 7510539	5063	100	3.156	0.006	-0.23	0.3	1.28	0.06	4.96	0.09	14.51395	1.366479934	1	285.7164	43.1882781
KIC 7511264	4786	100	3.031	0.007	0.34	0.3	1.22	0.06	5.58	0.1	14.66728	1.44315008	1	285.99756	43.1987611
KIC 7514581	5311	160	3.071	0.01	-0.38	0.3	1.22	0.09	5.32	0.14	30.75300026	15.25900078	2	287.37595	43.1239511
KIC 7515278	5113	178	2.662	0.01	-1.04	0.3	1.17	0.08	8.34	0.21	72.41699982	48.89649773	2	287.64758	43.1009219
KIC 7516024	5324	160	3.009	0.008	-0.46	0.3	1.44	0.09	6.22	0.14	27.90766	3.869357393	1	287.94403	43.1911319
KIC 7516351	5125	152	3.115	0.008	-0.33	0.3	1.21	0.07	5.05	0.11	10.0170002	0.351249695	2	288.06409	43.1953011
KIC 7518281	4986	151	2.53	0.009	-0.36	0.3	1.24	0.08	10	0.23	36.94599915	2.171499252	2	288.78525	43.1443289
KIC 7518518	5019	155	2.673	0.009	0.08	0.3	1.55	0.1	9.51	0.23	51.52528	7.383128891	1	288.86447	43.19519
KIC 7522231	4783	144	2.691	0.009	0.33	0.3	1.34	0.09	8.66	0.21	25.8390007	1.421999931	2	290.12048	43.1982119
KIC 7523016	5291	165	3.137	0.009	-0.48	0.3	1.15	0.07	4.79	0.11	13.96100044	0.681000233	2	290.35202	43.1858789
KIC 7523164	4951	154	2.924	0.009	0.27	0.3	1.39	0.09	6.74	0.15	24.50654	3.499612142	1	290.39523	43.10873
KIC 7529928	4776	137	2.371	0.013	-0.63	0.3	1.21	0.16	11.91	0.7	60.49599838	0.559000015	2	292.491	43.1964419
KIC 7530088	5245	166	3.145	0.009	-0.09	0.3	1.46	0.09	5.35	0.12	11.1420002	0.362499714	2	292.54004	43.12466
KIC 7532487	5084	154	3.225	0.008	0.16	0.3	1.29	0.08	4.58	0.1	12.58183	1.750724268	1	293.20941	43.1101681
KIC 7532726	4930	151	2.738	0.009	-0.65	0.3	1.15	0.07	7.6	0.17	30.63412	4.316878366	1	293.28055	43.1934889
KIC 7533043	4761	80	2.782	0.007	0.01	0.15	1.19	0.06	7.33	0.14	22.93600082	1.253499985	2	293.37372	43.1795311
KIC 7537395	4931	157	2.4	0.009	-0.27	0.3	1.24	0.09	11.64	0.31	71.91782	10.72236278	1	294.53992	43.1886711
KIC 7538899	5007	155	2.97	0.008	-0.05	0.3	1.33	0.08	6.24	0.14	21.97202	3.127008629	1	294.9183	43.1963311
KIC 7539283	5022	161	2.736	0.009	-0.48	0.3	1.33	0.09	8.2	0.19	31.20400047	1.756999969	2	295.03113	43.1733889
KIC 7539399	4865	150	2.831	0.009	-0.03	0.3	1.31	0.09	7.27	0.17	22.37899971	1.285499573	2	295.05954	43.1725081
KIC 7545765	5235	173	3.284	0.01	-0.59	0.3	1.08	0.08	3.92	0.1	15.43299961	0.838500023	2	296.556	43.1591611
KIC 7545937	5234	172	3.083	0.009	-0.29	0.3	2.52	0.17	7.56	0.18	36.39899826	2.212499619	2	296.60056	43.1223789
KIC 7547839	4901	158	2.874	0.009	-0.45	0.3	1.05	0.07	6.21	0.14	20.56999969	0.781000137	2	297.0119	43.1688919
KIC 7581045	5125	153	2.512	0.01	-0.56	0.3	1.26	0.09	10.32	0.27	66.48999786	8.744001389	2	280.04236	43.29829
KIC 7584122	4886	80	3.316	0.006	-0.07	0.15	1.16	0.06	3.92	0.07	9.253299713	0.310100079	2	281.97614	43.2731019
KIC 7587374	4952	173	3.066	0.01	-0.24	0.3	1.46	0.1	5.87	0.15	18.7670002	0.133000374	2	283.64359	43.2649611
KIC 7588155	4743	138	2.479	0.011	0.3	0.3	1.82	0.15	12.86	0.36	59.65000153	1.98800087	2	284.0336	43.2493589
KIC 7590575	5054	149	3.287	0.009	-0.11	0.3	1.16	0.07	4.05	0.09	9.60819	1.30768314	1	285.20767	43.2238011
KIC 7590922	4947	147	2.621	0.009	-0.15	0.3	1.37	0.09	9.47	0.22	48.22343	6.645380819	1	285.36621	43.26326
KIC 7592262	5062	100	3.251	0.008	-0.07	0.3	2.23	0.14	5.86	0.13	20.24297	1.983448631	1	286.00153	43.26289
KIC 7592311	5115	154	3.154	0.008	0.08	0.3	1.45	0.09	5.28	0.11	17.13330	2.359187842	1	286.02228	43.2411381
KIC 7593564	4566	100	2.594	0.008	0.46	0.3	1.2	0.07	9.15	0.2	27.42300034	1.845499992	2	286.6268	43.20414
KIC 7594965	5117	152	2.81	0.008	-0.31	0.3	1.23	0.08	7.22	0.16	19.73999977	1.402999878	2	287.22198	43.2423589
KIC 7595722	4961	100	3.3	0.007	0.03	0.3	1.36	0.07	4.31	0.08	10.10234	0.970599382	1	287.52811	43.25491
KIC 7596147	5193	149	2.96	0.008	-0.51	0.3	1.35	0.08	6.36	0.13	26.41059	3.475392866	1	287.72083	43.2602011
KIC 7596350	5170	100	2.567	0.006	-0.25	0.3	1.68	0.08	11.19	0.2	80.31800	7.416567346	1	287.81165	43.2524681
KIC 7596443	4810	100	2.551	0.009	0.13	0.3	1.53	0.1	10.88	0.25	56.88904	5.8382363	1	287.85367	43.2666589
KIC 7597268	5037	153	3.25	0.009	0.17	0.3	1.22	0.08	4.33	0.1	10.83563	1.521331454	1	288.19626	43.2556111
KIC 7597640	5213	157	3.104	0.008	-0.41	0.3	1.32	0.08	5.35	0.12	14.32299995	0.596000195	2	288.34332	43.2433511
KIC 7598552	5244	165	2.773	0.009	-0.15	0.3	1.5	0.1	8.33	0.19	26.1989994	2.065500259	2	288.72668	43.2087781
KIC 7601519	5314	185	3.27	0.009	-0.54	0.3	1.29	0.09	4.36	0.11	12.00199986	0.531000137	2	289.83514	43.2526589
KIC 7601533	5198	181	3.019	0.009	-0.34	0.3	1.32	0.09	5.89	0.14	22.73873	3.623242776	1	289.84106	43.26696
KIC 7601738	4792	135	3.06	0.008	-0.12	0.3	1.09	0.06	5.09	0.11	12.26573	1.598331748	1	289.91699	43.23827
KIC 7601927	4851	150	2.712	0.009	0.13	0.3	1.37	0.09	8.53	0.19	27.50600052	1.43900013	2	289.98434	43.2100981
KIC 7604814	5065	155	2.765	0.01	-0.25	0.3	1.65	0.12	8.81	0.22	35.47999954	2.456501007	2	290.90076	43.2285
KIC 7605253	4608	161	2.698	0.009	-0.02	0.3	1.47	0.1	8.99	0.22	30.08200073	2.503000259	2	291.04117	43.2763669
KIC 7609801	5158	163	3.008	0.009	-0.14	0.3	1.45	0.09	6.25	0.14	19.15800095	0.909500122	2	292.51596	43.2155689
KIC 7610456	4978	150	2.815	0.009	-0.18	0.3	1.2	0.08	7.08	0.16	18.78100014	0.901499748	2	292.72009	43.2691
KIC 7612515	5041	157	2.558	0.01	-0.23	0.3	1.47	0.11	10.58	0.28	39.93399811	3.609498978	2	293.36359	43.2466389
KIC 7612519	5030	150	2.912	0.008	-0.72	0.3	1.11	0.07	6.11	0.13	20.90200043	0.665499687	2	293.36417	43.2746011
KIC 7617028	4889	146	3.223	0.008	0.19	0.3	1.31	0.08	4.64	0.1	11.04350	1.514993369	1	294.60608	43.2346689
KIC 7617912	5055	157	3.265	0.009	-0.26	0.3	1.13	0.07	4.1	0.1	9.85469	1.420702759	1	294.84689	43.2616081
KIC 7618384	4986	157	2.62	0.01	-0.31	0.3	1.4	0.1	9.58	0.24	33.2159996	2.06000042	2	294.97339	43.21032
KIC 7618730	5018	156	2.834	0.01	-0.03	0.3	1.81	0.13	8.54	0.22	30.75	2.192500114	2	295.06244	43.27589
KIC 7619631	4987	155	3.25	0.008	-0.36	0.3	1.04	0.07	4.01	0.09	8.470199585	0.23390007	2	295.2981	43.27113
KIC 7619818	4901	151	3.185	0.008	-0.16	0.3	1.11	0.07	4.47	0.1	10.19099998	0.490200043	2	295.34674	43.2568819
KIC 7622274	4844	154	2.66	0.009	-0.66	0.3	1.12	0.07	8.2	0.19	33.23799	4.862399214	1	295.97125	43.2519911
KIC 7624334	4794	143	2.899	0.008	-0.12	0.3	1.37	0.08	6.89	0.15	20.74300003	0.951500893	2	296.46646	43.2980689
KIC 7658540	5139	179	3.202	0.01	-0.1	0.3	1.47	0.1	5.02	0.12	13.47799969	0.462500095	2	280.42749	43.33279
KIC 7660221	5199	157	3.291	0.009	-0.06	0.3	1.34	0.09	4.33	0.1	8.861200333	0.213350296	2	281.63858	43.38773
KIC 7660457	5032	152	2.83	0.009	-0.02	0.3	1.37	0.09	7.44	0.17	23.19499969	1.711500168	2	281.78937	43.3811489
KIC 7661080	4932	149	3.097	0.008	0.05	0.3	1.27	0.08	5.27	0.11	14.75380	2.038249108	1	282.15576	43.3504219
KIC 7661600	5097	152	3.151	0.008	-0.08	0.3	1.45	0.09	5.29	0.11	16.95744	2.314459241	1	282.46469	43.3066789
KIC 7663804	5260	155	3.278	0.013	-0.51	0.3	1.03	0.1	3.86	0.13	9.494000435	0.348450184	2	283.69098	43.3676911
KIC 7667568	5379	188	3.28	0.011	-0.08	0.3	1.21	0.1	4.18	0.11	13.13256	2.12300061	1	285.71201	43.3233181
KIC 7668214	4715	100	2.329	0.008	0	0.3	1.24	0.08	12.64	0.33	52.49200058	2.85100174	2	286.04489	43.3583719
KIC 7668613	4911	138	2.5	0.009	-0.19	0.3	1.39	0.1	10.97	0.27	53.26300049	0.419000626	2	286.25858	43.3123019
KIC 7668772	4579	100	2.724	0.007	0.36	0.3	1.24	0.07	8	0.16	25.26115	2.622862789	1	286.33817	43.3677789
KIC 7671407	4971	100	2.607	0.008	-0.17	0.3	1.35	0.08	9.55	0.2	50.00027	4.905305416	1	287.55182	43.38689
KIC 7672532	5179	157	2.813	0.009	-0.25	0.3	1.55	0.1	8.08	0.19	42.16935	5.923329869	1	288.06772	43.3398819
KIC 7673365	5140	162	2.586	0.009	-0.19	0.3	1.41	0.1	10.03	0.25	44.76200104	4.507499695	2	288.45636	43.33374
KIC 7673438	5135	160	2.938	0.009	-0.08	0.3	1.38	0.09	6.61	0.15	14.92199993	0.776000023	2	288.48492	43.31382
KIC 7673913	4836	143	2.671	0.009	-0.02	0.3	1.21	0.08	8.41	0.19	34.73183	4.749029712	1	288.68945	43.3193889
KIC 7674144	5143	154	2.899	0.008	-0.32	0.3	1.29	0.08	6.69	0.15	17.20299911	0.983999252	2	288.78708	43.3568311
KIC 7680003	5000	149	2.302	0.018	-0.18	0.3	1.71	0.22	15.29	0.68	102.5800018	7.454502106	2	290.94086	43.3528789
KIC 7685657	5031	151	2.881	0.008	-0.16	0.3	1.4	0.09	7.11	0.16	29.07683	4.026751792	1	292.86563	43.39547
KIC 7685766	5198	157	3.079	0.009	-0.1	0.3	1.61	0.1	6.06	0.14	20.31599998	0.958999634	2	292.90045	43.3945811
KIC 7690692	5098	80	3.171	0.007	-0.02	0.15	1.62	0.09	5.48	0.11	23.72500038	0.514499664	2	294.48737	43.37392
KIC 7690739	5069	158	2.884	0.009	-0.29	0.3	1.17	0.08	6.47	0.15	24.81351	3.566481207	1	294.49847	43.3602711
KIC 7691609	4870	151	2.421	0.01	-0.21	0.3	1.55	0.11	12.7	0.34	32.68600082	0.601499557	2	294.75717	43.3442381
KIC 7691727	4727	144	2.741	0.009	0.22	0.3	1.29	0.09	8.02	0.19	28.83246	4.071273961	1	294.78983	43.3790019
KIC 7693642	4914	155	2.628	0.009	-0.21	0.3	1.5	0.1	9.85	0.26	40.10499954	2.242500305	2	295.36243	43.36446
KIC 7693845	4896	80	3.32	0.007	0.21	0.15	1.44	0.07	4.35	0.08	9.76191	0.796283686	1	295.43118	43.3106919
KIC 7696976	5052	160	3.233	0.009	-0.21	0.3	1.22	0.08	4.42	0.1	10.72000027	0.28150034	2	296.34818	43.37952
KIC 7697633	4979	157	3.178	0.008	-0.1	0.3	1.27	0.08	4.81	0.11	9.979700089	0.410600185	2	296.54489	43.3614689
KIC 7698824	4758	147	2.594	0.009	-0.07	0.3	1.46	0.1	10.1	0.24	46.93870	6.713494339	1	296.85309	43.35836
KIC 7707990	4855	150	2.707	0.009	-0.22	0.3	1.82	0.12	9.9	0.24	38.38999939	1.333000183	2	298.95273	43.38221
KIC 7728741	4956	147	3.059	0.008	-0.05	0.3	1.32	0.08	5.62	0.12	17.10757	2.330265118	1	279.86694	43.4888381
KIC 7728945	5104	157	2.878	0.008	0.09	0.3	1.51	0.09	7.4	0.17	20.25099945	0.770000458	2	280.03915	43.4317089
KIC 7731373	5224	154	3.248	0.008	-0.22	0.3	1.16	0.07	4.23	0.09	9.509900093	0.290599823	2	281.69458	43.4566919
KIC 7734158	5053	149	2.855	0.008	-0.28	0.3	1.31	0.08	7.09	0.16	29.42254	4.012609677	1	283.35449	43.4288411
KIC 7734694	5169	147	3.011	0.008	-0.14	0.3	1.2	0.08	5.67	0.13	13.66499996	2.517499924	2	283.66586	43.4538189
KIC 7739912	4624	100	2.413	0.007	-0.01	0.3	1.2	0.07	11.26	0.23	52.04016	5.380038175	1	286.44666	43.4081119
KIC 7741548	5111	155	3.064	0.008	0.04	0.3	1.26	0.08	5.45	0.12	18.19730	2.537142697	1	287.2507	43.4779511
KIC 7741615	4843	100	2.586	0.008	-0.29	0.3	1.28	0.07	9.57	0.2	38.69100189	1.778499603	2	287.28766	43.4786419
KIC 7742529	4682	100	2.636	0.008	0.31	0.3	1.2	0.07	8.74	0.18	28.67900085	1.289500237	2	287.71881	43.4294511
KIC 7742888	4830	100	2.746	0.007	-0.16	0.3	1.2	0.07	7.68	0.15	24.22500038	1.418499947	2	287.88629	43.4607511
KIC 7743060	4793	100	2.615	0.008	-0.11	0.3	1.26	0.08	9.17	0.2	31.37400055	2.557500839	2	287.96045	43.4369089
KIC 7744481	5001	80	3.21	0.006	-0.29	0.15	1.05	0.05	4.22	0.08	10.72999954	0.338500023	2	288.63147	43.4114419
KIC 7744523	5172	153	3.102	0.008	-0.47	0.3	1.13	0.07	4.96	0.11	14.11299992	0.529000282	2	288.6463	43.4569819
KIC 7744599	4793	143	2.399	0.011	-0.01	0.3	1.15	0.09	11.21	0.32	59.54310	8.494680088	1	288.68414	43.4598811
KIC 7747783	4955	152	2.635	0.01	-0.02	0.3	1.44	0.11	9.58	0.25	49.67023	7.149787557	1	289.99832	43.4984281
KIC 7748461	5031	151	2.742	0.009	-0.23	0.3	1.27	0.08	7.93	0.18	23.74900055	1.446000099	2	290.22778	43.4082181
KIC 7749842	5457	171	2.88	0.009	-0.95	0.3	1.19	0.08	6.55	0.16	34.15773	4.964134622	1	290.68506	43.4588511
KIC 7750189	5256	166	3.12	0.008	0.02	0.3	1.37	0.09	5.33	0.12	19.19000053	0.788499832	2	290.80151	43.4935111
KIC 7757527	5041	159	2.317	0.011	-0.23	0.3	1.46	0.12	13.87	0.4	70.70600128	4.260498047	2	293.38269	43.4420511
KIC 7757997	5420	173	3.292	0.134	0.06	0.3	1.64	1.52	4.79	1.48	11.00599957	0.319999695	2	293.52432	43.4911381
KIC 7761010	4938	157	2.615	0.01	0.06	0.3	1.35	0.1	9.49	0.25	36.77000046	2.673000336	2	294.4809	43.4215089
KIC 7761303	5007	161	2.558	0.009	-0.14	0.3	1.29	0.08	9.89	0.23	43.63899994	3.916999817	2	294.56281	43.4757689
KIC 7762023	5273	171	3.269	0.011	0.01	0.3	1.49	0.11	4.69	0.13	11.21899986	0.457499981	2	294.78012	43.4964711
KIC 7762499	5094	168	2.558	0.009	-0.36	0.3	1.17	0.08	9.42	0.25	52.42200089	4.540000916	2	294.92807	43.4719389
KIC 7769544	5006	80	3.294	0.006	-0.17	0.15	1.19	0.05	4.08	0.07	10.05599976	0.189899921	2	296.95724	43.4221119
KIC 7771857	5060	169	3.284	0.009	-0.06	0.3	1.45	0.1	4.55	0.11	12.18472	1.872432181	1	297.49728	43.4274711
KIC 7777395	5236	158	3.205	0.008	-0.31	0.3	1.42	0.09	4.93	0.11	14.03199959	0.241000175	2	298.84222	43.4561881
KIC 7778197	5230	173	3.031	0.009	-0.12	0.3	2.21	0.14	7.51	0.17	37.88586	5.731166958	1	299.04315	43.4072419
KIC 7798433	5048	152	3.045	0.009	0.15	0.3	1.4	0.09	5.89	0.13	20.22546	2.802710722	1	280.46246	43.52652
KIC 7798660	5072	149	3.116	0.008	-0.14	0.3	1.25	0.07	5.12	0.11	15.57569	2.104880212	1	280.60678	43.5845719
KIC 7801579	5267	157	2.742	0.009	-0.57	0.3	1.26	0.08	7.9	0.18	36.29199982	2.872499466	2	282.47482	43.5117111
KIC 7802110	5110	151	3.246	0.009	-0.18	0.3	1.19	0.08	4.31	0.1	11.37179	1.559177386	1	282.78287	43.56612
KIC 7802323	5308	153	3.271	0.009	-0.16	0.3	1.53	0.1	4.74	0.11	13.03499985	0.169499874	2	282.91049	43.5896111
KIC 7802384	4961	146	2.839	0.008	-0.29	0.3	1.15	0.07	6.76	0.15	24.85197	3.376486032	1	282.94647	43.5786511
KIC 7804023	4796	167	2.402	0.024	-0.24	0.3	0.68	0.28	8.61	1.68	35.21385	16.15380008	1	283.8284	43.5131531
KIC 7808057	4554	100	2.671	0.008	0.76	0.3	1.26	0.07	8.6	0.18	28.56009	3.002046741	1	286.00223	43.5742111
KIC 7810676	4674	100	2.879	0.007	0.26	0.3	1.25	0.06	6.72	0.13	16.19099998	0.565999985	2	287.32626	43.56831
KIC 7810876	5276	172	3.161	0.009	0.19	0.3	1.72	0.11	5.71	0.13	13.125	0.704999924	2	287.42212	43.52496
KIC 7815838	5154	162	3.14	0.009	0.03	0.3	1.56	0.1	5.56	0.13	19.58474	2.83888528	1	289.60791	43.5746989
KIC 7816048	5158	154	3.051	0.008	-0.38	0.3	1.23	0.07	5.47	0.12	13.33699989	0.488500118	2	289.69373	43.5946311
KIC 7816406	4942	80	3.254	0.008	0.16	0.15	1.35	0.08	4.55	0.09	10.79300022	0.361999989	2	289.82266	43.55014
KIC 7817019	4923	148	2.656	0.009	-0.08	0.3	1.49	0.1	9.5	0.22	47.59453	6.62370611	1	290.03568	43.5359611
KIC 7821111	5025	155	2.602	0.009	-0.17	0.3	1.63	0.11	10.57	0.26	37.04800034	2.810998917	2	291.35196	43.5283089
KIC 7821385	5151	160	2.83	0.009	-0.23	0.3	1.67	0.11	8.23	0.19	10.01000023	0.918049812	2	291.44418	43.53706
KIC 7825677	5130	179	2.567	0.01	-0.46	0.3	1.33	0.09	9.93	0.25	61.31384	9.847310643	1	292.98895	43.5554889
KIC 7826053	4829	80	2.759	0.007	-0.37	0.15	1.24	0.06	7.7	0.15	28.94682	2.417741821	1	293.1066	43.5777211
KIC 7826107	4847	153	3.249	0.009	0.54	0.3	1.42	0.09	4.68	0.1	10.85361	1.564137913	1	293.12436	43.5792619
KIC 7826726	4486	157	2.444	0.041	0.18	0.3	1.48	0.76	12.1	2.82	52.7120018	2.165000916	2	293.32083	43.5780561
KIC 7827064	5103	167	2.958	0.009	0.32	0.3	1.37	0.09	6.44	0.15	25.25018	3.793860506	1	293.42249	43.5137211
KIC 7830749	5106	160	3.004	0.008	0.11	0.3	1.89	0.12	7.16	0.16	21.89599991	0.809000015	2	294.58105	43.5684011
KIC 7831285	5013	150	3.279	0.009	-0.04	0.3	1.17	0.08	4.11	0.1	9.57778	1.33600725	1	294.74838	43.56461
KIC 7832413	5179	169	3.236	0.009	0.14	0.3	1.61	0.14	5.07	0.18	11.30599976	0.516499996	2	295.10904	43.5339089
KIC 7832489	4970	154	3.102	0.008	-0.05	0.3	1.18	0.07	5.06	0.11	11.5010004	0.34800005	2	295.13071	43.5423089
KIC 7837223	4993	164	2.924	0.009	0	0.3	1.25	0.08	6.38	0.15	22.71319	3.427488225	1	296.53098	43.5148581
KIC 7837954	4998	80	2.948	0.008	0.01	0.15	2.15	0.12	8.15	0.17	37.21266	3.089767404	1	296.73172	43.5241011
KIC 7866696	4769	137	2.38	0.01	-0.03	0.3	1.4	0.1	12.65	0.32	74.31575	10.06657208	1	279.69482	43.6298711
KIC 7867657	5224	152	3.201	0.008	-0.27	0.3	1.53	0.1	5.14	0.12	17.66564	2.391531989	1	280.41431	43.6199611
KIC 7868468	5124	152	2.828	0.009	-0.51	0.3	1.18	0.08	6.94	0.16	29.80890	4.097668512	1	281.00873	43.6909289
KIC 7869863	5174	157	2.963	0.009	-0.08	0.3	1.35	0.09	6.35	0.15	14.07600021	0.744999886	2	281.93579	43.68655
KIC 7870556	4991	148	3.256	0.008	0.25	0.3	1.32	0.08	4.48	0.1	11.18142	1.530473132	1	282.34338	43.6564411
KIC 7870694	5104	158	3.122	0.008	0.17	0.3	1.47	0.09	5.51	0.13	18.49849	2.64808139	1	282.4263	43.6382219
KIC 7871761	5100	151	2.964	0.009	-0.13	0.3	1.21	0.08	6.02	0.14	22.01224	3.024175156	1	283.0386	43.62281
KIC 7871825	4908	151	2.508	0.012	0.04	0.3	1.35	0.12	10.71	0.32	44.74399948	3.512998581	2	283.06705	43.6203119
KIC 7872097	5196	154	2.987	0.008	-0.24	0.3	1.68	0.11	6.89	0.15	25.52799988	1.625	2	283.21786	43.6402589
KIC 7873012	4905	171	3.155	0.009	-0.16	0.3	1.06	0.07	4.51	0.11	10.57060	1.690606368	1	283.67496	43.6311989
KIC 7874779	5267	156	3.104	0.008	-1.04	0.3	1.08	0.07	4.83	0.11	15.7670002	0.927000046	2	284.60138	43.6991311
KIC 7877208	4827	100	2.734	0.007	0.2	0.3	1.24	0.06	7.92	0.15	28.62800026	1.770500183	2	285.97012	43.6079789
KIC 7877818	5095	151	3.157	0.008	0.01	0.3	1.34	0.08	5.05	0.11	14.16699982	1.149499893	2	286.28629	43.6159781
KIC 7878297	5155	158	2.857	0.009	-0.13	0.3	1.33	0.08	7.11	0.16	20.56599998	1.333499908	2	286.53415	43.6788481
KIC 7879167	5283	170	3.084	0.01	0.01	0.3	1.78	0.12	6.34	0.16	14.81700039	0.422999859	2	286.99625	43.6911889
KIC 7879392	5266	158	3.29	0.011	-0.01	0.3	1.5	0.12	4.59	0.12	9.539600372	0.198999882	2	287.11975	43.62709
KIC 7881464	5050	150	2.862	0.008	-0.03	0.3	1.41	0.09	7.29	0.16	31.03210	4.245464723	1	288.14142	43.6857989
KIC 7884986	5069	156	2.976	0.009	-0.1	0.3	1.43	0.09	6.43	0.14	16.6590004	1.062499523	2	289.74466	43.6846081
KIC 7885167	5349	187	3.24	0.009	-0.15	0.3	1.26	0.09	4.46	0.11	14.62011	2.346973766	1	289.81183	43.6666411
KIC 7888957	5011	161	3.004	0.009	0.12	0.3	1.4	0.09	6.16	0.14	21.48076	3.165817552	1	291.10947	43.6351811
KIC 7890609	5021	156	2.847	0.008	-0.23	0.3	1.28	0.08	7.08	0.16	28.60342	4.087400338	1	291.64133	43.6399381
KIC 7894751	5072	157	2.456	0.01	-0.3	0.3	1.49	0.11	11.94	0.31	84.70639	12.27939927	1	293.14581	43.6004411
KIC 7894759	4799	167	2.533	0.009	0.23	0.3	1.3	0.09	10.22	0.24	49.73880	7.911421402	1	293.14862	43.62495
KIC 7898594	5104	160	3.324	0.009	0.12	0.3	1.32	0.08	4.14	0.09	10.44321	1.498134522	1	294.39288	43.66193
KIC 7899868	4925	149	2.806	0.009	-0.22	0.3	1.24	0.08	7.29	0.16	19.88100052	0.708500862	2	294.7818	43.6058011
KIC 7900414	4897	155	2.751	0.009	0.32	0.3	1.46	0.1	8.43	0.2	36.69155	5.361013417	1	294.95361	43.6317211
KIC 7900744	4676	144	2.657	0.01	0.53	0.3	1.5	0.12	9.52	0.28	29.03700066	2.036499977	2	295.05255	43.6803889
KIC 7904344	4963	157	2.474	0.011	-0.38	0.3	1.34	0.11	11.12	0.32	67.95400238	4.338500977	2	296.12888	43.69902
KIC 7905654	4811	145	2.823	0.008	-0.21	0.3	1.06	0.07	6.63	0.15	19.65500069	1.109499931	2	296.4971	43.69622
KIC 7916800	5022	156	3.193	0.008	-0.62	0.3	1.1	0.07	4.39	0.1	11.33399963	0.434000015	2	299.27127	43.6757389
KIC 7935960	4946	145	2.619	0.009	-0.15	0.3	1.3	0.09	9.27	0.22	25.28499985	1.588500023	2	280.18137	43.7399789
KIC 7936358	5042	154	3.073	0.008	0.12	0.3	1.4	0.08	5.7	0.12	18.85175	2.632658057	1	280.44513	43.7781719
KIC 7936400	4899	145	2.724	0.008	-0.01	0.3	1.34	0.08	8.34	0.19	35.97099	4.927641248	1	280.47321	43.7448689
KIC 7941121	4876	148	2.869	0.009	0.31	0.3	1.35	0.09	7.08	0.16	25.43969	3.56020033	1	283.32596	43.79372
KIC 7944142	5046	176	2.792	0.009	0	0.3	1.59	0.11	8.38	0.2	40.87592	6.525898167	1	284.86957	43.7331619
KIC 7947419	5049	154	2.654	0.009	-0.07	0.3	1.33	0.08	8.99	0.2	30.67900085	1.6060009	2	286.65869	43.7961389
KIC 7949127	4929	151	2.74	0.009	0.11	0.3	1.28	0.09	8.01	0.19	23.25200081	1.189499855	2	287.53714	43.7813111
KIC 7950821	5005	154	2.793	0.009	-0.02	0.3	1.45	0.09	8.01	0.18	36.14697	5.117321287	1	288.34891	43.7190589
KIC 7953365	4776	140	2.767	0.009	-0.07	0.3	1.28	0.08	7.75	0.18	28.05764	3.820464743	1	289.45728	43.7245411
KIC 7953518	5007	152	2.719	0.009	-0.65	0.3	1.69	0.11	9.4	0.21	11.29500008	0.826499939	2	289.5282	43.7450789
KIC 7953634	4807	143	2.64	0.01	-0.3	0.3	1.17	0.09	8.58	0.22	35.29081	4.934867918	1	289.57816	43.7866711
KIC 7955078	5111	157	2.997	0.008	-0.11	0.3	1.51	0.09	6.46	0.14	10.57699966	2.211750031	2	290.11801	43.74194
KIC 7955597	5038	160	3.099	0.009	0.11	0.3	1.4	0.09	5.53	0.12	17.68778	2.5671567	1	290.29315	43.7700389
KIC 7959473	5052	162	2.467	0.009	-0.77	0.3	1.09	0.07	10.09	0.26	54.97800064	3.07749939	2	291.59656	43.7023089
KIC 7966651	4804	151	2.682	0.009	0.24	0.3	1.36	0.09	8.81	0.21	30.63800049	1.729001045	2	294.1217	43.7977981
KIC 7967974	5121	160	2.67	0.009	-0.29	0.3	1.7	0.12	9.97	0.24	61.37619	8.880332215	1	294.56509	43.76569
KIC 7968916	5264	170	3.169	0.018	0.03	0.3	2.88	0.37	7.31	0.32	22.63899994	1.503000259	2	294.86926	43.7685319
KIC 7969053	5041	154	3.025	0.008	-0.01	0.3	1.35	0.08	5.92	0.13	20.31893	2.850769037	1	294.91379	43.7066381
KIC 7969433	5062	160	3.267	0.009	0.11	0.3	1.46	0.1	4.66	0.11	12.80121	1.866956493	1	295.02817	43.7901381
KIC 7971193	5079	177	2.989	0.01	-0.1	0.3	0.99	0.07	5.27	0.13	20.92700005	0.833499908	2	295.58017	43.7262731
KIC 7974797	5100	159	2.971	0.01	-0.34	0.3	1.57	0.11	6.79	0.17	42.41999817	10.76850128	2	296.6366	43.79961
KIC 7975176	5026	167	2.973	0.009	-0.39	0.3	1.52	0.1	6.66	0.16	37.75299835	3.755498886	2	296.74911	43.7552189
KIC 7976731	4968	168	2.461	0.009	-0.99	0.3	0.98	0.07	9.64	0.24	49.60499954	3.516500473	2	297.16684	43.7116389
KIC 8007431	5007	175	3.048	0.082	0.12	0.3	1.42	0.85	5.91	1.24	22.23699951	0.75	2	281.99542	43.8556631
KIC 8007517	4883	141	2.556	0.009	-0.25	0.3	1.19	0.08	9.51	0.22	46.16347	6.200614672	1	282.05612	43.89941
KIC 8008349	5138	179	2.771	0.009	-0.49	0.3	1.26	0.08	7.64	0.18	36.39099884	2.303501129	2	282.57648	43.8250811
KIC 8008919	5651	197	3.234	0.009	-0.06	0.3	1.12	0.07	4.23	0.1	14.57699966	0.465000153	2	282.90735	43.8667639
KIC 8009004	5111	151	3.222	0.008	-0.32	0.3	1.12	0.07	4.3	0.1	10.26900005	0.631599903	2	282.96185	43.8176919
KIC 8009525	5422	157	3.247	0.008	-0.27	0.3	1.38	0.08	4.63	0.1	16.63377	2.220550705	1	283.21014	43.8284111
KIC 8009740	4965	152	3.14	0.008	0.37	0.3	1.52	0.09	5.5	0.12	16.50414	2.318336773	1	283.33435	43.8565711
KIC 8009745	5186	161	3.198	0.008	0.11	0.3	1.5	0.1	5.11	0.12	16.95752	2.43231719	1	283.33719	43.8460689
KIC 8012611	4997	100	3.162	0.007	-0.44	0.3	1.18	0.06	4.73	0.09	12.96500015	0.826499939	2	284.6684	43.8543819
KIC 8013023	5237	158	3.224	0.008	-0.81	0.3	1.02	0.07	4.1	0.1	10.72099972	0.484000206	2	284.92126	43.8518219
KIC 8016113	5198	160	2.451	0.01	-0.6	0.3	1.39	0.1	11.62	0.3	88.50094	12.75706351	1	286.63553	43.83392
KIC 8016650	4892	151	2.943	0.009	0.49	0.3	1.33	0.08	6.45	0.14	15.52700043	0.542500019	2	286.92426	43.82943
KIC 8017332	5027	155	2.826	0.009	0.06	0.3	1.48	0.1	7.79	0.18	19.99200058	1.298500061	2	287.26218	43.8474011
KIC 8017348	5245	162	3.196	0.008	-0.13	0.3	1.58	0.1	5.26	0.12	18.79940	2.675111247	1	287.27164	43.87492
KIC 8017367	4942	147	2.486	0.009	-0.22	0.3	1.19	0.08	10.33	0.25	35.17100143	1.965999603	2	287.28009	43.82819
KIC 8019240	5042	176	2.88	0.01	-0.21	0.3	1.36	0.1	7.03	0.17	6.345699787	0.600250006	2	288.18225	43.8715781
KIC 8019322	5050	155	2.75	0.009	-0.65	0.3	1.73	0.11	9.19	0.21	41.70800018	3.538499832	2	288.21783	43.8770711
KIC 8019664	4887	171	2.548	0.01	-0.28	0.3	0.97	0.07	8.66	0.22	41.56800079	3.595500946	2	288.37839	43.8187031
KIC 8022836	4903	150	2.891	0.008	0.17	0.3	1.32	0.08	6.82	0.15	16.51499939	0.734499931	2	289.78485	43.86726
KIC 8023029	5196	163	2.977	0.01	-0.04	0.3	1.69	0.12	6.99	0.17	20.32799911	0.597000122	2	289.85959	43.8111381
KIC 8023523	5460	171	3.065	0.009	-0.64	0.3	2.6	0.18	7.83	0.19	48.91979	7.100118013	1	290.03757	43.8761289
KIC 8023760	5210	161	3.244	0.008	-0.05	0.3	1.39	0.09	4.66	0.1	10.51000023	0.508399963	2	290.11316	43.8514289
KIC 8025991	5106	155	2.827	0.008	-0.57	0.3	1.16	0.07	6.88	0.15	25	0.99849987	2	290.82016	43.87886
KIC 8026274	5169	151	3.116	0.01	-0.41	0.3	1.67	0.12	5.92	0.14	16.91500092	0.73650074	2	290.91513	43.8662611
KIC 8026725	5361	166	3.166	0.008	-0.29	0.3	1.37	0.09	5.07	0.11	19.06293	2.703780481	1	291.06842	43.8078311
KIC 8027906	5229	164	3.185	0.014	-0.22	0.3	1.32	0.13	4.86	0.16	13.68200016	0.699499607	2	291.47812	43.80481
KIC 8035683	5083	160	2.792	0.009	-0.32	0.3	1.26	0.08	7.48	0.17	29.19099998	2.488999367	2	294.19614	43.8792689
KIC 8037398	5123	161	3.077	0.009	-0.07	0.3	1.21	0.08	5.28	0.13	15.63799953	0.678999901	2	294.75455	43.8194889
KIC 8038347	4956	80	2.629	0.007	-0.51	0.15	1.3	0.07	9.14	0.17	45.24891	3.668113024	1	295.03674	43.8588911
KIC 8040571	5149	165	2.601	0.009	-0.11	0.3	1.8	0.12	11.14	0.27	48.86500168	5.169500351	2	295.73618	43.8488389
KIC 8043136	4848	146	2.412	0.018	-0.03	0.3	1.22	0.24	11.37	0.97	64.11533	14.33654789	1	296.48923	43.88472
KIC 8055041	5007	80	2.914	0.009	0.03	0.15	2.32	0.16	8.81	0.21	44.84500122	1.083000183	2	299.42758	43.8996889
KIC 8074585	5006	149	2.573	0.009	-0.78	0.3	1.1	0.07	8.99	0.21	44.11899948	4.404500961	2	280.8895	43.9608381
KIC 8077561	5159	180	2.795	0.01	-0.63	0.3	1.28	0.09	7.49	0.19	9.105999947	1.884850025	2	282.72549	43.9202311
KIC 8078495	5188	154	3.158	0.008	-0.1	0.3	1.42	0.09	5.21	0.11	12.56299973	0.392000198	2	283.12741	43.9779089
KIC 8081497	4838	100	2.891	0.007	-0.59	0.3	1.02	0.05	5.99	0.11	19.22100067	0.972499847	2	284.6738	43.9220311
KIC 8084863	5390	162	3.003	0.009	-0.39	0.3	1.57	0.1	6.54	0.15	20.24799919	0.934000015	2	286.56866	43.9517289
KIC 8085386	5318	161	3.049	0.008	-0.3	0.3	1.43	0.09	5.91	0.13	18.79599953	1.01349926	2	286.85312	43.9538611
KIC 8085867	5093	158	3.162	0.008	0.04	0.3	1.52	0.09	5.35	0.12	10.97399998	0.386499882	2	287.10657	43.9378089
KIC 8086682	5126	159	2.855	0.009	-0.06	0.3	1.47	0.1	7.52	0.18	23.11800003	1.560500145	2	287.50406	43.99638
KIC 8095225	5272	165	2.816	0.009	-0.03	0.3	1.58	0.1	8.15	0.2	52.44200134	4.42950058	2	290.95462	43.9071011
KIC 8095275	4872	149	2.749	0.009	0.03	0.3	1.28	0.08	7.91	0.18	31.64992	4.462842014	1	290.97083	43.9708211
KIC 8096716	5014	155	2.987	0.009	-0.26	0.3	1.16	0.09	5.72	0.18	16.69199944	1.166999817	2	291.47348	43.90583
KIC 8097699	4639	137	2.363	0.011	-0.07	0.3	1.3	0.1	12.42	0.34	53.02999878	5.086000443	2	291.83121	43.9939119
KIC 8098454	4833	80	3.272	0.006	0.37	0.15	1.2	0.06	4.2	0.07	8.64085	0.69702977	1	292.11984	43.9748689
KIC 8098815	5044	146	3.272	0.008	-0.01	0.3	1.39	0.08	4.51	0.09	11.82072	1.56385095	1	292.25903	43.9158211
KIC 8099364	5043	153	3.236	0.008	-0.16	0.3	1.13	0.07	4.24	0.09	10.43946	1.450279217	1	292.44788	43.9426919
KIC 8104319	5095	154	2.861	0.008	-0.61	0.3	1.28	0.08	6.94	0.15	28.28499985	1.664000511	2	294.16153	43.9839211
KIC 8105610	5129	156	2.895	0.009	-0.22	0.3	1.69	0.11	7.68	0.18	24.54299927	1.624500275	2	294.56876	43.90041
KIC 8105732	4974	150	2.526	0.009	-0.26	0.3	1.44	0.09	10.85	0.25	60.33800125	7.597999573	2	294.60889	43.9545211
KIC 8106072	5173	169	2.899	0.009	-0.08	0.3	1.69	0.12	7.65	0.18	37.62559	5.650711715	1	294.71906	43.97361
KIC 8107355	4816	80	3.296	0.006	0.15	0.15	1.08	0.05	3.86	0.07	7.19633	0.592309037	1	295.15369	43.9374811
KIC 8110026	4899	151	2.76	0.009	-0.3	0.3	1.08	0.07	7.17	0.17	25.56999969	1.548500061	2	295.96631	43.9629289
KIC 8110809	5149	163	3.196	0.008	-0.22	0.3	1.23	0.08	4.63	0.1	10.12899971	0.405050278	2	296.19943	43.9052581
KIC 8111106	5067	166	3.038	0.009	-0.23	0.3	1.35	0.09	5.82	0.13	17.70400047	0.635000229	2	296.28748	43.9311411
KIC 8111555	4916	156	3.063	0.009	0.07	0.3	1.49	0.1	5.93	0.14	18.43943	2.698808705	1	296.42111	43.97311
KIC 8113847	4952	157	3.242	0.009	0.19	0.3	1.28	0.08	4.49	0.1	10.88443	1.581506468	1	297.05502	43.9143911
KIC 8127707	4853	80	3.261	0.006	0.21	0.15	1.16	0.06	4.17	0.07	8.65972	0.697325715	1	300.47537	43.96706
KIC 8144161	5288	157	2.964	0.008	-0.39	0.3	1.3	0.08	6.22	0.14	17.89100075	1.131000519	2	281.75568	44.0526889
KIC 8144802	5068	150	2.798	0.009	-0.25	0.3	1.39	0.09	7.79	0.18	25.42200089	1.357000351	2	282.16708	44.0113789
KIC 8145017	4869	100	3.299	0.007	-0.34	0.3	1.02	0.06	3.75	0.08	7.09598	0.710083371	1	282.3049	44.0323911
KIC 8145453	4989	144	2.872	0.008	-0.21	0.3	1.18	0.07	6.59	0.15	10.00899982	0.774300098	2	282.55408	44.0498811
KIC 8148994	4925	143	2.426	0.009	-0.25	0.3	1.17	0.08	10.99	0.26	51.15100098	5.406999588	2	284.42377	44.0557211
KIC 8149014	5034	146	3.178	0.009	-0.56	0.3	1.12	0.07	4.51	0.11	16.15299988	2.620500565	2	284.43192	44.0920719
KIC 8149025	4724	100	2.686	0.007	-0.47	0.3	1.12	0.06	7.95	0.16	27.58200073	1.634500504	2	284.436	44.03194
KIC 8149108	5137	151	2.982	0.008	-0.46	0.3	1.18	0.07	5.79	0.12	15.24300003	0.639999866	2	284.48373	44.03722
KIC 8149409	4669	100	2.38	0.011	-0.48	0.3	1.1	0.09	11.22	0.31	63.09700012	4.951501846	2	284.65732	44.0793689
KIC 8149983	5154	153	2.874	0.008	-0.57	0.3	1.25	0.08	6.76	0.15	20.57900047	1.18350029	2	284.9819	44.02277
KIC 8150152	4669	100	2.635	0.009	0.01	0.3	1.18	0.08	8.64	0.21	31.85030	3.38580151	1	285.07672	44.02845
KIC 8150728	4924	146	2.494	0.009	-0.25	0.3	1.3	0.09	10.68	0.26	36.44300079	3.068500519	2	285.37637	44.0721211
KIC 8150844	4935	148	2.35	0.01	-0.56	0.3	1.22	0.09	12.24	0.33	67.33799744	4.783502579	2	285.44116	44.0387189
KIC 8153907	5242	153	3.206	0.008	-0.59	0.3	1.35	0.08	4.8	0.1	15.61928	2.091415417	1	287.09454	44.0326119
KIC 8154682	4975	159	2.962	0.009	0.23	0.3	1.4	0.09	6.48	0.15	23.09473	3.394222654	1	287.46985	44.0117189
KIC 8155782	5123	154	3.051	0.008	-0.33	0.3	1.2	0.07	5.41	0.12	18.10016	2.505872638	1	288.00302	44.0135989
KIC 8158034	5067	177	3.266	0.009	-0.09	0.3	1.3	0.09	4.39	0.1	9.162500381	0.127699852	2	289.06345	44.0550189
KIC 8159075	4806	143	2.343	0.011	-0.15	0.3	1.2	0.1	12.22	0.35	71.52667	10.1876055	1	289.47876	44.0025481
KIC 8159235	4862	170	2.686	0.009	-0.24	0.3	1.2	0.08	8.22	0.2	27.46999931	1.593000412	2	289.53833	44.0018881
KIC 8159908	5073	177	2.899	0.009	-0.19	0.3	1.23	0.08	6.52	0.16	18.20599937	0.948999405	2	289.79715	44.0700189
KIC 8160212	5329	156	3.308	0.01	-0.37	0.3	1.35	0.1	4.27	0.11	12.70300007	0.30150032	2	289.90283	44.04427
KIC 8160282	5039	155	2.656	0.009	-0.17	0.3	1.42	0.1	9.26	0.23	36.6590004	2.165500641	2	289.9252	44.0601389
KIC 8161789	5004	150	3.001	0.008	0.01	0.3	1.39	0.08	6.17	0.13	14.73200035	0.504499912	2	290.39502	44.0722811
KIC 8162712	5151	160	2.776	0.008	-0.52	0.3	1.36	0.09	7.91	0.18	39.54665	5.654357038	1	290.70871	44.0392189
KIC 8163250	4693	80	2.641	0.007	-0.4	0.15	1.08	0.06	8.23	0.17	29.49799	2.551712936	1	290.88284	44.0993311
KIC 8168444	5037	176	3.257	0.009	-0.07	0.3	1.26	0.08	4.37	0.1	8.305600166	0.26335001	2	292.8035	44.03994
KIC 8172066	4997	160	2.491	0.009	-0.34	0.3	1.77	0.17	12.53	0.54	45.70500183	4.209501266	2	294.00906	44.0408211
KIC 8172777	4938	158	2.51	0.01	-0.02	0.3	1.44	0.11	11.02	0.29	64.82732	9.690552496	1	294.24823	44.0083389
KIC 8173978	5117	153	3.087	0.008	-0.29	0.3	1.37	0.08	5.54	0.12	15.15200043	0.503000259	2	294.63718	44.09898
KIC 8174761	4882	158	2.644	0.009	0	0.3	1.35	0.09	9.16	0.22	33.13899994	1.767998695	2	294.89145	44.00354
KIC 8174874	5008	160	2.524	0.01	-0.23	0.3	1.39	0.1	10.66	0.27	64.17446	9.531400952	1	294.92877	44.0413819
KIC 8180375	5037	158	2.997	0.008	-0.6	0.3	1.03	0.06	5.34	0.12	16.48600006	0.668500423	2	296.59201	44.0643689
KIC 8181509	4818	140	2.429	0.022	-0.11	0.3	2.72	0.42	16.67	0.9	184.2599945	18.30500031	2	296.91251	44.0770419
KIC 8181816	4926	155	2.868	0.009	-0.03	0.3	1.33	0.09	7.03	0.16	20.48800087	0.887500763	2	296.99307	44.0734711
KIC 8183086	4750	145	2.608	0.011	-0.01	0.3	1.49	0.11	10.04	0.27	46.07150	6.634068868	1	297.30215	44.06382
KIC 8183588	4632	142	2.523	0.011	0.27	0.3	1.47	0.12	10.98	0.31	42.2879982	3.229999542	2	297.42004	44.00716
KIC 8192753	4828	80	3.283	0.006	0.33	0.15	1.23	0.06	4.19	0.08	8.56422	0.711954498	1	299.68539	44.0889211
KIC 8195258	5054	165	3.219	0.009	-0.54	0.3	0.95	0.06	3.97	0.09	10.29199982	0.361249924	2	300.38412	44.0877189
KIC 8211363	4714	100	2.733	0.008	-0.32	0.3	1.01	0.06	7.15	0.15	23.49600029	1.312999725	2	281.4462	44.1473689
KIC 8218419	4774	150	1.701	0.038	-0.05	0.3	1.19	0.36	25.44	3.01	301.82444	87.17131591	1	285.14417	44.1413919
KIC 8218648	4730	100	2.958	0.007	-0.01	0.3	1.21	0.06	6.06	0.11	16.50366	1.642933506	1	285.28708	44.1673889
KIC 8219746	5164	159	3.022	0.009	0.05	0.3	1.6	0.1	6.46	0.14	15.16600037	1.010500431	2	285.93106	44.1604189
KIC 8221785	5101	156	2.821	0.009	-0.11	0.3	1.34	0.08	7.44	0.17	33.64788	4.746749639	1	287.04706	44.1894
KIC 8221938	4957	151	2.477	0.013	-0.04	0.3	1.27	0.12	10.76	0.37	40.00600052	2.874500275	2	287.13513	44.19495
KIC 8233881	5337	164	3.256	0.009	-0.26	0.3	1.41	0.09	4.64	0.11	11.72099972	0.428499699	2	292.00467	44.12236
KIC 8235991	4998	146	2.956	0.008	-0.32	0.3	1.23	0.07	6.11	0.13	20.91500	2.809143441	1	292.79785	44.1935619
KIC 8250069	5058	165	3.21	0.009	-0.21	0.3	1.11	0.07	4.34	0.1	9.418199539	0.229050159	2	297.21979	44.1134911
KIC 8262338	4852	80	3.261	0.007	0.26	0.15	1.21	0.06	4.26	0.08	9.03011	0.745065093	1	300.3707	44.1561389
KIC 8263475	5137	180	3.078	0.009	-0.26	0.3	1.6	0.11	6.05	0.14	22.88440	3.658102407	1	300.71259	44.1413689
KIC 8265154	4967	149	3.234	0.009	-0.41	0.3	1.01	0.07	4.03	0.09	9.465499878	0.267699718	2	301.13376	44.1359411
KIC 8277832	5038	146	2.727	0.01	-0.15	0.3	1.46	0.11	8.67	0.23	36.23799896	4.559000015	2	281.37906	44.2048189
KIC 8278036	4719	100	2.754	0.007	-0.28	0.3	1.12	0.06	7.34	0.14	23.05400085	1.363499641	2	281.52118	44.2601511
KIC 8279254	5088	142	2.999	0.008	-0.19	0.3	1.22	0.07	5.8	0.13	16.32900047	1.811500072	2	282.31506	44.22987
KIC 8280560	5139	151	3.034	0.008	-0.67	0.3	1.13	0.07	5.35	0.11	17.92308	2.410958463	1	283.02884	44.2149389
KIC 8283117	5157	156	3.202	0.009	-0.98	0.3	1.06	0.07	4.28	0.1	11.43599987	1.319499969	2	284.36588	44.2451781
KIC 8284056	4652	100	2.694	0.008	-0.22	0.3	1.06	0.06	7.65	0.16	24.60777	2.542514734	1	284.88507	44.2734111
KIC 8285086	4841	141	2.459	0.011	-0.04	0.3	1.24	0.1	10.87	0.3	58.26261	8.099719041	1	285.47076	44.2703511
KIC 8285729	5366	172	2.958	0.01	-0.3	0.3	1.33	0.1	6.35	0.17	3.95810008	0.399299979	2	285.82291	44.2205089
KIC 8285804	5096	156	3.197	0.008	-0.26	0.3	1.22	0.08	4.62	0.1	8.940199852	0.428649902	2	285.85638	44.2332189
KIC 8285845	4957	163	3.05	0.009	0.09	0.3	1.46	0.09	5.97	0.13	19.32034	2.89585142	1	285.88855	44.2053411
KIC 8289334	4906	144	2.839	0.009	-0.31	0.3	1.2	0.08	6.91	0.16	24.83458	3.38414844	1	287.67291	44.28331
KIC 8298507	4762	139	2.682	0.009	-0.13	0.3	1.16	0.08	8.12	0.19	30.44109	4.133750161	1	291.34192	44.24596
KIC 8299311	4937	154	2.754	0.009	-0.24	0.3	1.18	0.08	7.55	0.18	30.40444	4.387564934	1	291.65353	44.27644
KIC 8301083	4990	152	2.932	0.008	-0.5	0.3	1.1	0.07	5.93	0.13	17.62899971	0.711999893	2	292.33127	44.2042619
KIC 8307791	4948	157	2.943	0.009	0.08	0.3	1.3	0.08	6.37	0.14	14.95499992	0.559999943	2	294.72171	44.2520711
KIC 8308639	5068	164	2.962	0.009	-0.03	0.3	1.46	0.09	6.61	0.15	18.99200058	0.778499603	2	294.98322	44.2179111
KIC 8309466	5050	161	3.185	0.009	0.05	0.3	1.37	0.09	4.95	0.11	10.37199974	0.211500168	2	295.25073	44.2488711
KIC 8315560	5065	167	2.857	0.009	-0.28	0.3	1.88	0.13	8.48	0.21	29.75699997	1.793499947	2	297.06979	44.2459789
KIC 8315703	5216	168	3.252	0.009	-0.09	0.3	1.6	0.11	4.96	0.12	12.69900036	0.455500126	2	297.10483	44.29731
KIC 8327292	4886	166	3.202	0.009	-0.6	0.3	1.39	0.1	4.88	0.12	12.18552	1.905316469	1	300.02063	44.2028389
KIC 8328178	4819	168	2.886	0.009	-0.28	0.3	1.26	0.09	6.71	0.17	21.20299911	0.090499878	2	300.31006	44.26413
KIC 8344169	4992	141	2.912	0.008	-0.1	0.3	1.19	0.07	6.33	0.14	21.35499954	3.105999947	2	281.38611	44.3509219
KIC 8344592	4978	100	3.08	0.007	-0.38	0.3	1.11	0.06	5.04	0.09	13.36499977	0.320499897	2	281.68286	44.3277889
KIC 8345153	5435	162	2.827	0.009	-0.52	0.3	1.29	0.08	7.25	0.17	24.87599945	5.470000267	2	282.01123	44.3563689
KIC 8345515	4803	100	2.945	0.007	-0.33	0.3	1.07	0.05	5.77	0.11	15.54399967	0.629499912	2	282.20856	44.3576889
KIC 8345869	5224	151	3.076	0.008	-0.34	0.3	1.3	0.08	5.47	0.12	12.07800007	0.385499954	2	282.42834	44.3329889
KIC 8346778	4900	139	2.602	0.009	-0.25	0.3	1.54	0.1	10.26	0.23	42.75099945	0.585500717	2	282.94751	44.3770711
KIC 8349031	5092	146	3.107	0.008	-0.23	0.3	1.1	0.07	4.87	0.11	5.174099922	0.317600012	2	284.17227	44.3951911
KIC 8349145	5211	153	3.277	0.008	-0.26	0.3	1.22	0.07	4.2	0.09	8.181900024	0.212550163	2	284.22946	44.3755989
KIC 8350024	4957	141	3.265	0.009	-0.19	0.3	1.1	0.09	4.06	0.14	8.93549	1.279021859	1	284.707	44.3600311
KIC 8350347	5085	151	2.829	0.008	-0.92	0.3	1.07	0.07	6.61	0.14	27.87199974	2.352499962	2	284.8819	44.3371811
KIC 8351477	5380	158	3.281	0.008	-0.42	0.3	1.38	0.09	4.45	0.1	9.614199638	0.215600014	2	285.49313	44.3461419
KIC 8351962	5274	153	2.857	0.009	-0.35	0.3	1.23	0.09	6.85	0.17	7.212200165	0.115499973	2	285.7738	44.3673289
KIC 8352450	5197	154	3.036	0.008	-0.48	0.3	1.19	0.07	5.47	0.12	13.49400043	0.75150013	2	286.07074	44.3479311
KIC 8352623	5165	155	2.76	0.008	-0.31	0.3	1.32	0.08	7.93	0.18	40.18077	5.569531286	1	286.16519	44.3141711
KIC 8352953	5185	181	3.287	0.01	-1	0.3	1.43	0.11	4.51	0.12	12.80900002	0.297999859	2	286.34634	44.3734019
KIC 8354657	5056	176	2.918	0.009	-0.17	0.3	1.24	0.08	6.42	0.15	17.53700066	0.728499413	2	287.25644	44.30983
KIC 8358990	4969	152	2.877	0.008	0.03	0.3	1.33	0.08	6.97	0.15	26.59084	3.727025163	1	289.40121	44.3476411
KIC 8359529	5028	154	2.902	0.009	0.12	0.3	1.62	0.1	7.47	0.17	32.01937	4.520975573	1	289.61969	44.3287011
KIC 8360807	4814	144	2.481	0.01	-0.31	0.3	1.19	0.09	10.38	0.27	42.81200027	3.146499634	2	290.10229	44.3629
KIC 8361046	4960	151	2.626	0.009	-0.22	0.3	1.49	0.1	9.83	0.23	36.93600082	2.891000748	2	290.19189	44.34576
KIC 8362790	4883	170	2.691	0.01	-0.04	0.3	1.33	0.1	8.63	0.22	38.01535	6.101511702	1	290.79059	44.3754811
KIC 8363240	5249	159	3.3	0.009	-0.23	0.3	1.39	0.09	4.37	0.1	9.911800385	0.242649555	2	290.96085	44.3021389
KIC 8364179	4953	150	2.707	0.009	-0.43	0.3	1.35	0.09	8.53	0.2	39.31533	5.515601619	1	291.29489	44.32869
KIC 8364337	4893	146	2.656	0.009	-0.48	0.3	1.1	0.07	8.15	0.19	38.64899826	2.744499207	2	291.35104	44.3511389
KIC 8366486	4780	80	2.518	0.009	0.11	0.15	1.94	0.13	12.7	0.31	75.59787	6.782702728	1	292.17618	44.3082811
KIC 8374394	4990	152	2.921	0.008	-0.41	0.3	1.16	0.07	6.18	0.14	19.47400093	1.00799942	2	294.96524	44.3604811
KIC 8377962	4922	154	3.034	0.009	-0.06	0.3	1.37	0.09	5.89	0.13	15.60099983	0.56499958	2	296.09482	44.3545911
KIC 8379206	4807	148	2.545	0.009	-0.72	0.3	1.08	0.07	9.18	0.22	58.83800125	2.660499573	2	296.46207	44.3231319
KIC 8381622	5016	164	2.993	0.009	-0.65	0.3	1.13	0.07	5.62	0.13	17.91799927	0.672499657	2	297.12	44.37907
KIC 8387668	4889	148	3.274	0.009	-0.21	0.3	1.04	0.07	3.9	0.09	8.031100273	0.189549923	2	298.62991	44.36871
KIC 8388814	5059	170	3.209	0.011	-0.47	0.3	0.99	0.09	4.09	0.14	14.52299976	0.53550005	2	298.91217	44.3481289
KIC 8393874	4909	149	3.1	0.008	-0.35	0.3	1.21	0.07	5.14	0.11	15.12699986	0.47699976	2	300.24768	44.3334881
KIC 8409750	5245	154	3.234	0.008	-0.17	0.3	1.49	0.09	4.88	0.11	10.80300045	0.411499977	2	281.62729	44.4136311
KIC 8409758	5262	161	3.224	0.009	-0.31	0.3	1.16	0.08	4.36	0.1	9.616399765	0.702499866	2	281.63092	44.44632
KIC 8409771	5202	154	3.01	0.008	-0.29	0.3	1.21	0.07	5.7	0.13	14.52499962	1.789000511	2	281.63861	44.4476011
KIC 8410413	4979	147	2.465	0.011	-0.64	0.3	1.2	0.09	10.61	0.29	43.50799942	3.059000015	2	282.03235	44.44606
KIC 8410770	4836	100	2.563	0.008	-1.01	0.3	0.94	0.05	8.4	0.18	42.63800049	1.979000092	2	282.21988	44.4501111
KIC 8414340	4847	100	2.947	0.007	-0.26	0.3	1.12	0.06	5.88	0.11	17.47200012	1.165499687	2	284.21759	44.4665411
KIC 8415729	4555	100	2.704	0.007	0.13	0.3	1.27	0.07	8.31	0.17	29.70999908	1.414500237	2	284.98706	44.4363711
KIC 8417113	5165	147	3.291	0.009	-0.39	0.3	1.07	0.07	3.87	0.09	7.395199776	0.375999928	2	285.72324	44.4473
KIC 8418027	5043	146	2.999	0.008	-0.94	0.3	1.07	0.06	5.42	0.11	16.14299965	1.222500324	2	286.23352	44.4788511
KIC 8418352	5018	175	3.128	0.01	0.26	0.3	1.27	0.09	5.09	0.13	3.567500114	0.146649957	2	286.38919	44.4114719
KIC 8418615	5075	157	3.266	0.009	0.29	0.3	1.31	0.08	4.41	0.1	7.188600063	0.154649973	2	286.52173	44.4739611
KIC 8420829	4946	146	2.593	0.009	-0.27	0.3	1.19	0.08	9.14	0.22	30.99300003	1.814498901	2	287.69751	44.4515
KIC 8420916	4909	144	2.8	0.009	0.17	0.3	1.43	0.09	7.9	0.18	32.53995	4.422664502	1	287.74899	44.4268419
KIC 8420954	5027	152	2.849	0.009	-0.04	0.3	1.45	0.09	7.5	0.17	32.25140	4.499697582	1	287.76947	44.4822011
KIC 8422647	5093	178	3.074	0.009	0.04	0.3	1.47	0.1	5.83	0.14	20.53158	3.286037703	1	288.64691	44.47839
KIC 8424345	5324	179	3.128	0.016	0.19	0.3	2.26	0.26	6.79	0.28	19.90699959	0.737500191	2	289.39917	44.4693719
KIC 8424501	5343	159	3.201	0.01	-0.23	0.3	1.7	0.12	5.43	0.14	16.39599991	0.590999603	2	289.45367	44.42384
KIC 8425211	5170	157	3.216	0.009	0.07	0.3	1.55	0.1	5.08	0.13	16.55313	2.355352535	1	289.71555	44.43383
KIC 8425420	4975	151	2.593	0.009	-0.44	0.3	1.22	0.08	9.23	0.23	34.02999878	2.090000153	2	289.81387	44.41972
KIC 8425633	4915	147	2.741	0.008	-0.11	0.3	1.32	0.08	8.09	0.18	34.29112	4.727708345	1	289.88736	44.4054111
KIC 8429285	5082	154	3.096	0.008	-0.5	0.3	1.13	0.07	4.98	0.11	12.56700039	0.423999786	2	291.26105	44.44733
KIC 8429977	5052	155	3.038	0.008	-0.21	0.3	1.4	0.09	5.93	0.13	15.69999981	0.672000408	2	291.5076	44.4482189
KIC 8431083	5043	155	3.009	0.008	-0.23	0.3	1.21	0.08	5.71	0.13	18.93296	2.681718966	1	291.93106	44.42543
KIC 8431875	4962	80	2.361	0.009	-0.94	0.15	1.02	0.07	11.04	0.27	71.34100342	4.975498199	2	292.2334	44.4156189
KIC 8432910	5170	180	3.169	0.009	-0.39	0.3	1.37	0.09	5.04	0.12	15.5710001	0.38049984	2	292.65976	44.4909519
KIC 8445172	5209	171	3.267	0.01	-0.44	0.3	1.29	0.09	4.37	0.11	12.62324	1.918989491	1	296.7944	44.4753911
KIC 8445641	4758	144	2.852	0.009	0.15	0.3	1.49	0.09	7.59	0.17	23.22699928	1.25150013	2	296.9209	44.4464111
KIC 8460470	4821	156	2.935	0.009	-0.43	0.3	1.1	0.07	5.91	0.13	16.94002	2.50437214	1	300.73364	44.445
KIC 8463380	4040	80	2.555	0.015	0	0.3	0.98	0.14	8.66	0.52	32.90800095	0.32349968	2	301.73285	44.4453619
KIC 8474506	4770	100	2.497	0.007	-0.25	0.3	1.15	0.06	10.01	0.21	49.1780014	4.945999146	2	281.50986	44.5393711
KIC 8474915	5069	148	3.072	0.008	-0.56	0.3	1.08	0.06	5.02	0.11	14.6619997	0.461999893	2	281.77945	44.5477489
KIC 8475684	5043	147	3.133	0.008	-0.84	0.3	1.05	0.06	4.61	0.1	11.39299965	1.468500137	2	282.24545	44.5216289
KIC 8476117	5271	157	3.308	0.009	-0.66	0.3	1.06	0.07	3.78	0.09	9.90253	1.371816709	1	282.49835	44.5562711
KIC 8476202	4755	100	2.946	0.008	-0.12	0.3	1.31	0.07	6.38	0.13	18.68246	1.8878211	1	282.54614	44.5551611
KIC 8479197	5054	145	2.974	0.009	-0.6	0.3	1.31	0.08	6.19	0.14	22.44465	2.988969585	1	284.17365	44.50613
KIC 8481716	5271	155	3.235	0.008	-0.39	0.3	1.18	0.07	4.33	0.09	9.832900047	0.271649837	2	285.64835	44.52673
KIC 8482791	4976	148	2.701	0.009	-0.26	0.3	1.3	0.09	8.41	0.2	24.6590004	1.298500061	2	286.28568	44.55759
KIC 8487525	5359	165	3.205	0.009	-0.89	0.3	1.1	0.07	4.34	0.1	13.94778	1.981449103	1	288.79205	44.5032881
KIC 8487796	5149	158	2.628	0.009	-0.19	0.3	1.56	0.11	10.02	0.25	63.36035	9.065217009	1	288.93564	44.5321811
KIC 8488530	4883	152	2.837	0.009	0.37	0.3	1.71	0.11	8.27	0.19	34.90989	5.006424173	1	289.26596	44.55098
KIC 8490454	4992	152	2.75	0.009	-0.51	0.3	1.22	0.08	7.73	0.18	33.31561	4.692276318	1	290.06107	44.5373311
KIC 8490701	5256	162	2.866	0.009	-0.46	0.3	1.89	0.12	8.4	0.2	38.56800079	2.024999619	2	290.15387	44.5791511
KIC 8494157	5102	158	2.935	0.009	-0.6	0.3	1.09	0.07	5.89	0.14	22.0909996	1.163499832	2	291.39899	44.57135
KIC 8495051	4907	148	2.645	0.008	-0.2	0.3	1.17	0.07	8.53	0.19	29.58099937	2.030000687	2	291.73276	44.5447619
KIC 8495281	4923	153	2.927	0.01	0.23	0.3	1.74	0.13	7.51	0.19	29.74334	4.311175167	1	291.82581	44.55986
KIC 8496043	4908	152	2.626	0.01	-0.3	0.3	1.32	0.1	9.27	0.25	30.55200005	2.107999802	2	292.14474	44.5651019
KIC 8496232	5037	148	3.276	0.008	-0.42	0.3	1.04	0.06	3.89	0.09	7.877999783	0.209750175	2	292.23074	44.5032081
KIC 8499557	5022	145	2.86	0.008	-0.23	0.3	1.76	0.11	8.16	0.18	38.02574	5.076245409	1	293.52832	44.5466119
KIC 8499922	4845	148	2.602	0.01	-0.5	0.3	1.25	0.09	9.24	0.23	42.23861	6.017518417	1	293.66245	44.5275119
KIC 8509198	4993	162	2.954	0.01	-0.12	0.3	1.69	0.12	7.19	0.18	22.72800064	1.532999992	2	296.66705	44.5894389
KIC 8509478	5265	177	3.151	0.01	-0.13	0.3	1.64	0.12	5.64	0.15	21.94534	3.43108194	1	296.74695	44.5482411
KIC 8510050	4781	147	3.043	0.008	0.18	0.3	1.3	0.08	5.68	0.13	13.39900017	0.601000309	2	296.91068	44.53064
KIC 8522751	4999	161	3.057	0.009	-0.29	0.3	1.31	0.09	5.61	0.13	16.95000076	0.715000153	2	300.18781	44.52084
KIC 8525101	4989	159	3.121	0.009	-0.29	0.3	1.29	0.08	5.16	0.12	14.80962	2.172192034	1	300.83527	44.5606611
KIC 8526691	4677	143	3.028	0.009	0.39	0.3	1.2	0.08	5.55	0.13	13.23262	1.871927057	1	301.46664	44.55217
KIC 8538804	5104	178	2.782	0.011	-0.42	0.3	1.26	0.11	7.54	0.24	8.225600243	0.816299915	2	281.37537	44.64571
KIC 8539821	5183	152	3.073	0.008	-0.55	0.3	1.26	0.08	5.41	0.12	14.43400002	0.680500031	2	282.06015	44.6838489
KIC 8543165	4945	143	2.782	0.008	-0.27	0.3	1.2	0.07	7.37	0.16	29.16021	3.890623354	1	283.88577	44.6592789
KIC 8546822	5170	155	3.1	0.008	-0.74	0.3	1.09	0.07	4.87	0.1	13.12800026	0.552499771	2	285.89655	44.62355
KIC 8553297	5402	163	3.176	0.009	-0.46	0.3	2	0.13	6.04	0.14	22.29599953	0.723999977	2	289.23236	44.6994511
KIC 8553967	5138	151	3.085	0.008	-0.19	0.3	1.44	0.09	5.7	0.12	14.97500038	0.680000305	2	289.50647	44.6517911
KIC 8554007	4875	145	2.74	0.009	0.2	0.3	1.41	0.09	8.38	0.2	35.61042	4.928655414	1	289.52322	44.66637
KIC 8560306	4855	147	2.609	0.009	-0.2	0.3	1.1	0.07	8.61	0.21	36.97888	5.213356802	1	291.90918	44.6570819
KIC 8572364	5138	173	3.064	0.009	-0.02	0.3	1.5	0.1	5.95	0.14	16.45800018	0.456000328	2	296.26532	44.6608089
KIC 8579328	4921	80	3.257	0.006	-0.19	0.15	1.07	0.05	4.02	0.07	9.070599556	0.124500275	2	298.104	44.62817
KIC 8584513	4889	80	2.667	0.013	0.18	0.15	1.7	0.17	10.03	0.38	51.60499954	1.752500534	2	299.42932	44.6226689
KIC 8585278	5014	167	3.216	0.012	-0.06	0.3	1.26	0.11	4.58	0.14	11.90306	1.884147774	1	299.61932	44.67445
KIC 8604489	4820	100	2.466	0.008	-0.71	0.3	1.52	0.1	11.92	0.28	68.66899872	7.937999725	2	281.94467	44.72739
KIC 8608750	5001	148	2.63	0.008	-0.29	0.3	1.21	0.08	8.83	0.2	43.78641	5.993305836	1	284.30713	44.7951811
KIC 8611078	5440	170	2.704	0.009	-0.87	0.3	1.17	0.08	7.98	0.19	36.1230011	2.979499817	2	285.62582	44.7919011
KIC 8611911	5075	154	2.543	0.011	-0.38	0.3	1.16	0.1	9.55	0.29	42.34500122	3.291999817	2	286.06482	44.77877
KIC 8612361	5132	152	2.669	0.009	-0.39	0.3	1.37	0.09	8.96	0.21	49.99806	6.878024562	1	286.32266	44.76643
KIC 8612609	5244	161	3.198	0.01	0.03	0.3	1.73	0.12	5.48	0.13	12.92500019	0.37899971	2	286.44223	44.74905
KIC 8617431	5095	149	3.153	0.008	-0.27	0.3	1.16	0.07	4.73	0.11	13.53598	1.839647483	1	288.99637	44.7471889
KIC 8617455	5000	148	2.969	0.009	-0.94	0.3	1.15	0.08	5.81	0.17	14.82800007	1.62650013	2	289.00534	44.74221
KIC 8617873	5098	147	2.913	0.011	-0.06	0.3	1.97	0.15	8.13	0.22	34.03099823	0.25799942	2	289.18982	44.7688411
KIC 8619145	5104	156	3.031	0.008	-0.05	0.3	1.48	0.09	6.15	0.13	14.36100006	0.426499844	2	289.71243	44.7223889
KIC 8619411	5031	153	2.519	0.009	-0.3	0.3	1.35	0.09	10.59	0.26	50.68999863	2.982500076	2	289.82358	44.7116811
KIC 8619736	5255	156	2.972	0.009	-0.5	0.3	1.8	0.11	7.25	0.17	32.15100098	1.722999573	2	289.97165	44.7591711
KIC 8622532	5123	162	2.809	0.009	-0.06	0.3	1.69	0.11	8.47	0.2	44.36646	6.473315368	1	290.96332	44.7942311
KIC 8623655	4942	148	2.833	0.009	-0.09	0.3	1.24	0.08	7.06	0.16	19.76499939	0.677500725	2	291.38489	44.74052
KIC 8624885	5067	150	3.221	0.008	-0.26	0.3	1.11	0.07	4.28	0.09	8.157899857	0.263850212	2	291.81027	44.7099989
KIC 8628607	5127	158	2.855	0.009	-0.12	0.3	1.73	0.11	8.13	0.19	29.05900002	1.105999947	2	293.32269	44.7279211
KIC 8629637	4772	146	2.721	0.008	-0.47	0.3	1.15	0.07	7.73	0.18	32.70100021	1.858000755	2	293.69553	44.77829
KIC 8630459	4965	150	3.193	0.008	-0.11	0.3	1.18	0.07	4.56	0.1	9.310600281	0.272950172	2	293.98541	44.77322
KIC 8631401	5030	145	3.091	0.008	0.05	0.3	1.72	0.1	6.19	0.13	22.02134	2.918688296	1	294.34924	44.7141189
KIC 8631971	5282	167	3.101	0.009	-0.44	0.3	1.53	0.1	5.77	0.13	21.10300064	1.265500069	2	294.53702	44.7839889
KIC 8635922	5035	80	2.831	0.01	-0.05	0.15	2.26	0.16	9.56	0.24	44.83000183	1.478500366	2	295.81995	44.7251889
KIC 8636139	5222	171	3.121	0.01	0	0.3	1.8	0.13	6.12	0.15	15.49300003	0.62650013	2	295.88766	44.7811089
KIC 8637212	4996	162	2.835	0.009	0.05	0.3	1.51	0.11	7.79	0.19	30.95499992	1.516499519	2	296.1987	44.7299189
KIC 8637346	4962	158	2.791	0.009	-0.06	0.3	1.29	0.08	7.56	0.17	22.90200043	1.071000099	2	296.23703	44.7407189
KIC 8645063	5225	197	3.269	0.01	-1.15	0.3	1.24	0.09	4.28	0.11	89.19499969	5.54599762	2	298.26895	44.7432711
KIC 8645227	4832	80	3.304	0.006	-0.46	0.15	0.89	0.04	3.47	0.06	7.830900192	0.103950024	2	298.30713	44.71838
KIC 8647660	4862	80	3.312	0.007	0.1	0.15	1.15	0.06	3.92	0.08	7.702300072	0.190700054	2	298.93771	44.7573589
KIC 8671812	5039	152	3.157	0.009	0.09	0.3	1.57	0.1	5.47	0.12	17.31979	2.402249043	1	283.40082	44.8167111
KIC 8671842	5119	150	3.142	0.008	-0.7	0.3	1.06	0.06	4.59	0.1	12.60000038	0.326000214	2	283.41772	44.82103
KIC 8672174	5119	179	3.049	0.011	-0.1	0.3	1.74	0.13	6.54	0.18	32.43999863	2.733499527	2	283.59372	44.8174631
KIC 8672831	5057	150	2.625	0.01	-0.56	0.3	1.33	0.09	9.31	0.23	50.89343	7.060463415	1	283.93408	44.8833689
KIC 8673261	5160	157	3.023	0.009	0.06	0.3	1.74	0.11	6.72	0.15	20.14900017	0.944499969	2	284.16742	44.8982089
KIC 8674879	5037	151	3.277	0.008	0.31	0.3	1.24	0.08	4.24	0.09	7.182499886	0.200550079	2	285.07327	44.87149
KIC 8675043	5067	153	2.704	0.009	-0.97	0.3	1.08	0.07	7.66	0.18	32.33200073	1.715001106	2	285.15988	44.88871
KIC 8675259	5122	151	2.954	0.008	-0.43	0.3	1.19	0.07	6.03	0.13	16.31299973	0.657000065	2	285.28778	44.8910711
KIC 8675885	4859	80	3.268	0.006	0.22	0.15	1.21	0.06	4.23	0.07	8.007800102	0.746799946	2	285.6525	44.8975911
KIC 8677534	5061	159	3.242	0.008	0.23	0.3	1.24	0.08	4.41	0.1	11.45547	1.654037564	1	286.58395	44.8954889
KIC 8678536	4792	142	2.586	0.009	-0.25	0.3	1.15	0.08	9.07	0.22	38.94685	5.384713816	1	287.14334	44.8481289
KIC 8678638	5063	148	3.194	0.008	0.1	0.3	1.36	0.08	4.89	0.11	9.51099968	1.240350246	2	287.19537	44.8594281
KIC 8681270	5158	162	3.155	0.009	0.15	0.3	1.67	0.11	5.67	0.13	20.43064	2.952810181	1	288.58929	44.83746
KIC 8681506	4946	150	2.622	0.009	-0.53	0.3	1.17	0.08	8.75	0.2	37.07099915	2.493000031	2	288.70822	44.8773
KIC 8681963	4884	80	3.303	0.006	0.23	0.15	1.26	0.06	4.14	0.07	8.75576	0.70266117	1	288.9512	44.83094
KIC 8686316	5010	159	2.97	0.009	0.28	0.3	1.45	0.09	6.53	0.15	15.625	0.565999985	2	290.70615	44.8281781
KIC 8686861	4717	135	2.431	0.01	0.08	0.3	1.58	0.24	12.67	0.91	71.35218	14.01227332	1	290.91336	44.87682
KIC 8689494	4944	173	2.933	0.01	0.12	0.3	1.23	0.1	6.28	0.2	17.94499969	0.753499985	2	291.89536	44.8252111
KIC 8689935	4977	152	2.719	0.008	-0.53	0.3	1.32	0.08	8.31	0.18	33.72499847	1.597000122	2	292.07706	44.8804889
KIC 8692797	5131	152	3.262	0.008	-0.47	0.3	1.08	0.07	4.02	0.09	9.416000366	0.245399952	2	293.23376	44.8978389
KIC 8693057	5118	156	3.006	0.008	-0.49	0.3	1.16	0.07	5.59	0.12	13.28199959	1.274499893	2	293.34021	44.8978881
KIC 8702709	4958	154	2.948	0.008	-0.23	0.3	1.12	0.07	5.89	0.13	18.82120	2.681894953	1	296.60547	44.83942
KIC 8708536	5017	80	2.936	0.008	0.18	0.15	2.71	0.17	9.29	0.21	39.44800186	0.475999832	2	298.09909	44.85611
KIC 8733697	4958	150	3.242	0.008	0.37	0.3	1.3	0.08	4.51	0.1	11.03493	1.53644958	1	282.12762	44.95554
KIC 8733894	4956	148	2.598	0.009	0.06	0.3	1.36	0.09	9.69	0.22	30.67499924	1.32849884	2	282.24902	44.9785689
KIC 8733928	5056	176	2.996	0.01	-0.92	0.3	1.09	0.08	5.49	0.14	9.802200317	1.999550343	2	282.27029	44.9264719
KIC 8736290	5085	148	2.715	0.009	-0.64	0.3	1.3	0.08	8.31	0.19	41.45304	5.597988169	1	283.46252	44.98418
KIC 8736552	4929	146	2.655	0.009	-0.21	0.3	1.2	0.08	8.53	0.2	34.06200027	2.960999489	2	283.6178	44.9024311
KIC 8737324	5043	148	2.91	0.008	-0.33	0.3	1.17	0.07	6.27	0.13	22.82872	3.070231565	1	284.02139	44.9543111
KIC 8737707	5013	150	2.665	0.01	-0.07	0.3	1.31	0.1	8.81	0.23	44.00816	6.201466837	1	284.23392	44.9259489
KIC 8738545	5292	154	3.243	0.008	-0.16	0.3	1.75	0.11	5.24	0.12	13.05000019	0.409000397	2	284.65527	44.9208981
KIC 8738569	5115	151	3.291	0.008	0.17	0.3	1.35	0.08	4.36	0.09	11.68278	1.5788304	1	284.67166	44.9641989
KIC 8740250	5135	151	2.962	0.008	-0.01	0.3	1.41	0.08	6.49	0.14	17.51099968	0.812999725	2	285.6561	44.98753
KIC 8742912	5149	153	2.948	0.008	-0.14	0.3	1.76	0.11	7.38	0.16	22.02899933	0.491999626	2	287.15359	44.9246289
KIC 8743064	5110	148	3.025	0.008	-0.24	0.3	1.24	0.08	5.67	0.13	13.22399998	0.509000301	2	287.24225	44.98103
KIC 8743131	5053	155	2.726	0.009	-0.61	0.3	1.27	0.08	8.08	0.19	38.21294	5.423918961	1	287.28027	44.92625
KIC 8747199	5128	157	2.697	0.009	-0.38	0.3	1.24	0.08	8.27	0.19	33.99000168	2.050499916	2	289.32333	44.9628489
KIC 8750108	5051	150	3.28	0.008	-0.45	0.3	1.03	0.06	3.84	0.08	8.61713	1.171927335	1	290.50723	44.96241
KIC 8750187	4737	138	2.771	0.008	0.01	0.3	1.34	0.08	7.89	0.17	28.14220	3.776128387	1	290.53549	44.9568211
KIC 8751605	5016	156	2.854	0.009	-0.51	0.3	1.48	0.09	7.53	0.17	30.55500031	2.205999374	2	291.08386	44.9333611
KIC 8754675	4934	172	2.693	0.009	-0.16	0.3	1.39	0.1	8.81	0.21	38.93700027	2.560998917	2	292.28384	44.90152
KIC 8760620	4972	153	2.603	0.01	-0.28	0.3	1.39	0.1	9.74	0.25	42.09799957	2.26099968	2	294.54614	44.9803311
KIC 8761312	5208	156	3.284	0.009	-0.39	0.3	1.32	0.08	4.34	0.1	10.14400005	0.273750305	2	294.77957	44.9901619
KIC 8766538	4862	145	2.484	0.011	-0.11	0.3	1.48	0.11	11.53	0.31	58.36399841	1.244499207	2	296.51315	44.9854089
KIC 8767579	5008	156	2.562	0.011	-0.09	0.3	1.55	0.19	10.78	0.6	49.39199829	0.99200058	2	296.82645	44.9737819
KIC 8782636	4807	80	3.267	0.006	0.17	0.15	1.1	0.05	4.04	0.07	7.82438	0.638699842	1	300.79083	44.9508781
KIC 8798584	5129	149	2.684	0.009	-0.14	0.3	1.51	0.1	9.26	0.21	32.66899872	0.894499779	2	282.12289	45.0864719
KIC 8802146	5004	175	2.843	0.01	-0.84	0.3	1.14	0.08	6.69	0.17	6.071400166	0.48029995	2	283.8949	45.0425419
KIC 8804145	5168	150	3.17	0.008	-0.21	0.3	1.23	0.07	4.78	0.1	10.35700035	0.225500107	2	284.95071	45.0089111
KIC 8804416	5004	145	2.703	0.009	-0.46	0.3	1.13	0.07	7.85	0.18	4.455999851	0.426249981	2	285.11502	45.0356711
KIC 8804938	5169	158	2.833	0.009	0.07	0.3	1.52	0.1	7.82	0.18	39.19495	5.531608532	1	285.44019	45.0192489
KIC 8806268	5100	150	3.085	0.008	0.01	0.3	1.39	0.08	5.59	0.12	18.97994	2.56740008	1	286.12076	45.0088689
KIC 8806387	5121	154	2.931	0.009	0.06	0.3	1.51	0.1	6.98	0.16	21.25600052	1.449000359	2	286.181	45.00946
KIC 8806877	5607	176	2.868	0.009	-1.03	0.3	1.24	0.08	6.79	0.16	40.91215	5.928620603	1	286.44754	45.07822
KIC 8806936	5009	155	2.643	0.009	0.12	0.3	1.49	0.1	9.65	0.24	52.63193	7.582470101	1	286.48627	45.03717
KIC 8807777	5047	150	2.829	0.008	-0.1	0.3	1.45	0.09	7.68	0.17	22.71500015	1.393500328	2	286.94635	45.06255
KIC 8808231	4976	148	2.516	0.009	-0.52	0.3	1.18	0.08	9.96	0.23	54.60478	7.525237638	1	287.18533	45.0243111
KIC 8812211	5293	162	2.913	0.009	-0.67	0.3	1.2	0.08	6.34	0.14	18.31399918	1.704500198	2	289.18674	45.0374181
KIC 8812352	4896	147	2.512	0.008	-0.16	0.3	1.23	0.08	10.19	0.23	39.38600159	2.36400032	2	289.25046	45.0585589
KIC 8812360	5159	153	2.918	0.008	-0.33	0.3	1.25	0.08	6.44	0.14	20.96699905	1.00399971	2	289.25467	45.05521
KIC 8815517	4924	150	2.849	0.008	-0.3	0.3	1.15	0.07	6.69	0.15	19.83200073	0.785499573	2	290.54456	45.0475619
KIC 8817275	4779	135	2.687	0.009	-0.18	0.3	1.14	0.07	8.01	0.18	45.01200104	7.193500519	2	291.21005	45.02858
KIC 8818400	5000	154	2.888	0.009	-0.02	0.3	1.29	0.08	6.77	0.15	25.34799957	2.69149971	2	291.64151	45.04649
KIC 8818887	4808	168	3.045	0.009	-0.3	0.3	1.05	0.07	5.1	0.12	13.36400032	1.185499668	2	291.80856	45.01516
KIC 8819552	4942	154	2.998	0.009	0.2	0.3	1.43	0.09	6.27	0.14	21.05409	3.012605607	1	292.08954	45.0861589
KIC 8822689	5091	100	2.668	0.009	0.04	0.15	2.5	0.17	12.14	0.29	88.88742	8.831044279	1	293.34241	45.0097689
KIC 8823529	4890	150	2.822	0.008	0	0.3	1.54	0.09	7.97	0.18	29.18199921	2.18200016	2	293.66061	45.02034
KIC 8823626	4978	152	2.816	0.008	-0.3	0.3	1.12	0.07	6.86	0.15	25.04700089	1.470999718	2	293.69424	45.0158811
KIC 8824044	4924	155	2.584	0.009	0.02	0.3	1.59	0.11	10.66	0.26	59.97595	8.749688434	1	293.85385	45.0909881
KIC 8824442	5059	156	3.266	0.008	0.37	0.3	1.5	0.09	4.71	0.1	13.04641	1.839358957	1	293.99435	45.0375289
KIC 8827367	4870	80	3.294	0.006	0.39	0.15	1.46	0.07	4.51	0.08	10.27211	0.834450961	1	295.02359	45.0717319
KIC 8827808	5193	156	3.279	0.012	0.18	0.3	2.45	0.21	5.94	0.18	17.27199936	0.386000633	2	295.16641	45.0341
KIC 8831643	5078	158	2.967	0.008	-0.41	0.3	1.18	0.07	5.92	0.13	19.92000008	0.715000153	2	296.50394	45.0557589
KIC 8846636	4836	152	3.226	0.009	0.18	0.3	1.09	0.07	4.23	0.1	8.800700188	0.221750259	2	300.58603	45.0434419
KIC 8863673	4793	138	2.55	0.009	0.06	0.3	1.23	0.08	9.73	0.23	44.85862	6.027797792	1	282.09747	45.1030619
KIC 8866547	5294	160	3.233	0.008	0.04	0.3	1.42	0.09	4.78	0.1	16.11321	2.227376017	1	283.35626	45.1617811
KIC 8867239	5022	148	2.861	0.009	-0.17	0.3	1.25	0.08	6.88	0.15	17.79000092	0.908499718	2	283.68091	45.1590611
KIC 8868464	5299	157	3.227	0.008	-0.42	0.3	1.43	0.09	4.82	0.11	11.19499969	0.418499947	2	284.30417	45.1998211
KIC 8872890	5189	165	3.137	0.008	0.29	0.3	1.5	0.09	5.48	0.12	11.84500027	0.375999928	2	286.47983	45.16972
KIC 8886171	4989	174	2.638	0.01	-0.38	0.3	1.2	0.08	8.7	0.22	28.38500023	1.004499435	2	292.03229	45.1914411
KIC 8891778	4967	155	3.239	0.008	0.25	0.3	1.18	0.07	4.32	0.1	10.19846	1.467093421	1	294.07086	45.1002881
KIC 8892050	5038	166	3.223	0.009	0.32	0.3	1.43	0.1	4.85	0.12	13.60525	2.070843625	1	294.15186	45.13641
KIC 8892202	4820	147	2.621	0.011	-0.1	0.3	1.34	0.1	9.38	0.25	35.0929985	2.20349884	2	294.20471	45.1653789
KIC 8893299	5091	152	3.327	0.009	-0.02	0.3	1.39	0.09	4.24	0.1	8.300600052	0.118800163	2	294.54303	45.1996119
KIC 8907526	4790	153	3.072	0.009	-0.3	0.3	1.01	0.07	4.84	0.11	11.64999962	0.481499672	2	298.67422	45.1926119
KIC 8915786	5034	80	2.94	0.008	-0.03	0.15	2.28	0.13	8.47	0.18	41.36283	3.436288804	1	301.07248	45.1550481
KIC 8933174	4598	131	2.403	0.01	0.44	0.3	1.38	0.1	12.24	0.31	60.12142	8.088628298	1	282.92307	45.26125
KIC 8933234	5113	150	3.181	0.008	-0.24	0.3	1.24	0.07	4.73	0.1	13.72828	1.849629818	1	282.9545	45.2320289
KIC 8937747	4990	148	2.525	0.009	-0.33	0.3	1.27	0.08	10.18	0.25	35.00299835	3.295499802	2	285.20477	45.26112
KIC 8937971	5062	153	2.851	0.009	-0.04	0.3	1.42	0.1	7.42	0.18	32.45540	4.565353761	1	285.34094	45.27309
KIC 8939995	4996	149	2.764	0.009	-0.01	0.3	1.54	0.1	8.52	0.2	26.45499992	1.561500549	2	286.3063	45.2130389
KIC 8946504	5126	153	2.832	0.009	-0.44	0.3	1.43	0.09	7.6	0.17	27.37800026	1.625	2	289.422	45.23386
KIC 8946951	5056	155	2.939	0.009	-0.35	0.3	1.49	0.09	6.85	0.15	27.52960	3.873429624	1	289.60999	45.2430111
KIC 8949009	5023	157	2.436	0.013	-0.77	0.3	1.08	0.1	10.42	0.34	65.19799805	6.429000854	2	290.41147	45.24559
KIC 8949943	5214	159	3.147	0.009	-0.18	0.3	1.63	0.11	5.64	0.13	14.78199959	0.60049963	2	290.7406	45.2906419
KIC 8951178	5046	80	2.954	0.01	-0.06	0.15	2.31	0.17	8.39	0.22	35.00400162	0.800001144	2	291.19052	45.21769
KIC 8955683	4912	80	2.599	0.017	-0.04	0.15	1.88	0.23	11.39	0.49	69.55999756	2.184997559	2	292.84924	45.2615811
KIC 8955709	4496	127	2.702	0.011	-0.01	0.3	1.16	0.09	7.95	0.22	15.85499954	4.356500149	2	292.8598	45.2057911
KIC 8955816	4715	135	2.806	0.009	-0.11	0.3	1.19	0.08	7.13	0.17	4.664599895	0.387550116	2	292.89996	45.20179
KIC 8955908	4573	129	2.445	0.01	-0.18	0.3	0.9	0.06	9.41	0.23	55.01800156	20.09249878	2	292.93323	45.2969089
KIC 8955962	4660	152	2.996	0.009	-0.88	0.3	1.04	0.07	5.36	0.12	16.89299965	2.466999531	2	292.95584	45.2630881
KIC 8956458	4766	137	2.581	0.01	-0.19	0.3	1.27	0.1	9.56	0.25	8.102199554	0.188699961	2	293.14743	45.2588811
KIC 8957055	5193	158	3.134	0.008	-0.1	0.3	1.42	0.09	5.35	0.12	18.68837	2.618695878	1	293.36182	45.23793
KIC 8958046	4749	144	2.313	0.01	-0.4	0.3	1.3	0.1	13.18	0.35	79.32864	11.33564113	1	293.71164	45.27586
KIC 8958073	4837	142	2.939	0.008	-0.27	0.3	1.22	0.07	6.2	0.13	18.89201	2.544598322	1	293.72098	45.29821
KIC 8963953	4844	149	2.652	0.011	-0.05	0.3	1.45	0.11	9.43	0.26	34.06700134	1.793998718	2	295.54507	45.2963411
KIC 8964502	4881	149	2.601	0.011	-0.09	0.3	1.62	0.13	10.55	0.3	56.71928	8.241940974	1	295.70132	45.2569689
KIC 8975442	4471	132	2.394	0.011	-0.17	0.3	1.69	0.29	13.68	1.1	67.14001	14.33203582	1	298.42227	45.2585981
KIC 8981846	5066	168	3.218	0.009	-0.17	0.3	1.37	0.09	4.76	0.11	13.38700008	0.382500172	2	300.17297	45.2551189
KIC 9002408	4978	147	2.627	0.009	-0.09	0.3	1.31	0.09	9.22	0.22	46.86752	6.445858347	1	283.28668	45.33305
KIC 9002464	5229	155	2.882	0.009	-0.19	0.3	1.51	0.1	7.38	0.17	26.35000038	1.774499893	2	283.31186	45.3527111
KIC 9005963	5037	151	3.158	0.008	0.09	0.3	1.25	0.08	4.88	0.11	13.76315	1.904371466	1	285.09314	45.3339311
KIC 9006129	5021	147	2.595	0.009	-0.3	0.3	1.26	0.08	9.37	0.22	33.83000183	2.458498955	2	285.18475	45.3714411
KIC 9006484	5166	159	2.749	0.009	-0.07	0.3	1.69	0.11	9.09	0.21	27.97999954	1.353499413	2	285.36618	45.32555
KIC 9007860	5152	153	2.482	0.009	-0.62	0.3	1.24	0.09	10.6	0.26	56.81900024	3.257499695	2	285.98572	45.3600881
KIC 9008777	5058	156	2.569	0.01	-0.02	0.3	1.54	0.11	10.66	0.27	42.07899857	2.533998489	2	286.41888	45.3449519
KIC 9009295	5006	146	2.605	0.009	-0.43	0.3	1.25	0.09	9.23	0.22	40.65000153	1.670499802	2	286.66318	45.32724
KIC 9018640	5144	159	2.961	0.008	-0.18	0.3	1.34	0.08	6.34	0.14	25.26812	3.584928365	1	290.60196	45.3746489
KIC 9018782	5018	151	2.913	0.008	-0.23	0.3	1.2	0.07	6.35	0.14	18.19199944	0.726999283	2	290.65219	45.38855
KIC 9018790	4982	144	2.942	0.008	-0.01	0.3	1.38	0.08	6.57	0.14	17.8409996	0.116999626	2	290.65408	45.34663
KIC 9018828	5008	150	2.719	0.009	-0.16	0.3	1.22	0.08	8	0.19	18.66600037	0.341500282	2	290.66547	45.34993
KIC 9020066	4955	159	2.64	0.009	0.11	0.3	1.57	0.1	9.95	0.23	53.58106	7.902209345	1	291.14273	45.3199081
KIC 9020898	5156	151	3.015	0.008	-0.64	0.3	1.15	0.07	5.51	0.12	17.47999954	0.578000069	2	291.44543	45.3744319
KIC 9024821	4888	148	2.664	0.011	-0.05	0.3	1.29	0.1	8.74	0.24	39.15058	5.61728782	1	292.86673	45.3620681
KIC 9024845	4888	145	2.68	0.009	0.15	0.3	1.56	0.1	9.44	0.22	45.67298	6.287071041	1	292.87494	45.3168719
KIC 9025260	4902	141	2.939	0.009	-0.29	0.3	1.32	0.09	6.46	0.15	24.76000023	3.443499565	2	293.01773	45.3821719
KIC 9025278	4942	80	3.268	0.006	-0.32	0.15	0.99	0.05	3.83	0.07	7.85596	0.635539268	1	293.02597	45.37254
KIC 9026217	4786	144	2.618	0.009	-0.1	0.3	1.32	0.09	9.34	0.22	41.09368	5.735371933	1	293.36319	45.37571
KIC 9026822	4856	146	2.643	0.01	-0.09	0.3	1.24	0.09	8.79	0.22	38.57296	5.424190816	1	293.59525	45.39286
KIC 9027404	5174	157	3.229	0.008	-0.15	0.3	1.28	0.08	4.55	0.1	13.32045	1.857760761	1	293.79849	45.3956111
KIC 9027817	5129	163	2.826	0.009	-0.38	0.3	1.34	0.09	7.42	0.17	27.42200089	1.37100029	2	293.94241	45.3574981
KIC 9033522	4936	153	2.956	0.009	-0.03	0.3	1.49	0.09	6.73	0.15	18.5720005	0.769000053	2	295.77646	45.3301889
KIC 9033539	4861	153	2.871	0.009	0.17	0.3	1.58	0.1	7.65	0.18	21.41900063	0.81499958	2	295.78009	45.3499489
KIC 9034252	5307	156	3.208	0.013	-0.33	0.3	1.78	0.17	5.49	0.18	19.72200012	0.416500092	2	295.9689	45.3744889
KIC 9071572	5195	159	3.056	0.008	0.03	0.3	1.48	0.09	5.96	0.13	18.29000092	0.826499939	2	283.28461	45.4942589
KIC 9071948	5121	171	3.074	0.009	-0.12	0.3	1.34	0.09	5.57	0.13	19.15667	2.932131362	1	283.45874	45.44635
KIC 9073612	5355	155	3.311	0.01	-0.53	0.3	1.13	0.14	3.89	0.22	9.302100182	0.91050005	2	284.35376	45.4318889
KIC 9074792	4963	152	2.96	0.008	0.28	0.3	1.38	0.09	6.44	0.14	22.59120	3.173296114	1	285.00693	45.4648211
KIC 9074974	5121	152	3.006	0.008	-0.16	0.3	1.27	0.08	5.86	0.13	13.19499969	0.586999893	2	285.12247	45.49757
KIC 9075118	5144	158	3.213	0.008	0.21	0.3	1.32	0.08	4.71	0.1	13.94557	1.959141759	1	285.21149	45.4238011
KIC 9077533	5044	153	2.807	0.009	0.06	0.3	1.67	0.11	8.45	0.2	41.49581	5.836622082	1	286.58292	45.4120289
KIC 9084281	5012	151	2.89	0.009	-0.38	0.3	1.23	0.08	6.59	0.15	18.78300095	0.840499878	2	290.08176	45.4106711
KIC 9084738	5234	155	3.309	0.009	-0.2	0.3	1.35	0.09	4.26	0.1	17.99300003	1.894499779	2	290.26462	45.4298289
KIC 9085338	5226	157	3.241	0.01	-0.48	0.3	1.47	0.11	4.82	0.13	14.52499962	0.574999809	2	290.50018	45.4517211
KIC 9086586	4911	153	2.613	0.009	-0.66	0.3	1.15	0.07	8.77	0.2	40.16701	5.759810179	1	290.99496	45.4673881
KIC 9087095	4844	145	2.741	0.008	0.08	0.3	1.33	0.08	8.13	0.18	19.1590004	2.056499481	2	291.20346	45.4893189
KIC 9088119	4791	80	2.424	0.032	-0.14	0.15	1.11	0.25	10.68	0.82	55.16199875	1.495500565	2	291.55212	45.4218219
KIC 9088780	4854	97	2.796	0.007	-0.33	0.16	1.17	0.06	7.15	0.13	25.48013	2.4225679	1	291.80984	45.4354781
KIC 9091127	4939	150	2.843	0.009	-0.15	0.3	1.29	0.08	7.13	0.16	27.15975	3.79979628	1	292.71533	45.4034811
KIC 9091752	5063	212	2.389	0.012	-0.2	0.3	1.34	0.12	12.24	0.38	28.29800034	0.536999702	2	292.93082	45.4372481
KIC 9091765	4665	132	2.56	0.009	-0.2	0.3	1.16	0.08	9.35	0.23	6.52339983	0.490449905	2	292.93457	45.4286
KIC 9091812	4920	145	3.07	0.009	-0.51	0.3	1.19	0.08	5.26	0.13	15.94799995	3.157999992	2	292.95016	45.4677811
KIC 9091989	4919	147	3.048	0.008	-0.34	0.3	1.17	0.07	5.36	0.11	15.10175	2.062304869	1	293.0155	45.40276
KIC 9092209	4751	143	2.869	0.008	-0.02	0.3	1.31	0.08	6.96	0.15	22.15895	3.061400944	1	293.09613	45.4138411
KIC 9092290	4751	134	2.528	0.013	-0.09	0.3	1.05	0.1	9.24	0.29	42.40100098	1.025499344	2	293.12567	45.4660111
KIC 9092538	5022	175	3.14	0.009	0.24	0.3	1.35	0.09	5.19	0.12	12.82600021	0.434999943	2	293.2178	45.45665
KIC 9092591	4736	165	2.509	0.01	-0.13	0.3	1.09	0.08	9.63	0.25	48.78900146	17.66300201	2	293.23618	45.4070011
KIC 9094133	5164	166	3.111	0.01	-0.09	0.3	1.7	0.12	6	0.15	22.98465	3.42661837	1	293.77237	45.4759411
KIC 9095074	4874	148	2.418	0.009	-0.39	0.3	1.21	0.08	11.24	0.27	48.375	3.218000412	2	294.08774	45.40667
KIC 9107351	4553	128	2.591	0.009	0.07	0.3	1.29	0.08	9.53	0.22	35.04023	4.597305505	1	297.61832	45.4002419
KIC 9137958	5291	163	2.917	0.009	-0.3	0.3	1.37	0.09	6.74	0.17	16.45800018	1.022500038	2	283.44699	45.5652081
KIC 9140843	4821	168	2.628	0.01	-0.02	0.3	1.16	0.08	8.67	0.22	34.01100159	2.216499329	2	285.01398	45.5538289
KIC 9143684	4909	171	2.735	0.01	-0.06	0.3	0.93	0.56	6.85	2.05	62.02000046	2.738998413	2	286.61716	45.5691111
KIC 9145781	5109	100	3.297	0.006	0.07	0.15	1.34	0.07	4.31	0.08	11.36289	1.066236558	1	287.80084	45.5935289
KIC 9146468	5245	159	3.074	0.008	-0.67	0.3	1.43	0.09	5.76	0.13	17.58799934	1.386499405	2	288.1427	45.5907711
KIC 9152732	5039	154	3.015	0.008	-0.22	0.3	1.51	0.09	6.33	0.14	23.19399	3.257874889	1	291.0748	45.5346489
KIC 9156388	4980	155	2.6	0.009	-0.11	0.3	1.55	0.11	10.33	0.25	58.92621	8.502684884	1	292.55154	45.58725
KIC 9157159	4924	148	2.627	0.01	-0.18	0.3	1.61	0.11	10.21	0.25	55.01919	7.711353562	1	292.8551	45.5084381
KIC 9157260	5081	100	3.288	0.006	-0.18	0.15	1.12	0.05	3.97	0.07	9.43123	0.881218154	1	292.90295	45.5472411
KIC 9158332	5153	165	2.993	0.009	-0.32	0.3	1.29	0.09	5.99	0.14	15.30900002	0.467999935	2	293.328	45.5385819
KIC 9158898	4979	162	2.887	0.009	0.24	0.3	1.43	0.09	7.13	0.16	28.05034	4.176119429	1	293.5452	45.5081411
KIC 9160695	4694	80	2.374	0.01	0.11	0.15	2.26	0.16	16.18	0.42	114.10900	10.57403658	1	294.1817	45.5472181
KIC 9161350	4671	155	3.096	0.011	-2.31	0.3	0.75	0.06	4.05	0.11	5.536399841	0.604599953	2	294.39526	45.5407981
KIC 9162753	5127	169	2.965	0.009	-0.47	0.3	1.24	0.08	6.08	0.14	27.40099907	1.321000099	2	294.9173	45.5871581
KIC 9163189	4948	158	2.814	0.017	-0.15	0.3	1.55	0.19	8.06	0.33	29.63400078	2.091000557	2	295.06567	45.51767
KIC 9163333	4944	152	2.667	0.009	-0.2	0.3	1.42	0.1	9.14	0.22	33.53099823	2.176999092	2	295.11951	45.58881
KIC 9163621	4984	159	3.222	0.008	0.12	0.3	1.33	0.08	4.67	0.1	8.330900192	0.232800007	2	295.26794	45.57523
KIC 9164143	4965	156	2.596	0.01	-0.3	0.3	1.08	0.08	8.67	0.22	38.77299881	1.977500916	2	295.45468	45.5262911
KIC 9166099	4983	148	3.235	0.008	-0.21	0.3	1.33	0.08	4.61	0.1	11.76402	1.607170783	1	296.14157	45.5999789
KIC 9172127	4845	153	3.185	0.008	0.17	0.3	1.28	0.08	4.79	0.1	8.604599953	0.313549995	2	297.87061	45.5528981
KIC 9172593	4744	148	2.627	0.009	-0.39	0.3	1.1	0.07	8.43	0.2	32.31651	4.661286353	1	297.99014	45.54689
KIC 9202471	4894	80	3.252	0.006	0.43	0.15	1.42	0.07	4.67	0.08	9.264800072	0.217100143	2	283.74451	45.6624789
KIC 9204517	5086	158	2.726	0.009	-0.06	0.3	1.44	0.09	8.62	0.2	31.73999977	4.944499969	2	284.90506	45.6179081
KIC 9205127	4938	150	2.639	0.009	0	0.3	1.45	0.1	9.55	0.24	48.68572	6.911495262	1	285.2464	45.6841089
KIC 9205753	5299	162	2.941	0.008	-0.13	0.3	1.39	0.09	6.62	0.15	31.02289	4.370827105	1	285.58679	45.6144981
KIC 9206632	5447	163	2.977	0.009	-1	0.3	1.17	0.08	5.81	0.14	26.67917	3.716899881	1	286.05746	45.6522219
KIC 9209519	4755	141	2.446	0.012	0.13	0.3	1.36	0.12	11.55	0.36	41.91899872	2.364500046	2	287.74765	45.6263689
KIC 9209565	5000	153	3.079	0.008	0.11	0.3	1.26	0.08	5.36	0.12	16.12130	2.270082904	1	287.7684	45.6143911
KIC 9209645	5013	151	2.62	0.009	-0.1	0.3	1.44	0.1	9.75	0.23	53.90023	7.531650075	1	287.80917	45.66209
KIC 9210548	5273	159	3.189	0.008	-0.37	0.3	1.31	0.08	4.82	0.11	10.71899986	0.345499992	2	288.29028	45.6444211
KIC 9211160	5022	152	3.156	0.008	-0.61	0.3	1.16	0.07	4.71	0.1	12.77299976	0.61400032	2	288.6279	45.6898919
KIC 9211176	5137	159	3.005	0.008	-0.96	0.3	1.08	0.07	5.42	0.12	18.36654	2.609708821	1	288.63647	45.6015819
KIC 9214968	4826	146	2.627	0.01	-0.69	0.3	1.07	0.08	8.3	0.21	34.51699829	1.827501297	2	290.4906	45.6799811
KIC 9216715	4837	144	2.626	0.009	-0.26	0.3	1.13	0.08	8.57	0.2	32.89500046	1.401000023	2	291.22461	45.6279181
KIC 9219983	4967	157	3.3	0.009	0.23	0.3	1.34	0.08	4.29	0.1	10.05731	1.464665586	1	292.54886	45.6851011
KIC 9220593	4949	145	2.665	0.009	-0.43	0.3	1.17	0.08	8.33	0.19	35.33300018	2.388500214	2	292.78107	45.6705281
KIC 9222065	5176	181	3.15	0.019	0.02	0.3	2	0.27	6.22	0.29	21.32799911	0.19299984	2	293.34229	45.6396869
KIC 9224602	5019	159	2.763	0.009	-0.25	0.3	1.43	0.09	8.23	0.19	28.76600075	1.317500114	2	294.29147	45.6063
KIC 9237084	4758	137	2.51	0.013	-0.11	0.3	1.42	0.14	10.97	0.42	55.37344	8.231188555	1	298.18237	45.69722
KIC 9238343	4195	146	2.764	0.01	0.09	0.3	0.84	0.06	6.3	0.17	4.77519989	0.430050135	2	298.53882	45.6023789
KIC 9264604	5051	150	2.55	0.01	-0.31	0.3	1.22	0.09	9.72	0.25	42.70199966	3.443500519	2	283.37622	45.7831381
KIC 9266317	5093	148	3.066	0.008	-0.28	0.3	1.31	0.08	5.56	0.12	11.75800037	0.604000092	2	284.32758	45.72826
KIC 9266912	5000	175	3.131	0.009	-0.06	0.3	1.3	0.09	5.14	0.12	14.82507	2.369296366	1	284.65909	45.7670481
KIC 9270038	5147	180	3.053	0.012	-0.93	0.3	1.16	0.1	5.29	0.17	6.302800179	1.145999908	2	286.43188	45.78059
KIC 9270065	5344	151	3.297	0.011	-0.32	0.3	1.49	0.17	4.54	0.23	15.09274	2.453880371	1	286.44949	45.7225489
KIC 9272862	5072	151	2.817	0.01	-0.27	0.3	1.48	0.11	7.85	0.2	36.61397	5.118402946	1	288.09671	45.7300419
KIC 9277292	4787	140	2.606	0.009	-0.18	0.3	1.29	0.08	9.37	0.22	49.48300171	3.977499008	2	290.34052	45.72467
KIC 9279031	4825	146	2.785	0.008	-0.02	0.3	1.36	0.08	7.82	0.17	29.75729	4.134721611	1	291.09604	45.7934189
KIC 9283619	4906	156	2.754	0.009	-0.03	0.3	1.39	0.09	8.2	0.2	34.97264	5.147922736	1	292.95639	45.7406311
KIC 9284641	5005	156	3.263	0.009	0.04	0.3	1.19	0.08	4.22	0.1	6.978899956	0.176599979	2	293.38632	45.74308
KIC 9285116	5090	163	2.966	0.009	0.04	0.3	1.41	0.09	6.45	0.15	25.07154	3.693283794	1	293.5704	45.7402111
KIC 9285727	5005	154	3.185	0.008	0.22	0.3	1.37	0.09	4.95	0.11	13.80439	1.951845378	1	293.80579	45.7089389
KIC 9286152	4851	153	2.551	0.009	-0.51	0.3	1.09	0.07	9.18	0.22	29.98800087	2.068500519	2	293.96469	45.76886
KIC 9286554	4955	156	2.643	0.009	0.01	0.3	1.51	0.1	9.71	0.24	40.08200073	3.693498611	2	294.0965	45.7676089
KIC 9288195	4988	156	2.883	0.009	-1.06	0.3	1.34	0.08	6.95	0.16	43.29299927	4.79750061	2	294.69308	45.7290919
KIC 9288983	4969	157	2.567	0.009	-0.14	0.3	1.34	0.09	9.98	0.24	54.51645	7.965695253	1	294.99203	45.7990419
KIC 9289400	4902	146	2.934	0.009	-0.03	0.3	1.46	0.1	6.84	0.16	24.25470	3.352137022	1	295.14014	45.7179411
KIC 9289599	5205	166	3.233	0.008	-0.24	0.3	1.15	0.07	4.3	0.1	10.47399998	0.492899895	2	295.21075	45.7937089
KIC 9289780	4936	80	3.259	0.006	-0.16	0.15	1.04	0.05	3.97	0.07	8.39986	0.674681412	1	295.27499	45.7114111
KIC 9290593	5031	152	2.856	0.009	-0.29	0.3	1.45	0.1	7.45	0.18	31.92422	4.486608678	1	295.56525	45.7040411
KIC 9292255	4781	143	2.719	0.009	0.15	0.3	1.24	0.08	8.05	0.18	30.39886	4.193721416	1	296.11743	45.7541081
KIC 9326896	5217	165	3.12	0.009	0.17	0.3	1.65	0.1	5.85	0.13	13.17700005	0.423499584	2	283.93747	45.8020711
KIC 9328571	4847	143	2.386	0.01	-0.07	0.3	1.35	0.1	12.36	0.32	75.70413	10.52696503	1	284.80908	45.88884
KIC 9328774	4911	80	3.294	0.006	0.3	0.15	1.46	0.07	4.51	0.08	14.55000019	1.933000088	2	284.9397	45.8607289
KIC 9329381	5490	165	3.17	0.008	-0.27	0.3	1.65	0.1	5.53	0.12	16.70700073	0.717499733	2	285.3508	45.82996
KIC 9330666	5160	180	3.029	0.011	0.07	0.3	1.82	0.14	6.83	0.18	21.41699982	0.734999657	2	286.07031	45.855095
KIC 9333885	5090	152	2.851	0.008	-0.35	0.3	1.24	0.08	6.91	0.15	20.51000023	0.882499695	2	287.96881	45.8991581
KIC 9335457	4972	100	3.281	0.007	0.18	0.15	1.21	0.06	4.17	0.08	9.54085	0.920286133	1	288.75848	45.8555789
KIC 9345007	4979	151	2.644	0.009	-0.98	0.3	1.68	0.11	10.22	0.24	61.33800125	3.985500336	2	292.88724	45.8920781
KIC 9345777	4997	154	2.581	0.009	-0.59	0.3	1.21	0.08	9.32	0.23	36.9640007	2.63699913	2	293.19864	45.8259889
KIC 9345996	5062	157	2.551	0.009	-0.34	0.3	1.49	0.1	10.74	0.27	45.77299881	3.402500153	2	293.28342	45.8885611
KIC 9346318	5155	180	3.254	0.009	-0.02	0.3	1.13	0.08	4.15	0.1	10.19299984	0.317250252	2	293.41824	45.8397939
KIC 9346964	4822	144	2.734	0.009	0.01	0.3	1.25	0.08	7.95	0.18	22.5890007	1.292499542	2	293.66354	45.8407711
KIC 9346980	4990	152	2.525	0.009	-0.37	0.3	1.32	0.09	10.41	0.25	60.32456	8.532296519	1	293.67172	45.8312681
KIC 9346999	4749	143	2.676	0.009	0.26	0.3	1.25	0.09	8.5	0.21	27.34700012	2.13599968	2	293.67755	45.86871
KIC 9347111	4864	147	2.646	0.009	-0.35	0.3	1.2	0.08	8.6	0.2	26.48800087	2.035999298	2	293.72668	45.81749
KIC 9351617	5078	100	2.531	0.021	0	0.15	1.7	0.25	11.7	0.58	81.72088	11.06071614	1	295.3576	45.82626
KIC 9353100	5000	159	2.576	0.01	-0.28	0.3	1.28	0.09	9.64	0.25	35.13499832	2.791999817	2	295.82755	45.88921
KIC 9357578	5059	166	2.657	0.011	-0.12	0.3	2.05	0.16	11.13	0.31	50.33800125	3.298999786	2	297.29742	45.8817481
KIC 9368528	4944	153	3.241	0.009	0.16	0.3	1.19	0.08	4.34	0.1	10.10378	1.44190091	1	300.42468	45.84602
KIC 9385972	4875	142	2.942	0.008	0.23	0.3	1.26	0.07	6.28	0.13	14.72399998	0.283499718	2	282.09412	45.9373889
KIC 9388557	5127	149	3.043	0.008	-0.45	0.3	1.13	0.07	5.29	0.11	12.94299984	0.298000336	2	283.77472	45.9108311
KIC 9388975	5344	156	2.989	0.008	-0.94	0.3	1.24	0.08	5.9	0.13	21.00699997	1.711999893	2	284.00333	45.9516411
KIC 9389776	5227	153	2.976	0.008	-0.28	0.3	1.59	0.1	6.8	0.15	24.50300026	1.368499756	2	284.44455	45.9148711
KIC 9390979	4952	152	2.671	0.009	0.27	0.3	1.39	0.09	9.03	0.21	44.02391	6.243892093	1	285.10999	45.98708
KIC 9391049	5069	153	2.478	0.011	-0.44	0.3	1.28	0.1	10.82	0.3	69.39596	9.946469022	1	285.1553	45.9006
KIC 9391592	5174	154	2.983	0.008	-0.1	0.3	1.47	0.09	6.47	0.15	17.54800034	2.168500423	2	285.48929	45.98378
KIC 9392690	5028	150	2.674	0.009	-0.08	0.3	1.26	0.09	8.55	0.21	28.46199989	2.219999313	2	286.06396	45.96859
KIC 9392703	4966	148	2.652	0.009	0.01	0.3	1.31	0.09	8.94	0.22	29.68799973	1.507500648	2	286.07007	45.9659389
KIC 9394839	5232	156	2.797	0.009	-0.28	0.3	1.31	0.09	7.57	0.19	3.371400118	0.317399979	2	287.29245	45.9751011
KIC 9395124	5032	151	2.58	0.009	-0.17	0.3	1.32	0.08	9.76	0.22	54.83435	7.593980618	1	287.45969	45.9198681
KIC 9395752	5247	156	3.104	0.008	-0.22	0.3	1.42	0.09	5.54	0.12	14.8760004	1.157000065	2	287.8129	45.9005511
KIC 9396101	5242	156	2.924	0.008	-0.28	0.3	1.44	0.09	6.87	0.15	23.76799965	1.201499939	2	288.03671	45.9481889
KIC 9397166	4955	152	2.701	0.01	0.05	0.3	1.41	0.1	8.77	0.22	41.62597	5.958388165	1	288.64273	45.9939311
KIC 9401720	5129	160	2.726	0.009	-0.32	0.3	1.45	0.09	8.66	0.2	46.59691	6.699303385	1	290.86838	45.9121281
KIC 9404944	4824	154	2.479	0.01	0.16	0.3	1.47	0.11	11.58	0.3	43.02199936	2.788499832	2	292.18933	45.9809111
KIC 9406238	5007	150	2.676	0.009	-0.59	0.3	1.38	0.09	8.93	0.21	36.17699814	1.717500687	2	292.71625	45.90266
KIC 9406522	5109	153	3.05	0.009	-0.01	0.3	1.61	0.11	6.26	0.15	17.59499931	1.271999359	2	292.82458	45.9337619
KIC 9406898	5321	165	3.283	0.01	-0.1	0.3	1.36	0.09	4.41	0.11	9.724200249	0.343550205	2	292.9758	45.9987111
KIC 9407512	4775	141	2.638	0.01	0.25	0.3	1.4	0.1	9.4	0.24	41.24200	5.726979225	1	293.24139	45.96418
KIC 9409592	4815	147	2.662	0.009	-0.27	0.3	1.35	0.09	9	0.2	3.138499975	0.308650017	2	294.0448	45.94059
KIC 9410404	4918	153	2.896	0.009	-0.02	0.3	1.34	0.08	6.84	0.15	19.53499985	1.086500168	2	294.33258	45.9536289
KIC 9411287	4709	164	2.605	0.014	-0.09	0.3	1.15	0.12	8.83	0.32	148.5299988	292.2585144	2	294.65836	45.9535711
KIC 9414008	5017	155	2.835	0.009	-0.53	0.3	1.15	0.07	6.81	0.15	26.37917	3.739918204	1	295.66757	45.97897
KIC 9414210	5016	153	2.79	0.008	-0.27	0.3	1.17	0.07	7.2	0.16	25.46699905	1.025500298	2	295.73264	45.9942019
KIC 9418101	4984	149	3.288	0.009	-0.27	0.3	1.35	0.08	4.37	0.1	10.57951	1.462949548	1	297.03296	45.9177819
KIC 9428451	4748	145	3.068	0.008	0.03	0.3	1.24	0.08	5.4	0.12	14.60499954	0.482500076	2	300.02377	45.97551
KIC 9446718	5147	151	2.962	0.009	-0.97	0.3	1.05	0.07	5.61	0.13	21.64299965	1.936499596	2	282.11176	46.07246
KIC 9450586	5123	153	2.972	0.008	-0.04	0.3	1.38	0.08	6.35	0.14	24.93649	3.429933026	1	284.5354	46.07782
KIC 9451208	5409	189	2.993	0.01	-1.09	0.3	1.11	0.08	5.56	0.15	13.34899998	2.189499855	2	284.86966	46.0496289
KIC 9451788	4810	140	2.307	0.012	-0.19	0.3	1.15	0.1	12.45	0.39	49.92599869	4.572999954	2	285.24359	46.04327
KIC 9452424	5289	159	2.788	0.009	-0.41	0.3	1.37	0.09	7.81	0.18	26.01300049	1.394999504	2	285.59384	46.0349811
KIC 9452643	4909	141	3.044	0.008	0.34	0.3	1.32	0.08	5.73	0.12	17.11874	2.26086515	1	285.71613	46.04369
KIC 9455446	5330	173	3.163	0.009	0.23	0.3	1.85	0.12	5.91	0.14	25.30896	3.781556011	1	287.323	46.0851519
KIC 9455526	5243	155	2.877	0.012	-0.29	0.3	1.93	0.17	8.39	0.25	35.37099838	2.082000732	2	287.37115	46.0511889
KIC 9462728	4727	138	2.281	0.01	0.04	0.3	1.26	0.09	13.45	0.36	81.09191	11.23628657	1	290.95709	46.0215111
KIC 9463398	5040	155	3.213	0.008	-0.15	0.3	1.34	0.08	4.74	0.1	11.74400043	0.159499645	2	291.24615	46.0080111
KIC 9465692	5143	157	2.851	0.008	-1.04	0.3	1.04	0.07	6.34	0.14	20.06800079	1.889499664	2	292.16858	46.0840111
KIC 9465892	5204	153	3.201	0.009	-0.57	0.3	1.25	0.08	4.64	0.11	14.17672	1.940635433	1	292.24799	46.0376011
KIC 9466399	5095	148	3.187	0.008	-0.25	0.3	1.19	0.07	4.61	0.1	9.432299614	0.267699718	2	292.46426	46.09343
KIC 9467724	5035	152	2.685	0.009	-0.32	0.3	1.23	0.08	8.36	0.2	33.54199982	1.387498856	2	292.99246	46.0882419
KIC 9468930	4749	80	2.298	0.009	-0.24	0.15	1.23	0.09	13.02	0.33	71.72899628	4.611999512	2	293.46439	46.05508
KIC 9471315	4964	153	3.216	0.008	0.2	0.3	1.46	0.09	4.93	0.11	13.24987	1.877163679	1	294.33911	46.0034219
KIC 9472773	5205	161	3.075	0.009	-0.13	0.3	2.29	0.15	7.28	0.17	27.29800034	1.128499985	2	294.86743	46.0793419
KIC 9475357	4977	154	2.842	0.009	-0.32	0.3	1.23	0.08	6.98	0.16	22.1439991	1.486999512	2	295.76227	46.0947
KIC 9475588	5025	163	2.513	0.01	-0.44	0.3	1.15	0.09	9.82	0.26	45.91899872	3.466501236	2	295.83261	46.0085111
KIC 9479408	4565	150	2.545	0.01	-0.13	0.3	1.07	0.08	9.17	0.24	17.46500015	0.342500687	2	297.09091	46.0418589
KIC 9481235	4889	154	2.784	0.009	-0.44	0.3	1.05	0.07	6.88	0.16	26.96800041	1.352000237	2	297.59805	46.04377
KIC 9508218	5223	157	3.317	0.009	0	0.3	1.41	0.09	4.32	0.1	12.46919	1.735055205	1	281.98038	46.1080819
KIC 9513701	5230	156	2.929	0.008	-0.09	0.3	1.65	0.1	7.3	0.16	35.79670	4.914896217	1	285.30328	46.1674
KIC 9513889	5267	159	2.939	0.008	-0.06	0.3	1.48	0.09	6.84	0.15	19.3560009	0.622499466	2	285.40347	46.1372489
KIC 9520216	5092	150	3.066	0.008	-0.19	0.3	1.29	0.08	5.52	0.12	11.92099953	0.302999973	2	289.08102	46.10368
KIC 9527159	4957	153	2.695	0.009	-0.07	0.3	1.29	0.08	8.45	0.19	24.41600037	1.347499847	2	292.18015	46.1590119
KIC 9529734	5251	163	2.896	0.009	-0.18	0.3	1.97	0.13	8.29	0.2	46.91024	6.750274437	1	293.2088	46.1940311
KIC 9529943	4884	170	2.699	0.01	-0.12	0.3	1.23	0.09	8.2	0.21	8.447899818	0.403000355	2	293.29642	46.1255489
KIC 9530136	5033	154	2.574	0.009	-0.32	0.3	1.52	0.1	10.55	0.26	43.0320015	4.333000183	2	293.37772	46.1093411
KIC 9531103	5104	164	3.195	0.009	0.07	0.3	1.36	0.09	4.88	0.11	14.51018	2.136780411	1	293.793	46.1090389
KIC 9533419	5112	160	3.299	0.009	0.06	0.3	1.31	0.08	4.25	0.1	11.07469	1.600442123	1	294.64127	46.10413
KIC 9533861	4889	80	2.673	0.013	0.2	0.15	2.6	0.25	12.32	0.41	77.85600	7.825762171	1	294.81522	46.1271781
KIC 9534288	5228	164	3.121	0.008	-0.11	0.3	1.83	0.12	6.17	0.14	19.51399994	0.661499977	2	294.97137	46.11348
KIC 9534328	5243	167	3.235	0.008	-0.46	0.3	1.18	0.07	4.33	0.1	11.81400013	0.219500065	2	294.98688	46.1344111
KIC 9534911	5206	175	3.021	0.01	-0.09	0.3	1.78	0.12	6.83	0.17	19.62700081	0.697000504	2	295.20422	46.1335181
KIC 9535343	5006	156	2.659	0.009	-0.16	0.3	1.49	0.1	9.46	0.23	28.51799965	1.370499611	2	295.35654	46.1079219
KIC 9536730	4963	158	2.625	0.01	-0.05	0.3	1.25	0.1	9.01	0.24	44.21984	6.592304389	1	295.86172	46.1716189
KIC 9542827	5184	172	3.074	0.009	-0.25	0.3	1.4	0.09	5.68	0.13	15.80900002	0.750500202	2	297.76077	46.1226389
KIC 9575007	4899	143	2.501	0.009	-0.16	0.3	1.28	0.09	10.52	0.26	34.35800171	1.975500107	2	285.20685	46.2308689
KIC 9575284	4980	146	2.593	0.008	-0.53	0.3	1.13	0.07	8.91	0.2	43.83927	5.944378584	1	285.39197	46.2430381
KIC 9575421	5241	153	3.23	0.008	-0.36	0.3	1.21	0.07	4.41	0.1	9.765500069	0.392650127	2	285.46631	46.29393
KIC 9575978	5149	155	2.562	0.009	-0.33	0.3	1.44	0.1	10.4	0.25	68.25725	9.555908874	1	285.77353	46.2975811
KIC 9575996	5211	154	3.148	0.008	-0.15	0.3	1.33	0.08	5.1	0.11	14.23900032	0.925499916	2	285.78091	46.2239419
KIC 9579569	5111	145	3.309	0.008	-0.1	0.3	1.68	0.1	4.75	0.1	10.58899975	0.340499878	2	287.85059	46.2935711
KIC 9579698	4986	149	2.441	0.009	-0.98	0.3	1.04	0.07	10.17	0.25	31.13199997	0.076499939	2	287.92017	46.2617911
KIC 9580943	5042	153	2.588	0.009	-0.16	0.3	1.28	0.09	9.52	0.23	30.78800011	1.581500053	2	288.6134	46.2277411
KIC 9581163	5285	155	3.215	0.008	-0.36	0.3	1.34	0.08	4.74	0.1	9.965000153	0.373100281	2	288.73901	46.28595
KIC 9581275	5147	151	3.256	0.008	-0.12	0.3	1.26	0.08	4.38	0.1	12.08803	1.6435407	1	288.80197	46.2570919
KIC 9581413	4994	151	2.586	0.009	-0.27	0.3	1.26	0.08	9.46	0.22	35.15999985	1.670499802	2	288.87823	46.23521
KIC 9581977	4948	151	2.455	0.011	-0.27	0.3	1.23	0.1	10.85	0.3	45.22100067	3.683000565	2	289.18344	46.2896119
KIC 9583645	5023	150	3.091	0.008	-1.03	0.3	1.05	0.06	4.83	0.11	13.47200012	1.659999847	2	290.01932	46.27216
KIC 9590884	4923	152	2.486	0.01	0.02	0.3	1.49	0.1	11.53	0.29	70.10815	10.09583921	1	293.00848	46.2483789
KIC 9593478	5206	160	3.215	0.008	-0.14	0.3	1.56	0.1	5.11	0.11	17.22063	2.424017691	1	294.00873	46.25391
KIC 9593557	5185	168	2.948	0.009	-0.49	0.3	1.49	0.1	6.78	0.16	17.68099976	1.872999668	2	294.03586	46.21912
KIC 9596172	4942	155	2.65	0.01	-0.16	0.3	1.16	0.08	8.45	0.22	31.82999992	2.0435009	2	294.98758	46.2064589
KIC 9596479	5047	159	3.112	0.008	0.04	0.3	1.32	0.08	5.28	0.12	16.24021	2.351342961	1	295.09473	46.2582089
KIC 9598077	4880	151	2.575	0.009	-0.18	0.3	1.39	0.09	10.09	0.24	39.14699936	2.121999741	2	295.66995	46.2825389
KIC 9602686	4823	146	2.932	0.008	0.08	0.3	1.2	0.07	6.19	0.14	16.67300034	0.942999363	2	297.17087	46.26149
KIC 9602971	4939	155	2.544	0.009	-0.79	0.3	1.32	0.08	10.15	0.23	53.0909996	4.476999283	2	297.24905	46.2496189
KIC 9613292	4816	149	3.272	0.009	0.28	0.3	1.15	0.08	4.11	0.1	7.837999821	0.169150114	2	300.21896	46.2700119
KIC 9631875	5040	150	3.142	0.008	-0.05	0.3	1.35	0.08	5.17	0.11	15.48438	2.114775313	1	282.53824	46.3753511
KIC 9634870	4972	148	2.335	0.009	-0.23	0.3	1.24	0.08	12.52	0.32	63.53300095	4.777997971	2	284.36612	46.3161011
KIC 9637107	4974	150	2.702	0.009	0.02	0.3	1.33	0.09	8.52	0.2	39.89265	5.576574773	1	285.64923	46.3032911
KIC 9637115	4918	149	2.516	0.009	0.09	0.3	1.45	0.1	11.02	0.27	63.78342	9.002658045	1	285.65405	46.37233
KIC 9639344	5200	153	3.114	0.008	-0.14	0.3	1.35	0.08	5.34	0.11	11.3920002	0.412500381	2	287.02191	46.3748019
KIC 9639454	5181	160	2.905	0.008	-0.08	0.3	1.49	0.09	7.13	0.16	20.4090004	1.026999474	2	287.09457	46.32296
KIC 9640423	5230	152	3.131	0.01	-0.27	0.3	1.38	0.1	5.3	0.13	14.11600018	1.192000389	2	287.68463	46.3721889
KIC 9641694	5100	158	3.093	0.009	0.18	0.3	1.36	0.09	5.48	0.12	18.24032	2.590849068	1	288.41888	46.33099
KIC 9641814	4800	147	2.563	0.011	0.4	0.3	1.43	0.11	10.36	0.28	34.61899948	2.585000038	2	288.47791	46.3205411
KIC 9642306	5190	156	3.106	0.008	-0.08	0.3	1.39	0.08	5.46	0.12	12.65499973	0.475999832	2	288.77368	46.3665889
KIC 9643702	4835	141	2.64	0.009	-0.62	0.3	1.16	0.08	8.51	0.2	24.45700073	2.827500343	2	289.5062	46.3403089
KIC 9644902	4998	157	2.877	0.008	0.19	0.3	1.39	0.09	7.11	0.16	28.32140	4.085374605	1	290.09775	46.3174019
KIC 9649838	5247	168	3.024	0.009	0.01	0.3	1.69	0.11	6.62	0.15	80.84999847	0.444999695	2	292.09695	46.3055989
KIC 9649935	4999	155	2.607	0.009	-0.07	0.3	1.4	0.09	9.75	0.24	22.4829998	2.152500153	2	292.13632	46.3777311
KIC 9650375	5131	155	2.913	0.009	-0.62	0.3	1.14	0.07	6.18	0.14	20.00900078	0.908499718	2	292.3197	46.34531
KIC 9650424	5078	154	2.927	0.008	-0.04	0.3	1.35	0.08	6.6	0.14	26.00454	3.611057666	1	292.3374	46.3743781
KIC 9651255	5127	156	2.735	0.008	-0.23	0.3	1.35	0.08	8.24	0.19	40.22700119	3.506000519	2	292.68115	46.3609889
KIC 9651684	4997	150	2.814	0.009	-0.25	0.3	1.26	0.09	7.3	0.18	29.83140	4.180407632	1	292.86386	46.3051189
KIC 9652551	4824	150	2.797	0.01	0.46	0.3	1.72	0.13	8.67	0.23	27.63100052	1.861999512	2	293.20999	46.38076
KIC 9655123	4954	160	2.836	0.01	0.24	0.3	1.35	0.1	7.36	0.19	29.29343	4.403456159	1	294.24539	46.3026619
KIC 9657366	5162	163	3.184	0.01	-0.11	0.3	1.7	0.12	5.52	0.14	14.61999989	0.653999805	2	295.07657	46.3373789
KIC 9659058	4819	149	2.571	0.009	-0.72	0.3	1.07	0.07	8.86	0.21	36.73400116	2.199998856	2	295.71078	46.3441889
KIC 9659141	4852	148	2.654	0.009	-0.1	0.3	1.28	0.08	8.82	0.21	31.35499954	1.420499802	2	295.73651	46.3376389
KIC 9662395	4887	100	2.599	0.009	0.16	0.15	2.52	0.16	13.21	0.31	89.36460	9.106925834	1	296.83017	46.3675689
KIC 9662496	5160	173	2.957	0.011	0	0.3	1.59	0.12	6.95	0.19	20.83499908	0.858000755	2	296.86465	46.3020289
KIC 9663228	4824	147	3.013	0.008	0.33	0.3	1.4	0.08	6.11	0.13	18.15107	2.53225302	1	297.08194	46.3957211
KIC 9663257	4979	162	3.005	0.009	0.03	0.3	1.42	0.09	6.21	0.14	15.94900036	0.608499527	2	297.08847	46.3488619
KIC 9665867	5025	155	3.018	0.009	-0.17	0.3	1.38	0.09	6.03	0.14	19.45700073	0.69549942	2	297.84085	46.3704681
KIC 9665890	5075	161	3.082	0.01	-0.22	0.3	1.15	0.08	5.1	0.13	10.58199978	1.45179987	2	297.8483	46.3231889
KIC 9673491	5005	156	3.19	0.009	-0.71	0.3	0.98	0.06	4.17	0.1	9.79668	1.41376822	1	300.1123	46.3454819
KIC 9691682	5398	169	3.2	0.011	-0.12	0.3	1.66	0.13	5.35	0.15	13.84200001	0.800499916	2	281.69073	46.4361919
KIC 9697268	5148	154	3.053	0.008	0.07	0.3	1.43	0.09	5.89	0.13	13.44999981	0.530499935	2	285.16165	46.42923
KIC 9697645	4915	153	2.495	0.009	0.11	0.3	2.05	0.15	13.4	0.36	63.67399979	5.576499939	2	285.37842	46.46172
KIC 9699882	5162	157	3.112	0.008	0.11	0.3	1.45	0.09	5.54	0.12	19.56510	2.730017972	1	286.69324	46.49136
KIC 9700053	4929	80	3.257	0.006	0	0.15	1.19	0.05	4.24	0.07	10.38799953	0.080999851	2	286.79929	46.4943389
KIC 9700142	5189	163	2.91	0.009	0.09	0.3	1.46	0.09	7.02	0.16	18.30999947	0.811500549	2	286.84634	46.4202381
KIC 9701922	4930	142	3.024	0.009	-0.1	0.3	1.23	0.08	5.65	0.13	10.20899963	2.192749977	2	287.90637	46.4087489
KIC 9702024	4977	165	2.899	0.009	-0.09	0.3	1.35	0.09	6.83	0.17	10.59200001	0.546000004	2	287.97498	46.4746089
KIC 9702885	5138	156	2.605	0.009	-0.1	0.3	1.38	0.09	9.7	0.24	34.60200119	2.109498978	2	288.47211	46.48399
KIC 9703186	5147	161	3.004	0.008	-0.02	0.3	1.3	0.08	5.94	0.13	12.61900043	0.962500095	2	288.63132	46.4026789
KIC 9705228	5120	150	3.17	0.009	-0.68	0.3	1.09	0.07	4.5	0.11	24.87800026	5.533499718	2	289.70905	46.4078711
KIC 9706046	4974	154	2.656	0.009	0.06	0.3	1.42	0.09	9.26	0.22	47.12329	6.752436065	1	290.05313	46.49472
KIC 9706819	5175	180	3.276	0.011	0.1	0.3	1.49	0.12	4.65	0.13	13.92316	2.258171648	1	290.38669	46.46846
KIC 9706871	5126	166	2.969	0.009	-0.04	0.3	1.28	0.08	6.13	0.14	23.29302	3.459356307	1	290.40857	46.4663089
KIC 9706956	5301	161	3.149	0.009	-0.2	0.3	1.34	0.09	5.11	0.12	18.51244	2.604225504	1	290.44217	46.4302411
KIC 9707138	5173	168	3.232	0.009	0.14	0.3	1.49	0.09	4.9	0.11	15.43663	2.294402429	1	290.52063	46.4635581
KIC 9710305	5231	152	3.114	0.008	-0.51	0.3	1.14	0.07	4.91	0.1	13.34799957	0.31000042	2	291.85559	46.4033581
KIC 9710321	5082	166	2.647	0.009	-0.13	0.3	1.33	0.09	9.08	0.22	32.31200027	1.347500801	2	291.86121	46.46093
KIC 9710490	5127	155	2.997	0.008	-0.13	0.3	1.49	0.09	6.42	0.14	18.29199982	0.29750061	2	291.92892	46.41613
KIC 9711308	5046	161	2.893	0.01	0.26	0.3	1.7	0.12	7.72	0.2	34.69078	5.161798822	1	292.26901	46.4880789
KIC 9713043	5021	162	2.937	0.009	0.14	0.3	1.44	0.09	6.76	0.15	16.89500046	1.865499973	2	292.99371	46.4482919
KIC 9713355	5252	164	3.188	0.009	-0.15	0.3	1.48	0.1	5.14	0.12	15.34000015	0.859499931	2	293.12067	46.4178889
KIC 9714055	5162	162	2.888	0.009	-0.16	0.3	1.29	0.08	6.75	0.15	22.20299911	1.042499542	2	293.41153	46.4712981
KIC 9716506	5077	161	2.559	0.009	-0.51	0.3	1.22	0.08	9.61	0.23	42.95199966	2.097000122	2	294.38614	46.40575
KIC 9716525	5124	162	2.735	0.009	-0.31	0.3	1.55	0.1	8.84	0.21	36.65299988	2.079999924	2	294.39444	46.4887619
KIC 9718200	5131	172	2.748	0.009	0	0.3	1.51	0.1	8.61	0.21	33.59999847	1.85050106	2	294.99088	46.42535
KIC 9719184	5259	160	2.957	0.008	-0.36	0.3	1.62	0.1	7	0.15	84.94000244	1.46049881	2	295.36401	46.4496689
KIC 9724023	5126	177	2.901	0.01	0.1	0.3	1.62	0.11	7.47	0.19	23.39100075	1.236499786	2	297.02332	46.44923
KIC 9724451	5051	176	3.124	0.009	0.27	0.3	1.41	0.09	5.38	0.13	16.91471	2.701382703	1	297.1557	46.4210089
KIC 9725292	4987	80	2.736	0.01	0.08	0.15	2.28	0.17	10.73	0.29	63.93629	5.802210799	1	297.39362	46.4451289
KIC 9726536	5144	159	3.28	0.009	0.11	0.3	1.41	0.09	4.51	0.11	10.44799995	0.206999779	2	297.74426	46.43351
KIC 9726669	5081	163	2.842	0.009	-0.05	0.3	1.45	0.1	7.57	0.18	29.05900002	2.653000832	2	297.78101	46.4960589
KIC 9726997	4945	162	2.926	0.009	0.37	0.3	1.53	0.1	7.05	0.17	26.68296	4.028392257	1	297.86243	46.41555
KIC 9728765	5031	167	2.886	0.013	0	0.3	1.56	0.14	7.45	0.23	26.86199951	2.25	2	298.34973	46.43951
KIC 9753517	5061	147	3.218	0.009	-0.3	0.3	1.13	0.07	4.34	0.1	8.508500099	0.279399872	2	282.55435	46.5090481
KIC 9755234	5217	153	3.141	0.01	-0.66	0.3	1.18	0.09	4.84	0.14	5.527800083	0.455800056	2	283.64255	46.5925481
KIC 9758193	5216	156	2.792	0.009	-0.55	0.3	1.35	0.08	7.72	0.17	28.60899925	1.655000687	2	285.32431	46.52858
KIC 9763021	5105	178	3.018	0.014	-0.14	0.3	1.4	0.28	6.07	0.56	18.66300011	0.210499763	2	288.22568	46.5110211
KIC 9763240	5257	159	3.268	0.008	0.07	0.3	1.52	0.09	4.74	0.1	10.41800022	0.57945013	2	288.35428	46.57798
KIC 9763445	5082	149	2.968	0.008	-0.11	0.3	1.33	0.08	6.26	0.13	13.72900009	0.565499783	2	288.47351	46.51836
KIC 9764760	5496	168	3.106	0.008	-0.55	0.3	1.15	0.07	4.97	0.11	15.56200027	0.891999722	2	289.237	46.5529211
KIC 9765882	5076	177	3.309	0.009	0.04	0.3	1.27	0.09	4.14	0.1	8.820400238	0.322500229	2	289.81046	46.5323411
KIC 9766158	4785	143	2.512	0.009	0.24	0.3	1.32	0.09	10.57	0.25	39.38700104	3.076000214	2	289.94141	46.5224111
KIC 9767815	5165	151	2.833	0.008	-0.33	0.3	1.2	0.07	6.97	0.15	23.4659996	0.444999695	2	290.65146	46.5452189
KIC 9768134	5039	155	3.28	0.008	0.3	0.3	1.24	0.08	4.23	0.09	10.35735	1.457288235	1	290.78488	46.5785219
KIC 9771209	4808	150	2.695	0.009	0.47	0.3	1.57	0.11	9.33	0.23	41.76492	6.053179585	1	292.09686	46.5567211
KIC 9773335	5094	167	2.881	0.009	0.25	0.3	1.52	0.1	7.42	0.17	33.28389	5.000221473	1	293.01291	46.5179711
KIC 9777198	4779	80	2.497	0.011	0.15	0.15	1.28	0.11	10.58	0.34	52.42157	5.241684896	1	294.51208	46.5993189
KIC 9779249	5078	161	2.959	0.009	-1.22	0.3	1.01	0.07	5.5	0.13	18.05871	2.641380648	1	295.28656	46.5936319
KIC 9783838	4980	155	2.558	0.008	-0.56	0.3	1.2	0.08	9.54	0.22	40.95100021	2.786500931	2	296.88727	46.51268
KIC 9783880	4979	154	2.485	0.01	-0.36	0.3	1.33	0.09	10.93	0.27	58.70000076	5.089500427	2	296.9025	46.5887489
KIC 9783919	4905	155	2.411	0.009	-0.1	0.3	1.46	0.1	12.46	0.31	80.68312	11.84062619	1	296.91199	46.56881
KIC 9784000	5159	169	3.122	0.009	0.1	0.3	1.44	0.09	5.46	0.12	18.95998	2.834463781	1	296.93317	46.51046
KIC 9784743	5058	158	2.577	0.009	-0.2	0.3	1.37	0.09	9.98	0.24	39.24300003	2.726499557	2	297.13763	46.5214119
KIC 9812648	4916	146	2.884	0.008	0.1	0.3	1.34	0.08	6.91	0.15	25.03768	3.420653833	1	281.75009	46.6494411
KIC 9814467	4730	136	2.586	0.009	0.11	0.3	1.24	0.08	9.39	0.22	39.62473	5.311706658	1	283.01968	46.6983489
KIC 9815478	5261	154	3.179	0.01	-0.58	0.3	1.23	0.1	4.73	0.13	11.81900024	1.325500011	2	283.60672	46.64637
KIC 9824342	4863	145	2.69	0.008	0	0.3	1.31	0.08	8.55	0.19	36.70623	5.046178367	1	288.72217	46.6722981
KIC 9825272	5052	151	2.753	0.009	-0.2	0.3	1.47	0.09	8.43	0.19	41.56225	5.735626421	1	289.25446	46.69767
KIC 9827003	4812	80	3.228	0.01	0.09	0.15	1	0.07	4.02	0.1	7.77938	0.699485107	1	290.11737	46.6429711
KIC 9827399	4991	148	3.287	0.008	0.28	0.3	1.25	0.07	4.21	0.09	9.87427	1.344864993	1	290.27982	46.61515
KIC 9834173	4918	152	3.075	0.009	0.48	0.3	1.47	0.1	5.81	0.14	17.72952	2.54106065	1	293.20096	46.6319689
KIC 9836566	4967	151	2.743	0.008	-0.51	0.3	1.32	0.08	8.07	0.18	28.625	1.376499176	2	294.12561	46.66935
KIC 9837129	4881	155	2.856	0.009	0.32	0.3	1.39	0.09	7.29	0.16	19.66500092	0.88149929	2	294.33569	46.65332
KIC 9837478	4944	154	2.638	0.009	0.1	0.3	1.58	0.1	9.99	0.23	53.53470	7.683783713	1	294.46387	46.6187781
KIC 9838719	5210	164	2.905	0.009	-0.58	0.3	1.52	0.1	7.2	0.16	34.29307	4.949379251	1	294.93173	46.6795881
KIC 9839379	4985	141	3.244	0.011	-0.23	0.3	1.07	0.09	4.09	0.12	9.27466	1.273648233	1	295.18301	46.67141
KIC 9839793	4865	147	2.58	0.009	-0.12	0.3	1.34	0.09	9.82	0.24	48.50035	6.827269699	1	295.33496	46.6917611
KIC 9840003	5207	160	3.171	0.008	-0.32	0.3	1.34	0.08	4.97	0.11	12.70699978	0.553499699	2	295.40552	46.6738089
KIC 9844294	5046	160	2.353	0.012	-0.29	0.3	1.23	0.11	12.22	0.37	86.92044	13.18035747	1	296.90094	46.6178819
KIC 9844539	5012	161	3.218	0.008	0.4	0.3	1.35	0.08	4.73	0.11	12.67527	1.872407964	1	296.98291	46.6446689
KIC 9845772	5051	161	2.533	0.009	-0.21	0.3	1.47	0.1	10.88	0.27	41.20000076	2.940500259	2	297.3385	46.6703911
KIC 9851596	4939	80	2.99	0.007	0.16	0.15	1.7	0.09	6.91	0.13	26.67200089	0.687999725	2	298.9346	46.6240081
KIC 9852023	4913	150	3.243	0.009	-0.43	0.3	1.14	0.08	4.23	0.1	11.58300018	0.279500008	2	299.06461	46.6026
KIC 9873753	4894	80	3.257	0.006	0.1	0.15	1.17	0.06	4.21	0.07	9.12873	0.729007686	1	282.61285	46.7849619
KIC 9874143	4975	152	3.07	0.01	0.28	0.3	1.66	0.12	6.22	0.16	21.27863	3.04595932	1	282.8436	46.7075881
KIC 9875046	4911	145	2.597	0.008	-0.64	0.3	1.07	0.07	8.6	0.2	34.65299988	2.065999985	2	283.44604	46.7163811
KIC 9875719	5211	153	3.022	0.008	-0.36	0.3	1.34	0.08	5.92	0.13	17.16699982	1.015500069	2	283.87314	46.74276
KIC 9877891	5141	150	2.705	0.008	-0.19	0.3	1.67	0.1	9.51	0.21	56.72075	7.643328395	1	285.10614	46.7261089
KIC 9881071	5251	158	2.882	0.008	-0.35	0.3	1.27	0.08	6.77	0.15	21.40399933	1.256500244	2	287.00674	46.7674411
KIC 9881900	5234	157	3.033	0.008	-0.07	0.3	1.57	0.1	6.32	0.14	19.27000046	1.176499367	2	287.50992	46.7212411
KIC 9882634	4965	153	2.644	0.01	0.24	0.3	1.42	0.11	9.39	0.25	48.10594	6.972411098	1	287.91791	46.7573389
KIC 9885121	5100	154	2.799	0.009	-0.13	0.3	1.36	0.09	7.71	0.18	36.10605	5.049581656	1	289.27374	46.7905619
KIC 9885553	4959	152	2.605	0.009	0.02	0.3	1.62	0.11	10.5	0.26	59.86122	8.547495241	1	289.49582	46.7933389
KIC 9887526	5147	151	3.187	0.008	-0.19	0.3	1.26	0.08	4.73	0.1	9.461299896	0.43874979	2	290.43503	46.7961881
KIC 9887670	5128	154	2.849	0.008	-0.32	0.3	1.38	0.09	7.33	0.16	24.78899956	1.63049984	2	290.50293	46.75333
KIC 9893036	5086	159	3.179	0.009	0.23	0.3	1.62	0.11	5.42	0.12	17.64796	2.530279663	1	292.75906	46.75909
KIC 9893423	5052	149	3.014	0.008	-0.66	0.3	1.11	0.07	5.43	0.11	16.37400055	0.762499809	2	292.91125	46.7134089
KIC 9893437	4958	80	3.271	0.007	0.17	0.15	1.53	0.08	4.74	0.09	12.11800003	0.184000015	2	292.91821	46.7403789
KIC 9893440	4798	80	2.371	0.013	-0.03	0.15	1.12	0.11	11.42	0.39	62.05313	6.374184622	1	292.91925	46.7388689
KIC 9893479	5037	176	2.692	0.01	-0.13	0.3	1.28	0.1	8.44	0.23	41.16833	6.682039732	1	292.94125	46.71175
KIC 9893850	5268	163	3.049	0.008	-0.22	0.3	1.25	0.08	5.53	0.12	21.14579	2.997251636	1	293.09222	46.76012
KIC 9894199	4997	151	2.79	0.009	0	0.3	1.41	0.09	7.92	0.18	24.29999924	0.943500519	2	293.245	46.7191511
KIC 9895364	4940	152	3.003	0.009	0.09	0.3	1.61	0.1	6.62	0.15	19.16799927	1.012999535	2	293.72864	46.7238389
KIC 9896174	5206	100	3.331	0.007	-0.18	0.15	1.5	0.08	4.38	0.08	10.23400021	0.129499912	2	294.04147	46.7232211
KIC 9897206	5090	157	2.771	0.009	-0.26	0.3	1.31	0.08	7.8	0.18	26.02599907	1.68599987	2	294.40204	46.7288511
KIC 9897257	4997	158	2.514	0.011	-0.41	0.3	1.24	0.1	10.22	0.28	58.46955	8.70123297	1	294.42096	46.7717511
KIC 9899534	5140	157	2.675	0.009	-0.37	0.3	1.28	0.08	8.63	0.2	31.5890007	2.342499733	2	295.27048	46.7903589
KIC 9902586	5238	166	3.084	0.009	0.02	0.3	1.81	0.11	6.4	0.14	18.01499939	0.638000488	2	296.32492	46.7946819
KIC 9903392	4956	149	2.956	0.008	0.13	0.3	1.4	0.08	6.51	0.14	22.95502	3.167386723	1	296.59534	46.7232089
KIC 9903598	5264	161	3.091	0.009	-0.1	0.3	2.13	0.13	6.88	0.16	21.64599991	1.241499901	2	296.66653	46.7257611
KIC 9904681	5216	164	3.153	0.008	0.1	0.3	1.57	0.1	5.5	0.12	12.91100025	0.664999962	2	297.00473	46.74258
KIC 9905582	5045	151	3.06	0.008	-0.4	0.3	1.09	0.07	5.1	0.11	13.19400024	0.413499832	2	297.26059	46.7623289
KIC 9906240	4884	154	2.859	0.009	0.28	0.3	1.48	0.1	7.49	0.17	28.65872	4.152031912	1	297.45511	46.7285311
KIC 9906321	5112	164	2.611	0.009	-0.24	0.3	1.51	0.1	10.07	0.24	50.69800186	3.017000198	2	297.47562	46.7661511
KIC 9907001	4864	149	2.444	0.012	-0.07	0.3	1.7	0.15	12.96	0.39	84.40629	12.42540073	1	297.67209	46.7082789
KIC 9907511	5184	169	3.071	0.009	0.17	0.3	2.28	0.15	7.29	0.17	34.45923	5.160198412	1	297.81921	46.7936289
KIC 9934955	5146	152	3.067	0.008	-0.52	0.3	1.17	0.07	5.24	0.11	18.53100014	0.730499268	2	283.03195	46.8806189
KIC 9935720	4891	145	2.871	0.008	0.2	0.3	1.35	0.08	7.06	0.15	19.84499931	2.276999474	2	283.513	46.86541
KIC 9936310	5230	157	3.124	0.009	-0.14	0.3	1.37	0.09	5.31	0.12	14.11400032	0.462999821	2	283.8457	46.81049
KIC 9940631	5149	149	3.041	0.008	-0.53	0.3	1.51	0.09	6.15	0.14	15.53999996	1.687000275	2	286.29517	46.8651081
KIC 9941550	5073	152	2.827	0.008	-0.63	0.3	1.19	0.07	6.97	0.15	28.88787	3.974179492	1	286.90347	46.8163411
KIC 9941840	4944	147	2.604	0.01	-0.47	0.3	1.18	0.09	8.96	0.23	37.61700058	2.343500137	2	287.09155	46.8663481
KIC 9942456	5132	152	3.001	0.008	-0.34	0.3	1.24	0.07	5.83	0.12	14.97799969	0.993999958	2	287.45401	46.8866689
KIC 9944776	4933	232	2.468	0.012	-0.35	0.3	1.24	0.11	10.74	0.34	37.99700165	1.636499405	2	288.82373	46.8274689
KIC 9944851	5439	471	3.282	0.02	-0.5	0.3	1.37	0.19	4.43	0.21	11.15999985	0.31400013	2	288.86014	46.8768011
KIC 9945389	5155	158	3.26	0.009	0.17	0.3	1.47	0.09	4.7	0.11	8.809900284	0.28799963	2	289.15372	46.85614
KIC 9953542	5156	158	3.14	0.008	0.02	0.3	1.56	0.1	5.57	0.12	12.37800026	0.60199976	2	292.77435	46.8038289
KIC 9956184	5205	156	3.332	0.009	-0.12	0.3	1.46	0.09	4.31	0.1	12.24131	1.699427476	1	293.92404	46.89418
KIC 9956422	5051	151	2.913	0.009	0.06	0.3	1.61	0.1	7.34	0.16	31.48416	4.328789571	1	294.00681	46.8096889
KIC 9958287	4905	149	2.862	0.009	0.1	0.3	1.47	0.1	7.45	0.17	19.125	1.270000458	2	294.71469	46.8151281
KIC 9958602	5172	161	2.834	0.01	-0.09	0.3	1.57	0.11	7.94	0.2	40.50099	5.875308276	1	294.85153	46.8261911
KIC 9959141	5271	166	3.284	0.008	0.25	0.3	1.58	0.1	4.74	0.11	15.57110	2.259069146	1	295.06561	46.8855211
KIC 9962487	5156	180	3.231	0.011	-0.53	0.3	1.35	0.11	4.67	0.13	12.4090004	1.509500027	2	296.28946	46.8572811
KIC 9962917	5272	174	2.761	0.009	-0.09	0.3	1.68	0.11	8.94	0.22	27.73600006	1.595499992	2	296.43671	46.8164289
KIC 9964436	4820	80	3.199	0.006	0.03	0.15	1.17	0.06	4.5	0.08	9.81304	0.803712904	1	296.95615	46.80624
KIC 9964863	5155	163	2.869	0.01	-0.06	0.3	1.95	0.14	8.5	0.21	26.5529995	1.624000549	2	297.08716	46.8936
KIC 9965648	5036	154	2.671	0.009	0	0.3	1.53	0.1	9.46	0.22	36.68500137	2.862499237	2	297.31784	46.8534889
KIC 9965980	5160	168	2.817	0.009	0.03	0.3	1.84	0.12	8.77	0.21	28.43799973	1.859499931	2	297.40836	46.85083
KIC 9965984	5007	149	3.215	0.013	-0.73	0.3	1.44	0.13	4.91	0.16	10.88000011	1.596050262	2	297.40915	46.87336
KIC 9965988	4793	143	2.643	0.009	-0.72	0.3	1.04	0.07	8.05	0.19	31.80200005	1.590499878	2	297.41	46.8843119
KIC 9967100	4956	154	2.493	0.01	0.02	0.3	1.51	0.12	11.55	0.32	72.25696	10.61265137	1	297.73456	46.83456
KIC 9967351	4826	100	2.693	0.008	-0.15	0.15	1.67	0.1	9.64	0.22	45.5	0.749500275	2	297.81134	46.8166389
KIC 9969088	5051	155	3.147	0.009	-0.41	0.3	1.39	0.09	5.21	0.12	14.58100033	0.421999931	2	298.31995	46.8338811
KIC 9992544	4672	132	2.351	0.01	-0.04	0.3	1.15	0.09	11.87	0.32	60.27029	8.13712549	1	281.84583	46.9135889
KIC 9992866	5201	154	2.93	0.008	-0.04	0.3	2.09	0.13	8.2	0.18	25.4829998	1.057999611	2	282.01807	46.95945
KIC 9993925	5015	150	2.663	0.009	-0.62	0.3	1.31	0.09	8.84	0.21	44.37913	6.168596105	1	282.67017	46.9341089
KIC 9996624	5117	150	3.081	0.008	-0.1	0.3	1.25	0.08	5.33	0.12	11.50399971	0.396500111	2	284.27838	46.9915619
KIC 9999911	5178	147	3.061	0.008	-0.39	0.3	1.13	0.07	5.19	0.11	16.93199921	2.109000206	2	286.19421	46.9563219
KIC 10000108	5021	149	2.652	0.009	-0.5	0.3	1.21	0.08	8.62	0.2	42.40001	5.835103349	1	286.30579	46.9898989
KIC 10000151	5054	154	3.325	0.012	0.04	0.3	1.35	0.11	4.18	0.12	8.595899582	0.44410038	2	286.32739	46.9010581
KIC 10000228	5058	145	3.13	0.008	-0.42	0.3	1.07	0.07	4.66	0.1	12.84300041	1.531000137	2	286.38635	46.9560319
KIC 10000279	5032	150	3.15	0.009	-0.08	0.3	1.17	0.09	4.77	0.15	11.75	0.529999733	2	286.42197	46.9532811
KIC 10000981	5063	148	2.737	0.009	-0.68	0.3	1.13	0.07	7.54	0.17	33.54014	4.538651027	1	286.83981	46.95322
KIC 10001728	5381	157	3.072	0.008	-0.58	0.3	1.18	0.07	5.24	0.12	11.32900047	1.59649992	2	287.28983	46.9828
KIC 10001994	5347	173	3.206	0.009	0.12	0.3	1.75	0.11	5.46	0.13	21.87845	3.261510929	1	287.43616	46.91544
KIC 10003039	5158	149	3.246	0.008	-0.36	0.3	1.14	0.07	4.21	0.09	8.238200188	0.286299706	2	288.0036	46.9854011
KIC 10005428	5384	164	3.261	0.009	-0.73	0.3	1.11	0.07	4.09	0.1	12.61994	1.789141525	1	289.20212	46.9727781
KIC 10005502	5128	154	2.547	0.01	-0.53	0.3	1.78	0.13	11.78	0.3	63.52000046	5.670499802	2	289.23566	46.9948689
KIC 10006244	4848	153	2.57	0.012	0.14	0.3	1.25	0.1	9.59	0.28	45.61190	6.846098476	1	289.57996	46.9976011
KIC 10007644	5175	158	2.824	0.009	-0.47	0.3	1.19	0.08	7	0.16	31.55208	4.444677461	1	290.14465	46.9798011
KIC 10010358	4873	139	2.549	0.009	-0.02	0.3	1.79	0.12	11.78	0.29	59.56499863	2.462499619	2	291.24722	46.9177889
KIC 10010946	4959	143	2.546	0.008	-0.36	0.3	1.3	0.08	10.08	0.23	41.54899979	0.782499313	2	291.48322	46.9549219
KIC 10018076	5093	169	2.563	0.01	0.01	0.3	1.47	0.11	10.52	0.28	42.7519989	3.473499298	2	294.42633	46.9636189
KIC 10018357	5374	169	3.126	0.008	-0.14	0.3	1.24	0.08	5.04	0.11	19.02139	2.737720311	1	294.52408	46.9703789
KIC 10018442	4888	80	2.789	0.008	0.02	0.15	1.86	0.11	9.1	0.19	42.44222	3.578835202	1	294.55789	46.9613111
KIC 10018832	4898	143	2.644	0.009	-0.02	0.3	1.3	0.08	8.99	0.2	41.76236	5.635842162	1	294.70245	46.9759411
KIC 10019661	4953	156	3.051	0.009	0.17	0.3	1.35	0.09	5.73	0.13	12.64700031	0.668999672	2	295.00891	46.9494289
KIC 10023911	5149	164	2.842	0.009	-0.1	0.3	1.31	0.08	7.2	0.16	23.30699921	1.639500618	2	296.51141	46.9640881
KIC 10024454	4903	151	2.69	0.009	-0.1	0.3	1.29	0.09	8.49	0.2	37.39844	5.328282462	1	296.67896	46.9411089
KIC 10024883	4979	150	2.335	0.012	-0.25	0.3	1.36	0.11	13.14	0.39	76.82900238	7.89150238	2	296.80704	46.9724311
KIC 10024931	5145	192	2.605	0.01	0.15	0.3	1.64	0.12	10.57	0.27	43.78699875	3.797000885	2	296.82031	46.9570881
KIC 10027735	4926	80	2.944	0.007	-0.39	0.15	1.33	0.07	6.44	0.13	23.9109993	1.164000511	2	297.62753	46.9306719
KIC 10030451	4835	155	2.779	0.011	-0.01	0.3	1.26	0.1	7.57	0.22	24.16799927	1.208499908	2	298.39487	46.9794881
KIC 10030807	5026	163	3.053	0.009	0.07	0.3	1.37	0.09	5.77	0.13	19.07357	2.832451153	1	298.51486	46.96946
KIC 10030919	5006	154	3.204	0.008	-0.19	0.3	1.19	0.07	4.52	0.1	10.26000023	0.36259985	2	298.54379	46.9299581
KIC 10031345	5028	159	2.994	0.009	-0.12	0.3	1.55	0.1	6.57	0.16	21.5189991	1.163499832	2	298.66574	46.9958189
KIC 10034889	4993	162	3.087	0.009	-0.26	0.3	1.5	0.1	5.81	0.14	18.83602	2.818919054	1	299.7547	46.9636989
KIC 10057445	5311	174	2.592	0.01	-1.14	0.3	1.15	0.09	8.98	0.25	57.60344	8.860196087	1	283.40488	47.0446211
KIC 10057632	5081	150	2.492	0.009	-0.47	0.3	1.35	0.09	10.93	0.26	50.79199982	3.017499924	2	283.52304	47.0465089
KIC 10062594	4866	139	2.543	0.009	0.05	0.3	1.26	0.08	9.96	0.23	49.93415	6.64281645	1	286.05447	47.07515
KIC 10062643	5205	147	3.197	0.009	-0.27	0.3	1.42	0.1	4.98	0.14	10.01200008	0.925849915	2	286.08261	47.08466
KIC 10063071	5083	159	3.262	0.009	0.18	0.3	1.29	0.09	4.4	0.11	7.48239994	0.305000067	2	286.30411	47.0281911
KIC 10063169	5017	151	3.133	0.009	-0.07	0.3	1.27	0.08	5.07	0.12	8.955499649	0.834149837	2	286.36258	47.06105
KIC 10065717	4926	172	2.906	0.014	0	0.3	1.68	0.24	7.56	0.47	22.45400047	1.257499695	2	287.68875	47.05175
KIC 10066053	4914	150	3.001	0.008	0.27	0.3	1.36	0.08	6.11	0.14	13.4289999	0.766000271	2	287.8584	47.0806689
KIC 10068280	5220	153	2.74	0.008	-0.33	0.3	1.36	0.09	8.23	0.2	4.180799961	0.687700033	2	288.96814	47.0517311
KIC 10069788	5135	159	3.042	0.009	-0.08	0.3	1.39	0.09	5.89	0.14	14.91399956	0.739999771	2	289.6781	47.0142781
KIC 10071179	5206	155	2.996	0.008	-0.9	0.3	1.25	0.08	5.89	0.13	2.682800055	0.158100009	2	290.24728	47.0746611
KIC 10074230	4510	80	2.197	0.032	-0.21	0.15	1.12	0.25	13.95	1.06	83.23200226	4.687000275	2	291.44589	47.09544
KIC 10078979	4958	80	3.282	0.006	-0.12	0.15	1.05	0.05	3.88	0.07	7.317299843	0.162999868	2	293.37265	47.05788
KIC 10081016	5017	175	3.137	0.01	-0.22	0.3	1.22	0.09	4.94	0.13	13.56000042	2.089000225	2	294.1377	47.0503389
KIC 10081050	5120	151	3.108	0.008	-0.32	0.3	1.13	0.07	4.92	0.1	13.52099991	0.605999947	2	294.15005	47.0281789
KIC 10081598	5319	162	3.081	0.01	-0.56	0.3	1.13	0.09	5.08	0.15	18.54547	2.707667544	1	294.36313	47.0163381
KIC 10083666	5314	162	3.068	0.008	-0.2	0.3	1.86	0.12	6.61	0.15	22.02799988	0.932499886	2	295.09216	47.09359
KIC 10083995	5086	149	2.982	0.008	-0.45	0.3	1.25	0.08	5.98	0.13	19.07999992	0.802499771	2	295.20837	47.0242
KIC 10087271	4814	168	2.61	0.012	-0.38	0.3	1.28	0.12	9.3	0.31	5.504899979	0.246949911	2	296.31137	47.0928919
KIC 10087432	4789	146	2.731	0.009	0.35	0.3	1.34	0.09	8.27	0.19	22.83399963	1.184500694	2	296.36676	47.0638311
KIC 10088276	4796	151	2.332	0.011	0.07	0.3	1.38	0.11	13.28	0.36	54.76900101	4.282999039	2	296.64166	47.0526311
KIC 10088999	5044	190	2.923	0.01	0.38	0.3	1.37	0.1	6.71	0.16	26.16591	4.48660975	1	296.85992	47.0451811
KIC 10089702	5152	168	3.002	0.009	0.28	0.3	1.37	0.09	6.11	0.14	23.61437	3.530390434	1	297.06708	47.0472111
KIC 10092567	5256	160	3.256	0.009	-0.31	0.3	1.28	0.08	4.42	0.1	13.38617	1.878475184	1	297.86108	47.0350911
KIC 10095141	5132	163	3.225	0.009	-0.06	0.3	1.09	0.07	4.21	0.1	9.924200058	0.337450027	2	298.61887	47.0287819
KIC 10097120	5112	161	3.211	0.008	-0.03	0.3	1.37	0.09	4.81	0.11	14.18548	2.054718348	1	299.14542	47.0698811
KIC 10097375	4934	172	2.846	0.01	0.02	0.3	1.52	0.11	7.72	0.19	2.940299988	0.167199969	2	299.2272	47.0121311
KIC 10118929	4954	142	2.538	0.009	-0.09	0.3	1.88	0.13	12.22	0.29	60.52000046	0.63999939	2	281.12134	47.1376689
KIC 10120721	5322	160	3.244	0.009	-0.61	0.3	1.22	0.08	4.36	0.1	13.69188	1.903286417	1	282.28455	47.1777
KIC 10122250	5065	154	3.129	0.008	0.14	0.3	1.46	0.09	5.45	0.12	13.10200024	0.510499954	2	283.18158	47.1381111
KIC 10123348	5110	152	3.003	0.008	-0.08	0.3	1.38	0.08	6.12	0.13	14.79399967	0.738500118	2	283.7883	47.1614111
KIC 10129093	5226	182	3.055	0.017	-0.38	0.3	1.82	0.27	6.63	0.41	29.55699921	1.191500664	2	286.64795	47.1605719
KIC 10131515	4993	147	2.936	0.008	-0.57	0.3	1.11	0.07	5.95	0.13	16.14299965	0.946000099	2	287.8663	47.1542019
KIC 10132814	5224	205	2.96	0.01	0.21	0.3	1.62	0.12	6.99	0.18	32.67063	5.861183482	1	288.47205	47.1805919
KIC 10135555	4985	174	2.577	0.01	-0.54	0.3	1.18	0.09	9.24	0.24	7.993299961	0.239099741	2	289.69955	47.1952289
KIC 10136293	4987	150	2.354	0.009	-0.22	0.3	1.22	0.08	12.15	0.3	55.63800049	4.173500061	2	289.95865	47.1242219
KIC 10136923	5121	149	3.282	0.009	-0.29	0.3	1.15	0.07	4.05	0.09	7.890900135	0.292300224	2	290.21899	47.1173211
KIC 10139552	5218	158	3.045	0.009	-0.17	0.3	1.75	0.11	6.59	0.15	28.90531	4.039965493	1	291.23907	47.1130411
KIC 10145736	5173	159	3.212	0.008	0.07	0.3	1.82	0.11	5.53	0.12	13.82199955	0.728999615	2	293.60858	47.1969111
KIC 10146628	4877	147	2.659	0.011	-0.18	0.3	1.12	0.09	8.21	0.23	35.13499832	2.32749939	2	293.94278	47.1143611
KIC 10146729	4871	153	2.78	0.009	0.24	0.3	1.49	0.1	8.22	0.2	21.95599937	1.298000336	2	293.98212	47.12669
KIC 10148531	5085	165	2.622	0.009	0.02	0.3	1.61	0.11	10.25	0.25	35.1230011	2.383001328	2	294.60016	47.1408881
KIC 10148629	5138	160	2.886	0.009	-0.12	0.3	1.46	0.09	7.22	0.17	32.61680	4.692700217	1	294.63181	47.1198619
KIC 10149173	4799	152	2.796	0.01	0.48	0.3	1.34	0.09	7.67	0.19	28.01459	4.117359977	1	294.81488	47.1059911
KIC 10149324	4915	150	3.103	0.008	0.35	0.3	1.38	0.08	5.46	0.12	9.617400169	0.326849937	2	294.86774	47.1582489
KIC 10153161	5210	153	3.035	0.008	-0.58	0.3	1.19	0.07	5.5	0.12	12.81999969	1.554500103	2	296.13666	47.1633489
KIC 10153739	5083	100	2.916	0.008	0.23	0.15	2.32	0.13	8.79	0.18	46.30722	4.445130753	1	296.30554	47.1109889
KIC 10154453	4935	152	2.642	0.009	-0.02	0.3	1.29	0.09	8.97	0.21	42.84736	6.100516707	1	296.51468	47.1228981
KIC 10155232	5065	159	3.089	0.009	-0.06	0.3	1.42	0.09	5.63	0.13	22.66500092	3.115499496	2	296.74582	47.1308519
KIC 10155607	5014	154	2.95	0.008	0.15	0.3	1.29	0.08	6.29	0.14	22.45066	3.169810191	1	296.85965	47.17836
KIC 10156591	4966	150	2.613	0.009	-0.32	0.3	1.24	0.08	9.09	0.21	33.00500107	2.521500587	2	297.15216	47.13168
KIC 10185703	5059	148	2.588	0.009	-0.45	0.3	1.19	0.08	9.19	0.21	49.66841	6.737154802	1	280.58682	47.2066119
KIC 10186606	5080	155	2.674	0.01	-0.04	0.3	1.49	0.11	9.31	0.24	51.82565	7.412370399	1	281.20456	47.2478789
KIC 10192691	5052	154	2.886	0.008	-0.03	0.3	1.36	0.08	6.97	0.16	18.49500084	1.085000038	2	284.71533	47.2468911
KIC 10195741	4956	148	2.469	0.01	-0.05	0.3	1.52	0.11	11.9	0.32	62.52199936	4.095998764	2	286.25708	47.2523919
KIC 10196240	4841	100	2.461	0.009	0.11	0.15	1.32	0.09	11.2	0.28	61.85387	6.447117461	1	286.52658	47.2915611
KIC 10197939	4981	144	2.819	0.008	-0.21	0.3	1.23	0.07	7.14	0.16	22.75600052	0.963999748	2	287.39767	47.2819789
KIC 10198496	4979	100	3.29	0.006	0.31	0.15	1.24	0.06	4.18	0.08	9.64077	0.928482926	1	287.70114	47.2594111
KIC 10198947	5144	151	3.292	0.012	-0.44	0.3	1.13	0.1	3.97	0.12	9.90776	1.4100849	1	287.92981	47.2126011
KIC 10199289	4906	80	3.303	0.006	-0.07	0.15	1.09	0.05	3.86	0.07	7.890200138	0.082149982	2	288.10806	47.29031
KIC 10199406	5279	155	3.123	0.008	-0.26	0.3	1.45	0.09	5.46	0.12	14.19200039	0.424499989	2	288.17816	47.2920489
KIC 10199650	5111	158	2.976	0.008	0.03	0.3	1.47	0.09	6.53	0.15	17.40500069	0.598999977	2	288.31012	47.21769
KIC 10200728	4649	130	2.696	0.009	-0.02	0.3	1.19	0.08	8.11	0.19	12.54300022	1.138000011	2	288.83258	47.2290919
KIC 10200831	5043	149	2.853	0.008	-0.29	0.3	1.46	0.09	7.51	0.16	24.84600067	1.81799984	2	288.88245	47.29454
KIC 10202066	4971	150	2.662	0.01	-0.3	0.3	1.23	0.09	8.59	0.22	28.54999924	1.404999733	2	289.50409	47.2703089
KIC 10207427	5010	152	2.587	0.009	-0.22	0.3	1.28	0.09	9.52	0.23	40.89199829	3.723999023	2	291.68921	47.2705689
KIC 10208894	4982	151	2.571	0.01	-0.39	0.3	1.12	0.08	9.07	0.23	39.51699829	3.541000366	2	292.32233	47.2551119
KIC 10212725	5065	155	3.201	0.009	-0.03	0.3	1.48	0.1	5.05	0.12	15.06923	2.13721188	1	293.82611	47.2721711
KIC 10213594	4812	80	3.052	0.007	0.17	0.15	1.46	0.08	5.97	0.11	17.15701	1.418019155	1	294.13477	47.2563589
KIC 10216097	5323	180	3.088	0.012	0.18	0.3	2.58	0.22	7.59	0.23	24.61199951	1.43900013	2	295.01129	47.20488
KIC 10219630	5038	150	2.473	0.01	-0.27	0.3	1.42	0.1	11.45	0.29	48.68500137	4.308000565	2	296.19711	47.2849689
KIC 10220613	4774	80	2.496	0.01	0.28	0.15	2.52	0.19	14.85	0.42	102.84261	9.741824854	1	296.51541	47.23465
KIC 10220740	5251	176	2.484	0.011	-0.09	0.3	1.53	0.13	11.73	0.35	56.22100067	4.892499924	2	296.55728	47.2531319
KIC 10220835	5498	175	2.778	0.009	-0.63	0.3	1.22	0.08	7.49	0.17	46.02281	6.72459485	1	296.58701	47.2288089
KIC 10222470	4881	157	2.679	0.009	0.34	0.3	1.42	0.09	9.04	0.22	27.22599983	1.836999893	2	297.06461	47.2699581
KIC 10222511	4855	169	2.617	0.017	-0.12	0.3	1.46	0.25	9.84	0.72	48.29895	10.46396428	1	297.07321	47.228115
KIC 10222553	5085	160	3.006	0.01	0.11	0.3	1.56	0.11	6.49	0.17	16.31800079	0.734500408	2	297.08569	47.27317
KIC 10222658	5068	159	2.725	0.009	0.05	0.3	1.6	0.1	9.08	0.21	48.83247	7.057756488	1	297.11139	47.28046
KIC 10223257	4535	80	2.32	0.015	0.47	0.3	1.04	0.12	11.68	0.49	51.80663	6.085923264	1	297.29031	47.25346
KIC 10223473	5227	165	3.177	0.008	-0.29	0.3	1.29	0.08	4.84	0.11	15.69970	2.277179267	1	297.35156	47.2803919
KIC 10227251	5148	162	3.273	0.009	0	0.3	1.36	0.09	4.46	0.11	12.54337	1.831974186	1	298.38428	47.2246019
KIC 10229696	4797	151	2.976	0.008	-0.66	0.3	0.96	0.06	5.28	0.12	13.25370	1.917522845	1	299.01132	47.2846719
KIC 10253213	5272	158	3.234	0.011	-0.11	0.3	1.42	0.11	4.76	0.14	9.847499847	0.681650162	2	281.35217	47.3899119
KIC 10253286	5060	151	2.449	0.009	-0.12	0.3	1.26	0.09	11.09	0.27	72.38619	10.07445599	1	281.40158	47.3922689
KIC 10253969	5072	147	2.419	0.01	-0.31	0.3	1.23	0.09	11.33	0.3	76.27239	10.48555138	1	281.8653	47.3583111
KIC 10254480	5019	149	2.721	0.009	-0.26	0.3	1.18	0.08	7.83	0.19	34.86399841	2.543998718	2	282.15656	47.3887289
KIC 10255244	5046	149	2.551	0.009	-0.53	0.3	1.22	0.08	9.72	0.24	35.91799927	3.518499374	2	282.58365	47.3765911
KIC 10256448	5194	158	2.854	0.009	-0.1	0.3	1.75	0.12	8.2	0.19	28.38800049	1.229000092	2	283.24023	47.3909989
KIC 10256927	5002	144	2.883	0.008	-0.37	0.3	1.19	0.07	6.54	0.14	24.03924	3.189340537	1	283.52396	47.3712311
KIC 10258584	5185	155	2.691	0.009	-0.26	0.3	1.42	0.09	8.92	0.21	34.64400101	2.81799984	2	284.46808	47.3681411
KIC 10259348	5186	151	3.044	0.009	-0.56	0.3	1.12	0.08	5.26	0.13	4.665800095	0.379349947	2	284.84494	47.3421711
KIC 10262627	4956	146	2.616	0.009	-0.25	0.3	1.23	0.08	9.04	0.22	33.27399826	2.529998779	2	286.5871	47.3829989
KIC 10262745	4822	80	2.578	0.01	-0.04	0.15	2.18	0.16	12.58	0.33	66.1780014	2.749498367	2	286.65555	47.3010789
KIC 10263598	5089	154	3.009	0.009	0	0.3	1.45	0.09	6.25	0.14	23.52233	3.279660646	1	287.09363	47.3713
KIC 10265054	5016	150	2.55	0.009	-0.29	0.3	1.41	0.09	10.45	0.24	62.06592	8.588588842	1	287.91629	47.32872
KIC 10265132	5025	151	2.654	0.009	-0.18	0.3	1.51	0.1	9.59	0.22	36.18500137	2.37100029	2	287.95956	47.3987689
KIC 10268454	5303	185	3.178	0.009	-0.32	0.3	1.24	0.09	4.75	0.12	11.53100014	0.695499897	2	289.5354	47.3095589
KIC 10271802	4922	149	2.363	0.01	-0.35	0.3	1.32	0.1	12.54	0.34	63.00400162	3.947000504	2	290.93219	47.3149681
KIC 10272966	5162	156	2.939	0.008	-0.21	0.3	1.41	0.09	6.67	0.15	18.52099991	0.601500511	2	291.40527	47.30294
KIC 10273787	4931	146	2.552	0.009	-0.28	0.3	1.38	0.09	10.29	0.25	40.29499817	2.614999771	2	291.75186	47.30283
KIC 10274280	5049	158	2.536	0.009	-0.27	0.3	1.49	0.1	10.91	0.27	44.6590004	3.151000977	2	291.94791	47.3017311
KIC 10274404	5082	156	2.542	0.01	-0.48	0.3	1.22	0.09	9.79	0.25	57.39771	8.241138491	1	291.99911	47.31068
KIC 10274445	4675	80	2.559	0.007	0.01	0.15	1.41	0.07	10.33	0.2	37.36899948	1.339500427	2	292.01846	47.3380011
KIC 10274503	5043	162	3.125	0.009	0.18	0.3	1.34	0.08	5.24	0.12	15.94443	2.351425552	1	292.04642	47.3577611
KIC 10279833	4986	154	2.615	0.009	-0.41	0.3	1.24	0.08	9.1	0.22	37.32799911	2.88699913	2	294.12711	47.3515211
KIC 10280271	4364	80	2.261	0.007	-0.19	0.15	0.94	0.06	11.87	0.27	45.88080	4.284580578	1	294.28018	47.3724211
KIC 10280750	5069	160	2.441	0.009	-0.3	0.3	1.63	0.11	12.75	0.33	55.55099869	3.229000092	2	294.45142	47.3058589
KIC 10280852	4955	154	2.732	0.009	-0.12	0.3	1.42	0.09	8.49	0.2	39.01041	5.603149504	1	294.48044	47.3953089
KIC 10284740	5080	157	2.696	0.009	-0.52	0.3	1.37	0.09	8.7	0.21	45.25680	6.487536713	1	295.88358	47.3658219
KIC 10285836	5083	154	2.976	0.008	-0.05	0.3	1.5	0.09	6.59	0.14	26.02806	3.611687586	1	296.25211	47.3042719
KIC 10286995	4918	152	2.827	0.009	0.18	0.3	1.41	0.09	7.59	0.17	18.23600006	1.00549984	2	296.61322	47.3965911
KIC 10287145	5063	149	3.042	0.008	-0.36	0.3	1.2	0.07	5.47	0.12	22.55900002	2.159500122	2	296.65903	47.3946689
KIC 10288010	5184	164	3.123	0.01	-0.21	0.3	1.66	0.12	5.86	0.14	22.26618	3.254521897	1	296.90683	47.3877111
KIC 10290882	5031	159	2.529	0.01	-0.22	0.3	1.47	0.1	10.9	0.27	46.0719986	3.233499527	2	297.71069	47.35096
KIC 10294424	4991	80	3.314	0.007	-0.06	0.15	1.14	0.06	3.89	0.08	7.795300007	0.143399954	2	298.68881	47.3129081
KIC 10295801	4749	150	2.595	0.009	-0.68	0.3	0.95	0.06	8.14	0.19	30.25854	4.404418436	1	299.05627	47.3821911
KIC 10321642	5312	160	2.942	0.008	-0.15	0.3	1.52	0.09	6.9	0.15	23.98600006	1.177999496	2	282.99786	47.4291989
KIC 10322133	5406	157	3.067	0.016	-0.55	0.3	1.36	0.17	5.64	0.26	9.121399879	0.484250069	2	283.30109	47.4457211
KIC 10322666	4744	143	2.91	0.008	0.53	0.3	1.39	0.08	6.84	0.15	17.57699966	0.926000595	2	283.60245	47.4904289
KIC 10322738	5145	157	2.766	0.008	-0.01	0.3	1.75	0.11	9.06	0.21	51.64026	7.283140789	1	283.63956	47.4382781
KIC 10323222	4706	94	2.576	0.008	0.06	0.15	1.43	0.09	10.2	0.22	38.92100143	0.190999985	2	283.88885	47.4407769
KIC 10324587	5202	158	2.838	0.009	-0.12	0.3	1.68	0.11	8.17	0.19	25.58600044	1.532000542	2	284.59009	47.4555211
KIC 10328894	5321	171	2.418	0.01	-1.45	0.3	1.17	0.09	11.08	0.29	88.35743	13.24856709	1	286.96091	47.49659
KIC 10329005	5034	148	2.898	0.008	-0.29	0.3	1.18	0.07	6.4	0.14	16.9090004	1.101500034	2	287.02112	47.4771119
KIC 10330052	5248	157	3.2	0.008	-0.52	0.3	1.15	0.07	4.46	0.1	9.863800049	0.296600342	2	287.62198	47.4809419
KIC 10331686	4962	80	3.281	0.006	-0.2	0.15	1.09	0.05	3.95	0.07	9.664099693	0.115200043	2	288.47595	47.4472389
KIC 10333149	4716	139	2.712	0.009	0.41	0.3	1.41	0.09	8.66	0.2	33.30592	4.553575077	1	289.1951	47.43718
KIC 10334594	4922	146	2.528	0.009	-0.21	0.3	1.22	0.08	9.98	0.24	52.48293	7.254056752	1	289.86688	47.48653
KIC 10337603	5452	178	3.078	0.009	-0.03	0.3	1.79	0.12	6.41	0.15	21.33399963	0.851499557	2	291.0881	47.4197389
KIC 10337734	5132	158	3.223	0.008	0.12	0.3	1.44	0.09	4.87	0.11	14.77049	2.093366443	1	291.13995	47.4281881
KIC 10339303	4805	142	2.86	0.008	-0.21	0.3	1.24	0.07	6.86	0.15	22.52228	3.066018913	1	291.7532	47.4868319
KIC 10339708	4863	146	2.611	0.01	-0.2	0.3	1.19	0.08	8.93	0.22	32.29299927	1.721500397	2	291.92038	47.4892011
KIC 10350825	4698	140	2.515	0.01	0.39	0.3	1.43	0.11	10.94	0.29	39.30699921	2.065498352	2	295.99704	47.42271
KIC 10350934	4804	80	2.447	0.018	0.08	0.15	1.59	0.21	12.5	0.55	77.26100159	2.481998444	2	296.03622	47.4266819
KIC 10351124	5151	157	3.076	0.008	-0.16	0.3	1.38	0.09	5.63	0.12	12.95300007	0.561999798	2	296.0961	47.4537089
KIC 10351142	5043	160	2.838	0.009	0.09	0.3	1.58	0.1	7.92	0.18	36.42477	5.307455243	1	296.10153	47.49509
KIC 10351268	4787	141	2.782	0.009	0.31	0.3	1.48	0.1	8.2	0.19	24.05999947	1.285499573	2	296.14224	47.4295619
KIC 10351353	4965	148	3.175	0.009	-1.43	0.3	0.88	0.06	4.03	0.09	12.63300037	0.674999714	2	296.17233	47.4451219
KIC 10351585	5282	157	2.902	0.008	-0.5	0.3	1.68	0.1	7.61	0.17	30.40800095	1.708499908	2	296.25729	47.4434811
KIC 10351898	5030	156	2.578	0.01	-0.15	0.3	1.59	0.11	10.72	0.28	38.35100174	2.417499542	2	296.36554	47.4216919
KIC 10352759	4895	155	2.671	0.009	0.18	0.3	1.4	0.09	9.06	0.22	25.69599915	1.54900074	2	296.63904	47.4916
KIC 10353366	4937	156	2.531	0.01	0.08	0.3	1.61	0.11	11.4	0.29	51.87599945	4.63299942	2	296.82449	47.42104
KIC 10353533	5244	167	2.605	0.011	-0.37	0.3	1.68	0.14	10.68	0.3	77.44329	11.64015218	1	296.86877	47.4143789
KIC 10353556	4887	80	3.291	0.006	0.03	0.15	1.1	0.05	3.93	0.07	7.90943	0.641431025	1	296.87338	47.4508211
KIC 10353660	4910	171	2.686	0.009	0.02	0.3	1.3	0.09	8.57	0.21	38.32465	6.126714997	1	296.90143	47.46833
KIC 10354144	5128	167	2.47	0.01	-0.44	0.3	1.51	0.11	11.84	0.32	64.83899689	5.454998016	2	297.04239	47.4477689
KIC 10354887	4925	158	2.956	0.01	0.28	0.3	1.46	0.1	6.66	0.16	23.42955	3.46987336	1	297.26828	47.4842611
KIC 10355090	5196	166	3.066	0.009	-0.02	0.3	1.73	0.11	6.38	0.15	26.63842	3.920559112	1	297.3288	47.4953119
KIC 10355786	5221	182	2.74	0.01	0.17	0.3	1.48	0.1	8.6	0.21	49.34035	7.891535467	1	297.54117	47.4270519
KIC 10355989	4982	156	2.805	0.009	0.04	0.3	1.42	0.09	7.8	0.18	21.44400024	1.076000214	2	297.5943	47.4450489
KIC 10357964	4980	152	2.788	0.008	-0.14	0.3	1.37	0.08	7.82	0.17	24.77300072	1.148499489	2	298.14142	47.42149
KIC 10358379	4784	147	2.478	0.012	0.12	0.3	1.36	0.11	11.12	0.32	58.15202	8.513962982	1	298.24469	47.45393
KIC 10358863	5199	153	3.271	0.008	-0.6	0.3	1.06	0.06	3.95	0.08	9.035300255	0.127550125	2	298.38501	47.4085081
KIC 10382554	4900	144	2.739	0.008	-0.17	0.3	1.21	0.07	7.77	0.17	23.55200005	0.672499657	2	280.11649	47.5698389
KIC 10382727	5010	146	3.214	0.008	-0.15	0.3	1.27	0.08	4.62	0.1	12.07328	1.621319924	1	280.23306	47.5746689
KIC 10384543	4928	144	2.687	0.008	-0.21	0.3	1.26	0.08	8.42	0.19	28.72599983	1.259500504	2	281.47897	47.5466119
KIC 10384595	5213	154	2.662	0.008	-0.1	0.3	3.97	0.25	15.4	0.37	157.24718	21.65432591	1	281.51407	47.5076711
KIC 10384929	4982	146	2.88	0.008	-0.07	0.3	1.29	0.08	6.83	0.15	19.18799973	0.948500633	2	281.74982	47.50526
KIC 10387899	5234	152	3.281	0.008	-0.61	0.3	1.31	0.08	4.33	0.1	11.2130003	0.236499786	2	283.51923	47.55341
KIC 10387999	4922	145	2.877	0.008	0.12	0.3	1.3	0.08	6.88	0.15	24.94215	3.384790282	1	283.57162	47.5045389
KIC 10394143	5005	153	3.161	0.011	-0.97	0.3	1.06	0.1	4.47	0.17	11.25698	1.744007258	1	286.92303	47.5420111
KIC 10395653	4943	149	2.692	0.01	-0.1	0.3	1.28	0.09	8.46	0.21	27.77799988	1.992500305	2	287.76587	47.5316889
KIC 10396812	5119	156	2.586	0.009	-1.02	0.3	1.19	0.08	9.21	0.23	42.29399872	2.790500641	2	288.3533	47.5927511
KIC 10396863	5128	155	2.619	0.01	-0.17	0.3	1.47	0.1	9.84	0.24	40.88100052	2.944000244	2	288.3793	47.5142589
KIC 10397623	5008	149	2.762	0.008	-0.05	0.3	1.4	0.09	8.14	0.18	28.44000053	1.529500008	2	288.77344	47.59454
KIC 10397849	5059	152	2.867	0.009	-0.26	0.3	1.29	0.08	6.94	0.16	19.91500092	0.897500038	2	288.88742	47.5732919
KIC 10402468	4838	145	2.67	0.009	0.13	0.3	1.34	0.09	8.86	0.2	38.61192	5.342420074	1	290.91534	47.5045889
KIC 10403716	5288	165	3.012	0.009	-0.18	0.3	1.88	0.12	7.08	0.16	35.19029	5.048023715	1	291.4267	47.5151289
KIC 10404656	4486	80	2.248	0.011	-0.1	0.15	1.11	0.09	13.13	0.41	62.68405	6.402309615	1	291.8064	47.5728419
KIC 10405436	5274	155	3.268	0.009	-0.52	0.3	1.53	0.1	4.76	0.11	20.86599922	1.223499298	2	292.11255	47.5184289
KIC 10411448	4901	151	2.605	0.01	-0.02	0.3	1.44	0.1	9.89	0.24	50.66662	7.248187071	1	294.47147	47.5467411
KIC 10416004	5149	166	3.13	0.009	0.15	0.3	2.05	0.14	6.46	0.16	22.26300049	1.661499977	2	296.11145	47.58046
KIC 10417492	5226	164	2.787	0.008	-0.7	0.3	1.46	0.09	8.09	0.18	43.82937	6.309031242	1	296.58688	47.53685
KIC 10419312	4999	155	2.892	0.008	-0.05	0.3	1.34	0.08	6.86	0.15	26.38586	3.750078763	1	297.11157	47.5346911
KIC 10419682	5048	155	2.985	0.008	-0.4	0.3	1.18	0.07	5.78	0.13	14.48700047	0.965499878	2	297.21991	47.5429311
KIC 10421840	5012	152	3	0.009	-0.22	0.3	1.67	0.11	6.76	0.15	20.57099915	0.988500595	2	297.79544	47.54562
KIC 10423340	4877	80	3.278	0.006	-0.86	0.15	0.76	0.04	3.31	0.06	5.56490	0.453739598	1	298.21606	47.5450289
KIC 10448033	5097	151	2.884	0.008	-0.26	0.3	1.26	0.08	6.73	0.15	20.47100067	0.719499588	2	280.56818	47.6282081
KIC 10448558	5189	154	2.965	0.008	-0.56	0.3	1.21	0.07	6.01	0.13	23.51117	3.208803199	1	280.94086	47.6019289
KIC 10448738	5116	154	2.827	0.009	-0.12	0.3	1.4	0.09	7.55	0.17	36.81000137	2.929000854	2	281.03271	47.67392
KIC 10449431	5316	160	3.207	0.009	-0.12	0.3	1.7	0.11	5.37	0.13	20.67659	2.896969031	1	281.47433	47.6739389
KIC 10450755	5040	144	3.159	0.008	-0.4	0.3	1.23	0.1	4.84	0.16	13.57074	1.928622	1	282.28601	47.6649819
KIC 10452574	5119	179	3.1	0.009	-0.04	0.3	1.43	0.1	5.59	0.13	17.61800003	0.790500641	2	283.35843	47.6739919
KIC 10452960	5356	164	3.202	0.009	-0.18	0.3	1.58	0.1	5.23	0.12	13.38700008	0.427000046	2	283.56436	47.61446
KIC 10456555	4835	138	2.646	0.011	0.26	0.3	2.67	0.22	12.86	0.37	53.70100021	0.574998856	2	285.43307	47.6649019
KIC 10459798	5058	151	2.542	0.008	-0.33	0.3	1.41	0.09	10.53	0.24	65.15722	8.994447489	1	287.13922	47.6615181
KIC 10460020	5054	148	2.526	0.009	-0.52	0.3	1.23	0.08	10.05	0.23	49.35499954	4.005001068	2	287.25677	47.6906589
KIC 10460225	5159	159	3.062	0.009	-0.01	0.3	1.58	0.1	6.13	0.14	15.8380003	0.795000076	2	287.36829	47.6974111
KIC 10462915	5074	177	3.104	0.01	-0.55	0.3	1.16	0.09	5	0.14	8.25909996	1.090650082	2	288.71082	47.6780011
KIC 10463605	5038	162	2.628	0.011	-0.07	0.3	1.39	0.11	9.47	0.27	31.94400024	2.251000404	2	289.05685	47.6730919
KIC 10464258	5179	162	3.239	0.009	-0.06	0.3	1.35	0.09	4.62	0.11	9.888799667	0.442800045	2	289.34775	47.6738281
KIC 10468139	5051	157	3.119	0.008	-0.04	0.3	1.39	0.09	5.38	0.12	11.36900043	0.511499882	2	290.95468	47.62508
KIC 10468225	4935	149	2.972	0.01	-0.1	0.3	1.32	0.1	6.21	0.16	20.53631	2.910496271	1	290.98419	47.60165
KIC 10471973	5431	190	3.268	0.01	-0.26	0.3	1.34	0.1	4.45	0.12	15.46784	2.510062683	1	292.53922	47.6855089
KIC 10472091	5464	178	3.235	0.009	-0.32	0.3	1.75	0.12	5.29	0.12	13.70100021	0.385000229	2	292.58862	47.6788789
KIC 10472755	5101	157	3.025	0.008	-0.39	0.3	1.17	0.07	5.5	0.12	14.04300022	0.475500107	2	292.86432	47.6629911
KIC 10480567	5016	146	2.893	0.008	-0.4	0.3	1.14	0.07	6.34	0.13	22.11300087	0.951499939	2	295.67218	47.6486819
KIC 10481251	5080	155	3.166	0.009	-0.02	0.3	1.55	0.1	5.37	0.12	17.24225	2.421150115	1	295.90891	47.6301919
KIC 10482211	5064	158	3.305	0.008	0.29	0.3	1.47	0.09	4.47	0.1	7.707600117	0.20539999	2	296.24716	47.6130789
KIC 10483606	4920	154	2.684	0.009	0.14	0.3	1.68	0.11	9.75	0.23	50.01038	7.229764785	1	296.67062	47.6883089
KIC 10487973	4930	149	2.695	0.01	-0.28	0.3	1.24	0.09	8.3	0.21	36.53713	5.169087932	1	297.90845	47.69886
KIC 10489998	5012	162	2.685	0.011	-0.25	0.3	1.3	0.1	8.59	0.24	37.27600098	2.369501114	2	298.49466	47.6391411
KIC 10492412	4803	147	3.073	0.008	0.09	0.3	1.18	0.07	5.24	0.11	13.11908	1.83495066	1	299.13809	47.69408
KIC 10513061	4926	143	2.524	0.009	-0.04	0.3	1.43	0.1	10.85	0.26	62.23399	8.438239006	1	280.2934	47.7336389
KIC 10513080	4954	147	3.008	0.008	0.01	0.3	1.38	0.08	6.1	0.13	20.12214	2.741301203	1	280.30396	47.7232019
KIC 10513120	4868	141	2.707	0.009	-0.07	0.3	1.22	0.08	8.09	0.18	32.99817	4.422101437	1	280.33444	47.7165181
KIC 10515929	5032	149	2.474	0.01	-0.46	0.3	1.19	0.09	10.48	0.27	51.83000183	3.359998703	2	282.28806	47.7664789
KIC 10517360	5192	157	3.216	0.008	-0.05	0.3	1.43	0.09	4.89	0.11	15.60080	2.174806268	1	283.15164	47.7050211
KIC 10521711	5105	153	3.061	0.008	0.03	0.3	1.5	0.09	5.97	0.13	14.36299992	0.37899971	2	285.517	47.7083019
KIC 10524770	5066	150	2.378	0.009	-0.5	0.3	2.03	0.14	15.27	0.4	106	12.0625	2	287.20752	47.7189219
KIC 10524894	5167	155	2.968	0.008	-0.11	0.3	1.32	0.08	6.23	0.13	24.83822	3.409444833	1	287.2753	47.76944
KIC 10525159	5072	151	2.64	0.009	-0.42	0.3	1.29	0.08	9.01	0.21	48.23442	6.660740714	1	287.42435	47.7151411
KIC 10525657	4993	149	2.41	0.009	-0.43	0.3	1.23	0.08	11.45	0.28	50.31800079	3.915498734	2	287.68246	47.7289511
KIC 10526837	4991	148	2.626	0.009	-0.08	0.3	1.32	0.09	9.26	0.22	38.54299927	2.451499939	2	288.27194	47.7085189
KIC 10528917	5080	155	2.804	0.008	-0.07	0.3	1.35	0.08	7.63	0.17	34.80923	4.886264784	1	289.28265	47.7827681
KIC 10529104	5064	151	2.578	0.009	-0.15	0.3	1.43	0.09	10.18	0.24	34.31999969	1.86000061	2	289.37323	47.7757419
KIC 10534340	5211	182	3.069	0.01	-0.3	0.3	1.51	0.11	5.94	0.16	16.3010006	0.652500153	2	291.57794	47.7153431
KIC 10546010	5357	170	2.973	0.009	-0.63	0.3	1.17	0.07	5.85	0.13	25.30398	3.678940005	1	296.00919	47.7822911
KIC 10546245	5315	158	3.27	0.01	-0.68	0.3	1.04	0.08	3.92	0.1	10.41800022	0.806799889	2	296.0889	47.75631
KIC 10547735	5072	157	2.583	0.01	-0.07	0.3	1.53	0.11	10.48	0.26	65.25745	9.40094697	1	296.59311	47.75882
KIC 10548319	5031	80	3.276	0.006	-0.16	0.15	1.49	0.07	4.65	0.08	14.21899986	0.31799984	2	296.77414	47.7321889
KIC 10549567	5166	152	3.162	0.008	-0.42	0.3	1.16	0.07	4.67	0.1	11.59000015	0.34100008	2	297.11722	47.7741889
KIC 10551265	4973	150	2.63	0.009	-0.06	0.3	1.63	0.11	10.22	0.24	35.93799973	2.760499954	2	297.5936	47.72707
KIC 10552382	5013	160	2.511	0.01	-0.06	0.3	1.48	0.11	11.19	0.3	34.64199829	2.467498779	2	297.90543	47.7445181
KIC 10553204	5009	156	2.646	0.009	-0.22	0.3	1.33	0.09	9.09	0.22	36.09799957	2.520500183	2	298.14383	47.7632789
KIC 10553815	5228	168	3.179	0.014	-0.37	0.3	1.83	0.18	5.77	0.19	17.30800056	0.818499565	2	298.32272	47.7886581
KIC 10553939	5000	161	2.63	0.009	-0.16	0.3	1.36	0.09	9.34	0.23	36.55899811	2.627000809	2	298.36142	47.7519681
KIC 10553971	5045	164	2.577	0.01	-0.56	0.3	1.27	0.09	9.59	0.24	47.36000061	3.841501236	2	298.37317	47.7363819
KIC 10555373	5122	165	3.115	0.009	-0.31	0.3	1.46	0.1	5.54	0.14	18.96568	2.836643988	1	298.77277	47.74213
KIC 10580260	5148	151	3.107	0.008	-0.26	0.3	1.29	0.08	5.26	0.13	12.47700024	0.636500359	2	282.05667	47.8222389
KIC 10581491	4850	80	3.275	0.006	0.15	0.15	1.15	0.05	4.09	0.07	8.31006	0.672091756	1	282.7923	47.80389
KIC 10583963	5000	175	3.035	0.01	-0.12	0.3	1.45	0.1	6.05	0.15	16.67700005	0.794500351	2	284.21063	47.8895681
KIC 10585937	4963	147	2.663	0.009	-0.14	0.3	1.31	0.08	8.84	0.21	29.4109993	2.388000488	2	285.27347	47.8510889
KIC 10587201	5259	162	3.219	0.008	0.18	0.3	1.5	0.09	4.99	0.11	17.10032	2.418209008	1	285.93274	47.8487889
KIC 10590005	4925	151	2.93	0.009	0.26	0.3	1.46	0.09	6.85	0.16	24.78544	3.513629286	1	287.45737	47.80164
KIC 10590582	5113	157	2.692	0.009	-0.12	0.3	1.55	0.1	9.31	0.22	32.74499893	1.597499847	2	287.76614	47.8842389
KIC 10591169	5161	161	3.27	0.013	0.17	0.3	1.44	0.13	4.6	0.14	9.338500023	0.275700092	2	288.07321	47.80611
KIC 10591886	5343	163	2.905	0.009	-0.39	0.3	1.54	0.1	7.24	0.17	26.56900024	1.842000008	2	288.43265	47.8824811
KIC 10592924	5077	100	2.64	0.008	-0.38	0.15	1.5	0.09	9.72	0.21	56.35750	5.476962048	1	288.9039	47.8919111
KIC 10593799	5178	160	3.149	0.008	0.1	0.3	1.52	0.09	5.43	0.12	19.02998	2.69934697	1	289.27924	47.8087011
KIC 10597164	5445	184	3.284	0.009	0.07	0.3	1.43	0.1	4.51	0.11	11.1260004	0.604499817	2	290.67877	47.8452611
KIC 10599977	4922	149	3.185	0.008	0.36	0.3	1.32	0.08	4.87	0.11	12.49726	1.744712932	1	291.86896	47.8415719
KIC 10600127	4850	148	2.412	0.011	-1	0.3	1.06	0.08	10.63	0.29	60.92200089	4.497999191	2	291.92172	47.8948289
KIC 10604509	5224	171	2.837	0.009	-0.45	0.3	1.32	0.09	7.25	0.17	18.21999931	6.122499943	2	293.68011	47.8450889
KIC 10604605	5157	163	2.584	0.01	-0.38	0.3	1.46	0.11	10.21	0.27	44.29399872	2.02699852	2	293.71497	47.8069111
KIC 10604941	4776	143	2.683	0.009	0.07	0.3	1.3	0.08	8.6	0.2	26.31900024	1.545499802	2	293.83908	47.8728411
KIC 10611256	4686	143	2.411	0.01	0.33	0.3	1.28	0.09	11.68	0.29	39.23699951	3.295000076	2	296.06369	47.8460811
KIC 10611320	5018	158	2.417	0.01	-0.36	0.3	1.37	0.1	11.99	0.32	56.32400131	4.434999466	2	296.0856	47.8084111
KIC 10613561	5104	154	3.183	0.008	-0.01	0.3	1.24	0.08	4.72	0.12	13.57429	1.918970709	1	296.78488	47.8122219
KIC 10613739	5059	160	2.505	0.01	-0.08	0.3	2.3	0.17	14.04	0.38	54.2140007	4.485500336	2	296.83527	47.83176
KIC 10613792	5026	149	2.532	0.01	-0.2	0.3	1.22	0.09	9.92	0.25	23.89299965	4.103499413	2	296.8537	47.8917881
KIC 10614452	5196	162	2.715	0.009	-0.6	0.3	1.23	0.08	8.08	0.19	36.50699997	2.545999527	2	297.05893	47.8089711
KIC 10614466	4884	150	2.639	0.01	0.15	0.3	1.5	0.11	9.7	0.25	48.06585	6.913454549	1	297.06207	47.8028911
KIC 10614613	4877	170	2.769	0.013	-0.08	0.3	1.43	0.19	8.19	0.46	34.06978	6.554154744	1	297.10587	47.8886339
KIC 10616922	5039	161	2.844	0.009	-0.02	0.3	1.42	0.09	7.46	0.17	32.21407	4.725162195	1	297.76251	47.8703611
KIC 10619398	5050	165	2.611	0.01	-0.18	0.3	1.71	0.13	10.7	0.28	43.61000061	2.142999649	2	298.44855	47.8475189
KIC 10643786	5113	149	3.225	0.009	-0.41	0.3	1.07	0.07	4.19	0.1	9.301600456	0.259150028	2	280.62448	47.9010011
KIC 10647393	5028	152	3.25	0.009	0.11	0.3	1.28	0.08	4.45	0.1	11.36296	1.583468839	1	282.88437	47.96389
KIC 10651398	5068	100	2.304	0.013	-0.7	0.15	0.91	0.25	11.11	1.48	73.10803	21.9979513	1	285.13773	47.9179
KIC 10651991	5008	151	2.418	0.01	-0.05	0.3	1.31	0.09	11.69	0.3	54.36700058	1.989999771	2	285.45572	47.9325411
KIC 10656607	5116	150	3.017	0.009	-0.54	0.3	1.1	0.07	5.39	0.13	7.695300102	0.396999836	2	288.01852	47.9185711
KIC 10657478	5054	152	2.571	0.008	-0.33	0.3	1.25	0.08	9.6	0.22	42.76699829	2.48900032	2	288.40463	47.98893
KIC 10658699	5017	159	2.92	0.009	0.12	0.3	1.43	0.09	6.87	0.16	26.84605	3.918527609	1	288.95679	47.9073489
KIC 10658735	5173	181	3.287	0.012	0.04	0.3	1.57	0.13	4.72	0.13	11.38500023	0.276000023	2	288.97247	47.9967461
KIC 10661761	5384	165	2.986	0.01	-0.47	0.3	1.69	0.12	6.93	0.17	36.23074	5.166143953	1	290.29147	47.9290011
KIC 10662335	5103	158	2.797	0.01	-0.16	0.3	2.21	0.16	9.84	0.25	58.94989	8.521542105	1	290.5199	47.90369
KIC 10665546	4794	142	2.739	0.012	-0.26	0.3	1.22	0.26	7.82	0.8	28.99988	7.359676855	1	291.82773	47.9941219
KIC 10665707	4899	144	3.171	0.008	0.13	0.3	1.23	0.08	4.77	0.12	11.76676	1.623976323	1	291.88876	47.90406
KIC 10666682	5195	159	2.925	0.009	-0.25	0.3	1.64	0.1	7.32	0.16	23.49200058	1.074999809	2	292.2854	47.9702189
KIC 10667545	5103	159	2.918	0.009	-0.09	0.3	1.46	0.09	6.96	0.16	29.49248	4.233424509	1	292.62665	47.9847911
KIC 10670028	4977	150	2.598	0.01	-0.33	0.3	1.35	0.09	9.67	0.24	35.7859993	2.489500046	2	293.63763	47.9033389
KIC 10670835	4857	80	2.524	0.007	-0.65	0.15	1.05	0.06	9.28	0.19	34.90399933	2.444499969	2	293.94885	47.94125
KIC 10670923	4898	154	2.614	0.01	0.1	0.3	1.39	0.1	9.64	0.25	48.01973	7.055032815	1	293.98312	47.9443819
KIC 10675600	4748	142	2.309	0.009	-0.31	0.3	1.09	0.07	12.13	0.3	58.64400101	5.082000732	2	295.71735	47.9887081
KIC 10675916	5072	150	3.348	0.017	0.03	0.3	1.61	0.19	4.46	0.18	11.81890	1.818795458	1	295.8269	47.90596
KIC 10677371	5178	160	3.006	0.009	-0.34	0.3	1.51	0.09	6.39	0.14	19.06100082	1.256500244	2	296.27875	47.9885789
KIC 10677637	5118	158	3.215	0.008	0.07	0.3	1.54	0.1	5.07	0.11	15.83462	2.239796904	1	296.3663	47.9462319
KIC 10678049	5055	167	2.81	0.009	0	0.3	1.47	0.1	7.91	0.19	36.67990	5.577283173	1	296.50043	47.97509
KIC 10678691	4934	150	2.609	0.009	-0.09	0.3	1.66	0.11	10.6	0.24	59.78591	8.380610575	1	296.69177	47.9624711
KIC 10679097	5191	160	2.924	0.009	-0.16	0.3	1.71	0.11	7.47	0.17	25.52199936	1.843999863	2	296.80643	47.9601211
KIC 10679672	5147	155	3.172	0.008	-0.33	0.3	1.25	0.08	4.81	0.1	10.58100033	0.355000019	2	296.9895	47.9115911
KIC 10680264	5006	149	2.834	0.009	-0.14	0.3	1.31	0.08	7.26	0.16	20.08200073	1.069000244	2	297.1618	47.9267689
KIC 10680268	5122	156	2.75	0.009	-0.23	0.3	1.45	0.1	8.42	0.2	43.80998	6.187060731	1	297.16251	47.9291111
KIC 10680596	5279	167	3.166	0.009	-0.03	0.3	1.48	0.09	5.27	0.12	11.47700024	0.770499706	2	297.2561	47.9140819
KIC 10684749	5080	161	3.144	0.009	-0.1	0.3	1.16	0.08	4.78	0.12	8.122900009	0.410150051	2	298.45065	47.93251
KIC 10685068	5232	168	3.104	0.01	-0.27	0.3	1.6	0.12	5.88	0.16	17.30900002	0.75150013	2	298.54425	47.95908
KIC 10709102	4925	145	2.578	0.009	-0.16	0.3	1.39	0.09	10.05	0.25	36.58499908	2.063499451	2	281.0329	48.04953
KIC 10712314	5070	151	2.974	0.009	0.02	0.3	1.69	0.11	7.02	0.16	20.36300087	0.955500603	2	282.82074	48.03146
KIC 10713440	5033	176	2.941	0.009	-0.2	0.3	1.13	0.08	5.95	0.14	20.19599915	1.039999962	2	283.44806	48.0184819
KIC 10716676	4855	143	2.548	0.01	-0.01	0.3	1.35	0.1	10.22	0.27	31.95400047	3.895499229	2	285.17676	48.0752111
KIC 10716772	4917	149	2.626	0.008	0.08	0.3	1.47	0.09	9.77	0.22	33.5929985	2.296999931	2	285.23471	48.0681689
KIC 10724793	5449	161	3.156	0.008	-0.23	0.3	1.96	0.12	6.13	0.14	16.84900093	0.652500153	2	289.25864	48.0177689
KIC 10728519	5383	163	2.862	0.008	-0.55	0.3	1.15	0.07	6.59	0.15	29.26099968	1.263999939	2	290.79666	48.0596889
KIC 10728666	4966	147	3.061	0.008	-0.89	0.3	1.02	0.06	4.93	0.11	13.68599987	1.741000175	2	290.85385	48.04668
KIC 10732952	5196	161	3.134	0.008	-0.16	0.3	1.22	0.07	4.95	0.11	11.38700008	0.40500021	2	292.53067	48.0991211
KIC 10733661	5376	165	3.148	0.008	-0.57	0.3	1.13	0.07	4.7	0.11	14.81099987	0.625999928	2	292.81723	48.0927389
KIC 10734124	5186	160	3.299	0.009	0	0.3	1.42	0.09	4.43	0.1	8.809300423	0.256900311	2	293.01938	48.0302011
KIC 10734432	5154	145	3.292	0.01	-0.13	0.3	1.25	0.09	4.18	0.11	9.851499557	1.163100243	2	293.14072	48.0318719
KIC 10735276	4881	152	2.679	0.009	0.09	0.3	1.29	0.09	8.61	0.21	37.77740	5.458986797	1	293.4772	48.09304
KIC 10736301	5089	155	2.744	0.009	-0.22	0.3	1.73	0.12	9.23	0.23	29.40399933	1.280000687	2	293.88071	48.0444181
KIC 10737296	5298	165	3.169	0.011	0.02	0.3	1.82	0.15	5.81	0.16	17.62100029	0.652999878	2	294.23434	48.0841789
KIC 10741844	5038	154	2.537	0.009	-0.42	0.3	1.34	0.09	10.31	0.24	45.90999985	2.909999847	2	295.82657	48.07011
KIC 10743033	5088	150	2.881	0.01	-0.46	0.3	1.37	0.1	7.02	0.19	11.60700035	0.265999794	2	296.20099	48.0468411
KIC 10743977	5047	155	2.833	0.009	-0.22	0.3	1.3	0.08	7.25	0.16	19.12000084	0.962499619	2	296.50269	48.0367889
KIC 10744554	5031	80	3.24	0.007	0.01	0.15	1.54	0.08	4.94	0.1	12.73400021	0.84250021	2	296.68121	48.04874
KIC 10746265	5057	152	3.024	0.009	-0.11	0.3	1.36	0.09	5.94	0.14	14.4119997	0.738999844	2	297.14081	48.0761719
KIC 10751031	5002	155	2.799	0.009	-0.12	0.3	1.5	0.1	8.09	0.19	36.78429	5.26755783	1	298.40137	48.0453489
KIC 10751189	4808	146	2.568	0.009	-0.46	0.3	1.11	0.08	9.09	0.22	39.64388	5.597543284	1	298.43643	48.0547711
KIC 10751705	4661	147	2.822	0.009	0.52	0.3	1.45	0.09	7.75	0.18	25.45132	3.697600334	1	298.56384	48.0515519
KIC 10752913	4792	80	3.27	0.006	-0.21	0.15	0.93	0.04	3.7	0.06	8.036100388	0.050700188	2	298.85654	48.09317
KIC 10775621	5059	177	2.908	0.039	-0.16	0.3	0.97	0.38	5.75	0.96	19.44397	7.710888049	1	281.14346	48.1826711
KIC 10776997	5089	149	2.577	0.009	-0.36	0.3	1.24	0.08	9.48	0.22	38.36999893	2.240499496	2	281.89838	48.1439089
KIC 10777660	5078	158	3.173	0.01	0.17	0.3	1.53	0.11	5.31	0.13	16.83257	2.431713815	1	282.28244	48.1141889
KIC 10777735	5217	154	3.28	0.012	-0.21	0.3	1.3	0.11	4.33	0.13	11.38899994	0.395500183	2	282.31976	48.1794281
KIC 10777988	5001	148	3.059	0.008	-0.12	0.3	1.27	0.08	5.52	0.12	17.11182	2.330835683	1	282.45398	48.19622
KIC 10779177	5053	80	3.285	0.007	-0.17	0.15	1.3	0.07	4.3	0.08	9.886400223	0.166950226	2	283.08493	48.1961289
KIC 10782351	4921	145	3.063	0.008	0.33	0.3	1.3	0.08	5.56	0.12	16.27622	2.206609568	1	284.89658	48.17997
KIC 10784301	5335	159	3.244	0.008	-0.3	0.3	1.16	0.07	4.26	0.09	9.523400307	0.317399979	2	285.9743	48.1356581
KIC 10784342	5036	151	2.615	0.009	-0.42	0.3	1.14	0.08	8.69	0.21	43.60868	6.088353682	1	285.99707	48.1641389
KIC 10784759	5125	152	3.262	0.008	0.01	0.3	1.64	0.1	4.96	0.11	15.23805	2.084453125	1	286.22253	48.1815681
KIC 10790401	5235	161	3.119	0.008	-0.18	0.3	1.27	0.08	5.14	0.11	11.32199955	0.444000244	2	289.0275	48.13792
KIC 10792866	5229	162	3.002	0.008	-0.34	0.3	1.31	0.08	5.98	0.13	16.34300041	1.053500175	2	290.08347	48.1693919
KIC 10793771	4914	100	2.811	0.007	0.18	0.15	2.25	0.12	9.76	0.19	49.86901	4.868231925	1	290.41125	48.15041
KIC 10799729	5048	156	2.885	0.008	-0.07	0.3	1.38	0.09	7.03	0.16	28.81234	4.100803048	1	292.87469	48.17104
KIC 10801792	5139	151	3.223	0.008	-0.33	0.3	1.47	0.09	4.91	0.11	15.09621	2.050543245	1	293.69421	48.1634711
KIC 10802274	5192	154	3.253	0.013	-0.57	0.3	1.21	0.11	4.31	0.14	10.10700035	0.355750084	2	293.87967	48.16317
KIC 10803040	4736	80	3.058	0.006	0.09	0.15	1.18	0.06	5.32	0.09	12.78382	1.050472167	1	294.15207	48.1826289
KIC 10803138	5202	163	2.923	0.009	-0.56	0.3	1.51	0.1	7.03	0.16	27.08200073	1.891999245	2	294.1795	48.1489789
KIC 10803148	4903	149	2.32	0.01	-0.48	0.3	1.3	0.1	13.06	0.36	86.57099915	6.141998291	2	294.1821	48.1803281
KIC 10808648	4882	153	2.345	0.009	-0.63	0.3	1.11	0.08	11.73	0.29	70.17423	10.21512427	1	296.16156	48.1683689
KIC 10809296	5192	162	3.093	0.008	-0.1	0.3	1.37	0.09	5.51	0.12	14.5909996	0.595000267	2	296.36951	48.1440389
KIC 10809888	5067	154	3.012	0.009	-0.09	0.3	1.77	0.11	6.86	0.16	36.74300003	4.088499069	2	296.5499	48.1866611
KIC 10811787	5263	169	3.237	0.014	0.19	0.3	1.74	0.17	5.26	0.18	19.05880	2.990123182	1	297.08844	48.11718
KIC 10813235	4849	137	2.871	0.009	-0.24	0.3	1.27	0.09	6.86	0.17	5.841300011	0.534150124	2	297.4917	48.1236189
KIC 10816640	4939	155	2.75	0.009	0.03	0.3	1.36	0.09	8.14	0.19	23.75699997	1.484499931	2	298.43185	48.1507111
KIC 10817031	5314	172	3.226	0.009	-0.25	0.3	1.39	0.09	4.75	0.11	16.15340	2.401478347	1	298.5376	48.1346281
KIC 10818643	4988	157	3.256	0.011	0.21	0.3	1.29	0.1	4.43	0.13	10.90696	1.634824418	1	298.99011	48.1730919
KIC 10818765	5082	164	2.995	0.009	-0.38	0.3	1.26	0.08	5.91	0.14	20.91723	3.10915262	1	299.0289	48.1951481
KIC 10842929	5134	149	3.271	0.009	-1.04	0.3	0.89	0.06	3.63	0.09	9.283699989	0.312250137	2	282.07718	48.2714311
KIC 10844267	5048	154	2.885	0.009	-0.11	0.3	1.57	0.1	7.49	0.17	22.83300018	1.160499573	2	282.92072	48.2277981
KIC 10844674	4963	146	2.759	0.008	-0.2	0.3	1.29	0.08	7.84	0.18	33.48110	4.566404953	1	283.20135	48.2113
KIC 10844895	5105	151	2.91	0.008	-0.62	0.3	1.18	0.07	6.3	0.14	18.66500092	1.258500099	2	283.35013	48.2040211
KIC 10849509	5019	150	2.509	0.01	-0.58	0.3	1.12	0.08	9.76	0.24	54.26989	7.573272742	1	286.11319	48.2934419
KIC 10849824	5150	154	3.229	0.009	-0.06	0.3	1.34	0.09	4.67	0.11	13.77378	1.912001492	1	286.28052	48.2949911
KIC 10850084	5120	157	3.237	0.009	0.01	0.3	1.37	0.09	4.66	0.11	9.19699955	0.420550346	2	286.44724	48.2182619
KIC 10850440	4954	80	3.27	0.007	0.15	0.15	1.31	0.07	4.39	0.08	10.42182	0.841054598	1	286.65845	48.2710111
KIC 10853911	5424	165	3.219	0.008	-0.26	0.3	1.74	0.11	5.36	0.12	22.32538	3.127180492	1	288.44836	48.2016789
KIC 10854977	5216	161	3.187	0.008	-0.21	0.3	1.33	0.08	4.86	0.11	8.947099686	0.353600025	2	288.95117	48.2210389
KIC 10858719	5025	147	2.59	0.009	-0.57	0.3	1.1	0.07	8.81	0.2	44.93500137	2.790500641	2	290.69498	48.2986111
KIC 10862035	4930	144	2.651	0.01	-0.46	0.3	1.15	0.08	8.4	0.21	30.78100014	1.284998894	2	292.16486	48.2743419
KIC 10862184	5042	158	2.934	0.009	0.11	0.3	1.42	0.09	6.74	0.16	26.35856	3.81730786	1	292.23495	48.2548481
KIC 10862329	5242	161	3.024	0.008	-0.31	0.3	1.3	0.08	5.81	0.13	16.62100029	0.605499744	2	292.29886	48.29808
KIC 10862691	5298	163	3.125	0.011	-0.61	0.3	1.55	0.12	5.64	0.15	17.36499977	0.520000458	2	292.45941	48.2544289
KIC 10872707	4865	170	2.657	0.01	-0.27	0.3	1.22	0.09	8.59	0.22	31.89299965	1.840999603	2	296.19241	48.2102811
KIC 10873513	5118	163	3.06	0.009	-0.06	0.3	1.34	0.08	5.66	0.13	19.73443	2.888750731	1	296.47015	48.27808
KIC 10876635	5125	159	2.971	0.009	-0.18	0.3	1.51	0.1	6.64	0.16	27.30877	3.92713672	1	297.44757	48.2424581
KIC 10876892	5087	160	3.133	0.008	-0.16	0.3	1.39	0.09	5.29	0.12	16.82476	2.43190803	1	297.52463	48.2696111
KIC 10878028	5243	161	3.223	0.01	-0.49	0.3	1.47	0.1	4.91	0.12	14.53199959	0.723999977	2	297.88824	48.21946
KIC 10878693	5056	155	2.759	0.009	-0.36	0.3	1.54	0.1	8.58	0.21	33.50099945	1.73000145	2	298.10422	48.21196
KIC 10880639	5029	146	3.25	0.01	-0.65	0.3	0.84	0.06	3.61	0.09	8.682499886	0.19715023	2	298.70367	48.2577289
KIC 10903871	5097	150	2.918	0.008	-0.26	0.3	1.4	0.08	6.82	0.15	19.99399948	0.723999977	2	282.2569	48.3615911
KIC 10905697	5034	152	3.121	0.008	0.05	0.3	1.4	0.08	5.38	0.12	16.68814	2.321070247	1	283.59656	48.3179589
KIC 10907199	5215	156	3.176	0.009	-0.08	0.3	1.26	0.09	4.81	0.12	9.095499992	0.833300114	2	284.66	48.3300019
KIC 10907945	5300	151	3.31	0.009	-0.48	0.3	1.12	0.09	3.88	0.12	10.66492	1.489425878	1	285.14752	48.3372919
KIC 10909816	5209	159	3.104	0.008	0.04	0.3	1.65	0.1	5.97	0.13	14.10400009	0.532999992	2	286.30161	48.3375889
KIC 10914450	5027	151	2.702	0.01	-0.19	0.3	1.23	0.09	8.18	0.21	25.32500076	1.473500252	2	289.01761	48.3771711
KIC 10916533	5045	156	2.764	0.01	-0.38	0.3	1.44	0.11	8.24	0.21	29.3920002	1.777500153	2	289.98373	48.3717381
KIC 10916701	4880	146	2.433	0.008	-0.04	0.3	1.34	0.09	11.64	0.27	68.98835	9.56217945	1	290.07831	48.36319
KIC 10917124	4976	174	3.212	0.01	-0.32	0.3	1.08	0.07	4.26	0.11	10.43799973	0.827899933	2	290.29208	48.3029369
KIC 10918894	5228	173	2.893	0.01	-1.5	0.3	1.04	0.07	6.05	0.15	4.512199879	0.706250072	2	291.23404	48.3254389
KIC 10919392	5187	157	3.164	0.01	-0.1	0.3	1.52	0.11	5.35	0.13	18.60215	2.620495297	1	291.51355	48.3629189
KIC 10920139	5038	154	2.456	0.01	-0.54	0.3	1.28	0.09	11.06	0.28	70.75114	10.10911406	1	291.87866	48.3559911
KIC 10920328	5243	162	3.134	0.009	-0.52	0.3	1.49	0.1	5.47	0.13	14.5010004	0.718500137	2	291.96237	48.3592911
KIC 10920437	5412	171	2.851	0.009	-1.1	0.3	1.47	0.09	7.54	0.17	38.42200089	1.732500076	2	292.01666	48.3921319
KIC 10920456	5299	161	3.02	0.008	-0.58	0.3	1.25	0.08	5.71	0.13	16.61199951	0.793000221	2	292.02429	48.3122481
KIC 10920746	5060	80	3.308	0.008	-0.1	0.15	1.57	0.1	4.6	0.1	16.67399979	2.83700037	2	292.18167	48.37561
KIC 10920861	5047	155	3.034	0.008	-0.88	0.3	1.03	0.06	5.1	0.11	14.33399963	2.560499668	2	292.2294	48.3726689
KIC 10922167	4861	80	2.849	0.008	0	0.15	1.96	0.12	8.72	0.19	35.77700043	1.285001755	2	292.82922	48.3687289
KIC 10924021	4833	141	2.639	0.009	-0.15	0.3	1.16	0.08	8.57	0.2	28.16699982	1.571499825	2	293.67184	48.3897211
KIC 10924096	5072	149	3.223	0.008	-0.07	0.3	1.4	0.08	4.79	0.1	13.63260	1.836451137	1	293.7052	48.3770789
KIC 10924215	5113	156	2.7	0.01	-0.13	0.3	1.68	0.12	9.58	0.24	40.29899979	2.083499908	2	293.75571	48.3996581
KIC 10927457	5165	154	2.717	0.009	-0.34	0.3	1.47	0.09	8.79	0.2	49.36846	6.805914866	1	295.06335	48.33448
KIC 10927597	4679	135	2.676	0.009	0.52	0.3	1.36	0.09	8.88	0.2	33.93350	4.538867039	1	295.11578	48.3676111
KIC 10932177	4791	143	2.575	0.009	-0.09	0.3	1.36	0.09	9.96	0.24	36.55400085	2.072500229	2	296.81839	48.3258289
KIC 10933234	5012	149	3.005	0.008	-0.01	0.3	1.33	0.08	6.01	0.13	13.88500023	0.474500179	2	297.17099	48.3149489
KIC 10933921	5096	167	2.575	0.009	-0.02	0.3	1.6	0.11	10.79	0.26	45.04600143	3.528001785	2	297.4014	48.3198889
KIC 10934164	5315	166	3.088	0.009	-0.18	0.3	1.87	0.12	6.47	0.15	25.33799934	1.328000069	2	297.478	48.3833889
KIC 10934536	4872	154	2.633	0.01	0.05	0.3	1.32	0.1	9.19	0.23	42.72191	6.27596419	1	297.61975	48.37521
KIC 10934799	5025	175	3.09	0.011	-0.22	0.3	1.14	0.09	5.05	0.14	8.462499619	1.474450111	2	297.72351	48.3681111
KIC 10935094	4888	145	2.84	0.008	-0.06	0.3	1.23	0.07	6.98	0.15	24.97044	3.404068424	1	297.83679	48.3799711
KIC 10937672	4531	80	2.327	0.016	0.39	0.15	1.42	0.17	13.56	0.58	69.58028	8.268119076	1	298.7634	48.31147
KIC 10938051	5050	157	3.076	0.01	-0.03	0.3	1.65	0.12	6.16	0.16	22.15733	3.224331573	1	298.8887	48.3531419
KIC 10962756	5029	152	3.118	0.008	0.19	0.3	1.45	0.09	5.51	0.12	17.43493	2.420565454	1	284.56879	48.4600719
KIC 10962804	4990	148	2.603	0.008	-0.06	0.3	1.29	0.08	9.4	0.21	30.60499954	1.480500221	2	284.59906	48.4173811
KIC 10964280	4993	151	2.6	0.01	-0.03	0.3	1.29	0.09	9.41	0.24	31.5340004	1.378499031	2	285.55322	48.42421
KIC 10965043	5252	156	3.214	0.008	-0.26	0.3	1.26	0.08	4.59	0.1	10.39700031	0.349500179	2	286.0433	48.4990389
KIC 10967025	5124	156	2.502	0.009	-0.36	0.3	1.33	0.09	10.7	0.28	44.40100098	2.930999756	2	287.28918	48.4912611
KIC 10971746	5101	149	3.208	0.008	-0.24	0.3	1.37	0.08	4.82	0.11	10.19400024	0.43144989	2	289.82532	48.4415589
KIC 10971845	5142	154	2.843	0.008	-0.61	0.3	1.4	0.09	7.42	0.16	34.55625	4.753160323	1	289.86636	48.43042
KIC 10971897	5108	152	3.281	0.008	-0.39	0.3	1.09	0.07	3.96	0.09	7.946199894	0.181549788	2	289.88638	48.4791719
KIC 10972321	5226	160	3.272	0.008	-0.01	0.3	1.45	0.09	4.62	0.1	14.29394	2.006260838	1	290.10123	48.4402081
KIC 10973387	5057	145	2.742	0.012	0.02	0.3	2.12	0.18	10.27	0.3	44.59199905	0.383499146	2	290.70074	48.4464111
KIC 10977284	5211	182	3.105	0.011	-1	0.3	1.09	0.09	4.85	0.14	15.57250	2.545882695	1	292.62665	48.4622119
KIC 10978375	4979	152	2.55	0.009	-0.06	0.3	1.6	0.11	11.13	0.27	68.35171	9.699091191	1	293.16589	48.4648281
KIC 10979458	4990	149	2.989	0.008	-0.05	0.3	1.32	0.08	6.1	0.13	15.5539999	0.680999756	2	293.66492	48.4697689
KIC 10982591	5114	161	3.24	0.009	-0.05	0.3	1.17	0.07	4.3	0.1	9.020600319	0.204400063	2	295.00711	48.40937
KIC 10988113	4978	161	2.845	0.009	0.21	0.3	1.41	0.09	7.45	0.17	20.22699928	2.255000114	2	297.07178	48.4311789
KIC 10988513	4801	138	2.75	0.009	-0.37	0.3	1.15	0.07	7.5	0.17	7.122600079	0.308700085	2	297.21155	48.4138719
KIC 10992167	5004	174	2.659	0.009	0.19	0.3	1.81	0.13	10.42	0.27	39.56900024	4.370498657	2	298.59866	48.4030689
KIC 11013433	5482	173	3.122	0.009	-1.27	0.3	1.09	0.08	4.76	0.12	21.55999947	1.443499565	2	282.14856	48.5592611
KIC 11013598	4985	174	2.977	0.009	-0.32	0.3	1.04	0.07	5.5	0.13	18.29100037	0.726999283	2	282.27481	48.5080719
KIC 11014418	4900	144	2.6	0.009	-0.49	0.3	1.05	0.07	8.51	0.2	32.94400024	1.67000103	2	282.8432	48.5787389
KIC 11014947	5209	157	2.724	0.009	-0.75	0.3	1.15	0.07	7.72	0.18	39.39513	5.49967592	1	283.22052	48.56649
KIC 11015154	5012	147	2.607	0.008	-0.39	0.3	1.21	0.08	9.08	0.2	46.70964	6.321494325	1	283.37677	48.55323
KIC 11015392	4829	80	3.295	0.006	0.29	0.15	1.2	0.06	4.08	0.07	8.12718	0.659796893	1	283.54758	48.5360181
KIC 11017831	5200	100	3.281	0.007	-0.03	0.15	1.39	0.07	4.46	0.09	9.687000275	0.178349972	2	285.2244	48.52763
KIC 11018281	5192	156	3.01	0.008	-0.29	0.3	1.22	0.07	5.73	0.12	13.84799957	0.75	2	285.47528	48.5322111
KIC 11025807	4831	146	2.306	0.01	-0.36	0.3	1.23	0.09	12.92	0.34	58.33000183	5.122997284	2	289.83939	48.5789111
KIC 11025983	5118	156	3.216	0.009	-0.12	0.3	1.46	0.09	4.94	0.11	15.03300	2.108150401	1	289.92166	48.5909
KIC 11026148	5008	151	2.662	0.009	-0.45	0.3	1.24	0.08	8.6	0.2	41.76810	5.831053667	1	290.02194	48.5652619
KIC 11028059	5000	150	2.646	0.009	-0.56	0.3	1.27	0.08	8.86	0.21	44.04920	6.137029751	1	291.07736	48.5434
KIC 11029517	5252	158	2.98	0.008	-0.52	0.3	1.46	0.09	6.49	0.14	28.77258	3.973721178	1	291.76297	48.5489689
KIC 11031230	5214	156	2.841	0.009	-0.4	0.3	1.3	0.08	7.19	0.17	23.71800041	1.355000496	2	292.62115	48.5985489
KIC 11032463	5080	153	2.493	0.011	-0.32	0.3	1.84	0.15	12.72	0.36	96.74301	13.88936712	1	293.18463	48.5857319
KIC 11032610	5049	150	2.932	0.008	-0.12	0.3	1.47	0.09	6.86	0.15	18.25	1.041000366	2	293.26083	48.5021589
KIC 11033420	5064	154	2.991	0.008	-0.07	0.3	1.44	0.09	6.34	0.14	23.73252	3.318169632	1	293.63495	48.5281719
KIC 11037219	5064	100	2.97	0.011	0.26	0.15	2.64	0.21	8.81	0.25	31.0720005	0.357500076	2	295.23758	48.5033989
KIC 11038072	5011	156	2.637	0.009	-0.38	0.3	1.34	0.09	9.23	0.22	34.66699982	3.129500389	2	295.58325	48.5423511
KIC 11038376	5233	157	3.087	0.01	-0.5	0.3	1.5	0.1	5.8	0.14	18.13400078	1.455500603	2	295.68973	48.53302
KIC 11038809	4956	80	3.316	0.006	0.13	0.15	1.37	0.07	4.27	0.08	9.87578	0.801977553	1	295.8649	48.58263
KIC 11042669	4974	152	2.731	0.009	-0.71	0.3	1.27	0.08	8.04	0.18	31.6760006	1.688000679	2	297.20102	48.5111811
KIC 11043770	4873	80	3.322	0.006	0.12	0.15	1.17	0.06	3.91	0.07	7.565199852	0.069200039	2	297.60556	48.5382611
KIC 11043940	5010	152	2.818	0.009	-0.55	0.3	1.23	0.08	7.16	0.16	28.75900078	1.413999557	2	297.67273	48.5059389
KIC 11068783	4813	144	2.649	0.009	0.28	0.3	1.43	0.09	9.38	0.22	34.05899811	2.48650074	2	282.64746	48.63139
KIC 11069361	4872	145	2.645	0.01	-0.04	0.3	1.29	0.09	8.94	0.23	40.42916	5.658449988	1	283.07407	48.6497689
KIC 11069681	5112	153	2.794	0.009	-0.52	0.3	1.2	0.08	7.29	0.17	23.09399986	1.111499786	2	283.30917	48.6858289
KIC 11072550	5133	150	3.274	0.009	-0.61	0.3	1.06	0.07	3.93	0.1	8.758199692	0.748500347	2	285.31244	48.6672519
KIC 11072982	5278	154	3.064	0.008	-0.27	0.3	1.24	0.07	5.41	0.11	20.39213	2.722621294	1	285.56879	48.6320989
KIC 11073401	5070	151	2.811	0.009	-0.29	0.3	1.26	0.08	7.31	0.16	28.05900002	1.318500519	2	285.8161	48.6322289
KIC 11074687	4996	147	2.897	0.01	-0.72	0.3	1.17	0.09	6.38	0.19	17.83499908	2.799999714	2	286.62323	48.6740681
KIC 11074880	5257	156	3.107	0.008	-0.51	0.3	1.38	0.08	5.44	0.12	15.90999985	0.732999802	2	286.74182	48.6125911
KIC 11080937	4603	100	2.196	0.014	0.19	0.15	1.05	0.11	13.53	0.53	73.78193	9.258254478	1	290.12741	48.6610719
KIC 11082329	5287	163	3.281	0.011	-0.28	0.3	1.5	0.12	4.63	0.12	11.67300034	0.585999966	2	290.90338	48.6597789
KIC 11082437	5003	175	3.029	0.014	-2.14	0.3	1.19	0.12	5.54	0.2	16.15800095	4.133999825	2	290.96243	48.6228411
KIC 11086804	4982	153	2.613	0.011	0.01	0.3	1.66	0.13	10.53	0.3	36.59999847	2.857999802	2	293.20914	48.6333311
KIC 11087067	4901	149	2.349	0.01	-0.17	0.3	1.43	0.11	13.27	0.38	91.21603	13.22547728	1	293.32477	48.65519
KIC 11090674	4830	80	3.224	0.006	-0.06	0.15	1.02	0.05	4.09	0.07	8.17383	0.66315114	1	294.9169	48.6165081
KIC 11091360	5115	156	2.825	0.008	-0.24	0.3	1.29	0.08	7.27	0.16	24.17399979	1.204999924	2	295.22534	48.6407889
KIC 11098411	5145	154	3.333	0.01	-0.16	0.3	1.36	0.1	4.16	0.11	7.8270998	0.193549871	2	297.90543	48.6486019
KIC 11100170	4629	162	2.417	0.014	-0.16	0.3	1.09	0.11	10.68	0.37	47.01991	7.93163711	1	298.57523	48.6683619
KIC 11121627	5097	153	3.037	0.008	-0.05	0.3	1.4	0.09	5.93	0.14	14.88700008	0.918499947	2	282.3067	48.7766989
KIC 11125664	4902	147	2.341	0.011	-0.7	0.3	1.05	0.08	11.44	0.32	83.5530014	8.443000793	2	285.21313	48.7154689
KIC 11126204	5177	158	2.855	0.009	-0.02	0.3	1.77	0.12	8.23	0.19	25.06299973	1.034000397	2	285.5748	48.7229881
KIC 11127815	5134	152	2.822	0.008	-0.22	0.3	1.33	0.08	7.41	0.16	34.24920	4.663319656	1	286.58432	48.7281419
KIC 11133158	5161	155	2.88	0.009	-0.22	0.3	1.32	0.08	6.9	0.16	18.95700073	1.075500488	2	289.60101	48.7719381
KIC 11134392	5327	163	3.125	0.009	-0.14	0.3	1.68	0.11	5.87	0.14	15.8409996	0.679999828	2	290.16006	48.78537
KIC 11134761	4900	164	3.139	0.011	-1.04	0.3	0.98	0.08	4.43	0.13	6.470099926	0.799549818	2	290.36716	48.7097211
KIC 11135019	4967	151	2.603	0.01	-0.25	0.3	1.22	0.09	9.14	0.23	45.65197	6.486455876	1	290.51901	48.7901119
KIC 11135119	5213	155	3.146	0.008	-0.32	0.3	1.4	0.08	5.23	0.11	13.92599964	0.570499897	2	290.57559	48.7858811
KIC 11136940	4937	147	2.878	0.009	-1.04	0.3	1.06	0.07	6.21	0.15	4.145299911	0.369300008	2	291.56143	48.7634319
KIC 11137116	5168	180	3.233	0.009	0.1	0.3	1.21	0.08	4.4	0.11	9.490099907	0.27175045	2	291.64301	48.7550511
KIC 11140680	5102	157	2.91	0.008	-0.09	0.3	1.35	0.08	6.75	0.15	27.71787	3.919460433	1	293.44809	48.7046011
KIC 11144005	5048	154	2.659	0.009	-0.36	0.3	1.26	0.08	8.69	0.21	28.18700027	3.951000214	2	294.87363	48.7232211
KIC 11144018	5281	157	3.075	0.008	-0.42	0.3	1.34	0.08	5.57	0.12	16.26199913	0.403500557	2	294.87955	48.7020111
KIC 11146647	4850	144	2.386	0.012	-0.19	0.3	1.71	0.14	13.88	0.41	95.70539	13.68530984	1	295.91409	48.7883681
KIC 11146666	5132	179	2.583	0.013	-0.46	0.3	1.53	0.14	10.46	0.34	9.222599983	0.150050163	2	295.92017	48.7897989
KIC 11152831	4937	155	2.594	0.009	-0.09	0.3	1.83	0.13	11.32	0.28	55.36800003	3.659000397	2	298.18457	48.7733189
KIC 11153898	4935	152	3.058	0.008	0.18	0.3	1.37	0.08	5.74	0.12	17.54539	2.467207324	1	298.59576	48.7241781
KIC 11153989	4837	148	2.488	0.01	0.18	0.3	1.62	0.12	12.01	0.31	70.88933	10.1654041	1	298.62711	48.7094381
KIC 11176222	4969	147	2.886	0.008	0.01	0.3	1.28	0.08	6.76	0.15	25.01266	3.414069117	1	283.12555	48.8806611
KIC 11178539	5023	146	2.979	0.008	-0.33	0.3	1.18	0.07	5.83	0.12	15.08100033	0.512000084	2	284.85324	48.8520319
KIC 11179286	5183	181	3.034	0.009	-0.84	0.3	1.09	0.07	5.27	0.12	15.34599972	0.600999832	2	285.3674	48.88422
KIC 11179902	5086	152	2.787	0.009	-0.5	0.3	1.17	0.07	7.25	0.16	24.70299911	1.854000092	2	285.75156	48.8632511
KIC 11180493	5161	156	2.719	0.009	-0.17	0.3	1.42	0.1	8.63	0.21	25.2689991	1.979499817	2	286.08521	48.8716319
KIC 11181830	4850	169	2.825	0.009	0.2	0.3	1.03	0.07	6.52	0.16	21.11799	3.37815259	1	286.95624	48.8206439
KIC 11182758	5130	150	3.295	0.008	-0.45	0.3	1.11	0.07	3.93	0.09	7.515799999	0.303950071	2	287.63107	48.8193819
KIC 11186389	5077	153	2.984	0.008	-0.08	0.3	1.38	0.08	6.27	0.13	23.45062	3.230227278	1	289.63107	48.8229289
KIC 11186478	5077	158	2.843	0.009	0.01	0.3	1.71	0.11	8.2	0.19	40.10947	5.756492633	1	289.67291	48.8078611
KIC 11188833	4963	154	3.011	0.008	0.33	0.3	1.47	0.09	6.27	0.14	21.41424	3.052462037	1	290.9906	48.8127711
KIC 11190768	5041	100	3.278	0.006	0.09	0.15	1.24	0.06	4.24	0.08	8.311900139	0.111050129	2	292.03046	48.80402
KIC 11191346	5066	153	3.081	0.008	-0.04	0.3	1.29	0.08	5.42	0.12	11.88599968	0.608500004	2	292.3309	48.8973881
KIC 11192188	4985	150	2.608	0.009	-0.18	0.3	1.36	0.09	9.58	0.23	35.44599915	2.367500305	2	292.7446	48.8653719
KIC 11192925	5048	154	2.698	0.009	-0.16	0.3	1.59	0.11	9.36	0.23	31.20400047	2.320000648	2	293.12433	48.8512611
KIC 11196317	4895	80	3.262	0.006	0.09	0.15	1.29	0.06	4.4	0.08	9.97945	0.812031652	1	294.66196	48.89426
KIC 11196939	4969	154	2.801	0.011	0.08	0.3	1.32	0.1	7.57	0.2	31.36594	4.56328155	1	294.94394	48.86953
KIC 11197701	5097	163	2.536	0.01	-0.04	0.3	1.45	0.1	10.75	0.27	70.02708	10.39821111	1	295.28177	48.86095
KIC 11198048	5126	157	2.878	0.008	-0.52	0.3	1.21	0.07	6.63	0.14	22.54599953	0.87749958	2	295.42178	48.8089289
KIC 11198108	5428	170	3.287	0.009	-0.24	0.3	1.5	0.11	4.6	0.12	3.030299902	0.366150022	2	295.45096	48.8283811
KIC 11198352	5201	155	3.272	0.01	-0.44	0.3	1.32	0.09	4.4	0.11	9.425299644	0.244100094	2	295.55048	48.8175511
KIC 11198745	4903	171	3.26	0.009	0.47	0.3	1.29	0.09	4.41	0.1	10.09056	1.603008339	1	295.70609	48.88942
KIC 11199342	4969	149	2.829	0.008	-0.15	0.3	1.38	0.09	7.5	0.17	30.78854	4.263937701	1	295.94019	48.8831411
KIC 11206280	4788	143	2.747	0.009	-0.41	0.3	1.16	0.08	7.54	0.18	26.83799934	1.124000549	2	298.53867	48.85144
KIC 11228617	4844	141	2.607	0.009	-0.03	0.3	1.29	0.09	9.34	0.23	43.12219	5.883336138	1	282.60797	48.9419519
KIC 11228759	4863	143	2.478	0.009	0.14	0.3	1.54	0.1	11.85	0.29	70.50896	9.695771973	1	282.70859	48.95274
KIC 11229253	5123	149	2.58	0.009	-0.16	0.3	1.56	0.11	10.6	0.26	69.48638	9.468267771	1	283.04767	48.9552919
KIC 11231423	5111	150	2.722	0.009	-0.27	0.3	1.27	0.08	8.13	0.18	40.49442	5.486844194	1	284.61121	48.9608189
KIC 11234102	5129	149	3.281	0.008	-0.23	0.3	1.19	0.07	4.13	0.09	8.093700409	0.21819973	2	286.23715	48.99789
KIC 11234317	4871	80	3.19	0.014	-0.22	0.15	1.83	0.2	5.69	0.23	4.839099884	0.067849874	2	286.37155	48.9738081
KIC 11234675	4951	150	2.758	0.008	0.03	0.3	1.28	0.08	7.82	0.18	22.47299957	1.056499481	2	286.61758	48.9002111
KIC 11235620	5076	145	3.302	0.01	-0.3	0.3	1.29	0.1	4.21	0.11	7.125199795	0.531949997	2	287.23236	48.9875981
KIC 11236516	5051	149	2.848	0.008	-0.56	0.3	1.26	0.08	7.01	0.16	19.08399963	1.398500443	2	287.81216	48.9429889
KIC 11236890	5008	149	2.556	0.01	-0.33	0.3	1.18	0.09	9.49	0.25	34.25400162	1.915498734	2	288.0275	48.9454
KIC 11236924	4942	150	2.501	0.009	-0.24	0.3	1.34	0.09	10.75	0.29	38.64799881	3.833000183	2	288.05121	48.9012111
KIC 11237201	4864	144	2.636	0.009	-0.25	0.3	1.28	0.08	9.01	0.21	26.58300018	1.572500229	2	288.19162	48.9488981
KIC 11237403	4696	135	2.499	0.009	0.13	0.3	1.27	0.08	10.5	0.25	39.25699997	2.559499741	2	288.32312	48.9663389
KIC 11242124	4834	144	2.322	0.01	-0.32	0.3	1.08	0.08	11.9	0.31	52.91199875	3.021999359	2	290.76016	48.9621811
KIC 11243623	4972	145	2.996	0.008	-0.19	0.3	1.21	0.07	5.78	0.13	13.88599968	0.668499947	2	291.57687	48.92786
KIC 11243756	4819	148	2.614	0.01	0.24	0.3	1.5	0.1	10.01	0.25	48.51616	6.947511433	1	291.63983	48.9740489
KIC 11244203	5246	157	3.225	0.01	-0.52	0.3	1.09	0.12	4.21	0.21	5.611999989	0.729400158	2	291.87967	48.98468
KIC 11244545	5022	150	2.996	0.008	-0.08	0.3	1.23	0.07	5.85	0.13	13.68700027	0.545000076	2	292.06894	48.9063911
KIC 11244735	5019	148	2.571	0.01	-0.34	0.3	1.19	0.08	9.35	0.23	49.80610	6.870442044	1	292.15765	48.99086
KIC 11245051	5226	160	3.226	0.008	-0.06	0.3	1.55	0.1	5.03	0.11	10.96000004	0.320499897	2	292.31	48.9538689
KIC 11245496	5087	157	3.04	0.009	-0.03	0.3	1.57	0.1	6.27	0.14	23.63592	3.352876921	1	292.54837	48.9310111
KIC 11250365	5275	158	3.27	0.008	-0.4	0.3	1.29	0.08	4.35	0.1	13.15403	1.823047379	1	294.73212	48.9344219
KIC 11250743	5161	156	2.853	0.008	-0.49	0.3	1.6	0.1	7.85	0.17	39.25232	5.4465121	1	294.90802	48.9617389
KIC 11252510	5208	158	3.236	0.009	-0.02	0.3	1.7	0.11	5.2	0.12	11.20699978	0.703000069	2	295.66248	48.9200711
KIC 11252695	4983	174	3.178	0.01	-0.07	0.3	1.24	0.1	4.76	0.14	8.771499634	0.966249943	2	295.72552	48.9053119
KIC 11253008	5177	156	3.19	0.009	-1.04	0.3	1.16	0.08	4.53	0.11	15.1239996	1.302000046	2	295.83603	48.9964411
KIC 11253627	5191	153	3.177	0.008	-0.25	0.3	1.27	0.08	4.81	0.11	11.94900036	0.50549984	2	296.05798	48.9070889
KIC 11259916	4956	158	2.446	0.009	-0.5	0.3	1.14	0.08	10.57	0.25	61.9129982	3.016500473	2	298.35861	48.9521711
KIC 11282332	5059	147	2.589	0.009	-0.28	0.3	1.46	0.1	10.16	0.24	35.93299866	2.468000412	2	282.75937	49.01601
KIC 11282383	4789	141	2.791	0.009	0.5	0.3	1.34	0.09	7.72	0.17	28.14521	3.821943143	1	282.79904	49.0588111
KIC 11286526	5068	149	2.93	0.009	-1	0.3	1.26	0.08	6.36	0.15	18.9489994	3.103000641	2	285.77328	49.0721819
KIC 11287945	5177	223	2.741	0.011	-0.12	0.3	1.31	0.11	8.08	0.23	31.17700005	3.87650013	2	286.68158	49.0896611
KIC 11289292	5092	149	3.02	0.008	-0.06	0.3	1.66	0.1	6.59	0.14	19.8010006	1.121999741	2	287.59006	49.02486
KIC 11289314	4911	143	2.69	0.008	-0.22	0.3	1.23	0.07	8.29	0.18	28.95899963	1.729999542	2	287.60403	49.0242811
KIC 11290298	4966	146	2.652	0.009	-0.14	0.3	1.35	0.09	9.07	0.21	32.07799911	1.488500595	2	288.22089	49.0778881
KIC 11290397	5020	150	2.776	0.008	-0.14	0.3	1.3	0.08	7.73	0.17	34.06939	4.686909643	1	288.27536	49.0878111
KIC 11293859	4983	146	2.945	0.009	-0.43	0.3	1.05	0.07	5.72	0.13	14.23099995	2.520499706	2	290.12796	49.05405
KIC 11294612	5083	156	3.204	0.008	0.2	0.3	1.39	0.09	4.88	0.11	14.27285	2.016678764	1	290.57352	49.0001789
KIC 11295471	5108	151	3.295	0.008	-0.11	0.3	1.17	0.07	4.03	0.09	7.64659977	0.246700048	2	291.05927	49.0401689
KIC 11296954	5035	152	2.579	0.009	-0.25	0.3	1.3	0.09	9.67	0.23	39.21500015	3.064001083	2	291.84634	49.0932881
KIC 11297049	4894	148	2.738	0.008	0.1	0.3	1.33	0.08	8.17	0.18	34.37878	4.781433509	1	291.90347	49.0826189
KIC 11297757	5185	161	3.197	0.009	0.08	0.3	1.6	0.11	5.28	0.13	11.60299969	0.529999733	2	292.25916	49.0222281
KIC 11298020	4985	156	2.699	0.01	-0.05	0.3	1.32	0.09	8.5	0.21	27.00900078	1.88449955	2	292.38977	49.0735281
KIC 11302371	5253	161	3.059	0.009	-0.14	0.3	2.51	0.16	7.75	0.18	23.25300026	1.421500206	2	294.4346	49.0057111
KIC 11302942	5246	155	3.253	0.011	-0.59	0.3	1.19	0.15	4.26	0.25	12.38799953	1.281499863	2	294.6929	49.0550989
KIC 11304067	4502	80	2.919	0.007	0.23	0.15	1.08	0.05	5.98	0.11	12.23900032	0.413499832	2	295.16983	49.0676689
KIC 11304647	5045	150	3.115	0.008	0	0.3	1.32	0.08	5.26	0.11	16.09188	2.191716134	1	295.43909	49.0589411
KIC 11304663	5316	159	3.252	0.015	-0.08	0.3	1.56	0.17	4.89	0.18	10.41800022	0.51789999	2	295.44348	49.08939
KIC 11304675	5138	155	2.861	0.009	-0.45	0.3	1.35	0.09	7.14	0.16	18.70999908	1.123000145	2	295.44971	49.0573619
KIC 11305756	4935	153	2.972	0.009	0.29	0.3	1.75	0.11	7.15	0.16	27.22396	3.878548144	1	295.87558	49.0807911
KIC 11305872	5153	154	2.723	0.009	-0.7	0.3	1.14	0.08	7.7	0.18	35.72499847	1.506999969	2	295.91779	49.0594411
KIC 11306540	5133	163	2.541	0.009	-0.24	0.3	1.37	0.09	10.39	0.25	55.53499985	5.263500214	2	296.15747	49.0916711
KIC 11306803	4966	154	2.354	0.01	-0.12	0.3	1.54	0.12	13.69	0.36	62.36700058	6.646501541	2	296.25381	49.0475389
KIC 11307487	4969	154	3.003	0.008	0.2	0.3	1.39	0.09	6.14	0.14	20.63494	2.945101207	1	296.4917	49.0883789
KIC 11338360	5139	154	3.258	0.009	0.01	0.3	1.41	0.09	4.61	0.1	13.30782	1.832635756	1	284.99072	49.14328
KIC 11338926	5085	151	2.678	0.009	-0.28	0.3	1.4	0.1	8.99	0.22	33.61199951	1.310998917	2	285.33936	49.1671789
KIC 11339312	5085	155	3.012	0.008	0.03	0.3	1.4	0.09	6.12	0.13	15.15999985	0.611499786	2	285.57391	49.1729089
KIC 11343030	5123	157	2.648	0.009	-0.17	0.3	1.48	0.1	9.55	0.23	56.40202	8.023068259	1	287.94537	49.1243589
KIC 11349614	5289	162	2.771	0.009	-0.36	0.3	1.23	0.08	7.56	0.18	29.65699959	1.682999611	2	291.43613	49.1247219
KIC 11351713	5184	154	3.019	0.009	-0.38	0.3	1.68	0.11	6.64	0.15	19.75699997	0.718000412	2	292.53281	49.1968119
KIC 11351957	5111	158	2.478	0.01	-0.33	0.3	1.43	0.1	11.42	0.29	56.95700073	5.480998993	2	292.67368	49.1379889
KIC 11352446	5002	149	2.872	0.01	0.12	0.3	1.93	0.14	8.43	0.21	39.94114	5.567987563	1	292.92361	49.1074981
KIC 11353554	5242	183	2.927	0.009	-0.29	0.3	1.38	0.09	6.7	0.16	22.65800095	1.618499756	2	293.46777	49.1158489
KIC 11356479	5286	157	3.073	0.008	-0.25	0.3	1.36	0.08	5.62	0.12	22.13970	3.019356688	1	294.78043	49.1169089
KIC 11358231	5330	176	3.113	0.009	0.08	0.3	1.56	0.1	5.75	0.13	14.71399975	0.654500008	2	295.5567	49.1218411
KIC 11359044	5109	153	2.509	0.01	-0.48	0.3	1.28	0.1	10.41	0.28	66.28810	9.39152929	1	295.88562	49.1029211
KIC 11359820	5247	175	2.923	0.009	0.05	0.3	1.49	0.09	6.98	0.16	33.15474	5.059845425	1	296.17899	49.1388211
KIC 11360886	4984	100	2.579	0.008	-0.08	0.15	2.71	0.17	13.98	0.33	108.27221	10.89079468	1	296.57547	49.1011089
KIC 11361147	5175	171	3.135	0.009	0.35	0.3	1.47	0.09	5.43	0.12	18.98592	2.862541891	1	296.67883	49.1034319
KIC 11390588	5125	149	2.949	0.008	-0.21	0.3	1.32	0.08	6.38	0.13	25.21200	3.356028528	1	284.58466	49.2686311
KIC 11391047	4884	80	3.255	0.006	-0.13	0.15	1.09	0.05	4.07	0.07	9.019399643	0.11070013	2	284.89984	49.2165989
KIC 11392017	5125	149	2.864	0.008	-0.64	0.3	1.16	0.07	6.6	0.14	20.68300056	0.888000488	2	285.53549	49.2984389
KIC 11393958	5249	154	3.221	0.008	-0.42	0.3	1.18	0.07	4.42	0.09	13.31501	1.786851678	1	286.80692	49.20116
KIC 11395111	4982	147	2.537	0.01	-0.29	0.3	1.56	0.11	11.15	0.28	53.6269989	2.397499084	2	287.54453	49.29855
KIC 11404023	4937	149	2.564	0.009	-0.14	0.3	1.21	0.08	9.53	0.23	48.44276	6.800725198	1	292.44931	49.2605089
KIC 11404111	5264	161	3.179	0.008	-0.2	0.3	1.38	0.09	5.01	0.11	12.80599976	0.465500355	2	292.49463	49.2746089
KIC 11404149	4980	155	3.261	0.008	0.4	0.3	1.36	0.08	4.53	0.1	11.33194	1.617739039	1	292.51401	49.2510189
KIC 11404803	5105	161	3.256	0.008	0.14	0.3	1.39	0.09	4.6	0.1	12.90295	1.861175461	1	292.83777	49.2470589
KIC 11405445	5285	173	3.2	0.009	-0.05	0.3	1.43	0.09	4.97	0.12	16.38299942	2.451500416	2	293.16309	49.2951889
KIC 11408970	4979	146	3.146	0.008	-0.47	0.3	1.12	0.07	4.69	0.1	12.13681	1.636069346	1	294.79721	49.2139019
KIC 11410217	5318	100	3.282	0.007	0.19	0.15	1.82	0.09	5.11	0.09	11.4630003	0.14800024	2	295.38437	49.2329789
KIC 11410311	4976	152	2.514	0.009	-0.4	0.3	1.3	0.09	10.44	0.26	40.88600159	2.753000259	2	295.42218	49.2173311
KIC 11410393	5314	162	3.12	0.008	-0.54	0.3	1.31	0.08	5.23	0.11	15.41399956	0.703500271	2	295.45523	49.21537
KIC 11410450	5320	159	3.156	0.008	-0.48	0.3	1.2	0.07	4.79	0.1	16.50092	2.257569648	1	295.47791	49.2506289
KIC 11411943	5202	159	3.096	0.008	-0.58	0.3	1.33	0.08	5.41	0.12	24.00399971	2.036000252	2	296.03595	49.20388
KIC 11416424	4914	80	3.269	0.006	-0.06	0.15	1.08	0.05	3.99	0.08	8.335100174	0.119499683	2	297.76004	49.2790489
KIC 11416572	5023	157	2.414	0.012	-0.8	0.3	1.25	0.12	11.5	0.4	75.58558	11.64996392	1	297.82538	49.2908519
KIC 11442799	5016	148	2.649	0.01	-0.18	0.3	1.42	0.1	9.33	0.23	32.86999893	1.80050087	2	284.43936	49.3174711
KIC 11443433	5271	166	3.132	0.009	-0.04	0.3	1.48	0.09	5.47	0.12	13.34700012	0.717499733	2	284.86053	49.3562389
KIC 11443757	5225	159	3.052	0.008	-0.07	0.3	1.3	0.08	5.64	0.12	13.61499977	0.522999763	2	285.08685	49.36282
KIC 11447450	5069	151	2.836	0.008	-0.16	0.3	1.47	0.09	7.68	0.17	24.84300041	0.842499733	2	287.4812	49.30402
KIC 11450279	4944	143	2.496	0.009	-0.41	0.3	1.96	0.13	13.09	0.3	68.14700317	1.418498993	2	289.13663	49.3038411
KIC 11453371	5140	165	2.592	0.009	-0.04	0.3	1.35	0.09	9.73	0.24	59.32923	8.819357425	1	290.82623	49.32214
KIC 11453855	5011	175	3.214	0.013	-0.04	0.3	1.31	0.13	4.68	0.18	12.39881	2.133088601	1	291.10681	49.3384589
KIC 11456445	5224	166	3.184	0.009	0	0.3	1.82	0.12	5.72	0.13	21.87738	3.192222793	1	292.53458	49.3198589
KIC 11456950	5055	149	2.875	0.008	-0.31	0.3	1.25	0.08	6.75	0.15	18.74399948	0.681500435	2	292.7962	49.37925
KIC 11457021	4838	80	2.936	0.007	0.05	0.15	1.69	0.09	7.32	0.14	24.6060009	0.943500519	2	292.83765	49.3935589
KIC 11457705	5329	160	2.887	0.008	-0.44	0.3	1.48	0.09	7.25	0.16	38.05830	5.26026145	1	293.18533	49.3580511
KIC 11460115	5453	172	2.959	0.008	-1.09	0.3	1.15	0.07	5.89	0.13	22.06100082	0.873500824	2	294.31146	49.3407711
KIC 11460306	5054	154	3.008	0.008	0.04	0.3	1.45	0.09	6.25	0.14	22.88187	3.210086992	1	294.39926	49.3702319
KIC 11462484	4860	147	2.348	0.011	-0.28	0.3	1.37	0.11	12.98	0.38	63.77999878	7.013500214	2	295.35141	49.33287
KIC 11463553	5244	183	3.108	0.011	-0.7	0.3	1.27	0.1	5.22	0.14	18.50045	2.993469875	1	295.80524	49.3717381
KIC 11465165	5036	156	2.713	0.01	-0.1	0.3	1.52	0.11	8.98	0.22	31.93400002	1.596500397	2	296.42776	49.3693081
KIC 11465618	5064	156	2.914	0.008	-0.07	0.3	1.3	0.08	6.59	0.15	25.64107	3.63916763	1	296.61389	49.3232119
KIC 11465942	5005	80	2.92	0.011	0.24	0.15	2.62	0.21	9.31	0.26	44.60200119	2.125499725	2	296.75018	49.3209919
KIC 11466403	5079	154	2.85	0.009	-0.6	0.3	1.31	0.08	7.12	0.16	28.75	0.833000183	2	296.93353	49.3597911
KIC 11467729	5195	159	3.2	0.008	-0.79	0.3	1.07	0.07	4.3	0.09	12.09121	1.69070097	1	297.43646	49.3978881
KIC 11468053	5084	160	2.972	0.009	-0.16	0.3	1.47	0.09	6.56	0.15	25.81192	3.736230273	1	297.55804	49.3765719
KIC 11468695	4735	144	2.664	0.009	0.21	0.3	1.44	0.1	9.25	0.22	38.61481	5.447166266	1	297.81903	49.3063511
KIC 11468988	4841	143	2.431	0.009	-0.54	0.3	1.87	0.13	13.76	0.33	93.36148	12.85271631	1	297.93494	49.31654
KIC 11494133	5259	177	3.212	0.012	0.01	0.3	1.76	0.15	5.45	0.17	12.27999973	0.638500214	2	284.02936	49.4360311
KIC 11496193	5119	157	3.077	0.008	-0.11	0.3	1.25	0.08	5.35	0.12	11.65400028	0.453499794	2	285.50186	49.4285089
KIC 11497092	5050	149	2.563	0.009	-0.41	0.3	1.2	0.08	9.49	0.22	43.37200165	2.400999069	2	286.01852	49.4804611
KIC 11497443	5408	161	3.192	0.008	-0.13	0.3	1.32	0.08	4.82	0.11	17.84150	2.457217589	1	286.21936	49.45771
KIC 11502036	5028	157	3.112	0.008	0.22	0.3	1.29	0.08	5.24	0.12	15.75557	2.264960453	1	289.01389	49.4024811
KIC 11503092	4954	153	2.662	0.009	0.07	0.3	1.25	0.08	8.62	0.2	27.76199913	1.672000885	2	289.55917	49.4814111
KIC 11506442	5385	160	3.208	0.008	-0.14	0.3	1.28	0.08	4.67	0.1	16.46520	2.246939312	1	291.41296	49.4197389
KIC 11508418	4903	171	3.078	0.009	0.24	0.3	1.34	0.09	5.54	0.13	14.2840004	0.365999699	2	292.42584	49.4697419
KIC 11508969	5258	157	2.987	0.009	-0.38	0.3	1.51	0.1	6.53	0.15	29.26168	4.043895832	1	292.71371	49.47665
KIC 11509327	5183	169	2.673	0.009	-0.01	0.3	1.93	0.13	10.6	0.26	72.79928	10.96611407	1	292.89441	49.4705889
KIC 11512864	4977	155	2.408	0.015	-0.4	0.3	1.37	0.15	12.13	0.47	75.05699921	5.720500946	2	294.49503	49.4934619
KIC 11516163	5123	159	3.153	0.008	-0.41	0.3	1.42	0.09	5.23	0.12	16.91575	2.41911348	1	295.89606	49.4799389
KIC 11517088	4886	147	2.616	0.009	-0.17	0.3	1.24	0.08	9.07	0.21	35.88999939	1.755498886	2	296.26804	49.4173389
KIC 11517847	4997	157	2.505	0.009	-0.31	0.3	1.2	0.08	10.13	0.26	44.75600052	3.798999786	2	296.56027	49.45594
KIC 11518457	4925	152	3.041	0.009	0.04	0.3	1.25	0.08	5.59	0.13	16.50590	2.352432046	1	296.79095	49.4402311
KIC 11521653	5059	149	3.053	0.008	-0.35	0.3	1.28	0.08	5.57	0.12	15.27000046	0.272500038	2	298.00534	49.4483181
KIC 11546972	5063	151	3.022	0.008	-0.14	0.3	1.32	0.08	5.87	0.13	15.45400047	0.797500134	2	284.31635	49.5925789
KIC 11547964	5146	151	3.096	0.01	-0.84	0.3	1.09	0.08	4.89	0.14	16.52300072	2.617000103	2	285.06876	49.5477219
KIC 11549468	5172	152	2.941	0.008	-0.12	0.3	1.41	0.09	6.66	0.14	28.49529	3.84289229	1	286.0238	49.59597
KIC 11549504	5186	156	2.945	0.008	-0.09	0.3	1.45	0.09	6.71	0.15	22.17399979	0.835000038	2	286.04123	49.53508
KIC 11554718	5163	159	2.762	0.009	-0.08	0.3	1.52	0.1	8.48	0.2	38.20299911	3.820501328	2	289.37744	49.5521389
KIC 11555305	4942	148	2.668	0.009	-0.31	0.3	1.08	0.07	7.98	0.19	28.9260006	1.75150013	2	289.67114	49.5983311
KIC 11558247	5189	158	3.157	0.009	-0.06	0.3	1.41	0.09	5.2	0.12	11.11100006	0.59400034	2	291.3642	49.5579489
KIC 11560207	5167	161	2.816	0.009	-0.1	0.3	1.45	0.09	7.79	0.18	25.02799988	1.792499542	2	292.45633	49.5760381
KIC 11560657	5093	158	3.011	0.008	0.04	0.3	1.41	0.09	6.14	0.14	15.43299961	0.556499958	2	292.67343	49.5592689
KIC 11564309	5053	157	2.538	0.009	-0.26	0.3	1.36	0.1	10.38	0.3	45.83300018	3.334001541	2	294.439	49.5188789
KIC 11565235	4972	148	2.794	0.009	-0.2	0.3	1.25	0.08	7.43	0.17	30.28954	4.172444243	1	294.84262	49.5439989
KIC 11565903	5313	161	2.928	0.009	-0.45	0.3	1.56	0.1	7.11	0.16	32.00400162	1.585999489	2	295.14056	49.55706
KIC 11566360	5033	154	2.709	0.009	0.04	0.3	1.65	0.11	9.42	0.23	33.06999969	1.918999672	2	295.34131	49.5990411
KIC 11568892	5142	158	3.152	0.009	-0.18	0.3	1.58	0.1	5.53	0.12	13.8920002	0.622499943	2	296.38174	49.5511089
KIC 11569072	4916	147	2.829	0.008	-0.25	0.3	1.25	0.08	7.13	0.16	20.51300049	1.039000511	2	296.452	49.58139
KIC 11569629	5051	159	2.529	0.009	-0.25	0.3	1.47	0.1	10.9	0.26	50.88800049	4.756000519	2	296.67096	49.5845411
KIC 11570886	5108	160	3.133	0.009	-0.02	0.3	1.52	0.11	5.54	0.16	18.75917	2.792812507	1	297.13086	49.5728911
KIC 11571423	5097	158	3.215	0.008	-0.88	0.3	0.99	0.06	4.07	0.09	11.24300003	0.258999825	2	297.34097	49.5234411
KIC 11571429	4988	160	3.127	0.009	0.23	0.3	1.45	0.09	5.44	0.13	16.44728	2.43401346	1	297.34625	49.5367389
KIC 11571481	5149	163	3.128	0.009	-1.08	0.3	1.37	0.1	5.29	0.14	18.88400078	1.087500572	2	297.36441	49.5266111
KIC 11571608	5223	166	2.886	0.009	-0.49	0.3	1.49	0.1	7.28	0.18	35.41061	5.21900255	1	297.41525	49.5064811
KIC 11598682	4988	147	2.976	0.009	0.16	0.3	1.42	0.09	6.41	0.14	22.83560	3.100599138	1	284.58252	49.6845889
KIC 11599499	5158	157	2.855	0.009	-0.07	0.3	1.54	0.1	7.68	0.18	23.90099907	1.650500298	2	285.17126	49.6061711
KIC 11601083	5054	148	2.854	0.008	-0.1	0.3	1.25	0.08	6.93	0.16	20.07999992	0.791999817	2	286.15347	49.6956789
KIC 11601276	4949	156	3.063	0.008	0.34	0.3	1.31	0.08	5.58	0.12	16.76983	2.415180754	1	286.25397	49.6450689
KIC 11603261	4990	151	2.786	0.009	0.11	0.3	1.31	0.08	7.67	0.17	32.74790	4.56031357	1	287.62476	49.6928789
KIC 11604839	5134	152	3.089	0.008	-0.11	0.3	1.39	0.09	5.56	0.12	12.40400028	0.454999924	2	288.56903	49.6876181
KIC 11605129	5046	147	2.573	0.009	0	0.3	1.77	0.13	11.39	0.3	75.51391	10.41714717	1	288.74786	49.6480481
KIC 11605664	5141	148	3.27	0.015	-0.48	0.3	1.33	0.21	4.42	0.31	10.73499966	0.847850323	2	289.03421	49.6688
KIC 11606064	4851	148	2.502	0.009	0.17	0.3	1.32	0.09	10.69	0.26	37.65200043	3.004501343	2	289.26019	49.6628681
KIC 11610409	5132	155	2.62	0.009	-0.35	0.3	1.27	0.08	9.14	0.2	52.02709	7.222203891	1	291.67563	49.65292
KIC 11610567	4868	143	2.476	0.009	-0.2	0.3	1.26	0.09	10.74	0.26	37.44400024	2.472499847	2	291.77087	49.6716381
KIC 11611283	4945	160	2.562	0.009	0.15	0.3	1.39	0.1	10.21	0.27	55.96380	8.45331865	1	292.16202	49.61161
KIC 11612135	5025	154	2.918	0.008	0	0.3	1.34	0.08	6.65	0.15	25.31501	3.572593697	1	292.59637	49.60606
KIC 11614798	4877	147	2.347	0.009	-0.13	0.3	1.26	0.09	12.47	0.32	63.85300064	5.648000717	2	293.95612	49.6731189
KIC 11615509	5151	152	3.244	0.008	-0.11	0.3	1.33	0.08	4.56	0.1	9.797100067	0.41865015	2	294.267	49.6481589
KIC 11615682	5000	150	2.573	0.009	-0.67	0.3	1.13	0.08	9.1	0.22	42.93500137	1.814500809	2	294.34534	49.6424411
KIC 11616734	5143	160	2.609	0.01	-0.34	0.3	1.57	0.12	10.28	0.27	61.39899826	5.600500107	2	294.81778	49.6100619
KIC 11617525	5304	164	3.09	0.009	-0.16	0.3	1.57	0.1	5.91	0.13	24.81873	3.520748013	1	295.14059	49.6561581
KIC 11617556	5062	155	2.73	0.009	-0.1	0.3	1.48	0.1	8.69	0.2	30.25499916	1.534000397	2	295.15567	49.6924019
KIC 11618103	5049	141	2.948	0.008	-0.32	0.3	1.43	0.09	6.64	0.14	22.74600029	1.041000366	2	295.39731	49.6953319
KIC 11619730	5235	165	3.016	0.009	-0.09	0.3	1.63	0.11	6.56	0.15	29.01783	4.205961202	1	296.00616	49.64415
KIC 11620245	5360	173	3.161	0.011	0.03	0.3	1.89	0.16	5.98	0.18	26.50038	4.074365279	1	296.20068	49.62532
KIC 11620442	5204	165	2.699	0.009	-0.07	0.3	1.62	0.11	9.43	0.22	30.19199944	1.821000099	2	296.27426	49.6290511
KIC 11620825	5111	154	3.001	0.009	-0.13	0.3	1.58	0.1	6.56	0.15	26.36463	3.670802435	1	296.41672	49.60955
KIC 11621987	4785	152	2.735	0.01	0.54	0.3	1.21	0.09	7.81	0.2	24.33099937	1.412999153	2	296.8605	49.6700519
KIC 11622755	4830	157	3.12	0.009	0.49	0.3	1.29	0.08	5.18	0.12	13.11108	1.956770882	1	297.15308	49.6578411
KIC 11623942	4965	154	3.182	0.009	-0.02	0.3	1.3	0.09	4.84	0.12	11.24499989	0.473999977	2	297.61362	49.6912311
KIC 11649292	5078	149	2.576	0.009	-0.37	0.3	1.26	0.08	9.59	0.22	54.90331	7.470492587	1	284.10953	49.7333789
KIC 11650041	4371	80	1.822	0.073	-0.74	0.15	1.65	0.85	26.09	4.58	223.08066	88.04666976	1	284.62283	49.76141
KIC 11650107	5311	155	3.252	0.009	-0.38	0.3	1.28	0.08	4.44	0.1	10.69699955	0.316999912	2	284.67496	49.7668
KIC 11650682	5115	160	2.91	0.009	0	0.3	1.32	0.08	6.68	0.15	16.46999931	0.840000153	2	285.05447	49.7517011
KIC 11650683	5154	155	2.481	0.01	-0.18	0.3	1.3	0.1	10.87	0.28	53.32300186	3.909000397	2	285.0549	49.7128911
KIC 11651399	5191	159	2.995	0.008	0.05	0.3	1.45	0.09	6.35	0.14	17.27599907	0.643500328	2	285.50986	49.7844511
KIC 11651490	4867	80	3.27	0.007	0.11	0.15	1.19	0.06	4.19	0.08	2.436700106	0.379400015	2	285.58054	49.7780911
KIC 11652491	5160	153	2.859	0.008	-0.48	0.3	1.16	0.07	6.64	0.14	28.06244	3.816050604	1	286.2106	49.7226489
KIC 11653381	5051	151	3.042	0.008	-0.13	0.3	1.35	0.08	5.79	0.13	19.59102	2.702821634	1	286.81104	49.7170981
KIC 11655827	5113	162	3.203	0.008	0.2	0.3	1.46	0.1	5.01	0.13	8.711099625	0.308949947	2	288.44925	49.72644
KIC 11658300	5146	159	2.978	0.011	-0.07	0.3	1.6	0.12	6.79	0.18	22.29400063	1.5	2	289.83405	49.76347
KIC 11662335	5211	156	3.224	0.008	-0.07	0.3	1.25	0.08	4.53	0.1	11.33500004	0.304999828	2	292.15814	49.71368
KIC 11662556	5266	160	2.846	0.009	-0.12	0.3	1.96	0.13	8.75	0.2	29.50099945	1.800000191	2	292.28949	49.7313189
KIC 11662966	5167	165	3.067	0.009	0.14	0.3	1.59	0.1	6.12	0.14	23.96885	3.515490488	1	292.50375	49.7813989
KIC 11663695	4757	140	2.73	0.009	0.18	0.3	1.29	0.08	8.11	0.18	21.93199921	1.217000008	2	292.90073	49.7078089
KIC 11667477	5131	159	2.773	0.009	-0.04	0.3	1.36	0.09	7.93	0.18	26.51199913	2.00549984	2	294.72955	49.7496411
KIC 11668210	5172	170	2.888	0.01	0.23	0.3	1.74	0.12	7.86	0.19	22.53800011	1.24849987	2	295.07483	49.7805789
KIC 11669202	5100	158	2.602	0.009	-0.13	0.3	1.49	0.1	10.12	0.25	62.20600	8.962948764	1	295.55621	49.7320711
KIC 11669616	5078	144	3.274	0.008	-0.21	0.3	1.13	0.07	4.07	0.09	9.88895	1.299795388	1	295.73593	49.7309
KIC 11671578	5232	161	3.002	0.008	-0.14	0.3	1.68	0.1	6.77	0.15	30.83463	4.358753861	1	296.51202	49.7097281
KIC 11672822	5114	161	2.709	0.009	-0.38	0.3	1.4	0.09	8.65	0.19	31.48900032	2.625500679	2	296.99588	49.7822611
KIC 11673621	5220	167	3.08	0.012	0.03	0.3	2.37	0.21	7.36	0.23	26.07600021	1.854499817	2	297.28891	49.70985
KIC 11673754	4881	153	3.2	0.008	0.21	0.3	1.14	0.07	4.45	0.1	8.509900093	0.324950218	2	297.34424	49.7523611
KIC 11701923	5015	146	3.096	0.008	-0.04	0.3	1.46	0.09	5.66	0.12	18.19312	2.435195151	1	285.47729	49.8686711
KIC 11703582	5164	171	2.892	0.009	0.06	0.3	1.42	0.1	7.06	0.17	9.394399643	0.339299679	2	286.60464	49.81012
KIC 11704816	5500	169	2.905	0.009	-0.84	0.3	1.22	0.08	6.46	0.15	34.28517	4.866335979	1	287.41	49.8297811
KIC 11706958	4808	142	2.817	0.008	0.36	0.3	1.35	0.08	7.52	0.17	27.13214	3.706211945	1	288.67975	49.8939089
KIC 11708457	5189	165	2.787	0.009	-0.08	0.3	1.29	0.08	7.59	0.17	27.1060009	1.955499649	2	289.47308	49.8032419
KIC 11708559	5177	158	3.134	0.008	-0.15	0.3	1.23	0.08	4.98	0.11	15.99418	2.243480873	1	289.52652	49.8805811
KIC 11709100	4992	150	2.509	0.01	-0.3	0.3	1.33	0.1	10.61	0.28	48.06200027	3.300998688	2	289.7688	49.8307689
KIC 11709117	5048	153	2.578	0.01	-0.31	0.3	1.26	0.1	9.55	0.26	36.66199875	2.348501205	2	289.77692	49.8436511
KIC 11714365	5012	157	2.594	0.011	-0.04	0.3	1.54	0.12	10.38	0.29	41.44599915	3.171001434	2	292.73538	49.8746681
KIC 11716231	5060	150	3.194	0.008	-0.11	0.3	1.2	0.07	4.6	0.1	12.45398	1.698948859	1	293.68637	49.8800319
KIC 11716326	4983	100	3.261	0.007	0.13	0.15	1.21	0.07	4.27	0.09	10.09276	0.989627275	1	293.72885	49.85968
KIC 11716985	4788	140	2.723	0.009	0.21	0.3	1.41	0.09	8.56	0.2	25.7840004	1.477499962	2	294.0148	49.8754811
KIC 11717610	5148	157	3.104	0.008	-0.11	0.3	1.29	0.08	5.28	0.11	9.854000092	0.414350033	2	294.29745	49.8592489
KIC 11717899	5177	156	2.89	0.009	-0.5	0.3	1.26	0.08	6.68	0.15	28.77770	3.998409752	1	294.4118	49.86908
KIC 11718381	4867	80	3.189	0.006	-0.24	0.15	1	0.05	4.22	0.08	9.294099808	0.221749783	2	294.61841	49.8850519
KIC 11718486	5088	160	2.915	0.009	-0.08	0.3	1.32	0.08	6.64	0.15	15.37300014	0.558000088	2	294.66245	49.868
KIC 11718785	4975	147	2.341	0.015	-0.02	0.3	2.52	0.28	17.77	0.7	152.3300018	8.555000305	2	294.80154	49.81551
KIC 11721529	5248	175	2.868	0.009	0.11	0.3	1.64	0.11	7.81	0.18	24.79299927	0.911499977	2	295.96002	49.83836
KIC 11722613	4813	153	2.706	0.009	0.45	0.3	1.43	0.09	8.79	0.21	24.74200058	1.401000023	2	296.41483	49.8383219
KIC 11723588	5280	173	3.23	0.009	0.05	0.3	1.77	0.12	5.35	0.13	12.21500015	0.534999847	2	296.80396	49.8544619
KIC 11723746	5186	159	3.301	0.009	-0.28	0.3	1.41	0.09	4.39	0.1	9.891900063	0.403550148	2	296.85513	49.8742711
KIC 11724171	4981	153	2.762	0.009	-0.07	0.3	1.32	0.09	7.93	0.19	29.37800026	1.834499359	2	297.00616	49.8312189
KIC 11751804	5244	151	3.236	0.008	-0.49	0.3	1.16	0.07	4.3	0.1	10.24699974	0.3510499	2	284.81647	49.9549481
KIC 11754215	4922	144	2.506	0.009	-0.29	0.3	1.19	0.08	10.1	0.24	53.75263	7.329076813	1	286.48114	49.9636989
KIC 11755089	5108	158	3.194	0.009	0.27	0.3	1.69	0.11	5.44	0.12	18.08806	2.567611757	1	287.14786	49.9907111
KIC 11757163	5117	159	3.157	0.009	0.11	0.3	1.56	0.1	5.46	0.13	18.35006	2.638558433	1	288.43759	49.9632681
KIC 11759040	5096	156	3.009	0.008	-0.09	0.3	1.27	0.08	5.84	0.13	13.49199963	0.742999554	2	289.50888	49.94426
KIC 11759279	5054	151	2.716	0.009	-0.54	0.3	1.17	0.07	7.86	0.18	30.72900009	1.187499046	2	289.64154	49.9596481
KIC 11764221	5173	155	2.788	0.008	-0.53	0.3	1.23	0.08	7.41	0.16	35.30180	4.858444292	1	292.46332	49.9698789
KIC 11767244	5443	168	3.292	0.009	-0.43	0.3	1.55	0.11	4.65	0.12	17.03922	2.461804982	1	293.9856	49.9595719
KIC 11768170	5291	165	3.156	0.009	-0.07	0.3	1.63	0.1	5.59	0.13	11.76000023	0.534499645	2	294.38129	49.9747011
KIC 11769120	5141	154	2.976	0.008	-0.06	0.3	1.31	0.08	6.17	0.13	15.62699986	0.416499615	2	294.80676	49.9627419
KIC 11770112	5019	155	3.232	0.008	0.34	0.3	1.33	0.08	4.62	0.1	8.092200279	0.194700003	2	295.27487	49.9771119
KIC 11770275	4907	151	2.662	0.009	0.03	0.3	1.4	0.09	9.16	0.21	27.61199951	2.332500458	2	295.34277	49.9388811
KIC 11770285	5086	154	2.872	0.009	-0.12	0.3	1.34	0.08	7.04	0.16	21.51399994	1.230499268	2	295.34863	49.9975011
KIC 11770624	5121	159	2.525	0.01	-0.52	0.3	1.25	0.09	10.11	0.25	52.40599823	4.687999725	2	295.50223	49.9213219
KIC 11770650	5080	80	2.968	0.007	-0.42	0.15	1.21	0.06	5.98	0.11	20.47800064	0.875499725	2	295.51556	49.9943889
KIC 11770708	5135	158	2.476	0.01	-0.36	0.3	1.71	0.12	12.52	0.32	97.85003	14.07987342	1	295.53732	49.9429019
KIC 11773767	5066	154	2.913	0.008	-0.01	0.3	1.35	0.08	6.73	0.15	26.78437	3.747469053	1	296.79755	49.98494
KIC 11773952	4949	155	2.472	0.01	-0.4	0.3	1.14	0.09	10.25	0.29	56.58588	8.39494389	1	296.87375	49.91066
KIC 11775671	5145	165	3.21	0.009	-0.06	0.3	1.79	0.12	5.5	0.13	19.03082	2.81222994	1	297.5759	49.9867211
KIC 11804952	4990	149	2.699	0.01	0.01	0.3	1.42	0.1	8.81	0.23	43.20605	6.077596316	1	286.56653	50.08947
KIC 11807906	5064	156	2.879	0.009	-0.05	0.3	1.71	0.11	7.88	0.18	25.46999931	1.619000435	2	288.43665	50.0757219
KIC 11811718	5037	151	2.512	0.01	-0.25	0.3	1.35	0.1	10.68	0.27	48.66799927	3.336999893	2	290.55826	50.0876081
KIC 11819657	4875	80	3.195	0.006	0.29	0.15	1.32	0.07	4.81	0.09	11.73219	0.963862359	1	294.6781	50.08353
KIC 11820444	5299	164	3	0.008	-0.62	0.3	1.19	0.07	5.71	0.13	16.94499969	0.844499588	2	295.03366	50.06723
KIC 11821135	5077	149	2.879	0.008	-0.08	0.3	1.58	0.09	7.57	0.16	34.18306	4.606950692	1	295.35916	50.0630911
KIC 11821793	5092	157	2.618	0.009	-0.41	0.3	1.19	0.08	8.89	0.2	27.25399971	1.815999985	2	295.63782	50.0798
KIC 11822102	5011	153	2.506	0.009	-0.14	0.3	1.51	0.1	11.35	0.28	40.78699875	2.464000702	2	295.76474	50.0731319
KIC 11822898	5019	153	2.579	0.011	-0.28	0.3	1.6	0.12	10.75	0.29	28.72299957	2.30300045	2	296.08585	50.0515519
KIC 11823409	4789	143	2.654	0.009	0.17	0.3	1.43	0.09	9.32	0.21	26.81800079	2.020500183	2	296.28967	50.0076789
KIC 11824817	5062	153	2.986	0.008	-0.15	0.3	1.29	0.08	6.04	0.13	17.66500092	0.660500526	2	296.86545	50.0149311
KIC 11824855	5192	160	2.972	0.008	-0.33	0.3	1.33	0.08	6.23	0.14	21.14299965	1.055999756	2	296.88217	50.0758289
KIC 11825497	5125	159	2.961	0.011	-0.17	0.3	1.57	0.13	6.87	0.2	21.66799927	1.104000092	2	297.14563	50.0097389
KIC 11852899	5087	151	3.274	0.008	0.18	0.3	1.45	0.09	4.61	0.1	8.614899635	0.331850052	2	284.94977	50.17374
KIC 11858749	5256	158	3.218	0.008	-0.12	0.3	1.48	0.09	4.96	0.11	11.06799984	0.348999977	2	288.7634	50.1000711
KIC 11860515	5151	155	3.258	0.009	-0.09	0.3	1.22	0.08	4.29	0.11	8.102199554	0.240450144	2	289.78635	50.1183089
KIC 11862764	5401	160	3.233	0.009	-0.46	0.3	1.82	0.12	5.4	0.13	18.28899956	0.874500275	2	291.15347	50.1839711
KIC 11867770	5051	155	2.63	0.01	-0.65	0.3	1.39	0.1	9.46	0.24	42.94900131	2.867500305	2	293.78735	50.1878011
KIC 11868163	5190	158	3.032	0.009	-0.37	0.3	1.42	0.09	6.03	0.14	16.1590004	0.818499565	2	293.98462	50.1397589
KIC 11868394	5085	160	2.872	0.011	-0.02	0.3	1.46	0.11	7.33	0.19	16.43799973	3.320499897	2	294.09787	50.1339911
KIC 11869802	5002	154	2.389	0.013	-0.11	0.3	1.33	0.13	12.21	0.41	83.79085	12.66267397	1	294.71576	50.1519011
KIC 11870581	5046	159	2.79	0.009	0.11	0.3	1.43	0.09	7.97	0.19	36.97398	5.383751348	1	295.10031	50.1785811
KIC 11870637	4862	159	2.562	0.011	0.19	0.3	1.36	0.11	10.12	0.3	32.09199905	1.793499947	2	295.12469	50.13781
KIC 11871165	4930	162	2.733	0.009	0.15	0.3	1.48	0.1	8.68	0.21	28.36800003	1.048999786	2	295.38309	50.1332889
KIC 11872343	5061	160	3.076	0.008	0.11	0.3	1.36	0.08	5.59	0.12	18.40600	2.65746022	1	295.85727	50.1001589
KIC 11872677	5173	164	2.69	0.009	-0.7	0.3	1.32	0.09	8.6	0.21	47.55075	6.981883488	1	295.98975	50.1405411
KIC 11872794	5200	171	3.051	0.009	-1.33	0.3	1.11	0.07	5.2	0.12	15.84399986	0.521999836	2	296.04056	50.1943281
KIC 11873428	5188	156	3.142	0.008	-0.23	0.3	1.23	0.08	4.93	0.11	11.24600029	0.400499821	2	296.29852	50.1372989
KIC 11873702	5181	169	3.002	0.009	-0.04	0.3	1.54	0.1	6.49	0.15	20.29400063	0.871500015	2	296.40262	50.1441189
KIC 11873903	5263	161	3.129	0.009	-0.49	0.3	1.39	0.09	5.31	0.12	13.93299961	0.766000271	2	296.49277	50.1440811
KIC 11873906	5085	154	2.755	0.009	-0.31	0.3	1.28	0.08	7.87	0.18	23.59499931	1.06400013	2	296.49362	50.1556089
KIC 11903967	5082	153	2.443	0.012	-0.71	0.3	1.71	0.15	12.99	0.39	83.5739975	8.69549942	2	285.56998	50.21059
KIC 11906129	4857	145	2.82	0.008	0.15	0.3	1.43	0.09	7.71	0.17	20.0510006	1.045999527	2	286.99915	50.22802
KIC 11910475	5240	155	3.248	0.009	-0.12	0.3	1.47	0.1	4.77	0.11	12.16600037	0.33700037	2	289.5643	50.27055
KIC 11911699	5028	149	3.027	0.008	0.02	0.3	1.28	0.08	5.74	0.14	18.90581	2.615979653	1	290.22397	50.2934989
KIC 11911929	5134	153	2.961	0.009	-0.17	0.3	1.46	0.09	6.62	0.15	27.33569	3.764930013	1	290.3689	50.27055
KIC 11913052	4947	157	3.004	0.009	0.28	0.3	1.32	0.08	5.99	0.14	19.29354	2.820800683	1	291.04498	50.2822611
KIC 11913122	5312	185	3.035	0.014	-0.15	0.3	1.48	0.15	6.12	0.22	5.006999969	0.507600069	2	291.09607	50.2048
KIC 11917138	5208	155	3.261	0.009	-0.31	0.3	1.29	0.09	4.41	0.11	10.6619997	0.641499996	2	293.38318	50.2800289
KIC 11920372	5138	153	2.952	0.008	-0.54	0.3	1.34	0.08	6.4	0.14	18.21299934	0.650500298	2	294.92404	50.2690089
KIC 11922275	5128	157	2.647	0.009	-0.3	0.3	1.38	0.09	9.23	0.22	54.5359993	4.70749855	2	295.80048	50.28904
KIC 11923687	4823	147	2.508	0.009	-0.55	0.3	1.11	0.08	9.72	0.24	42.24100113	2.502500534	2	296.41125	50.2829511
KIC 11925223	5251	166	3.17	0.012	-0.4	0.3	1.56	0.14	5.37	0.16	15.2329998	0.648499966	2	297.01971	50.23135
KIC 11954812	5100	151	3.144	0.008	0.01	0.3	1.22	0.07	4.91	0.11	14.64314	2.00245088	1	286.40848	50.3815311
KIC 11958976	5305	161	3.054	0.009	-0.1	0.3	1.96	0.12	6.88	0.16	33.65960	4.726189955	1	289.04233	50.3428119
KIC 11961231	5068	153	2.57	0.009	-0.55	0.3	1.22	0.08	9.51	0.22	39.69200134	2.777500153	2	290.30359	50.3866689
KIC 11966475	4948	151	2.641	0.009	-0.12	0.3	1.37	0.09	9.27	0.23	46.24542	6.579884802	1	293.44	50.37653
KIC 11970109	5157	159	2.694	0.009	-0.21	0.3	1.42	0.09	8.87	0.21	49.96044	7.129457727	1	295.10718	50.3704489
KIC 11970185	4962	158	2.613	0.009	0.07	0.3	1.29	0.09	9.27	0.23	46.77104	6.907802851	1	295.15488	50.3109089
KIC 11970375	5153	180	2.793	0.009	-0.47	0.3	1.16	0.08	7.16	0.18	34.54399872	2.281499863	2	295.25671	50.30064
KIC 11970742	5111	150	3.175	0.008	-0.23	0.3	1.27	0.08	4.82	0.11	9.756799698	0.420700073	2	295.4234	50.37701
KIC 11971452	4990	151	2.578	0.011	-0.09	0.3	1.38	0.11	10	0.27	31.71100044	1.987000465	2	295.72125	50.3674319
KIC 11972640	5033	151	2.628	0.01	-0.31	0.3	1.64	0.12	10.28	0.26	37.58200073	3.083999634	2	296.24701	50.3534089
KIC 11973017	5230	159	3.297	0.009	-0.07	0.3	1.46	0.09	4.49	0.1	13.54222	1.894722653	1	296.40686	50.39185
KIC 11973307	5177	161	2.73	0.009	-0.39	0.3	1.54	0.1	8.86	0.21	34.84000015	1.969499588	2	296.52588	50.32156
KIC 11974240	5300	166	3.152	0.009	-0.74	0.3	1.28	0.08	4.96	0.11	17.42839	2.503470951	1	296.8956	50.38023
KIC 12003435	5265	153	3.049	0.008	-0.37	0.3	1.33	0.08	5.72	0.12	16.2310009	0.553500175	2	285.57401	50.4177019
KIC 12004372	5166	180	3.105	0.009	-0.16	0.3	1.03	0.07	4.71	0.11	14.18567	2.2578075	1	286.20224	50.4867131
KIC 12009802	5120	162	2.612	0.009	-0.14	0.3	1.34	0.09	9.47	0.23	34.63600159	2.489999771	2	289.61963	50.46722
KIC 12012262	5007	154	2.595	0.01	-0.01	0.3	1.42	0.1	9.93	0.25	38.72600174	2.747499466	2	291.10776	50.45089
KIC 12017829	5069	151	2.834	0.008	-0.14	0.3	1.32	0.08	7.3	0.16	21.14100075	0.673999786	2	294.21808	50.4000281
KIC 12018555	5120	167	3.047	0.009	0.19	0.3	1.34	0.09	5.75	0.13	20.39887	3.046149947	1	294.56976	50.4166411
KIC 12018854	5041	158	2.569	0.011	-0.01	0.3	1.37	0.11	10.07	0.29	33.87200165	1.681499481	2	294.71259	50.4584689
KIC 12019910	4948	80	2.905	0.008	0.01	0.15	1.78	0.11	7.79	0.17	28.1609993	0.975500107	2	295.25323	50.49543
KIC 12020913	5153	156	2.864	0.009	-0.28	0.3	1.26	0.08	6.88	0.16	20.75399971	1.139499664	2	295.71643	50.4303511
KIC 12021332	4874	147	2.37	0.01	-0.38	0.3	1.39	0.1	12.74	0.34	56.22399902	4.489999771	2	295.88657	50.4913481
KIC 12023467	5153	158	3.226	0.008	-0.16	0.3	1.31	0.08	4.62	0.1	9.430100441	0.220299721	2	296.74731	50.4648089
KIC 12052312	5002	175	2.952	0.009	0.11	0.3	1.45	0.1	6.66	0.16	15.68599987	1.050500393	2	285.64615	50.5359611
KIC 12055022	4962	147	2.559	0.009	-0.55	0.3	1.13	0.07	9.26	0.22	46.67019	6.433034555	1	287.52155	50.5753711
KIC 12055763	5096	150	3.086	0.008	-0.27	0.3	1.24	0.08	5.29	0.12	14.01799965	0.489500046	2	288.00595	50.5924419
KIC 12056065	4940	172	3.044	0.009	-0.22	0.3	1.12	0.07	5.27	0.12	12.91699982	0.386000156	2	288.18698	50.527485
KIC 12058143	5187	158	3.206	0.009	-0.13	0.3	1.32	0.08	4.75	0.11	14.66367	2.064616577	1	289.35468	50.5030781
KIC 12058879	5254	156	3.253	0.01	-0.53	0.3	1.28	0.09	4.42	0.11	10.6420002	0.363500118	2	289.79691	50.5590211
KIC 12059363	5015	149	2.619	0.009	-0.27	0.3	1.31	0.09	9.28	0.23	38.04299927	3.192001343	2	290.05933	50.5963711
KIC 12059823	5114	153	2.911	0.008	-0.17	0.3	1.41	0.09	6.88	0.15	20.95100021	1.012999535	2	290.31238	50.5880811
KIC 12060262	4941	149	2.639	0.009	-0.12	0.3	1.57	0.11	9.93	0.24	36.0320015	2.066999435	2	290.58664	50.5364911
KIC 12061355	4905	146	2.654	0.009	-0.41	0.3	1.21	0.08	8.56	0.2	27.15600014	1.980500221	2	291.30112	50.5707211
KIC 12061860	5197	156	2.877	0.009	-0.53	0.3	1.43	0.09	7.22	0.16	34.14096	4.72007615	1	291.60049	50.5864789
KIC 12062344	5084	153	2.969	0.008	-0.03	0.3	1.48	0.09	6.6	0.14	26.12766	3.603045613	1	291.88367	50.5470311
KIC 12066026	5307	160	3.146	0.008	-0.45	0.3	1.25	0.08	4.95	0.11	17.45007	2.422722153	1	293.84796	50.5272219
KIC 12066259	5261	156	3.009	0.008	-0.46	0.3	1.48	0.09	6.3	0.14	19.69099998	0.807499886	2	293.94669	50.58408
KIC 12066619	5189	156	2.923	0.009	-0.35	0.3	1.74	0.12	7.56	0.18	26.94400024	1.167000771	2	294.10544	50.5807189
KIC 12066700	5364	166	3.232	0.009	-0.1	0.3	1.64	0.11	5.14	0.12	13.33300018	0.512000084	2	294.13367	50.5098919
KIC 12067549	4984	154	2.871	0.009	0.06	0.3	1.32	0.08	6.98	0.16	26.99066	3.844193423	1	294.55902	50.5952419
KIC 12069776	5276	160	3.187	0.008	-0.23	0.3	1.35	0.08	4.91	0.11	11.06200027	0.400000095	2	295.61719	50.5770681
KIC 12070053	4957	157	2.698	0.009	0.02	0.3	1.62	0.11	9.42	0.23	32.79199982	1.609500885	2	295.7189	50.5803411
KIC 12070325	5266	158	3.166	0.009	-0.53	0.3	1.29	0.08	4.9	0.11	16.57701	2.294348371	1	295.83246	50.5642811
KIC 12071530	4965	154	2.84	0.008	0	0.3	1.48	0.09	7.65	0.17	20.14699936	1.06099987	2	296.31564	50.5119781
KIC 12072060	4889	145	2.739	0.009	-0.18	0.3	1.28	0.08	8.01	0.18	32.91059	4.508995802	1	296.53452	50.5861211
KIC 12072664	4961	152	2.615	0.009	-0.08	0.3	1.32	0.09	9.37	0.23	34.4109993	6.419499397	2	296.78198	50.5608219
KIC 12104737	4934	144	2.651	0.009	-0.27	0.3	1.21	0.08	8.6	0.2	39.35356	5.33901968	1	287.82785	50.6668011
KIC 12105096	5026	150	2.513	0.008	-0.46	0.3	1.37	0.09	10.74	0.25	55.58800125	3.258499146	2	288.05899	50.6293181
KIC 12105554	5012	149	2.592	0.009	-0.32	0.3	1.22	0.08	9.27	0.21	35.59899902	2.585998535	2	288.34329	50.61198
KIC 12105959	5223	156	3.1	0.008	-0.61	0.3	1.24	0.08	5.2	0.12	18.06664	2.498832354	1	288.59543	50.65242
KIC 12106439	5038	150	2.673	0.009	-0.24	0.3	1.29	0.09	8.67	0.2	43.47718	5.996410841	1	288.8844	50.6477581
KIC 12107622	5220	157	3.231	0.008	0.04	0.3	1.77	0.11	5.34	0.12	19.00882	2.636920283	1	289.56671	50.6025311
KIC 12108854	4998	148	2.756	0.008	-0.6	0.3	1.15	0.07	7.45	0.16	25.63199997	1.770999908	2	290.25375	50.6770589
KIC 12109031	5153	159	3.047	0.009	-0.07	0.3	1.32	0.08	5.7	0.13	20.56747	2.923999673	1	290.36172	50.69598
KIC 12109080	5042	155	2.577	0.009	-0.07	0.3	1.5	0.1	10.43	0.25	46.2879982	2.819999695	2	290.39111	50.6029589
KIC 12109480	4964	146	2.753	0.008	-0.58	0.3	1.11	0.07	7.32	0.16	29.21055	3.959486853	1	290.67984	50.6573789
KIC 12109919	4920	148	2.619	0.009	-0.37	0.3	1.18	0.08	8.81	0.2	34.57400131	2.468999863	2	290.96628	50.63398
KIC 12110240	4615	161	2.439	0.035	0.18	0.3	1.23	0.4	11.09	1.5	46.3730011	0.506000519	2	291.17926	50.6302831
KIC 12110908	5209	152	3.092	0.015	-0.49	0.3	1.17	0.13	5.09	0.21	21.01099968	3.854499817	2	291.60254	50.6659319
KIC 12115374	5043	158	3.29	0.008	0.17	0.3	1.28	0.08	4.24	0.09	10.43946	1.493237759	1	294.06332	50.6442911
KIC 12117090	5059	148	3.1	0.008	-0.08	0.3	1.4	0.08	5.51	0.12	17.85470	2.407697338	1	294.87131	50.67408
KIC 12118322	5169	155	2.746	0.01	-0.6	0.3	1.59	0.12	8.84	0.23	39.70199966	3.645000458	2	295.45465	50.69302
KIC 12118338	5151	156	2.968	0.008	-0.03	0.3	1.38	0.09	6.38	0.14	15.42599964	0.717999935	2	295.46579	50.6970789
KIC 12118395	4967	148	2.902	0.008	-0.3	0.3	1.22	0.07	6.48	0.14	22.94654	3.142504648	1	295.48624	50.6006581
KIC 12120233	4961	144	2.981	0.012	-0.45	0.3	1.07	0.12	5.53	0.26	16.67399979	3.462499619	2	296.27478	50.67981
KIC 12120391	5103	153	2.872	0.008	-0.94	0.3	1.04	0.06	6.19	0.14	20.63599968	2.229499817	2	296.3421	50.67086
KIC 12151240	4830	137	2.66	0.008	-0.05	0.3	1.6	0.1	9.79	0.22	46.83219	6.169633909	1	286.41083	50.7264789
KIC 12157217	5070	150	2.598	0.01	-0.23	0.3	1.43	0.11	9.96	0.26	8.496399879	2.666200161	2	290.19666	50.74567
KIC 12157642	4883	149	2.659	0.009	0.11	0.3	1.49	0.1	9.46	0.22	35.10200119	2.989500046	2	290.45688	50.7188111
KIC 12158598	5033	146	2.993	0.009	-0.56	0.3	1.1	0.09	5.54	0.2	4.686800003	0.349699974	2	291.06104	50.7206689
KIC 12158655	4671	163	2.413	0.018	-0.44	0.3	1.09	0.22	10.76	0.99	41.43099976	2.740499496	2	291.09595	50.7726169
KIC 12164669	4982	148	2.696	0.009	-0.16	0.3	1.27	0.08	8.39	0.2	26.56500053	1.653500557	2	294.33771	50.7182081
KIC 12166463	4712	141	2.41	0.014	0.27	0.3	1.23	0.12	11.47	0.38	58.22889	8.579809325	1	295.20825	50.70927
KIC 12166563	4912	158	2.993	0.009	0.36	0.3	1.52	0.1	6.51	0.15	22.15062	3.272761869	1	295.25839	50.79567
KIC 12166621	5095	159	3.136	0.009	-0.02	0.3	1.3	0.08	5.11	0.11	15.79825	2.254817511	1	295.28876	50.7687111
KIC 12167277	5332	159	3.045	0.009	-0.29	0.3	1.75	0.12	6.57	0.15	23.62599945	1.17650032	2	295.57025	50.77483
KIC 12168062	5211	158	3.109	0.008	-0.04	0.3	1.49	0.09	5.64	0.12	11.80799961	0.413499832	2	295.88437	50.7275011
KIC 12168413	5181	157	3.211	0.009	-0.01	0.3	1.74	0.11	5.42	0.12	11.1619997	0.460999966	2	296.03046	50.7299389
KIC 12169891	5044	157	2.796	0.01	-0.05	0.3	1.44	0.1	7.94	0.2	19.54199982	1.052999496	2	296.64038	50.7746581
KIC 12170216	5008	153	2.517	0.011	-0.23	0.3	1.5	0.12	11.18	0.3	38.04600143	2.678499222	2	296.77936	50.7848819
KIC 12201679	5255	156	2.815	0.009	-0.43	0.3	1.4	0.09	7.66	0.18	36.49700165	5.033998489	2	287.30637	50.80862
KIC 12203182	5402	161	3.139	0.008	-0.28	0.3	1.41	0.09	5.3	0.12	15.82400036	0.479000092	2	288.26965	50.81031
KIC 12203197	5169	161	3.293	0.009	0.12	0.3	1.35	0.09	4.34	0.1	12.07247	1.732828196	1	288.27689	50.8021011
KIC 12207566	4997	151	2.681	0.009	-0.51	0.3	1.15	0.07	8.11	0.18	36.81880	5.121589758	1	290.86206	50.8914719
KIC 12207879	4872	146	2.629	0.009	-0.46	0.3	1.18	0.08	8.73	0.2	28.84000015	2.035500526	2	291.05832	50.8887411
KIC 12208173	5077	151	3.081	0.008	-0.38	0.3	1.25	0.08	5.33	0.11	13.45699978	0.791500092	2	291.23862	50.8569719
KIC 12208408	4819	146	2.768	0.009	0.05	0.3	1.32	0.08	7.87	0.18	29.98939	4.195975657	1	291.39163	50.8697511
KIC 12208564	4856	147	2.439	0.01	-0.16	0.3	1.22	0.09	11.02	0.28	54.0379982	3.855998993	2	291.49426	50.80405
KIC 12214399	5099	156	2.609	0.009	-0.55	0.3	1.22	0.08	9.05	0.21	35.40100098	2.186000824	2	294.67831	50.8502881
KIC 12216301	5636	189	3.183	0.009	-1.35	0.3	1.14	0.08	4.54	0.11	14.9090004	0.469500065	2	295.56879	50.8748211
KIC 12216433	4937	153	2.95	0.009	0.14	0.3	1.36	0.09	6.48	0.14	17.04700089	1.09649992	2	295.62991	50.8779489
KIC 12217154	5055	100	2.601	0.01	-0.06	0.15	2.19	0.15	12.25	0.31	87.97258	8.921068496	1	295.94128	50.8343581
KIC 12217684	4865	148	2.655	0.011	0.16	0.3	1.41	0.11	9.24	0.25	25.59000015	1.406000137	2	296.17606	50.8952411
KIC 12218634	5111	153	2.94	0.008	-0.11	0.3	1.45	0.09	6.77	0.15	28.07963	3.872554981	1	296.58496	50.85471
KIC 12251066	4979	146	2.596	0.009	-0.19	0.3	1.27	0.09	9.39	0.23	48.65083	6.674658006	1	287.05023	50.9858211
KIC 12252224	5012	144	2.551	0.011	-0.56	0.3	1.19	0.09	9.58	0.26	43.52999878	6.117500305	2	287.87094	50.9924389
KIC 12253322	4945	146	2.626	0.009	-0.15	0.3	1.25	0.09	9.01	0.22	33.97399902	2.006999969	2	288.53937	50.9760819
KIC 12254344	5085	155	2.856	0.009	-0.08	0.3	1.52	0.1	7.62	0.18	22.75099945	1.025499344	2	289.16788	50.99535
KIC 12255231	5316	160	3.301	0.009	-0.16	0.3	1.78	0.12	4.94	0.12	12.2489996	0.430500031	2	289.67426	50.9856
KIC 12256895	4742	138	2.439	0.009	0.19	0.3	1.28	0.08	11.3	0.27	47.33100128	4.508501053	2	290.59811	50.9691011
KIC 12264822	4922	149	2.544	0.01	-0.12	0.3	1.25	0.09	9.89	0.25	51.54061	7.30099773	1	294.96106	50.9954989
KIC 12265951	4918	150	2.618	0.01	-0.07	0.3	1.36	0.1	9.48	0.24	47.20210	6.731447819	1	295.49976	50.9587289
KIC 12268541	4569	134	2.297	0.009	-0.21	0.3	0.99	0.07	11.72	0.29	53.74405	7.385248215	1	296.62885	50.9031489
KIC 12301040	4938	145	2.658	0.009	-0.5	0.3	1.15	0.08	8.33	0.19	37.04119	5.03968977	1	287.47522	51.03952
KIC 12301741	5147	157	3.042	0.008	-0.09	0.3	1.56	0.09	6.23	0.13	17.61400032	0.835000038	2	287.9624	51.0676611
KIC 12301901	4864	143	2.63	0.009	-0.36	0.3	1.21	0.08	8.82	0.22	39.09327	5.389561112	1	288.07614	51.0954281
KIC 12303789	5021	150	2.586	0.008	-0.36	0.3	1.22	0.08	9.32	0.21	41.4129982	3.118000031	2	289.29617	51.02589
KIC 12314360	4838	149	2.664	0.01	0.25	0.3	1.33	0.09	8.89	0.22	38.87385	5.573487067	1	295.19473	51.01778
KIC 12314595	5061	161	2.755	0.009	-0.15	0.3	1.81	0.12	9.35	0.23	51.49429	7.590855279	1	295.31412	51.0868611
KIC 12315090	5073	156	2.647	0.009	-0.36	0.3	1.34	0.09	9.12	0.21	35.10800171	2.688499451	2	295.53513	51.0931819
KIC 12315094	4870	147	2.393	0.009	-0.17	0.3	1.25	0.09	11.79	0.3	70.19949	9.928693205	1	295.53632	51.0880511
KIC 12316294	5030	150	2.553	0.009	-0.36	0.3	1.38	0.09	10.29	0.25	56.64500046	3.799499512	2	296.05701	51.0881389
KIC 12316307	5268	160	3.096	0.008	-0.24	0.3	1.39	0.09	5.52	0.12	14.10499954	0.714999676	2	296.06039	51.0614011
KIC 12351851	4920	146	2.755	0.008	-0.46	0.3	1.2	0.07	7.62	0.17	30.54646	4.183509981	1	288.44897	51.1829111
KIC 12354843	5035	148	3.219	0.009	-0.14	0.3	1.24	0.08	4.52	0.11	11.78868	1.619254628	1	290.21341	51.18856
KIC 12366388	5156	155	3.114	0.009	-0.12	0.3	1.36	0.09	5.36	0.13	13.30799961	1.692500114	2	295.95511	51.1792911
KIC 12402804	5076	153	2.75	0.008	-0.71	0.3	1.17	0.07	7.54	0.17	33.88595	4.711592096	1	288.68045	51.24461
KIC 12402908	4876	146	2.347	0.019	-0.51	0.3	0.99	0.14	11.03	0.55	61.13000107	4.994998932	2	288.73422	51.2298089
KIC 12404984	5080	146	3.334	0.018	-0.85	0.3	1.27	0.17	4.01	0.18	8.686599731	0.297650337	2	289.89072	51.27618
KIC 12405535	5148	156	2.866	0.008	-0.36	0.3	1.38	0.09	7.17	0.16	21.63199997	0.99200058	2	290.20395	51.2462081
KIC 12406960	5015	149	2.97	0.008	-0.02	0.3	1.41	0.09	6.44	0.15	18.89699936	11.78550005	2	290.96417	51.2958489
KIC 12407512	4868	149	2.54	0.011	-0.84	0.3	1	0.08	8.88	0.26	44.7519989	3.563999176	2	291.28473	51.21217
KIC 12417414	4954	152	2.648	0.009	-0.09	0.3	1.4	0.09	9.29	0.22	46.67088	6.631630987	1	295.85281	51.2164381
KIC 12418483	4949	147	2.665	0.009	-0.66	0.3	1.11	0.07	8.11	0.19	27.5909996	1.386500359	2	296.29688	51.2384189
KIC 12453645	5098	148	3.247	0.008	-0.25	0.3	1.16	0.07	4.25	0.09	8.294500351	0.336599827	2	287.56415	51.37418
KIC 12455516	4891	147	2.425	0.01	-0.07	0.3	1.35	0.1	11.81	0.31	71.66069	10.14487297	1	288.69324	51.36668
KIC 12456237	4775	142	2.756	0.009	0.38	0.3	1.37	0.09	8.11	0.19	23.26799965	1.250500679	2	289.10471	51.3165589
KIC 12458577	4917	142	2.821	0.009	-0.01	0.3	1.28	0.08	7.29	0.17	21.79199982	1.264499664	2	290.40408	51.36414
KIC 12469760	5250	155	3.21	0.009	-0.33	0.3	1.58	0.1	5.17	0.13	11.77600002	0.436500072	2	295.8924	51.3340611
KIC 12470748	4988	146	2.868	0.008	-0.32	0.3	1.21	0.07	6.7	0.15	24.94858	3.377026893	1	296.33377	51.32402
KIC 12519799	5116	157	2.51	0.009	-0.32	0.3	1.38	0.09	10.81	0.26	53.38399887	2.854000092	2	296.22964	51.4025
KIC 12553381	4999	149	2.617	0.009	-0.54	0.3	1.16	0.08	8.76	0.2	43.02603	5.932254624	1	288.38046	51.5307389
KIC 12554051	4788	140	2.638	0.009	-0.31	0.3	1.18	0.08	8.64	0.21	29.89699936	2.049999237	2	288.81714	51.5929111
KIC 12555243	4851	144	2.92	0.009	0.35	0.3	1.34	0.08	6.64	0.15	21.92057	3.007540183	1	289.58582	51.5067411
KIC 12643757	5012	147	2.972	0.009	-0.09	0.3	1.32	0.08	6.21	0.14	21.84832	2.965203503	1	288.44043	51.7011911
KIC 12644667	4990	151	2.655	0.009	-0.07	0.3	1.42	0.09	9.29	0.22	33.74100113	2.837999344	2	289.00656	51.7191311
KIC 12644902	5092	149	3.094	0.008	-0.34	0.3	1.18	0.07	5.09	0.11	11.72099972	0.517000198	2	289.16425	51.7709881
KIC 12647110	5014	150	2.6	0.009	-0.57	0.3	1.72	0.11	10.87	0.26	34.97900009	4.71199894	2	290.48471	51.72855
KIC 12647757	5049	150	3.25	0.009	-0.07	0.3	1.16	0.07	4.22	0.1	10.39051	1.435274626	1	290.86276	51.7019081
KIC 12735062	5161	157	2.828	0.009	-0.52	0.3	1.36	0.09	7.43	0.17	22.07099915	2.087999344	2	289.34369	51.9621089
KIC 12736931	5063	152	2.835	0.008	-0.15	0.3	1.28	0.08	7.16	0.16	21.9640007	1.492499352	2	290.42593	51.9706189
KIC 12737382	5022	147	3.21	0.008	-0.35	0.3	1.09	0.07	4.29	0.09	8.949000359	0.314400196	2	290.70514	51.9095611
KIC 12833657	4996	174	3.313	0.011	0.02	0.3	1.1	0.09	3.83	0.12	10.00699997	0.342450142	2	289.5184	52.15284
KIC 12834027	5017	150	3.191	0.008	-0.38	0.3	1.18	0.07	4.56	0.1	10.92199993	0.314500332	2	289.76004	52.1670111
KIC 12834442	5038	150	3.124	0.008	-0.2	0.3	1.19	0.07	4.96	0.11	14.22940	1.953195513	1	290.01599	52.1452481
KIC 12885373	4855	144	2.627	0.009	0.12	0.3	1.42	0.09	9.59	0.22	45.87591	6.301605307	1	290.26648	52.29274
