ID	M	eM1	eM2	R	eR1	eR2	Teff	eTeff1	eTeff2	FeH	eFeH1	eFeH2	Ref	MH	eMH1	eMH2	logg	elogg1	elogg2	logg_from_M,R	L	eL1	eL2	L_from_SB	class	type	orbit_a(Rsol)	eOrbit_a	R/a	detached	well_detached	source	mode	database	logL	elogL1	elogL2	eTeff	elogg	eFeH	eL	elogL	eM	eR	percent_eL	percent_elogL	percent_eM	percent_eR	percent_eTeff	percent_elogg	percent_eFeH	logTeff	elogTeff1	elogTeff2	logM	elogM1	elogM2
mu._Cas_A	0.744	0.0122	0.0122	0.789	0.008	0.008	5306.0	31.0	31.0	-0.81	0.03	0.03	NA	NA	NA	NA	4.515	0.011	0.011	0.0	0.445	0.005	0.005	0.0	MS	G5	1618.559515	NA	0.00048747	True	True	Bond20	EB	3	-0.3516399890190684	0.0048525027944120724	0.0049073344947441755	31.0	0.011	0.03	0.005	0.004879918644578124	0.0122	0.008	1.1235955056179776	1.3877598671843607	1.639784946236559	1.0139416983523448	0.5842442517904259	0.24363233665559245	-3.7037037037037033	3.7247672456463103	0.0025299571572769963	0.0025447816765802322	-0.1284270644541213	0.007063737480638099	0.0071805303952900135
KIC7037405_B	1.11	0.011	0.011	1.746	0.014	0.014	6094.0	138.0	148.0	-0.27	0.1	0.1	NA	NA	NA	NA	3.999	0.0071	0.0071	0.0	3.78785	0.80815	0.3599	1.0	MS	NA	193.8	0.89	0.009009288	True	True	Brogaard18	EB	3	0.578392772479564	0.08398724753668363	0.043358293791547986	143.0	0.0071	0.1	0.584025	0.06367277066411581	0.011	0.014	15.418377179666566	11.008569555797054	0.9909909909909907	0.8018327605956472	2.3465703971119134	0.17754438609652415	-37.03703703703704	3.784902449886655	0.009724994777853269	0.010677545017735657	0.045322978786657475	0.004282633808315672	0.004325286363166828
KIC9540226_B	1.002	0.015	0.015	1.014	0.014	0.014	6157.0	131.0	131.0	-0.23	0.1	0.1	NA	NA	NA	NA	4.427	0.1	0.1	0.0	1.33121	0.23289	0.11564	1.0	MS	NA	176.0	1.3	0.005761364	True	True	Brogaard18	EB	3	0.12424657136289495	0.07001794466262228	0.03946659811493551	131.0	0.1	0.1	0.174265	0.05474227138877889	0.015	0.014	13.090721974744781	44.05938191154557	1.4970059880239521	1.3806706114398424	2.127659574468085	2.25886604924328	-43.47826086956522	3.7893691535914815	0.009143379439870092	0.009340026254143208	0.0008677215312269133	0.006453231391517643	0.006550568861590186
KIC9970397_B	1.003	0.0085	0.0085	1.1089	0.0052	0.0052	6221.0	125.0	125.0	-0.35	0.1	0.1	NA	NA	NA	NA	4.3493	0.0054	0.0054	0.0	1.65928	0.16483	0.13032	1.0	MS	NA	207.92	0.73	0.005333301	True	True	Brogaard18	EB	3	0.21991967848625152	0.04113134572136626	0.03552355475248645	125.0	0.0054	0.1	0.147575	0.03832745023692635	0.0085	0.0052	8.893917843884093	17.427931188669152	0.8474576271186443	0.46893317702227433	2.009323259926057	0.12415791046835123	-28.571428571428573	3.7938602013426697	0.008639866421723763	0.008815243011125684	0.001300933020418072	0.0036649540864053536	0.0036961455599637213
KIC10709834	1.39	0.04	0.03	1.76	0.03	0.02	6508.0	84.0	84.0	-0.08	0.09	0.09	NA	NA	NA	NA	4.092	0.01	0.01	NA	5.709	0.462955304	0.462955304	NA	MS	F	NA	NA	NA	NA	NA	C14bruntt	A	1	0.7565600430066829	0.03386272932667522	0.03672805657250233	84.0	0.01	0.09	0.462955304	0.03529539294958878	0.035	0.025	8.109218847433878	4.665246767370848	2.5179856115107917	1.4204545454545454	1.290719114935464	0.2443792766373412	-112.5	3.8134475442648212	0.005569654424238291	0.005642011994196672	0.14301480025409505	0.012321237210966757	0.009475891883877569
KIC1430163	1.34	0.06	0.06	1.48	0.03	0.03	6520.0	84.0	84.0	-0.11	0.09	0.09	NA	NA	NA	NA	4.221	0.013	0.014	NA	3.592	0.288982235	0.288982235	NA	MS	F	NA	NA	NA	NA	NA	C14bruntt	A	1	0.5553363279952668	0.03360532678826045	0.03642541848165359	84.0	0.0135	0.09	0.288982235	0.03501537263495702	0.06	0.03	8.045162444320711	6.305255188573844	4.477611940298507	2.027027027027027	1.2883435582822085	0.31982942430703626	-81.81818181818181	3.81424759573192	0.005559468858835626	0.005631560304928396	0.12710479836480765	0.01902323731343042	0.019894828716939275
KIC5021689	1.22	0.08	0.07	1.79	0.04	0.04	6168.0	84.0	84.0	-0.08	0.09	0.09	NA	NA	NA	NA	4.016	0.011	0.01	NA	4.306	0.358627328	0.358627328	NA	MS	F	NA	NA	NA	NA	NA	C14bruntt	A	1	0.6340740254874684	0.03474292680548541	0.03776589535422625	84.0	0.010499999999999999	0.09	0.358627328	0.03625441107985583	0.07500000000000001	0.04	8.328549187180679	5.717693774316632	6.147540983606558	2.2346368715083798	1.3618677042801557	0.2614541832669322	-112.5	3.7901443650429005	0.005874604304248798	0.005955159661939824	0.08635983067474821	0.027583521632088576	0.025661990321136564
KIC5450445	1.39	0.07	0.06	1.99	0.04	0.04	6112.0	84.0	84.0	0.05	0.09	0.09	NA	NA	NA	NA	3.985	0.009	0.009	NA	5.484	0.465478939	0.465478939	NA	MS	F	NA	NA	NA	NA	NA	C14bruntt	A	1	0.7390974461174751	0.03538148535455954	0.038521695043855164	84.0	0.009	0.09	0.465478939	0.03695159019920735	0.065	0.04	8.48794564186725	4.999555930454957	4.676258992805756	2.0100502512562812	1.37434554973822	0.22584692597239647	180.0	3.7861833455676335	0.0059280635195348985	0.006010101925039368	0.14301480025409505	0.021338055530342043	0.019163159287009304
KIC5774694	1.06	0.05	0.06	1.0	0.03	0.03	5875.0	84.0	84.0	0.07	0.09	0.09	NA	NA	NA	NA	4.463	0.017	0.019	NA	0.953	0.061686383	0.061686383	NA	MS	G	NA	NA	NA	NA	NA	C14bruntt	A	1	-0.02090709936167361	0.02723893158244398	0.029062359151703545	84.0	0.018000000000000002	0.09	0.061686383	0.028150645367073762	0.055	0.03	6.472862854144806	134.646346105184	5.188679245283018	3.0	1.4297872340425533	0.4033161550526552	128.57142857142856	3.7690078709437738	0.006165514481013101	0.00625430601039989	0.02530586526477026	0.020017113521887214	0.02530586526477026
KIC5939450	1.53	0.1	0.09	2.88	0.07	0.06	6282.0	84.0	84.0	-0.18	0.09	0.09	NA	NA	NA	NA	3.701	0.017	0.013	NA	11.37	0.908440115	0.908440115	NA	MS	F	NA	NA	NA	NA	NA	C14bruntt	A	1	1.0557604646877348	0.03338273172013784	0.03616401926361257	84.0	0.015	0.09	0.908440115	0.0347733754918752	0.095	0.065	7.98979872471416	3.2936803995743693	6.209150326797386	2.2569444444444446	1.3371537726838587	0.405295865982167	-50.0	3.798097932062486	0.0057687022224981455	0.005846360159222019	0.1846914308175988	0.02749617358635903	0.026328938722349177
KIC6442183	1.08	0.05	0.05	1.71	0.03	0.03	5760.0	84.0	84.0	-0.11	0.09	0.09	NA	NA	NA	NA	4.006	0.009	0.008	NA	2.577	0.22061138	0.22061138	NA	MS	G	NA	NA	NA	NA	NA	C14bruntt	A	1	0.41111441855090475	0.03567296735778713	0.03886750187412363	84.0	0.0085	0.09	0.22061138	0.03727023461595538	0.05	0.03	8.560783081102057	9.065659810065876	4.62962962962963	1.7543859649122808	1.4583333333333333	0.2121817274088867	-81.81818181818181	3.760422483423212	0.006287723839047299	0.006380096637775612	0.03342375548694973	0.019654687996470036	0.020586530781777513
KIC9226926	1.39	0.05	0.04	1.64	0.03	0.03	6892.0	84.0	84.0	-0.23	0.09	0.09	NA	NA	NA	NA	4.151	0.013	0.012	NA	4.548	0.365619369	0.365619369	NA	MS	F	NA	NA	NA	NA	NA	C14bruntt	A	1	0.6578204560156972	0.03358105503242559	0.036396901369382784	84.0	0.0125	0.09	0.365619369	0.034988978200904186	0.045	0.03	8.039124208443273	5.318925229663163	3.2374100719424463	1.829268292682927	1.2188044109112013	0.3011322572874006	-39.130434782608695	3.8383452687759907	0.005261203148520188	0.005325721699459329	0.14301480025409505	0.015347691841154587	0.012681031759088968
KIC10130724	0.85	0.15	0.09	1.08	0.06	0.04	5648.0	70.0	70.0	0.32	0.15	0.15	NA	NA	NA	NA	4.306	0.022	0.016	NA	4.802	1.391686439	1.391686439	NA	MS	G	NA	NA	NA	NA	NA	C14sdss	A	1	0.6814221557210085	0.11052705930378837	0.14862784372222948	70.0	0.019	0.15	1.391686439	0.12957745151300892	0.12	0.05	28.981391899208667	19.015737957023696	14.117647058823529	4.62962962962963	1.2393767705382437	0.4412447747329308	46.875	3.7518946880437474	0.0053494629782226966	0.00541617811371653	-0.07058107428570728	0.07058107428570728	0.04860533343350136
KIC10202294	1.18	0.21	0.11	1.88	0.08	0.07	5803.0	66.0	66.0	0.36	0.1	0.1	NA	NA	NA	NA	3.961	0.026	0.015	NA	4.243	0.366465826	0.366465826	NA	MS	G	NA	NA	NA	NA	NA	C14sdss	A	1	0.6276730317666159	0.03597756775270222	0.039229414874940916	66.0	0.020499999999999997	0.1	0.366465826	0.03760349131382157	0.16	0.07500000000000001	8.636950883808625	5.990936269475324	13.559322033898306	3.98936170212766	1.1373427537480614	0.5175460742236808	27.77777777777778	3.7636525705645303	0.004911538949043059	0.004967720682089283	0.07188200730612536	0.07113279294796969	0.04249822962091578
KIC10290021	1.37	0.13	0.11	2.05	0.06	0.07	6215.0	56.0	56.0	0.06	0.15	0.1	NA	NA	NA	NA	3.955	0.014	0.015	NA	6.234	0.534000492	0.534000492	NA	MS	F	NA	NA	NA	NA	NA	C14sdss	A	1	0.7947667979408211	0.03569358366119768	0.0388919797548023	56.0	0.014499999999999999	0.125	0.534000492	0.03729278170799999	0.12	0.065	8.56593666987488	4.692292356024772	8.75912408759124	3.1707317073170733	0.9010458567980691	0.3666245259165613	208.33333333333334	3.7934411329776636	0.00389566779768602	0.003930928887409202	0.1367205671564068	0.039370691899274446	0.03635002203884388
KIC10858780	0.92	0.14	0.11	1.43	0.1	0.08	5672.0	60.0	60.0	-0.16	0.15	0.1	NA	NA	NA	NA	4.086	0.023	0.023	NA	2.386	0.210801879	0.210801879	NA	MS	G	NA	NA	NA	NA	NA	C14sdss	A	1	0.3776704393343231	0.03676837739576805	0.04017161991104151	60.0	0.023	0.125	0.210801879	0.03846999865340478	0.125	0.09	8.834948826487844	10.186129134493948	13.586956521739129	6.293706293706294	1.0578279266572637	0.5628976994615761	-78.125	3.75373622217501	0.0045699595502970425	0.00461855981868764	-0.036212172654444715	0.06151803791921498	0.0553028084669055
KIC11075456	1.29	0.11	0.17	1.48	0.05	0.07	6513.0	58.0	58.0	-0.2	0.3	0.2	NA	NA	NA	NA	4.207	0.018	0.02	NA	3.247	0.263707259	0.263707259	NA	MS	F	NA	NA	NA	NA	NA	C14sdss	A	1	0.5114822886260014	0.03391232862020965	0.03678641724080517	58.0	0.019	0.25	0.263707259	0.03534937293050741	0.14	0.060000000000000005	8.121566338158301	6.911162657355485	10.852713178294575	4.054054054054054	0.890526639029633	0.4516282386498693	-125.0	3.8137810781740824	0.0038503890164327537	0.0038848315716433213	0.11058971029924898	0.035538325378989086	0.06137168762906733
KIC11098033	1.38	0.21	0.14	2.26	0.12	0.09	6358.0	66.0	66.0	-0.14	0.2	0.15	NA	NA	NA	NA	3.877	0.024	0.027	NA	6.502	0.578005387	0.578005387	NA	MS	F	NA	NA	NA	NA	NA	C14sdss	A	1	0.8130469651601079	0.03698662297365607	0.04043231023758087	66.0	0.025500000000000002	0.175	0.578005387	0.03870946660561847	0.175	0.105	8.889655290679793	4.76103697133851	12.681159420289855	4.646017699115045	1.0380622837370241	0.6577250451379933	-124.99999999999999	3.803320523578754	0.004485008691870629	0.004531809627504657	0.13987908640123647	0.06151803791921498	0.04645740123900148
KIC11133100	1.4	0.25	0.17	2.37	0.14	0.13	6222.0	51.0	51.0	0.0	0.15	0.15	NA	NA	NA	NA	3.849	0.025	0.027	NA	15.06	1.32370116	1.32370116	NA	MS	F	NA	NA	NA	NA	NA	C14sdss	A	1	1.1778249718646818	0.036587045937731766	0.03995524131700545	51.0	0.026000000000000002	0.15	1.32370116	0.03827114362736861	0.21000000000000002	0.135	8.789516334661354	3.249306521900226	15.000000000000004	5.69620253164557	0.819672131147541	0.6755001299038711	inf	3.7939300067726847	0.003545280764649661	0.003574460358298115	0.146128035678238	0.07135590853566826	0.05622292423884008
KIC11189107	1.52	0.18	0.15	2.26	0.13	0.1	6795.0	94.0	94.0	-0.1	0.15	0.1	NA	NA	NA	NA	3.909	0.027	0.026	NA	10.05	0.864098657	0.864098657	NA	MS	F	NA	NA	NA	NA	NA	C14sdss	A	1	1.0021660617565078	0.03582181347374647	0.0390442849921282	94.0	0.0265	0.125	0.864098657	0.03743304923293733	0.16499999999999998	0.115	8.597996587064676	3.735214218622411	10.855263157894735	5.0884955752212395	1.3833701250919794	0.6779227423893579	-125.0	3.832189461068513	0.0059667236836347115	0.006049843132598376	0.18184358794477254	0.048605333433501374	0.04512302078836575
KIC11229052	1.27	0.12	0.15	1.48	0.05	0.07	6495.0	51.0	51.0	-0.02	0.15	0.15	NA	NA	NA	NA	4.198	0.015	0.017	NA	3.473	0.296828764	0.296828764	NA	MS	F	NA	NA	NA	NA	NA	C14sdss	A	1	0.5407047833107623	0.03561684049215219	0.038800874931897655	51.0	0.016	0.15	0.296828764	0.03720885771202492	0.135	0.060000000000000005	8.546753930319609	6.881547724470502	10.62992125984252	4.054054054054054	0.7852193995381063	0.38113387327298714	-750.0	3.812579155409047	0.003396845562938733	0.0034236236618663263	0.10380372095595687	0.03921107929813826	0.05458569828577522
KIC11453915	1.25	0.06	0.09	1.22	0.03	0.03	6608.0	58.0	58.0	-0.12	0.15	0.15	NA	NA	NA	NA	4.359	0.011	0.013	NA	2.146	0.178748413	0.178748413	NA	MS	F	NA	NA	NA	NA	NA	C14sdss	A	1	0.33162971762993226	0.034746242280822404	0.037769813298373145	58.0	0.012	0.15	0.178748413	0.036258027789597774	0.075	0.03	8.329376188257223	10.93328669358225	6.0	2.459016393442623	0.8777239709443099	0.27529249827942187	-125.0	3.8200700343123257	0.0037952750121856837	0.0038287343205425373	0.09691001300805642	0.020361282647707854	0.03245202378113797
KIC11456910	1.3	0.11	0.17	1.71	0.07	0.08	6386.0	61.0	61.0	-0.26	0.15	0.15	NA	NA	NA	NA	4.082	0.019	0.02	NA	3.678	0.320896125	0.320896125	NA	MS	F	NA	NA	NA	NA	NA	C14sdss	A	1	0.5656117249020587	0.03632839817989508	0.03964694557201731	61.0	0.0195	0.15	0.320896125	0.0379876718759562	0.14	0.07500000000000001	8.72474510603589	6.716210114373803	10.76923076923077	4.385964912280702	0.9552145317882869	0.47770700636942676	-57.69230769230769	3.805228914203426	0.004128756007679701	0.004168384355570431	0.11394335230683679	0.03527576034854314	0.060864908823417024
KIC11502597	1.08	0.19	0.11	1.61	0.11	0.07	5798.0	59.0	59.0	-0.1	0.15	0.1	NA	NA	NA	NA	4.061	0.012	0.012	NA	2.332	0.208250395	0.208250395	NA	MS	G	NA	NA	NA	NA	NA	C14sdss	A	1	0.36772854608697647	0.037147981480623204	0.040625234985076975	59.0	0.012	0.125	0.208250395	0.03888660823285009	0.15	0.09	8.9301198542024	10.574813581008337	13.888888888888888	5.590062111801242	1.0175922731976543	0.2954937207584339	-125.0	3.763278211018979	0.004397013008980988	0.004441986272020415	0.03342375548694973	0.07037996546900714	0.04665202122070484
KIC11708273	1.07	0.18	0.12	1.56	0.09	0.07	5959.0	96.0	96.0	0.24	0.15	0.1	NA	NA	NA	NA	4.081	0.023	0.022	NA	3.277	0.28619582	0.28619582	NA	MS	G	NA	NA	NA	NA	NA	C14sdss	A	1	0.5154764413823758	0.03636324883520303	0.03968846242977958	96.0	0.0225	0.125	0.28619582	0.03802585563249131	0.15	0.08	8.733470247177296	7.37683676299846	14.018691588785046	5.128205128205128	1.611008558482967	0.5513354569958343	52.083333333333336	3.775173385424787	0.0069407620542842885	0.007053491239989551	0.029383777685209667	0.06752623532284675	0.05166017239636187
KIC11757831	1.42	0.14	0.1	1.82	0.07	0.06	6754.0	70.0	70.0	-0.02	0.15	0.2	NA	NA	NA	NA	4.07	0.014	0.014	NA	7.031	0.617434134	0.617434134	NA	MS	F	NA	NA	NA	NA	NA	C14sdss	A	1	0.8470170979353542	0.03655543309126341	0.03991753872298598	70.0	0.014	0.175	0.617434134	0.038236485907124695	0.12000000000000001	0.065	8.781597695918078	4.514251955518727	8.450704225352114	3.571428571428571	1.036422860527095	0.343980343980344	-875.0	3.8295610562993927	0.004477961860073876	0.00452461507803914	0.15228834438305647	0.04083625397140514	0.03171441317720665
KIC11862119	1.17	0.15	0.13	1.52	0.09	0.08	6271.0	56.0	56.0	-0.38	0.15	0.15	NA	NA	NA	NA	4.141	0.018	0.018	NA	2.733	0.242536025	0.242536025	NA	MS	F	NA	NA	NA	NA	NA	C14sdss	A	1	0.4366396316926607	0.036925580970327054	0.04035936772498816	56.0	0.018	0.15	0.242536025	0.03864247434765761	0.14	0.08499999999999999	8.874351445298206	8.849969527011933	11.965811965811968	5.592105263157895	0.8929995216073991	0.43467761410287364	-39.473684210526315	3.7973368007753496	0.0038610336837994197	0.00389566779768602	0.06818586174616162	0.0523880694596882	0.05115252244738125
KIC11919192	1.6	0.15	0.19	2.29	0.1	0.11	6788.0	81.0	81.0	-0.28	0.2	0.15	NA	NA	NA	NA	3.919	0.019	0.02	NA	9.2	0.763354241	0.763354241	NA	MS	F	NA	NA	NA	NA	NA	C14sdss	A	1	0.9637878273455552	0.0346177443231499	0.037618013172729614	81.0	0.0195	0.175	0.763354241	0.03611787874793976	0.16999999999999998	0.10500000000000001	8.297328706521741	3.747492728499682	10.625	4.585152838427948	1.1932822628167354	0.49757591222250575	-62.49999999999999	3.8317418336456384	0.0051516827307955815	0.005213527304986698	0.2041199826559248	0.03891806603036965	0.05490087000054486
KIC11962180	1.35	0.14	0.15	1.97	0.1	0.1	6329.0	80.0	80.0	0.06	0.15	0.1	NA	NA	NA	NA	3.979	0.016	0.018	NA	6.241	0.547604773	0.547604773	NA	MS	F	NA	NA	NA	NA	NA	C14sdss	A	1	0.7952541825808829	0.03652634256108578	0.039882849648064544	80.0	0.017	0.125	0.547604773	0.03820459610457516	0.14500000000000002	0.1	8.77431137638199	4.80407358318917	10.74074074074074	5.0761421319796955	1.2640227524095433	0.427243025885901	208.33333333333334	3.8013350956745464	0.005455175909520271	0.005524571007138324	0.13033376849500614	0.04285249991726797	0.05115252244738125
KIC11971746	1.11	0.1	0.17	1.35	0.05	0.08	5952.0	75.0	75.0	0.18	0.15	0.15	NA	NA	NA	NA	4.215	0.018	0.021	NA	2.284	0.187851532	0.187851532	NA	MS	G	NA	NA	NA	NA	NA	C14sdss	A	1	0.3586960995738104	0.034326282389281704	0.03727405954952534	75.0	0.0195	0.15	0.187851532	0.03580017096940352	0.135	0.065	8.22467302977233	9.980641275982645	12.162162162162161	4.814814814814815	1.2600806451612903	0.4626334519572954	83.33333333333334	3.7746629225378223	0.005438268930089141	0.005507231823423719	0.045322978786657475	0.03746239152979268	0.07219512518695878
KIC12011630	0.85	0.12	0.08	0.99	0.05	0.03	5817.0	85.0	85.0	-0.08	0.15	0.15	NA	NA	NA	NA	4.383	0.018	0.015	NA	1.085	0.096706057	0.096706057	NA	MS	G	NA	NA	NA	NA	NA	C14sdss	A	1	0.0354297381845483	0.03707972338719009	0.04054360449092957	85.0	0.0165	0.15	0.096706057	0.038811663939059826	0.1	0.04	8.91300064516129	109.54544382150263	11.764705882352942	4.040404040404041	1.4612343132198728	0.37645448323066394	-187.5	3.7646990637983677	0.006300141365572998	0.006392882073060768	-0.07058107428570728	0.05735280855195213	0.04292820054181083
KIC12055375	1.04	0.16	0.12	1.54	0.1	0.08	5991.0	75.0	75.0	-0.34	0.2	0.1	NA	NA	NA	NA	4.081	0.025	0.026	NA	2.481	0.210149961	0.210149961	NA	MS	G	NA	NA	NA	NA	NA	C14sdss	A	1	0.3946267642722091	0.035311134688200796	0.03843830877777976	75.0	0.025500000000000002	0.15000000000000002	0.210149961	0.03687472173299028	0.14	0.09	8.470373276904475	9.344201932425069	13.461538461538463	5.844155844155844	1.2518778167250877	0.6248468512619456	-44.11764705882353	3.777499319590365	0.005403086384279554	0.0054711542655101475	0.01703333929878037	0.06214790674884445	0.053245511953225085
KIC12156916	1.28	0.14	0.16	1.58	0.06	0.07	6546.0	56.0	56.0	-0.42	0.2	0.15	NA	NA	NA	NA	4.146	0.015	0.018	NA	3.54	0.309113868	0.309113868	NA	MS	F	NA	NA	NA	NA	NA	C14sdss	A	1	0.5490032620257879	0.0363574969546403	0.03968160983157065	56.0	0.0165	0.175	0.309113868	0.038019553393105476	0.15000000000000002	0.065	8.732030169491527	6.925196264374767	11.718750000000002	4.113924050632911	0.8554842652001222	0.39797395079594794	-41.66666666666667	3.8159760009719856	0.0036995190223070296	0.0037313041716164896	0.10720996964786837	0.045078374735188095	0.05799194697768672
KIC12253255	1.48	0.16	0.14	2.27	0.11	0.09	6457.0	64.0	64.0	0.1	0.2	0.1	NA	NA	NA	NA	3.89	0.018	0.018	NA	9.183	0.787558936	0.787558936	NA	MS	F	NA	NA	NA	NA	NA	C14sdss	A	1	0.9629845843169971	0.035734920636232737	0.03894106709134093	64.0	0.018	0.15000000000000002	0.787558936	0.037337993863786834	0.15000000000000002	0.1	8.576270674071655	3.877319997834549	10.135135135135137	4.405286343612334	0.9911723710701564	0.4627249357326478	150.0	3.8100307864058394	0.004283413801620117	0.004326081971974816	0.17026171539495738	0.04458213265274047	0.04315691703014979
KIC12304142	1.36	0.09	0.11	1.83	0.04	0.05	6186.0	56.0	56.0	0.06	0.15	0.1	NA	NA	NA	NA	4.045	0.012	0.013	NA	4.448	0.382339102	0.382339102	NA	MS	F	NA	NA	NA	NA	NA	C14sdss	A	1	0.6481647785740011	0.03581284181683064	0.03903362568586821	56.0	0.0125	0.125	0.382339102	0.03742323375134943	0.1	0.045	8.595753192446042	5.773722205899962	7.352941176470588	2.459016393442623	0.9052699644358229	0.30902348578491967	208.33333333333334	3.79140991566716	0.003913848662153718	0.00394944114874507	0.13353890837021754	0.027829093864757404	0.036628895362161115
KIC12507240	1.37	0.11	0.1	1.94	0.06	0.06	6157.0	97.0	97.0	0.02	0.2	0.15	NA	NA	NA	NA	4.001	0.015	0.015	NA	4.666	0.394698516	0.394698516	NA	MS	F	NA	NA	NA	NA	NA	C14sdss	A	1	0.6689447344577338	0.0352657311384329	0.03838450786429415	97.0	0.015	0.175	0.394698516	0.036825119501363524	0.10500000000000001	0.06	8.459033776253749	5.504956927602554	7.664233576642337	3.0927835051546393	1.5754425856748417	0.37490627343164207	875.0	3.7893691535914815	0.006788723315433121	0.0068965294251954745	0.1367205671564068	0.033541148238550644	0.03291684620044992
KIC12735580	1.17	0.2	0.12	1.81	0.1	0.08	6170.0	64.0	64.0	0.06	0.15	0.15	NA	NA	NA	NA	3.994	0.03	0.029	NA	4.369	0.387567902	0.387567902	NA	MS	F	NA	NA	NA	NA	NA	C14sdss	A	1	0.6403820447095684	0.03691165615317038	0.04034273133205557	64.0	0.0295	0.15	0.387567902	0.038627193742612975	0.16	0.09	8.870860654612041	6.031898311597964	13.675213675213676	4.972375690607735	1.0372771474878444	0.7386079118678016	250.0	3.7902851640332416	0.004481633907579496	0.004528364070598645	0.06818586174616162	0.06853470541024512	0.046996562676223624
KIC1725815	1.43	0.15	0.11	2.02	0.08	0.08	6550.0	82.0	82.0	-0.08	0.15	0.1	NA	NA	NA	NA	3.982	0.014	0.014	NA	6.845	0.587496081	0.587496081	NA	MS	F	NA	NA	NA	NA	NA	C14sdss	A	1	0.8353734524700088	0.035761236412614306	0.038972322196213605	82.0	0.014	0.125	0.587496081	0.037366779304413955	0.13	0.08	8.582849978086195	4.473062819261123	9.090909090909092	3.9603960396039604	1.251908396946565	0.3515821195379207	-156.25	3.816241299991783	0.005403217550433936	0.005471288757419757	0.1553360374650618	0.043321049489360774	0.034762106259211986
KIC2865774	1.28	0.11	0.21	1.79	0.08	0.11	6074.0	63.0	63.0	-0.06	0.15	0.15	NA	NA	NA	NA	4.03	0.022	0.025	NA	3.998	0.356470017	0.356470017	NA	MS	F	NA	NA	NA	NA	NA	C14sdss	A	1	0.6018427897820982	0.037092514751305594	0.040558899658266756	63.0	0.0235	0.15	0.356470017	0.038825707204786175	0.16	0.095	8.916208529264631	6.451137716353356	12.5	5.307262569832402	1.0372077708264735	0.5831265508684863	-250.0	3.7834747875822465	0.004481335701685296	0.004528059613629676	0.10720996964786837	0.03580483060622676	0.0778261919626587
KIC3123191	1.3	0.11	0.17	1.42	0.05	0.06	6568.0	93.0	93.0	-0.1	0.15	0.1	NA	NA	NA	NA	4.243	0.02	0.022	NA	3.494	0.323861481	0.323861481	NA	MS	F	NA	NA	NA	NA	NA	C14sdss	A	1	0.5433229006469121	0.038497266698151456	0.042244661544927564	93.0	0.020999999999999998	0.125	0.323861481	0.04037096412153951	0.14	0.055	9.269075014310246	7.430381468086744	10.76923076923077	3.8732394366197185	1.4159561510353227	0.494932830544426	-125.0	3.8174331441113845	0.006106289545474652	0.006193371358095057	0.11394335230683679	0.03527576034854314	0.060864908823417024
KIC3236382	1.44	0.16	0.11	1.64	0.06	0.05	6831.0	58.0	58.0	-0.06	0.15	0.15	NA	NA	NA	NA	4.165	0.014	0.013	NA	4.73	0.3857002	0.3857002	NA	MS	F	NA	NA	NA	NA	NA	C14sdss	A	1	0.6748611407378116	0.034043944462714526	0.03694135247355623	58.0	0.0135	0.15	0.3857002	0.03549264846813538	0.135	0.055	8.154338266384777	5.259252063221778	9.375	3.353658536585366	0.8490704142878056	0.32412965186074433	-250.0	3.8344842853348053	0.0036718994173425834	0.003703209728444179	0.15836249209524964	0.0457574905606751	0.03451085112816389
KIC3344897	1.55	0.16	0.18	2.34	0.08	0.1	6630.0	83.0	83.0	-0.04	0.15	0.1	NA	NA	NA	NA	3.89	0.017	0.016	NA	8.694	0.765139525	0.765139525	NA	MS	F	NA	NA	NA	NA	NA	C14sdss	A	1	0.9392196358548183	0.03663199562719954	0.04000886026233463	83.0	0.0165	0.125	0.765139525	0.03832042794476709	0.16999999999999998	0.09	8.800776685070163	4.080028406762414	10.96774193548387	3.8461538461538463	1.2518853695324283	0.42416452442159386	-312.5	3.821513528404773	0.00540311878014732	0.005471187482776418	0.1903316981702915	0.04266441222186232	0.053611131013884705
KIC3534307	0.96	0.13	0.11	1.44	0.07	0.06	5781.0	59.0	59.0	-0.24	0.15	0.1	NA	NA	NA	NA	4.104	0.019	0.017	NA	2.003	0.175425643	0.175425643	NA	MS	G	NA	NA	NA	NA	NA	C14sdss	A	1	0.30168094929357625	0.03646179129863891	0.03980589352532188	59.0	0.018000000000000002	0.125	0.175425643	0.038133842411980395	0.12	0.065	8.758144932601096	12.640454261787351	12.5	4.513888888888889	1.0205846739318456	0.4385964912280702	-52.083333333333336	3.7620029693751156	0.004409877737284074	0.004455115905871665	-0.017728766960431602	0.055155264901055184	0.05285230732527568
KIC3547794	1.4	0.11	0.13	1.75	0.06	0.06	6825.0	81.0	81.0	-0.14	0.15	0.15	NA	NA	NA	NA	4.093	0.019	0.019	NA	5.785	0.49127116	0.49127116	NA	MS	F	NA	NA	NA	NA	NA	C14sdss	A	1	0.7623033632877684	0.03539833528993408	0.03854167156379684	81.0	0.019	0.15	0.49127116	0.03697000342686546	0.12	0.06	8.492154883318928	4.849775720182588	8.571428571428571	3.4285714285714284	1.1868131868131868	0.4642071829953579	-107.14285714285714	3.8341026557127935	0.005123918300641961	0.00518509409610779	0.146128035678238	0.03284891161493142	0.04232431472228114
KIC3967430	1.36	0.09	0.12	1.47	0.04	0.05	6622.0	53.0	53.0	0.0	0.15	0.15	NA	NA	NA	NA	4.236	0.014	0.014	NA	3.565	0.281704946	0.281704946	NA	MS	F	NA	NA	NA	NA	NA	C14sdss	A	1	0.5520595341878843	0.033029341685264724	0.03574962173992946	53.0	0.014	0.15	0.281704946	0.03438948171259709	0.105	0.045	7.901962019635344	6.229306729243662	7.720588235294117	3.061224489795918	0.8003624282694051	0.3305004721435317	inf	3.8209891764160497	0.003462093620563156	0.003489914548291395	0.13353890837021754	0.027829093864757404	0.04011722320798239
KIC4646780	1.43	0.15	0.1	1.92	0.08	0.07	6856.0	138.0	138.0	-0.12	0.15	0.15	NA	NA	NA	NA	4.029	0.019	0.019	NA	6.537	0.540582863	0.540582863	NA	MS	F	NA	NA	NA	NA	NA	C14sdss	A	1	0.815378484965918	0.03450647773854709	0.03748664831535997	138.0	0.019	0.15	0.540582863	0.03599656302695353	0.125	0.07500000000000001	8.269586400489523	4.414706015753917	8.741258741258742	3.9062500000000004	2.012835472578763	0.47158103747828245	-125.0	3.836070808915142	0.008654819058083962	0.008830809409496432	0.1553360374650618	0.043321049489360774	0.03148439649797606
KIC4931390	1.37	0.1	0.1	1.41	0.04	0.04	6557.0	51.0	51.0	-0.06	0.15	0.15	NA	NA	NA	NA	4.274	0.012	0.012	NA	3.532	0.310919875	0.310919875	NA	MS	F	NA	NA	NA	NA	NA	C14sdss	A	1	0.548020694905531	0.036640634599637956	0.040019166791037564	51.0	0.012	0.15	0.310919875	0.03832990069533776	0.1	0.04	8.80294096828992	6.994243292572218	7.2992700729927	2.8368794326241136	0.7777947231965838	0.28076743097800655	-250.0	3.816705183666515	0.003364850645810602	0.00339112472068015	0.1367205671564068	0.030596767591769353	0.03291684620044992
KIC5095850	1.43	0.25	0.11	2.27	0.17	0.09	6836.0	85.0	85.0	0.1	0.15	0.15	NA	NA	NA	NA	3.885	0.018	0.021	NA	11.33	1.012071891	1.012071891	NA	MS	F	NA	NA	NA	NA	NA	C14sdss	A	1	1.0542299098633972	0.03715816193249322	0.04063741229755258	85.0	0.0195	0.15	1.012071891	0.0388977871150229	0.18	0.13	8.932673353927624	3.6896873017066185	12.587412587412588	5.726872246696035	1.243417203042715	0.5019305019305019	150.0	3.834802054048699	0.005366795192056628	0.0054339460598789024	0.1553360374650618	0.06997324426080104	0.034762106259211986
KIC5309966	1.34	0.08	0.13	1.64	0.05	0.06	6356.0	61.0	61.0	0.1	0.15	0.15	NA	NA	NA	NA	4.131	0.014	0.015	NA	4.22	0.35276565	0.35276565	NA	MS	F	NA	NA	NA	NA	NA	C14sdss	A	1	0.6253124509616739	0.034866493799770026	0.037911960339865436	61.0	0.014499999999999999	0.15	0.35276565	0.03638922706981773	0.10500000000000001	0.055	8.359375592417061	5.819367104213965	7.835820895522389	3.353658536585366	0.9597230962869729	0.3510045993706124	150.0	3.803183888535342	0.004148150755848512	0.004188154091460561	0.12710479836480765	0.025183546018248876	0.044319428048357576
KIC5468089	1.56	0.15	0.17	2.0	0.07	0.07	6728.0	429.0	429.0	0.0	0.15	0.15	NA	NA	NA	NA	4.03	0.018	0.025	NA	5.431	0.46246895	0.46246895	NA	MS	F	NA	NA	NA	NA	NA	C14sdss	A	1	0.7348798027926275	0.035491196981335404	0.03865179457762913	429.0	0.0215	0.15	0.46246895	0.037071495779482266	0.16	0.07	8.515355367335665	5.044565878475137	10.256410256410255	3.5000000000000004	6.3763376932223546	0.5334987593052108	inf	3.827885982789856	0.026845034424086478	0.02861437443998316	0.1931245983544616	0.03987151203769221	0.050109798100366476
KIC5686856	1.14	0.14	0.11	1.78	0.09	0.08	6125.0	55.0	55.0	0.0	0.2	0.15	NA	NA	NA	NA	3.996	0.012	0.012	NA	2.777	0.070530711	0.070530711	NA	MS	F	NA	NA	NA	NA	NA	C14sdss	A	1	0.4435758797502576	0.01089253695027792	0.011172776345902746	55.0	0.012	0.175	0.070530711	0.011032656648090333	0.125	0.08499999999999999	2.5398167446885123	2.487208424024757	10.964912280701755	4.775280898876405	0.8979591836734694	0.3003003003003003	inf	3.78710609303657	0.003882382052245781	0.003917401961312628	0.05690485133647256	0.050305118311395745	0.044067626631300434
KIC6064910	1.4	0.15	0.13	2.37	0.1	0.09	6508.0	75.0	75.0	-0.26	0.2	0.15	NA	NA	NA	NA	3.836	0.015	0.015	NA	8.907	0.767730778	0.767730778	NA	MS	F	NA	NA	NA	NA	NA	C14sdss	A	1	0.9497314523157071	0.03590743628420312	0.03914603847073295	75.0	0.015	0.175	0.767730778	0.037526737377468034	0.14	0.095	8.619409206242281	3.951299842283574	10.000000000000002	4.0084388185654	1.1524277811923787	0.3910323253388947	-67.3076923076923	3.8134475442648212	0.0049763108272573575	0.005033992864452941	0.146128035678238	0.04420366249205343	0.04232431472228114
KIC6363365	1.12	0.13	0.11	1.41	0.06	0.05	6282.0	76.0	76.0	-0.58	0.15	0.1	NA	NA	NA	NA	4.188	0.016	0.016	NA	4.057	0.854109438	0.854109438	NA	MS	F	NA	NA	NA	NA	NA	C14sdss	A	1	0.6082050077043262	0.08297460425052183	0.10266290798258593	76.0	0.016	0.125	0.854109438	0.09281875611655388	0.12	0.055	21.052734483608578	15.261096988809559	10.714285714285714	3.900709219858156	1.209805794333015	0.3820439350525311	-21.551724137931036	3.798097932062486	0.005222591516267805	0.00528616081433908	0.04921802267018165	0.047691990337874766	0.044896648887539074
KIC6421967	1.24	0.1	0.11	1.27	0.04	0.05	6464.0	73.0	73.0	-0.12	0.15	0.15	NA	NA	NA	NA	4.321	0.015	0.017	NA	2.237	0.189568099	0.189568099	NA	MS	F	NA	NA	NA	NA	NA	C14sdss	A	1	0.3496659840966297	0.03532649972896845	0.03845651835856212	73.0	0.016	0.15	0.189568099	0.036891509043765286	0.10500000000000001	0.045	8.474210952168082	10.550499826019784	8.467741935483872	3.543307086614173	1.129331683168317	0.3702846563295534	-125.0	3.8105013477665297	0.004877137199388315	0.004932530217974129	0.09342168516223506	0.033683113202572584	0.04034324167881538
KIC6448798	1.4	0.22	0.12	2.4	0.14	0.1	6349.0	67.0	67.0	-0.16	0.15	0.15	NA	NA	NA	NA	3.829	0.017	0.017	NA	9.553	0.859532225	0.859532225	NA	MS	F	NA	NA	NA	NA	NA	C14sdss	A	1	0.9801397777457546	0.03741658073804732	0.04094672912994024	67.0	0.017	0.15	0.859532225	0.03918165493399378	0.16999999999999998	0.12000000000000001	8.99751099131163	3.9975578813981563	12.142857142857144	5.000000000000001	1.055284296739644	0.4439801514755811	-93.75	3.802705327074352	0.004559028201755133	0.004607395011865911	0.146128035678238	0.0633869788643929	0.03891806603036971
KIC6450651	1.1	0.18	0.12	1.72	0.11	0.09	5995.0	69.0	69.0	-0.12	0.15	0.15	NA	NA	NA	NA	4.01	0.02	0.021	NA	3.177	0.273070118	0.273070118	NA	MS	G	NA	NA	NA	NA	NA	C14sdss	A	1	0.5020172148271475	0.035810706782658186	0.039031089103541416	69.0	0.0205	0.15	0.273070118	0.0374208979430998	0.15	0.1	8.59521932640856	7.4541065202284775	13.636363636363635	5.813953488372093	1.1509591326105089	0.5112219451371572	-125.0	3.7777891874348675	0.0049700051891297115	0.005027540290835297	0.04139268515822508	0.0658172844896433	0.05016660946573018
KIC6593461	0.94	0.2	0.11	1.29	0.08	0.06	5817.0	101.0	101.0	0.24	0.15	0.15	NA	NA	NA	NA	4.193	0.026	0.023	NA	2.059	0.17859073	0.17859073	NA	MS	G	NA	NA	NA	NA	NA	C14sdss	A	1	0.31365634661803143	0.03612430753280682	0.039403963121214525	101.0	0.0245	0.15	0.17859073	0.03776413532701067	0.155	0.07	8.673663428848954	12.039971686911082	16.48936170212766	5.426356589147288	1.7362901839436136	0.5843071786310519	62.5	3.7646990637983677	0.007475897026246514	0.0076068436794352046	-0.026872146400301365	0.08377699773677393	0.05404976122362476
KIC7019341	0.98	0.2	0.12	1.39	0.1	0.08	5723.0	77.0	77.0	0.38	0.1	0.1	NA	NA	NA	NA	4.145	0.02	0.02	NA	2.351	0.220003795	0.220003795	NA	MS	G	NA	NA	NA	NA	NA	C14sdss	A	1	0.37125262912493934	0.03885008857056321	0.04266995282651703	77.0	0.02	0.1	0.220003795	0.04076002069854012	0.16	0.09	9.357881539770311	10.979052402837791	16.3265306122449	6.474820143884893	1.3454481915079504	0.48250904704463216	26.31578947368421	3.757623745908389	0.005804247654548345	0.005882872097488612	-0.00877392430750515	0.08065593161363051	0.056727624448927136
KIC7465072	1.15	0.22	0.11	1.66	0.1	0.08	6192.0	55.0	55.0	0.06	0.15	0.15	NA	NA	NA	NA	4.061	0.034	0.033	NA	4.49	0.388140708	0.388140708	NA	MS	F	NA	NA	NA	NA	NA	C14sdss	A	1	0.6522463410033232	0.036007982204118605	0.03926558252243062	55.0	0.0335	0.15	0.388140708	0.03763678236327461	0.165	0.09	8.644559198218262	5.770332464476462	14.347826086956523	5.421686746987952	0.8882428940568475	0.8249199704506279	250.0	3.791830947674836	0.003840558271185568	0.0038748243909041413	0.06069784035361165	0.0760227268027951	0.04366450105483137
KIC7530690	1.35	0.07	0.09	1.34	0.04	0.04	6836.0	62.0	62.0	-0.04	0.15	0.15	NA	NA	NA	NA	4.311	0.013	0.014	NA	3.41	0.283974195	0.283974195	NA	MS	F	NA	NA	NA	NA	NA	C14sdss	A	1	0.5327543789924978	0.034739478270834234	0.03776182024123964	62.0	0.0135	0.15	0.283974195	0.03625064925603694	0.08	0.04	8.32768900293255	6.804383161446978	5.925925925925926	2.9850746268656714	0.9069631363370392	0.3131524008350731	-375.0	3.834802054048699	0.003921135982672741	0.0039568617400878026	0.13033376849500614	0.021954575888050387	0.029963223377443227
KIC7622208	1.39	0.11	0.19	1.92	0.07	0.1	6606.0	99.0	99.0	0.0	0.15	0.15	NA	NA	NA	NA	4.008	0.013	0.014	NA	6.48	0.616787233	0.616787233	NA	MS	F	NA	NA	NA	NA	NA	C14sdss	A	1	0.8115750058705934	0.03948677907941789	0.04343935151908629	99.0	0.0135	0.15	0.616787233	0.04146306529925209	0.15	0.085	9.518321496913579	5.108962819126471	10.79136690647482	4.427083333333334	1.4986376021798364	0.33682634730538924	inf	3.8199385693553953	0.006460212832222201	0.00655776262153962	0.14301480025409505	0.03307645880158619	0.06383355420647023
KIC7938112	1.37	0.13	0.17	1.84	0.07	0.09	6520.0	70.0	70.0	-0.22	0.15	0.15	NA	NA	NA	NA	4.043	0.018	0.02	NA	7.203	0.779587287	0.779587287	NA	MS	F	NA	NA	NA	NA	NA	C14sdss	A	1	0.8575134147766897	0.04463026132989878	0.04974758785519173	70.0	0.019	0.15	0.779587287	0.047188924592545256	0.15000000000000002	0.08	10.823091586838816	5.502995495975303	10.948905109489052	4.3478260869565215	1.0736196319018405	0.46994805837249565	-68.18181818181819	3.81424759573192	0.004637818862089471	0.004687881096652635	0.1367205671564068	0.039370691899274446	0.057539321108781905
KIC8174170	1.25	0.13	0.2	2.18	0.12	0.16	5983.0	64.0	64.0	-0.04	0.15	0.15	NA	NA	NA	NA	3.859	0.016	0.016	NA	2.899	0.668392809	0.668392809	NA	MS	G	NA	NA	NA	NA	NA	C14sdss	A	1	0.46224821535499744	0.09010271719295032	0.11382511741589096	64.0	0.016	0.15	0.668392809	0.10196391730442064	0.165	0.14	23.055978233873745	22.05826089044268	13.2	6.422018348623854	1.069697476182517	0.4146151852811609	-375.0	3.7769190028420465	0.004620965763895146	0.00467066287019291	0.09691001300805642	0.042969073393180054	0.07572071393811833
KIC8377423	1.21	0.19	0.14	1.99	0.12	0.11	6059.0	57.0	57.0	0.24	0.15	0.15	NA	NA	NA	NA	3.928	0.032	0.031	NA	6.765	0.601312885	0.601312885	NA	MS	F	NA	NA	NA	NA	NA	C14sdss	A	1	0.8302678009336417	0.03698236068586058	0.04042721626004275	57.0	0.0315	0.15	0.601312885	0.03870478847295167	0.165	0.11499999999999999	8.88858662232077	4.661723413750102	13.636363636363637	5.778894472361809	0.9407492985641195	0.8019348268839104	62.5	3.7824009524965296	0.004066524243752756	0.004104961407696006	0.08278537031645007	0.06334266536178794	0.053401592631240495
KIC8391021	1.26	0.1	0.11	1.54	0.05	0.05	6250.0	51.0	51.0	-0.22	0.2	0.15	NA	NA	NA	NA	4.163	0.01	0.011	NA	2.947	0.251913091	0.251913091	NA	MS	F	NA	NA	NA	NA	NA	C14sdss	A	1	0.46938013584992516	0.03562230535583105	0.038807361321397504	51.0	0.010499999999999999	0.175	0.251913091	0.03721483333861428	0.10500000000000001	0.05	8.548119816762808	7.9285062354051075	8.333333333333334	3.2467532467532467	0.816	0.25222195532068215	-79.54545454545455	3.7958800173440754	0.0035294622710515533	0.0035583809925019416	0.10037054511756291	0.033168363252654626	0.03967270476395126
KIC8420801	1.35	0.1	0.19	1.74	0.06	0.08	6506.0	73.0	73.0	0.07	0.15	0.15	NA	NA	NA	NA	4.08	0.017	0.02	NA	4.674	0.408550153	0.408550153	NA	MS	F	NA	NA	NA	NA	NA	C14sdss	A	1	0.6696887080562082	0.03639296475582299	0.039723868152315656	73.0	0.018500000000000003	0.15	0.408550153	0.03805841645406932	0.14500000000000002	0.07	8.740910419341036	5.683001071428401	10.74074074074074	4.022988505747127	1.1220411927451583	0.45343137254901966	214.28571428571428	3.813314058945835	0.004845827451350537	0.00490050754546667	0.13033376849500614	0.031034233739968803	0.0658757792680876
KIC8435400	1.5	0.13	0.21	2.34	0.12	0.13	6322.0	59.0	59.0	0.14	0.15	0.1	NA	NA	NA	NA	3.863	0.016	0.016	NA	9.416	0.822782257	0.822782257	NA	MS	F	NA	NA	NA	NA	NA	C14sdss	A	1	0.9738664498353783	0.03638185734019672	0.03971063334311309	59.0	0.016	0.125	0.822782257	0.038046245341654905	0.16999999999999998	0.125	8.738129322429906	3.9067210240260577	11.333333333333334	5.341880341880342	0.9332489718443531	0.4141858659073259	89.28571428571428	3.800854491503561	0.004034253118830211	0.004072079802253548	0.17609125905568124	0.03609634534827655	0.06550154875643226
KIC8491374	1.38	0.14	0.19	1.95	0.09	0.1	6520.0	65.0	65.0	0.0	0.15	0.1	NA	NA	NA	NA	3.988	0.023	0.023	NA	5.685	0.476353911	0.476353911	NA	MS	F	NA	NA	NA	NA	NA	C14sdss	A	1	0.7547304690237535	0.03494568656075414	0.03800561952271986	65.0	0.023	0.125	0.476353911	0.036475653041737	0.165	0.095	8.379136517150396	4.832937656395187	11.956521739130435	4.871794871794872	0.9969325153374233	0.5767301905717152	inf	3.81424759573192	0.004308183565882473	0.004351349129481097	0.13987908640123647	0.041964501543536065	0.06433212500870573
KIC8516041	1.09	0.13	0.12	1.3	0.06	0.06	6214.0	65.0	65.0	0.18	0.15	0.15	NA	NA	NA	NA	4.246	0.018	0.019	NA	2.381	0.22232026	0.22232026	NA	MS	F	NA	NA	NA	NA	NA	C14sdss	A	1	0.37675939540487985	0.03876820282159943	0.04257117987365672	65.0	0.0185	0.15	0.22232026	0.04066969134762807	0.125	0.06	9.337264174716505	10.794605746705505	11.467889908256879	4.615384615384615	1.0460251046025104	0.435704192180876	83.33333333333334	3.7933712489189557	0.004519234139393369	0.004566755874307216	0.037426497940623665	0.04893333273412463	0.050654763674378774
KIC8981766	1.38	0.11	0.09	1.82	0.05	0.05	6237.0	72.0	72.0	-0.18	0.25	0.25	NA	NA	NA	NA	4.059	0.014	0.015	NA	14.37	1.342844371	1.342844371	NA	MS	F	NA	NA	NA	NA	NA	C14sdss	A	1	1.1574567681342256	0.038798040891442565	0.04260716665633946	72.0	0.014499999999999999	0.25	1.342844371	0.04070260377389101	0.1	0.05	9.344776416144747	3.5165549931944318	7.246376811594203	2.7472527472527473	1.1544011544011543	0.35723084503572305	-138.88888888888889	3.794975744051132	0.00498478335485153	0.005042663119381174	0.13987908640123647	0.03330718201103755	0.029289376101987577
KIC9273544	1.14	0.12	0.12	1.55	0.07	0.07	6125.0	55.0	55.0	-0.22	0.15	0.15	NA	NA	NA	NA	4.112	0.013	0.013	NA	3.128	0.271690736	0.271690736	NA	MS	F	NA	NA	NA	NA	NA	C14sdss	A	1	0.49526674438781043	0.03617266743164599	0.039461515941530856	55.0	0.013	0.15	0.271690736	0.03781709168658842	0.12	0.07	8.685765217391303	7.635701794057138	10.526315789473685	4.516129032258065	0.8979591836734694	0.316147859922179	-68.18181818181819	3.78710609303657	0.003882382052245781	0.003917401961312628	0.05690485133647256	0.04346569378109027	0.04830467957455499
KIC9402223	1.46	0.25	0.13	2.6	0.15	0.11	6350.0	52.0	52.0	-0.08	0.2	0.15	NA	NA	NA	NA	3.776	0.016	0.016	NA	11.16	0.975636586	0.975636586	NA	MS	F	NA	NA	NA	NA	NA	C14sdss	A	1	1.04766419460156	0.0363983679811688	0.03973030652087939	52.0	0.016	0.175	0.975636586	0.038064337251024094	0.19	0.13	8.742263315412186	3.6332574356519314	13.013698630136986	5.0	0.8188976377952756	0.42372881355932207	-218.75	3.8027737252919755	0.0035419445161379848	0.0035710689914503213	0.1643528557844371	0.06864325460771672	0.04050121481735128
KIC9715099	1.37	0.15	0.17	2.49	0.1	0.11	6225.0	53.0	53.0	-0.22	0.4	0.3	NA	NA	NA	NA	3.78	0.019	0.019	NA	9.337	0.806574527	0.806574527	NA	MS	F	NA	NA	NA	NA	NA	C14sdss	A	1	0.9702073588068546	0.035983665597979386	0.03923666574391993	53.0	0.019	0.35	0.806574527	0.03761016567094966	0.16	0.10500000000000001	8.638476245046588	3.876507978377121	11.678832116788321	4.216867469879518	0.8514056224899599	0.5026455026455027	-159.0909090909091	3.794139355767774	0.003681955596249953	0.0037134383766632695	0.1367205671564068	0.04512302078836575	0.057539321108781905
KIC9762786	1.38	0.14	0.19	1.96	0.1	0.12	6482.0	52.0	52.0	0.06	0.15	0.15	NA	NA	NA	NA	3.99	0.014	0.014	NA	6.917	0.598725134	0.598725134	NA	MS	F	NA	NA	NA	NA	NA	C14sdss	A	1	0.839917775678681	0.036053112970417134	0.03931926044217693	52.0	0.014	0.15	0.598725134	0.03768618670629703	0.165	0.11	8.655849848200088	4.486890002517849	11.956521739130435	5.612244897959184	0.8022215365627893	0.3508771929824562	250.0	3.811709026696191	0.0034701034432274014	0.0034980537719691007	0.13987908640123647	0.041964501543536065	0.06433212500870573
KIC9768011	1.35	0.16	0.16	2.02	0.13	0.13	6630.0	68.0	68.0	-0.26	0.2	0.15	NA	NA	NA	NA	3.955	0.023	0.024	NA	6.611	0.560297443	0.560297443	NA	MS	F	NA	NA	NA	NA	NA	C14sdss	A	1	0.8202671571609645	0.035330578891805686	0.03846135293595998	68.0	0.0235	0.175	0.560297443	0.03689596591388283	0.16	0.13	8.475229813946452	4.4980425696408295	11.851851851851851	6.435643564356436	1.0256410256410255	0.5941845764854614	-67.3076923076923	3.821513528404773	0.0044316147990750565	0.004477302354744417	0.13033376849500614	0.048643178798163295	0.05478680710247531
KIC4932691_A	1.597	0.024	0.024	1.75	0.01	0.01	7580.0	450.0	450.0	-0.4937	0.0108	0.0108	APOGEE2_DR17	-0.082	0.013	0.013	4.155	0.003	0.003	0.0	9.12	0.77	0.71	0.0	MS	NA	43.0	0.21	0.041108762	True	True	CakirliApr25	EB	3	0.9599948383284161	0.03520145326876323	0.03519884253050398	450.0	0.003	0.0108	0.74	0.035200147899633605	0.024	0.01	8.1140350877193	3.6667017877851924	1.5028177833437695	0.5714285714285714	5.936675461741425	0.07220216606498195	-2.187563297549119	3.8796692056320534	0.02504633964662739	0.026579675780187717	0.20330491613848292	0.006478098710032021	0.006576193515196088
KIC4932691_B	1.565	0.027	0.027	1.652	0.009	0.009	6935.0	1200.0	1200.0	-0.4937	0.0108	0.0108	APOGEE2_DR17	-0.082	0.013	0.013	4.196	0.004	0.004	0.0	7.21	1.05	0.92	0.0	MS	NA	43.0	0.21	0.038806671	True	True	CakirliApr25	EB	3	0.857935264719429	0.05904478260095314	0.059284619274160066	1200.0	0.004	0.0108	0.9850000000000001	0.0591647009375566	0.027	0.009	13.661581137309295	6.896173099599218	1.7252396166134187	0.5447941888619855	17.303532804614274	0.09532888465204958	-2.187563297549119	3.8410464654093035	0.06931109186357398	0.08251304317201713	0.19451434188246727	0.007428721519182918	0.007558006417055035
TIC278683641_A	1.273	0.007	0.007	1.612	0.003	0.003	5940.0	110.0	110.0	0.2907	0.0039	0.0039	APOGEE2_DR17	0.246	0.013	0.013	4.128	0.001	0.001	0.0	2.92	0.14	0.14	0.0	MS	F/G	13.5	0.021	0.119116234	True	True	CakirliDec25	EB	3	0.4653828514484183	0.02033857503316172	0.02133805553034207	110.0	0.001	0.0039	0.14	0.020838315281751896	0.007	0.003	4.794520547945206	4.4776714949630145	0.5498821681068343	0.18610421836228286	1.8518518518518519	0.02422480620155039	1.3415892672858616	3.7737864449811935	0.007968929671275493	0.008117890222179458	0.10482840365365537	0.0023815659942129364	0.00239469797231906
TIC278683641_B	0.589	0.002	0.002	0.585	0.001	0.001	3653.0	97.0	97.0	0.2907	0.0039	0.0039	APOGEE2_DR17	0.246	0.013	0.013	4.674	0.001	0.001	0.0	0.06	0.01	0.01	0.0	MS	M	13.5	0.021	0.043227666	True	True	CakirliDec25	EB	3	-1.2218487496163564	0.06694678963061307	0.07918124604762489	97.0	0.001	0.0039	0.01	0.07306401783911898	0.002	0.001	16.666666666666668	5.979792332075478	0.33955857385398985	0.17094017094017097	2.6553517656720502	0.021394950791613177	1.3415892672858616	3.5626496722119168	0.01138159551580209	0.011687919913740519	-0.2298847052128984	0.0014721860941537268	0.001477193539487165
47_Tuc-V69 A	0.876	0.005	0.005	1.316	0.005	0.005	5945.0	150.0	150.0	-0.71	0.1	0.1	NA	NA	NA	NA	4.143	0.003	0.003	NA	1.941	0.217	0.217	NA	MS	G	48.3	0.01	0.027246377	True	True	eker14	EB	1	0.28802553538836284	0.046025904958528985	0.05148827389966887	150.0	0.003	0.1	0.217	0.048757089429098927	0.005	0.005	11.17980422462648	16.928044023373378	0.5707762557077626	0.37993920972644374	2.5231286795626575	0.07241129616220131	-14.084507042253522	3.7741518589547103	0.010821850999690241	0.011098418655095532	-0.05749589383191927	0.002471802243967182	0.0024859511604175266
47_Tuc-V69 B	0.859	0.006	0.006	1.163	0.006	0.006	5959.0	150.0	150.0	-0.71	0.1	0.1	NA	NA	NA	NA	4.242	0.003	0.003	NA	1.531	0.171	0.171	NA	MS	G	48.3	0.01	0.024078675	True	True	eker14	EB	1	0.18497519069826102	0.045984365050308035	0.05143628232804354	150.0	0.003	0.1	0.171	0.048710323689175786	0.006	0.006	11.169170476812543	26.333436124757956	0.6984866123399301	0.5159071367153912	2.517200872629636	0.07072135785007072	-14.084507042253522	3.775173385424787	0.010796739707222613	0.01107200894855831	-0.0660068361687577	0.0030229436335719173	0.003044132663719279
AD_Boo A	1.414	0.009	0.009	1.614	0.014	0.014	6575.0	120.0	120.0	0.1	0.15	0.15	NA	NA	NA	NA	4.173	0.008	0.008	NA	4.375	0.356	0.356	NA	MS	F	9.41	0.02	0.17151966	True	True	eker14	EB	1	0.640978057358332	0.033974890690233295	0.03686005116629709	120.0	0.008	0.15	0.356	0.03541747092826519	0.009	0.014	8.137142857142857	5.525535628197867	0.6364922206506365	0.8674101610904585	1.8250950570342206	0.1917086029235562	150.0	3.8178957571617955	0.007854824186232179	0.007999510559356438	0.1504494094608806	0.002755490623403689	0.0027730852197818956
AD_Boo B	1.209	0.006	0.006	1.218	0.01	0.01	6145.0	120.0	120.0	0.1	0.15	0.15	NA	NA	NA	NA	4.351	0.007	0.007	NA	1.901	0.164	0.164	NA	MS	F	9.41	0.02	0.129436769	True	True	eker14	EB	1	0.27898211686544316	0.035937939126976626	0.0391822984183445	120.0	0.007	0.15	0.164	0.037560118772660564	0.006	0.01	8.627038400841663	13.46327112098598	0.4962779156327543	0.8210180623973727	1.9528071602929211	0.16088255573431395	150.0	3.788521887222473	0.00839918810769591	0.008564835975567231	0.0824263008607719	0.0021499770735591145	0.0021606735209271366
BG_Ind A	1.428	0.008	0.008	2.29	0.017	0.017	6353.0	270.0	270.0	-0.2	0.1	0.1	NA	NA	NA	NA	3.865057243	0.006891794	0.006891794	NA	7.907	1.621	1.621	NA	MS	F	NA	NA	NA	True	True	eker14	EB	1	0.8980117387975016	0.08099000967721948	0.09963736211594043	270.0	0.006891794	0.1	1.621	0.09031368589657995	0.008	0.017	20.500822056405717	10.05707186161242	0.5602240896358543	0.7423580786026202	4.249960648512514	0.17831026985387394	-50.0	3.8029788553352617	0.018075899711626597	0.018861038872338476	0.15472820744015556	0.0024262324661259715	0.00243986305709909
BG_Ind B	1.293	0.008	0.008	1.68	0.038	0.039	6653.0	233.0	233.0	-0.2	0.1	0.1	NA	NA	NA	NA	4.090979961	0.019829556	0.020341925	NA	5.117	0.881	0.881	NA	MS	F	NA	NA	NA	True	True	eker14	EB	1	0.7090154169721172	0.06899104445139115	0.08205946553666987	233.0	0.0200857405	0.1	0.881	0.07552525499403051	0.008	0.0385	17.217119405901894	10.652131559644298	0.6187161639597836	2.291666666666667	3.502179467909214	0.49097626220320656	-50.0	3.8230175234460493	0.014949494922605222	0.015482495377196148	0.11159852488039401	0.002678771681192224	0.002695397213080694
BW_Aqr A	1.479	0.02	0.02	2.057	0.04	0.04	6350.0	100.0	100.0	-0.07	0.11	0.11	NA	NA	NA	NA	3.981	0.019	0.019	NA	6.18	0.488	0.488	NA	MS	F	NA	NA	NA	True	True	eker14	EB	1	0.7909884750888159	0.03300711606715179	0.03572358367656914	100.0	0.019	0.11	0.488	0.03436534987186046	0.02	0.04	7.8964401294498385	4.344608164866342	1.352265043948614	1.9445794846864366	1.5748031496062993	0.4772670183371012	-157.14285714285714	3.8027737252919755	0.006785989343291998	0.006893707947900118	0.16996817399689249	0.005833458851387002	0.005912882103440847
BW_Aqr B	1.377	0.02	0.02	1.788	0.04	0.04	6450.0	100.0	100.0	-0.07	0.11	0.11	NA	NA	NA	NA	4.075	0.022	0.022	NA	4.966	0.417	0.417	NA	MS	F	NA	NA	NA	True	True	eker14	EB	1	0.6960067152185455	0.035017664597142395	0.03809077838859032	100.0	0.022	0.11	0.417	0.03655422149286636	0.02	0.04	8.397100281917036	5.251992645126759	1.4524328249818446	2.237136465324385	1.550387596899225	0.5398773006134968	-157.14285714285714	3.8095597146352675	0.00668158535651564	0.006785989343291998	0.13893394025692368	0.0062624658572582315	0.006354092597186611
CD_Tau A	1.441	0.016	0.016	1.798	0.017	0.017	6200.0	50.0	50.0	0.08	0.15	0.15	NA	NA	NA	NA	4.087	0.01	0.01	NA	4.285	0.171	0.171	NA	MS	F	NA	NA	NA	True	True	eker14	EB	1	0.631950826259217	0.016994355906455594	0.01768653890051175	50.0	0.01	0.15	0.171	0.017340447403483672	0.016	0.017	3.990665110851809	2.7439551754570974	1.1103400416377516	0.9454949944382648	0.8064516129032258	0.24467824810374358	187.5	3.792391689498254	0.003488327845821537	0.003516573722837091	0.15866398081398933	0.004795570956000833	0.004849116469460318
CD_Tau B	1.366	0.016	0.016	1.584	0.02	0.02	6200.0	50.0	50.0	0.08	0.15	0.15	NA	NA	NA	NA	4.174	0.012	0.012	NA	3.327	0.141	0.141	NA	MS	F	NA	NA	NA	True	True	eker14	EB	1	0.5220528008688224	0.018026287935350216	0.018807029403709707	50.0	0.012	0.15	0.141	0.01841665866952996	0.016	0.02	4.238052299368801	3.5277386959480297	1.171303074670571	1.2626262626262625	0.8064516129032258	0.287494010541447	187.5	3.792391689498254	0.003488327845821537	0.003516573722837091	0.1354506993455138	0.005057343692665861	0.005116930850507656
CO_And A	1.289	0.007	0.007	1.727	0.021	0.021	6140.0	130.0	130.0	0.01	0.15	0.15	NA	NA	NA	NA	4.074	0.011	0.011	NA	3.802	0.367	0.367	NA	MS	F	NA	NA	NA	True	True	eker14	EB	1	0.5800121125294243	0.04001978259687311	0.04408537113385502	130.0	0.011	0.15	0.367	0.042052576865364066	0.007	0.021	9.652814308258812	7.25029287439764	0.5430566330488752	1.2159814707585408	2.1172638436482085	0.2700049091801669	1500.0	3.788168371141168	0.009099169689548603	0.009293899138428152	0.110252917353403	0.002352084181171471	0.0023648921706043713
CO_And B	1.264	0.007	0.007	1.694	0.017	0.017	6170.0	130.0	130.0	0.01	0.15	0.15	NA	NA	NA	NA	4.082	0.009	0.009	NA	3.733	0.351	0.351	NA	MS	F	NA	NA	NA	True	True	eker14	EB	1	0.5720579899263045	0.03902774348856808	0.04288438666458161	130.0	0.009	0.15	0.351	0.040956065076574844	0.007	0.017	9.402625234395927	7.159425407527481	0.5537974683544304	1.0035419126328218	2.106969205834684	0.22048015678588925	1500.0	3.7902851640332416	0.009055385420340123	0.00924822541210979	0.10174707394636621	0.0023984766076419334	0.0024117962604084248
EF_Aqr A	1.244	0.008	0.008	1.338	0.012	0.012	6150.0	65.0	65.0	0.0	0.1	0.1	NA	NA	NA	NA	4.28	0.007	0.007	NA	2.301	0.108	0.108	NA	MS	F	NA	NA	NA	True	True	eker14	EB	1	0.36191661866864344	0.01992018132969997	0.020877986991120534	65.0	0.007	0.1	0.108	0.020399084160410252	0.008	0.012	4.69361147327249	5.636404383819371	0.6430868167202572	0.8968609865470851	1.056910569105691	0.1635514018691589	inf	3.788875115775417	0.004566017202246808	0.004614533209332805	0.0948203803547999	0.0027839485196109875	0.0028019096020028694
EF_Aqr B	0.946	0.006	0.006	0.956	0.012	0.012	5185.0	110.0	110.0	0.0	0.1	0.1	NA	NA	NA	NA	4.453	0.011	0.011	NA	0.593	0.057	0.057	NA	MS	K	NA	NA	NA	True	True	eker14	EB	1	-0.22694530663573742	0.039858663278593	0.04388990367149265	110.0	0.011	0.1	0.057	0.04187428347504282	0.006	0.012	9.612141652613829	18.451266561001802	0.6342494714587738	1.2552301255230125	2.1215043394406945	0.2470244778800808	inf	3.7147487607250596	0.009117203718444156	0.009312714139809053	-0.02410886359820726	0.002745811982681586	0.0027632828020941053
EK_Cep B	1.122	0.01	0.01	1.315	0.015	0.015	5700.0	190.0	190.0	0.07	0.05	0.05	NA	NA	NA	NA	4.251	0.015	0.015	NA	1.641	0.256	0.256	NA	MS	G	NA	NA	NA	True	True	eker14	EB	1	0.21510858105309322	0.06295874983556937	0.07365880765262586	190.0	0.015	0.05	0.256	0.06830877874409762	0.01	0.015	15.600243753808654	31.755487581984283	0.89126559714795	1.1406844106463878	3.3333333333333335	0.3528581510232886	71.42857142857142	3.7558748556724915	0.014240439114610037	0.01472325682070652	0.049992856920142645	0.003853569932110029	0.0038880696741039403
EW_Ori A	1.173	0.011	0.011	1.169	0.005	0.005	6070.0	95.0	95.0	0.05	0.09	0.09	NA	NA	NA	NA	4.372	0.005	0.005	NA	1.667	0.111	0.111	NA	MS	F	NA	NA	NA	True	True	eker14	EB	1	0.22193559982800534	0.027996156806189554	0.02992600717433519	95.0	0.005	0.09	0.111	0.02896108199026237	0.011	0.005	6.65866826634673	13.049317915965938	0.9377664109121908	0.42771599657827203	1.5650741350906097	0.11436413540713633	180.0	3.7831886910752575	0.0067443898564931715	0.006850781455082	0.06929801211552926	0.004053690271371688	0.004091884061217271
EW_Ori B	1.123	0.009	0.009	1.098	0.005	0.005	5900.0	95.0	95.0	0.05	0.09	0.09	NA	NA	NA	NA	4.408	0.005	0.005	NA	1.312	0.091	0.091	NA	MS	G	NA	NA	NA	True	True	eker14	EB	1	0.11793383503964149	0.02912383598871844	0.03121817109475898	95.0	0.005	0.09	0.091	0.03017100354173871	0.009	0.005	6.935975609756097	25.582991964602215	0.8014247551202136	0.4553734061930783	1.6101694915254237	0.11343012704174228	180.0	3.7708520116421442	0.006937175792723238	0.00704978756755148	0.050379756261457784	0.0034666705907948	0.003494565423747646
GX_Gem A	1.488	0.011	0.011	2.334	0.012	0.012	6194.0	100.0	100.0	-0.12	0.1	0.1	NA	NA	NA	NA	3.887	0.004	0.004	NA	7.194	0.497	0.497	NA	MS	F	NA	NA	NA	True	True	eker14	EB	1	0.8569704334824924	0.029012377872480677	0.03109013454631282	100.0	0.004	0.1	0.497	0.03005125620939675	0.011	0.012	6.908534890186266	3.5066852991971613	0.7392473118279569	0.5141388174807198	1.614465611882467	0.10290712631849756	-83.33333333333334	3.791971201020768	0.006955537556433633	0.007068751134112983	0.1726029312098599	0.0031987016384195377	0.0032224358979103807
GX_Gem B	1.467	0.01	0.01	2.244	0.012	0.012	6166.0	100.0	100.0	-0.12	0.1	0.1	NA	NA	NA	NA	3.904	0.005	0.005	NA	6.531	0.467	0.467	NA	MS	F	NA	NA	NA	True	True	eker14	EB	1	0.8149796837607568	0.029994254386130792	0.03222049113675962	100.0	0.005	0.1	0.467	0.031107372761445207	0.01	0.012	7.150512938294289	3.8169507021204474	0.6816632583503749	0.53475935828877	1.621796951021732	0.12807377049180327	-83.33333333333334	3.7900035203904894	0.006986870155197167	0.0071011144158448225	0.1664301138432827	0.0029503814686668017	0.0029705620732925486
HS_Aur A	0.898	0.019	0.019	1.005	0.023	0.023	5350.0	70.0	70.0	-0.01	0.01	0.01	NA	NA	NA	NA	4.39	0.02	0.02	NA	0.743	0.055	0.055	NA	MS	G	NA	NA	NA	True	True	eker14	EB	1	-0.1290111862394247	0.03101407759015415	0.03340037552506403	70.0	0.02	0.01	0.055	0.03220722655760909	0.019	0.023	7.402422611036339	24.96467747985627	2.1158129175946545	2.2885572139303485	1.308411214953271	0.4555808656036447	-100.0	3.7283537820212285	0.005645504517158617	0.005719859487416379	-0.04672366333269562	0.009092999002716727	0.009287461593532484
HS_Aur B	0.877	0.017	0.017	0.874	0.03	0.03	5200.0	72.0	72.0	-0.01	0.01	0.01	NA	NA	NA	NA	4.5	0.03	0.03	NA	0.501	0.048	0.048	NA	MS	G	NA	NA	NA	True	True	eker14	EB	1	-0.30016227413275426	0.039734618582846215	0.043739523854413875	72.0	0.03	0.01	0.048	0.041737071218630045	0.017	0.03	9.580838323353293	13.904835755665545	1.9384264538198406	3.4324942791762014	1.3846153846153846	0.6666666666666666	-100.0	3.716003343634799	0.005972057951154408	0.006055327124038001	-0.05700040663395948	0.008337925429877158	0.008501142122472806
HW_CMa A	1.779	0.012	0.012	1.668	0.021	0.021	7700.0	150.0	150.0	0.28	0.1	0.1	NA	NA	NA	NA	4.247	0.011	0.011	NA	8.79	0.782	0.782	NA	MS	A	NA	NA	NA	True	True	eker14	EB	1	0.9439888750737718	0.03701381486762789	0.040464810602509615	150.0	0.011	0.1	0.782	0.038739312735068754	0.012	0.021	8.896473265073949	4.103789118493723	0.6745362563237775	1.2589928057553958	1.948051948051948	0.2590063574287732	35.71428571428571	3.886490725172482	0.00837893157277092	0.008543773543293387	0.250175948083925	0.0029196377651065086	0.0029393985771609676
HW_CMa B	1.719	0.011	0.011	1.649	0.018	0.018	7560.0	150.0	150.0	0.33	0.1	0.1	NA	NA	NA	NA	4.242	0.01	0.01	NA	7.98	0.71	0.71	NA	MS	A	NA	NA	NA	True	True	eker14	EB	1	0.9020028913507294	0.0370168850979371	0.040468480491691605	150.0	0.01	0.1	0.71	0.038742682794814354	0.011	0.018	8.897243107769423	4.295183880929477	0.6399069226294356	1.0915706488781078	1.9841269841269842	0.23573785950023574	30.3030303030303	3.8785217955012063	0.008532582549750423	0.008703587521878386	0.23527587668705244	0.0027702264417429623	0.0027880103340661433
IM_Vir A	0.981	0.012	0.012	1.062	0.016	0.016	5570.0	100.0	100.0	-0.1	0.25	0.25	NA	NA	NA	NA	4.379	0.014	0.014	NA	0.975	0.082	0.082	NA	MS	G	NA	NA	NA	True	True	eker14	EB	1	-0.010995384301463193	0.035070371608889435	0.038153156809990374	100.0	0.014	0.25	0.082	0.0366117642094399	0.012	0.016	8.410256410256412	332.9739389333381	1.2232415902140672	1.5065913370998116	1.7953321364452424	0.31970769582096376	-250.0	3.745855195173729	0.007727863719177552	0.007867868840297998	-0.008330992620051497	0.00528024111543267	0.005345230329183189
KIC_6131659 A	0.922	0.007	0.007	0.88	0.003	0.003	5660.0	140.0	140.0	-0.21	0.1	0.1	NA	NA	NA	NA	4.505765577	0.004431697	0.004431697	NA	0.713	0.078	0.078	NA	MS	G	NA	NA	NA	True	True	eker14	EB	1	-0.14691047014813446	0.04508695364581097	0.05031580455988985	140.0	0.004431697	0.1	0.078	0.04770137910285041	0.007	0.003	10.93969144460028	32.469693313724754	0.7592190889370933	0.3409090909090909	2.4734982332155475	0.09835613780312744	-47.61904761904762	3.7528164311882715	0.010611562374665873	0.01087735345907248	-0.03526907894637064	0.0032847929400124237	0.003309826987181068
KIC_6131659 B	0.685	0.005	0.005	0.64	0.006	0.006	4780.0	105.0	105.0	-0.21	0.1	0.1	NA	NA	NA	NA	4.653330624	0.008738301	0.008738301	NA	0.192	0.019	0.019	NA	MS	K	NA	NA	NA	True	True	eker14	EB	1	-0.7166987712964504	0.04098122659414305	0.045255125574754085	105.0	0.008738301	0.1	0.019	0.04311817608444857	0.005	0.006	9.895833333333332	6.016220176637286	0.7299270072992701	0.9375	2.196652719665272	0.1877859474444256	-47.61904761904762	3.6794278966121188	0.009436671442673017	0.009646281403582257	-0.1643094285075744	0.003158519244829766	0.0031816587861892565
LV_Her A	1.192	0.01	0.01	1.358	0.012	0.012	6060.0	150.0	150.0	0.08	0.21	0.21	NA	NA	NA	NA	4.249	0.008	0.008	NA	2.234	0.25	0.25	NA	MS	F	NA	NA	NA	True	True	eker14	EB	1	0.3490831687795902	0.046068422724952374	0.0515415009614304	150.0	0.008	0.21	0.25	0.048804961843191386	0.01	0.012	11.190689346463742	13.980898023189038	0.8389261744966443	0.8836524300441825	2.4752475247524752	0.18827959519887036	262.5	3.782472624166286	0.010618976010293935	0.01088514328503054	0.0762762554042176	0.0036282122625030944	0.0036587788589810682
LV_Her B	1.169	0.008	0.008	1.313	0.011	0.011	6030.0	150.0	150.0	0.08	0.21	0.21	NA	NA	NA	NA	4.27	0.008	0.008	NA	2.046	0.229	0.229	NA	MS	F	NA	NA	NA	True	True	eker14	EB	1	0.3109056293761413	0.04607577161698989	0.05155070206810708	150.0	0.008	0.21	0.229	0.048813236842548485	0.008	0.011	11.192570869990227	15.700338697789554	0.6843455945252352	0.8377760853008377	2.487562189054726	0.18735362997658084	262.5	3.780317312140151	0.010671162948664659	0.010939986064012697	0.06781451116184012	0.0029619516815945768	0.0029822914232662673
RS_Cha A	1.893	0.01	0.01	2.168	0.061	0.061	7638.0	76.0	76.0	0.17	0.07	0.07	NA	NA	NA	NA	4.05	0.06	0.06	NA	14.355	1.062	1.062	NA	MS	A	NA	NA	NA	True	True	eker14	EB	1	1.1570031968325247	0.03099667557231056	0.033380192081250426	76.0	0.06	0.07	1.062	0.032188433826780494	0.01	0.061	7.398119122257054	2.7820522808321804	0.5282620179609087	2.813653136531365	0.9950248756218906	1.4814814814814816	41.1764705882353	3.882979654037299	0.004299980492723954	0.004342981010782232	0.27715061396379675	0.0022881743232237017	0.0023002939471319372
RS_Cha B	1.871	0.01	0.01	2.379	0.06	0.06	7228.0	72.0	72.0	0.17	0.07	0.07	NA	NA	NA	NA	3.936	0.06	0.06	NA	13.868	0.958	0.958	NA	MS	F	NA	NA	NA	True	True	eker14	EB	1	1.142013832984359	0.029010162801364148	0.03108759071793865	72.0	0.06	0.07	0.958	0.0300488767596514	0.01	0.06	6.907989616383039	2.6312182822800314	0.5344735435595938	2.5220680958385877	0.9961261759822911	1.524390243902439	41.1764705882353	3.8590181438888944	0.004304716231561478	0.004347811993559159	0.27207378750000993	0.0023150080503689385	0.0023274143692429416
UX_Men A	1.235	0.006	0.006	1.349	0.013	0.013	6200.0	100.0	100.0	0.04	0.1	0.1	NA	NA	NA	NA	4.272	0.003	0.003	NA	2.415	0.173	0.173	NA	MS	F	NA	NA	NA	True	True	eker14	EB	1	0.38291713508753095	0.030047136909131855	0.0322815268285766	100.0	0.003	0.1	0.173	0.031164331868854228	0.006	0.013	7.163561076604553	8.1386621316203	0.48582995951416996	0.9636767976278725	1.6129032258064515	0.07022471910112359	250.0	3.792391689498254	0.006948859955327791	0.007061854487486752	0.09166695759568456	0.002104823903045297	0.0021150747092304467
UX_Men B	1.196	0.007	0.007	1.275	0.013	0.013	6150.0	100.0	100.0	0.04	0.1	0.1	NA	NA	NA	NA	4.306	0.01	0.01	NA	2.089	0.155	0.155	NA	MS	F	NA	NA	NA	True	True	eker14	EB	1	0.3199384399803086	0.03108441260381517	0.03348197023332572	100.0	0.01	0.1	0.155	0.032283191418570445	0.007	0.013	7.419818094782192	10.09043846702428	0.5852842809364549	1.019607843137255	1.6260162601626016	0.2322340919647004	250.0	3.788875115775417	0.007004901568658628	0.007119741122947776	0.07773117965239203	0.0025344476874526595	0.0025493250337004225
V1130_Tau A	1.392	0.008	0.008	1.784	0.011	0.011	6625.0	70.0	70.0	-0.25	0.1	0.1	NA	NA	NA	NA	4.08	0.006	0.006	NA	5.508	0.26	0.26	NA	MS	F	NA	NA	NA	True	True	eker14	EB	1	0.740993931584886	0.020031320126486563	0.021000105217282128	70.0	0.006	0.1	0.26	0.020515712671884345	0.008	0.011	4.720406681190995	2.7686748564868817	0.574712643678161	0.616591928251121	1.0566037735849056	0.14705882352941177	-40.0	3.8211858826088454	0.004564698739182305	0.004613186582742124	0.14363923527454328	0.0024888004036947298	0.002503145153804315
V1130_Tau B	1.306	0.008	0.008	1.49	0.01	0.01	6650.0	70.0	70.0	-0.25	0.1	0.1	NA	NA	NA	NA	4.208	0.006	0.006	NA	3.899	0.184	0.184	NA	MS	F	NA	NA	NA	True	True	eker14	EB	1	0.5909532351879857	0.02002614473501141	0.020994417091391604	70.0	0.006	0.1	0.184	0.020510280913201506	0.008	0.01	4.719158758656065	3.470711334151012	0.6125574272588056	0.6711409395973155	1.0526315789473684	0.14258555133079848	-40.0	3.8228216453031045	0.004547627750720817	0.00459575168914883	0.11594317693905513	0.002652188284706855	0.002668484474704691
V1229_Tau B	1.565	0.015	0.015	1.587	0.042	0.042	7262.0	380.0	380.0	0.06	0.05	0.05	NA	NA	NA	NA	4.231	0.024	0.024	NA	6.295	1.74	1.74	NA	MS	F	NA	NA	NA	True	True	eker14	EB	1	0.7989957344438814	0.10599014665548201	0.1405073531348644	380.0	0.024	0.05	1.74	0.1232487498951732	0.015	0.042	27.640984908657664	15.425457806850126	0.9584664536741214	2.6465028355387523	5.232718259432663	0.5672417868116284	83.33333333333334	3.8610562445768735	0.02215078877551635	0.023341576291961985	0.19451434188246727	0.004142745071955306	0.0041826437121757765
V505_Per A	1.272	0.001	0.001	1.288	0.014	0.014	6512.0	21.0	21.0	-0.12	0.03	0.03	NA	NA	NA	NA	4.32	0.01	0.01	NA	2.679	0.069	0.069	NA	MS	F	NA	NA	NA	True	True	eker14	EB	1	0.4279727136082088	0.011044014779303946	0.01133220626992787	21.0	0.01	0.03	0.069	0.011188110524615907	0.001	0.014	2.5755879059350506	2.61421117956089	0.07861635220125786	1.0869565217391306	0.3224815724815725	0.23148148148148145	-25.0	3.813714391881145	0.0013982663086675728	0.0014027827500209256	0.10448711131239508	0.00034129234126029084	0.00034156075838685795
V505_Per B	1.254	0.001	0.001	1.267	0.014	0.014	6462.0	12.0	12.0	-0.12	0.03	0.03	NA	NA	NA	NA	4.33	0.01	0.01	NA	2.512	0.059	0.059	NA	MS	F	NA	NA	NA	True	True	eker14	EB	1	0.40001963506515853	0.010082441577702106	0.010322086858772839	12.0	0.01	0.03	0.059	0.010202264218237472	0.001	0.014	2.3487261146496814	2.5504408593782255	0.07974481658692185	1.104972375690608	0.18570102135561745	0.23094688221709006	-25.0	3.8103669536816254	0.0008057413849287265	0.0008072390463578216	0.09829753649469763	0.0003461893223592749	0.0003464655005475936
V565_Lyr A	0.995	0.003	0.003	1.101	0.007	0.007	5600.0	95.0	95.0	0.28	0.05	0.05	NA	NA	NA	NA	4.352	0.005	0.005	NA	1.072	0.079	0.079	NA	MS	G	NA	NA	NA	True	True	eker14	EB	1	0.03019478535675124	0.03088053827304057	0.03324553686137002	95.0	0.005	0.05	0.079	0.0320630375672053	0.003	0.007	7.369402985074626	106.18733396638083	0.3015075376884422	0.6357856494096277	1.6964285714285714	0.11488970588235294	17.857142857142854	3.7481880270062002	0.007305701408919063	0.007430703698429575	-0.002176919254274547	0.0013074605416456557	0.0013114085915468003
V565_Lyr B	0.929	0.003	0.003	0.971	0.009	0.009	5430.0	125.0	125.0	0.28	0.05	0.05	NA	NA	NA	NA	4.432	0.008	0.008	NA	0.736	0.077	0.077	NA	MS	G	NA	NA	NA	True	True	eker14	EB	1	-0.13312218566250114	0.043212731256569284	0.047992399743488984	125.0	0.008	0.05	0.077	0.045602565500029134	0.003	0.009	10.46195652173913	34.2561724577174	0.3229278794402583	0.9268795056642636	2.3020257826887662	0.18050541516245486	17.857142857142854	3.734799829588847	0.009884233688039146	0.010114441351487535	-0.03198428600635821	0.0014001983603396002	0.0014047273117074321
V568_Lyr A	1.075	0.008	0.008	1.4	0.016	0.016	5665.0	100.0	100.0	0.28	0.05	0.05	NA	NA	NA	NA	4.178	0.01	0.01	NA	1.811	0.143	0.143	NA	MS	G	NA	NA	NA	True	True	eker14	EB	1	0.2579184503140584	0.03300610906869583	0.03572240401233853	100.0	0.01	0.05	0.143	0.03436425654051718	0.008	0.016	7.896189950303699	13.323690685436816	0.744186046511628	1.142857142857143	1.7652250661959399	0.23934897079942558	17.857142857142854	3.753199914199416	0.007599397431301558	0.007734745528689135	0.03140846425162412	0.0032199923736962247	0.0032440448271542494
V568_Lyr B	0.827	0.004	0.004	0.768	0.006	0.006	4900.0	100.0	100.0	0.28	0.05	0.05	NA	NA	NA	NA	4.586	0.008	0.008	NA	0.305	0.028	0.028	NA	MS	K	NA	NA	NA	True	True	eker14	EB	1	-0.5157001606532142	0.038144394159534134	0.04182007028233725	100.0	0.008	0.05	0.028	0.03998223222093569	0.004	0.006	9.18032786885246	7.752999760615159	0.48367593712212825	0.78125	2.0408163265306123	0.17444395987788922	17.857142857142854	3.690196080028514	0.008773924307504899	0.008954842652926676	-0.08249449044745336	0.00209551423156433	0.0021056743402768224
V636_Cen A	1.052	0.005	0.005	1.024	0.004	0.004	5900.0	85.0	85.0	-0.2	0.08	0.08	NA	NA	NA	NA	4.444	0.004	0.004	NA	1.14	0.07	0.07	NA	MS	G	NA	NA	NA	True	True	eker14	EB	1	0.05690485133647256	0.025880518979977514	0.02752107365126298	85.0	0.004	0.08	0.07	0.026700796315620248	0.005	0.004	6.140350877192984	46.92182773265002	0.47528517110266155	0.390625	1.4406779661016949	0.09000900090009001	-40.0	3.7708520116421442	0.006212143100285061	0.0063022925776770045	0.02201573981772028	0.0020592474897059634	0.0020690581388778835
V636_Cen B	0.854	0.003	0.003	0.835	0.004	0.004	5000.0	100.0	100.0	-0.2	0.08	0.08	NA	NA	NA	NA	4.532	0.005	0.005	NA	0.391	0.034	0.034	NA	MS	K	NA	NA	NA	True	True	eker14	EB	1	-0.40782324260413316	0.03621217265444476	0.03950854128367365	100.0	0.005	0.08	0.034	0.037860356969059206	0.003	0.004	8.695652173913045	9.283521146883134	0.351288056206089	0.4790419161676647	2.0	0.11032656663724624	-40.0	3.6989700043360187	0.008600171761917519	0.008773924307504899	-0.06854212931099495	0.001522951234193104	0.001528310604417188
VZ_Cep A	1.402	0.015	0.015	1.558	0.012	0.012	6670.0	160.0	160.0	0.06	0.09	0.09	NA	NA	NA	NA	4.213	0.008	0.008	NA	4.315	0.46	0.46	NA	MS	F	NA	NA	NA	True	True	eker14	EB	1	0.6349808000512285	0.043992575868536665	0.04895641766425263	160.0	0.008	0.09	0.46	0.046474496766394646	0.015	0.012	10.660486674391656	7.319039687915794	1.0699001426533523	0.7702182284980744	2.39880059970015	0.18988844054118206	150.0	3.824125833916549	0.010294869764983616	0.01054484534835698	0.14674801363063983	0.004621836616820529	0.004671552557354963
VZ_Cep B	1.108	0.008	0.008	1.058	0.04	0.04	5720.0	120.0	120.0	0.06	0.09	0.09	NA	NA	NA	NA	4.446	0.033	0.033	NA	1.076	0.137	0.137	NA	MS	G	NA	NA	NA	True	True	eker14	EB	1	0.0318122713303704	0.052048529536202606	0.05914667906425945	120.0	0.033	0.09	0.137	0.05559760430023103	0.008	0.04	12.732342007434944	174.76779234921636	0.7220216606498194	3.7807183364839316	2.097902097902098	0.7422402159244266	150.0	3.7573960287930244	0.009016818319375286	0.009208001786824127	0.04453976039241098	0.003124434209148999	0.003147075234185906
WZ_Oph A	1.227	0.007	0.007	1.401	0.012	0.012	6165.0	100.0	100.0	-0.27	0.07	0.07	NA	NA	NA	NA	4.234	0.008	0.008	NA	2.547	0.182	0.182	NA	MS	F	NA	NA	NA	True	True	eker14	EB	1	0.40602894496361513	0.02997459070628139	0.03219779988978472	100.0	0.008	0.07	0.182	0.031086195298033054	0.007	0.012	7.145661562622693	7.656152519081794	0.5704971475142624	0.8565310492505352	1.6220600162206003	0.1889466225791214	-25.925925925925927	3.7899330809317506	0.006987994398418351	0.00710227572915878	0.08884456272700428	0.0024705969702185915	0.0024847320522559807
WZ_Oph B	1.22	0.006	0.006	1.419	0.012	0.012	6115.0	100.0	100.0	-0.27	0.07	0.07	NA	NA	NA	NA	4.221	0.008	0.008	NA	2.529	0.181	0.181	NA	MS	F	NA	NA	NA	True	True	eker14	EB	1	0.40294882934440474	0.030020461530000986	0.03225073676882789	100.0	0.008	0.07	0.181	0.03113559914941444	0.006	0.012	7.156979043100039	7.726936246488634	0.4918032786885246	0.8456659619450316	1.6353229762878168	0.18952854773750297	-25.925925925925927	3.7863964613723042	0.007044671605359376	0.007160829696440718	0.08635983067474821	0.0021306395076480106	0.002141143935509446
YZ_Cas B	1.347	0.01	0.01	1.359	0.02	0.02	6700.0	250.0	250.0	0.1	0.06	0.06	NA	NA	NA	NA	4.307	0.013	0.013	NA	3.342	0.603	0.603	NA	MS	F	NA	NA	NA	True	True	eker14	EB	1	0.5240064455573725	0.07204056198806663	0.08641441330341115	250.0	0.013	0.06	0.603	0.07922748764573889	0.01	0.02	18.043087971274684	15.119563569769948	0.7423904974016333	1.4716703458425313	3.7313432835820897	0.3018342233573253	60.0	3.8260748027008264	0.015910001889287262	0.016515088065558903	0.12936759572298562	0.0032122519367514535	0.003236188461001266
2MASS_J05282082+0338327_A	1.366	0.011	0.011	1.835	0.01	0.01	5103.0	26.0	26.0	0.025	0.275	0.275	LAMOST_DR11	NA	NA	NA	4.047	0.006	0.006	0.0	2.05716	0.04786	0.04723	1.0	MS	K1V	NA	NA	NA	NA	NA	Eker14+18	EB	3	0.3132680711865958	0.00998815527885627	0.01008713871292749	26.0	0.006	0.275	0.047545000000000004	0.01003764699589188	0.011	0.01	2.3111960178109627	3.2041717363251587	0.8052708638360174	0.5449591280653951	0.509504213207917	0.14825796886582654	1100.0	3.7078255683322316	0.002207130733522078	0.002218404927626594	0.1354506993455138	0.0034832409114098906	0.0035114041350891856
2MASS_J05282082+0338327_B	1.327	0.008	0.008	1.735	0.01	0.01	4751.0	26.0	26.0	0.025	0.275	0.275	LAMOST_DR11	NA	NA	NA	4.083	0.006	0.006	0.0	1.38176	0.03443	0.03394	1.0	MS	K3V	NA	NA	NA	NA	NA	Eker14+18	EB	3	0.140432616318118	0.010688907103449302	0.010800719835785288	26.0	0.006	0.275	0.034185	0.010744813469617295	0.008	0.01	2.474018642890227	7.651223591304015	0.6028636021100227	0.5763688760806917	0.5472532098505578	0.1469507714915503	1100.0	3.6767850304192056	0.0023702108641483477	0.0023832175739237904	0.1228709228644355	0.002610342836158505	0.002626127318070229
KIC10935310_B	0.376	0.017	0.017	0.3475	0.0081	0.0081	3460.0	210.0	210.0	-0.281	0.029	0.029	LAMOST_DR11	NA	NA	NA	4.932	0.028	0.028	0.0	0.01559	0.00421	0.00353	1.0	MS	M3V	11.03	0.21	0.031504986	True	True	Eker14+18	EB	3	-1.8071538848111584	0.1038190750726895	0.11149880738470919	210.0	0.028	0.029	0.00387	0.10765894122869935	0.017	0.0081	24.823604874919823	5.957375414100352	4.521276595744681	2.3309352517985613	6.069364161849711	0.5677210056772101	-10.320284697508898	3.5390760987927767	0.02558996545931258	0.0271927378139023	-0.42481215507233894	0.019204705447765646	0.02009339634934193
KIC3230227_A	1.84	0.18	0.18	2.01	0.09	0.09	8000.0	30.0	30.0	-0.135	0.005	0.005	LAMOST_DR11	NA	NA	NA	4.097	0.058	0.058	0.0	14.90894	1.38342	1.32405	1.0	MS	A6	23.64	0.95	0.085025381	True	True	Eker14+18	EB	3	1.1734467669596644	0.03853723083817373	0.040390640774501385	30.0	0.058	0.005	1.353735	0.03946393580633756	0.18	0.09	9.080021785586366	3.363078489583846	9.782608695652174	4.477611940298508	0.375	1.4156700024408104	-3.7037037037037033	3.9030899869919438	0.00162555828673705	0.0016316655958314996	0.2648178230095365	0.04053354643708729	0.04470973496948136
KIC3230227_B	1.73	0.17	0.17	1.68	0.08	0.08	8177.0	30.0	30.0	-0.135	0.005	0.005	LAMOST_DR11	NA	NA	NA	4.226	0.059	0.059	0.0	11.36814	1.12108	1.06985	1.0	MS	A6	23.64	0.95	0.07106599	True	True	Eker14+18	EB	3	1.0556894133406904	0.04084590251352682	0.042924295938188584	30.0	0.059	0.005	1.095465	0.0418850992258577	0.17	0.08	9.636272952303543	3.967558895311249	9.826589595375722	4.761904761904762	0.3668827198238963	1.3961192617132039	-3.7037037037037033	3.9125939977521056	0.0015904356711406997	0.0015962814414627324	0.2380461031287954	0.04070749782403352	0.04492150477433379
KIC7177553_A	1.043	0.014	0.014	0.94	0.005	0.005	5800.0	130.0	130.0	0.204	0.013	0.013	LAMOST_DR11	NA	NA	NA	4.51	0.007	0.007	0.0	0.90087	0.08407	0.07868	1.0	MS	G2V	36.76	0.15	0.025571273	True	True	Eker14+18	EB	3	-0.04533787534286414	0.03874765054851542	0.03968993434760151	130.0	0.007	0.013	0.081375	0.03921879244805847	0.014	0.005	9.03293482966466	86.50337527171138	1.3422818791946312	0.5319148936170213	2.2413793103448274	0.1552106430155211	6.372549019607844	3.7634279935629373	0.009626699801325245	0.009844934670030892	0.018284308426530838	0.005790678880895406	0.005868933664097945
KIC7177553_B	0.986	0.015	0.015	0.941	0.005	0.005	5740.0	140.0	140.0	0.204	0.013	0.013	LAMOST_DR11	NA	NA	NA	4.485	0.008	0.008	0.0	0.86601	0.08811	0.08196	1.0	MS	G2V	36.76	0.15	0.025598477	True	True	Eker14+18	EB	3	-0.06247709306377985	0.04208009256914226	0.0431791477827884	140.0	0.008	0.013	0.085035	0.04262962017596533	0.015	0.005	9.819170679322411	68.23240020537897	1.5212981744421907	0.5313496280552604	2.4390243902439024	0.17837235228539577	6.372549019607844	3.7589118923979736	0.010465433678164882	0.01072386539177339	-0.0061230850587887945	0.006557162538107388	0.0066576850332063535
TV_Cet_A	1.385	0.052	0.052	1.484	0.02	0.02	6902.0	150.0	150.0	-0.122	0.005	0.005	LAMOST_DR11	NA	NA	NA	4.237	0.02	0.02	0.0	4.50259	0.42242	0.39756	1.0	MS	F2V	25.15	0.25	0.059005964	True	True	Eker14+18	EB	2	0.6534624024716328	0.03894471417730938	0.04014606713387148	150.0	0.02	0.005	0.40999	0.03954539065559043	0.052	0.02	9.105648082548045	6.051670380119095	3.7545126353790614	1.3477088948787062	2.1732831063459868	0.4720320981826764	-4.098360655737705	3.838974954955468	0.009337348671816681	0.00954252133786948	0.14144977340046735	0.01600699473375833	0.016619623986608156
TV_Cet_B	1.265	0.051	0.051	1.221	0.01	0.01	6575.0	150.0	150.0	-0.122	0.005	0.005	LAMOST_DR11	NA	NA	NA	4.367	0.019	0.019	0.0	2.5102	0.2406	0.2251	1.0	MS	F5V	25.15	0.25	0.048548708	True	True	Eker14+18	EB	2	0.39970832524042094	0.03975069042956403	0.04080311492737376	150.0	0.019	0.005	0.23285	0.040276902678468895	0.051	0.01	9.276153294558203	10.076573374908492	4.031620553359684	0.8190008190008189	2.2813688212927756	0.4350812915044653	-4.098360655737705	3.8178957571617955	0.00979653151265003	0.010022625158463416	0.10209052551183669	0.01716536376609995	0.017871838772597917
V2653_Oph_A	1.537	0.021	0.021	2.215	0.055	0.055	6950.0	480.0	480.0	-0.176	0.056	0.056	LAMOST_DR11	NA	NA	NA	3.934	0.022	0.022	0.0	10.31291	3.2003	2.61659	1.0	MS	F2V	15.93110428	NA	0.139036187	True	True	Eker14+18	EB	3	1.013381227710519	0.1173772981948995	0.12709811107356228	480.0	0.022	0.056	2.908445	0.12223770463423089	0.021	0.055	28.20198178787558	12.062361260667554	1.36629798308393	2.483069977426637	6.906474820143885	0.5592272496187086	-31.818181818181824	3.8419848045901137	0.029004009170461753	0.03108052392141314	0.1866738674997451	0.005893585836800497	0.0059746662037103715
V2653_Oph_B	1.273	0.019	0.019	2.0	0.056	0.056	6350.0	650.0	650.0	-0.176	0.056	0.056	LAMOST_DR11	NA	NA	NA	3.941	0.025	0.025	0.0	5.85935	2.813	2.08054	1.0	MS	F7V	15.93110428	NA	0.125540576	True	True	Eker14+18	EB	3	0.7678494407500892	0.17028735611965418	0.19049438477538572	650.0	0.025	0.056	2.44677	0.18039087044751995	0.019	0.056	41.75838616911432	23.493000173484724	1.492537313432836	2.8000000000000003	10.236220472440944	0.6343567622430856	-31.818181818181824	3.8027737252919755	0.042324314722281375	0.046898869619484085	0.10482840365365537	0.006434110005409846	0.006530867158957732
V443_Cyg_A	1.2	0.2	0.2	1.3	0.2	0.2	6700.0	350.0	350.0	-0.213	0.025	0.025	LAMOST_DR11	NA	NA	NA	4.29	0.152	0.152	0.0	3.06818	1.23046	1.05384	1.0	MS	F2/3V	9.4	0.33	0.138297872	True	True	Eker14+18	EB	3	0.48688083464904947	0.14645024094944387	0.18274805777534991	350.0	0.152	0.025	1.14215	0.1645991493623969	0.2	0.2	37.225651689275075	33.80686559187368	16.666666666666668	15.384615384615383	5.223880597014926	3.543123543123543	-11.737089201877934	3.8260748027008264	0.022114314290572423	0.0233010774088509	0.07918124604762482	0.0669467896306132	0.07918124604762482
V443_Cyg_B	1.1	0.3	0.3	1.1	0.2	0.2	6200.0	550.0	550.0	-0.213	0.025	0.025	LAMOST_DR11	NA	NA	NA	4.397	0.197	0.197	0.0	1.61082	0.91309	0.7304	1.0	MS	F8V	9.4	0.33	0.117021277	True	True	Eker14+18	EB	3	0.2070470131850312	0.19502685117460314	0.2623571135711208	550.0	0.197	0.025	0.821745	0.22869198237286198	0.3	0.2	51.01407978545089	110.45413254451896	27.27272727272727	18.18181818181818	8.870967741935484	4.4803274960200135	-11.737089201877934	3.792391689498254	0.03691208333277096	0.0403432416788152	0.04139268515822508	0.10473535052001298	0.13830269816628146
CU_Cnc_A	0.4358	0.0008	0.0008	0.4317	0.0052	0.0052	3160.0	150.0	150.0	0.2	0.2	0.2	NA	NA	NA	NA	4.804	0.011	0.011	0.0	0.0167	0.0035	0.0029	0.0	MS	M3.5 Ve	7.8	0.007	0.055346154	True	True	Hahlin24	EB	3	-1.7772835288524167	0.08263489829904036	0.08283738474634683	150.0	0.011	0.2	0.0031999999999999997	0.0827361415226936	0.0008	0.0052	19.161676646706585	4.655202176780197	0.18357044515832951	1.2045401899467223	4.746835443037975	0.22897585345545374	100.0	3.499687082618404	0.020140911157314978	0.021120587024560322	-0.36071277408976316	0.0007965054628835677	0.0007979689555995262
CU_Cnc_B	0.3998	0.0014	0.0014	0.3908	0.0094	0.0094	3125.0	150.0	150.0	0.2	0.2	0.2	NA	NA	NA	NA	4.854	0.021	0.021	0.0	0.0131	0.0029	0.0023	0.0	MS	M3.5 Ve	7.8	0.007	0.050102564	True	True	Hahlin24	EB	3	-1.8827287043442358	0.08684868700016057	0.08384754016881457	150.0	0.021	0.2	0.0026	0.08534811358448757	0.0014	0.0094	19.84732824427481	4.533213595116178	0.35017508754377186	2.4053224155578303	4.8	0.4326328800988875	100.0	3.494850021680094	0.020361282647707757	0.021363051615525652	-0.3981572102179019	0.0015181345662824142	0.0015234600304370183
HAT-TR-318-007_A	0.448	0.011	0.011	0.4548	0.0035	0.0036	3190.0	110.0	110.0	0.298	0.08	0.08	NA	NA	NA	NA	4.774	0.0056	0.0058	0.0	0.0193	0.0029	0.0025	0.0	MS	M3.71+/-0.69	8.436	0.06	0.053912883	True	True	Hartman18	EB	3	-1.7144426909922261	0.060795665442864744	0.06024802728191103	110.0	0.0057	0.08	0.0027	0.06052184636238789	0.011	0.00355	13.989637305699482	3.53011778581885	2.4553571428571423	0.7805628847845207	3.4482758620689653	0.11939673229995812	26.845637583892618	3.503790683057181	0.01472325682070652	0.01523996655673665	-0.348721986001856	0.010534671539117246	0.010796577027722187
HAT-TR-318-007_B	0.2721	0.0041	0.0042	0.2913	0.0023	0.0024	3100.0	110.0	110.0	0.298	0.08	0.08	NA	NA	NA	NA	4.9442	0.0038	0.0039	0.0	0.0071	0.0011	0.0009	0.0	MS	M5.01+/-0.73 	8.436	0.06	0.034531273	True	True	Hartman18	EB	3	-2.1487416512809245	0.06255550366464124	0.05886665922082157	110.0	0.00385	0.08	0.001	0.06071108144273141	0.00415	0.0023499999999999997	14.084507042253522	2.825424890262626	1.5251745681734654	0.8067284586337108	3.5483870967741935	0.07786901824359856	26.845637583892618	3.4913616938342726	0.01514333857059924	0.015690505509843078	-0.5652714582202423	0.006495132462854714	0.00675582817154885
KIC10191056_Aa	1.564	0.012	0.012	1.976	0.022	0.022	6584.3	155.3	155.3	0.122	0.007	0.007	NA	NA	NA	NA	4.041	0.009	0.009	0.0	6.61161	0.67712	0.6196	1.0	MS	NA	10.938	0.033	0.180654599	True	True	Helminiak19	EB	3	0.8203072278632161	0.04234463487985429	0.042734698381886926	155.3	0.009	0.007	0.64836	0.04253966663087061	0.012	0.022	9.80638603910394	5.185821261343802	0.7672634271099744	1.1133603238866396	2.358641009674529	0.22271714922048994	5.7377049180327875	3.818509610384099	0.01012451123315028	0.010366184622607744	0.1942367487238292	0.0033194644297073195	0.0033450318016595704
KIC10191056_Ab	1.413	0.016	0.016	1.659	0.03	0.03	6584.3	155.3	155.3	0.122	0.007	0.007	NA	NA	NA	NA	4.149	0.016	0.016	0.0	4.66043	0.46229	0.45606	1.0	MS	NA	10.938	0.033	0.151673066	True	True	Helminiak19	EB	3	0.6684259892247117	0.04107462943160711	0.04472506067738258	155.3	0.016	0.007	0.459175	0.042899845054494845	0.016	0.03	9.852631624120521	6.418039655258341	1.132342533616419	1.8083182640144666	2.358641009674529	0.3856350927934442	5.7377049180327875	3.818509610384099	0.01012451123315028	0.010366184622607744	0.1501421618485586	0.004890066942411647	0.0049457557343766945
KIC10583181_A	1.559	0.036	0.036	1.882	0.014	0.014	6730.0	140.0	140.0	-0.23	0.007	0.007	NA	-0.01	0.07	0.07	4.082	0.005	0.005	0.0	6.67	0.57	0.57	0.0	MS	NA	11.095	0.075	0.169625958	True	True	Helminiak19	EB	3	0.8241258339165489	0.035612732280598025	0.03879599890578189	140.0	0.005	0.007	0.57	0.03720436559318996	0.036	0.014	8.545727136431783	4.514403512432214	2.3091725465041693	0.7438894792773646	2.0802377414561666	0.12248897599216071	-3.0434782608695654	3.828015064223977	0.008941672835573566	0.009129649629967318	0.19284611518884168	0.009914572204358235	0.010146211852799125
KIC10583181_B	0.96	0.016	0.016	0.98	0.01	0.01	5754.7	127.2	127.2	-0.23	0.007	0.007	NA	-0.01	0.07	0.07	4.438	0.007	0.007	0.0	0.94894	0.09153	0.08341	1.0	MS	NA	11.095	0.075	0.088328076	True	True	Helminiak19	EB	3	-0.022761246469113827	0.03999080913085251	0.03995662804545928	127.2	0.007	0.007	0.08746999999999999	0.0399737185881559	0.016	0.01	9.217653381667967	175.62183442984443	1.6666666666666667	1.0204081632653061	2.210367178132657	0.1577287066246057	-3.0434782608695654	3.760022688219405	0.009494948439682016	0.009707184546847714	-0.017728766960431602	0.007178584627123407	0.007299238741499448
KIC10987439_A	0.9862	0.0034	0.0034	0.932	0.015	0.015	6477.8	161.7	161.7	-0.158	0.012	0.012	NA	-0.03	0.05	0.05	4.493	0.014	0.014	0.0	1.37796	0.17054	0.13963	1.0	MS	NA	27.352	0.029	0.034074291	True	True	Helminiak19	EB	3	0.13923661087246963	0.050674598820335925	0.0464002165266723	161.7	0.014	0.012	0.155085	0.04853740767350411	0.0034	0.015	11.254680832535051	34.85965894269055	0.3447576556479416	1.6094420600858368	2.4962178517397877	0.31159581571333184	-7.594936708860759	3.8114275351781353	0.01070784006080272	0.01097853779621838	-0.006035001804881087	0.001494688425945293	0.0014998503870756073
KIC10987439_B	1.4215	0.0045	0.0045	1.512	0.031	0.031	6490.0	90.0	90.0	-0.158	0.012	0.012	NA	-0.03	0.05	0.05	4.232	0.018	0.018	0.0	3.55	0.25	0.25	0.0	MS	NA	27.352	0.029	0.055279321	True	True	Helminiak19	EB	3	0.5502283530550941	0.029555243561716016	0.03171441317720669	90.0	0.018	0.012	0.25	0.030634828369461353	0.0045	0.031	7.042253521126761	5.567657173492457	0.31656700668308124	2.0502645502645502	1.386748844375963	0.4253308128544423	-7.594936708860759	3.812244696800369	0.005981196813586553	0.006064722816482071	0.15274686402646093	0.001372661489385807	0.0013770137790005132
KIC11922782_A	1.067	0.01	0.01	1.501	0.057	0.057	5990.0	110.0	110.0	-0.223	0.012	0.012	NA	-0.22	0.06	0.06	4.114	0.033	0.033	0.0	2.61	0.27	0.27	0.0	MS	NA	12.056	0.034	0.124502322	True	True	Helminiak19	EB	3	0.41664050733828095	0.04275198042094991	0.04742464992813816	110.0	0.033	0.012	0.27	0.045088315174544036	0.01	0.057	10.344827586206897	10.82187506505115	0.9372071227741331	3.79746835443038	1.8363939899833055	0.8021390374331552	-5.381165919282511	3.7774268223893115	0.007903012621455652	0.008049496313172977	0.028164419424469872	0.004051283873511696	0.004089432117043629
KIC11922782_B	0.836	0.006	0.006	0.849	0.063	0.063	5862.8	122.6	122.6	-0.223	0.012	0.012	NA	-0.22	0.06	0.06	4.503	0.064	0.064	0.0	0.76724	0.07751	0.12605	1.0	MS	NA	12.056	0.034	0.070421367	True	True	Helminiak19	EB	3	-0.11506876333683225	0.04179696378376617	0.07794449618549773	122.6	0.064	0.012	0.10178	0.05987072998463195	0.006	0.063	13.26573171367499	52.03039317401614	0.7177033492822966	7.420494699646643	2.0911509858770554	1.4212747057517212	-5.381165919282511	3.7681050791791875	0.008988100122626186	0.009178054832922111	-0.07779372256098363	0.003105814060633122	0.00312818506294249
KIC9641031_A	1.2102	0.0076	0.0076	1.244	0.0023	0.0023	6260.0	120.0	120.0	-0.437	0.012	0.012	NA	-0.07	0.09	0.09	4.331	0.016	0.016	0.0	2.14	0.18	0.17	0.0	MS	NA	9.145	0.016	0.136030618	True	True	Helminiak19	EB	3	0.33041377334919086	0.035074211541708866	0.035947547187597906	120.0	0.016	0.012	0.175	0.035510879364653386	0.0076	0.0023	8.177570093457943	10.74739681845056	0.6279953726656752	0.18488745980707394	1.9169329073482428	0.36942969291156774	-2.745995423340961	3.7965743332104296	0.008246345510732667	0.008405962069261808	0.08285714859640905	0.0027188211220947195	0.0027359490869287573
KIC9641031_B	0.9512	0.0039	0.0039	0.9	0.024	0.024	5490.0	240.0	240.0	-0.437	0.012	0.012	NA	-0.07	0.09	0.09	4.508	0.023	0.023	0.0	0.66	0.13	0.11	0.0	MS	NA	9.145	0.016	0.098414434	True	True	Helminiak19	EB	3	-0.1804560644581313	0.07808315574857276	0.0791812460476248	240.0	0.023	0.012	0.12	0.07863220089809878	0.0039	0.024	18.18181818181818	43.57415259731695	0.4100084104289318	2.6666666666666665	4.371584699453552	0.5102040816326531	-2.745995423340961	3.739572344450092	0.018582277517297907	0.019413041044134882	-0.021728158389364812	0.0017770034543215935	0.0017843043054452355
KIC4851217_B	0.489	0.064	0.058	0.448	0.061	0.05	3749.0	98.0	58.0	-0.002	0.016	0.016	LAMOST_DR11	0.076	0.011	0.011	4.825	0.03	0.011	0.0	0.04	0.02	0.01	0.0	MS	M	1349.0	14.0	0.000332098	True	True	Jennings24	TEB	3	-1.3979400086720375	0.17609125905568113	0.12493873660830013	78.0	0.020499999999999997	0.016	0.015	0.15051499783199063	0.061	0.0555	37.5	10.766913951834828	12.474437627811861	12.388392857142856	2.0805548146172312	0.4248704663212435	-800.0	3.5739154404215507	0.011206745885264713	0.0067713952258934285	-0.3106911408763798	0.05341627218107797	0.054831588962888644
NGC_2506_V5_A	0.945	0.004	0.003	0.68	0.04	0.04	5690.0	140.0	120.0	-0.36	0.01	0.01	NA	NA	NA	NA	4.75	0.05	0.05	1.0	0.43668	0.05233	0.06132	1.0	MS	NA	9.04	0.1	0.075221239	True	True	Knudstrup20	EB	3	-0.35983669836613974	0.049154438676699164	0.065715311198425	130.0	0.05	0.01	0.056825	0.05743487493756208	0.0035	0.04	13.012961436292022	15.961372255344884	0.3703703703703704	5.88235294117647	2.2847100175746924	1.0526315789473684	-2.7777777777777777	3.7551122663950713	0.010556288363942734	0.00925707122134245	-0.024568191490737076	0.0018344039180297235	0.0013809057163855776
NGC_2506_V5_B	0.707	0.004	0.003	0.61	0.021	0.016	4940.0	110.0	60.0	-0.36	0.01	0.01	NA	NA	NA	NA	4.72	0.03	0.02	1.0	0.19965	0.01913	0.01405	1.0	MS	NA	9.04	0.1	0.067477876	True	True	Knudstrup20	EB	3	-0.6997306854696437	0.03973830346631668	0.031691342647513054	85.0	0.025	0.01	0.01659	0.03571482305691487	0.0035	0.018500000000000003	8.30954169797145	5.10408129849899	0.4950495049504951	3.032786885245902	1.7206477732793521	0.5296610169491526	-2.7777777777777777	3.693726948923647	0.009564429195014323	0.0053071269209366	-0.1505805862031006	0.002450186932866888	0.0018467546547872027
PTFEB132.707+19.810_A	0.3953	0.002	0.002	0.363	0.008	0.008	3260.0	70.0	70.0	0.14	0.04	0.04	NA	NA	NA	NA	4.92	0.02	0.02	1.0	0.0137	0.001	0.001	0.0	MS	M3.5±0.2	11.77	0.01	0.030832796	True	True	Kraus17	EB	3	-1.8632794328435933	0.030596767591769547	0.03291684620044988	70.0	0.02	0.04	0.001	0.03175680689610971	0.002	0.008	7.299270072992701	1.704350208365952	0.5059448520111308	2.203856749311295	2.147239263803681	0.4065040650406504	28.57142857142857	3.513217600067939	0.009226633438380816	0.00942691701075793	-0.4030731856570294	0.002191750712392193	0.00220286793322394
PTFEB132.707+19.810_B	0.2098	0.0014	0.0014	0.272	0.012	0.012	3120.0	80.0	80.0	0.14	0.04	0.04	NA	NA	NA	NA	4.89	0.04	0.04	1.0	0.005	0.0015	0.0015	0.0	MS	M4.3±0.7	11.77	0.01	0.023103362	True	True	Kraus17	EB	3	-2.3010299956639813	0.11394335230683694	0.15490195998574308	80.0	0.04	0.04	0.0015	0.13442265614629	0.0014	0.012	30.0	5.841847190153696	0.667302192564347	4.411764705882352	2.5641025641025643	0.8179959100204499	28.57142857142857	3.494154594018443	0.010995384301462963	0.011281010409688985	-0.678194516142461	0.0028884300042355537	0.002907769230052204
EPIC201367296	1.15	0.04	0.04	1.73	0.04	0.04	5718.0	71.0	71.0	0.21	0.08	0.08	NA	NA	NA	NA	4.018	0.013	0.013	NA	2.7	0.342211612	0.342211612	NA	MS	G	NA	NA	NA	NA	NA	lund16	A	1	0.43136376415898736	0.0518256555275996	0.05885893967128658	71.0	0.013	0.08	0.342211612	0.05534229759944309	0.04	0.04	12.674504148148147	12.829612080964138	3.4782608695652177	2.3121387283236996	1.24169289961525	0.3235440517670483	38.095238095238095	3.75724415102197	0.005359398544833471	0.0054263632850908294	0.06069784035361165	0.01484912103891909	0.015374861566954265
EPIC201367904	1.3	0.05	0.05	2.08	0.05	0.05	6251.0	78.0	78.0	-0.02	0.08	0.08	NA	NA	NA	NA	3.916	0.013	0.013	NA	6.664	0.597819169	0.597819169	NA	MS	F	NA	NA	NA	NA	NA	lund16	A	1	0.8237349883987312	0.037310441680309836	0.04081963604510375	78.0	0.013	0.08	0.597819169	0.03906503886270679	0.05	0.05	8.970875885354141	4.742428015428337	3.846153846153846	2.4038461538461537	1.247800351943689	0.3319713993871297	-400.0	3.7959494989028033	0.005385596771743106	0.005453221935693975	0.11394335230683679	0.016390416188169346	0.01703333929878037
EPIC201820830	1.29	0.08	0.08	1.74	0.05	0.05	6420.0	71.0	71.0	-0.07	0.11	0.11	NA	NA	NA	NA	4.063	0.016	0.016	NA	4.555	0.353974438	0.353974438	NA	MS	F	NA	NA	NA	NA	NA	lund16	A	1	0.658488381309017	0.03250238933954863	0.03513305720930837	71.0	0.016	0.11	0.353974438	0.0338177232744285	0.08	0.05	7.771118287596049	5.135659828530588	6.201550387596899	2.8735632183908044	1.1059190031152648	0.3937976864385922	-157.14285714285714	3.807535028068853	0.004776581062270857	0.004829700994501085	0.11058971029924898	0.02613085685715781	0.02780433998279891
EPIC201860743	1.14	0.05	0.05	1.88	0.03	0.03	5926.0	78.0	78.0	-0.02	0.11	0.11	NA	NA	NA	NA	3.945	0.014	0.014	NA	4.119	0.374560309	0.374560309	NA	MS	G	NA	NA	NA	NA	NA	lund16	A	1	0.6147917919564175	0.0377987828652	0.04140495184677839	78.0	0.014	0.11	0.374560309	0.039601867355989195	0.05	0.03	9.093476790483127	6.4415087960049675	4.385964912280702	1.595744680851064	1.3162335470806614	0.35487959442332073	-550.0	3.772761647144032	0.005679036427200579	0.005754283194228105	0.05690485133647256	0.018642110056058182	0.019478353395848975
EPIC204356572	1.18	0.07	0.07	1.5	0.04	0.04	6316.0	78.0	78.0	-0.07	0.08	0.08	NA	NA	NA	NA	4.157	0.015	0.015	NA	3.422	0.297267427	0.297267427	NA	MS	F	NA	NA	NA	NA	NA	lund16	A	1	0.5342800052050815	0.036177401412783916	0.03946715057785766	78.0	0.015	0.08	0.297267427	0.03782227599532079	0.07	0.04	8.686949941554644	7.079111257551711	5.9322033898305095	2.6666666666666665	1.2349588347055098	0.36083714216983404	-114.28571428571428	3.8004421213362565	0.005330510599412808	0.005396750915131587	0.07188200730612536	0.02502800570193106	0.026559028519467974
EPIC204506926	1.08	0.05	0.05	1.41	0.02	0.02	5705.0	78.0	78.0	0.38	0.08	0.08	NA	NA	NA	NA	4.172	0.013	0.013	NA	2.374	0.207373528	0.207373528	NA	MS	G	NA	NA	NA	NA	NA	lund16	A	1	0.3754807146185724	0.036370137430863314	0.03969666953408241	78.0	0.013	0.08	0.207373528	0.03803340348247286	0.05	0.02	8.735194945240101	10.129256177939428	4.62962962962963	1.4184397163120568	1.3672217353198948	0.31160115052732507	21.05263157894737	3.7562556487542333	0.005897543549361117	0.005978733600240815	0.03342375548694973	0.019654687996470036	0.020586530781777513
EPIC204550630	1.17	0.04	0.04	1.37	0.03	0.03	6199.0	65.0	65.0	-0.13	0.08	0.08	NA	NA	NA	NA	4.228	0.014	0.014	NA	3.635	0.304111216	0.304111216	NA	MS	F	NA	NA	NA	NA	NA	lund16	A	1	0.5605044151950566	0.034893827562102464	0.03794428304469333	65.0	0.014	0.08	0.304111216	0.036419055303397896	0.04	0.03	8.36619576341128	6.497550120229471	3.418803418803419	2.18978102189781	1.0485562187449589	0.33112582781456956	-61.53846153846153	3.7923216363515735	0.004530112698313715	0.004577864705106904	0.06818586174616162	0.014599508570288453	0.015107418262741937
EPIC204624076	1.22	0.05	0.05	1.83	0.04	0.04	6381.0	71.0	71.0	-0.13	0.11	0.11	NA	NA	NA	NA	4.0	0.014	0.014	NA	6.112	0.47828118	0.47828118	NA	MS	F	NA	NA	NA	NA	NA	lund16	A	1	0.7861833455676335	0.032720598968305925	0.03538817809888006	71.0	0.014	0.11	0.47828118	0.034054388533592994	0.05	0.04	7.825281086387434	4.331608997517663	4.098360655737705	2.1857923497267757	1.1126782635950478	0.35000000000000003	-84.61538461538461	3.8048887446223913	0.004805614094532729	0.004859385378257031	0.08635983067474821	0.017443890281208657	0.018173968928586595
EPIC204926239	1.44	0.05	0.05	2.45	0.05	0.05	6225.0	71.0	71.0	0.1	0.08	0.08	NA	NA	NA	NA	3.817	0.012	0.012	NA	6.714	0.596776978	0.596776978	NA	MS	F	NA	NA	NA	NA	NA	lund16	A	1	0.8269813369119937	0.036982198640418296	0.04042702259723707	71.0	0.012	0.08	0.596776978	0.038704610618827684	0.05	0.05	8.88854599344653	4.680227822716461	3.4722222222222223	2.0408163265306123	1.140562248995984	0.3143830233167409	80.0	3.794139355767774	0.004925363583234255	0.004981863856334368	0.15836249209524964	0.01482377631702439	0.015347691841154587
EPIC205962429	1.15	0.04	0.04	1.79	0.04	0.04	6082.0	65.0	65.0	-0.24	0.08	0.08	NA	NA	NA	NA	3.99	0.012	0.012	NA	4.372	0.372936225	0.372936225	NA	MS	F	NA	NA	NA	NA	NA	lund16	A	1	0.6406801532776651	0.03555022632722349	0.03872182318522066	65.0	0.012	0.08	0.372936225	0.037136024756222075	0.04	0.04	8.530105786825251	5.796343864600352	3.4782608695652177	2.2346368715083798	1.0687273923051628	0.3007518796992481	-33.333333333333336	3.7840464158081133	0.004616797312744225	0.004666404316457484	0.06069784035361165	0.01484912103891909	0.015374861566954265
EPIC205974115	1.15	0.04	0.04	1.36	0.03	0.03	6121.0	71.0	71.0	-0.07	0.08	0.08	NA	NA	NA	NA	4.23	0.012	0.012	NA	3.386	0.460929318	0.460929318	NA	MS	F	NA	NA	NA	NA	NA	lund16	A	1	0.5296869537729164	0.05542725304739693	0.06355058884815812	71.0	0.012	0.08	0.460929318	0.059488920947777524	0.04	0.03	13.612797341996455	11.230958309250937	3.4782608695652177	2.205882352941176	1.1599411860807058	0.2836879432624113	-114.28571428571428	3.7868223794991875	0.005008568175648431	0.005067004846718515	0.06069784035361165	0.01484912103891909	0.015374861566954265
EPIC205995584	1.31	0.07	0.07	1.71	0.04	0.04	6433.0	71.0	71.0	-0.07	0.08	0.08	NA	NA	NA	NA	4.082	0.013	0.013	NA	4.784	0.382916107	0.382916107	NA	MS	F	NA	NA	NA	NA	NA	lund16	A	1	0.6797911709803545	0.03344023916938066	0.0362315238626002	71.0	0.013	0.08	0.382916107	0.03483588151599043	0.07	0.04	8.004099226588629	5.124497493215775	5.34351145038168	2.3391812865497075	1.1036841287113321	0.3184713375796179	-114.28571428571428	3.8084135514003683	0.0047669811856434485	0.004819886629023884	0.11727129565576427	0.022607790745472284	0.02384961049352921
EPIC206009487	1.03	0.05	0.05	1.49	0.04	0.04	5926.0	71.0	71.0	-0.24	0.08	0.08	NA	NA	NA	NA	4.101	0.012	0.012	NA	1.949	0.164977136	0.164977136	NA	MS	G	NA	NA	NA	NA	NA	lund16	A	1	0.28981183911762143	0.03528844670963649	0.03841142313278373	71.0	0.012	0.08	0.164977136	0.03684993492121011	0.05	0.04	8.464706824012314	12.715124072710639	4.854368932038835	2.684563758389262	1.1981100236247046	0.29261155815654716	-33.333333333333336	3.772761647144032	0.0051724016937471085	0.005234747735650025	0.012837224705172217	0.020586530781777513	0.02161114901267737
EPIC206064678	1.01	0.04	0.04	0.98	0.02	0.02	5562.0	71.0	71.0	0.26	0.11	0.11	NA	NA	NA	NA	4.453	0.013	0.013	NA	0.9558	0.088951639	0.088951639	NA	MS	G	NA	NA	NA	NA	NA	lund16	A	1	-0.01963297381522487	0.03864603494995755	0.04242389380746342	71.0	0.013	0.11	0.088951639	0.040534964378710486	0.04	0.02	9.306511717932622	206.46370111937222	3.9603960396039604	2.0408163265306123	1.2765192376842862	0.2919380193128228	42.30769230769231	3.7452309845281406	0.005508766707210011	0.005579540818763995	0.004321373782642578	0.016867925287295513	0.01754963951639774
EPIC206064711	1.27	0.05	0.05	1.57	0.03	0.03	6563.0	71.0	71.0	-0.18	0.08	0.08	NA	NA	NA	NA	4.147	0.011	0.011	NA	3.997	0.308407549	0.308407549	NA	MS	F	NA	NA	NA	NA	NA	lund16	A	1	0.6017341482601049	0.03228011970246647	0.03487347515840822	71.0	0.011	0.08	0.308407549	0.033576797430437344	0.05	0.03	7.715975706780085	5.58000531090409	3.937007874015748	1.910828025477707	1.081822337345726	0.2652519893899204	-44.44444444444444	3.8171024042569233	0.00467306292654035	0.0047238931027289155	0.10380372095595687	0.016770210249893017	0.017443890281208657
EPIC206070413	1.23	0.07	0.07	1.52	0.04	0.04	6446.0	71.0	71.0	-0.13	0.08	0.08	NA	NA	NA	NA	4.16	0.014	0.014	NA	3.855	0.316837613	0.316837613	NA	MS	F	NA	NA	NA	NA	NA	lund16	A	1	0.5860243823869757	0.03430301296901106	0.037246621037795635	71.0	0.014	0.08	0.316837613	0.03577481700340335	0.07	0.04	8.218874526588845	6.104663573499537	5.691056910569107	2.6315789473684212	1.1014582686937635	0.33653846153846156	-61.53846153846153	3.8092903011763157	0.0047574198192839035	0.004810112070322781	0.08990511143939793	0.02403824086743886	0.02544712221247948
EPIC206078331	0.94	0.04	0.04	1.13	0.03	0.03	5809.0	78.0	78.0	-0.18	0.11	0.11	NA	NA	NA	NA	4.306	0.012	0.012	NA	1.423	0.123992981	0.123992981	NA	MS	G	NA	NA	NA	NA	NA	lund16	A	1	0.15320490008428433	0.03628344314327722	0.03959340235634273	78.0	0.012	0.11	0.123992981	0.03793842274980998	0.04	0.03	8.71349128601546	24.7631914703371	4.25531914893617	2.6548672566371683	1.3427440179032535	0.2786809103576405	-61.111111111111114	3.7641013764762286	0.005792659335940531	0.0058709680184789725	-0.026872146400301365	0.018098222092796212	0.018885344160373806
EPIC206088888	1.08	0.06	0.06	1.3	0.03	0.03	5965.0	71.0	71.0	-0.02	0.08	0.08	NA	NA	NA	NA	4.242	0.012	0.012	NA	2.132	0.179668843	0.179668843	NA	MS	G	NA	NA	NA	NA	NA	lund16	A	1	0.3287872003545347	0.03513841920422517	0.038233715169551485	71.0	0.012	0.08	0.179668843	0.03668606718688833	0.06	0.03	8.427244043151969	11.157997375606275	5.555555555555555	2.3076923076923075	1.190276613579212	0.2828854314002829	-400.0	3.775610448006361	0.005138783097191624	0.005200316492454338	0.03342375548694973	0.02348109584952291	0.024823583725032163
EPIC206094605	1.4	0.11	0.11	2.01	0.07	0.07	6537.0	78.0	78.0	0.04	0.08	0.08	NA	NA	NA	NA	3.979	0.014	0.014	NA	6.616	0.579248511	0.579248511	NA	MS	F	NA	NA	NA	NA	NA	lund16	A	1	0.8205954965444903	0.03645030174094388	0.03979219863990602	78.0	0.014	0.08	0.579248511	0.03812125019042495	0.11	0.07	8.755267699516324	4.645559273838657	7.857142857142858	3.482587064676618	1.193207893529142	0.3518471977883891	200.0	3.815378484965918	0.005151363557601929	0.005213200422768516	0.146128035678238	0.03284891161493142	0.035538325378989113
EPIC206107253	1.16	0.03	0.03	1.31	0.02	0.02	6290.0	65.0	65.0	-0.18	0.08	0.08	NA	NA	NA	NA	4.267	0.01	0.01	NA	2.481	0.208415083	0.208415083	NA	MS	F	NA	NA	NA	NA	NA	lund16	A	1	0.3946267642722091	0.03503107192076865	0.03810664430537486	65.0	0.01	0.08	0.208415083	0.036568858113071756	0.03	0.02	8.400446715034262	9.266694868127841	2.586206896551724	1.5267175572519083	1.0333863275039745	0.2343566908835247	-44.44444444444444	3.798650645445269	0.0044649094447577475	0.004511289677495256	0.06445798922691845	0.01108897216561229	0.011379545743498767
EPIC206108325	1.3	0.05	0.05	2.15	0.05	0.05	6433.0	71.0	71.0	-0.18	0.11	0.11	NA	NA	NA	NA	3.887	0.014	0.014	NA	7.835	3.439729669	3.439729669	NA	MS	F	NA	NA	NA	NA	NA	lund16	A	1	0.894039000804609	0.15806713691443142	0.25105340930128683	71.0	0.014	0.11	3.439729669	0.20456027310785913	0.05	0.05	43.902101710274415	22.880464154668964	3.846153846153846	2.3255813953488373	1.1036841287113321	0.3601749421147415	-61.111111111111114	3.8084135514003683	0.0047669811856434485	0.004819886629023884	0.11394335230683679	0.016390416188169346	0.01703333929878037
EPIC206189649	1.17	0.06	0.06	2.0	0.05	0.05	6082.0	78.0	78.0	-0.18	0.11	0.11	NA	NA	NA	NA	3.907	0.012	0.012	NA	8.906	1.59769483	1.59769483	NA	MS	F	NA	NA	NA	NA	NA	lund16	A	1	0.9496826907952042	0.07165940465747622	0.08586601707366315	78.0	0.012	0.11	1.59769483	0.07876271086556969	0.06	0.05	17.93953323602066	8.293581806742079	5.128205128205129	2.5	1.2824728707661954	0.3071410289224469	-61.111111111111114	3.7840464158081133	0.005534296356312307	0.005605732236880545	0.06818586174616162	0.02171924969323631	0.022862882959504234
EPIC206201061	1.41	0.1	0.1	1.97	0.06	0.06	6589.0	71.0	71.0	-0.02	0.11	0.11	NA	NA	NA	NA	3.997	0.013	0.013	NA	5.989	0.544008622	0.544008622	NA	MS	F	NA	NA	NA	NA	NA	lund16	A	1	0.7773543130842088	0.037758918270237474	0.041357116685709294	71.0	0.013	0.11	0.544008622	0.039558017477973384	0.1	0.06	9.083463382868592	5.088801439979682	7.092198581560284	3.0456852791878175	1.0775534982546668	0.3252439329497123	-550.0	3.8188195075475364	0.0046547216227645904	0.004705151418411102	0.14921911265537988	0.029757834637789554	0.03194781699961567
EPIC206245055	0.88	0.04	0.04	0.93	0.02	0.02	5835.0	71.0	71.0	-0.35	0.08	0.08	NA	NA	NA	NA	4.444	0.012	0.012	NA	1.027	0.088155323	0.088155323	NA	MS	G	NA	NA	NA	NA	NA	lund16	A	1	0.01157044359727816	0.035764918158056574	0.03897669531570197	71.0	0.012	0.08	0.088155323	0.03737080673687927	0.04	0.02	8.583770496592015	322.98508196928947	4.545454545454546	2.150537634408602	1.2167952013710368	0.27002700270027	-22.857142857142858	3.766040860381389	0.005252582247670556	0.005316888239437212	-0.05551732784983137	0.019305155195386656	0.020203386088286986
EPIC206289767	1.36	0.08	0.08	2.06	0.06	0.06	6368.0	78.0	78.0	0.04	0.11	0.11	NA	NA	NA	NA	3.94	0.013	0.013	NA	6.726	0.567887631	0.567887631	NA	MS	F	NA	NA	NA	NA	NA	lund16	A	1	0.8277568629786168	0.03520220534757601	0.038309253632062945	78.0	0.013	0.11	0.567887631	0.03675572948981948	0.08	0.06	8.443170249776985	4.440401660646693	5.88235294117647	2.912621359223301	1.2248743718592965	0.3299492385786802	275.0	3.8040030547296126	0.005287246446703087	0.005352409284343551	0.13353890837021754	0.024823583725032183	0.026328938722349163
EPIC206368174	1.32	0.08	0.08	1.78	0.05	0.05	6212.0	65.0	65.0	0.1	0.06	0.06	NA	NA	NA	NA	4.05	0.013	0.013	NA	4.479	0.385317387	0.385317387	NA	MS	F	NA	NA	NA	NA	NA	lund16	A	1	0.6511810624446879	0.03584084159255574	0.039066894065929	65.0	0.013	0.06	0.385317387	0.03745386782924237	0.08	0.05	8.602754789015405	5.751682594796551	6.0606060606060606	2.8089887640449436	1.0463618802318093	0.3209876543209877	60.0	3.7932314470565207	0.004520681594189835	0.004568233935663191	0.12057393120584989	0.02555410447238818	0.027152246043614825
EPIC206371648	0.83	0.03	0.03	0.93	0.02	0.02	5549.0	65.0	65.0	-0.24	0.08	0.08	NA	NA	NA	NA	4.421	0.016	0.016	NA	1.218	0.192773285	0.192773285	NA	MS	G	NA	NA	NA	NA	NA	lund16	A	1	0.08564728829685654	0.06380993879234707	0.07482737394313627	65.0	0.016	0.08	0.192773285	0.06931865636774168	0.03	0.02	15.827034893267651	80.93502753698489	3.6144578313253013	2.150537634408602	1.1713822310326185	0.36190907034607556	-33.333333333333336	3.744214724814166	0.005057683484254394	0.0051172786966908745	-0.08092190762392612	0.015420358867493836	0.015988105384130327
EPIC206453540	1.42	0.08	0.08	1.87	0.05	0.05	6524.0	78.0	78.0	-0.02	0.11	0.11	NA	NA	NA	NA	4.044	0.011	0.011	NA	6.053	0.502935082	0.502935082	NA	MS	F	NA	NA	NA	NA	NA	lund16	A	1	0.781970673912552	0.034663970548330925	0.037672610904418424	78.0	0.011	0.11	0.502935082	0.036168290726374674	0.08	0.05	8.308856467867175	4.625274570132969	5.633802816901409	2.6737967914438503	1.195585530349479	0.27200791295746785	-550.0	3.8145139523682383	0.005161567626054353	0.005223651191922585	0.15228834438305647	0.02380291467262477	0.025183546018248876
HIP_41378	1.22	0.03	0.02	1.3	0.009	0.009	6290.0	77.0	77.0	-0.05	0.1	0.1	NA	NA	NA	NA	4.298	0.004	0.004	0.0	2.38333	0.12682	0.1192	1.0	MS	F	NA	NA	NA	NA	NA	Lund19	A	3	0.3771841796761236	0.02251549488293203	0.022282820471825282	77.0	0.004	0.1	0.12301	0.022399157677378656	0.025	0.009	5.161265959812531	5.9385199285431645	2.0491803278688523	0.6923076923076922	1.2241653418124006	0.09306654257794324	-200.0	3.798650645445269	0.005284204418572802	0.005349291832154268	0.08635983067474821	0.010550182333308206	0.007178584627123397
HD24465_A	1.337	0.008	0.008	1.444	0.004	0.004	6250.0	100.0	100.0	0.3	0.15	0.15	NA	NA	NA	NA	4.245	0.0036	0.0036	0.0	2.86648	0.18792	0.1798	1.0	MS	F8	18.3	0.04	0.078907104	True	True	MartinDec24	EB	3	0.45734891596245075	0.027576995087140843	0.028132973574768183	100.0	0.0036	0.15	0.18386	0.027854984330954513	0.008	0.004	6.414138595071306	6.090532492536063	0.5983545250560958	0.2770083102493075	1.6	0.08480565371024734	50.0	3.7958800173440754	0.006893707947900118	0.007004901568658628	0.12613140726198435	0.002590877076442427	0.0026064263192523696
HD24465_B	0.2302	0.00092	0.00092	0.24235	0.00069	0.00069	3114.0	32.0	32.0	0.3	0.15	0.15	NA	NA	NA	NA	5.029	0.007	0.007	0.0	0.00498	0.00021	0.0002	1.0	MS	M	18.3	0.04	0.013243169	True	True	MartinDec24	EB	3	-2.3027706572402824	0.01793801508874049	0.01780144614759882	32.0	0.007	0.15	0.000205	0.017869730618169655	0.00092	0.00069	4.116465863453816	0.7760100017769611	0.3996524761077324	0.28471219310913964	1.027617212588311	0.13919268244183736	50.0	3.4933186082321015	0.004440110055166535	0.004485973849701175	-0.637894680706227	0.0017322095423675243	0.0017391462405037528
CM_Dra_A	0.22507	0.00024	0.00024	0.25113	0.00016	0.00016	3130.0	70.0	70.0	-0.3	0.12	0.12	NA	NA	NA	NA	4.994	0.007	0.007	0.0	0.00552	0.0005	0.00046	0.0	MS	M4.5	3.7404	0.0014	0.067139338	True	True	MartinFeb24	EB	3	-2.258060922270801	0.037657413528625394	0.03778856088939975	70.0	0.007	0.12	0.00048	0.03772298720901257	0.00024	0.00016	8.695652173913045	1.6705920923992055	0.10663349180255033	0.06371202166208736	2.236421725239617	0.14016820184221068	-40.0	3.4955443375464483	0.009605640773457491	0.009822911064868212	-0.6476823890631732	0.00046285663449852077	0.0004633504580742187
CM_Dra_B	0.21017	0.00028	0.00028	0.23732	0.00014	0.00014	3120.0	70.0	70.0	-0.3	0.12	0.12	NA	NA	NA	NA	5.009	0.006	0.006	0.0	0.00486	0.00067	0.00059	0.0	MS	M4.5	3.7404	0.0014	0.06344725	True	True	MartinFeb24	EB	3	-2.3133637307377066	0.05608886204240493	0.056208394237269754	70.0	0.006	0.12	0.00063	0.05614862813983734	0.00028	0.00014	12.962962962962964	2.42714223421892	0.13322548413189322	0.05899207820664082	2.2435897435897436	0.11978438810141744	-40.0	3.494154594018443	0.009636089038738138	0.009854754671656973	-0.6774292757687239	0.0005782058527650236	0.0005789766840116339
HD22064_A	1.345	0.031	0.031	1.554	0.014	0.014	6763.0	40.0	40.0	-0.1812	0.0058	0.0058	APOGEE2_DR17	-0.05	0.15	0.15	4.184	0.006	0.006	0.0	4.55	0.06	0.06	0.0	MS	F2	22.9	0.7	0.067973941	True	True	Maxted23	EB	3	0.6580113966571124	0.005689528732535698	0.005765055653789153	40.0	0.006	0.0058	0.06	0.0057272921931624254	0.031	0.014	1.3186813186813187	0.8703940725432296	2.304832713754647	0.9009009009009009	0.5914534969688008	0.14340344168260036	-3.2008830022075054	3.830139387425343	0.002561083535224551	0.002576276170619174	0.12872228433842678	0.009896149561065687	0.01012691911466479
HD22064_B	0.576	0.01	0.01	0.595	0.008	0.008	3700.0	315.0	315.0	-0.1812	0.0058	0.0058	APOGEE2_DR17	-0.05	0.15	0.15	4.65	0.01	0.01	0.0	0.0667	0.0019	0.0018	0.0	MS	M	22.9	0.7	0.026026059	True	True	Maxted23	EB	3	-1.175874166083451	0.012198281790202659	0.011881137116179774	315.0	0.01	0.0058	0.00185	0.012039709453191216	0.01	0.008	2.7736131934032984	1.0238943758151045	1.7361111111111112	1.3445378151260505	8.513513513513514	0.2150537634408602	-3.2008830022075054	3.568201724066995	0.03548382554770457	0.03864305104583199	-0.239577516576788	0.007475132594878614	0.0076060522349406245
BEPOP-3_A	1.084	0.026	0.026	1.386	0.01	0.01	6065.0	36.0	36.0	-0.02	0.1	0.1	NA	NA	NA	NA	4.1895	0.0041	0.0041	0.0	2.345	0.033	0.033	0.0	MS	F9	26.0	0.16	0.053369272	True	True	Maxted25	EB	3	0.3701428470511021	0.006069003231570669	0.006155017302610644	36.0	0.0041	0.1	0.033	0.006112010267090656	0.026	0.01	1.4072494669509594	1.651257160791987	2.3985239852398523	0.7215007215007215	0.5935696619950536	0.0978637068862633	-500.0	3.782830805202592	0.002570219789795658	0.002585521337239438	0.03502928220236815	0.010293696584289323	0.010543614503201178
BEPOP-3_B	0.262	0.004	0.004	0.274	0.002	0.002	3191.0	32.0	32.0	-0.02	0.1	0.1	NA	NA	NA	NA	4.979	0.0016	0.0016	0.0	0.00705	0.00035	0.00033	0.0	MS	M	26.0	0.16	0.010550635	True	True	Maxted25	EB	3	-2.151810883008601	0.021042602739577365	0.020819843937573523	32.0	0.0016	0.1	0.00034	0.020931223338575444	0.004	0.002	4.822695035460994	0.9727259725218045	1.5267175572519085	0.7299270072992701	1.0028204324663115	0.03213496686081543	-500.0	3.5039268041935103	0.004333501318824151	0.004377178288361261	-0.5816987086802545	0.006580345311321567	0.006681585356515307
ASAS_J051753-5406.0_A	1.3094	0.0051	0.0051	1.9288	0.003	0.003	6462.0	43.0	43.0	0.0	0.2	0.2	NA	NA	NA	NA	3.9836	0.0012	0.0012	0.0	5.83	0.15	0.15	0.0	MS	F	49.718	0.09	0.038794803	True	True	Miller22	EB	3	0.7656685547590141	0.01103262922939685	0.011320219047995184	43.0	0.0012	0.2	0.15	0.011176424138696017	0.0051	0.003	2.5728987993138936	1.459694807789733	0.3894913700931725	0.1555371215263376	0.6654286598576292	0.03012350637614218	inf	3.8103669536816254	0.0028803472159797394	0.0028995779973475244	0.11707233658597778	0.0016882538564037541	0.0016948423068609414
ASAS_J051753-5406.0_B	1.0896	0.0034	0.0034	1.1815	0.0037	0.0037	6331.0	43.0	43.0	0.0	0.2	0.2	NA	NA	NA	NA	4.3297	0.0026	0.0026	0.0	2.02	0.06	0.06	0.0	MS	F	49.718	0.09	0.023764029	True	True	Miller22	EB	3	0.3053513694466238	0.012711965516137791	0.013095298090147756	43.0	0.0026	0.2	0.06	0.012903631803142773	0.0034	0.0037	2.9702970297029703	4.225830664040419	0.3120411160058737	0.31316123571730853	0.6791975991154636	0.06005034990876967	inf	3.801472313521471	0.0029397456162429947	0.002959780490119357	0.0372670945687099	0.0013530673809928825	0.001357296112101239
LL_Aqr_A	1.1947	0.0009	0.0009	1.318	0.0013	0.0013	6242.0	51.0	51.0	0.04	0.05	0.05	NA	NA	NA	NA	4.2755	0.0009	0.0009	0.0	2.38	0.08	0.08	0.0	MS	F9	40.744	0.007	0.032348321	True	True	Miller26	EB	2	0.37657695705651195	0.01435815004686719	0.01484912103891911	51.0	0.0009	0.05	0.08	0.01460363554289315	0.0009	0.0013	3.361344537815126	3.877994993916109	0.07533271951117435	0.09863429438543247	0.8170458186478693	0.02105016957081043	125.0	3.795323764329314	0.0035339674181718017	0.003562960316409125	0.07725886369294807	0.00032704267429500833	0.00032728913729247744
LL_Aqr_B	1.0334	0.0006	0.0006	0.9927	0.0008	0.0008	5839.0	45.0	45.0	0.05	0.08	0.08	NA	NA	NA	NA	4.4587	0.0008	0.0008	0.0	1.03	0.03	0.03	0.0	MS	G3	40.744	0.007	0.024364324	True	True	Miller26	EB	2	0.012837224705172217	0.012468640559598045	0.012837224705172217	45.0	0.0008	0.08	0.03	0.01265293263238513	0.0006	0.0008	2.912621359223301	98.56439318451102	0.058060770272885615	0.08058829455021659	0.7706799109436547	0.017942449592930673	160.0	3.7663384752512874	0.003334188804204885	0.0033599843835445675	0.014268457209642952	0.00025208154828076056	0.0002522279512789903
TIC100520485_A	1.218	0.015	0.015	1.639	0.041	0.041	6090.0	127.0	127.0	-0.42	0.05	0.05	NA	NA	NA	NA	4.08	0.02	0.02	0.0	3.31	0.1	0.1	0.0	MS	NA	16.45	0.01	0.099635258	True	True	MWang25	EB	3	0.5198279937757188	0.012926385216779024	0.013322961370846653	127.0	0.02	0.05	0.1	0.013124673293812839	0.015	0.041	3.0211480362537766	2.5248107933709156	1.2315270935960592	2.501525320317267	2.0853858784893267	0.49019607843137253	-11.904761904761905	3.784617292632875	0.008963574735280755	0.009152483287135915	0.08564728829685654	0.0053157882988750516	0.005381660957011772
TIC100520485_B	1.015	0.015	0.015	1.14	0.044	0.044	6209.0	144.0	144.0	-0.42	0.05	0.05	NA	NA	NA	NA	4.33	0.03	0.03	0.0	1.73	0.09	0.08	0.0	MS	NA	16.45	0.01	0.069300912	True	True	MWang25	EB	3	0.2380461031287954	0.022025284856279387	0.020562158914889134	144.0	0.03	0.05	0.08499999999999999	0.02129372188558426	0.015	0.044	4.913294797687861	8.945209186668869	1.4778325123152711	3.8596491228070176	2.3192140441294895	0.6928406466512702	-11.904761904761905	3.793021659845983	0.009957195489278536	0.010190854643391312	0.006466042249231681	0.006371182455940442	0.00646604224923173
TIC126323537_A	1.145	0.047	0.047	1.666	0.027	0.027	6787.0	133.0	133.0	-0.53	0.05	0.05	NA	NA	NA	NA	4.05	0.01	0.01	0.0	5.28	0.14	0.13	0.0	MS	NA	8.34	0.01	0.199760192	True	True	MWang25	EB	3	0.7226339225338123	0.011365364004574552	0.01082669349262122	133.0	0.01	0.05	0.135	0.011096028748597886	0.047	0.027	2.5568181818181817	1.5354979060063014	4.104803493449782	1.6206482593037217	1.9596287019301606	0.2469135802469136	-9.433962264150942	3.831677849191467	0.008428245265291068	0.008595052658663338	0.05880548667590681	0.017470768728310798	0.018203146561833666
TIC126323537_B	1.141	0.016	0.016	1.481	0.049	0.049	6605.0	189.0	189.0	-0.53	0.05	0.05	NA	NA	NA	NA	4.15	0.02	0.02	0.0	3.74	0.14	0.14	0.0	MS	NA	8.34	0.01	0.177577938	True	True	MWang25	EB	3	0.5728716022004802	0.0159601233937271	0.0165691014331929	189.0	0.02	0.05	0.14	0.01626461241346	0.016	0.049	3.7433155080213907	2.839137487525188	1.4022787028922	3.3085752869682645	2.861468584405753	0.48192771084337344	-9.433962264150942	3.819872821950546	0.012252720583463272	0.012608466674438823	0.05728564441821465	0.006047714533534913	0.0061331219708333565
TIC189069314_A	1.126	0.069	0.069	1.439	0.047	0.047	6286.0	108.0	108.0	-0.32	0.03	0.03	NA	NA	NA	NA	4.17	0.01	0.01	0.0	2.9	0.09	0.09	0.0	MS	NA	14.49	0.01	0.099309869	True	True	MWang25	EB	3	0.4623979978989561	0.013273190425473536	0.013691677993876161	108.0	0.01	0.03	0.09	0.013482434209674848	0.069	0.047	3.103448275862069	2.915763967607198	6.127886323268207	3.2661570535093816	1.7181037225580655	0.23980815347721823	-9.375	3.7983743766815614	0.007398255254107866	0.007526472716129717	0.05153839051532738	0.025829514768829054	0.027463403207901138
TIC189069314_B	0.96	0.054	0.054	1.023	0.035	0.035	5739.0	117.0	117.0	-0.32	0.03	0.03	NA	NA	NA	NA	4.4	0.03	0.03	0.0	1.01	0.04	0.04	0.0	MS	NA	14.49	0.01	0.070600414	True	True	MWang25	EB	3	0.004321373782642578	0.016867925287295513	0.01754963951639774	117.0	0.03	0.03	0.04	0.017208782401846624	0.054	0.035	3.9603960396039604	398.22480691136195	5.625000000000001	3.421309872922777	2.03868269733403	0.6818181818181818	-9.375	3.7588362247469584	0.008764843303377123	0.008945383475536417	-0.017728766960431602	0.02376672195774878	0.02514303536275537
TIC327361036_A	1.443	0.022	0.022	2.146	0.094	0.094	7553.0	126.0	126.0	0.08	0.04	0.04	NA	NA	NA	NA	3.93	0.04	0.04	0.0	12.45	0.59	0.56	0.0	MS	NA	19.1	0.27	0.112356021	True	True	MWang25	EB	3	1.095169351431755	0.020108239964146346	0.019987496813063554	126.0	0.04	0.04	0.575	0.02004786838860495	0.022	0.094	4.618473895582329	1.8305724463888289	1.5246015246015243	4.3802423112767945	1.6682113067655235	1.0178117048346056	50.0	3.8781194846971676	0.007185182891800146	0.007306060781570256	0.15926633109349422	0.0065712935966340535	0.006672253166024461
TIC327361036_B	1.272	0.021	0.021	1.19	0.063	0.063	7585.0	191.0	191.0	0.08	0.04	0.04	NA	NA	NA	NA	4.39	0.05	0.05	0.0	4.23	0.25	0.24	0.0	MS	NA	19.1	0.27	0.062303665	True	True	MWang25	EB	3	0.6263403673750424	0.024937646623101606	0.02536747168829412	191.0	0.05	0.04	0.245	0.025152559155697862	0.021	0.063	5.791962174940898	4.015797235153601	1.650943396226415	5.294117647058823	2.5181278839815424	1.1389521640091116	50.0	3.879955585122749	0.01080066679546876	0.01107613888566128	0.10448711131239508	0.0071114135679989365	0.0072298016189750874
TIC369605666_A	0.995	0.014	0.014	1.041	0.036	0.036	6116.0	108.0	108.0	-0.05	0.01	0.01	NA	NA	NA	NA	4.4	0.03	0.03	0.0	1.36	0.05	0.05	0.0	MS	NA	10.17	0.01	0.102359882	True	True	MWang25	EB	3	0.13353890837021754	0.015680204285162397	0.01626761271445326	108.0	0.03	0.01	0.05	0.01597390849980783	0.014	0.036	3.676470588235294	11.961988228571146	1.407035175879397	3.4582132564841497	1.7658600392413342	0.6818181818181818	-20.0	3.7864674767402824	0.007602107241349909	0.007737552744170539	-0.002176919254274547	0.006068085491185024	0.00615407336577695
TIC369605666_B	0.827	0.024	0.024	0.789	0.044	0.044	5486.0	116.0	116.0	-0.05	0.01	0.01	NA	NA	NA	NA	4.56	0.05	0.05	0.0	0.51	0.04	0.03	0.0	MS	NA	10.17	0.01	0.077581121	True	True	MWang25	EB	3	-0.2924298239020636	0.03279251339630751	0.02632893872234915	116.0	0.05	0.01	0.035	0.02956072605932833	0.024	0.044	6.862745098039216	10.108656382882609	2.902055622732769	5.576679340937895	2.114473204520598	1.0964912280701755	-20.0	3.739255803268511	0.009087301219038668	0.009281517568955344	-0.08249449044745336	0.012424050532041223	0.012789964273865737
TIC39022841_A	0.856	0.048	0.048	0.929	0.059	0.059	5914.0	101.0	101.0	-0.19	0.03	0.03	NA	NA	NA	NA	4.44	0.02	0.02	0.0	0.95	0.06	0.06	0.0	MS	NA	21.59	0.19	0.04302918	True	True	MWang25	EB	3	-0.022276394711152253	0.026597768493794832	0.02833359864393501	101.0	0.02	0.03	0.06	0.02746568356886492	0.048	0.059	6.315789473684211	123.29501216422041	5.607476635514018	6.35091496232508	1.7078119715928306	0.4504504504504504	-15.789473684210526	3.771881320190099	0.0073543114857645975	0.007480997233710873	-0.06752623532284678	0.0236946657982101	0.025062403902567087
TIC39022841_B	0.892	0.037	0.037	1.074	0.087	0.087	6071.0	102.0	102.0	-0.19	0.03	0.03	NA	NA	NA	NA	4.33	0.03	0.03	0.0	1.41	0.12	0.11	0.0	MS	NA	21.59	0.19	0.049745252	True	True	MWang25	EB	3	0.14921911265537988	0.03547231816221888	0.03527576034854317	102.0	0.03	0.03	0.11499999999999999	0.035374039255381025	0.037	0.087	8.156028368794328	23.70610481854093	4.147982062780269	8.100558659217876	1.6801185966068193	0.6928406466512702	-15.789473684210526	3.7832602328729488	0.007236044094160565	0.007358653981274443	-0.04963514562387693	0.017650859617518715	0.01839873964795044
TIC431925451_A	1.426	0.079	0.079	1.488	0.09	0.09	6989.0	131.0	131.0	-0.2	0.02	0.02	NA	NA	NA	NA	4.25	0.05	0.05	0.0	4.74	0.3	0.29	0.0	MS	NA	14.19	0.01	0.104862579	True	True	MWang25	EB	3	0.6757783416740851	0.026652194771440207	0.02741833069315347	131.0	0.05	0.02	0.295	0.02703526273229684	0.079	0.09	6.223628691983122	4.000611008829198	5.539971949509117	6.048387096774194	1.8743740163113465	1.1764705882352942	-10.0	3.8444150404738244	0.00806495316303213	0.008217559694899013	0.15411952551584673	0.023416974414015385	0.024751929792861116
TIC431925451_B	1.404	0.061	0.061	1.481	0.087	0.087	6614.0	145.0	145.0	-0.2	0.02	0.02	NA	NA	NA	NA	4.24	0.07	0.07	0.0	3.82	0.24	0.23	0.0	MS	NA	14.19	0.01	0.104369274	True	True	MWang25	EB	3	0.5820633629117087	0.026462670665485355	0.02696891433338955	145.0	0.07	0.02	0.235	0.026715792499437452	0.061	0.087	6.151832460732985	4.589842653176899	4.344729344729345	5.874409182984469	2.1923193226489266	1.6509433962264153	-10.0	3.820464190577684	0.009418255865809133	0.009627039437195783	0.14736710779378645	0.01847051689634177	0.0192910951250711
TIC446092483_A	1.342	0.019	0.019	2.194	0.069	0.069	6336.0	120.0	120.0	-0.25	0.01	0.01	NA	NA	NA	NA	3.88	0.03	0.03	0.0	6.07	0.21	0.21	0.0	MS	NA	26.92	0.05	0.081500743	True	True	MWang25	EB	3	0.7831886910752576	0.014770952661938619	0.01529107505716687	120.0	0.03	0.01	0.21	0.015031013859552744	0.019	0.069	3.459637561779242	1.9192072141537595	1.4157973174366616	3.1449407474931634	1.893939393939394	0.7731958762886598	-4.0	3.801815168581437	0.00814835313257678	0.008304162788579372	0.12775251583297328	0.006105609370361392	0.006192671645472256
TIC446092483_B	1.486	0.028	0.028	1.459	0.077	0.077	6096.0	111.0	111.0	-0.25	0.01	0.01	NA	NA	NA	NA	4.28	0.04	0.04	0.0	2.41	0.14	0.13	0.0	MS	NA	26.92	0.05	0.054197623	True	True	MWang25	EB	3	0.3820170425748684	0.02452313785908683	0.024082195574414544	111.0	0.04	0.01	0.135	0.024302666716750687	0.028	0.077	5.601659751037344	6.361670817863527	1.8842530282637957	5.277587388622344	1.8208661417322836	0.9345794392523364	-4.0	3.785044958331544	0.007836787053852934	0.007980803589114682	0.1720188094245565	0.00810706573949746	0.008261285442600685
TIC46299496_A	1.123	0.028	0.028	1.13	0.018	0.018	6056.0	113.0	113.0	-0.56	0.03	0.03	NA	NA	NA	NA	4.38	0.01	0.01	0.0	1.54	0.04	0.04	0.0	MS	NA	11.99	0.01	0.094245204	True	True	MWang25	EB	3	0.18752072083646307	0.011136366117959567	0.01142946178078183	113.0	0.01	0.03	0.04	0.011282913949370699	0.028	0.018	2.5974025974025974	6.016889173122652	2.4933214603739984	1.592920353982301	1.8659180977542933	0.22831050228310504	-5.357142857142857	3.7821858664920165	0.008028903751962968	0.0081801362338072	0.050379756261457784	0.010695567368334026	0.010965637085320654
TIC46299496_B	1.053	0.026	0.026	1.02	0.04	0.04	5926.0	120.0	120.0	-0.56	0.03	0.03	NA	NA	NA	NA	4.44	0.02	0.02	0.0	1.15	0.05	0.05	0.0	MS	NA	11.99	0.01	0.085070892	True	True	MWang25	EB	3	0.06069784035361165	0.018483405694013168	0.019305155195386663	120.0	0.02	0.03	0.05	0.018894280444699915	0.026	0.04	4.347826086956522	31.128422913609754	2.469135802469136	3.9215686274509802	2.0249746878164023	0.4504504504504504	-5.357142857142857	3.772761647144032	0.008706495697766048	0.008884615648377281	0.022428371185486493	0.010593073497424162	0.010857927588208333
TIC54759992_A	1.236	0.042	0.042	1.255	0.028	0.028	6733.0	126.0	126.0	-0.53	0.03	0.03	NA	NA	NA	NA	4.33	0.01	0.01	0.0	2.9	0.09	0.09	0.0	MS	NA	9.62	0.05	0.13045738	True	True	MWang25	EB	3	0.4623979978989561	0.013273190425473536	0.013691677993876161	126.0	0.01	0.03	0.09	0.013482434209674848	0.042	0.028	3.103448275862069	2.915763967607198	3.3980582524271847	2.2310756972111556	1.8713797712758058	0.23094688221709006	-5.660377358490566	3.8282086144679455	0.00805218839054156	0.008204307659627652	0.09201847075279702	0.014512383069584342	0.015014143959446766
TIC54759992_B	1.03	0.011	0.011	0.98	0.035	0.035	5619.0	139.0	139.0	-0.53	0.03	0.03	NA	NA	NA	NA	4.48	0.03	0.03	0.0	0.86	0.04	0.04	0.0	MS	NA	9.62	0.05	0.101871102	True	True	MWang25	EB	3	-0.06550154875643228	0.01974405819575717	0.02068459885985105	139.0	0.03	0.03	0.04	0.02021432852780411	0.011	0.035	4.651162790697675	30.860840562673037	1.0679611650485434	3.571428571428572	2.4737497775404877	0.6696428571428571	-5.660377358490566	3.7496590320949	0.010612628447163264	0.010878473610530737	0.012837224705172217	0.004613504805363908	0.004663040698745768
NGTS-EB-8_A	0.25	0.005	0.004	0.255	0.004	0.005	3500.0	100.0	200.0	0.0	0.5	0.5	NA	NA	NA	NA	5.023	0.02	0.016	0.0	0.00879	0.00108	0.00187	1.0	MS	M	8.43	0.02	0.03024911	True	True	OBrien25	EB	3	-2.0560111249262283	0.05032827759586489	0.10388278061701417	150.0	0.018000000000000002	0.5	0.001475	0.07710552910643953	0.0045000000000000005	0.0045000000000000005	16.78043230944255	3.7502486329788782	1.8000000000000003	1.7647058823529413	4.285714285714286	0.3583515827194904	inf	3.5440680443502757	0.012234456417011597	0.02555410447238815	-0.6020599913279624	0.008600171761917519	0.007004901568658517
NGTS-EB-8_B	0.208	0.005	0.004	0.233	0.006	0.005	3300.0	100.0	100.0	0.0	0.5	0.5	NA	NA	NA	NA	5.021	0.02	0.022	0.0	0.0058	0.0008	0.00072	1.0	MS	M	8.43	0.02	0.027639383	True	True	OBrien25	EB	3	-2.2365720064370627	0.05611594197893144	0.057564281279018026	100.0	0.020999999999999998	0.5	0.00076	0.05684011162897473	0.0045000000000000005	0.0055	13.10344827586207	2.5413942169258843	2.1634615384615388	2.360515021459227	3.0303030303030303	0.41824337781318455	inf	3.5185139398778875	0.012964977164367397	0.013363961557981696	-0.6819366650372385	0.01031626847597622	0.00843316753686274
KIC6147573_A	0.98	0.01	0.01	1.007	0.005	0.005	5699.0	100.0	100.0	-0.003	0.031	0.031	LAMOST_DR11	NA	NA	NA	4.422	0.003	0.003	0.0	0.95	0.12	0.1	0.0	MS	G3	46.0	0.2	0.021891304	True	True	Ozdarcan24	EB	3	-0.022276394711152253	0.05166017239636183	0.04830467957455503	100.0	0.003	0.031	0.11	0.049982425985458434	0.01	0.005	11.578947368421053	224.37394665320633	1.0204081632653061	0.496524329692155	1.754693805930865	0.06784260515603799	-1033.3333333333333	3.7557986569738304	0.007554451774384852	0.007688189478846752	-0.00877392430750515	0.004409118905055062	0.00445434142625001
KIC8543278_A	0.827	0.007	0.007	0.746	0.004	0.004	5270.0	90.0	90.0	-0.166	0.028	0.028	LAMOST_DR11	NA	NA	NA	4.611	0.004	0.004	0.0	0.39	0.05	0.04	0.0	MS	K0	18.64	0.05	0.040021459	True	True	Ozdarcan24	EB	3	-0.4089353929735008	0.052388069459688213	0.04699656267622354	90.0	0.004	0.028	0.045	0.04969231606795588	0.007	0.004	11.538461538461538	12.151630042737818	0.8464328899637245	0.5361930294906166	1.7077798861480076	0.08674907829104317	-16.867469879518072	3.7218106152125467	0.007354174480223463	0.007480855467313585	-0.08249449044745336	0.003660541085192051	0.0036916571688299787
KIC9762519_A	0.92	0.02	0.02	0.916	0.008	0.008	5750.0	90.0	90.0	-0.447	0.028	0.028	LAMOST_DR11	NA	NA	NA	4.48	0.005	0.005	0.0	0.83	0.1	0.09	0.0	MS	G7	18.9	0.1	0.048465608	True	True	Ozdarcan24	EB	3	-0.08092190762392612	0.04940485617786121	0.0498463726450977	90.0	0.005	0.028	0.095	0.04962561441147945	0.02	0.008	11.44578313253012	61.32531457625535	2.1739130434782608	0.8733624454148472	1.565217391304348	0.11160714285714285	-6.263982102908278	3.7596678446896306	0.0067450024227690974	0.006851413501359094	-0.036212172654444715	0.009340026254143402	0.0095453179062304
KIC11769146_A	1.001	0.007	0.007	0.968	0.002	0.002	5800.0	150.0	150.0	0.0	0.25	0.25	NA	NA	NA	NA	4.467	0.001	0.001	0.0	0.95	0.09	0.08	0.0	MS	NA	222.4	0.5	0.004352518	True	True	OzdarcanFeb25	EB	3	-0.022276394711152253	0.03930973400993262	0.03820435267022922	150.0	0.001	0.25	0.08499999999999999	0.03875704334008093	0.007	0.002	8.947368421052632	173.982566939694	0.6993006993006995	0.2066115702479339	2.586206896551724	0.022386389075442135	inf	3.7634279935629373	0.011088972165612443	0.011379545743498642	0.0004340774793185929	0.003026454630187801	0.0030476930820053315
KIC11769146_B	0.846	0.006	0.006	0.785	0.002	0.002	5180.0	150.0	150.0	0.0	0.25	0.25	NA	NA	NA	NA	4.575	0.001	0.001	0.0	0.4	0.05	0.04	0.0	MS	NA	222.4	0.5	0.003529676	True	True	OzdarcanFeb25	EB	3	-0.3979400086720376	0.05115252244738128	0.045757490560675074	150.0	0.001	0.25	0.045	0.048455006504028175	0.006	0.002	11.25	12.17646013169849	0.7092198581560284	0.25477707006369427	2.8957528957528957	0.02185792349726776	inf	3.714329759745233	0.012397449281339235	0.012761774689305838	-0.07262963696097648	0.0030692317276765774	0.0030910769771418795
KIC8610483_A	0.92	0.02	0.02	1.461	0.01	0.01	5700.0	150.0	150.0	-0.25	0.25	0.25	NA	NA	NA	NA	4.07	0.004	0.004	0.0	2.0	0.2	0.2	0.0	MS	NA	68.7	0.4	0.021266376	True	True	OzdarcanFeb25	EB	3	0.3010299956639812	0.041392685158225084	0.04575749056067513	150.0	0.004	0.25	0.2	0.04357508785945011	0.02	0.01	10.0	14.475330859749253	2.1739130434782608	0.6844626967830253	2.6315789473684212	0.09828009828009827	-100.0	3.7558748556724915	0.011281010409688985	0.011581872549815131	-0.036212172654444715	0.009340026254143402	0.0095453179062304
KIC8610483_B	0.92	0.02	0.02	1.329	0.009	0.009	5751.0	150.0	150.0	-0.25	0.25	0.25	NA	NA	NA	NA	4.153	0.004	0.004	0.0	1.7	0.2	0.2	0.0	MS	NA	68.7	0.4	0.019344978	True	True	OzdarcanFeb25	EB	3	0.2304489213782739	0.048304679574555004	0.054357662322592676	150.0	0.004	0.25	0.2	0.05133117094857384	0.02	0.009	11.764705882352942	22.274424476179473	2.1739130434782608	0.6772009029345372	2.6082420448617634	0.09631591620515291	-100.0	3.759743367597725	0.011182247041274351	0.011477794928984153	-0.036212172654444715	0.009340026254143402	0.0095453179062304
KIC8868907_A	1.032	0.005	0.005	1.318	0.002	0.002	5800.0	150.0	150.0	0.0	0.25	0.25	NA	NA	NA	NA	4.2115	0.0009	0.0009	0.0	1.8	0.2	0.2	0.0	MS	NA	148.6	0.2	0.008869448	True	True	OzdarcanFeb25	EB	3	0.25527250510330607	0.04575749056067513	0.05115252244738128	150.0	0.0009	0.25	0.2	0.0484550065040282	0.005	0.002	11.11111111111111	18.981678612202664	0.4844961240310077	0.15174506828528073	2.586206896551724	0.02137005817404725	inf	3.7634279935629373	0.011088972165612443	0.011379545743498642	0.01367969729119256	0.0020990590978483686	0.0021092536939143064
KIC8868907_B	0.75	0.003	0.003	0.731	0.001	0.001	4872.0	150.0	150.0	0.0	0.25	0.25	NA	NA	NA	NA	4.5851	0.0006	0.0006	0.0	0.27	0.03	0.03	0.0	MS	NA	148.6	0.2	0.004919246	True	True	OzdarcanFeb25	EB	3	-0.5686362358410126	0.04575749056067513	0.05115252244738133	150.0	0.0006	0.25	0.03	0.04845500650402823	0.003	0.001	11.11111111111111	8.521266048471798	0.39999999999999997	0.13679890560875513	3.0788177339901477	0.013085865084730976	inf	3.687707279624819	0.013169428752084489	0.013581296882110738	-0.12493873660829995	0.0017337128090005316	0.001740661576301275
KIC9948002_A	1.25	0.03	0.03	1.82	0.01	0.01	6100.0	150.0	150.0	0.0	0.25	0.25	NA	NA	NA	NA	4.015	0.004	0.004	0.0	4.2	0.4	0.4	0.0	MS	NA	115.1	0.8	0.015812337	True	True	OzdarcanFeb25	EB	3	0.6232492903979004	0.03950854128367365	0.04346569378109022	150.0	0.004	0.25	0.4	0.041487117532381934	0.03	0.01	9.523809523809524	6.656584800264329	2.4	0.5494505494505494	2.459016393442623	0.09962640099626402	inf	3.785329835010767	0.010550182333308289	0.010812869282217363	0.09691001300805642	0.010299956639811952	0.010550182333308206
KIC9948002_B	0.75	0.01	0.01	0.707	0.005	0.005	4734.0	150.0	150.0	0.0	0.25	0.25	NA	NA	NA	NA	4.613	0.004	0.004	0.0	0.22	0.03	0.03	0.0	MS	NA	115.1	0.8	0.006142485	True	True	OzdarcanFeb25	EB	3	-0.6575773191777937	0.05551732784983132	0.06366907986937731	150.0	0.004	0.25	0.03	0.059593203859604316	0.01	0.005	13.636363636363637	9.062539434011667	1.3333333333333333	0.7072135785007072	3.1685678073510775	0.08671146759158899	inf	3.675228253593064	0.013547401679780968	0.013983644633730474	-0.12493873660829995	0.005752328889091302	0.005829543660723871
TIC17303250_A	0.714	0.004	0.004	0.768	0.004	0.004	5135.0	80.0	80.0	-0.04	0.15	0.15	NA	NA	NA	NA	4.38	0.28	0.28	0.0	0.36947	0.02388	0.02282	1.0	MS	K1	17.46	0.03	0.043986254	True	True	Pan25	EB	3	-0.43242081941637184	0.027199973921521625	0.027687976048837604	80.0	0.28	0.15	0.02335	0.027443974985179614	0.004	0.004	6.31986358838336	6.346589653620309	0.5602240896358543	0.5208333333333334	1.557935735150925	6.392694063926942	-375.0	3.710540447933297	0.006713864829252625	0.00681928800627718	-0.14630178822382564	0.0024262324661259715	0.00243986305709909
TIC17303250_B	0.696	0.004	0.004	0.752	0.004	0.004	5070.0	135.0	135.0	-0.06	0.15	0.15	NA	NA	NA	NA	4.46	0.28	0.28	0.0	0.33664	0.03748	0.03463	1.0	MS	K2	17.46	0.03	0.043069874	True	True	Pan25	EB	3	-0.47283428186237375	0.04584520753576027	0.047144394806576395	135.0	0.28	0.15	0.036055000000000004	0.04649480117116833	0.004	0.004	10.710254277566541	9.833212809366774	0.574712643678161	0.5319148936170213	2.662721893491124	6.278026905829598	-250.0	3.705007959333336	0.01141277451321887	0.01172080232768069	-0.15739076038943792	0.0024888004036947298	0.002503145153804315
TIC196817076_A	0.989	0.001	0.001	0.788	0.005	0.005	5285.0	150.0	150.0	-0.05	0.15	0.15	NA	NA	NA	NA	4.28	0.27	0.27	0.0	0.43644	0.052	0.0478	1.0	MS	K0	30.15	0.15	0.026135987	True	True	Pan25	EB	3	-0.36007545289766324	0.04888667546768233	0.050377049641281424	150.0	0.27	0.15	0.0499	0.049631862554481876	0.001	0.005	11.43341581889836	13.783739534332463	0.10111223458038424	0.6345177664974619	2.838221381267739	6.308411214953271	-300.0	3.723044991643445	0.012154556778868564	0.012504543710147864	-0.004803708402820599	0.00043890300037051095	0.0004393470095512839
TIC196817076_B	0.818	0.011	0.011	0.762	0.005	0.005	5200.0	155.0	155.0	0.02	0.13	0.13	NA	NA	NA	NA	4.14	0.39	0.39	0.0	0.38249	0.04795	0.04389	1.0	MS	K1	30.15	0.15	0.025273632	True	True	Pan25	EB	3	-0.4173799147628879	0.05129253748647927	0.05293313146419565	155.0	0.39	0.13	0.04592	0.05211283447533746	0.011	0.005	12.005542628565454	12.485707297377399	1.3447432762836184	0.6561679790026247	2.980769230769231	9.420289855072465	650.0	3.716003343634799	0.012756131533075532	0.013142173061869489	-0.08724669632867703	0.005801226878950558	0.005879768949252587
TIC219488423_A	0.565	0.016	0.016	0.564	0.007	0.007	4870.0	90.0	90.0	-0.55	0.12	0.12	NA	NA	NA	NA	4.55	0.15	0.15	0.0	0.1612	0.0129	0.01225	1.0	MS	K3	25.95	0.13	0.021734104	True	True	Pan25	EB	3	-0.7926349625309281	0.0334337336482593	0.034324529918009494	90.0	0.15	0.12	0.012575	0.0338791317831344	0.016	0.007	7.800868486352356	4.274241408044432	2.8318584070796464	1.24113475177305	1.8480492813141685	3.296703296703297	-21.818181818181817	3.6875289612146345	0.007952715275563182	0.008101064602515695	-0.2479515521805615	0.012127684570892194	0.012476103369346653
TIC219488423_B	0.555	0.016	0.016	0.564	0.006	0.006	4680.0	120.0	120.0	-0.54	0.13	0.13	NA	NA	NA	NA	4.6	0.18	0.18	0.0	0.13748	0.01494	0.01388	1.0	MS	K4	25.95	0.13	0.021734104	True	True	Pan25	EB	3	-0.8617604765348124	0.044802433825452126	0.04622105271239063	120.0	0.18	0.13	0.01441	0.04551174326892138	0.016	0.006	10.481524585394238	5.281252100575171	2.8828828828828827	1.0638297872340425	2.5641025641025643	3.91304347826087	-24.074074074074073	3.670245853074124	0.010995384301462963	0.01128101040968943	-0.2557070168773237	0.012343125123171816	0.012704217935937567
TIC252991035_A	0.736	0.009	0.009	0.741	0.005	0.005	5540.0	140.0	140.0	-0.21	0.15	0.15	NA	NA	NA	NA	4.3	0.13	0.13	0.0	0.46598	0.04932	0.04578	1.0	MS	G8	17.54	0.06	0.042246294	True	True	Pan25	EB	3	-0.3316327229581455	0.04369286541922024	0.044911228971920736	140.0	0.13	0.15	0.04755	0.04430204719557049	0.009	0.005	10.204300613760246	13.35876833878113	1.2228260869565217	0.6747638326585695	2.527075812274368	3.0232558139534884	-71.42857142857143	3.74350976472843	0.010838570982588891	0.011116004905461274	-0.13312218566250114	0.005278458410793968	0.005343403478461045
TIC252991035_B	0.724	0.009	0.009	0.688	0.005	0.005	5370.0	130.0	130.0	-0.2	0.14	0.14	NA	NA	NA	NA	4.44	0.12	0.12	0.0	0.35462	0.03598	0.03351	1.0	MS	G9	17.54	0.06	0.039224629	True	True	Pan25	EB	3	-0.450236774531214	0.0419690134830496	0.04310939490323523	130.0	0.12	0.14	0.034745	0.042539204193142416	0.009	0.005	9.797811742146523	9.44818517710691	1.2430939226519335	0.7267441860465117	2.4208566108007448	2.7027027027027026	-70.0	3.7299742856995555	0.010388403794688195	0.010642998715828966	-0.1402614338028531	0.0053654084439810346	0.005432524396066285
TIC344753509_A	0.743	0.005	0.005	0.729	0.006	0.006	5520.0	120.0	120.0	-0.11	0.12	0.12	NA	NA	NA	NA	4.39	0.09	0.09	0.0	0.44454	0.0406	0.03812	1.0	MS	G8	18.49	0.04	0.039426717	True	True	Pan25	EB	3	-0.35208915483394604	0.03795623870161163	0.0389357736561422	120.0	0.09	0.12	0.03936	0.03844600617887692	0.005	0.006	8.854096369280605	10.91939517336426	0.6729475100942126	0.823045267489712	2.1739130434782608	2.050113895216401	-109.0909090909091	3.741939077729199	0.009340026254143208	0.009545317906230366	-0.1290111862394247	0.002912784103886068	0.0029324519375337477
TIC344753509_B	0.743	0.005	0.005	0.756	0.005	0.005	5175.0	155.0	155.0	-0.1	0.1	0.1	NA	NA	NA	NA	4.49	0.12	0.12	0.0	0.3693	0.04653	0.04258	1.0	MS	K2	18.49	0.04	0.040886966	True	True	Pan25	EB	3	-0.43262069234902123	0.05153651059234088	0.05320358724416252	155.0	0.12	0.1	0.044555	0.0523700489182517	0.005	0.005	12.064717032223124	12.105303755559065	0.6729475100942126	0.6613756613756614	2.995169082125604	2.6726057906458798	-100.0	3.7139103541289553	0.01281685489761708	0.013206636983936093	-0.1290111862394247	0.002912784103886068	0.0029324519375337477
KIC10003270	1.416	0.20746566	0.103232747	2.362	0.114947814	0.098478424	6594.0	69.0	69.0	-0.181	0.1	0.1	NA	NA	NA	NA	3.848	0.022135944	0.023086793	NA	9.847	0.935283685	0.935283685	NA	MS	F	NA	NA	NA	NA	NA	serenelli17	A	1	0.9933039379194745	0.03940681613679853	0.04334258468486396	69.0	0.0226113685	0.1	0.935283685	0.041374700410831244	0.1553492035	0.106713119	9.49815867776988	4.165361560681282	10.970988947740114	4.517913590177815	1.046405823475887	0.5876135265072765	-55.248618784530386	3.8191489428071344	0.0045208704610022465	0.004568426796815572	0.15106325335375018	0.059379853386997195	0.03287551865635163
KIC10016239	1.264	0.054037024	0.05964059	1.298	0.024698178	0.025553865	6482.0	51.0	51.0	-0.005	0.1	0.1	NA	NA	NA	NA	4.312	0.01077033	0.01077033	NA	2.567	0.21132721	0.21132721	NA	MS	F	NA	NA	NA	NA	NA	serenelli17	A	1	0.40942586867144337	0.034357523604541085	0.03731090317030378	51.0	0.01077033	0.1	0.21132721	0.03583421338742243	0.056838807000000005	0.025126021499999998	8.232458511881573	8.752308080508396	4.496741060126583	1.9357489599383664	0.7867941993211972	0.2497757421150278	-2000.0	3.811709026696191	0.0034036314936214396	0.003430517113423015	0.10174707394636621	0.018180535926996477	0.020990963696537718
KIC10019747	1.168	0.050990195	0.055605755	1.7	0.029206164	0.030805844	5769.0	65.0	65.0	0.204	0.1	0.1	NA	NA	NA	NA	4.044	0.010630146	0.010630146	NA	2.721	0.231861813	0.231861813	NA	MS	G	NA	NA	NA	NA	NA	serenelli17	A	1	0.4347285417797577	0.035514581698763814	0.03867953420865933	65.0	0.010630146	0.1	0.231861813	0.03709705795371157	0.053297975	0.030006004	8.521198566703418	8.533384489051029	4.56318279109589	1.7650590588235293	1.126711735136072	0.26286216617210684	49.01960784313726	3.7611005389581424	0.0048658858275714145	0.004921022114333429	0.06744284277638066	0.01855736958972827	0.0211841094120263
KIC10024648	1.444	0.087692645	0.137295302	2.0	0.050447993	0.060207973	6409.0	157.0	157.0	-0.006	0.1	0.1	NA	NA	NA	NA	3.994	0.014317821	0.016155494	NA	5.875	0.50241565	0.50241565	NA	MS	F	NA	NA	NA	NA	NA	serenelli17	A	1	0.7690078709437739	0.035636852240553685	0.03882462826898936	157.0	0.0152366575	0.1	0.50241565	0.03723074025477152	0.11249397350000001	0.055327983	8.551755744680852	4.841399114560383	7.790441378116344	2.76639915	2.4496801373069124	0.38148867050575863	-1666.6666666666667	3.8067902715840667	0.01051060680925442	0.010771302236917357	0.15956719323362029	0.02560443369994983	0.043389740709984956
KIC10025841	1.121	0.133195345	0.096648849	1.521	0.094556861	0.085094066	5738.0	187.0	187.0	0.197	0.1	0.1	NA	NA	NA	NA	4.127	0.036221541	0.039204592	NA	3.181	0.271735078	0.271735078	NA	MS	G	NA	NA	NA	NA	NA	serenelli17	A	1	0.5025636691073634	0.035599587905117525	0.03878039855673798	187.0	0.0377130665	0.1	0.271735078	0.037189993230927754	0.114922097	0.08982546350000001	8.542441936497957	7.400056055978611	10.251748171275647	5.9056846482577265	3.2589752527012896	0.9138130966803976	50.76142131979695	3.7587605439099794	0.013927810772162097	0.014389316578118816	0.04960561259497315	0.04875957194468883	0.039156752830778116
KIC10070754	1.201	0.055217751	0.056859476	1.284	0.028635642	0.028635642	6550.0	58.0	58.0	-0.21	0.099	0.099	NA	NA	NA	NA	4.299	0.014866069	0.014866069	NA	2.492	0.206873468	0.206873468	NA	MS	F	NA	NA	NA	NA	NA	serenelli17	A	1	0.396548037987132	0.034634485903385304	0.03763778516640465	58.0	0.014866069	0.099	0.206873468	0.036136135534894975	0.0560386135	0.028635642	8.301503531300161	9.1126754070758	4.665996128226477	2.2301901869158876	0.8854961832061069	0.34580295417538964	-47.142857142857146	3.816241299991783	0.0038287343205425373	0.0038627888375888375	0.07954300740290607	0.01952191851189304	0.021063639370878448
KIC10074716	1.217	0.074249579	0.092086915	1.465	0.046518813	0.045617979	6064.0	91.0	91.0	0.11	0.1	0.1	NA	NA	NA	NA	4.189	0.019313208	0.020248457	NA	2.686	0.224793258	0.224793258	NA	MS	F	NA	NA	NA	NA	NA	serenelli17	A	1	0.4291060083326965	0.034905352001921686	0.03795791224931283	91.0	0.019780832499999998	0.1	0.224793258	0.03643163212561726	0.083168247	0.046068396	8.369071407297096	8.490123982922865	6.833874034511092	3.144600409556314	1.5006596306068603	0.47220894008116493	90.9090909090909	3.782759192623997	0.006468864643337735	0.006566677876925109	0.08529057823006501	0.025719614699930143	0.034171609705424176
KIC10079226	1.147	0.047010637	0.046097722	1.158	0.017088007	0.017088007	6078.0	50.0	50.0	0.106	0.099	0.099	NA	NA	NA	NA	4.37	0.007615773	0.007615773	NA	1.666	0.139281472	0.139281472	NA	MS	F	NA	NA	NA	NA	NA	serenelli17	A	1	0.22167499707076876	0.03486992784470444	0.03791602092083626	50.0	0.007615773	0.099	0.139281472	0.03639297438277035	0.0465541795	0.017088007	8.360232412965185	16.417266206685483	4.058777637314734	1.4756482728842832	0.8226390259953932	0.17427398169336383	93.39622641509435	3.7837606957439243	0.0035580608806231595	0.0035874521013301575	0.059563417901267686	0.01744477787853726	0.017814647529798916
KIC10081026	1.354	0.078102497	0.074404301	2.341	0.092282176	0.086284413	6503.0	61.0	61.0	-0.244	0.101	0.101	NA	NA	NA	NA	3.83	0.02236068	0.02236068	NA	10.56	0.96611297	0.96611297	NA	MS	F	NA	NA	NA	NA	NA	serenelli17	A	1	1.0236639181977936	0.038018953685335255	0.04166931794497153	61.0	0.02236068	0.101	0.96611297	0.03984413581515339	0.076253399	0.0892832945	9.14879706439394	3.8923063621604235	5.631713367799113	3.813895536095685	0.9380286021836076	0.5838297650130548	-41.39344262295083	3.8131137540078988	0.004054818373156799	0.004093033524226186	0.13161866434912553	0.024355437623075932	0.02454589269299999
KIC10118942	1.184	0.061717096	0.060959003	2.14	0.060835845	0.059933296	6362.0	61.0	61.0	-0.325	0.072111026	0.072111026	NA	NA	NA	NA	3.85	0.016492423	0.016492423	NA	6.26	0.579917862	0.579917862	NA	MS	F	NA	NA	NA	NA	NA	serenelli17	A	1	0.7965743332104297	0.038476553261975965	0.04221971724901796	61.0	0.016492423	0.072111026	0.579917862	0.040348135255496964	0.0613380495	0.0603845705	9.263863610223641	5.065206544238259	5.180578505067568	2.8217089018691586	0.95881798176674	0.4283746233766233	-22.188007999999996	3.8035936647713444	0.004144257242756133	0.004184185156217435	0.07335170238690095	0.022067722282718027	0.022956091765794058
KIC10129349	1.381	0.057801384	0.057008771	1.534	0.041146081	0.039357337	6699.0	56.0	56.0	0.045	0.1	0.1	NA	NA	NA	NA	4.206	0.017720045	0.017720045	NA	4.248	0.367732675	0.367732675	NA	MS	F	NA	NA	NA	NA	NA	serenelli17	A	1	0.6281845080734126	0.036056140182089136	0.03932286140366548	56.0	0.017720045	0.1	0.367732675	0.037689500792877306	0.0574050775	0.040251709	8.656607226930321	5.999750122534497	4.156776068066618	2.623970599739244	0.8359456635318704	0.42130397051830715	222.22222222222223	3.8260099777911005	0.0036153755669490195	0.00364572534955121	0.1401936785786313	0.017807168321021166	0.018308570521413978
KIC10147635	1.467	0.055470713	0.046872167	2.688	0.044654227	0.041400483	6155.0	66.0	66.0	-0.035	0.1	0.1	NA	NA	NA	NA	3.746	0.006708204	0.006708204	NA	9.718	0.857439331	0.857439331	NA	MS	F	NA	NA	NA	NA	NA	serenelli17	A	1	0.9875768947269874	0.03672152340669621	0.04011569115270297	66.0	0.006708204	0.1	0.857439331	0.03841860727969959	0.05117144	0.043027355	8.82320776908829	3.890188954888449	3.4881690524880704	1.6007200520833336	1.0722989439480097	0.1790764548852109	-285.71428571428567	3.789228057267335	0.004632144075334743	0.004682083212812493	0.1664301138432827	0.016118833238427027	0.014102674623791361
KIC10186764	1.305	0.062968246	0.069814039	1.709	0.065192024	0.06239391	6488.0	74.0	74.0	-0.167	0.102	0.102	NA	NA	NA	NA	4.087	0.023194827	0.025179357	NA	3.867	0.346675422	0.346675422	NA	MS	F	NA	NA	NA	NA	NA	serenelli17	A	1	0.5873741720730654	0.03728690692959202	0.04079146429502034	74.0	0.024187092	0.102	0.346675422	0.03903918561230618	0.0663911425	0.063792967	8.964970830100853	6.646391255938637	5.087443869731802	3.7327657694558223	1.1405672009864365	0.5918055297284072	-61.07784431137724	3.8121108412030997	0.0049253848469290595	0.004981885610678027	0.11561051167429974	0.020465504754363248	0.023878164802198884
KIC10214328	1.23	0.085146932	0.063031738	1.765	0.053907328	0.051662365	6923.0	80.0	80.0	-0.584	0.102	0.102	NA	NA	NA	NA	4.033	0.0234094	0.020615528	NA	6.189	0.470228183	0.470228183	NA	MS	F	NA	NA	NA	NA	NA	serenelli17	A	1	0.791620482692814	0.03180341385161578	0.03431771445437559	80.0	0.022012464000000002	0.102	0.470228183	0.033060564152995686	0.074089335	0.052784846499999996	7.597805509775409	4.176314897832771	6.023523170731708	2.9906428611898015	1.1555683952043911	0.5458086784031738	-17.465753424657535	3.840294331611436	0.004989794736555364	0.005047791615125252	0.08990511143939793	0.029069164726352653	0.022846066727105374
KIC10215584	1.068	0.06060528	0.06382006	1.139	0.029068884	0.029068884	5995.0	57.0	57.0	-0.015	0.1	0.1	NA	NA	NA	NA	4.352	0.017088007	0.017088007	NA	1.78	0.157131504	0.157131504	NA	MS	G	NA	NA	NA	NA	NA	serenelli17	A	1	0.250420002308894	0.036739101901683835	0.04013667273245189	57.0	0.017088007	0.1	0.157131504	0.03843788731706786	0.06221267	0.029068884	8.827612584269662	15.34936784708379	5.825156367041198	2.552140825285338	0.950792326939116	0.3926472196691176	-666.6666666666667	3.7777891874348675	0.0041097319162815005	0.004148994174841825	0.028571252692537637	0.023970825023782068	0.026759711251026407
KIC10273246	1.287	0.050990195	0.054451814	2.147	0.029	0.032015621	6342.0	59.0	59.0	-0.262	0.1	0.1	NA	NA	NA	NA	3.883	0.00781025	0.00781025	NA	6.403	0.567072116	0.567072116	NA	MS	F	NA	NA	NA	NA	NA	serenelli17	A	1	0.8063835018241675	0.0368537697342195	0.040273585253604804	59.0	0.00781025	0.1	0.567072116	0.03856367749391215	0.0527210045	0.030507810500000003	8.85635039825082	4.782299911478223	4.096426146076146	1.4209506520726598	0.9303058971933144	0.2011395827968066	-38.167938931297705	3.80222623769107	0.004021589504720424	0.00405917797513089	0.10957854690438666	0.0168743839616496	0.01877464004653101
KIC10319352	1.077	0.062201286	0.06060528	1.483	0.02884441	0.036674242	5659.0	63.0	63.0	0.197	0.099	0.099	NA	NA	NA	NA	4.128	0.017464249	0.016552945	NA	2.162	0.191534916	0.191534916	NA	MS	G	NA	NA	NA	NA	NA	serenelli17	A	1	0.3348556896172915	0.03686495607340279	0.0402869459043671	63.0	0.017008597	0.099	0.191534916	0.038575950988884944	0.061403283	0.032759326000000005	8.859154301572618	11.520171878510896	5.701326183844012	2.2089902899527987	1.1132708959180067	0.4120299660852713	50.253807106598984	3.752739693935328	0.004808159533916001	0.004861988115537841	0.03221570329798157	0.02438476325321646	0.02515330300074051
KIC10322381	1.138	0.068796802	0.06463745	1.401	0.066098411	0.059464275	6464.0	63.0	63.0	-0.361	0.1	0.1	NA	NA	NA	NA	4.199	0.028071338	0.029068884	NA	2.627	0.213321387	0.213321387	NA	MS	F	NA	NA	NA	NA	NA	serenelli17	A	1	0.4194600727860702	0.0339074111707201	0.03678063050971081	63.0	0.028570111000000002	0.1	0.213321387	0.03534402084021546	0.066717126	0.06278134299999999	8.120342101256186	8.426075122110928	5.862664850615115	4.481180799428978	0.9746287128712872	0.6804027387473208	-27.70083102493075	3.8105013477665297	0.0042122649294471515	0.004253520570739244	0.05614226205905233	0.025491888569193988	0.0253958235321815
KIC10324098	1.326	0.172754161	0.073817342	2.11	0.081394103	0.06080296	6370.0	68.0	68.0	-0.118	0.101	0.101	NA	NA	NA	NA	3.912	0.016763055	0.015811388	NA	6.862	0.611014165	0.611014165	NA	MS	F	NA	NA	NA	NA	NA	serenelli17	A	1	0.8364507137201546	0.037045091736269464	0.040502198946019696	68.0	0.016287221499999997	0.101	0.611014165	0.03877364534114458	0.12328575149999998	0.0710985315	8.904316015738852	4.635496713093463	9.297567986425339	3.3695986492891	1.067503924646782	0.4163400178936605	-85.59322033898307	3.8041394323353503	0.004611540014244575	0.004661033497369349	0.12254352406875435	0.05318687777415124	0.024875839303460018
KIC10351059	1.47	0.072917762	0.072249567	1.819	0.045793013	0.04494441	6530.0	58.0	58.0	0.16	0.1	0.1	NA	NA	NA	NA	4.085	0.013928388	0.014866069	NA	5.568	0.459300526	0.459300526	NA	MS	F	NA	NA	NA	NA	NA	serenelli17	A	1	0.7456992266025056	0.03442361967369845	0.037388871115839106	58.0	0.014397228500000001	0.1	0.459300526	0.035906245394768777	0.0725836645	0.0453687115	8.248931860632183	4.815110987624581	4.937664251700681	2.494156761957119	0.888208269525268	0.3524413341493268	62.5	3.814913181275074	0.0038404092226427267	0.003874672670857837	0.1673173347481761	0.02102544389993022	0.021887699280186773
KIC10385708	1.227	0.128160056	0.054561891	1.766	0.048846699	0.040706265	6036.0	55.0	55.0	0.121	0.1	0.1	NA	NA	NA	NA	4.033	0.017888544	0.015264338	NA	3.7	0.318249775	0.318249775	NA	MS	F	NA	NA	NA	NA	NA	serenelli17	A	1	0.568201724066995	0.03583520499349535	0.03906019647355019	55.0	0.016576441	0.1	0.318249775	0.03744770073352277	0.0913609735	0.044776482	8.60134527027027	6.590564432906828	7.445882110839445	2.5354746319365797	0.9111994698475812	0.41102010909992565	82.64462809917356	3.7807492311035524	0.003939368397869014	0.003975428691445515	0.08884456272700428	0.04314602940776424	0.01975463639678153
KIC10398597	1.47	0.077935871	0.112538882	2.015	0.078447435	0.071784399	6412.0	65.0	65.0	0.112	0.1	0.1	NA	NA	NA	NA	3.991	0.024186773	0.024186773	NA	6.768	0.567435483	0.567435483	NA	MS	F	NA	NA	NA	NA	NA	serenelli17	A	1	0.8304603500309671	0.034965551686135576	0.03802911932991171	65.0	0.024186773	0.1	0.567435483	0.03649733550802364	0.0952373765	0.075115917	8.384094015957448	4.394831794999327	6.478733095238095	3.727837071960298	1.0137242669993762	0.6060328990228013	89.28571428571428	3.8069935136821074	0.004380383371785701	0.004425015368151097	0.1673173347481761	0.022435629707396043	0.03458993588315215
KIC10462940	1.239	0.050606324	0.052201533	1.271	0.017492856	0.017492856	6265.0	48.0	48.0	0.112	0.099	0.099	NA	NA	NA	NA	4.322	0.007211103	0.007211103	NA	2.189	0.183679028	0.183679028	NA	MS	F	NA	NA	NA	NA	NA	serenelli17	A	1	0.3402457615679317	0.034993230000999076	0.03806186580277915	48.0	0.007211103	0.099	0.183679028	0.03652754790188911	0.0514039285	0.017492856	8.39100173595249	10.735636421615267	4.1488239305891845	1.3763065302911095	0.7661612130885874	0.1668464368347987	88.39285714285714	3.796921075330169	0.0033147139971849704	0.0033402079620130642	0.09307130637606349	0.01738584779305484	0.018694329713624225
KIC10491771	1.299	0.055154329	0.05375872	1.511	0.043081318	0.041231056	6601.0	48.0	48.0	-0.101	0.1	0.1	NA	NA	NA	NA	4.192	0.018973666	0.018973666	NA	3.72	0.300924684	0.300924684	NA	MS	F	NA	NA	NA	NA	NA	serenelli17	A	1	0.5705429398818975	0.033782998520805574	0.036634272263737166	48.0	0.018973666	0.1	0.300924684	0.03520863539227137	0.054456524500000006	0.042156187	8.089373225806451	6.171075467090972	4.192188183217861	2.7899528127068165	0.7271625511286168	0.4526160782442748	-99.009900990099	3.819609732751585	0.003146600199805505	0.003169564795446167	0.11360915107302785	0.018059011365960914	0.01835564187410127
KIC10518551	1.25	0.052325902	0.057489129	2.08	0.036619667	0.038275318	6242.0	60.0	60.0	-0.267	0.101	0.101	NA	NA	NA	NA	3.898	0.008944272	0.009848858	NA	7.12	0.615406327	0.615406327	NA	MS	F	NA	NA	NA	NA	NA	serenelli17	A	1	0.8524799936368563	0.03600313770675978	0.0392598212689258	60.0	0.009396564999999999	0.101	0.615406327	0.03763147948784279	0.054907515500000004	0.0374474925	8.643347289325842	4.414353388787354	4.39260124	1.8003602163461538	0.9612303748798462	0.24106118522319134	-37.827715355805246	3.795323764329314	0.004154634508667154	0.004194763602027862	0.09691001300805642	0.017809665332539443	0.020447666223541536
KIC10610027	1.329	0.062625873	0.055154329	1.48	0.057567352	0.052810984	6704.0	58.0	58.0	-0.041	0.1	0.1	NA	NA	NA	NA	4.222	0.025317978	0.026305893	NA	5.015	0.10287895	0.10287895	NA	MS	F	NA	NA	NA	NA	NA	serenelli17	A	1	0.7002709373564369	0.008819072219593327	0.009001876719403001	58.0	0.0258119355	0.1	0.10287895	0.008910474469498164	0.058890101	0.055189168	2.051424725822532	1.2724324249605043	4.43115884123401	3.7289978378378374	0.8651551312649165	0.61136749171009	-243.90243902439025	3.82633400562222	0.003741160807530175	0.0037736686795279972	0.12352498094273198	0.019997513577110493	0.01840816541827868
KIC10655953	1.262	0.048332184	0.050159745	1.267	0.026925824	0.026	6594.0	61.0	61.0	-0.073	0.099	0.099	NA	NA	NA	NA	4.333	0.012369317	0.013341664	NA	2.301	0.193171469	0.193171469	NA	MS	F	NA	NA	NA	NA	NA	serenelli17	A	1	0.36191661866864344	0.035009688325002675	0.03808133995990509	61.0	0.0128554905	0.099	0.193171469	0.03654551414245388	0.0492459645	0.026462911999999998	8.395109474141677	10.097771767677104	3.90221588748019	2.0886276243093924	0.9250834091598423	0.29668798753750286	-135.6164383561644	3.8191489428071344	0.0039991170035595935	0.004036284617321861	0.10105935490811552	0.01632205325920759	0.01761398008148972
KIC10717090	1.22	0.095	0.120880106	1.546	0.0585235	0.059363288	5817.0	74.0	74.0	0.238	0.1	0.1	NA	NA	NA	NA	4.141	0.02236068	0.024166092	NA	2.651	0.221827032	0.221827032	NA	MS	G	NA	NA	NA	NA	NA	serenelli17	A	1	0.4234097277330934	0.03489975091834063	0.03795128811385173	74.0	0.023263386	0.1	0.221827032	0.03642551951609618	0.10794005300000001	0.058943393999999996	8.367673783477935	8.602900956271343	8.847545327868852	3.8126386804657177	1.272133402097301	0.561781840135233	42.016806722689076	3.7646990637983677	0.005489958937625605	0.005560247517201411	0.08635983067474821	0.03256592215102844	0.045314762034148595
KIC10727922	1.212	0.065855903	0.070007142	1.917	0.075643903	0.072917762	6319.0	66.0	66.0	-0.304	0.1	0.1	NA	NA	NA	NA	3.954	0.023345235	0.02433105	NA	4.764	0.413800752	0.413800752	NA	MS	F	NA	NA	NA	NA	NA	serenelli17	A	1	0.67797175281074	0.03617358143569105	0.039462603827316034	66.0	0.0238381425	0.1	0.413800752	0.03781809263150354	0.0679315225	0.0742808325	8.68599395465995	5.578122167290456	5.604911097359736	3.8748478090766825	1.0444690615603736	0.6028867602427921	-32.89473684210527	3.8006483553639883	0.004512546235445836	0.004559926683319837	0.0835026198302674	0.02297926367891928	0.025839231980761088
KIC10730618	1.368	0.056727418	0.055226805	1.777	0.024083189	0.024083189	6422.0	54.0	54.0	-0.006	0.1	0.1	NA	NA	NA	NA	4.074	0.007211103	0.007211103	NA	4.894	0.397201754	0.397201754	NA	MS	F	NA	NA	NA	NA	NA	serenelli17	A	1	0.6896639650157704	0.03389035651976191	0.03676056212972156	54.0	0.007211103	0.1	0.397201754	0.03532545932474174	0.055977111499999996	0.024083189	8.116096322026973	5.12212629870171	4.091894115497075	1.3552723128868882	0.8408595453129866	0.17700301914580266	-1666.6666666666667	3.8076703012304836	0.0036365388508525776	0.003667246500870913	0.13608609738409747	0.017645684727317285	0.017896396936894113
KIC10731424	1.437	0.08232861	0.076380626	2.55	0.09749359	0.087817994	6432.0	65.0	65.0	-0.129	0.101	0.101	NA	NA	NA	NA	3.782	0.018248288	0.019235384	NA	10.5	0.9424602	0.9424602	NA	MS	F	NA	NA	NA	NA	NA	serenelli17	A	1	1.021189299069938	0.03733011143726972	0.04084318386363395	65.0	0.018741836	0.101	0.9424602	0.03908664765045183	0.07935461799999999	0.092655792	8.97581142857143	3.827561421379026	5.522242032011134	3.633560470588235	1.0105721393034826	0.49555356953992596	-78.29457364341086	3.808346035740395	0.004366831024973816	0.004411185876552981	0.15745676813422568	0.02419494784514739	0.023720117501601162
KIC10732098	1.121	0.055946403	0.060373835	1.778	0.051894123	0.050990195	5796.0	67.0	67.0	-0.01	0.1	0.1	NA	NA	NA	NA	3.987	0.01456022	0.015524175	NA	3.341	0.28117105	0.28117105	NA	MS	G	NA	NA	NA	NA	NA	serenelli17	A	1	0.5238764756381313	0.03509247953844341	0.03817932632892196	67.0	0.0150421975	0.1	0.28117105	0.036635902933682685	0.058160118999999996	0.051442159	8.415775217000897	6.993233068741381	5.188235414808206	2.8932597862767153	1.1559696342305037	0.37728110107850515	-1000.0	3.763128376799137	0.004991517385660504	0.00504955454952416	0.04960561259497315	0.021151073348426017	0.024043275900535246
KIC10794845	1.142	0.054644304	0.055470713	1.143	0.048052055	0.04414748	6398.0	55.0	55.0	-0.195	0.1	0.1	NA	NA	NA	NA	4.378	0.029427878	0.032388269	NA	1.717	0.140750471	0.140750471	NA	MS	F	NA	NA	NA	NA	NA	serenelli17	A	1	0.23477029516091652	0.034217084924371866	0.0371453253515352	55.0	0.0309080735	0.1	0.140750471	0.03568120513795353	0.0550575085	0.0460997675	8.197464822364589	15.198347437224493	4.821147854640981	4.033225503062117	0.859643638637074	0.7059861466423024	-51.28205128205128	3.806044235748088	0.003717429359036739	0.003749524350624256	0.05766610390982921	0.020298974009985163	0.021624666846411095
KIC10873176	1.109	0.054083269	0.050803543	2.021	0.039357337	0.038470768	6517.0	89.0	89.0	-0.837	0.104	0.104	NA	NA	NA	NA	3.871	0.012529964	0.012529964	NA	6.273	0.53509904	0.53509904	NA	MS	F	NA	NA	NA	NA	NA	serenelli17	A	1	0.7974752875373343	0.03555057743176859	0.03872223977526312	89.0	0.012529964	0.104	0.53509904	0.03713640860351586	0.052443406	0.038914052500000004	8.530193527817632	4.656747260243759	4.728891433724076	1.9254850321622963	1.3656590455731166	0.32368803926633943	-12.425328554360814	3.8140477209955996	0.005890848359795697	0.005971852904292696	0.04493154614916006	0.020679262278908622	0.020365243033565548
KIC10923629	1.688	0.078771822	0.213459598	2.578	0.043185646	0.099297533	6195.0	87.0	87.0	0.157	0.1	0.1	NA	NA	NA	NA	3.84	0.009899495	0.02118962	NA	9.692	0.806334524	0.806334524	NA	MS	F	NA	NA	NA	NA	NA	serenelli17	A	1	0.9864134054654686	0.03470700175619157	0.03772344639878755	87.0	0.0155445575	0.1	0.806334524	0.03621522407748956	0.14611571	0.0712415895	8.319588567891046	3.6714042891986374	8.656143957345973	2.763444123351435	1.4043583535108959	0.40480618489583337	63.69426751592356	3.792041310712082	0.006056621350404079	0.006142282327698645	0.22737244228963624	0.01980802184918612	0.05871576568986764
KIC10963065	1.131	0.044407207	0.044407207	1.242	0.017029386	0.017804494	6316.0	45.0	45.0	-0.146	0.072111026	0.072111026	NA	NA	NA	NA	4.303	0.006403124	0.007211103	NA	1.87	0.154763396	0.154763396	NA	MS	F	NA	NA	NA	NA	NA	serenelli17	A	1	0.27184160653649897	0.034532674438813304	0.037517570365246444	45.0	0.0068071135	0.072111026	0.154763396	0.036025122402029874	0.044407207	0.01741694	8.276117433155079	13.252247461682412	3.9263666666666666	1.402330112721417	0.7124762507916402	0.15819459679293515	-49.391113698630136	3.8004421213362565	0.0030832742402759905	0.0031053205609068435	0.05346260492545529	0.016725744334271778	0.017395784745617218
KIC10971974	1.057	0.059539903	0.058668561	1.19	0.033837849	0.032893768	6030.0	58.0	58.0	-0.077	0.102	0.102	NA	NA	NA	NA	4.311	0.018681542	0.018681542	NA	1.647	0.136094551	0.136094551	NA	MS	F	NA	NA	NA	NA	NA	serenelli17	A	1	0.21669359916975436	0.034480773668432135	0.03745631170853991	58.0	0.018681542	0.102	0.136094551	0.035968542688486024	0.059104232	0.0333658085	8.263178567091682	16.59880256098789	5.591696499526964	2.8038494537815124	0.9618573797678275	0.433345905822315	-132.46753246753246	3.780317312140151	0.004157331622365312	0.004197513087163429	0.024074987307426243	0.023799261231282925	0.02480023937450717
KIC10972252	1.338	0.065069194	0.063702433	2.285	0.053600373	0.052009614	6237.0	60.0	60.0	-0.136	0.101	0.101	NA	NA	NA	NA	3.845	0.012529964	0.012529964	NA	8.655	0.740800397	0.740800397	NA	MS	F	NA	NA	NA	NA	NA	serenelli17	A	1	0.9372670722114126	0.03566670990413401	0.03886007285856974	60.0	0.012529964	0.101	0.740800397	0.037263391381351874	0.0643858135	0.0528049935	8.559218913922589	3.975749547397589	4.8120936846038855	2.310940634573304	0.962000962000962	0.32587682704811444	-74.26470588235294	3.794975744051132	0.004157949250930937	0.004198142713438102	0.12645611343180432	0.02062297586553566	0.021185259517102817
KIC10972873	1.177	0.048764741	0.055036352	1.861	0.034058773	0.03748333	5928.0	64.0	64.0	-0.057	0.101	0.101	NA	NA	NA	NA	3.968	0.00781025	0.008602325	NA	3.488	0.305307643	0.305307643	NA	MS	G	NA	NA	NA	NA	NA	serenelli17	A	1	0.5425764762605296	0.036441589811429864	0.03978181505530698	64.0	0.0082062875	0.101	0.305307643	0.03811170243336842	0.0519005465	0.0357710515	8.753086095183487	7.024208402110724	4.40956214953271	1.9221414024717893	1.0796221322537112	0.20681168094758062	-177.19298245614036	3.7729081949712717	0.00466360972013824	0.004714233338200202	0.0707764628434347	0.01763066191505276	0.020797676982795693
KIC11027406	1.066	0.064621978	0.060926185	1.357	0.029966648	0.029068884	6250.0	94.0	94.0	-0.279	0.099	0.099	NA	NA	NA	NA	4.2	0.012083046	0.01118034	NA	2.054	0.177470422	0.177470422	NA	MS	F	NA	NA	NA	NA	NA	serenelli17	A	1	0.31260043926125936	0.035990695407415674	0.03924502507600108	94.0	0.011631693	0.099	0.177470422	0.03761786024170838	0.0627740815	0.029517766	8.640234761441091	12.033847530927115	5.888750609756097	2.1752222549742077	1.504	0.27694507142857144	-35.483870967741936	3.7958800173440754	0.00648315696547197	0.006581406184634542	0.027757204690553483	0.02556021870433311	0.0255592461480105
KIC11075448	1.326	0.059413803	0.057280014	1.564	0.047434165	0.04554119	6470.0	68.0	68.0	0.029	0.1	0.1	NA	NA	NA	NA	4.171	0.019646883	0.020615528	NA	4.039	0.31044264	0.31044264	NA	MS	F	NA	NA	NA	NA	NA	serenelli17	A	1	0.6062738531699883	0.03215975461658582	0.034733024520342215	68.0	0.0201312055	0.1	0.31044264	0.03344638956846402	0.0583469085	0.046487677500000005	7.686126268878436	5.516713180617119	4.400219343891402	2.9723578964194375	1.0510046367851622	0.48264697914169263	344.8275862068965	3.8109042806687006	0.004540635575649432	0.004588610860587039	0.12254352406875435	0.0190359861678758	0.01917774275728812
KIC11083308	1.305	0.082462113	0.076550637	2.084	0.082734515	0.076537572	6234.0	65.0	65.0	-0.042	0.1	0.1	NA	NA	NA	NA	3.915	0.022561028	0.022561028	NA	6.828	0.577672496	0.577672496	NA	MS	F	NA	NA	NA	NA	NA	serenelli17	A	1	0.834293512442696	0.035270989717801515	0.03839073838604856	65.0	0.022561028	0.1	0.577672496	0.03683086405192504	0.079506375	0.0796360435	8.460347041593439	4.414617098494433	6.092442528735632	3.8213072696737047	1.042669233237087	0.5762714687100894	-238.09523809523807	3.794766797940821	0.004504810409051707	0.0045520276968415985	0.11561051167429974	0.026610621136855514	0.026253252219957363
KIC11127479	1.162	0.057245087	0.060835845	1.372	0.023706539	0.024596748	5998.0	57.0	57.0	0.2	0.072111026	0.072111026	NA	NA	NA	NA	4.228	0.01	0.010816654	NA	2.257	0.193984784	0.193984784	NA	MS	G	NA	NA	NA	NA	NA	serenelli17	A	1	0.35353155907776207	0.03580905603178264	0.03902912790515978	57.0	0.010408327	0.072111026	0.193984784	0.03741909196847121	0.059040466	0.0241516435	8.594806557377048	10.584371043446387	5.080935111876076	1.7603238702623905	0.9503167722574192	0.2461761352885525	36.055513	3.7780064614235083	0.004107686055562887	0.0041469090468213565	0.0652061280543119	0.02088488620470849	0.023354062219210277
KIC11138101	1.305	0.062936476	0.062225397	2.332	0.081344945	0.076694198	6218.0	58.0	58.0	-0.219	0.101	0.101	NA	NA	NA	NA	3.817	0.020396078	0.021377558	NA	8.626	0.71597627	0.71597627	NA	MS	F	NA	NA	NA	NA	NA	serenelli17	A	1	0.9358094538099329	0.03462930597108127	0.03763166743076496	58.0	0.020886818	0.101	0.71597627	0.036130486700923115	0.0625809365	0.0790195715	8.300211801530258	3.86088071175453	4.7954740613026825	3.3884893439108064	0.9327758121582502	0.5472050825255437	-46.11872146118722	3.793650717707173	0.004032217207726063	0.004070005542747612	0.11561051167429974	0.020455418485218133	0.021218142123272193
KIC11188219	1.153	0.062128898	0.062968246	1.344	0.035468296	0.034539832	6024.0	62.0	62.0	0.089	0.1	0.1	NA	NA	NA	NA	4.242	0.017464249	0.017464249	NA	2.057	0.17333814	0.17333814	NA	MS	F	NA	NA	NA	NA	NA	serenelli17	A	1	0.313234291694724	0.03513641942673634	0.03823134733351513	62.0	0.017464249	0.1	0.17333814	0.03668388338012574	0.062548572	0.035004064	8.426744773942636	11.711324191757907	5.4248544666088465	2.6044690476190477	1.0292164674634794	0.4116984677039133	112.35955056179776	3.7798849631926443	0.004446984829503897	0.004492991496032328	0.06182930729469903	0.022793042014880402	0.024390157623701274
KIC11389393	1.403	0.082758685	0.142270868	1.905	0.072111026	0.075471849	6174.0	66.0	66.0	0.14	0.1	0.1	NA	NA	NA	NA	4.019	0.015297059	0.016278821	NA	4.74	0.376421965	0.376421965	NA	MS	F	NA	NA	NA	NA	NA	serenelli17	A	1	0.6757783416740851	0.033188013036752895	0.0359355947008142	66.0	0.01578794	0.1	0.376421965	0.03456180386878355	0.1125147765	0.0737914375	7.941391666666667	5.114369866184916	8.01958492516037	3.873566272965879	1.0689990281827018	0.3928325454093058	71.42857142857142	3.7905666251460763	0.004617964536347774	0.004667596761692927	0.14705767102835993	0.02489060657700154	0.04643588272168114
KIC11389437	1.192	0.101921538	0.048826222	1.69	0.047010637	0.035510562	6158.0	53.0	53.0	-0.023	0.099	0.099	NA	NA	NA	NA	4.059	0.0117047	0.01077033	NA	3.883	0.311500816	0.311500816	NA	MS	F	NA	NA	NA	NA	NA	serenelli17	A	1	0.5891673905460476	0.03351289267437818	0.03631683531111651	53.0	0.011237515	0.099	0.311500816	0.03491486399274735	0.07537388	0.0412605995	8.022168838526913	5.926136536577121	6.323312080536913	2.4414555917159766	0.8606690483923352	0.2768542744518354	-430.4347826086957	3.789439684567179	0.0037218446783717773	0.003754016286277917	0.0762762554042176	0.03563168658010821	0.01816400130824628
KIC11454149	1.141	0.055803226	0.056612719	1.153	0.030083218	0.029154759	6435.0	52.0	52.0	-0.233	0.1	0.1	NA	NA	NA	NA	4.37	0.016763055	0.017720045	NA	1.866	0.155988512	0.155988512	NA	MS	F	NA	NA	NA	NA	NA	serenelli17	A	1	0.2709116394104812	0.03486704439188926	0.037912611381924255	52.0	0.01724155	0.1	0.155988512	0.036389827886906756	0.056207972499999995	0.0296189885	8.35951296891747	13.432360442723336	4.926202673093777	2.568862836079792	0.8080808080808081	0.3945434782608696	-42.918454935622314	3.8085485512404054	0.0034953466898213215	0.0035237068106002134	0.05728564441821465	0.020737106750659477	0.02210122940861406
KIC11460626	1.286	0.055865911	0.058796258	2.172	0.069641941	0.06685058	6176.0	62.0	62.0	-0.144	0.099	0.099	NA	NA	NA	NA	3.872	0.019416488	0.019416488	NA	6.979	0.623290105	0.623290105	NA	MS	F	NA	NA	NA	NA	NA	serenelli17	A	1	0.8437931983259126	0.03715124002677095	0.04062913261562484	62.0	0.019416488	0.099	0.623290105	0.038890186321197895	0.0573310845	0.0682462605	8.930937168648803	4.608971297511772	4.45809366251944	3.1420930248618784	1.0038860103626943	0.5014588842975206	-68.75000000000001	3.7907072873276797	0.004338083093445189	0.0043818529376098425	0.10924096858820327	0.018468151550079207	0.020324297726881643
KIC11467550	1.247	0.070292247	0.071589105	1.968	0.069641941	0.067955868	6146.0	58.0	58.0	-0.08	0.1	0.1	NA	NA	NA	NA	3.945	0.018248288	0.018248288	NA	5.592	0.484249155	0.484249155	NA	MS	F	NA	NA	NA	NA	NA	serenelli17	A	1	0.7475671627376249	0.03606841094935742	0.03933745842203895	58.0	0.018248288	0.1	0.484249155	0.037702934685698186	0.07094067600000001	0.06879890450000001	8.659677306866953	5.043417710808528	5.688907457898957	3.495879293699187	0.9437032216075496	0.4625675031685679	-125.0	3.7885925559203595	0.004079233221208067	0.004117912157842962	0.09586645347854265	0.023815682287641707	0.025676741562940156
KIC11506988	1.251	0.168077363	0.114284732	1.872	0.01	0.064350602	6438.0	289.0	289.0	-0.23	0.1	0.1	NA	NA	NA	NA	3.994	0.027892651	0.023086793	NA	6.784	0.616199473	0.616199473	NA	MS	F	NA	NA	NA	NA	NA	serenelli17	A	1	0.8314858392486574	0.037757587084429445	0.0413555195079659	289.0	0.025489722	0.1	0.616199473	0.03955655329619767	0.1411810475	0.037175301	9.083129024174529	4.757333369855288	11.285455435651478	1.9858600961538462	4.48897173035104	0.6382003505257887	-43.47826086956522	3.808750972349595	0.01907045533320728	0.01994647930494642	0.09725730969341992	0.054748762584460625	0.041605616353450676
KIC11507653	1.17	0.108503456	0.063007936	1.641	0.049396356	0.049396356	5916.0	74.0	74.0	0.112	0.1	0.1	NA	NA	NA	NA	4.078	0.024041631	0.022135944	NA	3.45	0.320121102	0.320121102	NA	MS	G	NA	NA	NA	NA	NA	serenelli17	A	1	0.5378190950732742	0.03853620555311288	0.042291561024532576	74.0	0.0230887875	0.1	0.320121102	0.04041388328882273	0.08575569599999999	0.049396356	9.27887252173913	7.514400968473723	7.329546666666666	3.0101374771480804	1.250845165652468	0.5661791932319764	89.28571428571428	3.772028165324855	0.005398657064456636	0.005466612687323735	0.06818586174616162	0.03851604458545413	0.02404135430317733
KIC11611414	1.272	0.078517514	0.107377838	1.706	0.059481089	0.058591808	6279.0	55.0	55.0	-0.074	0.1	0.1	NA	NA	NA	NA	4.074	0.02184033	0.02184033	NA	4.404	0.399251916	0.399251916	NA	MS	F	NA	NA	NA	NA	NA	serenelli17	A	1	0.6438473102997142	0.03768805436540945	0.04127210802419634	55.0	0.02184033	0.1	0.399251916	0.039480081194802896	0.092947676	0.059036448500000005	9.065665667574931	6.13190123857545	7.307207232704402	3.4605186694021106	0.8759356585443542	0.5360905743740796	-135.13513513513513	3.797890483058349	0.0037875759775438667	0.0038208990767167883	0.10448711131239508	0.026013109335647516	0.03830206112107705
KIC11713510	1.08	0.04472136	0.042059482	1.62	0.028284271	0.027586228	5941.0	58.0	58.0	-0.143	0.1	0.1	NA	NA	NA	NA	4.052	0.006708204	0.006708204	NA	2.86	0.258193921	0.258193921	NA	MS	G	NA	NA	NA	NA	NA	serenelli17	A	1	0.456366033129043	0.03753708740991829	0.04109110906592656	58.0	0.006708204	0.1	0.258193921	0.039314098237922424	0.043390421	0.027935249500000002	9.027759475524475	8.614597797379432	4.017631574074073	1.7243981172839506	0.976266621780845	0.16555291214215204	-69.93006993006993	3.773859552376687	0.004219309560768103	0.004260703989240611	0.03342375548694973	0.017621187579973302	0.017251289686037685
KIC11723674	1.4	0.061400326	0.061400326	2.466	0.065306967	0.062609903	6246.0	63.0	63.0	-0.062	0.1	0.1	NA	NA	NA	NA	3.799	0.01456022	0.015524175	NA	10.05	0.930950536	0.930950536	NA	MS	F	NA	NA	NA	NA	NA	serenelli17	A	1	1.0021660617565078	0.03847387350074749	0.04221649031996977	63.0	0.0150421975	0.1	0.930950536	0.04034518191035863	0.061400326	0.063958435	9.263189412935322	4.02579806381042	4.385737571428572	2.593610502838605	1.0086455331412103	0.3959515003948408	-161.29032258064515	3.7956019798941796	0.0043585475118037564	0.004402733395304281	0.146128035678238	0.01864116421065462	0.01947732077798986
KIC11817562	1.448	0.081541401	0.073409809	2.477	0.10374006	0.093300589	6247.0	58.0	58.0	0.059	0.1	0.1	NA	NA	NA	NA	3.809	0.02433105	0.02433105	NA	9.93	0.875129544	0.875129544	NA	MS	F	NA	NA	NA	NA	NA	serenelli17	A	1	0.9969492484953811	0.036680729563962955	0.04006700705864541	58.0	0.02433105	0.1	0.875129544	0.03837386831130418	0.077475605	0.0985203245	8.812986344410875	3.8491295689543787	5.350525207182321	3.9774051069842558	0.9284456539138787	0.6387778944604883	169.49152542372883	3.7956715059460215	0.004013584963078909	0.004051023253207386	0.1607685618611281	0.023792674923774904	0.022595321378565986
KIC12069127	1.59	0.062968246	0.062968246	2.295	0.031890437	0.031240999	6476.0	66.0	66.0	0.076	0.1	0.1	NA	NA	NA	NA	3.916	0.006708204	0.006708204	NA	9.191	0.784090216	0.784090216	NA	MS	F	NA	NA	NA	NA	NA	serenelli17	A	1	0.9633627661037362	0.03555406608801237	0.0387263791506155	66.0	0.006708204	0.1	0.784090216	0.037140222619313934	0.062968246	0.031565718	8.531065346534652	3.855268640859494	3.9602670440251577	1.3754125490196079	1.019147621988882	0.17130245148110315	131.57894736842107	3.811306840081336	0.004403699707626885	0.00444881056251889	0.2013971243204515	0.016867386408020768	0.017549056194225116
KIC12069569	1.363	0.076380626	0.070434367	2.314	0.094847246	0.088549421	6357.0	59.0	59.0	-0.109	0.1	0.1	NA	NA	NA	NA	3.843	0.024515301	0.025495098	NA	9.057	0.828832831	0.828832831	NA	MS	F	NA	NA	NA	NA	NA	serenelli17	A	1	0.9569843677427602	0.03802889454343028	0.041681261210504084	59.0	0.0250051995	0.1	0.828832831	0.03985507787696718	0.0734074965	0.0916983335	9.151295473114718	4.164652968258341	5.385729750550257	3.962762899740709	0.9281107440616643	0.6506687353629976	-91.74311926605505	3.803252211430457	0.0040121438456499625	0.004049555129931992	0.13449585583467355	0.023679796971491307	0.023043251205220272
KIC12117868	1.11	0.068264193	0.063245553	1.326	0.047434165	0.044598206	6160.0	51.0	51.0	-0.108	0.099	0.099	NA	NA	NA	NA	4.239	0.021377558	0.02236068	NA	2.205	0.193501337	0.193501337	NA	MS	F	NA	NA	NA	NA	NA	serenelli17	A	1	0.34340859380385735	0.0365313710875147	0.039888845562704556	51.0	0.021869119	0.099	0.193501337	0.038210108325109626	0.06575487299999999	0.0460161855	8.775570839002267	11.126718729390292	5.923862432432431	3.47030056561086	0.827922077922078	0.5159027836753952	-91.66666666666667	3.7895807121644256	0.0035808170811253426	0.0036105870324161238	0.045322978786657475	0.02591970105130245	0.025478164175900878
KIC12265063	1.12	0.075432089	0.070837843	1.641	0.057271284	0.055461698	6189.0	60.0	60.0	-0.268	0.101	0.101	NA	NA	NA	NA	4.056	0.024041631	0.023086793	NA	3.367	0.30235973	0.30235973	NA	MS	F	NA	NA	NA	NA	NA	serenelli17	A	1	0.5272431163880886	0.03734717402571974	0.040863612386100534	60.0	0.023564212	0.101	0.30235973	0.03910539320591014	0.073134966	0.056366491	8.98009296109296	7.416956616485396	6.529907678571428	3.434886715417428	0.9694619486185168	0.5809716962524655	-37.68656716417911	3.791620482692814	0.004190041974593939	0.004230861340704273	0.04921802267018165	0.028306886756697326	0.028375405355828946
KIC12317678	1.452	0.074202426	0.073006849	1.851	0.034669872	0.034132096	6549.0	48.0	48.0	-0.3	0.204	0.204	NA	NA	NA	NA	4.066	0.008485281	0.008485281	NA	5.484	0.499756557	0.499756557	NA	MS	F	NA	NA	NA	NA	NA	serenelli17	A	1	0.7390974461174751	0.037876470272652285	0.04149819991227777	48.0	0.008485281	0.204	0.499756557	0.039687335092465026	0.0736046375	0.034400983999999996	9.112993380743982	5.369702642181362	5.06918991046832	1.8585080497028632	0.7329363261566652	0.20868866207575015	-68.0	3.816174990428802	0.003171493651651147	0.0031948243893213935	0.1619666163640749	0.02164552319479504	0.02240450717901063
KIC12366681	1.516	0.096540147	0.080280757	2.62	0.056035703	0.04596738	6188.0	66.0	66.0	0.15	0.1	0.1	NA	NA	NA	NA	3.781	0.013416408	0.01	NA	14.21	1.147154633	1.147154633	NA	MS	F	NA	NA	NA	NA	NA	serenelli17	A	1	1.1525940779274697	0.03371667932677869	0.03655629206089417	66.0	0.011708204	0.1	1.147154633	0.03513648569383643	0.088410452	0.0510015415	8.07286863476425	3.0484700873196307	5.831824010554089	1.9466237213740456	1.0665804783451842	0.30965892620999735	66.66666666666667	3.79155030502733	0.004607571879584604	0.004656979766014313	0.18069920129603473	0.02681133466461519	0.023629680008828757
KIC2010607	1.402	0.08184131	0.069354164	2.41	0.105948101	0.09656604	6361.0	71.0	71.0	-0.07	0.1	0.1	NA	NA	NA	NA	3.819	0.027166155	0.027166155	NA	10.71	0.986519043	0.986519043	NA	MS	F	NA	NA	NA	NA	NA	serenelli17	A	1	1.0297894708318556	0.038267161397280924	0.04196770284146012	71.0	0.027166155	0.1	0.986519043	0.04011743211937052	0.075597737	0.1012570705	9.211195546218487	3.895692591123891	5.3921353067047075	4.201538195020747	1.1161767017764503	0.7113421052631579	-142.85714285714283	3.8035253955765325	0.004820640163862411	0.004874750131263372	0.14674801363063983	0.024639443999401017	0.022033266998137846
KIC2450729	1.112	0.059169249	0.059169249	1.758	0.063324561	0.060539243	6029.0	59.0	59.0	-0.212	0.1	0.1	NA	NA	NA	NA	3.994	0.020880613	0.02184033	NA	3.406	0.295644468	0.295644468	NA	MS	F	NA	NA	NA	NA	NA	serenelli17	A	1	0.5322446436265822	0.03615006009321975	0.03943460933907944	59.0	0.0213604715	0.1	0.295644468	0.037792334716149595	0.059169249	0.061931902	8.680107692307692	7.1005570781590315	5.320975629496402	3.522861319681456	0.9786034168187095	0.5348140085127692	-47.16981132075472	3.7802452838653524	0.004229359897164109	0.004270952735983435	0.046104787246038705	0.02251487349274841	0.02374622595091584
KIC2849125	1.534	0.196705363	0.080529498	2.534	0.118359621	0.093300589	6158.0	56.0	56.0	0.293	0.101	0.101	NA	NA	NA	NA	3.82	0.015132746	0.015132746	NA	7.412	0.337384891	0.337384891	NA	MS	F	NA	NA	NA	NA	NA	serenelli17	A	1	0.86993541064686	0.019331821014769934	0.020232593388252784	56.0	0.015132746	0.101	0.337384891	0.01978220720151136	0.1386174305	0.10583010500000001	4.551873866702644	2.2739857418612095	9.036338363754888	4.176405090765589	0.9093861643390712	0.39614518324607334	34.470989761092156	3.789439684567179	0.003931564351776551	0.00396748126079105	0.18582535961296218	0.052397779831120816	0.0234191373686575
KIC2852862	1.458	0.06105735	0.059539903	2.087	0.032202484	0.03342155	6417.0	58.0	58.0	-0.155	0.1	0.1	NA	NA	NA	NA	3.962	0.006403124	0.008062258	NA	6.696	0.554198346	0.554198346	NA	MS	F	NA	NA	NA	NA	NA	serenelli17	A	1	0.8258154449852035	0.034534442881653415	0.03751965794559453	58.0	0.007232690999999999	0.1	0.554198346	0.03602705041362397	0.0602986265	0.032812017	8.276558333333332	4.362603125480353	4.135708264746228	1.5722097268806898	0.9038491506934705	0.18255151438667339	-64.51612903225806	3.8073320392911905	0.003907733462098939	0.003943214307577048	0.1637575239819558	0.0178166464037863	0.018107445051275733
KIC2991448	1.113	0.052773099	0.055461698	1.757	0.040804412	0.041617304	5836.0	70.0	70.0	-0.085	0.1	0.1	NA	NA	NA	NA	3.994	0.007615773	0.007615773	NA	2.843	0.169788463	0.169788463	NA	MS	G	NA	NA	NA	NA	NA	serenelli17	A	1	0.4537768596904421	0.02519177992285676	0.026743532914147217	70.0	0.007615773	0.1	0.169788463	0.02596765641850199	0.0541173985	0.041210858	5.972158389025678	5.7225607397029075	4.86229995507637	2.3455240751280595	1.1994516792323509	0.19068034551827742	-117.6470588235294	3.766115283221414	0.005178159407645655	0.005240645169224845	0.04649516433470831	0.020118865126456123	0.022199058693292466
KIC2998253	1.262	0.059413803	0.062241465	1.425	0.064288413	0.0585235	6333.0	54.0	54.0	0.057	0.1	0.1	NA	NA	NA	NA	4.23	0.029427878	0.030413813	NA	3.188	0.263328546	0.263328546	NA	MS	F	NA	NA	NA	NA	NA	serenelli17	A	1	0.5035183127240748	0.03446799079320728	0.03744122648670456	54.0	0.0299208455	0.1	0.263328546	0.03595460863995592	0.060827634000000005	0.0614059565	8.259992032622334	7.140675469267162	4.819939302694136	4.309189929824561	0.8526764566556134	0.7073485933806146	175.43859649122805	3.801609488027319	0.003687428130665804	0.00371900496896993	0.10105935490811552	0.019979484067456685	0.021965506751484495
KIC3112152	1.251	0.098270036	0.083408633	1.741	0.056302753	0.055470713	6282.0	59.0	59.0	-0.136	0.1	0.1	NA	NA	NA	NA	4.052	0.01456022	0.016492423	NA	4.304	0.355182211	0.355182211	NA	MS	F	NA	NA	NA	NA	NA	serenelli17	A	1	0.6338722626583327	0.03443743248283804	0.037405168186803284	59.0	0.015526321499999999	0.1	0.355182211	0.03592130033482066	0.09083933450000001	0.055886732999999994	8.252374790892194	5.666962012846871	7.261337689848122	3.2100363584147034	0.9391913403374721	0.38317673988154	-73.52941176470588	3.798097932062486	0.004059821124475338	0.004098131078015488	0.09725730969341992	0.032841566152323115	0.029966434475527284
KIC3112889	1.235	0.058	0.063031738	1.986	0.060539243	0.058830264	6433.0	65.0	65.0	-0.358	0.102	0.102	NA	NA	NA	NA	3.932	0.017464249	0.017464249	NA	5.684	0.492828564	0.492828564	NA	MS	F	NA	NA	NA	NA	NA	serenelli17	A	1	0.7546540692554321	0.03611147853814478	0.03938869776834031	65.0	0.017464249	0.102	0.492828564	0.037750088153242545	0.060515869	0.0596847535	8.67045327234342	5.002303663516728	4.9000703643724695	3.005274597180262	1.010415047411783	0.44415689216683624	-28.491620111731844	3.8084135514003683	0.004366155608595879	0.004410496670755659	0.09166695759568456	0.019931567284709517	0.022751106856361752
KIC3223000	1.069	0.062481997	0.060959003	1.164	0.024186773	0.024186773	6198.0	47.0	47.0	-0.185	0.1	0.1	NA	NA	NA	NA	4.335	0.012529964	0.012529964	NA	2.195	0.187430826	0.187430826	NA	MS	F	NA	NA	NA	NA	NA	serenelli17	A	1	0.34143452457814016	0.035585775152949584	0.03876400606009178	47.0	0.012529964	0.1	0.187430826	0.03717489060652068	0.0617205	0.024186773	8.53898979498861	10.887853433232086	5.773666978484565	2.0779014604810997	0.7583091319780574	0.28904184544406	-54.054054054054056	3.792251571903264	0.0032808708068903236	0.00330584487951624	0.028977705208777998	0.024669943081299214	0.02549950999529346
KIC3241581	1.062	0.072138755	0.072138755	1.084	0.029410882	0.029410882	5770.0	81.0	81.0	0.185	0.1	0.1	NA	NA	NA	NA	4.393	0.016552945	0.016552945	NA	1.13	0.099657286	0.099657286	NA	MS	G	NA	NA	NA	NA	NA	serenelli17	A	1	0.05307844348341968	0.03670564394106253	0.040096739125001155	81.0	0.016552945	0.1	0.099657286	0.03840119153303184	0.072138755	0.029410882	8.819228849557524	72.3479985712606	6.792726459510358	2.713180996309963	1.4038128249566724	0.3768027543819713	54.054054054054056	3.7611758131557314	0.006054284954986944	0.006139879387959901	0.026124516745450282	0.028541674358554637	0.030550195636976737
KIC3430893	1.2	0.061911227	0.071554175	1.466	0.048466483	0.047539457	6270.0	60.0	60.0	-0.11	0.1	0.1	NA	NA	NA	NA	4.184	0.01811077	0.01811077	NA	3.507	0.286407736	0.286407736	NA	MS	F	NA	NA	NA	NA	NA	serenelli17	A	1	0.5449357658815026	0.03409375965226835	0.037000020479275864	60.0	0.01811077	0.1	0.286407736	0.03554689006577211	0.066732701	0.04800297	8.166744682064444	6.523133971261825	5.5610584166666674	3.274418144611187	0.9569377990430622	0.4328577915869981	-90.9090909090909	3.7972675408307164	0.004136169186638838	0.004175940654136401	0.07918124604762482	0.02184755816310839	0.026700531963323677
KIC3438633	1.28	0.080262071	0.058694122	1.965	0.067977938	0.056603887	6432.0	73.0	73.0	-0.184	0.1	0.1	NA	NA	NA	NA	3.959	0.014142136	0.014142136	NA	5.59	0.44842168	0.44842168	NA	MS	F	NA	NA	NA	NA	NA	serenelli17	A	1	0.7474118078864233	0.033511629867005954	0.0363153522280929	73.0	0.014142136	0.1	0.44842168	0.03491349104754943	0.0694780965	0.062290912500000004	8.02185474060823	4.671252270723409	5.427976289062499	3.170020992366412	1.1349502487562189	0.357214852235413	-54.34782608695652	3.808346035740395	0.004901265157210233	0.0049572107567814605	0.10720996964786837	0.026412618887383485	0.020385522336064638
KIC3545753	1.258	0.05731492	0.061846584	2.296	0.057775427	0.056859476	6206.0	58.0	58.0	-0.338	0.105	0.105	NA	NA	NA	NA	3.814	0.014866069	0.015811388	NA	8.035	0.720810236	0.720810236	NA	MS	F	NA	NA	NA	NA	NA	serenelli17	A	1	0.9049858810993634	0.03731045946771305	0.04081965733838777	58.0	0.015338728499999999	0.105	0.720810236	0.03906505840305041	0.059580752	0.0573174515	8.97088034847542	4.316648383021707	4.73614880763116	2.4964046820557493	0.9345794392523364	0.4021690744625065	-31.06508875739645	3.792811771248147	0.004039977801740147	0.0040779124204397554	0.09968064110925012	0.019349105362195793	0.021893756231698702
KIC3633847	1.285	0.142337627	0.071505245	1.858	0.058137767	0.048548944	6122.0	51.0	51.0	0.12	0.1	0.1	NA	NA	NA	NA	4.013	0.01835756	0.015811388	NA	5.266	0.475856442	0.475856442	NA	MS	F	NA	NA	NA	NA	NA	serenelli17	A	1	0.7214808547700493	0.037571475287578204	0.04113232559077218	51.0	0.017084474	0.1	0.475856442	0.03935190043917519	0.106921436	0.053343355499999995	9.036392745917205	5.4543235872443825	8.320734319066148	2.8710094456404733	0.8330610911466841	0.42572823324196357	83.33333333333334	3.7868933252613157	0.003602951705793611	0.003633092388366954	0.10890312766731332	0.04562358700273926	0.024865224114712356
KIC3633889	1.208	0.057628118	0.06	1.322	0.035510562	0.035510562	6452.0	49.0	49.0	-0.12	0.1	0.1	NA	NA	NA	NA	4.276	0.012041595	0.012041595	NA	2.788	0.231897345	0.231897345	NA	MS	F	NA	NA	NA	NA	NA	serenelli17	A	1	0.4452927694259718	0.03469941086304146	0.03771447799720146	49.0	0.012041595	0.1	0.231897345	0.03620694443012146	0.058814059	0.035510562	8.317695301291248	8.13104252215816	4.868713493377483	2.6861242057488655	0.759454432734036	0.28160886342376057	-83.33333333333334	3.809694358716924	0.0032858073225563444	0.003310856892756675	0.08206693428511301	0.020239180538361892	0.022125046223158328
KIC3643774	1.275	0.056586217	0.061846584	1.588	0.023345235	0.025612497	6029.0	104.0	104.0	0.158	0.1	0.1	NA	NA	NA	NA	4.141	0.008602325	0.008602325	NA	2.911	0.199115375	0.199115375	NA	MS	F	NA	NA	NA	NA	NA	serenelli17	A	1	0.4640422054388108	0.02873429477659295	0.0307709965681619	104.0	0.008602325	0.1	0.199115375	0.029752645672377426	0.0592164005	0.024478866000000002	6.840102198557197	6.411624917660781	4.6444235686274515	1.5414903022670026	1.7249958533753524	0.2077354503743057	63.291139240506325	3.7802452838653524	0.0074276808221407364	0.007556929183210936	0.10551018476997394	0.01885910643692726	0.02159445932865227
KIC3656476	1.075	0.040224371	0.041048752	1.316	0.018439089	0.018439089	5684.0	56.0	56.0	0.233	0.1	0.1	NA	NA	NA	NA	4.23	0.007211103	0.007211103	NA	1.626	0.139089863	0.139089863	NA	MS	G	NA	NA	NA	NA	NA	serenelli17	A	1	0.21112054125804933	0.03564627952049615	0.03883581899320532	56.0	0.007211103	0.1	0.139089863	0.03724104925685073	0.0406365615	0.018439089	8.554112115621157	17.63970906617352	3.7801452558139537	1.4011465805471124	0.9852216748768473	0.17047524822695034	42.918454935622314	3.754654069255432	0.004257823142541639	0.004299980492723954	0.03140846425162412	0.01595378724403307	0.016908402499245086
KIC3657002	1.219	0.064660653	0.089894382	1.516	0.032449961	0.037589892	6006.0	64.0	64.0	0.112	0.1	0.1	NA	NA	NA	NA	4.161	0.012806248	0.013601471	NA	2.732	0.226473372	0.226473372	NA	MS	F	NA	NA	NA	NA	NA	serenelli17	A	1	0.436480695009495	0.03458696971541436	0.03758167235246729	64.0	0.0132038595	0.1	0.226473372	0.036084321033940825	0.0772775175	0.0350199265	8.289654904831623	8.267105841452132	6.33941899097621	2.310021536939314	1.0656010656010657	0.3173241888968998	89.28571428571428	3.778585327862962	0.004603363212295264	0.004652680395317077	0.08600370561838196	0.022446523715717426	0.033269137325668045
KIC3730801	1.24	0.067896981	0.11315918	1.595	0.04494441	0.052773099	5894.0	58.0	58.0	0.164	0.1	0.1	NA	NA	NA	NA	4.123	0.012649111	0.013601471	NA	2.844	0.24686741	0.24686741	NA	MS	G	NA	NA	NA	NA	NA	serenelli17	A	1	0.45392959205772865	0.03615078332572541	0.03943547006206055	58.0	0.013125291	0.1	0.24686741	0.03779312669389298	0.0905280805	0.0488587545	8.680288677918426	8.325768435270161	7.300651653225806	3.0632447962382443	0.9840515778758059	0.31834322095561485	60.97560975609756	3.7704101315139065	0.004252791023915847	0.0042948482924924924	0.09342168516223506	0.023151852140062656	0.04155911417220424
KIC3761840	1.538	0.065802736	0.069892775	2.814	0.074672619	0.073736016	6236.0	61.0	61.0	0.011	0.1	0.1	NA	NA	NA	NA	3.725	0.015811388	0.015811388	NA	12.97	1.132379547	1.132379547	NA	MS	F	NA	NA	NA	NA	NA	serenelli17	A	1	1.1129399760840801	0.03635242287909235	0.03967556491270141	61.0	0.015811388	0.1	1.132379547	0.03801399389589688	0.0678477555	0.0742043175	8.730759807247495	3.4156373850142847	4.411427535760727	2.6369693496801707	0.9781911481719051	0.4244667919463087	909.0909090909091	3.794906106516804	0.004227586785258808	0.004269144585100637	0.18695633546541224	0.018194614558101313	0.02019855950032398
KIC3854781	1.197	0.056727418	0.059816386	1.792	0.035805028	0.03744329	5705.0	102.0	102.0	0.256	0.1	0.1	NA	NA	NA	NA	4.009	0.01029563	0.01029563	NA	3.408	0.294317891	0.294317891	NA	MS	G	NA	NA	NA	NA	NA	serenelli17	A	1	0.5324995860946625	0.035974119618805145	0.03922531484214681	102.0	0.01029563	0.1	0.294317891	0.037599717230475976	0.058271902	0.036624159	8.636088350938968	7.060985250003907	4.86816223893066	2.0437588727678575	1.7879053461875547	0.2568129209279122	39.0625	3.7562556487542333	0.007696177279090666	0.007835026286664881	0.07809415040641068	0.020108973228194854	0.022263557214818465
KIC3952307	1.275	0.062289646	0.068410526	2.076	0.048373546	0.047507894	6210.0	118.0	118.0	-0.118	0.1	0.1	NA	NA	NA	NA	3.908	0.013928388	0.013928388	NA	6.262	0.486953001	0.486953001	NA	MS	F	NA	NA	NA	NA	NA	serenelli17	A	1	0.7967130632808964	0.032523340489855945	0.03515754028843787	118.0	0.013928388	0.1	0.486953001	0.03384044038914691	0.065350086	0.047940720000000006	7.776317486426062	4.247506655632156	5.125496941176471	2.30928323699422	1.9001610305958132	0.35640706243602865	-84.74576271186442	3.79309160017658	0.008174870313040206	0.008331705512575116	0.10551018476997394	0.02071529731310194	0.0239506524549757
KIC3952580	1.458	0.064202804	0.061846584	2.709	0.046615448	0.047434165	6115.0	101.0	101.0	-0.074	0.1	0.1	NA	NA	NA	NA	3.736	0.01029563	0.009433981	NA	11.88	1.056787444	1.056787444	NA	MS	F	NA	NA	NA	NA	NA	serenelli17	A	1	1.0748164406451748	0.03701000195012405	0.040460253048235195	101.0	0.0098648055	0.1	1.056787444	0.03873512749917962	0.063024694	0.0470248065	8.895517205387204	3.6038830477814683	4.322681344307271	1.7358732558139534	1.651676206050695	0.26404725642398286	-135.13513513513513	3.7863964613723042	0.007114544420553592	0.007233037607805581	0.1637575239819558	0.0187149936238164	0.01882438072245282
KIC3967859	1.008	0.060539243	0.059682493	1.284	0.034438351	0.03354102	6211.0	78.0	78.0	-0.375	0.1	0.1	NA	NA	NA	NA	4.224	0.015811388	0.015811388	NA	1.933	0.172593807	0.172593807	NA	MS	F	NA	NA	NA	NA	NA	serenelli17	A	1	0.286231854028553	0.037142740554585774	0.040618966313857946	78.0	0.015811388	0.1	0.172593807	0.03888085343422186	0.060110868	0.0339896855	8.928805328504913	13.583691991997267	5.963379761904762	2.647171767912772	1.2558364192561584	0.37432263257575754	-26.666666666666668	3.793161529245551	0.005420065482996783	0.005488564558057796	0.003460532109506489	0.025329944512612553	0.026506763915219982
KIC4049576	1.159	0.067416615	0.069115845	1.944	0.091923882	0.086127812	6066.0	84.0	84.0	-0.264	0.101	0.101	NA	NA	NA	NA	3.923	0.028442925	0.030413813	NA	4.633	0.331409817	0.331409817	NA	MS	F	NA	NA	NA	NA	NA	serenelli17	A	1	0.6658623002031552	0.03000532554763502	0.032233267870830806	84.0	0.029428369000000003	0.101	0.331409817	0.031119296709232913	0.06826623	0.08902584699999999	7.153244485214763	4.673533356632203	5.890097497842968	4.5795188786008225	1.3847675568743818	0.7501496048942137	-38.25757575757576	3.7829024059746446	0.005972709800772247	0.006055997279345249	0.064083435963596	0.024554589569886973	0.026703097213760588
KIC4247542	1.129	0.091787799	0.071063352	1.581	0.052773099	0.050119856	6440.0	66.0	66.0	-0.44	0.1	0.1	NA	NA	NA	NA	4.095	0.020248457	0.020248457	NA	3.696	0.272247043	0.272247043	NA	MS	F	NA	NA	NA	NA	NA	serenelli17	A	1	0.5677319625480691	0.030866738754630307	0.03322954219785024	66.0	0.020248457	0.1	0.272247043	0.03204814047624027	0.0814255755	0.0514464775	7.365991423160174	5.644942083655683	7.21218560673162	3.2540466476913346	1.0248447204968945	0.4944678144078145	-22.727272727272727	3.808885867359812	0.004428191586022923	0.004473808222098086	0.05269394192496786	0.033946238209549034	0.0282342801310833
KIC4346201	1.142	0.05745433	0.054918121	1.902	0.03312099	0.032249031	6147.0	51.0	51.0	-0.337	0.099	0.099	NA	NA	NA	NA	3.937	0.010630146	0.010630146	NA	5.527	0.551784266	0.551784266	NA	MS	F	NA	NA	NA	NA	NA	serenelli17	A	1	0.7424894645817751	0.04132726611171522	0.045677547328291435	51.0	0.010630146	0.099	0.551784266	0.04350240672000333	0.0561862255	0.0326850105	9.98343162656052	5.858993129890011	4.919984719789842	1.7184548107255522	0.8296730112249878	0.2700062484124968	-29.376854599406528	3.7886632131208575	0.0035883587824065977	0.0036182547893135464	0.05766610390982921	0.021317612665313027	0.021403847534044576
KIC4450844	1.056	0.046400431	0.047201695	1.548	0.025495098	0.025495098	5968.0	59.0	59.0	-0.136	0.072111026	0.072111026	NA	NA	NA	NA	4.082	0.007211103	0.007211103	NA	2.81	0.241286059	0.241286059	NA	MS	G	NA	NA	NA	NA	NA	serenelli17	A	1	0.4487063199050799	0.03577660488630657	0.03899057716557386	59.0	0.007211103	0.072111026	0.241286059	0.037383591025940216	0.046801063000000004	0.025495098	8.586692491103202	8.331416199764783	4.43191884469697	1.6469701550387597	0.9886058981233244	0.1766561244487996	-53.02281323529411	3.7758288144646124	0.004272377003299077	0.004314824484946023	0.023663918197793475	0.018675456159738514	0.019859574341100198
KIC4465324	1.079	0.079378838	0.059033889	1.388	0.037336309	0.032695565	5850.0	59.0	59.0	0.037	0.1	0.1	NA	NA	NA	NA	4.187	0.012083046	0.012083046	NA	2.207	0.1928978	0.1928978	NA	MS	G	NA	NA	NA	NA	NA	serenelli17	A	1	0.34380233316165504	0.036390414449490205	0.03972082932243837	59.0	0.012083046	0.1	0.1928978	0.038055621885964286	0.06920636349999999	0.035015937	8.740271862256458	11.06904119468864	6.4139354494902685	2.5227620317002883	1.0085470085470085	0.28858481012658227	270.27027027027026	3.7671558660821804	0.0043581238974859104	0.0044023011488065755	0.033021444682910656	0.030829170275327764	0.024435702381972086
KIC4465529	1.322	0.054561891	0.057982756	1.657	0.030610456	0.030610456	6345.0	49.0	49.0	0.025	0.1	0.1	NA	NA	NA	NA	4.12	0.01029563	0.01029563	NA	4.239	0.367701157	0.367701157	NA	MS	F	NA	NA	NA	NA	NA	serenelli17	A	1	0.627263416568221	0.0361266233216504	0.03940671880742963	49.0	0.01029563	0.1	0.367701157	0.037766671064540014	0.0562723235	0.030610456	8.67424291106393	6.020863016555744	4.256605408472012	1.8473419432709715	0.7722616233254531	0.24989393203883495	400.0	3.8024316264307236	0.003341005504945649	0.003366907079715542	0.12123145514962146	0.01756428714385748	0.01947845642243036
KIC4543171	1.315	0.068410526	0.069656299	1.663	0.043829214	0.043829214	6129.0	59.0	59.0	0.137	0.1	0.1	NA	NA	NA	NA	4.114	0.013928388	0.014866069	NA	3.486	0.296648102	0.296648102	NA	MS	F	NA	NA	NA	NA	NA	serenelli17	A	1	0.5423273827739744	0.035468558183559096	0.03862494288875784	59.0	0.014397228500000001	0.1	0.296648102	0.03704675053615847	0.0690334125	0.043829214	8.50969885255307	6.831067674780941	5.2496891634980996	2.635551052315093	0.9626366454560287	0.349956939718036	72.992700729927	3.78738962135211	0.004160683675220156	0.0042009302768524215	0.11892575282577665	0.022025322959798102	0.02363652440787506
KIC4571351	1.235	0.074330344	0.099809819	1.585	0.068949257	0.069892775	6000.0	59.0	59.0	0.143	0.101	0.101	NA	NA	NA	NA	4.125	0.026305893	0.028284271	NA	2.923	0.255209864	0.255209864	NA	MS	F	NA	NA	NA	NA	NA	serenelli17	A	1	0.4658288153574364	0.03635375585499029	0.03967715291726115	59.0	0.027295082	0.101	0.255209864	0.03801545438612572	0.08707008150000001	0.069421016	8.73109353404037	8.16082069911368	7.05020902834008	4.379874826498423	0.9833333333333333	0.6616989575757575	70.62937062937064	3.7781512503836434	0.004249702112886222	0.004291698006956501	0.09166695759568456	0.025382275262559054	0.0365983316261474
KIC4586099	1.253	0.118595953	0.077833155	1.813	0.051623638	0.040360872	6383.0	58.0	58.0	-0.151	0.1	0.1	NA	NA	NA	NA	4.021	0.013892444	0.012206556	NA	5.663	0.482656291	0.482656291	NA	MS	F	NA	NA	NA	NA	NA	serenelli17	A	1	0.7530465616265292	0.03552170612328831	0.03868798605697055	58.0	0.0130495	0.1	0.482656291	0.03710484609012943	0.09821455400000001	0.045992254999999996	8.522978827476601	4.927297723793532	7.838352274541103	2.5368039161610585	0.9086636377878741	0.3245336980850535	-66.22516556291392	3.805024844429805	0.003928454726105812	0.0039643145819496795	0.09795107099414996	0.039275124031170394	0.027851540795906404
KIC4638884	1.522	0.050803543	0.046861498	1.928	0.026907248	0.025612497	6662.0	57.0	57.0	0.008	0.099	0.099	NA	NA	NA	NA	4.05	0.006708204	0.006708204	NA	6.055	0.488982164	0.488982164	NA	MS	F	NA	NA	NA	NA	NA	serenelli17	A	1	0.782114147479071	0.03372795949120422	0.036569553805882005	57.0	0.006708204	0.099	0.488982164	0.03514875664854311	0.048832520500000004	0.026259872500000003	8.075675706028077	4.494069920846647	3.208444185282523	1.3620265819502078	0.8555989192434704	0.16563466666666668	1237.5	3.823604628355158	0.003700012734576763	0.0037318064046121258	0.18241465243455401	0.014259826374727336	0.013581853930239113
KIC4739932	1.166	0.058591808	0.063071388	1.805	0.047010637	0.047927028	5876.0	111.0	111.0	0.008	0.1	0.1	NA	NA	NA	NA	3.991	0.016155494	0.016155494	NA	4.034	0.323248424	0.323248424	NA	MS	G	NA	NA	NA	NA	NA	serenelli17	A	1	0.6057358938767466	0.03347642761437086	0.03627401330422997	111.0	0.016155494	0.1	0.323248424	0.034875220459300416	0.060831598	0.0474688325	8.013099256321269	5.757496098852072	5.217118181818182	2.629852216066482	1.8890401633764466	0.40479814582811324	1250.0	3.769081787118219	0.008127471027465916	0.008282475487501273	0.06669855042299526	0.021292799440482055	0.024151147155799933
KIC4755204	1.19	0.102459748	0.065863495	1.645	0.043863424	0.039357337	6073.0	70.0	70.0	-0.072	0.1	0.1	NA	NA	NA	NA	4.084	0.012083046	0.012083046	NA	2.924	0.263173003	0.263173003	NA	MS	F	NA	NA	NA	NA	NA	serenelli17	A	1	0.4659773682858228	0.03742826977499303	0.04096072999552308	70.0	0.012083046	0.1	0.263173003	0.039194499885258055	0.0841616215	0.0416103805	9.00044469904241	8.411245385036983	7.0724051680672275	2.52950641337386	1.1526428453811954	0.2958630264446621	-138.88888888888889	3.7834032811225633	0.004977234196999802	0.005034937766689396	0.07554696139253074	0.035870065039834004	0.02472791015175918
KIC4756112	1.378	0.073	0.071505245	2.619	0.090476516	0.08579627	6182.0	60.0	60.0	-0.209	0.1	0.1	NA	NA	NA	NA	3.739	0.019416488	0.020396078	NA	11.38	1.040684239	1.040684239	NA	MS	F	NA	NA	NA	NA	NA	serenelli17	A	1	1.0561422620590524	0.03800325914678626	0.04165046324838273	60.0	0.019906283	0.1	1.040684239	0.039826861197584495	0.0722526225	0.08813639300000001	9.144852715289982	3.770975050268147	5.243296262699565	3.365268919434899	0.9705596894208994	0.5323959079967906	-47.84688995215311	3.791129000727286	0.004194763602027862	0.004235675465970257	0.13924921757160696	0.022418194866128865	0.023141547005491717
KIC4841753	1.314	0.056035703	0.053600373	2.149	0.07940403	0.074632433	5966.0	67.0	67.0	0.127	0.1	0.1	NA	NA	NA	NA	3.891	0.02236068	0.023345235	NA	6.304	0.560000153	0.560000153	NA	MS	G	NA	NA	NA	NA	NA	serenelli17	A	1	0.799616204481499	0.03696108003966514	0.04040178481533585	67.0	0.0228529575	0.1	0.560000153	0.038681432427500495	0.054818038	0.0770182315	8.883251157994923	4.837499816875645	4.171844596651446	3.5839102605863196	1.1230305062018102	0.5873286430223593	78.74015748031496	3.7756832490260437	0.004850076290360494	0.004904852856896014	0.11859536522376199	0.018136519752971952	0.018087099245971433
KIC4842436	1.089	0.060440053	0.062008064	1.57	0.056920998	0.054083269	5688.0	63.0	63.0	0.139	0.1	0.1	NA	NA	NA	NA	4.082	0.023769729	0.023769729	NA	2.791	0.254711365	0.254711365	NA	MS	G	NA	NA	NA	NA	NA	serenelli17	A	1	0.44575983648863104	0.03792890738096477	0.04156116083776129	63.0	0.023769729	0.1	0.254711365	0.03974503410936303	0.0612240585	0.0555021335	9.126168577570764	8.916243873033796	5.622043939393939	3.535167738853503	1.1075949367088607	0.5823059529642333	71.94244604316546	3.75495958772171	0.004783779876015082	0.004837060938309712	0.03702787975577494	0.023458446584459558	0.0254608462504652
KIC4947253	1.173	0.055072679	0.056824291	2.006	0.048332184	0.048332184	5953.0	59.0	59.0	-0.196	0.1	0.1	NA	NA	NA	NA	3.901	0.013	0.013	NA	5.318	0.474089941	0.474089941	NA	MS	G	NA	NA	NA	NA	NA	serenelli17	A	1	0.7257483329955482	0.03708696407764478	0.040552262364878966	59.0	0.013	0.1	0.474089941	0.03881961322126187	0.055948485	0.048332184	8.914816491162092	5.3489083551914955	4.769691815856778	2.4093810568295115	0.9910969259197043	0.3332478851576519	-51.0204081632653	3.774735882551753	0.004283089363117387	0.0043257510378467146	0.06929801211552926	0.019926057584268755	0.021565445253693694
KIC5084157	1.102	0.082298238	0.073573093	1.378	0.048301139	0.045650849	5803.0	83.0	83.0	0.125	0.1	0.1	NA	NA	NA	NA	4.201	0.01118034	0.01118034	NA	2.351	0.197037741	0.197037741	NA	MS	G	NA	NA	NA	NA	NA	serenelli17	A	1	0.37125262912493934	0.03495322726468941	0.038014539657701185	83.0	0.01118034	0.1	0.197037741	0.0364838834611953	0.0779356655	0.046975994	8.381018332624416	9.827239081697442	7.072201950998185	3.4089981132075473	1.4302946751680166	0.2661352059033564	80.0	3.7636525705645303	0.006167687199061689	0.006256541771505919	0.04218159451576628	0.031279488620822624	0.03000816383708927
KIC5214711	1.255	0.076485293	0.070724819	1.868	0.073409809	0.06977822	6194.0	54.0	54.0	-0.025	0.1	0.1	NA	NA	NA	NA	3.993	0.023769729	0.023769729	NA	5.291	0.438711511	0.438711511	NA	MS	F	NA	NA	NA	NA	NA	serenelli17	A	1	0.7235377615320568	0.03459499440830516	0.03759114793269236	54.0	0.023769729	0.1	0.438711511	0.03609307117049876	0.073605056	0.0715940145	8.291655849555848	4.988415683249675	5.86494470119522	3.8326560224839397	0.8718114304165321	0.595284973703982	-400.0	3.791971201020768	0.0037698198484759082	0.0038028298796000115	0.09864372581705691	0.025692647958864293	0.02519109800449494
KIC5253542	1.077	0.061400326	0.061400326	1.191	0.026400758	0.026400758	5770.0	96.0	96.0	0.203	0.1	0.1	NA	NA	NA	NA	4.318	0.013	0.013	NA	1.463	0.123674067	0.123674067	NA	MS	G	NA	NA	NA	NA	NA	serenelli17	A	1	0.16524432612531087	0.03524339745310556	0.03835804808392018	96.0	0.013	0.1	0.123674067	0.03680072276851287	0.061400326	0.026400758	8.453456390977443	22.270490994411226	5.701051624883937	2.2166883291351804	1.6637781629116117	0.301065308012969	49.26108374384236	3.7611758131557314	0.007166245488801959	0.007286481695897962	0.03221570329798157	0.024079308145762875	0.0254931505015981
KIC5344612	1.298	0.07566373	0.10878419	1.746	0.060827625	0.060827625	6359.0	84.0	84.0	-0.123	0.1	0.1	NA	NA	NA	NA	4.063	0.020396078	0.020396078	NA	4.715	0.390669341	0.390669341	NA	MS	F	NA	NA	NA	NA	NA	serenelli17	A	1	0.6734816970733472	0.034570988046452755	0.037562802289611175	84.0	0.020396078	0.1	0.390669341	0.036066895168031965	0.09222396	0.060827625	8.285670010604454	5.355289583185809	7.105081664098613	3.483827319587629	1.320962415474131	0.5019955205513168	-81.30081300813008	3.8033888249836134	0.005699306362732859	0.005775094830537508	0.11327469246435044	0.0246057388915399	0.03801401817588562
KIC5353186	1.362	0.210582525	0.087709749	2.187	0.104709121	0.06726812	6166.0	55.0	55.0	0.073	0.1	0.1	NA	NA	NA	NA	3.893	0.012649111	0.012649111	NA	7.67	0.655138126	0.655138126	NA	MS	F	NA	NA	NA	NA	NA	serenelli17	A	1	0.884795363948981	0.035596083858441596	0.038776239967381	55.0	0.012649111	0.1	0.655138126	0.0371861619129113	0.149146137	0.0859886205	8.541566179921773	4.202798005964182	10.950524008810572	3.93180706447188	0.8919883230619526	0.3249193680965836	136.986301369863	3.7900035203904894	0.0038566809521802803	0.003891236670662934	0.13417710757676637	0.06243633777214852	0.028908747041658994
KIC5371516	1.454	0.070092796	0.127945301	2.049	0.035355339	0.058600341	6350.0	81.0	81.0	0.075	0.1	0.1	NA	NA	NA	NA	3.976	0.01	0.014317821	NA	5.834	0.497365294	0.497365294	NA	MS	F	NA	NA	NA	NA	NA	serenelli17	A	1	0.7659664247857139	0.03553094648205224	0.03869894853224809	81.0	0.0121589105	0.1	0.497365294	0.037114947507150164	0.09901904850000001	0.04697784	8.525287864244087	4.845505795836079	6.810113376891335	2.2927203513909227	1.2755905511811023	0.30580760814889335	133.33333333333334	3.8027737252919755	0.005504784290792486	0.00557545545301652	0.162564406523019	0.020447003763922028	0.040002967685102545
KIC5431016	1.336	0.175559107	0.084314886	2.142	0.081394103	0.046227697	6601.0	62.0	62.0	-0.264	0.101	0.101	NA	NA	NA	NA	3.903	0.019235384	0.012727922	NA	8.646	0.791074601	0.791074601	NA	MS	F	NA	NA	NA	NA	NA	serenelli17	A	1	0.936815231197633	0.03802215700493761	0.041673166450093446	62.0	0.015981653	0.101	0.791074601	0.039847661727515526	0.1299369965	0.0638109	9.149602139717787	4.253524110253195	9.725823091317366	2.9790336134453783	0.9392516285411301	0.40947099666922876	-38.25757575757576	3.819609732751585	0.004060080516551601	0.00409839538882073	0.1258064581395269	0.053618676068352744	0.02831137084041231
KIC5512589	1.132	0.041146081	0.044777226	1.658	0.024839485	0.025612497	5789.0	56.0	56.0	0.032	0.1	0.1	NA	NA	NA	NA	4.052	0.00781025	0.00781025	NA	2.979	0.248201743	0.248201743	NA	MS	G	NA	NA	NA	NA	NA	serenelli17	A	1	0.4740705032150436	0.03475561221459034	0.037780886234584865	56.0	0.00781025	0.1	0.248201743	0.0362682492245876	0.0429616535	0.025225991000000003	8.331713427324607	7.650391445707796	3.795199072438163	1.5214711097708085	0.9673518742442564	0.19275049358341564	312.5	3.7626035495668035	0.004180965931055436	0.0042216077921284345	0.053846426852252584	0.0155056672940646	0.017527885888170773
KIC5516982	1.263	0.045276926	0.044418465	1.472	0.019416488	0.019416488	6444.0	50.0	50.0	-0.065	0.1	0.1	NA	NA	NA	NA	4.203	0.007211103	0.007211103	NA	3.568	0.306744936	0.306744936	NA	MS	F	NA	NA	NA	NA	NA	serenelli17	A	1	0.5524248457040855	0.03581827364570367	0.03904007923304886	50.0	0.007211103	0.1	0.306744936	0.037429176439376266	0.0448476955	0.019416488	8.59711143497758	6.775433206967986	3.5508864212193196	1.3190548913043478	0.7759155803848541	0.1715703783012134	-153.84615384615384	3.8091555317471806	0.0033567525428019884	0.0033828998115112974	0.10140335055533072	0.015296331280130707	0.015548757522144838
KIC5530375	1.404	0.064350602	0.061854668	2.753	0.06574192	0.064845971	6210.0	55.0	55.0	-0.226	0.1	0.1	NA	NA	NA	NA	3.706	0.012369317	0.012369317	NA	8.503	1.208243273	1.208243273	NA	MS	F	NA	NA	NA	NA	NA	serenelli17	A	1	0.92957217907655	0.057702654542972964	0.06656136590166128	55.0	0.012369317	0.1	1.208243273	0.062132010222317124	0.063102635	0.0652939455	14.20961158414677	6.683936075199662	4.494489672364673	2.3717379404286234	0.8856682769726248	0.33376462493254183	-44.24778761061947	3.79309160017658	0.0038294751535890015	0.0038635429092450657	0.14736710779378645	0.019462657823182572	0.019567562550778544
KIC5543462	1.033	0.061294372	0.058821765	1.298	0.057974132	0.053160135	6246.0	54.0	54.0	-0.372	0.102	0.102	NA	NA	NA	NA	4.224	0.029274562	0.030265492	NA	2.252	0.188741772	0.188741772	NA	MS	F	NA	NA	NA	NA	NA	serenelli17	A	1	0.3525683861793086	0.034953447753331535	0.03801480048571282	54.0	0.029770027	0.102	0.188741772	0.03648412411952218	0.0600580685	0.0555671335	8.381073357015987	10.348098567455548	5.813946611810262	4.280981009244992	0.8645533141210374	0.7047828361742423	-27.419354838709676	3.7956019798941796	0.003738569559402105	0.0037710322193436063	0.014100321519620545	0.02503384411421785	0.0254618991426155
KIC5636956	1.464	0.072422372	0.127137721	2.055	0.055461698	0.064621978	6369.0	60.0	60.0	0.094	0.1	0.1	NA	NA	NA	NA	3.975	0.012165525	0.013152946	NA	7.338	0.637729562	0.637729562	NA	MS	F	NA	NA	NA	NA	NA	serenelli17	A	1	0.8655777074199291	0.036192712241456704	0.03948537526226725	60.0	0.012659235500000001	0.1	0.637729562	0.03783904375186198	0.0997800465	0.060041838	8.690781711638047	4.371536307774228	6.815576946721311	2.9217439416058393	0.9420631182289213	0.3184713333333334	106.38297872340425	3.8040712488856614	0.004072176875829836	0.004110721479678059	0.16554107672237306	0.020969545622243402	0.039454407344508474
KIC5683538	1.22	0.058600341	0.061032778	2.302	0.101651365	0.093962759	6366.0	73.0	73.0	-0.557	0.102	0.102	NA	NA	NA	NA	3.798	0.02745906	0.029427878	NA	6.302	0.483941956	0.483941956	NA	MS	F	NA	NA	NA	NA	NA	serenelli17	A	1	0.7994783988379808	0.032131741720644036	0.03470034915568532	73.0	0.028443469	0.102	0.483941956	0.03341604543816468	0.059816559500000005	0.097807062	7.679180514122502	4.179730870369225	4.9029966803278695	4.248786359687228	1.1467169337103362	0.748906503422854	-18.312387791741468	3.8038666342849843	0.004951790807139922	0.0050089025374986385	0.08635983067474821	0.020374985248530347	0.022288677287362668
KIC5773155	1.429	0.077833155	0.079208585	1.896	0.052153619	0.052153619	6317.0	55.0	55.0	0.138	0.1	0.1	NA	NA	NA	NA	4.036	0.013152946	0.013152946	NA	5.469	0.4588635	0.4588635	NA	MS	F	NA	NA	NA	NA	NA	serenelli17	A	1	0.7379079233746387	0.03499027127961141	0.03805836509437477	55.0	0.013152946	0.1	0.4588635	0.03652431818699309	0.07852086999999999	0.052153619	8.39026330224904	4.949712156492125	5.49481245626312	2.7507183016877637	0.8706664555960107	0.32589063429137766	72.46376811594202	3.800510876894368	0.003764890234726259	0.0037978136134713125	0.15503222879097026	0.023032938670134118	0.0247655671948043
KIC5773345	1.508	0.04482187	0.047201695	2.024	0.018384776	0.019849433	6214.0	61.0	61.0	0.255	0.1	0.1	NA	NA	NA	NA	4.003	0.006324555	0.006324555	NA	5.275	0.432457782	0.432457782	NA	MS	F	NA	NA	NA	NA	NA	serenelli17	A	1	0.7222224639697303	0.034220243733103395	0.03714904831848631	61.0	0.006324555	0.1	0.432457782	0.03568464602579485	0.0460117825	0.0191171045	8.198251791469195	4.940949334316256	3.0511792108753317	0.944520973320158	0.9816543289346636	0.15799537846615036	39.21568627450981	3.7933712489189557	0.004242481234120188	0.004284333830927078	0.17840134153375525	0.012720297508989148	0.013811085265748063
KIC5950854	0.956	0.049203658	0.047634021	1.233	0.021400935	0.020615528	5913.0	61.0	61.0	-0.238	0.1	0.1	NA	NA	NA	NA	4.236	0.008602325	0.008602325	NA	1.875	0.157345852	0.157345852	NA	MS	G	NA	NA	NA	NA	NA	serenelli17	A	1	0.27300127206373764	0.034996343376018535	0.038065549550929834	61.0	0.008602325	0.1	0.157345852	0.036530946463474184	0.0484188395	0.021008231500000002	8.391778773333334	13.381236720005209	5.064732165271966	1.703830616382806	1.0316252325384745	0.20307660528800756	-42.016806722689076	3.771807878999106	0.004457339269003491	0.004503561545832646	-0.019542107723899943	0.021796168072536357	0.022197032040216287
KIC5961597	1.465	0.068593003	0.077620873	1.923	0.04494441	0.04494441	6492.0	53.0	53.0	0.051	0.1	0.1	NA	NA	NA	NA	4.035	0.012649111	0.013601471	NA	6.678	0.526709025	0.526709025	NA	MS	F	NA	NA	NA	NA	NA	serenelli17	A	1	0.824646414718352	0.032970031030038816	0.03568014374272532	53.0	0.013125291	0.1	0.526709025	0.03432508738638207	0.07310693800000001	0.04494441	7.887227088948788	4.16240060876338	4.990234675767918	2.3372028081123246	0.8163894023413432	0.3252860223048327	196.07843137254903	3.8123785111541943	0.003531139732580346	0.0035600860620701447	0.16583762469012828	0.01987249372094338	0.023642468400704386
KIC6047087	1.096	0.061587336	0.06074537	1.315	0.027730849	0.026832816	6189.0	61.0	61.0	-0.188	0.1	0.1	NA	NA	NA	NA	4.239	0.011661904	0.011661904	NA	2.129	0.17638538	0.17638538	NA	MS	F	NA	NA	NA	NA	NA	serenelli17	A	1	0.32817566143832255	0.03456787324074018	0.037559124716150305	61.0	0.011661904	0.1	0.17638538	0.03606349897844524	0.061166353	0.0272818325	8.284893377172383	10.989083962042391	5.580871624087591	2.0746640684410647	0.9856196477621587	0.2751097900448219	-53.191489361702125	3.791620482692814	0.004259534651261276	0.004301726068266731	0.039810554148350386	0.023743212809034353	0.02476337266149347
KIC6049366	1.212	0.06726812	0.065795137	1.822	0.086648716	0.08005623	6220.0	62.0	62.0	-0.143	0.099	0.099	NA	NA	NA	NA	3.998	0.029427878	0.030413813	NA	4.637	0.392941598	0.392941598	NA	MS	F	NA	NA	NA	NA	NA	serenelli17	A	1	0.6662370958958044	0.03532584665245331	0.03845574434891941	62.0	0.0299208455	0.099	0.392941598	0.03689079550068636	0.0665316285	0.08335247300000001	8.474047832650422	5.53718724579333	5.489408292079207	4.574778979143798	0.9967845659163987	0.7483953351675837	-69.23076923076924	3.7937903846908188	0.004307547371667386	0.004350700123639584	0.0835026198302674	0.02345895735602488	0.024240373124707323
KIC6129877	1.115	0.067675697	0.070178344	1.328	0.038483763	0.038483763	6064.0	72.0	72.0	-0.048	0.1	0.1	NA	NA	NA	NA	4.238	0.015811388	0.016763055	NA	2.353	0.200690222	0.200690222	NA	MS	F	NA	NA	NA	NA	NA	serenelli17	A	1	0.3716219271760213	0.035546286410877814	0.03871714847448038	72.0	0.016287221499999997	0.1	0.200690222	0.037131717442679096	0.0689270205	0.038483763	8.529121206969824	9.991799387308864	6.181795560538117	2.8978737198795175	1.187335092348285	0.38431386267107115	-208.33333333333334	3.782759192623997	0.0051261583169273095	0.005187387932587217	0.04727486738417948	0.025590805128815175	0.02823270174583976
KIC6232600	1.132	0.059076222	0.059076222	1.312	0.024698178	0.024698178	6435.0	70.0	70.0	-0.294	0.1	0.1	NA	NA	NA	NA	4.255	0.01029563	0.01029563	NA	2.61	0.199951275	0.199951275	NA	MS	F	NA	NA	NA	NA	NA	serenelli17	A	1	0.41664050733828095	0.03205828189701343	0.03461468435481563	70.0	0.01029563	0.1	0.199951275	0.03333648312591453	0.059076222	0.024698178	7.660968390804599	8.00125828832284	5.218747526501767	1.8824830792682925	1.0878010878010878	0.24196545240893066	-34.013605442176875	3.8085485512404054	0.004698749657199741	0.004750143250731309	0.053846426852252584	0.022093127858722396	0.023277556675496434
KIC6287060	1.157	0.079881162	0.07823682	1.488	0.047010637	0.045276926	6020.0	53.0	53.0	-0.016	0.1	0.1	NA	NA	NA	NA	4.155	0.017464249	0.018384776	NA	3.112	0.27140541	0.27140541	NA	MS	F	NA	NA	NA	NA	NA	serenelli17	A	1	0.4930395883176513	0.036314451083401644	0.039630332732513984	53.0	0.0179245125	0.1	0.27140541	0.037972391907957814	0.079058991	0.0461437815	8.72125353470437	7.701692279422659	6.833102074330164	3.1010605846774197	0.8803986710963455	0.4313962093862816	-625.0	3.7795964912578244	0.0038067898647389242	0.003840453413726408	0.06333335895174956	0.028994616209378946	0.03040724411835214
KIC6370489	1.211	0.058137767	0.061522354	2.002	0.03482815	0.03748333	6302.0	80.0	80.0	-0.452	0.1	0.1	NA	NA	NA	NA	3.918	0.008602325	0.008602325	NA	5.209	0.448219507	0.448219507	NA	MS	F	NA	NA	NA	NA	NA	serenelli17	A	1	0.7167543574326971	0.03584867278894632	0.03907619966676201	80.0	0.008602325	0.1	0.448219507	0.03746243622785417	0.059830060500000004	0.036155740000000006	8.604713131119217	5.226677150877576	4.94055	1.8059810189810195	1.269438273563948	0.21955908626850432	-22.123893805309734	3.799478398837981	0.0054784010195105814	0.005548392065296337	0.08314414314305227	0.020364624893630195	0.02264361322130916
KIC6520835	1.328	0.058796258	0.057489129	2.144	0.03482815	0.034058773	6146.0	50.0	50.0	0.032	0.1	0.1	NA	NA	NA	NA	3.898	0.010630146	0.010630146	NA	7.205	0.572534042	0.572534042	NA	MS	F	NA	NA	NA	NA	NA	serenelli17	A	1	0.8576339851500081	0.03320793552695889	0.03595895556321671	50.0	0.010630146	0.1	0.572534042	0.0345834455450878	0.058142693499999995	0.0344434615	7.946343400416378	4.032424804042582	4.378214871987951	1.606504734141791	0.8135372600065083	0.2727076962544895	312.5	3.7885925559203595	0.0035188531668088885	0.00354759758881551	0.12319807503199871	0.018814586094743	0.019219689632139894
KIC6529109	1.19	0.052430907	0.056603887	1.828	0.031064449	0.032756679	5806.0	90.0	90.0	0.072	0.099	0.099	NA	NA	NA	NA	3.989	0.01	0.01	NA	3.483	0.301768722	0.301768722	NA	MS	G	NA	NA	NA	NA	NA	serenelli17	A	1	0.5419534744582363	0.036085871510476375	0.03935823065487676	90.0	0.01	0.099	0.301768722	0.037722051082676566	0.054517396999999995	0.031910564	8.66404599483204	6.960385505487424	4.581293865546218	1.7456544857768055	1.550120564932828	0.25068939583855604	137.50000000000003	3.763877031495655	0.006680443355340238	0.006784811376722377	0.07554696139253074	0.018725285072817774	0.02116524250433418
KIC6530901	1.3	0.050249378	0.053037722	1.559	0.023430749	0.024207437	6374.0	53.0	53.0	0.018	0.1	0.1	NA	NA	NA	NA	4.165	0.01	0.01	NA	3.626	0.303046764	0.303046764	NA	MS	F	NA	NA	NA	NA	NA	serenelli17	A	1	0.5594277997594899	0.034859398109656325	0.03790357027435631	53.0	0.01	0.1	0.303046764	0.03638148419200632	0.051643549999999996	0.023819093	8.357605184776615	6.503338627012727	3.9725807692307686	1.5278443232841565	0.8315029808597427	0.24009603841536614	555.5555555555555	3.804412059137714	0.0035962407726861656	0.0036262688099513163	0.11394335230683679	0.016470633586235142	0.018090036522149536
KIC6592305	1.362	0.056586217	0.05375872	2.248	0.041048752	0.039408121	6132.0	55.0	55.0	0.06	0.1	0.1	NA	NA	NA	NA	3.868	0.01029563	0.01029563	NA	6.92	0.596243014	0.596243014	NA	MS	F	NA	NA	NA	NA	NA	serenelli17	A	1	0.8401060944567578	0.03589471874036532	0.039130922264751566	55.0	0.01029563	0.1	0.596243014	0.03751282050255844	0.0551724685	0.0402284365	8.616228526011561	4.465247990709502	4.050842033773862	1.7895211966192166	0.8969341161121983	0.2661745087900724	166.66666666666669	3.7876021461823375	0.0038779698376631977	0.003912909835021239	0.13417710757676637	0.017678628346063374	0.01748925891798024
KIC6593620	0.985	0.0560803	0.054378304	1.581	0.043462628	0.041629317	5791.0	60.0	60.0	-0.26	0.1	0.1	NA	NA	NA	NA	4.033	0.015231546	0.015231546	NA	2.585	0.222583045	0.222583045	NA	MS	G	NA	NA	NA	NA	NA	serenelli17	A	1	0.4124605474299613	0.03587206361283052	0.039103996542480035	60.0	0.015231546	0.1	0.222583045	0.03748803007765528	0.055229302	0.0425459725	8.610562669245649	9.088876575285301	5.60703573604061	2.691079854522454	1.0360904852357107	0.37767284899578474	-38.46153846153846	3.762753564933374	0.004476533177344422	0.00452315647562429	-0.006563769502388274	0.024047998054161315	0.02466305728075904
KIC6605673	1.135	0.089537702	0.060539243	1.65	0.039	0.032649655	6222.0	60.0	60.0	-0.258	0.1	0.1	NA	NA	NA	NA	4.058	0.014317821	0.011661904	NA	3.612	0.307113151	0.307113151	NA	MS	F	NA	NA	NA	NA	NA	serenelli17	A	1	0.5577477416414682	0.03544006078675632	0.038591146714254454	60.0	0.012989862500000001	0.1	0.307113151	0.03701560375050539	0.0750384725	0.0358248275	8.502578931339977	6.63662100030515	6.611319162995595	2.171201666666667	0.9643201542912246	0.32010503942828983	-38.75968992248062	3.7939300067726847	0.004167925289801477	0.004208312791762925	0.05499586152914153	0.03297629952692835	0.023805303339263728
KIC6612225	1.186	0.065	0.068117545	1.783	0.049040799	0.049819675	6374.0	54.0	54.0	-0.337	0.1	0.1	NA	NA	NA	NA	4.009	0.01118034	0.01118034	NA	5.549	0.478999686	0.478999686	NA	MS	F	NA	NA	NA	NA	NA	serenelli17	A	1	0.7442147248141658	0.03595849620592162	0.039206738583697054	54.0	0.01118034	0.1	0.478999686	0.03758261739480934	0.0665587725	0.049430237	8.632180320778518	5.049969604430213	5.612038153456999	2.7723071789119467	0.8471917163476623	0.2788810177101521	-29.673590504451038	3.804412059137714	0.003663808953592973	0.003694980855328822	0.07408468902824378	0.02317262066517614	0.02568854900975548
KIC6671492	1.413	0.065115282	0.066603303	2.445	0.049648766	0.047010637	6103.0	103.0	103.0	0.067	0.1	0.1	NA	NA	NA	NA	3.81	0.012529964	0.012529964	NA	8.403	0.73916899	0.73916899	NA	MS	F	NA	NA	NA	NA	NA	serenelli17	A	1	0.9244343635432307	0.036614881275557565	0.03998844370364607	103.0	0.012529964	0.1	0.73916899	0.03830166248960182	0.0658592925	0.0483297015	8.796489230036892	4.1432538642112755	4.660954883227176	1.9766749079754604	1.6876945764378175	0.32887044619422573	149.25373134328356	3.785543369956593	0.007268401291554039	0.007392119572949607	0.1501421618485586	0.019566145271148916	0.0209691242970369
KIC6689943	1.178	0.064031242	0.074625733	1.479	0.038275318	0.039115214	6011.0	54.0	54.0	-0.002	0.1	0.1	NA	NA	NA	NA	4.168	0.012083046	0.013	NA	3.222	0.274607079	0.274607079	NA	MS	F	NA	NA	NA	NA	NA	serenelli17	A	1	0.5081255360831992	0.03552129639489232	0.038687499979706386	54.0	0.012541522999999999	0.1	0.274607079	0.03710439818729935	0.06932848750000001	0.038695266000000006	8.52287644320298	7.302210881451148	5.885270585738541	2.6163127789046654	0.8983530194643154	0.300900263915547	-5000.0	3.778946727968617	0.003884077233974992	0.003919127869772332	0.07114529045108281	0.022987229751439006	0.028422439368624153
KIC6766513	1.271	0.052345009	0.053740115	2.054	0.033970576	0.033970576	6594.0	77.0	77.0	-0.397	0.102	0.102	NA	NA	NA	NA	3.916	0.008062258	0.008062258	NA	6.876	0.643260767	0.643260767	NA	MS	F	NA	NA	NA	NA	NA	serenelli17	A	1	0.8373358680150148	0.03883927834876966	0.042656910870844555	77.0	0.008062258	0.102	0.643260767	0.040748094609807106	0.053042562	0.033970576	9.355159496800464	4.866397841812794	4.173293627065303	1.6538741966893868	1.167728237791932	0.20587992849846778	-25.69269521410579	3.8191489428071344	0.005041997845448787	0.005101221811534717	0.10414555055400815	0.017527533218842595	0.01876224054739485
KIC6837853	1.146	0.075742986	0.077987178	1.376	0.051	0.049244289	5886.0	57.0	57.0	0.154	0.1	0.1	NA	NA	NA	NA	4.218	0.020615528	0.021587033	NA	2.122	0.177657336	0.177657336	NA	MS	G	NA	NA	NA	NA	NA	serenelli17	A	1	0.32674537956532185	0.034917748551768324	0.03797257372296681	57.0	0.0211012805	0.1	0.177657336	0.036445161137367565	0.076865082	0.05012214449999999	8.372164750235628	11.153994338298384	6.707249738219896	3.6425977107558136	0.9683995922528033	0.5002674371740161	64.93506493506493	3.769820257763592	0.004185472494617315	0.004226202444146843	0.05918461763137114	0.027795236800788388	0.03060815099649236
KIC6853020	1.515	0.098081599	0.134525091	2.092	0.070830784	0.070830784	6437.0	56.0	56.0	0.125	0.1	0.1	NA	NA	NA	NA	3.973	0.018681542	0.019646883	NA	7.406	0.598470002	0.598470002	NA	MS	F	NA	NA	NA	NA	NA	serenelli17	A	1	0.8695837077134237	0.03374887366033086	0.03659414393907656	56.0	0.0191642125	0.1	0.598470002	0.03517150879970371	0.116303345	0.070830784	8.080880394274912	4.044637507318005	7.676788448844885	3.385792734225621	0.8699704831443219	0.4823612509438711	80.0	3.808683509128969	0.0037618937437868816	0.0037947645065776747	0.1804126328383238	0.027243704233888943	0.04038411536675329
KIC7038145	1.471	0.077103826	0.06670832	2.459	0.075894664	0.062769419	6074.0	58.0	58.0	0.257	0.1	0.1	NA	NA	NA	NA	3.823	0.016763055	0.015811388	NA	8.695	0.807294839	0.807294839	NA	MS	F	NA	NA	NA	NA	NA	serenelli17	A	1	0.9392695863387313	0.03855891532477507	0.04231891784166797	58.0	0.016287221499999997	0.1	0.807294839	0.04043891658322152	0.071906073	0.0693320415	9.28458699252444	4.305357819670521	4.888244255608429	2.8195218178121184	0.9548896937767534	0.4260324744964687	38.91050583657587	3.7834747875822465	0.004127358600090947	0.00416695999866068	0.16761267272753014	0.02218741123355117	0.020155349935181227
KIC7133688	1.418	0.081320354	0.096607453	1.932	0.063953108	0.062177166	6400.0	63.0	63.0	0.028	0.1	0.1	NA	NA	NA	NA	4.015	0.019646883	0.021587033	NA	6.589	0.596604813	0.596604813	NA	MS	F	NA	NA	NA	NA	NA	serenelli17	A	1	0.8188195075475364	0.03764382106659436	0.041219061021339654	63.0	0.020616957999999998	0.1	0.596604813	0.03943144104396701	0.0889639035	0.063065137	9.054557793291849	4.815645045153962	6.273900105782793	3.264241045548654	0.984375	0.5134983312577833	357.1428571428571	3.806179973983887	0.004254181938785795	0.0042962668586472574	0.1516762308470477	0.024218205943812104	0.03064437790244791
KIC7174470	1.412	0.221551348	0.122674366	2.266	0.09625487	0.080156098	6119.0	84.0	84.0	0.192	0.1	0.1	NA	NA	NA	NA	3.882	0.022825424	0.021095023	NA	6.988	0.592399744	0.592399744	NA	MS	F	NA	NA	NA	NA	NA	serenelli17	A	1	0.8443528963108934	0.03533921196440781	0.038471585082650805	84.0	0.0219602235	0.1	0.592399744	0.03690539852352931	0.172112857	0.088205484	8.477386147681738	4.370849994685234	12.189295821529747	3.8925632833186232	1.3727733289753228	0.5656935471406492	52.083333333333336	3.7866804531966487	0.00592132796831768	0.006003178763280825	0.14983469671578492	0.06329809364300445	0.039472079448447786
KIC7282890	1.596	0.094413982	0.215615398	2.393	0.075073298	0.107703296	6341.0	47.0	47.0	-0.014	0.099	0.099	NA	NA	NA	NA	3.877	0.013038405	0.015652476	NA	8.587	0.730976121	0.730976121	NA	MS	F	NA	NA	NA	NA	NA	serenelli17	A	1	0.9338414628987213	0.03548013025670671	0.03863866804572258	47.0	0.014345440499999999	0.099	0.730976121	0.037059399151214645	0.15501469	0.09138829700000001	8.512590206125537	3.9684893660835323	9.712699874686717	3.818984412870874	0.741208011354676	0.37001394119164305	-707.1428571428571	3.8021577531869615	0.003207154279484037	0.0032310146097600523	0.20303288701471064	0.024960189244603637	0.06303278086333583
KIC7296438	1.159	0.040360872	0.055072679	1.393	0.02	0.023345235	5749.0	56.0	56.0	0.268	0.072111026	0.072111026	NA	NA	NA	NA	4.213	0.005830952	0.007615773	NA	2.202	0.188867864	0.188867864	NA	MS	G	NA	NA	NA	NA	NA	serenelli17	A	1	0.34281731463573295	0.035738260007266986	0.03894503301468971	56.0	0.0067233625	0.072111026	0.188867864	0.03734164651097835	0.0477167755	0.021672617499999998	8.5771055404178	10.8925789091652	4.117064322691976	1.5558232232591527	0.9740824491215864	0.15958610253975788	26.90709925373134	3.759592308645975	0.004209915428617705	0.004251124834427689	0.064083435963596	0.014866440327662406	0.021142954171562763
KIC7376493	0.997	0.059169249	0.054918121	1.494	0.036891733	0.036055513	5803.0	73.0	73.0	-0.123	0.101	0.101	NA	NA	NA	NA	4.087	0.01077033	0.01077033	NA	2.293	0.20247532	0.20247532	NA	MS	G	NA	NA	NA	NA	NA	serenelli17	A	1	0.36040405472993886	0.03674922436468281	0.04014875568514875	73.0	0.01077033	0.101	0.20247532	0.03844899002491578	0.057043685	0.036473623	8.830149149585695	10.66830118038675	5.7215330992978926	2.4413402275769744	1.2579700155092193	0.2635265475899192	-82.11382113821139	3.7636525705645303	0.005429216553688665	0.0054979485971404785	-0.0013048416883442813	0.025038360281049082	0.02460650811692446
KIC7383120	1.105	0.081301906	0.075451971	1.393	0.054129474	0.052325902	6048.0	58.0	58.0	-0.112	0.1	0.1	NA	NA	NA	NA	4.194	0.018248288	0.018248288	NA	2.549	0.220573735	0.220573735	NA	MS	F	NA	NA	NA	NA	NA	serenelli17	A	1	0.4063698354692675	0.036043096489457804	0.03930734592143398	58.0	0.018248288	0.1	0.220573735	0.03767522120544589	0.07837693849999999	0.053227687999999995	8.653343860337388	9.27116579948394	7.092935610859728	3.8210831299353907	0.958994708994709	0.43510462565569863	-89.28571428571428	3.78161178249315	0.004145017469492807	0.00418496010383862	0.0433622780211295	0.030832950150744963	0.030715666510374204
KIC7429287	0.937	0.053	0.051312766	1.498	0.036891733	0.036055513	5802.0	60.0	60.0	-0.381	0.1	0.1	NA	NA	NA	NA	4.058	0.01118034	0.01118034	NA	2.599	0.234262777	0.234262777	NA	MS	G	NA	NA	NA	NA	NA	serenelli17	A	1	0.4148062795010126	0.03748057645558256	0.0410233919078023	60.0	0.01118034	0.1	0.234262777	0.03925198418169243	0.052156383	0.036473623	9.013573566756444	9.462726607926534	5.566316221985058	2.43482129506008	1.0341261633919339	0.27551355347461803	-26.246719160104988	3.7635777244666455	0.004468089635771388	0.004514536306158501	-0.02826040911222171	0.023895603709771673	0.02445920594048899
KIC7529180	1.352	0.06726812	0.067941151	1.455	0.032557641	0.032557641	6682.0	58.0	58.0	-0.024	0.1	0.1	NA	NA	NA	NA	4.243	0.009848858	0.009848858	NA	3.766	0.297722752	0.297722752	NA	MS	F	NA	NA	NA	NA	NA	serenelli17	A	1	0.575880315680646	0.033043754809826575	0.035766508749651704	58.0	0.009848858	0.1	0.297722752	0.03440513177973914	0.06760463550000001	0.032557641	7.905543069569835	5.974354539115464	5.000342862426035	2.2376385567010306	0.8680035917390003	0.23212015083667215	-416.6666666666667	3.8249064713021124	0.0037534252332074303	0.003786147525288719	0.13097669160561715	0.021087756027275945	0.022391763503394918
KIC7591963	1.2	0.052009614	0.056859476	1.833	0.04788528	0.04788528	5966.0	61.0	61.0	0.011	0.1	0.1	NA	NA	NA	NA	3.99	0.015231546	0.015231546	NA	4.338	0.384319149	0.384319149	NA	MS	G	NA	NA	NA	NA	NA	serenelli17	A	1	0.6372895476781745	0.03686578702680254	0.04028793840200706	61.0	0.015231546	0.1	0.384319149	0.0385768627144048	0.054434545	0.04788528	8.859362586445368	6.053270896243503	4.536212083333333	2.6123993453355157	1.022460610124036	0.381743007518797	909.0909090909091	3.7756832490260437	0.004417942441867773	0.0044633470765100824	0.07918124604762482	0.018426417723845276	0.021081625410395044
KIC7611858	1.128	0.103469802	0.06780118	1.54	0.062625873	0.058872744	5926.0	58.0	58.0	0.021	0.099	0.099	NA	NA	NA	NA	4.119	0.026925824	0.028861739	NA	2.849	0.251522846	0.251522846	NA	MS	G	NA	NA	NA	NA	NA	serenelli17	A	1	0.4546924492394769	0.03674248652579515	0.040140712812135604	58.0	0.0278937815	0.099	0.251522846	0.038441599668965376	0.08563549100000001	0.0607493085	8.828460723060722	8.45441786712385	7.591798847517732	3.9447602922077922	0.9787377657779278	0.6771978999757223	471.4285714285714	3.772761647144032	0.004229937712372678	0.0042715419727872295	0.05230909964732344	0.038114666925229704	0.026921783125878087
KIC7668623	1.389	0.077103826	0.070837843	2.291	0.055217751	0.04669047	6277.0	48.0	48.0	-0.004	0.1	0.1	NA	NA	NA	NA	3.859	0.012529964	0.010816654	NA	8.698	0.736795261	0.736795261	NA	MS	F	NA	NA	NA	NA	NA	serenelli17	A	1	0.9394194033293172	0.035313076902137364	0.038440610477322945	48.0	0.011673309	0.1	0.736795261	0.036876843689730154	0.0739708345	0.0509541105	8.47085836974017	3.9254930821141274	5.325474046076314	2.2240991051942385	0.7646965110721682	0.3024956983674527	-2500.0	3.7977521286507105	0.003308401197144928	0.0033337977765697246	0.14270224573761559	0.023462481363004772	0.022733406376104645
KIC7680114	1.096	0.050990195	0.043908997	1.409	0.022803509	0.021260292	5800.0	56.0	56.0	0.058	0.1	0.1	NA	NA	NA	NA	4.179	0.008062258	0.007211103	NA	2.222	0.200872573	0.200872573	NA	MS	G	NA	NA	NA	NA	NA	serenelli17	A	1	0.3467440546048488	0.03758651912894284	0.04115035905176234	56.0	0.0076366805	0.1	0.200872573	0.03936843909035259	0.047449596	0.0220319005	9.040169801980198	11.353745959744588	4.329342700729926	1.5636551100070972	0.9655172413793104	0.1827394233070112	172.41379310344826	3.7634279935629373	0.004173074487398232	0.00421356232869341	0.039810554148350386	0.01974915121970392	0.01775724741864296
KIC7700968	0.866	0.087664132	0.076557168	1.148	0.055785303	0.050960769	5982.0	75.0	75.0	-0.517	0.204	0.204	NA	NA	NA	NA	4.255	0.029614186	0.030594117	NA	1.73	0.201858942	0.201858942	NA	MS	G	NA	NA	NA	NA	NA	serenelli17	A	1	0.2380461031287954	0.04792930935052289	0.05388265865120059	75.0	0.030104151500000002	0.204	0.201858942	0.05090598400086174	0.08211065000000001	0.053373036	11.668146936416186	21.384926420458534	9.481599307159355	4.649219163763067	1.2537612838515546	0.7075006227967098	-39.45841392649903	3.7768464086952993	0.005411164968002424	0.005479437837518475	-0.06248210798265336	0.041877556793654146	0.04019720624286035
KIC7739672	1.228	0.120154068	0.07324616	1.733	0.055461698	0.050119856	6069.0	55.0	55.0	0.085	0.099	0.099	NA	NA	NA	NA	4.054	0.022847319	0.022847319	NA	4.124	0.348405035	0.348405035	NA	MS	F	NA	NA	NA	NA	NA	serenelli17	A	1	0.6153186566114789	0.03522247111572685	0.038333258353139166	55.0	0.022847319	0.099	0.348405035	0.03677786473443301	0.096700114	0.052790777	8.448230722599417	5.977043656853572	7.874602117263843	3.046207559145989	0.9062448508815291	0.563574716329551	116.47058823529412	3.7831171374904673	0.00391804453575606	0.003953713725968644	0.08919836680514887	0.04054115971075506	0.026708951688220642
KIC7771282	1.321	0.05481788	0.052497619	1.656	0.024041631	0.024041631	6407.0	74.0	74.0	-0.033	0.1	0.1	NA	NA	NA	NA	4.12	0.007211103	0.007211103	NA	4.198	0.356885411	0.356885411	NA	MS	F	NA	NA	NA	NA	NA	serenelli17	A	1	0.6230424342463817	0.035435021487143725	0.03858517091664593	74.0	0.007211103	0.1	0.356885411	0.037010096201894827	0.053657749500000004	0.024041631	8.501319938065745	5.9402207887591825	4.061903822861469	1.4517893115942029	1.1549867332604964	0.17502677184466017	-303.030303030303	3.8066547239918607	0.004987297461290563	0.00504523596454165	0.12090281761452719	0.017658131586043527	0.017611530878069784
KIC7800289	1.486	0.076576759	0.075927597	2.858	0.051224994	0.051855569	6422.0	53.0	53.0	-0.362	0.101	0.101	NA	NA	NA	NA	3.697	0.009219544	0.008485281	NA	12.69	1.035554847	1.035554847	NA	MS	F	NA	NA	NA	NA	NA	serenelli17	A	1	1.1034616220947047	0.034068287466030744	0.036970019718702174	53.0	0.0088524125	0.101	1.035554847	0.03551915359236646	0.076252178	0.0515402815	8.160400685579196	3.21888436182677	5.13137133243607	1.8033688418474458	0.825288072251635	0.23944853935623478	-27.90055248618785	3.8076703012304836	0.003569471522805845	0.0035990523448221623	0.1720188094245565	0.021822551114010602	0.02277739647408722
KIC7833440	1.09	0.057982756	0.057140179	1.654	0.034885527	0.034885527	6327.0	59.0	59.0	-0.467	0.103	0.103	NA	NA	NA	NA	4.038	0.012083046	0.012083046	NA	3.976	0.34656281	0.34656281	NA	MS	F	NA	NA	NA	NA	NA	serenelli17	A	1	0.5994463757252757	0.03629493688308416	0.03960709069678425	59.0	0.012083046	0.103	0.34656281	0.03795101378993421	0.057561467500000005	0.034885527	8.716368460764588	6.331010633606204	5.280868577981651	2.1091612454655384	0.9325114588272483	0.29923343239227335	-22.055674518201283	3.801197834459149	0.004031079744276855	0.004068846662596659	0.037426497940623665	0.022508866575780447	0.023385114559644656
KIC7870112	1.151	0.102552426	0.085146932	1.605	0.076006579	0.073498299	5656.0	79.0	79.0	0.351	0.099	0.099	NA	NA	NA	NA	4.088	0.029427878	0.029427878	NA	2.854	0.249733138	0.249733138	NA	MS	G	NA	NA	NA	NA	NA	serenelli17	A	1	0.45545396877862815	0.03643040434993822	0.039768483983933844	79.0	0.029427878	0.099	0.249733138	0.03809944416693603	0.09384967899999999	0.074752439	8.750285143658024	8.36515801346637	8.153751433536055	4.657472834890966	1.3967468175388968	0.7198600293542075	28.205128205128208	3.752509400788843	0.006024021448443495	0.006108756297281914	0.06107532362979181	0.03706717808398386	0.033377984000178884
KIC7880676	1.436	0.125207827	0.137277092	2.054	0.07738863	0.074886581	6269.0	56.0	56.0	0.048	0.099	0.099	NA	NA	NA	NA	3.96	0.018788294	0.019697716	NA	6.669	0.584602538	0.584602538	NA	MS	F	NA	NA	NA	NA	NA	serenelli17	A	1	0.824060717418653	0.036493037260760364	0.03984314091421992	56.0	0.019243005	0.099	0.584602538	0.03816808908749014	0.1312424595	0.0761376055	8.765969980506823	4.6317083536090164	9.139447040389971	3.7067967624148004	0.8932844153772531	0.4859344696969697	206.25	3.797198269838959	0.0038622600088964454	0.0038969162258442047	0.15715443990628153	0.036306280011659364	0.04363793884351097
KIC7910848	1.274	0.070007142	0.103831594	1.637	0.056462377	0.054626001	6074.0	56.0	56.0	0.11	0.1	0.1	NA	NA	NA	NA	4.111	0.023086793	0.024041631	NA	3.745	0.314117072	0.314117072	NA	MS	F	NA	NA	NA	NA	NA	serenelli17	A	1	0.5734518220354853	0.03497975527105057	0.03804592315478428	56.0	0.023564212	0.1	0.314117072	0.036512839212917425	0.086919368	0.055544189	8.387638771695594	6.367202580909754	6.822556357927787	3.3930475870494807	0.9219624629568653	0.5731990270007299	90.9090909090909	3.7834747875822465	0.00398568693616852	0.0040226041781847854	0.10516942799933163	0.023232148548049558	0.036921059814352924
KIC8012842	1.107	0.069404611	0.067007462	1.305	0.049040799	0.046238512	5849.0	58.0	58.0	0.152	0.1	0.1	NA	NA	NA	NA	4.251	0.023769729	0.023769729	NA	1.931	0.163391808	0.163391808	NA	MS	G	NA	NA	NA	NA	NA	serenelli17	A	1	0.28578227377939475	0.03527565673202537	0.038396268141825396	58.0	0.023769729	0.1	0.163391808	0.036835962436925385	0.06820603650000001	0.0476396555	8.461512584153288	12.88951968566124	6.16134024390244	3.6505483141762456	0.9916224995725765	0.5591561750176429	65.78947368421053	3.7670816213633223	0.004285349494458579	0.004328056429948379	0.0441476208787228	0.026409097207185747	0.02711739765402907
KIC8016496	1.5	0.105550936	0.133809566	2.081	0.109128365	0.100344407	6446.0	73.0	73.0	0.088	0.1	0.1	NA	NA	NA	NA	3.972	0.028160256	0.029154759	NA	6.152	0.590682773	0.590682773	NA	MS	F	NA	NA	NA	NA	NA	serenelli17	A	1	0.7890163267933746	0.03981640085354099	0.04383865811348564	73.0	0.0286575075	0.1	0.590682773	0.041827529483513315	0.11968025099999999	0.104736386	9.60147550390117	5.3012248369439625	7.978683399999999	5.032983469485824	1.132485262178095	0.7214881042296072	113.63636363636364	3.8092903011763157	0.004890679863871039	0.00494638269644998	0.17609125905568124	0.02953282902985427	0.04058001895541519
KIC8019508	1.477	0.057801384	0.063513778	2.61	0.040311289	0.041182521	6211.0	55.0	55.0	0.052	0.1	0.1	NA	NA	NA	NA	3.772	0.009433981	0.009433981	NA	9.85	0.868727966	0.868727966	NA	MS	F	NA	NA	NA	NA	NA	serenelli17	A	1	0.9934362304976118	0.03670701846682001	0.04009837955148898	55.0	0.009433981	0.1	0.868727966	0.038402699009154495	0.060657581	0.040746905	8.81957325888325	3.8656430911442197	4.10680981719702	1.5611840996168582	0.8855256802447271	0.25010554082714737	192.30769230769232	3.793161529245551	0.0038288613001355998	0.0038629180861100565	0.1693804953119495	0.016671686837532257	0.019088915764468917
KIC8027956	1.178	0.053413481	0.055803226	1.728	0.049396356	0.047539457	5967.0	70.0	70.0	0.042	0.1	0.1	NA	NA	NA	NA	4.033	0.016763055	0.016763055	NA	3.431	0.298165152	0.298165152	NA	MS	G	NA	NA	NA	NA	NA	serenelli17	A	1	0.5354207180561734	0.03619089915175033	0.03948321704385099	70.0	0.016763055	0.1	0.298165152	0.03783705809780066	0.0546083535	0.048467906500000005	8.690327951034684	7.0667900628064615	4.635683658743633	2.804855700231482	1.1731188201776437	0.41564728489957836	238.09523809523807	3.775756037844098	0.005065138009375136	0.005124910066291566	0.07114529045108281	0.01925861330483719	0.021076274556298562
KIC8106950	1.054	0.065192024	0.062681736	1.676	0.090443352	0.082873397	6098.0	63.0	63.0	-0.385	0.101	0.101	NA	NA	NA	NA	4.011	0.031064449	0.033060551	NA	3.457	0.313045757	0.313045757	NA	MS	F	NA	NA	NA	NA	NA	serenelli17	A	1	0.5386993795424068	0.03764724172227596	0.04122316283572858	63.0	0.0320625	0.101	0.313045757	0.03943520227900227	0.06393688	0.0866583745	9.055416748625976	7.320446946217042	6.066117647058824	5.170547404534606	1.033125614955723	0.7993642483171279	-26.233766233766236	3.785187420029362	0.004463788764047738	0.004510145595994164	0.022840610876527823	0.02606399558836327	0.026627503203854447
KIC8114155	1.063	0.05964059	0.058821765	1.538	0.054083269	0.051264022	5761.0	60.0	60.0	0.019	0.1	0.1	NA	NA	NA	NA	4.089	0.021587033	0.022561028	NA	2.673	0.237112105	0.237112105	NA	MS	G	NA	NA	NA	NA	NA	serenelli17	A	1	0.42699895875653726	0.036910760691609035	0.040341661537575235	60.0	0.0220740305	0.1	0.237112105	0.038626211114592135	0.059231177499999996	0.052673645500000005	8.870636176580621	9.045973139390185	5.572076904985889	3.4248144018205466	1.0414858531504947	0.5398393372462704	526.3157894736843	3.760497875226527	0.004499724058353749	0.004546834222394658	0.026533264523296733	0.023707475920787008	0.024722460472257873
KIC8150065	1.22	0.044418465	0.055946403	1.408	0.017492856	0.021931712	6265.0	58.0	58.0	-0.033	0.1	0.1	NA	NA	NA	NA	4.227	0.007211103	0.008062258	NA	2.811	0.236825363	0.236825363	NA	MS	F	NA	NA	NA	NA	NA	serenelli17	A	1	0.4488608456074407	0.03512923318273381	0.03822283865963233	58.0	0.0076366805	0.1	0.236825363	0.03667603592118307	0.050182434	0.019712284	8.42495065812878	8.170914500584164	4.113314262295082	1.4000201704545456	0.9257781324820431	0.18066431275136027	-303.030303030303	3.796921075330169	0.004002106483049328	0.004039329944772074	0.08635983067474821	0.015530998780877783	0.020386853500513613
KIC8174981	1.227	0.055803226	0.055	1.984	0.041677332	0.042544095	6065.0	53.0	53.0	-0.099	0.1	0.1	NA	NA	NA	NA	3.932	0.012529964	0.012529964	NA	5.635	0.472254112	0.472254112	NA	MS	F	NA	NA	NA	NA	NA	serenelli17	A	1	0.7508939203821253	0.03495207021197566	0.03801317092182965	53.0	0.012529964	0.1	0.472254112	0.03648262056690266	0.055401613	0.042110713499999994	8.380729582963621	4.858558522931824	4.515208883455583	2.12251580141129	0.8738664468260511	0.31866642929806716	-101.01010101010101	3.782830805202592	0.003778667446067807	0.003811833287721278	0.08884456272700428	0.019315480696717735	0.01991695104493238
KIC8176564	1.174	0.045221676	0.068154237	1.526	0.024083189	0.031622777	6109.0	51.0	51.0	-0.126	0.072111026	0.072111026	NA	NA	NA	NA	4.14	0.00781025	0.01029563	NA	2.746	0.232140295	0.232140295	NA	MS	F	NA	NA	NA	NA	NA	serenelli17	A	1	0.4387005329007363	0.035244619853627424	0.03835949624311952	51.0	0.00905294	0.072111026	0.232140295	0.03680205804837347	0.056687956500000004	0.027852982999999998	8.453761653313911	8.3888792669191	4.828616396933562	1.825228243774574	0.8348338516942216	0.21867004830917877	-57.23097301587301	3.7859701251320095	0.0036105870324161238	0.003640856135172399	0.06966809691159564	0.01641457828103232	0.025973538612969402
KIC8179536	1.289	0.044204072	0.042638011	1.366	0.016401219	0.015620499	6418.0	50.0	50.0	0.031	0.1	0.1	NA	NA	NA	NA	4.276	0.006708204	0.005830952	NA	2.624	0.222979865	0.222979865	NA	MS	F	NA	NA	NA	NA	NA	serenelli17	A	1	0.4189638307036227	0.03542056494690976	0.03856802862963277	50.0	0.006269578	0.1	0.222979865	0.036994296788271264	0.0434210415	0.016010859000000002	8.497708269817073	8.829950004548538	3.368583514352211	1.1720980234260616	0.7790588968526021	0.14662249766136576	322.5806451612903	3.8073997127594854	0.0033702984748780196	0.0033966580298727678	0.110252917353403	0.014643714101058275	0.014608721745128339
KIC8216936	1.378	0.085632938	0.111503363	1.896	0.089693924	0.084599054	6437.0	50.0	50.0	-0.106	0.1	0.1	NA	NA	NA	NA	4.017	0.021095023	0.024083189	NA	9.234	0.780591873	0.780591873	NA	MS	F	NA	NA	NA	NA	NA	serenelli17	A	1	0.9653898702151223	0.03524338487072154	0.038358033177808726	50.0	0.022589106	0.1	0.780591873	0.03680070902426513	0.0985681505	0.087146489	8.453453248862898	3.8120048862812967	7.152986248185778	4.596333808016878	0.7767593599502874	0.562337714712472	-94.33962264150944	3.808683509128969	0.0033603888012576633	0.0033865929709842035	0.13924921757160696	0.026182956835942017	0.03664517665015807
KIC8241455	1.383	0.060876925	0.061619802	2.429	0.049091751	0.048259714	6262.0	66.0	66.0	-0.094	0.099	0.099	NA	NA	NA	NA	3.806	0.012083046	0.012083046	NA	9.402	0.792686091	0.792686091	NA	MS	F	NA	NA	NA	NA	NA	serenelli17	A	1	0.9732202468522337	0.03515361091809188	0.03825170369216324	66.0	0.012083046	0.099	0.792686091	0.03670265730512756	0.0612483635	0.0486757325	8.43103691767709	3.7712591187696707	4.428659689081706	2.0039412309592426	1.0539763653784733	0.3174736205990541	-105.31914893617022	3.7967130632808965	0.004553407208723659	0.004601654193728155	0.14082218010931058	0.01870799576188001	0.01979438585841964
KIC8249189	1.271	0.070092796	0.088814413	1.64	0.080529498	0.076922038	6432.0	65.0	65.0	-0.187	0.1	0.1	NA	NA	NA	NA	4.111	0.027073973	0.029068884	NA	6.48	0.770738566	0.770738566	NA	MS	F	NA	NA	NA	NA	NA	serenelli17	A	1	0.8115750058705934	0.04880724053510099	0.0549950755379357	65.0	0.028071428500000002	0.1	0.770738566	0.05190115803651835	0.0794536045	0.078725768	11.894113672839506	6.3951153819532545	6.251267073170732	4.800351707317073	1.0105721393034826	0.6828369861347605	-53.475935828877006	3.808346035740395	0.004366831024973816	0.004411185876552981	0.10414555055400815	0.0233132790473429	0.03145989035126033
KIC8289241	1.214	0.057384667	0.06685058	1.364	0.043081318	0.042154478	6306.0	52.0	52.0	-0.004	0.1	0.1	NA	NA	NA	NA	4.251	0.019235384	0.019235384	NA	2.682	0.220423645	0.220423645	NA	MS	F	NA	NA	NA	NA	NA	serenelli17	A	1	0.4284587735155801	0.034302029919546506	0.03724546192971401	52.0	0.019235384	0.1	0.220423645	0.03577374592463026	0.062117623500000003	0.042617898	8.218629567486952	8.349402121259027	5.116772940691928	3.124479325513196	0.8246114811290834	0.4524908021641967	-2500.0	3.799753966411886	0.003566557166867934	0.003596089504971367	0.08421868673923877	0.020058282760858456	0.02459869686317994
KIC8298626	1.206	0.056302753	0.063134776	1.378	0.027730849	0.029546573	6211.0	84.0	84.0	0.038	0.099	0.099	NA	NA	NA	NA	4.24	0.0117047	0.012649111	NA	3.33	0.295233576	0.295233576	NA	MS	F	NA	NA	NA	NA	NA	serenelli17	A	1	0.5224442335063199	0.03689176015928297	0.04031896302802079	84.0	0.0121769055	0.099	0.295233576	0.03860536159365188	0.0597187645	0.028638710999999997	8.865873153153153	7.389374619862636	4.951804684908789	2.0782809143686505	1.3524392207374014	0.28719116745283013	260.5263157894737	3.793161529245551	0.005834205198330444	0.005913648913597136	0.08134730780413249	0.019816221579690263	0.023352289941021336
KIC8321567	1.073	0.058412327	0.057628118	1.586	0.034058773	0.034058773	5744.0	58.0	58.0	0.032	0.101	0.101	NA	NA	NA	NA	4.067	0.011401754	0.011401754	NA	2.503	0.230610554	0.230610554	NA	MS	G	NA	NA	NA	NA	NA	serenelli17	A	1	0.39846084960822326	0.03827579292198924	0.041978086057484765	58.0	0.011401754	0.101	0.230610554	0.040126939489737	0.058020222499999996	0.034058773	9.213366120655214	10.07048484918677	5.407290074557316	2.1474636191677177	1.00974930362117	0.28034802065404474	315.62500000000006	3.759214431234244	0.004363293232401588	0.004407575879820769	0.030599721965951066	0.023021184203433395	0.02397458935129715
KIC8360349	1.727	0.11472576	0.11472576	2.656	0.066407831	0.068942005	6258.0	49.0	49.0	0.153	0.099	0.099	NA	NA	NA	NA	3.826	0.01118034	0.012206556	NA	9.716	0.765419364	0.765419364	NA	MS	F	NA	NA	NA	NA	NA	serenelli17	A	1	0.9874875061330929	0.03293259142053795	0.03563629664607326	49.0	0.011693448	0.099	0.765419364	0.034284444033305606	0.11472576	0.067674918	7.8779267599835325	3.4718863601181376	6.643066589461494	2.5480014307228913	0.7829977628635347	0.30563115525352846	64.70588235294117	3.7964355588101744	0.0033872721831453845	0.0034138989641911976	0.2372923375674588	0.027932625000446326	0.029853422437779276
KIC8367710	1.455	0.064443774	0.122772147	2.041	0.033970576	0.055946403	6352.0	66.0	66.0	0.014	0.1	0.1	NA	NA	NA	NA	3.98	0.008062258	0.0117047	NA	6.585	0.565773538	0.565773538	NA	MS	F	NA	NA	NA	NA	NA	serenelli17	A	1	0.8185557792978027	0.03579724503668813	0.039015096157960616	66.0	0.009883479	0.1	0.565773538	0.03740617059732437	0.0936079605	0.044958489500000004	8.591853272589217	4.569776616739939	6.433536804123712	2.202767736403724	1.0390428211586902	0.24832861809045229	714.2857142857142	3.8029104894190398	0.004489223340445658	0.004536112737478337	0.1628629933219261	0.01882164061471231	0.03828448407483363
KIC8408931	1.493	0.074652528	0.073878278	2.866	0.053254108	0.053254108	6252.0	120.0	120.0	-0.124	0.101	0.101	NA	NA	NA	NA	3.697	0.012529964	0.011661904	NA	11.63	1.025257412	1.025257412	NA	MS	F	NA	NA	NA	NA	NA	serenelli17	A	1	1.0655797147284485	0.03669126854490168	0.04007958350415186	120.0	0.012095934	0.101	1.025257412	0.03838542602452677	0.07426540300000001	0.053254108	8.815626930352536	3.6023045009175014	4.974239986604153	1.8581335659455687	1.9193857965451055	0.3271824181769002	-81.45161290322582	3.7960189693471493	0.008256797781944769	0.008416823164811849	0.17405980772502544	0.0211899994147631	0.022040160029531547
KIC8414062	1.3	0.072124892	0.080280757	1.726	0.105304321	0.102459748	6578.0	61.0	61.0	-0.251	0.1	0.1	NA	NA	NA	NA	4.076	0.042107007	0.04110961	NA	3.12	0.281430927	0.281430927	NA	MS	F	NA	NA	NA	NA	NA	serenelli17	A	1	0.4941545940184428	0.03750706213149285	0.04105512731969796	61.0	0.041608308499999996	0.1	0.281430927	0.039281094725595406	0.07620282449999999	0.1038820345	9.020222019230768	7.94915097442752	5.86175573076923	6.0186578505214365	0.9273335360291882	1.0208122791952896	-39.8406374501992	3.8180938691466357	0.004008799500284432	0.0040461481510361	0.11394335230683679	0.023450290724156483	0.027683476753354044
KIC8416311	1.565	0.091438504	0.150479234	2.275	0.076059187	0.087726849	6446.0	60.0	60.0	0.131	0.1	0.1	NA	NA	NA	NA	3.915	0.015297059	0.015297059	NA	8.627	0.726635066	0.726635066	NA	MS	F	NA	NA	NA	NA	NA	serenelli17	A	1	0.9358597980378804	0.0351206237764099	0.038212645334535056	60.0	0.015297059	0.1	0.726635066	0.03666663455547248	0.120958869	0.081893018	8.422801275066652	3.9179623520903006	7.729001214057508	3.5996930989010987	0.930809804529941	0.39072947637292466	76.33587786259541	3.8092903011763157	0.004023757769519243	0.004061386972889824	0.19451434188246727	0.02466097526324204	0.043905014343249144
KIC8424992	0.929	0.047423623	0.047423623	1.052	0.019235384	0.019235384	5807.0	57.0	57.0	-0.127	0.101	0.101	NA	NA	NA	NA	4.362	0.007615773	0.007615773	NA	1.148	0.099757735	0.099757735	NA	MS	G	NA	NA	NA	NA	NA	serenelli17	A	1	0.05994188806195468	0.03618838272818307	0.03948022164192874	57.0	0.007615773	0.101	0.099757735	0.0378343021850559	0.047423623	0.019235384	8.689698170731708	63.11830242309211	5.104803336921421	1.8284585551330799	0.9815739624591011	0.1745936038514443	-79.52755905511812	3.763951826033324	0.00424213559974751	0.004283981343693455	-0.03198428600635821	0.02162256393549214	0.022755769822593717
KIC8493800	1.252	0.057280014	0.063126856	1.482	0.029154759	0.03088689	6241.0	73.0	73.0	0.039	0.1	0.1	NA	NA	NA	NA	4.193	0.012529964	0.013416408	NA	2.704	0.227754039	0.227754039	NA	MS	F	NA	NA	NA	NA	NA	serenelli17	A	1	0.43200668726959834	0.03512084487078243	0.038212907099307025	73.0	0.012973186	0.1	0.227754039	0.03666687598504473	0.060203435	0.0300208245	8.42285647189349	8.48757138848695	4.80858107028754	2.0256966599190283	1.1696843454574588	0.3094010493679943	256.4102564102564	3.7952541825808828	0.005050394975315786	0.005109817537982231	0.09760432887441088	0.019428209601478258	0.02246881218672929
KIC8499940	1.163	0.102156742	0.061717096	1.648	0.040706265	0.036359318	6023.0	58.0	58.0	-0.006	0.1	0.1	NA	NA	NA	NA	4.07	0.014317821	0.012529964	NA	3.065	0.26643273	0.26643273	NA	MS	F	NA	NA	NA	NA	NA	serenelli17	A	1	0.48643047885443386	0.036200569341119315	0.03949472821962874	58.0	0.0134238925	0.1	0.26643273	0.03784764878037403	0.081936919	0.0385327915	8.692748123980424	7.7806902374840865	7.045306878761822	2.338154824029126	0.9629752614975926	0.3298253685503685	-1666.6666666666667	3.7798128631705805	0.004162140242090828	0.004202415164219708	0.06557971472844842	0.036564619454321295	0.023680817315469997
KIC8579578	1.538	0.090338253	0.159154013	2.218	0.050219518	0.072670489	6308.0	45.0	45.0	0.054	0.1	0.1	NA	NA	NA	NA	3.932	0.012041595	0.015	NA	7.653	0.642982127	0.642982127	NA	MS	F	NA	NA	NA	NA	NA	serenelli17	A	1	0.8838317133294524	0.03503609440138311	0.038112588068160425	45.0	0.0135207975	0.1	0.642982127	0.03657434123477177	0.12474613300000001	0.0614450035	8.401700339736053	4.138156696934285	8.110931924577374	2.7702887060414785	0.7133798351299937	0.3438656536113937	185.1851851851852	3.799891684656865	0.003087170678396589	0.0031092729555575183	0.18695633546541224	0.02478828999716362	0.04744057598386389
KIC8656342	1.159	0.112307613	0.073878278	1.621	0.045793013	0.043266615	6074.0	71.0	71.0	-0.05	0.099	0.099	NA	NA	NA	NA	4.085	0.017492856	0.015811388	NA	3.33	0.29975692	0.29975692	NA	MS	F	NA	NA	NA	NA	NA	serenelli17	A	1	0.5224442335063199	0.037433308378975405	0.040966765377510095	71.0	0.016652122	0.099	0.29975692	0.03920003687824275	0.0930929455	0.044529814	9.001709309309309	7.503200220080247	8.032178213977566	2.7470582356570024	1.1689166941060256	0.4076406854345165	-198.0	3.7834747875822465	0.005047099640226538	0.005106444226372631	0.064083435963596	0.040167211730058494	0.02860497867500319
KIC8677016	1.081	0.064007812	0.06226556	1.324	0.032202484	0.031304952	6248.0	75.0	75.0	-0.27	0.101	0.101	NA	NA	NA	NA	4.227	0.013928388	0.013928388	NA	3.585	0.402598294	0.402598294	NA	MS	F	NA	NA	NA	NA	NA	serenelli17	A	1	0.5544891600038189	0.04622224151989274	0.051734161409799806	75.0	0.013928388	0.101	0.402598294	0.04897820146484627	0.063136686	0.031753718	11.230077935843793	8.833031373329092	5.840581498612396	2.3983170694864047	1.2003841229193342	0.32951000709723205	-37.40740740740741	3.7957410208692437	0.005182160943974612	0.005244743902134363	0.03382569395331033	0.024982755776674158	0.025764705504659494
KIC8696343	1.119	0.06105735	0.06105735	1.183	0.034176015	0.03324154	6178.0	65.0	65.0	-0.056	0.099	0.099	NA	NA	NA	NA	4.341	0.018681542	0.019646883	NA	1.909	0.162372778	0.162372778	NA	MS	F	NA	NA	NA	NA	NA	serenelli17	A	1	0.2808059283936668	0.03545233605247189	0.038605703836380484	65.0	0.0191642125	0.099	0.162372778	0.037029019944426186	0.06105735	0.033708777499999995	8.50564578313253	13.186694510421642	5.45642091152815	2.849431741335587	1.0521204273227582	0.4414699953927666	-176.78571428571428	3.7908479039654317	0.0045454309658574665	0.004593508175651628	0.04883008652835004	0.02307302771277593	0.024367960855280302
KIC8738809	1.332	0.043829214	0.041182521	2.163	0.027018512	0.026248809	6058.0	59.0	59.0	0.074	0.1	0.1	NA	NA	NA	NA	3.892	0.00781025	0.007071068	NA	6.269	0.527974582	0.527974582	NA	MS	F	NA	NA	NA	NA	NA	serenelli17	A	1	0.7971982698389589	0.03511737599653186	0.03820880015776984	59.0	0.0074406590000000005	0.1	0.527974582	0.03666308807715085	0.0425058675	0.026633660500000003	8.421990460998565	4.598992429393646	3.1911311936936935	1.2313296578825708	0.9739187850775833	0.19117828879753343	135.13513513513513	3.782329268996837	0.004209211500965537	0.004250407059382066	0.12450422483428228	0.014060302073377912	0.013639387267387226
KIC8776961	1.065	0.053141321	0.051264022	1.676	0.034	0.034	5777.0	72.0	72.0	-0.126	0.1	0.1	NA	NA	NA	NA	4.017	0.008944272	0.009848858	NA	2.977	0.266738426	0.266738426	NA	MS	G	NA	NA	NA	NA	NA	serenelli17	A	1	0.47377883464672477	0.03726699094016628	0.04076762692260738	72.0	0.009396564999999999	0.1	0.266738426	0.03901730893138683	0.0522026715	0.034	8.959974000671817	8.235342332352236	4.901659295774648	2.028639618138425	1.2463216202181062	0.23391996514812044	-79.36507936507937	3.7617023675414125	0.005379253821909735	0.005446718787179172	0.027349607774756507	0.021147089381863625	0.021424747676965818
KIC8802782	1.44	0.15559563	0.077233412	2.359	0.116107709	0.10031949	6089.0	68.0	68.0	0.254	0.1	0.1	NA	NA	NA	NA	3.851	0.023086793	0.024083189	NA	8.073	0.665018024	0.665018024	NA	MS	F	NA	NA	NA	NA	NA	serenelli17	A	1	0.907034952483417	0.03437798371476852	0.03733503546899708	68.0	0.023584991	0.1	0.665018024	0.0358565095918828	0.116414521	0.10821359950000001	8.237557587018456	3.953156324760082	8.084341736111112	4.587265769393811	1.1167679421908359	0.612438094001558	39.37007874015748	3.7845459740545224	0.004823179536959099	0.0048773468473743975	0.15836249209524964	0.044560346103166004	0.023941015001810978
KIC8915084	1.131	0.10511898	0.074202426	1.501	0.043382024	0.037215588	5817.0	60.0	60.0	0.09	0.1	0.1	NA	NA	NA	NA	4.141	0.015264338	0.014422205	NA	2.713	0.229036118	0.229036118	NA	MS	G	NA	NA	NA	NA	NA	serenelli17	A	1	0.4334497937615961	0.03519820629266607	0.03830451705662535	60.0	0.014843271500000001	0.1	0.229036118	0.03675136167464571	0.08966070300000001	0.040298806	8.442171691854035	8.478804743614555	7.927559946949602	2.6847972018654236	1.0314595152140278	0.35844654672784354	111.11111111111111	3.7646990637983677	0.004456626916030881	0.004502834343233619	0.05346260492545529	0.03859766992974524	0.02947079729061815
KIC8938364	1.037	0.048795492	0.049497475	1.376	0.023430749	0.023430749	5965.0	62.0	62.0	-0.18	0.1	0.1	NA	NA	NA	NA	4.176	0.00781025	0.00781025	NA	1.866	0.164602039	0.164602039	NA	MS	G	NA	NA	NA	NA	NA	serenelli17	A	1	0.2709116394104812	0.036713178528449686	0.04010573141119905	62.0	0.00781025	0.1	0.164602039	0.03840945496982437	0.049146483500000004	0.023430749	8.821116773847802	14.177853359643565	4.739294455159113	1.7028160610465117	1.0393964794635373	0.1870270593869732	-55.55555555555556	3.775610448006361	0.00449074346155065	0.00453766478516604	0.01577875638904093	0.019969277832822478	0.021240541617464814
KIC8940939	1.095	0.086313383	0.065802736	1.458	0.056356011	0.048548944	6343.0	58.0	58.0	-0.402	0.1	0.1	NA	NA	NA	NA	4.149	0.014142136	0.014142136	NA	5.227	0.440074512	0.440074512	NA	MS	F	NA	NA	NA	NA	NA	serenelli17	A	1	0.7182525000977505	0.03510642278508924	0.03819583267477189	58.0	0.014142136	0.1	0.440074512	0.036651127729930566	0.0760580595	0.0524524775	8.41925601683566	5.102819374097902	6.945941506849315	3.5975636145404666	0.9143938199590099	0.34085649554109426	-24.87562189054726	3.802294711397464	0.0039531157983265786	0.003989429375487408	0.03941411917613713	0.03295100490089441	0.026915496157145946
KIC8950146	1.237	0.054671748	0.061032778	1.33	0.032202484	0.032202484	6374.0	60.0	60.0	-0.014	0.101	0.101	NA	NA	NA	NA	4.282	0.014317821	0.014317821	NA	2.588	0.214813087	0.214813087	NA	MS	F	NA	NA	NA	NA	NA	serenelli17	A	1	0.4129642719966628	0.034629864653694664	0.03763232725268423	60.0	0.014317821	0.101	0.214813087	0.036131095953189446	0.057852263	0.032202484	8.300351120556414	8.749206263897188	4.676819967663702	2.421239398496241	0.9413241292751804	0.3343722793087342	-721.4285714285716	3.804412059137714	0.0040689974282370756	0.004107481581515415	0.09236969962912069	0.01878246097665831	0.021974482908488968
KIC8952800	1.293	0.066219333	0.063245553	2.014	0.048600412	0.045453273	6122.0	55.0	55.0	0.03	0.1	0.1	NA	NA	NA	NA	3.941	0.01077033	0.01077033	NA	5.939	0.507484631	0.507484631	NA	MS	F	NA	NA	NA	NA	NA	serenelli17	A	1	0.7737133252770216	0.03560962632707154	0.03879231252419446	55.0	0.01077033	0.1	0.507484631	0.037200969425633	0.064732443	0.0470268425	8.5449508503115	4.808107629827043	5.006376102088168	2.3349971449851044	0.8983992159425025	0.27328926668358283	333.33333333333337	3.7868933252613157	0.0038842760763779793	0.003919330317267544	0.11159852488039401	0.02169101825804229	0.021780123163911022
KIC8956017	1.497	0.074652528	0.074652528	1.881	0.077162167	0.072449983	6605.0	86.0	86.0	0.128	0.1	0.1	NA	NA	NA	NA	4.063	0.02433105	0.025317978	NA	5.943	0.482317729	0.482317729	NA	MS	F	NA	NA	NA	NA	NA	serenelli17	A	1	0.7740057302582095	0.033888877938066386	0.03675882234851624	86.0	0.024824514	0.1	0.482317729	0.03532385014329131	0.074652528	0.074806075	8.1157282348982	4.563771140493652	4.9868088176352705	3.97693115364168	1.3020439061317184	0.6109897612601526	78.125	3.819872821950546	0.0056182079288849	0.005691840910359236	0.17522180034305238	0.02113473509279515	0.022216095132114144
KIC9005973	1.122	0.074303432	0.069115845	1.452	0.038483763	0.037576588	6131.0	57.0	57.0	-0.128	0.1	0.1	NA	NA	NA	NA	4.164	0.014317821	0.015231546	NA	2.539	0.214719269	0.214719269	NA	MS	F	NA	NA	NA	NA	NA	serenelli17	A	1	0.40466270087372225	0.035256962665694	0.03837411908269084	57.0	0.0147746835	0.1	0.214719269	0.03681554087419242	0.0717096385	0.0380301755	8.456843993698305	9.0978340219404	6.391233377896613	2.619158092286501	0.9297015168814223	0.3548194884726225	-78.125	3.787531316127234	0.004018988900095888	0.004056528544987614	0.049992856920142645	0.02784849173688056	0.027612266942551474
KIC9049593	1.157	0.089202018	0.097621719	1.414	0.052801515	0.052009614	5788.0	59.0	59.0	0.202	0.1	0.1	NA	NA	NA	NA	4.197	0.019313208	0.019313208	NA	2.614	0.217129481	0.217129481	NA	MS	G	NA	NA	NA	NA	NA	serenelli17	A	1	0.4173055832445255	0.03465414892449603	0.03766100953738749	59.0	0.019313208	0.1	0.217129481	0.03615757923094176	0.0934118685	0.0524055645	8.306407077276207	8.664532822642531	8.073627355229041	3.7061926803394627	1.0193503800967518	0.46016697641172266	49.5049504950495	3.762528522447	0.004404571390284051	0.00444970019738733	0.06333335895174956	0.03225509122935466	0.0382822940132449
KIC9073645	1.373	0.077794601	0.070292247	2.342	0.087664132	0.079649231	6438.0	64.0	64.0	-0.152	0.1	0.1	NA	NA	NA	NA	3.836	0.021377558	0.021377558	NA	8.356	0.740955344	0.740955344	NA	MS	F	NA	NA	NA	NA	NA	serenelli17	A	1	0.921998431308271	0.036897631501655925	0.040325976847303546	64.0	0.021377558	0.1	0.740955344	0.038611804174479736	0.074043424	0.0836566815	8.867344949736715	4.187838380559006	5.392820393299345	3.5720188514090516	0.9940975458216837	0.5572877476538062	-65.78947368421053	3.808750972349595	0.00429599281051285	0.004338913211880957	0.1376705372367551	0.02393539348728077	0.022823539402164472
KIC9093289	1.237	0.055865911	0.068242216	1.448	0.032695565	0.033615473	6285.0	57.0	57.0	-0.011	0.1	0.1	NA	NA	NA	NA	4.207	0.014317821	0.015231546	NA	3.143	0.279932795	0.279932795	NA	MS	F	NA	NA	NA	NA	NA	serenelli17	A	1	0.49734438101758	0.03705399137557691	0.040512838648058935	57.0	0.0147746835	0.1	0.279932795	0.03878341501181792	0.06205406349999999	0.033155519	8.906547725103405	7.798100570165488	5.016496645109134	2.289745787292818	0.9069212410501193	0.3511928571428572	-909.0909090909091	3.7983052820219765	0.003920955669093562	0.003956678125893731	0.09236969962912069	0.019183784932215522	0.02464518331048035
KIC9116461	1.208	0.051107729	0.053712196	1.251	0.029546573	0.029546573	6470.0	47.0	47.0	-0.116	0.1	0.1	NA	NA	NA	NA	4.324	0.012041595	0.013038405	NA	2.402	0.193508831	0.193508831	NA	MS	F	NA	NA	NA	NA	NA	serenelli17	A	1	0.3805730030668873	0.0336495078008589	0.036477336063936494	47.0	0.012539999999999999	0.1	0.193508831	0.0350634219323977	0.0524099625	0.029546573	8.056154496253122	9.213323501623986	4.338573054635761	2.3618363709032777	0.7264296754250387	0.29000925069380207	-86.20689655172413	3.8109042806687006	0.0031434403268990607	0.003166358654600021	0.08206693428511301	0.017995955559587398	0.019752827280485337
KIC9138680	1.416	0.055443665	0.055443665	2.477	0.053712196	0.052801515	5990.0	60.0	60.0	0.129	0.099	0.099	NA	NA	NA	NA	3.8	0.012649111	0.012649111	NA	7.756	0.670259577	0.670259577	NA	MS	G	NA	NA	NA	NA	NA	serenelli17	A	1	0.8896378004066677	0.035997033344795315	0.03925256193866755	60.0	0.012649111	0.099	0.670259577	0.03762479764173143	0.055443665	0.0532568555	8.641820229499743	4.229226503699881	3.915513064971752	2.1500547234557934	1.001669449081803	0.33287134210526315	76.74418604651163	3.7774268223893115	0.004328552263157537	0.00437212902504891	0.15106325335375018	0.016680386205917275	0.017346724530797247
KIC9143749	1.151	0.057428216	0.062433965	1.708	0.046518813	0.045617979	6075.0	76.0	76.0	-0.122	0.101	0.101	NA	NA	NA	NA	4.033	0.014866069	0.014866069	NA	3.896	0.337951413	0.337951413	NA	MS	F	NA	NA	NA	NA	NA	serenelli17	A	1	0.5906189482065779	0.03612692172927978	0.03940707390164	76.0	0.014866069	0.101	0.337951413	0.03776699781545989	0.0599310905	0.046068396	8.674317582135522	6.3944778490666225	5.206871459600348	2.697212880562061	1.2510288065843622	0.36861068683362264	-82.78688524590166	3.7835462822703496	0.005399444753398264	0.005467420332894601	0.06107532362979181	0.021145533578897417	0.024220544119249378
KIC9163769	1.315	0.061619802	0.058694122	1.537	0.038013156	0.037121422	6438.0	100.0	100.0	0.049	0.1	0.1	NA	NA	NA	NA	4.183	0.016763055	0.016763055	NA	3.949	0.322075477	0.322075477	NA	MS	F	NA	NA	NA	NA	NA	serenelli17	A	1	0.5964871337365442	0.034050112463161475	0.036948615814141106	100.0	0.016763055	0.1	0.322075477	0.03549936413865129	0.060156962	0.037567289000000004	8.15587432261332	5.9514048385711895	4.57467391634981	2.444195770982434	1.5532774153463809	0.4007424097537652	204.0816326530612	3.808750972349595	0.006693943894755083	0.006798737495313123	0.11892575282577665	0.019888259549774315	0.019830361072264144
KIC9202077	1.444	0.091416629	0.167764716	1.981	0.055226805	0.070491134	6119.0	70.0	70.0	0.148	0.1	0.1	NA	NA	NA	NA	3.999	0.015	0.017492856	NA	5.599	0.476347427	0.476347427	NA	MS	F	NA	NA	NA	NA	NA	serenelli17	A	1	0.7481104674949838	0.03546065120574993	0.03861556520941145	70.0	0.016246428	0.1	0.476347427	0.03703810820758069	0.1295906725	0.0628589695	8.50772328987319	4.950887578354735	8.9744233033241	3.1730928571428567	1.1439777741461024	0.40626226556639156	67.56756756756756	3.7866804531966487	0.0049400294961654545	0.004996868689298051	0.15956719323362029	0.02665904659578111	0.05363644586789369
KIC9204313	1.018	0.061854668	0.058600341	1.508	0.033837849	0.033015148	5853.0	57.0	57.0	-0.158	0.1	0.1	NA	NA	NA	NA	4.088	0.012206556	0.012206556	NA	2.117	0.182898403	0.182898403	NA	MS	G	NA	NA	NA	NA	NA	serenelli17	A	1	0.325720858019412	0.03598779365425869	0.039241574488777575	57.0	0.012206556	0.1	0.182898403	0.037614684071518134	0.0602275045	0.0334264985	8.63950888049126	11.54813489692957	5.916257809430255	2.2166113063660475	0.97385955920041	0.29859481409001953	-63.291139240506325	3.7673785241141804	0.004208956767075112	0.004250147315043584	0.007747778000739948	0.025617531992932527	0.025748218232384067
KIC9225600	1.425	0.072917762	0.077794601	1.84	0.044102154	0.044102154	6262.0	56.0	56.0	0.219	0.1	0.1	NA	NA	NA	NA	4.061	0.012369317	0.012369317	NA	4.758	0.411033864	0.411033864	NA	MS	F	NA	NA	NA	NA	NA	serenelli17	A	1	0.6774244377012474	0.0359849396783144	0.039238180764521347	56.0	0.012369317	0.1	0.411033864	0.03761156022141787	0.07535618150000001	0.044102154	8.63879495586381	5.552141040120705	5.288153087719299	2.3968561956521737	0.8942829766847652	0.30458795863087906	45.662100456621005	3.7967130632808965	0.00386655828823379	0.0039012920327494705	0.153814864344529	0.021673106235204992	0.024381049726358628
KIC9266926	0.956	0.053535035	0.052697249	1.47	0.03671512	0.035846897	5971.0	63.0	63.0	-0.387	0.099	0.099	NA	NA	NA	NA	4.083	0.012083046	0.012083046	NA	2.318	0.198602337	0.198602337	NA	MS	G	NA	NA	NA	NA	NA	serenelli17	A	1	0.3651134316275772	0.035701163940360436	0.038900980512153516	63.0	0.012083046	0.099	0.198602337	0.037301072226256976	0.053116142000000005	0.0362810085	8.567831622088006	10.216296908053714	5.55608179916318	2.468095816326531	1.0550996483001172	0.2959354886113152	-25.58139534883721	3.7760470711817797	0.0045582346571899635	0.0046065845418676865	-0.019542107723899943	0.023663503062151554	0.024624559401919828
KIC9287845	1.589	0.090603532	0.147627911	2.313	0.093920179	0.092973114	6488.0	62.0	62.0	0.131	0.1	0.1	NA	NA	NA	NA	3.905	0.022203603	0.023194827	NA	8.928	0.762176079	0.762176079	NA	MS	F	NA	NA	NA	NA	NA	serenelli17	A	1	0.9507541815935036	0.03557748704067876	0.03875417056230923	62.0	0.022699215000000002	0.1	0.762176079	0.037165828801493994	0.1191157215	0.09344664650000001	8.536918447580643	3.9090891758374933	7.496269446192573	4.040062537829658	0.9556103575832305	0.5812859154929578	76.33587786259541	3.8121108412030997	0.004130458788683455	0.004170119987600529	0.20112389720737955	0.024082882027453928	0.042347789162495125
KIC9289275	1.349	0.06726812	0.065299311	1.767	0.026870058	0.026870058	6227.0	48.0	48.0	0.092	0.1	0.1	NA	NA	NA	NA	4.073	0.008485281	0.009219544	NA	4.012	0.34263304	0.34263304	NA	MS	F	NA	NA	NA	NA	NA	serenelli17	A	1	0.6033609243483805	0.03559063903254578	0.03876977821416272	48.0	0.0088524125	0.1	0.34263304	0.03718020862335425	0.0662837155	0.026870058	8.540205383848456	6.162183715080363	4.913544514455152	1.5206597623089981	0.7708366789786414	0.2173437883623864	108.69565217391305	3.7942788657214	0.0033348644316757436	0.0033606705068218723	0.13001194967190424	0.021133529680164048	0.021548175369596148
KIC9292130	1.347	0.060876925	0.0595483	2.176	0.052697249	0.050219518	6176.0	52.0	52.0	0.049	0.1	0.1	NA	NA	NA	NA	3.891	0.0117047	0.0117047	NA	6.423	0.541940302	0.541940302	NA	MS	F	NA	NA	NA	NA	NA	serenelli17	A	1	0.8077379220141008	0.03517947633050589	0.03828233411344195	52.0	0.0117047	0.1	0.541940302	0.03673090522197392	0.0602126125	0.051458383499999996	8.43749497119726	4.5473790719624905	4.470127134372681	2.3648154181985293	0.8419689119170984	0.3008147005911077	204.0816326530612	3.7907072873276797	0.0036413165684030524	0.003672105301456341	0.12936759572298562	0.01919709521265614	0.019636650683113432
KIC9328372	1.464	0.070604532	0.069028979	1.781	0.070519501	0.065787537	6572.0	80.0	80.0	0.16	0.1	0.1	NA	NA	NA	NA	4.101	0.02433105	0.025317978	NA	6.039	0.521100979	0.521100979	NA	MS	F	NA	NA	NA	NA	NA	serenelli17	A	1	0.7809650296083169	0.03594549487175813	0.039191281095407815	80.0	0.024824514	0.1	0.521100979	0.037568387983582974	0.0698167555	0.068153519	8.628928282828284	4.810508353034056	4.76890406420765	3.8266995508141495	1.2172854534388313	0.6053283101682516	62.5	3.8176975547630243	0.005254685784457536	0.005319043608829954	0.16554107672237306	0.020455399704367216	0.020975891012767006
KIC9390670	1.37	0.071505245	0.069526973	1.711	0.06946222	0.064884513	6246.0	50.0	50.0	0.195	0.1	0.1	NA	NA	NA	NA	4.107	0.024186773	0.025179357	NA	4.782	0.397738991	0.397738991	NA	MS	F	NA	NA	NA	NA	NA	serenelli17	A	1	0.679609571779756	0.034698304254207946	0.03771317060221713	50.0	0.024683065	0.1	0.397738991	0.03620573742821254	0.070516109	0.0671733665	8.31741930154747	5.327431944991187	5.147161240875912	3.925971157218001	0.8005123278898495	0.600999878256635	51.28205128205128	3.7956019798941796	0.003462739456828512	0.0034905708070112063	0.1367205671564068	0.022095659776223242	0.02261921819586582
KIC9394953	1.205	0.059033889	0.05375872	1.746	0.039357337	0.034985711	6018.0	65.0	65.0	0.076	0.1	0.1	NA	NA	NA	NA	4.034	0.014422205	0.013601471	NA	3.682	0.317461914	0.317461914	NA	MS	F	NA	NA	NA	NA	NA	serenelli17	A	1	0.5660837841679959	0.03591778128496281	0.03915833536170854	65.0	0.014011838	0.1	0.317461914	0.03753805832333568	0.0563963045	0.037171524	8.621996577946769	6.631184176827712	4.680191244813278	2.128953264604811	1.080093054170821	0.3473435299950422	131.57894736842107	3.7794521834040617	0.004665633058861474	0.004716300852308564	0.08098704691088722	0.020771670713012072	0.019820693228001007
KIC9414417	1.399	0.073736016	0.075239617	1.917	0.036687873	0.038910153	6278.0	52.0	52.0	-0.049	0.072111026	0.072111026	NA	NA	NA	NA	4.018	0.009433981	0.01	NA	5.158	0.428564138	0.428564138	NA	MS	F	NA	NA	NA	NA	NA	serenelli17	A	1	0.7124813378019187	0.03466345135929305	0.03767199762056661	52.0	0.0097169905	0.072111026	0.428564138	0.03616772448992983	0.0744878165	0.037799013000000006	8.308726987204341	5.076304819647787	5.324361436740529	1.9717794992175277	0.8282892640968461	0.24183649825783973	-147.16535918367344	3.797821311364024	0.003582398653331431	0.0036121950175274087	0.14581771449182765	0.022307193200115677	0.024008334946128626
KIC9446628	1.213	0.0718401	0.075742986	1.893	0.091923882	0.086406018	6298.0	59.0	59.0	-0.268	0.101	0.101	NA	NA	NA	NA	3.965	0.029274562	0.030265492	NA	5.317	0.439688713	0.439688713	NA	MS	F	NA	NA	NA	NA	NA	serenelli17	A	1	0.7256666603141786	0.03450608575004721	0.03748618565102302	59.0	0.029770027	0.101	0.439688713	0.035996135700535115	0.073791543	0.08916494999999999	8.269488677825843	4.960422969542314	6.083391838417147	4.710245641838352	0.9368053350269927	0.7508203530895334	-37.68656716417911	3.7992026563005252	0.004049555129931992	0.004087670670161803	0.08386080086657301	0.02498828165781808	0.02800217685756544
KIC9451741	1.124	0.078517514	0.079208585	1.291	0.054644304	0.052201533	5835.0	68.0	68.0	0.206	0.1	0.1	NA	NA	NA	NA	4.266	0.019104973	0.020099751	NA	1.99	0.166780593	0.166780593	NA	MS	G	NA	NA	NA	NA	NA	serenelli17	A	1	0.29885307640970665	0.034952890623315025	0.03801414142686044	68.0	0.019602361999999998	0.1	0.166780593	0.03648351602508773	0.0788630495	0.0534229185	8.380934321608041	12.20784355422575	7.016285542704626	4.138103679318358	1.1653813196229648	0.45950215658696664	48.54368932038835	3.766040860381389	0.0050319228398056914	0.005090908970491803	0.05076631123304232	0.029325099116914853	0.03173671586391684
KIC9455860	1.385	0.072249567	0.065115282	1.678	0.051078371	0.048332184	6716.0	59.0	59.0	-0.051	0.1	0.1	NA	NA	NA	NA	4.129	0.018973666	0.019924859	NA	5.166	0.422130072	0.422130072	NA	MS	F	NA	NA	NA	NA	NA	serenelli17	A	1	0.7131544018372984	0.034112104569485546	0.037021629222720676	59.0	0.0194492625	0.1	0.422130072	0.03556686689610311	0.0686824245	0.0497052775	8.171313821138211	4.987260375098612	4.959019819494585	2.9621738676996423	0.878499106611078	0.4710405061758296	-196.07843137254903	3.827110687466011	0.0037986120804323065	0.0038321305143402817	0.14144977340046735	0.02208416154689885	0.020913772893752375
KIC9457728	1.194	0.063411355	0.065946948	1.822	0.035383612	0.036124784	6390.0	49.0	49.0	-0.161	0.072111026	0.072111026	NA	NA	NA	NA	3.993	0.010630146	0.010630146	NA	5.208	0.437591644	0.437591644	NA	MS	F	NA	NA	NA	NA	NA	serenelli17	A	1	0.7166709755601356	0.035038486070246844	0.038115418497668196	49.0	0.010630146	0.072111026	0.437591644	0.03657695228395752	0.0646791515	0.035754198	8.402297311827958	5.1037300980927425	5.417014363484088	1.9623599341383096	0.7668231611893583	0.26621953418482347	-44.78945714285714	3.8055008581584002	0.003317566933723981	0.0033431049714387484	0.07700432679335026	0.022473051116456574	0.02467480192523005
KIC9458636	1.204	0.116811814	0.060827625	1.735	0.06306346	0.056938563	6220.0	56.0	56.0	-0.059	0.1	0.1	NA	NA	NA	NA	4.043	0.016278821	0.018248288	NA	4.007	0.342379248	0.342379248	NA	MS	F	NA	NA	NA	NA	NA	serenelli17	A	1	0.6028193424326997	0.03560793557815256	0.03879030583917498	56.0	0.0172635545	0.1	0.342379248	0.03719912070866377	0.0888197195	0.0600010115	8.544528275517845	6.170857185594832	7.377053114617941	3.458271556195965	0.9003215434083601	0.4269986272569874	-169.49152542372883	3.7937903846908188	0.0038925502240805265	0.003927754644437176	0.08062648692180573	0.040214457896879954	0.022514765829253235
KIC9468847	1.17	0.057982756	0.057982756	1.796	0.052801515	0.051894123	6064.0	52.0	52.0	-0.109	0.1	0.1	NA	NA	NA	NA	3.998	0.017088007	0.017088007	NA	4.292	0.374219825	0.374219825	NA	MS	F	NA	NA	NA	NA	NA	serenelli17	A	1	0.6326597132939135	0.036305481201473144	0.03961964903253923	52.0	0.017088007	0.1	0.374219825	0.037962565117006186	0.057982756	0.052347819000000004	8.719008038210625	6.000471393911878	4.955791111111112	2.9146892538975506	0.8575197889182058	0.4274138819409704	-91.74311926605505	3.782759192623997	0.00370828411628521	0.003740220709126607	0.06818586174616162	0.021006406503101357	0.02207433986345024
KIC9512063	1.158	0.049929951	0.050774009	2.053	0.036069378	0.03748333	5977.0	58.0	58.0	-0.332	0.102	0.102	NA	NA	NA	NA	3.876	0.006708204	0.006708204	NA	4.637	0.403547098	0.403547098	NA	MS	G	NA	NA	NA	NA	NA	serenelli17	A	1	0.6662370958958044	0.036240581174209474	0.03954236337317607	58.0	0.006708204	0.102	0.403547098	0.03789147227369277	0.050351980000000005	0.036776354	8.70276251886996	5.687385542941724	4.348184801381693	1.7913470043838284	0.9703864815124644	0.17307027863777089	-30.722891566265055	3.7764832558336816	0.004194018599686267	0.004234915861828004	0.06370855939141737	0.01833319047627592	0.019472287539397795
KIC9542776	1.385	0.084864598	0.080659779	2.475	0.153388396	0.13689412	6343.0	87.0	87.0	-0.157	0.101	0.101	NA	NA	NA	NA	3.791	0.035510562	0.03748333	NA	11.52	1.024578719	1.024578719	NA	MS	F	NA	NA	NA	NA	NA	serenelli17	A	1	1.0614524790871933	0.03700360202092967	0.04045260345399382	87.0	0.036496946	0.101	1.024578719	0.038728102737461745	0.0827621885	0.145141258	8.893912491319444	3.648595062000926	5.9756092779783385	5.864293252525251	1.3715907299385148	0.9627260881034029	-64.33121019108282	3.802294711397464	0.00591626152675806	0.005997971345672148	0.14144977340046735	0.025827556551895864	0.02605888688870958
KIC9579208	1.204	0.063513778	0.051662365	1.781	0.034132096	0.027658633	6422.0	56.0	56.0	-0.17	0.072111026	0.072111026	NA	NA	NA	NA	4.017	0.01118034	0.008602325	NA	4.92	0.408637299	0.408637299	NA	MS	F	NA	NA	NA	NA	NA	serenelli17	A	1	0.6919651027673603	0.034651057630497695	0.03765735819887517	56.0	0.009891332499999999	0.072111026	0.408637299	0.03615420791468643	0.057588071500000004	0.0308953645	8.305636158536586	5.2248600066818005	4.7830624169435225	1.734720072992701	0.8720024914356899	0.24623680607418466	-42.41825058823529	3.8076703012304836	0.0037706424436745323	0.0038036669454992733	0.08062648692180573	0.022326201933153447	0.019046740878399554
KIC9641837	1.304	0.058728187	0.056727418	2.193	0.046400431	0.04482187	6270.0	51.0	51.0	-0.161	0.1	0.1	NA	NA	NA	NA	3.871	0.01118034	0.01118034	NA	6.06	0.546385001	0.546385001	NA	MS	F	NA	NA	NA	NA	NA	serenelli17	A	1	0.7824726241662862	0.03749125535224207	0.041036186960802024	51.0	0.01118034	0.1	0.546385001	0.03926372115652205	0.0577278025	0.0456111505	9.016254141914192	5.017903495135949	4.426978719325153	2.0798518239854085	0.8133971291866029	0.28882304314130713	-62.11180124223603	3.7972675408307164	0.0035182494970462663	0.003546984017193111	0.11527759139590141	0.019131647668278406	0.01931621576667504
KIC9664694	1.252	0.052430907	0.05745433	2.293	0.057706152	0.059481089	6080.0	55.0	55.0	-0.272	0.1	0.1	NA	NA	NA	NA	3.813	0.012165525	0.012165525	NA	8.512	0.725162236	0.725162236	NA	MS	F	NA	NA	NA	NA	NA	serenelli17	A	1	0.930031614950973	0.035506956427741154	0.03867048853189514	55.0	0.012165525	0.1	0.725162236	0.03708872247981815	0.0549426185	0.0585936205	8.519293186090223	3.987899108330129	4.388388059105432	2.5553257959005666	0.9046052631578947	0.31905389457120376	-36.76470588235294	3.783903579272735	0.00391098779028809	0.003946528025829288	0.09760432887441088	0.017816751492974195	0.02040157047722785
KIC9693187	0.986	0.053254108	0.050803543	1.423	0.028319605	0.027586228	5790.0	55.0	55.0	-0.164	0.1	0.1	NA	NA	NA	NA	4.125	0.008602325	0.008602325	NA	2.982	0.268050525	0.268050525	NA	MS	G	NA	NA	NA	NA	NA	serenelli17	A	1	0.4745076391169758	0.03738247341824863	0.04090588088277425	55.0	0.008602325	0.1	0.268050525	0.03914417715051144	0.0520288255	0.0279529165	8.98895120724346	8.24943034075403	5.27675715010142	1.9643651791988757	0.9499136442141624	0.2085412121212121	-60.97560975609756	3.762678563727436	0.004105951770422944	0.004145141490149662	-0.0061230850587887945	0.022844834934857422	0.022974062112774054
KIC9697131	1.436	0.058137767	0.063560994	1.922	0.028301943	0.03088689	6491.0	69.0	69.0	0.11	0.072111026	0.072111026	NA	NA	NA	NA	4.027	0.008544004	0.008544004	NA	5.503	0.44698172	0.44698172	NA	MS	F	NA	NA	NA	NA	NA	serenelli17	A	1	0.7405995128111565	0.03391611864590993	0.036790877345218465	69.0	0.008544004	0.072111026	0.44698172	0.0353534979955642	0.060849380499999994	0.029594416499999998	8.122509903688897	4.773632359190991	4.237422040389972	1.5397719302809572	1.063010321984286	0.21216796622796125	65.55547818181817	3.812311609131124	0.004592230244536477	0.0046413079006404345	0.15715443990628153	0.017236203549955004	0.01966138729143152
KIC9700430	1.221	0.06726812	0.090917545	1.511	0.045177428	0.046957428	6111.0	90.0	90.0	0.024	0.1	0.1	NA	NA	NA	NA	4.164	0.015524175	0.016492423	NA	2.801	0.24181609	0.24181609	NA	MS	F	NA	NA	NA	NA	NA	serenelli17	A	1	0.44731310882356823	0.03596259525597528	0.03921161221804759	90.0	0.016008299	0.1	0.24181609	0.037587103737011435	0.0790928325	0.046067428	8.633205640842556	8.402862110584099	6.47770945945946	3.048803970880212	1.4727540500736378	0.3844452209414025	416.6666666666667	3.7861122837198264	0.006349447627124416	0.0064436565126784195	0.0867156639448825	0.023290595754632853	0.03360553157202243
KIC9702369	1.281	0.050209561	0.048104054	1.379	0.018384776	0.018384776	6431.0	50.0	50.0	0.03	0.1	0.1	NA	NA	NA	NA	4.266	0.006708204	0.006708204	NA	2.29	0.201882888	0.201882888	NA	MS	F	NA	NA	NA	NA	NA	serenelli17	A	1	0.359835482339888	0.03669214541830529	0.040080629930608735	50.0	0.006708204	0.1	0.201882888	0.03838638767445701	0.0491568075	0.018384776	8.815846637554586	10.667760562366825	3.8373776346604216	1.3331962291515589	0.7774840615767377	0.15724810126582278	333.33333333333337	3.808278509582768	0.0033635118703831957	0.0033897649603766844	0.10754912974468628	0.016697298398649738	0.016622705204869734
KIC9702752	1.188	0.042201896	0.044654227	1.701	0.025	0.025806976	5770.0	62.0	62.0	0.265	0.1	0.1	NA	NA	NA	NA	4.051	0.009219544	0.009219544	NA	2.656	0.233806485	0.233806485	NA	MS	G	NA	NA	NA	NA	NA	serenelli17	A	1	0.4242280706959799	0.036640690638234885	0.04001923364807314	62.0	0.009219544	0.1	0.233806485	0.03832996214315401	0.043428061500000004	0.025403488000000002	8.80295500753012	9.035225340056035	3.6555607323232326	1.4934443268665492	1.074523396880416	0.22758686744013823	37.73584905660377	3.7611758131557314	0.004641702154186689	0.004691848713122226	0.07481644064517472	0.015159951382257605	0.01663885014783905
KIC9754284	1.276	0.062801274	0.081215762	1.621	0.029832868	0.034669872	6182.0	54.0	54.0	0.025	0.1	0.1	NA	NA	NA	NA	4.123	0.012041595	0.013601471	NA	3.351	0.281864612	0.281864612	NA	MS	F	NA	NA	NA	NA	NA	serenelli17	A	1	0.5251744278352715	0.03507478523335128	0.038158381057270874	54.0	0.012821533	0.1	0.281864612	0.03661658314531108	0.072008518	0.03225137	8.411358161742763	6.972270774158181	5.643300783699059	1.9895971622455275	0.8735037204788094	0.3109758185787048	400.0	3.791129000727286	0.003777105789517954	0.003810244102738558	0.10585067438514352	0.02086544257435359	0.028561189775765133
KIC9778067	1.189	0.065946948	0.067475922	1.998	0.065368188	0.064498062	6433.0	90.0	90.0	-0.529	0.102	0.102	NA	NA	NA	NA	3.911	0.018248288	0.019235384	NA	5.769	0.486377409	0.486377409	NA	MS	F	NA	NA	NA	NA	NA	serenelli17	A	1	0.7611005389581423	0.035152978380886823	0.03825095467684614	90.0	0.018741836	0.102	0.486377409	0.03670196652886648	0.066711435	0.064933125	8.430878991159645	4.822223168979381	5.610717830109335	3.2499061561561557	1.399036219493238	0.4792082843262593	-19.28166351606805	3.8084135514003683	0.006033827122119195	0.006118840002904413	0.0751818546186916	0.02344351209250803	0.025373252731551332
KIC9787965	1.31	0.084599054	0.083528438	2.062	0.0846286	0.078243211	6200.0	65.0	65.0	0.001	0.1	0.1	NA	NA	NA	NA	3.926	0.019104973	0.020099751	NA	7.654	0.783754292	0.783754292	NA	MS	F	NA	NA	NA	NA	NA	serenelli17	A	1	0.8838884578884805	0.04233841665557547	0.04691618840966494	65.0	0.019602361999999998	0.1	0.783754292	0.044627302532620206	0.084063746	0.08143590549999999	10.2398	5.04897446440587	6.417079847328243	3.9493649612027157	1.0483870967741935	0.49929602649006616	10000.0	3.792391689498254	0.004529385831915089	0.004577122435230674	0.11727129565576427	0.02717807061775357	0.028613812913326667
KIC9791157	1.186	0.049244289	0.05758472	1.952	0.037696154	0.039560081	5852.0	63.0	63.0	-0.047	0.1	0.1	NA	NA	NA	NA	3.929	0.011661904	0.011661904	NA	4.555	0.407819357	0.407819357	NA	MS	G	NA	NA	NA	NA	NA	serenelli17	A	1	0.658488381309017	0.03724008617404495	0.04073542852289713	63.0	0.011661904	0.1	0.407819357	0.03898775734847104	0.0534145045	0.0386281175	8.953224083424809	5.920796547839889	4.503752487352445	1.9788994620901643	1.076555023923445	0.29681608551794353	-212.7659574468085	3.767304317453273	0.004650431510675901	0.00470076788646967	0.07408468902824378	0.017668165630745733	0.021615730673988365
KIC9821513	1.291	0.068622154	0.096041658	1.775	0.056035703	0.059363288	6550.0	65.0	65.0	-0.307	0.101	0.101	NA	NA	NA	NA	4.048	0.014142136	0.013152946	NA	5.837	0.488221059	0.488221059	NA	MS	F	NA	NA	NA	NA	NA	serenelli17	A	1	0.76618969331016	0.03488601488176357	0.03793504394528513	65.0	0.013647541	0.101	0.488221059	0.03641052941352435	0.08233190600000001	0.0576994955	8.364246342299127	4.752155991060175	6.377374593338498	3.250675802816902	0.9923664122137404	0.3371428112648221	-32.899022801302934	3.816241299991783	0.004288548531736769	0.004331319571684311	0.11092624226642028	0.02249199019768014	0.03357347686082242
KIC9880787	1.168	0.053712196	0.055470713	2.014	0.038910153	0.039812058	6074.0	56.0	56.0	-0.314	0.102	0.102	NA	NA	NA	NA	3.896	0.01029563	0.01029563	NA	5.216	0.446910122	0.446910122	NA	MS	F	NA	NA	NA	NA	NA	serenelli17	A	1	0.7173375827238638	0.03570208611982939	0.03890207552345648	56.0	0.01029563	0.102	0.446910122	0.037302080821642936	0.0545914545	0.0393611055	8.568062154907976	5.200073399193726	4.673925898972603	1.9543746524329695	0.9219624629568653	0.26426155030800824	-32.48407643312102	3.7834747875822465	0.00398568693616852	0.0040226041781847854	0.06744284277638066	0.019526066558690908	0.021131390300871557
KIC9962623	0.987	0.08475848	0.076321688	1.395	0.042154478	0.040311289	5913.0	166.0	166.0	-0.207	0.101	0.101	NA	NA	NA	NA	4.143	0.016155494	0.015231546	NA	2.079	0.180289342	0.180289342	NA	MS	G	NA	NA	NA	NA	NA	serenelli17	A	1	0.3178544893314692	0.03611736424810985	0.0393957011126449	166.0	0.01569352	0.101	0.180289342	0.037756532680377375	0.080540084	0.0412328835	8.671926022126021	11.87855888390603	8.160089564336372	2.9557622580645164	2.8073735836292912	0.3787960415158098	-48.79227053140097	3.771807878999106	0.012024264385335215	0.012366681865408236	-0.005682847330363273	0.03577977576461912	0.0349521587871945
KIC9965715	1.245	0.073006849	0.073006849	1.3	0.037336309	0.037336309	7030.0	405.0	405.0	-0.404	0.1	0.1	NA	NA	NA	NA	4.304	0.015	0.01421267	NA	2.585	0.225418203	0.225418203	NA	MS	F	NA	NA	NA	NA	NA	serenelli17	A	1	0.4124605474299613	0.036310402276315046	0.03962551028585487	405.0	0.014606335	0.1	0.225418203	0.03796795628108496	0.073006849	0.037336309	8.720239961315281	9.20523345024464	5.864003935742971	2.872023769230769	5.761024182076814	0.3393665195167286	-24.75247524752475	3.846955325019824	0.024325647838149056	0.02576944241097845	0.09516935143175519	0.02474831563593098	0.026244277711797465
KIC10514430	1.059	0.04	0.021	1.59	0.015	0.018	5784.0	98.0	98.0	-0.114	0.072111026	0.072111026	NA	NA	NA	NA	4.061	0.004	0.004	NA	2.634	0.151	0.124	NA	MS	G	NA	NA	NA	NA	NA	silva15	A	1	0.420615770625765	0.024209428883982642	0.020942049144726915	98.0	0.004	0.072111026	0.1375	0.02257573901435478	0.0305	0.0165	5.220197418375096	5.367306837013755	2.8800755429650615	1.0377358490566038	1.69432918395574	0.09849790691947796	-63.255285964912275	3.7622282842864743	0.007296735884576133	0.007421428932051111	0.024895960107484977	0.01610173231600558	0.008698606595045916
KIC10586004	1.178	0.021	0.03	1.653	0.009	0.012	5770.0	83.0	83.0	0.256	0.072111026	0.072111026	NA	NA	NA	NA	4.071	0.005	0.005	NA	2.749	0.151	0.155	NA	MS	G	NA	NA	NA	NA	NA	silva15	A	1	0.4391747398434685	0.023223258055487583	0.02520476809540717	83.0	0.005	0.072111026	0.153	0.024214013075447377	0.025500000000000002	0.010499999999999999	5.565660240087304	5.513525910911402	2.1646859083191856	0.6352087114337567	1.438474870017331	0.12281994595922378	28.168369531249997	3.7611758131557314	0.0062027109584490425	0.006292584903563991	0.07114529045108281	0.007673892647765815	0.011203402389128127
KIC10666592	1.497	0.042	0.04	1.986	0.018	0.015	6350.0	80.0	80.0	0.203	0.072111026	0.072111026	NA	NA	NA	NA	4.017	0.007	0.009	NA	5.754	0.304	0.322	NA	MS	F	NA	NA	NA	NA	NA	silva15	A	1	0.7599698575543072	0.02235941144252973	0.025010096281862015	80.0	0.008	0.072111026	0.313	0.023684753862195873	0.041	0.0165	5.439694125825513	3.116538587256188	2.7388109552438213	0.8308157099697886	1.2598425196850394	0.19915359721184964	35.52267290640393	3.8027737252919755	0.0054372476322464	0.005506184461259167	0.17522180034305238	0.012016819488426367	0.011762248573062212
KIC11133306	1.059	0.04	0.03	1.189	0.012	0.012	5982.0	82.0	82.0	-0.025	0.072111026	0.072111026	NA	NA	NA	NA	4.314	0.004	0.007	NA	1.628	0.092	0.079	NA	MS	G	NA	NA	NA	NA	NA	silva15	A	1	0.2116544005531824	0.02387404635436649	0.021602982793976433	82.0	0.0055	0.072111026	0.08549999999999999	0.02273851457417146	0.035	0.012	5.2518427518427515	10.743227882218283	3.305004721435317	1.009251471825063	1.3707790036776997	0.1274918868799258	-288.444104	3.7768464086952993	0.005912783928697873	0.005994397053155076	0.024895960107484977	0.01610173231600558	0.012480585345052085
KIC11401755	1.059	0.03	0.021	1.632	0.015	0.021	5911.0	66.0	66.0	-0.179	0.072111026	0.072111026	NA	NA	NA	NA	4.039	0.004	0.004	NA	2.982	0.144	0.148	NA	MS	G	NA	NA	NA	NA	NA	silva15	A	1	0.4745076391169758	0.020481334566192333	0.022107793205534187	66.0	0.004	0.072111026	0.146	0.02129456388586326	0.025500000000000002	0.018000000000000002	4.896042924211938	4.487717821675305	2.4079320113314453	1.1029411764705885	1.1165623413973946	0.09903441445902453	-40.28548938547486	3.7716609593488872	0.004822296484794375	0.004876443851028256	0.024895960107484977	0.012131919648289965	0.008698606595045916
KIC11853905	1.117	0.021	0.029	1.555	0.012	0.012	5781.0	76.0	76.0	0.177	0.072111026	0.072111026	NA	NA	NA	NA	4.102	0.005	0.004	NA	2.505	0.142	0.124	NA	MS	G	NA	NA	NA	NA	NA	silva15	A	1	0.3988077302032645	0.023946211098083703	0.02204833479838464	76.0	0.0045000000000000005	0.072111026	0.133	0.02299727294823417	0.025	0.012	5.309381237524951	5.766506315339703	2.2381378692927485	0.7717041800643086	1.3146514443867843	0.10970258410531449	40.74069265536723	3.7620029693751156	0.005672254652844266	0.005747320620882235	0.048053173115609055	0.008089088943443276	0.011424277753447926
KIC11904151	0.918	0.011	0.019	1.066	0.006	0.009	5647.0	74.0	74.0	-0.114	0.072111026	0.072111026	NA	NA	NA	NA	4.344	0.003	0.003	NA	1.063	0.032	0.034	NA	MS	G	NA	NA	NA	NA	NA	silva15	A	1	0.026533264523296733	0.012880854652840397	0.01411788976086384	74.0	0.003	0.072111026	0.033	0.013499372206852118	0.015	0.0075	3.10442144873001	50.87716287228585	1.6339869281045751	0.7035647279549718	1.3104303169824685	0.06906077348066297	-63.255285964912275	3.7518177877368792	0.005654160028788713	0.0057287446806788545	-0.03715731879875755	0.005173032792399335	0.009082989468013676
KIC3425851	1.178	0.049	0.049	1.36	0.015	0.018	6343.0	85.0	85.0	-0.016	0.072111026	0.072111026	NA	NA	NA	NA	4.243	0.008	0.008	NA	2.728	0.162	0.157	NA	MS	F	NA	NA	NA	NA	NA	silva15	A	1	0.4358443659844413	0.025053476772106564	0.025742289341580682	85.0	0.008	0.072111026	0.1595	0.025397883056843623	0.049	0.0165	5.846774193548387	5.827282635506243	4.159592529711376	1.213235294117647	1.340059908560618	0.18854584020740042	-450.69391249999995	3.802294711397464	0.005781156693843048	0.005859152587289529	0.07114529045108281	0.017699272275921385	0.01845134852611495
KIC4141376	1.019	0.021	0.03	1.039	0.009	0.009	6134.0	91.0	91.0	-0.269	0.072111026	0.072111026	NA	NA	NA	NA	4.412	0.003	0.004	NA	1.363	0.052	0.056	NA	MS	F	NA	NA	NA	NA	NA	silva15	A	1	0.13449585583467355	0.01626058402563549	0.01822026825412927	91.0	0.0035	0.072111026	0.054	0.01724042613988238	0.025500000000000002	0.009	3.9618488628026416	12.818555659495443	2.502453385672228	0.8662175168431183	1.4835343984349527	0.07932910244786946	-26.807072862453527	3.7877437716464666	0.006395584121307252	0.006491177398010084	0.008174184006426355	0.008859155292353921	0.012977892409247002
KIC4143755	0.918	0.021	0.03	1.414	0.012	0.013	5622.0	106.0	106.0	-0.357	0.072111026	0.072111026	NA	NA	NA	NA	4.102	0.001	0.002	NA	1.997	0.029	0.038	NA	MS	G	NA	NA	NA	NA	NA	silva15	A	1	0.30037806487070257	0.006261376153559095	0.00834362887596618	106.0	0.0015	0.072111026	0.0335	0.007302502514762638	0.025500000000000002	0.0125	1.6775162744116174	2.4311037884560553	2.777777777777778	0.8840169731258841	1.8854500177872644	0.036567528035104824	-20.19916694677871	3.749890841271422	0.00811216802837711	0.008266583767609692	-0.03715731879875755	0.009822911064868496	0.014429715422641425
KIC4914423	1.099	0.019	0.03	1.45	0.009	0.009	5845.0	88.0	88.0	0.131	0.072111026	0.072111026	NA	NA	NA	NA	4.155	0.004	0.004	NA	2.256	0.115	0.119	NA	MS	G	NA	NA	NA	NA	NA	silva15	A	1	0.35333909531130464	0.02159245866688353	0.023534573147235338	88.0	0.004	0.072111026	0.11699999999999999	0.022563515907059434	0.0245	0.009	5.1861702127659575	6.385796592132029	2.2292993630573252	0.6206896551724137	1.5055603079555175	0.09626955475330927	55.04658473282442	3.766784515497859	0.006489832839594811	0.006588286042724878	0.04099769242349056	0.0074441111269138854	0.01201998721471256
KIC5094751	1.068	0.04	0.04	1.339	0.015	0.018	5952.0	75.0	75.0	-0.017	0.072111026	0.072111026	NA	NA	NA	NA	4.213	0.008	0.007	NA	2.04	0.124	0.112	NA	MS	G	NA	NA	NA	NA	NA	silva15	A	1	0.3096301674258988	0.025627089008633086	0.02452313785908683	75.0	0.0075	0.072111026	0.118	0.025075113433859958	0.04	0.0165	5.784313725490195	8.098407736662473	3.745318352059925	1.2322628827483197	1.2600806451612903	0.17802041300735819	-424.18250588235287	3.7746629225378223	0.005438268930089141	0.005507231823423719	0.028571252692537637	0.015968507699873347	0.016578138033280697
KIC6196457	1.209	0.019	0.03	1.716	0.012	0.012	5871.0	94.0	94.0	0.19	0.072111026	0.072111026	NA	NA	NA	NA	4.049	0.004	0.005	NA	3.316	0.185	0.164	NA	MS	G	NA	NA	NA	NA	NA	silva15	A	1	0.5206145218782359	0.02357758888679673	0.02202831306071823	94.0	0.0045000000000000005	0.072111026	0.1745	0.02280295097375748	0.0245	0.012	5.262364294330519	4.380006706591784	2.0264681555004134	0.6993006993006993	1.601090103900528	0.11113855272906892	37.95317157894736	3.7687120803776635	0.006898367628697333	0.007009712836250959	0.0824263008607719	0.006772065944376959	0.010912495765682748
KIC6278762	0.739	0.009	0.011	0.748	0.006	0.003	5046.0	74.0	74.0	-0.482	0.072111026	0.072111026	NA	NA	NA	NA	4.56	0.003	0.002	NA	0.341	0.02	0.016	NA	MS	K	NA	NA	NA	NA	NA	silva15	A	1	-0.4672456210075022	0.024752822913160222	0.0208710180136234	74.0	0.0025	0.072111026	0.018000000000000002	0.02281192046339181	0.009999999999999998	0.0045000000000000005	5.2785923753665696	4.882211718582492	1.3531799729364005	0.6016042780748664	1.466508125247721	0.054824561403508776	-14.96079377593361	3.702947246181556	0.00632271479427482	0.006416126211948647	-0.13135556160517428	0.005257159469635647	0.006513059081788536
KIC6521045	1.108	0.021	0.019	1.513	0.009	0.012	5825.0	75.0	75.0	0.102	0.072111026	0.072111026	NA	NA	NA	NA	4.125	0.004	0.004	NA	2.478	0.112	0.112	NA	MS	G	NA	NA	NA	NA	NA	silva15	A	1	0.3941013020400447	0.019198462041207176	0.020086561748133114	75.0	0.004	0.072111026	0.112	0.019642511894670145	0.02	0.010499999999999999	4.519774011299435	4.984127632411188	1.8050541516245486	0.6939854593522802	1.2875536480686696	0.09696969696969697	70.69708431372548	3.7652959296980564	0.005556081944087854	0.0056280850084258205	0.04453976039241098	0.008154181532556877	0.007511880636635951
KIC7670943	1.239	0.04	0.051	1.417	0.015	0.021	6463.0	110.0	110.0	-0.071	0.072111026	0.072111026	NA	NA	NA	NA	4.228	0.008	0.008	NA	3.039	0.167	0.173	NA	MS	F	NA	NA	NA	NA	NA	silva15	A	1	0.4827307000799429	0.023232817938183103	0.025454514018617203	110.0	0.008	0.072111026	0.16999999999999998	0.024343665978400153	0.0455	0.018000000000000002	5.593945376768674	5.042908183458957	3.6723163841807906	1.2702893436838392	1.7019959771004178	0.18921475875118263	-101.56482535211268	3.810434155922673	0.007329476357694986	0.007455300587411173	0.09307130637606349	0.013799238102590483	0.018254865730888692
KIC8077137	1.117	0.04	0.049	1.632	0.018	0.009	6072.0	75.0	75.0	-0.032	0.072111026	0.072111026	NA	NA	NA	NA	4.056	0.013	0.01	NA	3.183	0.293	0.202	NA	MS	F	NA	NA	NA	NA	NA	silva15	A	1	0.502836638621003	0.03824312915562578	0.02847466258837228	75.0	0.0115	0.072111026	0.2475	0.03335889587199903	0.0445	0.013499999999999998	7.775683317624883	6.634141848430863	3.9838854073410923	0.8272058823529411	1.2351778656126482	0.2835305719921104	-225.34695624999998	3.783331762887424	0.005331450233433621	0.00539771404964462	0.048053173115609055	0.015280185836140506	0.019481920423071418
KIC8292840	1.148	0.051	0.049	1.345	0.015	0.018	6239.0	94.0	94.0	-0.164	0.072111026	0.072111026	NA	NA	NA	NA	4.24	0.008	0.008	NA	2.636	0.148	0.142	NA	MS	F	NA	NA	NA	NA	NA	silva15	A	1	0.42094540592197227	0.02372382501655229	0.024048956779448405	94.0	0.008	0.072111026	0.145	0.023886390898000348	0.05	0.0165	5.500758725341425	5.674462902305199	4.355400696864112	1.2267657992565058	1.5066517070043277	0.18867924528301888	-43.97013780487804	3.7951149856303634	0.006494502396955593	0.006593098407890352	0.05994188806195468	0.01887729503689394	0.018944195638464126
KIC8349582	1.068	0.021	0.019	1.417	0.012	0.009	5699.0	74.0	74.0	0.268	0.072111026	0.072111026	NA	NA	NA	NA	4.163	0.003	0.004	NA	1.891	0.09	0.094	NA	MS	G	NA	NA	NA	NA	NA	silva15	A	1	0.2766915288450397	0.020192946693507352	0.02214345173606591	74.0	0.0035	0.072111026	0.092	0.02116819921478663	0.02	0.010499999999999999	4.865150713907985	7.650468846352654	1.8726591760299625	0.741002117148906	1.29847341638884	0.08407398510689407	26.90709925373134	3.7557986569738304	0.005602900524800614	0.005676130190430229	0.028571252692537637	0.008456627063237306	0.007795764498979712
KIC8478994	0.81	0.019	0.011	0.772	0.003	0.006	5417.0	75.0	75.0	-0.248	0.072111026	0.072111026	NA	NA	NA	NA	4.57	0.003	0.002	NA	0.467	0.023	0.025	NA	MS	G	NA	NA	NA	NA	NA	silva15	A	1	-0.33068311943388784	0.02087919946240152	0.023894611217020245	75.0	0.0025	0.072111026	0.024	0.022386905339710883	0.015	0.0045000000000000005	5.139186295503212	6.769896624307915	1.8518518518518516	0.5829015544041452	1.3845301827579841	0.05470459518599562	-29.077026612903225	3.733758835587203	0.005971692977514653	0.006054951901848682	-0.09151498112135022	0.010069511671623801	0.0059382395646583735
KIC8494142	1.418	0.03	0.019	1.887	0.012	0.012	6144.0	106.0	106.0	0.058	0.072111026	0.072111026	NA	NA	NA	NA	4.038	0.005	0.005	NA	4.818	0.259	0.243	NA	MS	F	NA	NA	NA	NA	NA	silva15	A	1	0.6828667956623246	0.0227403677422805	0.02247569725985754	106.0	0.005	0.072111026	0.251	0.02260803250106902	0.0245	0.012	5.209630552096306	3.310752938154079	1.7277856135401977	0.6359300476947536	1.7252604166666667	0.12382367508667656	124.32935517241377	3.7884512070234555	0.007428810320619927	0.007558098336376773	0.1516762308470477	0.009092331014080385	0.005858516355220056
KIC8554498	1.197	0.021	0.029	1.794	0.015	0.015	5945.0	60.0	60.0	0.17	0.05	0.05	NA	NA	NA	NA	4.007	0.003	0.003	NA	3.684	0.13	0.182	NA	MS	G	NA	NA	NA	NA	NA	silva15	A	1	0.5663196215248113	0.015061067185175525	0.022003479777383927	60.0	0.003	0.05	0.156	0.018532273481279726	0.025	0.015	4.234527687296417	3.2724053302941756	2.0885547201336676	0.8361204013377926	1.0092514718250631	0.07486897928624907	29.41176470588235	3.7741518589547103	0.00436115278421445	0.004405391775256895	0.07809415040641068	0.007553137890445857	0.010651307630029944
KIC8866102	1.228	0.042	0.04	1.357	0.012	0.015	6325.0	75.0	75.0	-0.005	0.072111026	0.072111026	NA	NA	NA	NA	4.262	0.007	0.008	NA	2.753	0.13	0.13	NA	MS	F	NA	NA	NA	NA	NA	silva15	A	1	0.43980621139333026	0.020038430994877565	0.021007920802976643	75.0	0.0075	0.072111026	0.13	0.020523175898927104	0.041	0.0135	4.72212132219397	4.6664133809999075	3.338762214983714	0.9948415622697127	1.1857707509881423	0.17597372125762556	-1442.2205199999999	3.8010605298478555	0.005119444136031603	0.005180512503780044	0.08919836680514887	0.014605354150808006	0.014381926159974148
KIC9592705	1.509	0.029	0.021	2.124	0.015	0.012	6174.0	92.0	92.0	0.216	0.072111026	0.072111026	NA	NA	NA	NA	3.961	0.004	0.003	NA	6.088	0.227	0.247	NA	MS	F	NA	NA	NA	NA	NA	silva15	A	1	0.7844746437625164	0.01589871112883312	0.01798743752282228	92.0	0.0035	0.072111026	0.237	0.0169430743258277	0.025	0.0135	3.8929040735873848	2.159798848891395	1.656726308813784	0.635593220338983	1.4901198574667962	0.08836152486745773	33.384734259259254	3.7905666251460763	0.006423765399610204	0.0065202093379630455	0.17868923977558981	0.008267095689822368	0.00608630856572992
KIC10068307	1.469	0.0095	0.0209	2.0823	0.018	0.018	6132.0	77.0	77.0	-0.23	0.1	0.1	NA	NA	NA	NA	3.9666	0.0044	0.0044	NA	6.294	0.2	0.173	NA	MS	F	NA	NA	NA	NA	NA	silva17	A	1	0.7989267385772014	0.013585545712781255	0.012104359078013993	77.0	0.0044	0.1	0.1865	0.012844952395397624	0.015199999999999998	0.018	2.9631394979345407	1.607776004377202	1.034717494894486	0.8644287566633049	1.2557077625570776	0.11092623405435385	-43.47826086956522	3.7876021461823375	0.005419513663645681	0.005487998703266328	0.16702179579025653	0.002799533071879967	0.006223242251902045
KIC10516096	1.0586	0.0494	0.0608	1.3986	0.024	0.021	5964.0	77.0	77.0	-0.11	0.1	0.1	NA	NA	NA	NA	4.169	0.011	0.0099	NA	2.217	0.189	0.146	NA	MS	G	NA	NA	NA	NA	NA	silva17	A	1	0.3457656931144882	0.035529929889337786	0.02958559422103557	77.0	0.010450000000000001	0.1	0.16749999999999998	0.03255776205518668	0.055099999999999996	0.0225	7.5552548488949025	9.416134308155991	5.2049877196297	1.6087516087516087	1.2910798122065728	0.2506596306068602	-90.9090909090909	3.775537634780957	0.0055712009485091585	0.005643598968787966	0.024731889655249053	0.01980787073716193	0.02568839005208617
KIC12069424	1.0491	0.019	0.0209	1.2156	0.012	0.012	5825.0	50.0	50.0	0.1	0.03	0.03	NA	NA	NA	NA	4.2867	0.0066	0.0066	NA	1.531	0.072	0.07	NA	MS	G	NA	NA	NA	NA	NA	silva17	A	1	0.18497519069826102	0.019958331655883815	0.020324974763964276	50.0	0.0066	0.03	0.07100000000000001	0.020141653209924046	0.01995	0.012	4.637491835401699	10.88884035415318	1.9016299685444666	0.9871668311944718	0.8583690987124464	0.15396458814472672	30.0	3.7652959296980564	0.0037119412457173873	0.00374394113387444	0.020816887028907154	0.007795028037322679	0.00873928749789206
KIC12069449	0.9883	0.0209	0.019	1.0957	0.009	0.009	5750.0	50.0	50.0	0.05	0.02	0.02	NA	NA	NA	NA	4.3527	0.0055	0.0066	NA	1.173	0.058	0.049	NA	MS	G	NA	NA	NA	NA	NA	silva17	A	1	0.06929801211552926	0.020960040815787076	0.018531700882486936	50.0	0.00605	0.02	0.053500000000000006	0.019745870849137006	0.01995	0.009	4.560954816709293	28.494137488703053	2.0186178285945564	0.821392716984576	0.8695652173913043	0.13899418751579481	40.0	3.7596678446896306	0.003760148873306779	0.0037929890171390923	-0.005111204635089385	0.009088446480626334	0.008430582627604183
KIC12258514	1.2581	0.0095	0.0095	1.6055	0.012	0.009	5964.0	77.0	77.0	0.0	0.1	0.1	NA	NA	NA	NA	4.1261	0.0033	0.0044	NA	3.162	0.104	0.09	NA	MS	G	NA	NA	NA	NA	NA	silva17	A	1	0.4999618655961902	0.014054314804459123	0.012540654236715798	77.0	0.00385	0.1	0.097	0.01329748452058746	0.0095	0.010499999999999999	3.067678684376977	2.659699756246527	0.7551069072410778	0.6540018685767672	1.2910798122065728	0.09330845107971207	inf	3.775537634780957	0.0055712009485091585	0.005643598968787966	0.09971516235102365	0.003267068167239276	0.003291831755753108
KIC3456181	1.4975	0.0304	0.019	2.1483	0.027	0.027	6384.0	77.0	77.0	-0.15	0.1	0.1	NA	NA	NA	NA	3.949	0.0088	0.0077	NA	7.215	0.243	0.295	NA	MS	F	NA	NA	NA	NA	NA	silva17	A	1	0.858236335429513	0.014386043595775333	0.018130240972755285	77.0	0.00825	0.1	0.269	0.01625814228426531	0.0247	0.027	3.7283437283437286	1.89436657632641	1.6494156928213688	1.2568077084206117	1.206140350877193	0.20891364902506968	-66.66666666666667	3.805092878342673	0.005206862697495929	0.005270047349353213	0.175366831061349	0.008728099834491604	0.005545502199212515
KIC5184732	1.1479	0.0399	0.0589	1.3206	0.015	0.021	5846.0	77.0	77.0	0.36	0.1	0.1	NA	NA	NA	NA	4.2548	0.0077	0.0099	NA	1.806	0.128	0.128	NA	MS	G	NA	NA	NA	NA	NA	silva17	A	1	0.256717745977487	0.029738723769495934	0.03192578948480551	77.0	0.0088	0.1	0.128	0.030832256627150723	0.0494	0.018000000000000002	7.0874861572536	12.010177368047854	4.303510758776897	1.3630168105406635	1.3171399247348614	0.20682523267838673	27.77777777777778	3.7668588110214176	0.0056829216195257715	0.005758272063275172	0.059904055884405324	0.014839265056597481	0.022876176128630382
KIC6106415	1.0681	0.0513	0.0399	1.2186	0.018	0.018	6037.0	77.0	77.0	-0.04	0.1	0.1	NA	NA	NA	NA	4.2955	0.0088	0.0088	NA	1.765	0.121	0.112	NA	MS	F	NA	NA	NA	NA	NA	silva17	A	1	0.24674470972384135	0.028796978677468194	0.02847185615239392	77.0	0.0088	0.1	0.11649999999999999	0.028634417414931057	0.0456	0.018	6.60056657223796	11.604875924991028	4.269263177605094	1.4771048744460857	1.2754679476561206	0.20486555697823305	-250.0	3.780821175853473	0.005504258536596751	0.005574916113236572	0.028611915066229923	0.0203733875044811	0.016534315535214828
KIC6225718	1.1593	0.0304	0.0304	1.2336	0.012	0.015	6313.0	76.0	76.0	-0.07	0.1	0.1	NA	NA	NA	NA	4.3186	0.0066	0.0055	NA	2.137	0.094	0.09	NA	MS	F	NA	NA	NA	NA	NA	silva17	A	1	0.3298045221640694	0.0186950481197683	0.01868667950156372	76.0	0.00605	0.1	0.092	0.01869086381066601	0.0304	0.0135	4.305100608329433	5.667255163156246	2.6222720607263006	1.0943579766536966	1.2038650403928401	0.1400916963830871	-142.85714285714283	3.800235789327354	0.005197098804786027	0.005260045276222147	0.06419583586464266	0.01124162572097026	0.011540362825115884
KIC7510397	1.3683	0.0209	0.0209	1.8574	0.018	0.018	6171.0	77.0	77.0	-0.21	0.1	0.1	NA	NA	NA	NA	4.0359	0.0044	0.0066	NA	4.924	0.178	0.14	NA	MS	F	NA	NA	NA	NA	NA	silva17	A	1	0.6923180442592788	0.015422410014492516	0.012526873278924322	77.0	0.0055	0.1	0.159	0.013974641646708419	0.0209	0.018	3.2290820471161656	2.018529166267809	1.5274428122487758	0.969096586626467	1.2477718360071302	0.1362769146906514	-47.61904761904762	3.7903555464143865	0.005385474454857153	0.005453096527731738	0.13618132696060076	0.006583447678123938	0.006684783943941175
KIC7940546	1.3987	0.0304	0.0114	1.9414	0.027	0.009	6235.0	77.0	77.0	-0.2	0.1	0.1	NA	NA	NA	NA	4.0073	0.0011	0.0033	NA	6.189	0.023	0.257	NA	MS	F	NA	NA	NA	NA	NA	silva17	A	1	0.791620482692814	0.0016109643637068904	0.018419340336469636	77.0	0.0022	0.1	0.14	0.010015152350088263	0.020900000000000002	0.018	2.2620778801098727	1.2651456814280806	1.4942446557517697	0.9271659627073245	1.234963913392141	0.05489980785067253	-50.0	3.7948364578145615	0.005330532386802478	0.005396773247382303	0.14572457488066823	0.00933804434325261	0.003554188604572711
KIC7970740	0.728	0.0304	0.0095	0.7628	0.006	0.006	5309.0	77.0	77.0	-0.54	0.1	0.1	NA	NA	NA	NA	4.5386	0.0055	0.0044	NA	0.429	0.025	0.022	NA	MS	G	NA	NA	NA	NA	NA	silva17	A	1	-0.36754270781527576	0.0245985606723797	0.022862882959504227	77.0	0.0049499999999999995	0.1	0.0235	0.023730721815941963	0.01995	0.006	5.477855477855478	6.456588938194591	2.7403846153846154	0.7865757734661771	1.4503673008099454	0.10906446921958313	-18.51851851851852	3.725012725341157	0.006253623734334912	0.006344990024945929	-0.13786862068696282	0.017766945016972638	0.005704606842792698
KIC8006161	0.9788	0.0304	0.0304	0.9247	0.012	0.009	5488.0	77.0	77.0	0.34	0.1	0.1	NA	NA	NA	NA	4.4935	0.0066	0.0066	NA	0.688	0.047	0.049	NA	MS	G	NA	NA	NA	NA	NA	silva17	A	1	-0.16241156176448873	0.028698900848683623	0.03208758007711118	77.0	0.0066	0.1	0.048	0.030393240462897403	0.0304	0.010499999999999999	6.976744186046512	18.713717257993192	3.1058438904781367	1.1355034065102194	1.403061224489796	0.14687882496940025	29.41176470588235	3.7394141026986953	0.006051065972031644	0.006136568766113459	-0.009306039320248418	0.013283281165785463	0.01370241537360103
KIC8379927	1.1194	0.0399	0.0399	1.1197	0.015	0.015	6067.0	120.0	120.0	-0.1	0.15	0.15	NA	NA	NA	NA	4.3879	0.0066	0.0077	NA	1.624	0.104	0.101	NA	MS	F	NA	NA	NA	NA	NA	silva17	A	1	0.21058602490515654	0.02695771323771798	0.027886121569113936	120.0	0.00715	0.15	0.10250000000000001	0.027421917403415957	0.0399	0.015	6.3115763546798025	13.021717569229109	3.5644095050920135	1.3396445476466912	1.9779133014669523	0.1629481072950614	-150.0	3.782973994944048	0.0085061210759525	0.008676056444770541	0.04898530257071102	0.015210533293931634	0.015762655900461463
KIC8760414	0.8115	0.031	0.0186	1.0196	0.0097	0.0121	5873.0	77.0	77.0	-0.92	0.1	0.1	NA	NA	NA	NA	4.3293	0.0047	0.0063	NA	1.208	0.052	0.052	NA	MS	G	NA	NA	NA	NA	NA	silva17	A	1	0.08206693428511301	0.0183036108324499	0.019109100200602788	77.0	0.0055	0.1	0.052	0.018706355516526343	0.0248	0.0109	4.304635761589404	22.794022561556424	3.0560690080098585	1.0690466849744997	1.3110846245530394	0.12704132307763377	-10.869565217391305	3.768860000842957	0.005656964885592863	0.005731624043820105	-0.09071147583774933	0.01628138538112557	0.01007010631087786
KIC9353712	1.5089	0.0285	0.0209	2.1723	0.024	0.021	6278.0	77.0	77.0	-0.05	0.1	0.1	NA	NA	NA	NA	3.9435	0.0055	0.0066	NA	6.985	0.275	0.223	NA	MS	F	NA	NA	NA	NA	NA	silva17	A	1	0.8441664104502007	0.016770210249893114	0.014091244020450477	77.0	0.00605	0.1	0.249	0.015430727135171796	0.0247	0.0225	3.5647816750178953	1.8279247958873968	1.636954072503148	1.0357685402568706	1.226505256451099	0.15341701534170155	-200.0	3.797821311364024	0.005294243526003051	0.005359580017072929	0.17866045853816895	0.008126418195079615	0.006057527328309054
*_16_Cyg_A	1.076	0.047	0.047	1.225	0.016	0.016	5849.0	39.0	39.0	0.08	0.01	0.01	NA	NA	NA	NA	4.28	0.01	0.01	0.0	1.58	0.01	0.01	0.0	MS	G	NA	NA	NA	NA	NA	Soubiran24	A/I	3	0.19865708695442263	0.0027400373660288746	0.0027574345451888693	39.0	0.01	0.01	0.01	0.002748735955608872	0.047	0.016	0.6329113924050632	1.3836586440228569	4.368029739776952	1.3061224489795917	0.6667806462643187	0.2336448598130841	12.5	3.7670816213633223	0.0028861799661203946	0.002905488972991588	0.0318122713303704	0.018567484931087383	0.019396896567937416
*_16_Cyg_B	1.028	0.043	0.043	1.113	0.014	0.014	5807.0	36.0	36.0	0.07	0.01	0.01	NA	NA	NA	NA	4.35	0.01	0.01	0.0	1.267	0.002	0.002	0.0	MS	G	NA	NA	NA	NA	NA	Soubiran24	A/I	3	0.10277661488344131	0.0006850072112634387	0.0006860893716046229	36.0	0.01	0.01	0.002	0.0006855482914340308	0.043	0.014	0.1578531965272297	0.6670275064142843	4.182879377431906	1.257861635220126	0.6199414499741691	0.2298850574712644	14.285714285714285	3.763951826033324	0.0026840602769433453	0.00270075172466111	0.011993114659256938	0.017796356172598678	0.018556884161645214
*_18_Sco	1.057	0.035	0.035	1.027	0.009	0.009	5824.0	30.0	30.0	0.03	0.01	0.01	NA	NA	NA	NA	4.44	0.05	0.05	0.0	1.094	0.011	0.011	0.0	MS	G	NA	NA	NA	NA	NA	Soubiran24	A/I	3	0.039017321997412	0.004344956023717497	0.004388865372091565	30.0	0.05	0.01	0.011	0.004366910697904531	0.035	0.009	1.0054844606946982	11.192235843849524	3.311258278145696	0.8763388510223953	0.5151098901098901	1.126126126126126	33.333333333333336	3.765221366304981	0.0022313517927923243	0.002242875437238112	0.024074987307426243	0.014147651061292128	0.014624091508732309
*_alf_Cen_A	1.111	0.026	0.026	1.217	0.005	0.005	5804.0	13.0	13.0	0.2	0.01	0.01	NA	NA	NA	NA	4.32	0.05	0.05	0.0	1.514	0.003	0.003	0.0	MS	G	NA	NA	NA	NA	NA	Soubiran24	A/I	3	0.18012587516405396	0.0008597056226765099	0.0008614108250285524	13.0	0.05	0.01	0.003	0.0008605582238525311	0.026	0.005	0.19815059445178335	0.47775380581427135	2.34023402340234	0.4108463434675431	0.22398345968297725	1.1574074074074074	5.0	3.7637274037656985	0.0009716600326692415	0.0009738388323246028	0.04571405894086761	0.010046405746867174	0.010284320756319305
*_alf_Cen_B	0.905	0.011	0.011	0.859	0.004	0.004	5207.0	12.0	12.0	0.24	0.01	0.01	NA	NA	NA	NA	4.53	0.05	0.05	0.0	0.488	0.002	0.002	0.0	MS	G	NA	NA	NA	NA	NA	Soubiran24	A/I	3	-0.3115801779972894	0.001776258025803057	0.001783552740417249	12.0	0.05	0.01	0.002	0.001779905383110153	0.011	0.004	0.4098360655737705	0.5712511606324449	1.2154696132596683	0.4656577415599535	0.23045899750336085	1.1037527593818983	4.166666666666667	3.7165875776756923	0.0009997191797683769	0.0010020257824958634	-0.043351420794796675	0.005246894462647075	0.005311060409285646
*_bet_Vir	1.38	0.02	0.02	1.693	0.008	0.008	6093.0	13.0	13.0	0.13	0.01	0.01	NA	NA	NA	NA	4.1	0.05	0.05	0.0	3.555	0.015	0.015	0.0	MS	F	NA	NA	NA	NA	NA	Soubiran24	A/I	3	0.5508396050657851	0.0018286110464080796	0.0018363430399972458	13.0	0.05	0.01	0.015	0.0018324770432026627	0.02	0.008	0.42194092827004215	0.3326698055750395	1.4492753623188408	0.47253396337861786	0.21335959297554571	1.2195121951219514	7.692307692307692	3.784831178124469	0.0009256218381739068	0.0009275988517338796	0.13987908640123647	0.0062489492770015365	0.006340178031018995
*_mu._Ara	0.931	0.059	0.059	1.28	0.025	0.025	5974.0	61.0	61.0	0.29	0.01	0.01	NA	NA	NA	NA	4.25	0.06	0.06	0.0	1.879	0.019	0.019	0.0	MS	G	NA	NA	NA	NA	NA	Soubiran24	A/I	3	0.2739267801005256	0.0043694279907482425	0.004413835882609296	61.0	0.06	0.01	0.019	0.004391631936678769	0.059	0.025	1.0111761575306013	1.6032137986169621	6.337271750805584	1.953125	1.021091396049548	1.411764705882353	3.4482758620689657	3.7762652182681093	0.004412056165258527	0.004457339269003491	-0.031050319018657353	0.026685513616207267	0.028433196048775373
*_mu._Her	1.081	0.016	0.016	1.686	0.007	0.007	5665.0	16.0	16.0	0.25	0.01	0.01	NA	NA	NA	NA	4.02	0.01	0.01	0.0	2.635	0.02	0.02	0.0	MS	G	NA	NA	NA	NA	NA	Soubiran24	A/I	3	0.4207806195485654	0.0032839058689224654	0.003308926345272356	16.0	0.01	0.01	0.02	0.0032964161070974107	0.016	0.007	0.7590132827324478	0.7834049274023057	1.4801110083256246	0.41518386714116257	0.2824360105913504	0.24875621890547267	4.0	3.753199914199416	0.0012248750778423023	0.0012283394630889788	0.03382569395331033	0.00638093362140079	0.0064760861785538235
*_tau_Cet	0.766	0.013	0.013	0.806	0.004	0.004	5397.0	15.0	15.0	-0.51	0.01	0.01	NA	NA	NA	NA	4.58	0.05	0.05	0.0	0.497	0.002	0.002	0.0	MS	G	NA	NA	NA	NA	NA	Soubiran24	A/I	3	-0.3036436112666679	0.001744156890057802	0.0017511897997634085	15.0	0.05	0.01	0.002	0.0017476733449106052	0.013	0.004	0.4024144869215292	0.5755673032671688	1.6971279373368147	0.49627791563275436	0.27793218454697055	1.0917030567685588	-1.9607843137254901	3.7321524180652137	0.0012053698603717855	0.0012087246374781202	-0.11577123036739606	0.007308688039960529	0.007433793431903354
*_tet_Cyg	1.26	0.038	0.038	1.484	0.014	0.014	6914.0	33.0	33.0	-0.03	0.03	0.03	NA	NA	NA	NA	4.24	0.03	0.03	0.0	4.531	0.018	0.018	0.0	MS	F	NA	NA	NA	NA	NA	Soubiran24	A/I	3	0.6561940621791857	0.0017218746507693394	0.0017287286590399464	33.0	0.03	0.03	0.018	0.001725301654904643	0.038	0.014	0.39726329728536747	0.2629255207179119	3.015873015873016	0.9433962264150945	0.4772924501012438	0.7075471698113207	-100.0	3.839729375206388	0.002067923667967264	0.0020778173599955707	0.10037054511756291	0.012904147346787534	0.013299339211027494
HIP32851	1.18	0.099	0.099	1.427	0.039	0.039	6628.0	89.0	89.0	-0.39	0.03	0.03	NA	NA	NA	NA	4.19	0.06	0.06	0.0	3.538	0.011	0.011	0.0	MS	F	NA	NA	NA	NA	NA	Soubiran24	A/I	3	0.5487578285737043	0.0013481707738884907	0.001352368906214707	89.0	0.06	0.03	0.011	0.0013502698400515989	0.099	0.039	0.3109101187111362	0.24605933068164743	8.389830508474578	2.7330063069376314	1.3427881713940857	1.431980906921241	-7.692307692307692	3.821382499747299	0.0057928485513936145	0.005871162384534667	0.07188200730612536	0.03498853717252853	0.03805631335281503
HIP91949	1.094	0.065	0.065	0.964	0.017	0.017	5315.0	48.0	48.0	0.3	0.02	0.02	NA	NA	NA	NA	4.47	0.01	0.01	0.0	0.668	0.001	0.001	0.0	MS	G	NA	NA	NA	NA	NA	Soubiran24	A/I	3	-0.1752235375244543	0.0006496552922774235	0.0006506285589967242	48.0	0.01	0.02	0.001	0.0006501419256370738	0.065	0.017	0.1497005988023952	0.3710357266051313	5.941499085923217	1.7634854771784234	0.90310442144873	0.2237136465324385	6.666666666666667	3.7255032688593155	0.003904528103752636	0.003939950501834488	0.039017321997412	0.025066113966184002	0.026601947234979016
HIP92984	0.499	0.031	0.031	0.988	0.02	0.02	6070.0	62.0	62.0	-0.04	0.03	0.03	NA	NA	NA	NA	4.23	0.11	0.11	0.0	1.193	0.005	0.005	0.0	MS	F	NA	NA	NA	NA	NA	Soubiran24	A/I	3	0.0766404436703419	0.0018163743829506668	0.0018240030251670952	62.0	0.11	0.03	0.005	0.001820188704058881	0.031	0.02	0.4191114836546521	2.3749715122842545	6.212424849699399	2.0242914979757085	1.0214168039538716	2.6004728132387704	-75.0	3.7831886910752575	0.004413455107080022	0.004458767079145609	-0.3018994543766101	0.026175323977399134	0.027854692549265925
HIP93427	1.255	0.079	0.079	1.285	0.027	0.027	6016.0	63.0	63.0	-0.05	0.02	0.02	NA	NA	NA	NA	4.3	0.01	0.01	0.0	1.947	0.003	0.003	0.0	MS	F	NA	NA	NA	NA	NA	Soubiran24	A/I	3	0.2893659515200317	0.0006686598424863188	0.000669690929775868	63.0	0.01	0.02	0.003	0.0006691753861310934	0.079	0.027	0.15408320493066255	0.23125574471216562	6.294820717131475	2.1011673151750974	1.0472074468085106	0.23255813953488372	-40.0	3.779307827583586	0.0045243158008552165	0.004571945031832669	0.09864372581705691	0.02651210376347321	0.028236404076937255
HIP97527	1.356	0.106	0.106	1.304	0.034	0.034	6236.0	81.0	81.0	-0.09	0.02	0.02	NA	NA	NA	NA	4.33	0.01	0.01	0.0	2.315	0.006	0.006	0.0	MS	F	NA	NA	NA	NA	NA	Soubiran24	A/I	3	0.36455099535397195	0.001124145101945695	0.0011270624367955562	81.0	0.01	0.02	0.006	0.0011256037693706256	0.106	0.034	0.25917926565874727	0.308764420812426	7.817109144542772	2.607361963190184	1.2989095574085952	0.23094688221709006	-22.22222222222222	3.794906106516804	0.005604770377563906	0.005678049249469019	0.13225968953104458	0.032687683090797115	0.03534967652298816
KIC8430105_B	0.8134	0.005	0.005	0.7494	0.0042	0.0039	5655.0	80.0	80.0	-0.46	0.1	0.1	NA	NA	NA	NA	4.599	0.0037	0.0041	0.0	0.51743	0.03019	0.02916	1.0	MS	NA	85.18	0.26	0.00879784	True	True	Thomsen22	EB	3	-0.2861483949918153	0.0246276959056021	0.025191563572113496	80.0	0.0039000000000000003	0.1	0.029675	0.024909629738857797	0.005	0.00405	5.735075275882728	8.705143965448517	0.6147037128104254	0.5404323458767013	1.4146772767462423	0.08480104370515329	-21.73913043478261	3.752432609261474	0.006100812975812442	0.006187737541275773	-0.08969583193143123	0.0026614526355349805	0.0026778632253023904
alf_Cen_A	1.105	0.007	0.007	1.224	0.003	0.003	5824.0	26.0	26.0	0.24	0.04	0.04	NA	NA	NA	NA	4.306	0.004	0.004	NA	1.549	0.029	0.029	NA	MS	G	NA	NA	NA	True	True	torres10	EB	1	0.19005141775920598	0.008055581114195492	0.008207829814433437	26.0	0.004	0.04	0.029	0.008131705464314465	0.007	0.003	1.872175597159458	4.278687083838168	0.6334841628959277	0.24509803921568626	0.44642857142857145	0.09289363678588017	16.666666666666668	3.765221366304981	0.0019344997771995054	0.001943155286002085	0.0433622780211295	0.002742509224909123	0.0027599379070563576
alf_Cen_B	0.934	0.006	0.006	0.863	0.005	0.005	5223.0	62.0	62.0	0.24	0.04	0.04	NA	NA	NA	NA	4.536	0.006	0.006	NA	0.498	0.025	0.025	NA	MS	G	NA	NA	NA	True	True	torres10	EB	1	-0.30277065724028246	0.02127234610755674	0.02236820202190598	62.0	0.006	0.04	0.025	0.02182027406473136	0.006	0.005	5.020080321285141	7.206865507912982	0.6423982869379015	0.5793742757821553	1.187057246793031	0.1322751322751323	16.666666666666668	3.7179200258369938	0.005124965806451165	0.0051861667670420886	-0.029653123769906618	0.002780977369605305	0.002798900011231297
V432_Aur_B	1.079	0.005	0.005	1.224	0.007	0.007	6685.0	85.0	85.0	-0.6	0.05	0.05	NA	NA	NA	NA	4.296	0.005	0.005	NA	2.685	0.146	0.146	NA	MS	F	NA	NA	NA	True	True	torres10	EB	1	0.42894429003557444	0.02299557932952856	0.02428158916185219	85.0	0.005	0.05	0.146	0.023638584245690375	0.005	0.007	5.437616387337058	5.510875140389422	0.4633920296570899	0.5718954248366014	1.2715033657442034	0.11638733705772811	-8.333333333333334	3.8251014115980033	0.005487257087140929	0.005557476056134547	0.033021444682910656	0.002007837519457406	0.0020171633193738284
Kepler-34A	1.0479	0.0033	0.003	1.1618	0.0027	0.0031	5913.0	130.0	130.0	-0.07	0.15	0.15	NA	NA	NA	NA	4.3284	0.0021	0.0021	NA	1.49	0.13	0.13	NA	MS	G	NA	NA	NA	True	True	welsh12	EB	1	0.17318626841227402	0.03632874613035694	0.039647360042056545	130.0	0.0021	0.15	0.13	0.037988053086206744	0.00315	0.0029	8.724832214765101	21.934795081891412	0.3006012024048096	0.24961266999483558	2.198545577541011	0.04851677294150263	-214.28571428571428	3.771807878999106	0.009444715249350644	0.009654686695511394	0.020319840357309205	0.0013655118583964058	0.0012451111794104242
Kepler-34B	1.0208	0.0022	0.0022	1.0927	0.0032	0.0027	5867.0	130.0	130.0	-0.07	0.15	0.15	NA	NA	NA	NA	4.3703	0.0022	0.0022	NA	1.28	0.11	0.11	NA	MS	G	NA	NA	NA	True	True	welsh12	EB	1	0.10720996964786837	0.03580483060622676	0.03902410790170675	130.0	0.0022	0.15	0.11	0.037414469253966756	0.0022	0.0029500000000000004	8.59375	34.89831158133404	0.21551724137931036	0.2699734602361124	2.215783194136697	0.050339793606846206	-214.28571428571428	3.768416088216332	0.009517960621447497	0.00973123833389078	0.008940661377087074	0.0009349723350730449	0.0009369895369277237
Kepler-35A	0.8876	0.0051	0.0053	1.0284	0.002	0.0019	5606.0	150.0	150.0	-0.34	0.2	0.2	NA	NA	NA	NA	4.3623	0.002	0.002	NA	0.94	0.1	0.1	NA	MS	G	NA	NA	NA	True	True	welsh12	EB	1	-0.026872146400301365	0.04390548569908173	0.048848567537816995	150.0	0.002	0.2	0.1	0.04637702661844936	0.0052	0.00195	10.638297872340425	172.58400548878095	0.5858494817485355	0.18961493582263708	2.675704602211916	0.0458473740916489	-58.8235294117647	3.7486530934242674	0.011467691840300276	0.011778731775844875	-0.05178270644002931	0.0024882412138904283	0.0026010143332389213
Kepler-35B	0.8094	0.0041	0.0044	0.7861	0.002	0.0022	5202.0	100.0	100.0	-0.34	0.2	0.2	NA	NA	NA	NA	4.5556	0.0016	0.0016	NA	0.41	0.03	0.03	NA	MS	G	NA	NA	NA	True	True	welsh12	EB	1	-0.38721614328026455	0.030668819766451916	0.03300026010292528	100.0	0.0016	0.2	0.03	0.0318345399346886	0.00425	0.0021000000000000003	7.317073170731708	8.22138758601471	0.5250803063998024	0.26714158504007124	1.9223375624759709	0.03512160856967249	-58.8235294117647	3.716170347859854	0.008269375537220736	0.008429893586082482	-0.09183679994445211	0.002194357217329704	0.0023673196876793506
47_Tuc_E32_A	0.862	0.002	0.002	1.183	0.001	0.001	6025.6	18.08	18.08	-0.71	0.1	0.1	NA	NA	NA	NA	4.227	0.002	0.002	0.0	1.66	0.05	0.05	0.0	MS	NA	59.46	0.1	0.019895728	True	True	Xiong23	EB	3	0.22010808804005508	0.012888022352098738	0.013282212008205396	18.08	0.002	0.1	0.05	0.013085117180152067	0.002	0.001	3.0120481927710845	5.9448597717003695	0.2320185614849188	0.08453085376162299	0.3000531067445565	0.04731488052992666	-14.084507042253522	3.780000298336571	0.001301162970169134	0.0013050730220678375	-0.06449273417528721	0.0010064766541804937	0.0010088145811450733
47_Tuc_E32_B	0.827	0.002	0.002	1.004	0.002	0.002	5956.62	17.87	17.87	-0.71	0.1	0.1	NA	NA	NA	NA	4.352	0.003	0.003	0.0	1.15	0.03	0.03	0.0	MS	NA	59.46	0.1	0.016885301	True	True	Xiong23	EB	3	0.06069784035361165	0.011184166952513709	0.01147981768343008	17.87	0.003	0.1	0.03	0.011331992317971894	0.002	0.002	2.608695652173913	18.66951484921756	0.24183796856106413	0.19920318725099603	0.3000023503261917	0.06893382352941176	-14.084507042253522	3.774999895353657	0.0013009431972248464	0.0013048519263954006	-0.08249449044745336	0.001049020997726885	0.001051561002621576
AL_Ari_A	1.164	0.001	0.001	1.372	0.004	0.004	6367.96	25.47	25.47	-0.42	0.08	0.08	NA	NA	NA	NA	4.229	0.005	0.005	0.0	2.79	0.11	0.11	0.0	MS	F6	12.9503	0.0014	0.105943492	True	True	Xiong23	EB	3	0.44560420327359757	0.016793794625358516	0.01746940924480872	25.47	0.005	0.08	0.11	0.017131601935083618	0.001	0.004	3.942652329749104	3.8445781725638133	0.08591065292096221	0.2915451895043732	0.3999711053461391	0.11823126034523528	-19.047619047619047	3.804000326740631	0.0017335878210471556	0.0017405355844646309	0.06595298031386965	0.0003729450481680663	0.000373265585421223
ASAS_J045021+2300.4_A	0.934	0.007	0.007	1.058	0.01	0.01	5662.39	28.31	28.31	-0.26	0.26	0.26	NA	NA	NA	NA	4.36	0.018	0.018	0.0	1.0	0.1	0.1	0.0	MS	NA	6.494	0.035	0.162919618	True	True	Xiong23	EB	3	0.0	0.04139268515822508	0.045757490560675115	28.31	0.018	0.26	0.1	0.04357508785945009	0.007	0.01	10.0	inf	0.7494646680942184	0.9451795841209829	0.4999655622449177	0.4128440366972476	-100.0	3.752999778313245	0.0021659129392981313	0.002176768941466456	-0.029653123769906618	0.0032427471971635535	0.003267142085596284
ASAS_J045021+2300.4_B	0.409	0.002	0.002	0.408	0.004	0.004	3589.22	43.07	43.07	-0.26	0.26	0.26	NA	NA	NA	NA	4.829	0.019	0.019	0.0	0.0249	0.0032	0.0028	0.0	MS	NA	6.494	0.035	0.062827225	True	True	Xiong23	EB	3	-1.6038006529042637	0.052506972809343466	0.05180707341062574	43.07	0.019	0.26	0.003	0.0521570231099846	0.002	0.004	12.048192771084338	3.252088906157718	0.48899755501222497	0.9803921568627452	1.1999821688277676	0.3934562021122386	-100.0	3.5550000790793437	0.005180435982234943	0.005242977032017482	-0.38827669199265824	0.002118513868727412	0.0021288987821217464
ASAS_J060505+2032.1_A	1.716	0.01	0.01	2.048	0.004	0.004	7413.1	185.33	185.33	-0.12	0.31	0.31	NA	NA	NA	NA	4.05	0.003	0.003	0.0	11.43	2.96	2.35	0.0	MS	NA	10.46	0.05	0.195793499	True	True	Xiong23	EB	3	1.0580462303952818	0.10001456354132343	0.09996038187419665	185.33	0.003	0.31	2.6550000000000002	0.09998747270776004	0.01	0.004	23.228346456692915	9.4501988509902	0.5827505827505828	0.1953125	2.500033724083042	0.07407407407407407	-258.33333333333337	3.8699998586345257	0.010724008281341568	0.010995534518752681	0.23451728351268664	0.0025235078665041544	0.0025382566811824325
ASAS_J060505+2032.1_B	1.697	0.012	0.012	2.008	0.005	0.005	7413.1	163.09	163.09	-0.12	0.31	0.31	NA	NA	NA	NA	4.062	0.004	0.004	0.0	11.0	2.5	2.0	0.0	MS	NA	10.46	0.05	0.191969407	True	True	Xiong23	EB	3	1.0413926851582251	0.08894108333678097	0.08715017571890027	163.09	0.004	0.31	2.25	0.08804562952784062	0.012	0.005	20.454545454545453	8.454604183671917	0.7071302298173247	0.24900398406374502	2.20002428133979	0.09847365829640571	-258.33333333333337	3.8699998586345257	0.00945099898118551	0.009661253037073436	0.22968184231767583	0.0030602204030610314	0.0030819371103183724
ASAS_J065134-2211.5_A	0.956	0.005	0.005	0.997	0.002	0.002	5495.41	43.96	43.96	0.09	0.13	0.13	NA	NA	NA	NA	4.421	0.003	0.003	0.0	0.817	0.062	0.058	0.0	MS	NA	20.18	0.07	0.049405352	True	True	Xiong23	EB	3	-0.08777794346758454	0.031766818541356434	0.03198028063693517	43.96	0.003	0.13	0.06	0.0318735495891458	0.005	0.002	7.343941248470013	36.31157023052877	0.5230125523012552	0.20060180541624875	0.7999403138255381	0.06785795068988916	144.44444444444446	3.740000099688547	0.00346027495292045	0.0034880665417040824	-0.019542107723899943	0.0022654953924452874	0.0022773753386861433
ASAS_J065134-2211.5_B	0.674	0.002	0.002	0.69	0.003	0.003	3971.92	47.66	47.66	0.09	0.13	0.13	NA	NA	NA	NA	4.589	0.009	0.009	0.0	0.107	0.013	0.011	0.0	MS	NA	20.18	0.07	0.03419227	True	True	Xiong23	EB	3	-0.9706162223147904	0.049797468362415165	0.047112544645641186	47.66	0.009	0.13	0.012	0.048455006504028175	0.002	0.003	11.214953271028037	4.992190053084981	0.29673590504451036	0.4347826086956522	1.1999234627082116	0.1961211592939638	144.44444444444446	3.5990004926157804	0.005180184047890446	0.005242718978053951	-0.17134010346468015	0.001286799406316097	0.001290623481494585
ASAS_J085002+1752.5_A	1.326	0.001	0.001	1.571	0.011	0.011	6561.45	91.86	91.86	-0.01	0.27	0.27	NA	NA	NA	NA	4.168	0.014	0.014	0.0	4.12	0.59	0.52	0.0	MS	NA	18.076	0.012	0.086910821	True	True	Xiong23	EB	3	0.6148972160331346	0.05812369109576154	0.058594715265847364	91.86	0.014	0.27	0.5549999999999999	0.05835920318080445	0.001	0.011	13.470873786407765	9.49088752707244	0.07541478129713423	0.7001909611712285	1.399995427839883	0.33589251439539347	-2700.0	3.8169998237373464	0.006037935414832329	0.006123064920210197	0.12254352406875435	0.0003273987956811525	0.00032764579592763077
ASAS_J085002+1752.5_B	1.573	0.001	0.001	3.222	0.018	0.018	5727.96	103.1	103.1	-0.01	0.27	0.27	NA	NA	NA	NA	3.619	0.011	0.011	0.0	10.1	1.8	1.6	0.0	MS	NA	18.076	0.012	0.1782474	True	True	Xiong23	EB	3	1.0043213737826426	0.07122558760988817	0.07490244806834989	103.1	0.011	0.27	1.7000000000000002	0.07306401783911903	0.001	0.018	16.831683168316836	7.2749639454483725	0.06357279084551812	0.5586592178770949	1.7999427370302865	0.30395136778115495	-2700.0	3.757999976506515	0.007747533708021059	0.007888258964735773	0.19672872262328683	0.0002760053997588885	0.0002761809198977283
ASAS_J090232-5653.4_A	1.436	0.007	0.007	1.527	0.003	0.003	7030.72	98.43	98.43	-0.15	0.13	0.13	NA	NA	NA	NA	4.201	0.006	0.006	0.0	5.14	0.71	0.62	0.0	MS	NA	44.75	0.17	0.034122905	True	True	Xiong23	EB	3	0.7109631189952758	0.05619274708690469	0.055824684183893636	98.43	0.006	0.13	0.665	0.056008715635399164	0.007	0.003	12.937743190661479	7.877865129565369	0.4874651810584959	0.19646365422396858	1.3999988621364525	0.14282313734825042	-86.66666666666667	3.846999802404658	0.006037950123867208	0.006123080046944285	0.15715443990628153	0.002111891187212639	0.0021222111153112733
ASAS_J090232-5653.4_B	1.372	0.008	0.008	1.392	0.003	0.003	6683.44	100.25	100.25	-0.15	0.13	0.13	NA	NA	NA	NA	4.244	0.007	0.007	0.0	3.48	0.52	0.45	0.0	MS	NA	44.75	0.17	0.031106145	True	True	Xiong23	EB	3	0.541579243946581	0.06048074738138143	0.06013661544427601	100.25	0.007	0.13	0.485	0.06030868141282872	0.008	0.003	13.936781609195402	11.135707671023171	0.5830903790087464	0.21551724137931036	1.4999760602324552	0.16493873704052783	-86.66666666666667	3.825000053564479	0.006465939816619137	0.006563663950025944	0.13735411137073292	0.00252497503050364	0.00253974105027277
ASAS_J163903-2847.2_A	1.421	0.002	0.002	2.157	0.003	0.003	6637.43	33.19	33.19	-0.19	0.16	0.16	NA	NA	NA	NA	3.923	0.002	0.002	0.0	8.15	0.38	0.37	0.0	MS	NA	47.0	0.04	0.045893617	True	True	Xiong23	EB	3	0.9111576087399766	0.01979142242754639	0.02017801175028766	33.19	0.002	0.16	0.375	0.019984717088917026	0.002	0.003	4.601226993865031	2.1933326240400417	0.14074595355383532	0.13908205841446453	0.5000429383059407	0.05098139179199592	-84.21052631578948	3.8219999539352445	0.0021662473074068878	0.002177106670087081	0.15259407792746976	0.0006108221568145722	0.000611682469995739
ASAS_J163903-2847.2_B	1.141	0.001	0.001	1.224	0.002	0.002	6591.74	164.79	164.79	-0.19	0.16	0.16	NA	NA	NA	NA	4.32	0.003	0.003	0.0	2.55	0.66	0.53	0.0	MS	NA	47.0	0.04	0.026042553	True	True	Xiong23	EB	3	0.4065401804339551	0.09996485197091698	0.10118881098733146	164.79	0.003	0.16	0.595	0.10057683147912422	0.001	0.002	23.333333333333336	24.739702573006436	0.0876424189307625	0.16339869281045752	2.499946903245577	0.06944444444444443	-84.21052631578948	3.8190000690179176	0.0107236404197395	0.01099514779252786	0.05728564441821465	0.0003804594916145612	0.0003807930817420063
ASAS_J171750-1915.3_A	1.357	0.001	0.001	1.676	0.003	0.003	6531.31	58.78	58.78	0.04	0.12	0.12	NA	NA	NA	NA	4.122	0.003	0.003	0.0	4.61	0.4	0.37	0.0	MS	F	12.564	0.009	0.133397007	True	True	Xiong23	EB	3	0.6637009253896482	0.0361368004775976	0.036335068796915504	58.78	0.003	0.12	0.385	0.03623593463725655	0.001	0.003	8.351409978308025	5.459678185017297	0.07369196757553427	0.17899761336515513	0.8999725935532075	0.07278020378457059	300.0	3.8150002974637567	0.0038910482738754304	0.003926225409104589	0.13257984765973707	0.000319922284745755	0.00032015812869248816
ASAS_J171750-1915.3_B	1.345	0.001	0.001	1.648	0.003	0.003	6501.3	58.51	58.51	0.04	0.12	0.12	NA	NA	NA	NA	4.133	0.003	0.003	0.0	4.38	0.38	0.35	0.0	MS	F	12.564	0.009	0.131168418	True	True	Xiong23	EB	3	0.6414741105040995	0.03613284221639357	0.036169064362990055	58.51	0.003	0.12	0.365	0.03615095328969181	0.001	0.003	8.333333333333334	5.635605973448055	0.07434944237918216	0.1820388349514563	0.8999738513835694	0.07258649891120252	300.0	3.8130002068545044	0.0038910536878393742	0.00392623092140143	0.12872228433842678	0.00032277554953122345	0.00032301562062031497
ASAS_J231922-0852.2_A	1.136	0.001	0.001	1.64	0.004	0.004	6266.14	18.8	18.8	-0.39	0.07	0.07	NA	NA	NA	NA	4.064	0.005	0.005	0.0	3.74	0.11	0.11	0.0	MS	NA	18.04	0.015	0.090909091	True	True	Xiong23	EB	3	0.5728716022004802	0.012589127308020531	0.01296497716436762	18.8	0.005	0.07	0.11	0.012777052236194075	0.001	0.004	2.941176470588235	2.2303518252808527	0.08802816901408451	0.24390243902439027	0.30002521488508077	0.12303149606299213	-17.94871794871795	3.7970000937930917	0.0013010421997208255	0.0013049515247218757	0.05537833137500003	0.00038213331273467127	0.0003824698458584977
ASAS_J231922-0852.2_B	1.006	0.001	0.001	1.11	0.01	0.01	6237.35	43.66	43.66	-0.39	0.07	0.07	NA	NA	NA	NA	4.35	0.018	0.018	0.0	1.68	0.13	0.12	0.0	MS	NA	18.04	0.015	0.061529933	True	True	Xiong23	EB	3	0.22530928172586284	0.032369293143321654	0.032184683371401235	43.66	0.018	0.07	0.125	0.032276988257361444	0.001	0.01	7.440476190476191	14.325636303183167	0.09940357852882704	0.9009009009009008	0.6999767529479667	0.41379310344827586	-17.94871794871795	3.795000114550389	0.003029370294754141	0.0030506498322599995	0.0025979807199085947	0.00043148983370936735	0.0004319189634008685
ASASSN-V_J010440.99+051109.8_A	0.811	0.002	0.002	0.737	0.071	0.071	5212.25	31.08	31.08	-0.074	0.029	0.029	NA	NA	NA	NA	4.658	0.051	0.051	0.0	0.36	0.2	0.13	0.0	MS	NA	19.16652998	NA	0.038452448	True	True	Xiong23	EB	3	-0.44369749923271273	0.1918855262389132	0.19457466474969443	31.08	0.051	0.029	0.165	0.1932300954943038	0.002	0.071	45.833333333333336	43.54996271749494	0.2466091245376079	9.633649932157395	0.5962875917310183	1.0948905109489049	-39.18918918918919	3.717025238010736	0.0025819537996780717	0.0025973958006875186	-0.09097914578884395	0.001069691382912144	0.0010723325988837157
ASASSN-V_J010440.99+051109.8_B	0.847	0.002	0.002	1.082	0.059	0.059	4881.07	55.75	55.75	-0.074	0.029	0.029	NA	NA	NA	NA	4.297	0.068	0.068	0.0	0.6	0.19	0.14	0.0	MS	NA	19.16652998	NA	0.056452577	True	True	Xiong23	EB	3	-0.2218487496163564	0.11947584090679784	0.11539341870206957	55.75	0.068	0.029	0.165	0.1174346298044337	0.002	0.059	27.5	52.93454662580416	0.2361275088547816	5.4528650646950085	1.1421675984978703	1.5824994181987435	-39.18918918918919	3.688515035969519	0.004932256850204819	0.004988916294694334	-0.0721165896692931	0.0010242799132457597	0.001026701381014572
ASASSN-V_J064057.24+213910.5_A	1.657	0.023	0.023	1.681	0.058	0.058	8477.5	7.25	7.25	-0.604	0.01	0.01	NA	NA	NA	NA	4.05	0.02	0.02	0.0	13.15	2.26	1.93	0.0	MS	NA	10.91523409	NA	0.154004943	True	True	Xiong23	EB	3	1.1189257528257768	0.06887688589264251	0.06893289590563412	7.25	0.02	0.01	2.0949999999999998	0.06890489089913832	0.023	0.058	15.931558935361213	6.158128966566668	1.388050694025347	3.4503271861986917	0.08552049542907697	0.4938271604938272	-1.6556291390728477	3.9282677984501237	0.0003712520668588404	0.00037156969932450323	0.21932250841933676	0.005986773306526083	0.006070456222940057
ASASSN-V_J064057.24+213910.5_B	1.775	0.023	0.023	0.933	0.089	0.089	8718.72	416.29	416.29	-0.604	0.01	0.01	NA	NA	NA	NA	4.747	0.184	0.184	0.0	4.54	3.91	2.1	0.0	MS	NA	10.91523409	NA	0.085476866	True	True	Xiong23	EB	3	0.6570558528571039	0.2698008560925884	0.26966602651837446	416.29	0.184	0.01	3.005	0.26973344130548144	0.023	0.089	66.18942731277534	41.05182841497995	1.295774647887324	9.539121114683816	4.774668758716876	3.8761322940804717	-1.6556291390728477	3.940452730604516	0.02025629650193217	0.02124750797117736	0.24919835739111287	0.005591330006097045	0.005664255559050951
ASASSN-V_J172607.12+564531.5_A	1.069	0.04	0.04	1.272	0.241	0.241	5845.57	42.64	42.64	-0.114	0.041	0.041	NA	NA	NA	NA	4.366	0.07	0.07	0.0	1.7	2.38	0.99	0.0	MS	NA	14.40911851	NA	0.088277433	True	True	Xiong23	EB	3	0.2304489213782739	0.38021124171160603	0.37919057265919864	42.64	0.07	0.041	1.685	0.37970090718540234	0.04	0.241	99.11764705882354	164.7657558622878	3.7418147801683816	18.946540880503143	0.7294412692004373	1.6032982134677054	-35.96491228070176	3.766826865503869	0.003156424992496909	0.0031795337463509377	0.028977705208777998	0.015953840940382064	0.016562330446345107
ASASSN-V_J172607.12+564531.5_B	1.017	0.04	0.04	1.452	0.246	0.246	6131.13	282.37	282.37	-0.114	0.041	0.041	NA	NA	NA	NA	4.121	0.199	0.199	0.0	2.69	3.85	1.58	0.0	MS	NA	14.40911851	NA	0.100769523	True	True	Xiong23	EB	3	0.42975228000240795	0.38582546832185927	0.3844293012157506	282.37	0.199	0.041	2.715	0.3851273847688049	0.04	0.246	100.92936802973978	89.61613531559321	3.9331366764995086	16.94214876033058	4.605513176200798	4.828925018199466	-35.96491228070176	3.78754052468768	0.019554574386938306	0.02047672394568556	0.0073209529227445565	0.016754034384681687	0.01742638920397154
BN_Scl_A	1.407	0.001	0.001	1.834	0.003	0.003	6309.57	18.93	18.93	-0.23	0.06	0.06	NA	NA	NA	NA	4.059	0.003	0.003	0.0	4.81	0.13	0.13	0.0	MS	F7	13.8252	0.0063	0.132656309	True	True	Xiong23	EB	3	0.6821450763738317	0.011581872549815131	0.011899223299707717	18.93	0.003	0.06	0.13	0.011740547924761424	0.001	0.003	2.702702702702703	1.7211218451025403	0.07107320540156362	0.16357688113413302	0.3000204451333451	0.07390983000739097	-26.08695652173913	3.799999762890647	0.0013010215469155817	0.0013049307476173944	0.1482940974347457	0.0003085573713476897	0.0003087767509405148
BN_Scl_B	1.244	0.001	0.001	1.38	0.004	0.004	6237.35	31.19	31.19	-0.23	0.06	0.06	NA	NA	NA	NA	4.256	0.006	0.006	0.0	2.6	0.13	0.12	0.0	MS	F8	13.8252	0.0063	0.099817724	True	True	Xiong23	EB	3	0.414973347970818	0.02118929906993805	0.020521667144601685	31.19	0.006	0.06	0.125	0.020855483107269868	0.001	0.004	4.8076923076923075	5.02574037808724	0.08038585209003216	0.2898550724637682	0.500052105461454	0.14097744360902253	-26.08695652173913	3.795000114550389	0.0021662869217666803	0.0021771466826194796	0.0948203803547999	0.00034897107695520957	0.0003492517131550993
Cl*_NGC_2632_KP_401228_A	0.983	0.029	0.029	1.315	0.197	0.197	6366.84	11.14	11.14	-0.09	0.009	0.009	NA	NA	NA	NA	4.162	0.016	0.016	0.0	2.56	2.55	1.28	0.0	MS	NA	12.30985467	NA	0.106824982	True	True	Xiong23	EB	3	0.4082399653118496	0.3001809348228631	0.3010299956639812	11.14	0.016	0.009	1.915	0.30060546524342213	0.029	0.197	74.8046875	73.63450195617013	2.9501525940996953	14.980988593155894	0.17496905843401123	0.3844305622296973	-10.0	3.8039239360912314	0.0007592169619528022	0.0007605465205591244	-0.007446482167864384	0.012626994671644697	0.01300514312804052
DS_And_A	1.655	0.013	0.013	2.086	0.006	0.006	7063.18	63.57	63.57	-0.03	0.02	0.02	NA	NA	NA	NA	4.018	0.013	0.013	0.0	9.77	0.84	0.78	0.0	MS	NA	36.67167013	NA	0.056883147	True	True	Xiong23	EB	3	0.989894563718773	0.0358208201825676	0.036134871985544215	63.57	0.013	0.02	0.81	0.03597784608405591	0.013	0.006	8.290685772773797	3.634512947408926	0.7854984894259819	0.28763183125599234	0.9000195379418335	0.3235440517670483	-66.66666666666667	3.8490002740708817	0.0038912503322476866	0.003926431137541542	0.21879799811173756	0.0033980481899823223	0.003424845328315551
DS_And_B	1.087	0.017	0.017	1.255	0.006	0.006	5970.35	59.7	59.7	-0.03	0.02	0.02	NA	NA	NA	NA	4.277	0.025	0.025	0.0	1.8	0.18	0.16	0.0	MS	NA	36.67167013	NA	0.034222603	True	True	Xiong23	EB	3	0.25527250510330607	0.04139268515822503	0.040428657055608164	59.7	0.025	0.02	0.16999999999999998	0.040910671106916596	0.017	0.006	9.444444444444445	16.026273997021526	1.5639374425023	0.47808764940239046	0.9999413769711993	0.5845218611176057	-66.66666666666667	3.77599979153358	0.004321121706748254	0.004364548234264465	0.03622954408629453	0.006739529306885518	0.006845766401084863
EPIC210822691_A	1.09	0.004	0.004	1.25	0.004	0.004	5956.62	53.61	53.61	0.0	0.05	0.05	NA	NA	NA	NA	4.286	0.021	0.021	0.0	1.77	0.16	0.14	0.0	MS	NA	21.51646759	NA	0.058095038	True	True	Xiong23	EB	3	0.24797326636180664	0.037584042645967125	0.03578566195784885	53.61	0.021	0.05	0.15000000000000002	0.03668485230190799	0.004	0.004	8.474576271186441	14.793873888156464	0.3669724770642202	0.32	0.9000070509785751	0.489967335510966	inf	3.774999895353657	0.003891196585780854	0.003926376414837396	0.037426497940623665	0.0015908240567883355	0.0015966726877954945
EPIC210822691_B	0.96	0.009	0.009	0.94	0.004	0.004	5559.04	66.71	66.71	0.0	0.05	0.05	NA	NA	NA	NA	4.473	0.033	0.033	0.0	0.76	0.091	0.081	0.0	MS	NA	21.51646759	NA	0.043687468	True	True	Xiong23	EB	3	-0.11918640771920865	0.04911596780379651	0.04894381800028964	66.71	0.033	0.05	0.086	0.04902989290204308	0.009	0.004	11.31578947368421	41.13715132479925	0.9374999999999999	0.4255319148936171	1.200027342850564	0.7377598926894703	inf	3.7449997990100976	0.005180629844170781	0.0052431756031690036	-0.017728766960431602	0.004052544011196917	0.004090716102154484
EPIC211391083_A	1.594	0.013	0.013	1.432	0.228	0.228	5529.74	45.16	45.16	0.03	0.13	0.13	NA	NA	NA	NA	4.21	0.1	0.1	0.0	1.73	1.88	0.9	0.0	MS	NA	70.27746546	NA	0.020376375	True	True	Xiong23	EB	3	0.2380461031287954	0.3194610987768626	0.3189680107527215	45.16	0.1	0.13	1.39	0.31921455476479205	0.013	0.228	80.34682080924856	134.0977863401865	0.8155583437892095	15.921787709497208	0.8166749250416837	2.375296912114014	433.33333333333337	3.7427047119159393	0.003532369698842519	0.00356133627983235	0.20248831706009357	0.003527559703250971	0.003556447127884471
EPIC211396167_A	0.746	0.011	0.011	0.661	0.083	0.083	4697.68	43.23	43.23	-0.224	0.17	0.17	NA	NA	NA	NA	4.13	0.2	0.2	0.0	0.19	0.15	0.08	0.0	MS	NA	13.03572926	NA	0.050706791	True	True	Xiong23	EB	3	-0.721246399047171	0.2527253160894261	0.23736091579460394	43.23	0.2	0.17	0.11499999999999999	0.24504311594201503	0.011	0.083	60.526315789473685	33.9749517315772	1.4745308310991956	12.556732223903177	0.9202414809012107	4.842615012106537	-75.89285714285714	3.671883429860175	0.003978281022086527	0.004015060563700601	-0.1272611725273312	0.00635705202740397	0.006451488388473897
EPIC211396167_B	0.756	0.011	0.011	0.873	0.173	0.173	4658.78	123.6	123.6	-0.224	0.17	0.17	NA	NA	NA	NA	4.434	0.26	0.26	0.0	0.32	0.51	0.2	0.0	MS	NA	13.03572926	NA	0.066969786	True	True	Xiong23	EB	3	-0.494850021680094	0.4139281140561679	0.4259687322722812	123.6	0.26	0.17	0.355	0.41994842316422454	0.011	0.173	110.9375	84.86377786514656	1.455026455026455	19.816723940435278	2.6530550916763618	5.863779882724402	-75.89285714285714	3.668272202390285	0.0113718790813091	0.011677673628043284	-0.12147820449879346	0.006273568447774422	0.006365522752913716
EPIC211563123_A	1.148	0.009	0.009	2.081	0.105	0.105	5971.97	10.79	10.79	-0.234	0.01	0.01	NA	NA	NA	NA	3.8	0.04	0.04	0.0	4.97	1.3	1.03	0.0	MS	NA	37.21705321	NA	0.055915228	True	True	Xiong23	EB	3	0.696356388733332	0.10091115209738433	0.10086016690775801	10.79	0.04	0.01	1.165	0.10088565950257117	0.009	0.105	23.440643863179076	14.487647580297432	0.7839721254355401	5.045651129264777	0.18067739791057222	1.0526315789473684	-4.273504273504273	3.776117617394049	0.000783963959404943	0.0007853816866147945	0.05994188806195468	0.003391470889794794	0.0034181639828543137
EPIC211563123_B	1.157	0.009	0.009	2.15	0.161	0.161	5665.94	84.29	84.29	-0.234	0.01	0.01	NA	NA	NA	NA	3.836	0.078	0.078	0.0	4.3	1.93	1.33	0.0	MS	NA	37.21705321	NA	0.057769216	True	True	Xiong23	EB	3	0.6334684555795865	0.16101959107958308	0.1607120062623742	84.29	0.078	0.01	1.63	0.16086579867097864	0.009	0.161	37.906976744186046	25.394445019964863	0.7778738115816767	7.488372093023257	1.4876613589272036	2.0333680917622523	-4.273504273504273	3.7532719712068534	0.006413244914627025	0.006509370841105699	0.06333335895174956	0.0033651914712456987	0.003391470889794794
EPIC211770390_A	0.825	0.03	0.03	2.156	0.322	0.322	5840.19	128.78	128.78	0.034	0.067	0.067	NA	NA	NA	NA	3.972	0.107	0.107	0.0	4.88	5.1	2.49	0.0	MS	NA	19.31968792	NA	0.111596006	True	True	Xiong23	EB	3	0.6884198220027106	0.31071071928466054	0.31002192105457294	128.78	0.107	0.067	3.795	0.31036632016961674	0.03	0.322	77.76639344262296	45.08387327760512	3.6363636363636367	14.935064935064936	2.2050652461649367	2.6938569989929504	197.05882352941177	3.7664269763263194	0.00947241980991853	0.00968363872392164	-0.08354605145007493	0.015512166178247563	0.016086819893454812
EPIC211770390_B	0.859	0.03	0.03	1.998	0.332	0.332	5343.71	240.28	240.28	0.034	0.067	0.067	NA	NA	NA	NA	3.77	0.153	0.153	0.0	2.94	4.08	1.71	0.0	MS	NA	19.31968792	NA	0.10341782	True	True	Xiong23	EB	3	0.46834733041215726	0.37798978171764797	0.3784422189727593	240.28	0.153	0.067	2.895	0.37821600034520364	0.03	0.332	98.46938775510205	80.75545130413452	3.492433061699651	16.616616616616618	4.496501494280191	4.058355437665782	197.05882352941177	3.727842881200801	0.019101750665609263	0.01998071895133746	-0.0660068361687577	0.0149085971389714	0.01543863328096877
EPIC211902535_A	1.922	0.064	0.064	2.097	0.252	0.252	5808.92	21.47	21.47	0.1	0.02	0.02	NA	NA	NA	NA	3.935	0.035	0.035	0.0	4.52	3.35	1.92	0.0	MS	NA	31.41212834	NA	0.066757654	True	True	Xiong23	EB	3	0.6551384348113821	0.24083629754768243	0.2401650868405642	21.47	0.035	0.02	2.635	0.24050069219412332	0.064	0.252	58.296460176991154	36.70990426067198	3.329864724245578	12.017167381974248	0.36960398834895297	0.889453621346887	20.0	3.764095395447171	0.0016022106296813554	0.0016081434415324836	0.28375338333252653	0.014225860826835857	0.01470767367490361
EPIC219394517_A	1.078	0.001	0.001	1.055	0.005	0.005	5929.25	41.5	41.5	0.07	0.03	0.03	NA	NA	NA	NA	4.425	0.009	0.009	0.0	1.2	0.1	0.1	0.0	MS	G0	18.954	0.012	0.055661074	True	True	Xiong23	EB	3	0.07918124604762482	0.03476210625921197	0.03778856088939983	41.5	0.009	0.03	0.1	0.0362753335743059	0.001	0.005	8.333333333333334	45.81303703213704	0.09276437847866419	0.47393364928909953	0.6999198886874394	0.20338983050847456	42.857142857142854	3.77299976225785	0.0030291250529743685	0.003050401133149361	0.03261876085071993	0.00040268383219072695	0.00040305755273827015
EPIC219394517_B	1.066	0.001	0.001	1.042	0.005	0.005	5874.89	41.12	41.12	0.07	0.03	0.03	NA	NA	NA	NA	4.43	0.01	0.01	0.0	1.2	0.1	0.1	0.0	MS	G1	18.954	0.012	0.054975203	True	True	Xiong23	EB	3	0.07918124604762482	0.03476210625921197	0.03778856088939983	41.12	0.01	0.03	0.1	0.0362753335743059	0.001	0.005	8.333333333333334	45.81303703213704	0.09380863039399624	0.4798464491362764	0.6999279986518896	0.22573363431151244	42.857142857142854	3.768999739396498	0.003029160029294875	0.0030504366025354557	0.027757204690553483	0.00040721473391638896	0.0004075969157968859
EPIC219511354_A	0.912	0.006	0.006	0.92	0.007	0.007	5035.01	65.46	65.46	0.07	0.03	0.03	NA	NA	NA	NA	4.47	0.016	0.016	0.0	0.491	0.065	0.057	0.0	MS	K	6.979	0.052	0.131824044	True	True	Xiong23	EB	3	-0.3089185078770315	0.05399329945908904	0.05359176261045778	65.46	0.016	0.03	0.061	0.05379253103477341	0.006	0.007	12.423625254582484	17.413178447756238	0.6578947368421052	0.7608695652173914	1.300096722747323	0.3579418344519016	42.857142857142854	3.702000337439886	0.005609860030916014	0.00568327292485149	-0.04000516167158381	0.002847842872826259	0.0028666406516031084
EPIC219511354_B	0.822	0.007	0.007	0.851	0.007	0.007	4688.13	56.26	56.26	0.07	0.03	0.03	NA	NA	NA	NA	4.494	0.017	0.017	0.0	0.316	0.039	0.035	0.0	MS	K	6.979	0.052	0.12193724	True	True	Xiong23	EB	3	-0.5003129173815962	0.05054127043669027	0.05098076271332386	56.26	0.017	0.03	0.037000000000000005	0.05076101657500706	0.007	0.007	11.708860759493673	10.145853687061784	0.8515815085158153	0.8225616921269097	1.2000520463383055	0.3782821539830886	42.857142857142854	3.6709996459920857	0.005180735857848617	0.005243284192164133	-0.08512818245994963	0.0036827130102231598	0.0037142088000737816
EPIC219568666_A	1.121	0.006	0.006	1.178	0.003	0.003	6137.62	42.96	42.96	0.07	0.03	0.03	NA	NA	NA	NA	4.346	0.005	0.005	0.0	1.77	0.12	0.11	0.0	MS	F8	27.086	0.089	0.043491102	True	True	Xiong23	EB	3	0.24797326636180664	0.028488537811437536	0.02786517832175156	42.96	0.005	0.03	0.11499999999999999	0.02817685806659455	0.006	0.003	6.497175141242938	11.362861198707993	0.5352363960749331	0.2546689303904924	0.6999455815120519	0.11504832029452369	42.857142857142854	3.787999996345421	0.0030292358599197655	0.003050513502175889	0.04960561259497315	0.0023183034511333953	0.0023307452107936694
EPIC219568666_B	0.733	0.002	0.002	0.64	0.007	0.007	4497.8	44.98	44.98	0.07	0.03	0.03	NA	NA	NA	NA	4.69	0.022	0.022	0.0	0.151	0.017	0.015	0.0	MS	NA	27.086	0.089	0.023628443	True	True	Xiong23	EB	3	-0.8210230527068306	0.04633233443269347	0.04543803892295184	44.98	0.022	0.03	0.016	0.045885186677822654	0.002	0.007	10.596026490066226	5.588781767642675	0.2728512960436562	1.09375	1.0000444661834675	0.4690831556503197	42.857142857142854	3.653000140110842	0.004321564984759885	0.0043650004673234655	-0.13489602535887207	0.0011833644430669643	0.0011865976832674818
EPIC220398184_A	0.444	0.011	0.011	0.517	0.026	0.026	3631.17	89.92	89.92	-0.498	0.107	0.107	NA	NA	NA	NA	4.656	0.149	0.149	0.0	0.04	0.02	0.01	0.0	MS	NA	7.803052742	NA	0.06625612	True	True	Xiong23	EB	3	-1.3979400086720375	0.17609125905568113	0.12493873660830013	89.92	0.149	0.107	0.015	0.15051499783199063	0.011	0.026	37.5	10.766913951834828	2.477477477477477	5.029013539651838	2.4763368280746976	3.2001718213058417	-21.4859437751004	3.5600465816955005	0.01062359249982725	0.010889994167006645	-0.3526170298853802	0.01062842654249263	0.01089507376125437
EPIC220398184_B	0.433	0.011	0.011	0.488	0.041	0.041	3637.21	19.92	19.92	-0.498	0.107	0.107	NA	NA	NA	NA	4.687	0.11	0.11	0.0	0.04	0.02	0.01	0.0	MS	NA	7.803052742	NA	0.062539626	True	True	Xiong23	EB	3	-1.3979400086720375	0.17609125905568113	0.12493873660830013	19.92	0.11	0.107	0.015	0.15051499783199063	0.011	0.041	37.5	10.766913951834828	2.5404157043879905	8.401639344262296	0.5476725292188244	2.3469170044804777	-21.4859437751004	3.5607683764488027	0.0023720220295682104	0.002385048679424351	-0.36351210364663455	0.01089507376125437	0.011175445391691574
G250-29_A	0.35	0.005	0.005	0.355	0.017	0.017	3448.0	109.0	109.0	-0.14	0.1	0.1	NA	NA	NA	NA	4.88	0.04	0.04	1.0	0.0161	0.004	0.0032	0.0	MS	M	992.9989812	NA	0.000357503	True	True	Xiong23	EB	3	-1.7931741239681502	0.09637018138863906	0.09623616573260074	109.0	0.04	0.1	0.0036	0.0963031735606199	0.005	0.017	22.360248447204967	5.370542228632472	1.4285714285714286	4.788732394366198	3.1612529002320184	0.819672131147541	-71.42857142857142	3.5375672571526753	0.013516608033104838	0.013950838098304441	-0.4559319556497244	0.006160308704818429	0.0062489492770015365
G250-29_B	0.187	0.004	0.004	0.231	0.011	0.011	3279.0	109.0	109.0	-0.14	0.1	0.1	NA	NA	NA	NA	4.98	0.04	0.04	1.0	0.0056	0.0014	0.0011	0.0	MS	M	992.9989812	NA	0.000232629	True	True	Xiong23	EB	3	-2.2518119729937998	0.09691001300805668	0.09497551323085673	109.0	0.04	0.1	0.00125	0.09594276311945671	0.004	0.011	22.321428571428573	4.2606915794972045	2.1390374331550803	4.761904761904761	3.3241842025007626	0.8032128514056224	-71.42857142857142	3.515741416669365	0.01420198498930425	0.01468215445161336	-0.7281583934635011	0.009191760711228625	0.009390516806069504
GJ_1081_A	0.325	0.01	0.01	0.343	0.015	0.015	3390.0	109.0	109.0	-0.12	0.1	0.1	NA	NA	NA	NA	4.88	0.04	0.04	1.0	0.014	0.0031	0.0025	0.0	MS	M	867.5897227	NA	0.000395348	True	True	Xiong23	EB	3	-1.853871964321762	0.08686807471391589	0.08543019532462637	109.0	0.04	0.1	0.0028	0.08614913501927113	0.01	0.015	19.999999999999996	4.646984078578951	3.0769230769230766	4.373177842565597	3.215339233038348	0.819672131147541	-83.33333333333334	3.530199698203082	0.013744244279824347	0.014193467817034566	-0.4881166390211256	0.013161446057970871	0.013572807189273839
GJ_1081_B	0.205	0.007	0.007	0.237	0.011	0.011	3168.0	109.0	109.0	-0.12	0.1	0.1	NA	NA	NA	NA	5.0	0.04	0.04	1.0	0.0051	0.0012	0.001	0.0	MS	M	867.5897227	NA	0.000273171	True	True	Xiong23	EB	3	-2.2924298239020637	0.09177037335564542	0.09478631937820081	109.0	0.04	0.1	0.0010999999999999998	0.09327834636692311	0.007	0.011	21.568627450980387	4.068972816282298	3.414634146341464	4.641350210970463	3.4406565656565657	0.8	-83.33333333333334	3.500785172917456	0.014691268464920082	0.015205695932777097	-0.6882461389442457	0.014581999872997131	0.015088670794223269
GJ_1245_A	0.12	0.001	0.001	0.146	0.007	0.007	2927.0	109.0	109.0	-0.07	0.1	0.1	NA	NA	NA	NA	5.19	0.04	0.04	1.0	0.00141	0.00035	0.00028	0.0	MS	M	827.2013477	NA	0.000176499	True	True	Xiong23	EB	3	-2.85078088734462	0.0962935551587698	0.09614066917196062	109.0	0.04	0.1	0.00031499999999999996	0.09621711216536522	0.001	0.007	22.34042553191489	3.375114257026864	0.8333333333333334	4.794520547945206	3.7239494362828833	0.770712909441233	-142.85714285714283	3.466422722433792	0.01587904478965063	0.016481733660454356	-0.9208187539523752	0.0036041242688252817	0.0036342846550940777
GJ_1245_C	0.081	0.001	0.001	0.087	0.004	0.004	2611.0	109.0	109.0	-0.07	0.1	0.1	NA	NA	NA	NA	5.47	0.04	0.04	1.0	0.000317	7.5e-05	6.1e-05	0.0	MS	M	827.2013477	NA	0.000105174	True	True	Xiong23	EB	3	-3.4989407377822483	0.09222680480270551	0.09281929690590207	109.0	0.04	0.1	6.8e-05	0.09252305085430379	0.001	0.004	21.45110410094637	2.644316031284032	1.2345679012345678	4.597701149425288	4.1746457296055155	0.7312614259597806	-142.85714285714283	3.4168068718229443	0.017762032211254386	0.018519566465543313	-1.0915149811213503	0.0053288335050669655	0.005395031886706203
GJ_22_A	0.405	0.008	0.008	0.376	0.018	0.018	3577.0	109.0	109.0	-0.19	0.1	0.1	NA	NA	NA	NA	4.9	0.04	0.04	1.0	0.0208	0.0052	0.0041	0.0	MS	M	1107.399497	NA	0.000339534	True	True	Xiong23	EB	3	-1.6819366650372385	0.09691001300805646	0.0953468638151782	109.0	0.04	0.1	0.00465	0.09612843841161733	0.008	0.018	22.35576923076923	5.715342343731417	1.9753086419753085	4.787234042553191	3.0472462957785855	0.8163265306122448	-52.63157894736842	3.5535189401489697	0.013036390734085135	0.01343985134479686	-0.3925449767853314	0.008495028441732444	0.008664516451553528
GJ_22_C	0.157	0.003	0.003	0.179	0.009	0.009	3196.0	109.0	109.0	-0.19	0.1	0.1	NA	NA	NA	NA	5.13	0.05	0.04	1.0	0.003013	0.000789	0.000625	0.0	MS	M	1107.399497	NA	0.00016164	True	True	Xiong23	EB	3	-2.521000868326643	0.10101298085606736	0.10096480921602558	109.0	0.045	0.1	0.000707	0.10098889503604647	0.003	0.009	23.46498506471955	4.005904809667104	1.910828025477707	5.027932960893854	3.4105131414267835	0.8771929824561404	-52.63157894736842	3.5046067706419537	0.014564693179705213	0.015070141159858164	-0.8041003475907662	0.008220330246690999	0.008378931572770698
GJ_469_A	0.332	0.007	0.007	0.329	0.016	0.016	3320.0	109.0	109.0	-0.1	0.1	0.1	NA	NA	NA	NA	4.92	0.04	0.04	1.0	0.0119	0.003	0.0024	0.0	MS	M	884.1356604	NA	0.000372115	True	True	Xiong23	EB	3	-1.9244530386074692	0.09763930701974322	0.09782335610368276	109.0	0.04	0.1	0.0027	0.09773133156171299	0.007	0.016	22.689075630252102	5.078395242755895	2.108433734939759	4.86322188449848	3.283132530120482	0.8130081300813008	-100.0	3.5211380837040362	0.014029401410907916	0.014497778137533945	-0.4788619162959637	0.009061614499045911	0.009254722725161924
GJ_469_B	0.188	0.004	0.004	0.266	0.011	0.011	3134.0	109.0	109.0	-0.1	0.1	0.1	NA	NA	NA	NA	4.86	0.04	0.04	1.0	0.0062	0.0013	0.0011	0.0	MS	M	884.1356604	NA	0.000300859	True	True	Xiong23	EB	3	-2.207608310501746	0.0826695738934462	0.08482151340031763	109.0	0.04	0.1	0.0012000000000000001	0.08374554364688191	0.004	0.011	19.35483870967742	3.7934964843400225	2.127659574468085	4.135338345864661	3.4779834077855774	0.8230452674897119	-100.0	3.496098992132571	0.014847956540401608	0.015373613144083365	-0.7258421507363202	0.009143379439869759	0.009340026254143319
HD285001_A	1.324	0.016	0.016	2.399	0.078	0.078	6692.25	14.63	14.63	-0.108	0.013	0.013	NA	NA	NA	NA	3.998	0.024	0.024	0.0	10.4	1.71	1.47	0.0	MS	NA	14.95683618	NA	0.160394884	True	True	Xiong23	EB	3	1.0170333392987803	0.06611080384427193	0.06618188041023387	14.63	0.024	0.013	1.5899999999999999	0.0661463421272529	0.016	0.078	15.288461538461538	6.503851896621128	1.2084592145015105	3.2513547311379742	0.21861107998057455	0.6003001500750375	-12.037037037037038	3.8255721563776968	0.0009483796030247404	0.0009504551362433666	0.12188798510368115	0.005216813261126496	0.005280241115432668
HD285001_B	1.573	0.016	0.016	1.699	0.202	0.202	6300.44	79.4	79.4	-0.108	0.013	0.013	NA	NA	NA	NA	4.174	0.162	0.162	0.0	4.1	3.08	1.76	0.0	MS	NA	14.95683618	NA	0.113593542	True	True	Xiong23	EB	3	0.6127838567197355	0.24334058752256482	0.24356799930959266	79.4	0.162	0.013	2.42	0.24345429341607874	0.016	0.202	59.024390243902445	39.729227646319295	1.0171646535282899	11.889346674514421	1.2602294442927797	3.8811691423095347	-12.037037037037038	3.7993708800725305	0.005438907114394986	0.005507886297225095	0.19672872262328683	0.00439517458409272	0.004440110055166563
HD96609_B	1.84	0.004	0.004	1.697	0.002	0.002	8953.65	107.44	107.44	0.02	0.06	0.06	NA	NA	NA	NA	4.243	0.002	0.002	0.0	16.7	1.9	1.7	0.0	MS	A2	28.23	0.06	0.060113355	True	True	Xiong23	EB	3	1.2227164711475833	0.04679647307033297	0.04662521209190196	107.44	0.002	0.06	1.7999999999999998	0.04671084258111746	0.004	0.002	10.778443113772454	3.820251356986865	0.21739130434782608	0.11785503830288745	1.1999575592076974	0.047136460051850106	300.0	3.952000113719579	0.0051803303713122695	0.005242868855712235	0.2648178230095365	0.0009430937080740498	0.0009451461443128473
KIC10031808_A	1.741	0.004	0.004	2.59	0.009	0.009	7112.14	49.78	49.78	-0.11	0.08	0.08	NA	NA	NA	NA	3.852	0.006	0.006	0.0	15.5	1.1	1.0	0.0	MS	NA	26.905	0.054	0.096264635	True	True	Xiong23	EB	3	1.1903316981702914	0.02977638986976383	0.028963695935316558	49.78	0.006	0.08	1.05	0.029370042902540194	0.004	0.009	6.774193548387097	2.467383078824677	0.22975301550832855	0.34749034749034746	0.6999299788811806	0.1557632398753894	-72.72727272727273	3.852000296981988	0.003029168569545604	0.0030504452631809897	0.24079877111733122	0.0009966601778675088	0.0009989526702325613
KIC10031808_B	1.798	0.006	0.006	3.027	0.006	0.006	6839.12	47.87	47.87	-0.11	0.08	0.08	NA	NA	NA	NA	3.731	0.004	0.004	0.0	18.1	1.2	1.1	0.0	MS	NA	26.905	0.054	0.112506969	True	True	Xiong23	EB	3	1.2576785748691846	0.027878734138589323	0.027229653490910666	47.87	0.004	0.08	1.15	0.027554193814749994	0.006	0.006	6.353591160220994	2.1908772531658975	0.3337041156840934	0.19821605550049554	0.6999438524254583	0.1072098633074243	-72.72727272727273	3.835000223981694	0.0030292284027879646	0.0030505059399166257	0.25478968739721	0.0014468458087129599	0.0014516820711035772
KIC3439031_A	1.226	0.001	0.001	1.407	0.001	0.001	6531.31	97.97	97.97	0.1	0.13	0.13	NA	NA	NA	NA	4.23	0.001	0.001	0.0	3.25	0.48	0.42	0.0	MS	F	18.646	0.13	0.075458543	True	True	Xiong23	EB	3	0.5118833609788743	0.059825470829813265	0.06009692545458406	97.97	0.001	0.13	0.44999999999999996	0.05996119814219866	0.001	0.001	13.846153846153843	11.713840048939057	0.08156606851549755	0.07107320540156362	1.5000053588024453	0.02364066193853428	130.0	3.8150002974637567	0.006466065178278413	0.006563793129783502	0.08849047018239622	0.00035409254460797013	0.0003543814818449259
KIC3439031_B	1.227	0.001	0.001	1.403	0.001	0.001	6531.31	97.97	97.97	0.1	0.13	0.13	NA	NA	NA	NA	4.233	0.002	0.002	0.0	3.23	0.48	0.42	0.0	MS	F	18.646	0.13	0.07524402	True	True	Xiong23	EB	3	0.5092025223311029	0.060171387283943	0.06049620242602294	97.97	0.002	0.13	0.44999999999999996	0.06033379485498297	0.001	0.001	13.931888544891638	11.84868342340057	0.08149959250203749	0.07127583749109052	1.5000053588024453	0.04724781478856604	130.0	3.8150002974637567	0.006466065178278413	0.006563793129783502	0.08884456272700428	0.00035380407814458725	0.00035409254460797013
KIC5359678_A	1.32	0.06	0.06	1.52	0.04	0.04	6500.0	50.0	50.0	-0.104	0.046	0.046	NA	NA	NA	NA	4.2	0.079	0.079	0.0	3.72	0.56	0.49	0.0	MS	F	19.19	NA	0.079207921	True	True	Xiong23	EB	3	0.5705429398818975	0.06090082913127448	0.06134041755079456	50.0	0.079	0.046	0.525	0.06112062334103452	0.06	0.04	14.11290322580645	10.71271223752002	4.545454545454545	2.6315789473684212	0.7692307692307693	1.880952380952381	-44.230769230769226	3.8129133566428557	0.003327943348927498	0.0033536420075881423	0.12057393120584989	0.01930515519538667	0.02020338608828698
KIC7821010_A	1.277	0.007	0.007	1.276	0.005	0.005	6714.29	67.14	67.14	0.1	0.08	0.08	NA	NA	NA	NA	4.332	0.007	0.007	0.0	2.99	0.3	0.27	0.0	MS	NA	47.83	0.2	0.026677817	True	True	Xiong23	EB	3	0.4756711883244297	0.041524709625544665	0.04110228429023094	67.14	0.007	0.08	0.28500000000000003	0.0413134969578878	0.007	0.005	9.531772575250837	8.685305726297237	0.5481597494126861	0.39184952978056425	0.9999568085382073	0.1615881809787627	80.0	3.827000095130616	0.004321188061676917	0.004364615929627558	0.10619089726341525	0.0023741264694191466	0.002387176307458383
KIC7821010_B	1.221	0.007	0.007	1.21	0.006	0.006	6561.45	72.18	72.18	0.1	0.08	0.08	NA	NA	NA	NA	4.359	0.009	0.009	0.0	2.45	0.27	0.24	0.0	MS	NA	47.83	0.2	0.02529793	True	True	Xiong23	EB	3	0.3891660843645325	0.04540281966966625	0.044773810679421766	72.18	0.009	0.08	0.255	0.04508831517454401	0.007	0.006	10.408163265306122	11.585879907332755	0.5733005733005733	0.49586776859504134	1.1000617241615802	0.2064693737095664	80.0	3.8169998237373464	0.004751420738919876	0.00480397944904043	0.0867156639448825	0.0024827028602663614	0.002496977205643666
KIC8301013_A	1.29	0.02	0.02	1.45	0.01	0.01	6144.0	100.0	100.0	-0.019	0.035	0.035	NA	NA	NA	NA	4.22	0.01	0.01	0.0	2.7	0.44	0.38	0.0	MS	F	15.2	0.1	0.095394737	True	True	Xiong23	EB	3	0.43136376415898736	0.06556588391422757	0.06587577926808763	100.0	0.01	0.035	0.41000000000000003	0.0657208315911576	0.02	0.01	15.185185185185183	15.23559395845195	1.5503875968992247	0.6896551724137931	1.6276041666666667	0.23696682464454977	-184.2105263157895	3.7884512070234555	0.0070116873669245905	0.0071267513564676754	0.11058971029924898	0.006681585356515293	0.006785989343292109
KIC8301013_B	1.11	0.05	0.05	1.2	0.01	0.01	5966.0	97.0	97.0	-0.019	0.035	0.035	NA	NA	NA	NA	4.33	0.02	0.02	0.0	1.64	0.27	0.24	0.0	MS	F	15.2	0.1	0.078947368	True	True	Xiong23	EB	3	0.21484384804769785	0.06618951920002969	0.06871581236945984	97.0	0.02	0.035	0.255	0.06745266578474476	0.05	0.01	15.548780487804878	31.396135564360904	4.504504504504504	0.8333333333333334	1.6258799865906806	0.4618937644341801	-184.2105263157895	3.7756832490260437	0.007004319208922638	0.0071191395124703405	0.045322978786657475	0.019135010440261058	0.020017113521887214
KIC9850387_A	1.66	0.004	0.004	2.154	0.001	0.001	7328.25	36.64	36.64	-0.2	0.05	0.05	NA	NA	NA	NA	3.992	0.003	0.003	0.0	12.05	0.57	0.54	0.0	MS	F	11.52912366	NA	0.186831199	True	True	Xiong23	EB	3	1.0809870469108873	0.020072307997228256	0.019911723281095473	36.64	0.003	0.05	0.5549999999999999	0.019992015639161864	0.004	0.001	4.605809128630704	1.849422312348016	0.24096385542168677	0.04642525533890437	0.49998294272165933	0.0751503006012024	-25.0	3.8650002766762355	0.0021659880462343573	0.002176844803206901	0.22010808804005508	0.001045233914650029	0.001047755591193772
KIC9850387_B	1.062	0.002	0.002	1.081	0.001	0.001	6165.95	30.83	30.83	-0.2	0.05	0.05	NA	NA	NA	NA	4.396	0.003	0.003	0.0	1.52	0.07	0.07	0.0	MS	G	11.52912366	NA	0.093762547	True	True	Xiong23	EB	3	0.18184358794477254	0.01955353637567897	0.020475585709797656	30.83	0.003	0.05	0.07	0.020014561042738313	0.002	0.001	4.605263157894737	11.006470598686663	0.18832391713747645	0.09250693802035154	0.5000040545252556	0.06824385805277525	-25.0	3.7899999986888777	0.0021660792774818027	0.002176936951339581	0.026124516745450282	0.0008171112135791185	0.0008186514806800202
KOI-6964_A	1.307	0.025	0.025	1.42	0.198	0.198	6452.39	54.82	54.82	-0.204	0.031	0.031	NA	NA	NA	NA	4.244	0.046	0.046	0.0	3.15	2.86	1.5	0.0	MS	NA	14.88816689	NA	0.095377759	True	True	Xiong23	EB	3	0.4983105537896005	0.28056391821313903	0.2808266095756942	54.82	0.046	0.031	2.1799999999999997	0.2806952638944166	0.025	0.198	69.2063492063492	56.32938370655769	1.912777352716144	13.943661971830988	0.84960766475678	1.0838831291234683	-15.19607843137255	3.8097206094498905	0.0036742130161853126	0.003705562964537723	0.11627558758054428	0.00822863725373793	0.008387562397745657
LINEAR_23079661_A	0.568	0.011	0.011	0.76	0.074	0.074	3772.83	66.75	66.75	-0.2	0.1	0.1	NA	NA	NA	NA	4.823	0.11	0.11	0.0	0.11	0.06	0.04	0.0	MS	NA	7.872884814	NA	0.096533865	True	True	Xiong23	EB	3	-0.958607314841775	0.18905623622004886	0.1962946451439681	66.75	0.11	0.1	0.05	0.19267544068200848	0.011	0.074	45.45454545454545	20.099517049252952	1.936619718309859	9.736842105263158	1.7692289342482963	2.2807381297947336	-50.0	3.576667236760695	0.007616484049979277	0.0077524469306604615	-0.24565166428898116	0.008330228016417335	0.00849314053729
LINEAR_23079661_B	0.489	0.011	0.011	0.713	0.158	0.158	3742.5	114.96	114.96	-0.2	0.1	0.1	NA	NA	NA	NA	4.421	0.259	0.259	0.0	0.09	0.17	0.06	0.0	MS	NA	7.872884814	NA	0.090564008	True	True	Xiong23	EB	3	-1.0457574905606752	0.4607308385314932	0.4771212547196624	114.96	0.259	0.1	0.115	0.4689260466255778	0.011	0.158	127.77777777777779	44.84080208444565	2.249488752556237	22.15988779803647	3.071743486973948	5.858403076227098	-50.0	3.57316180901509	0.013139622319099598	0.013549599019444969	-0.3106911408763798	0.00966114521239858	0.009880962511501334
NGC_2506_V4_A	1.478	0.003	0.003	2.3	0.006	0.006	6823.39	40.94	40.94	-0.36	0.1	0.1	NA	NA	NA	NA	3.884	0.007	0.007	0.0	10.33	0.61	0.58	0.0	MS	NA	11.87	0.02	0.193765796	True	True	Xiong23	EB	3	1.0141003215196205	0.02491700047779144	0.02509570582108367	40.94	0.007	0.1	0.595	0.025006353149437555	0.003	0.006	5.759922555663117	2.465865814140139	0.20297699594046006	0.2608695652173913	0.5999950171395743	0.18022657054582905	-27.77777777777778	3.834000194672465	0.002597959208687328	0.0026135938317741747	0.16967443405880692	0.0008806244624015303	0.0008824137446250824
NGC_2506_V4_B	1.25	0.004	0.004	1.534	0.008	0.008	6823.39	40.94	40.94	-0.36	0.1	0.1	NA	NA	NA	NA	4.163	0.012	0.012	0.0	4.6	0.28	0.27	0.0	MS	NA	11.87	0.02	0.129233361	True	True	Xiong23	EB	3	0.6627578316815741	0.025661990321136474	0.02626993532820865	40.94	0.012	0.1	0.275	0.02596596282467256	0.004	0.008	5.978260869565219	3.9178658604140133	0.32	0.5215123859191656	0.5999950171395743	0.28825366322363677	-27.77777777777778	3.834000194672465	0.002597959208687328	0.0026135938317741747	0.09691001300805642	0.001387523486641215	0.0013919706849056107
NGTS_0002-29_A	0.398	0.001	0.001	0.404	0.002	0.002	3372.87	16.86	16.86	0.04	0.04	0.04	NA	NA	NA	NA	4.826	0.01	0.01	0.0	0.019	0.001	0.001	0.0	MS	NA	3.8239	0.0099	0.105651298	True	True	Xiong23	EB	3	-1.7212463990471711	0.022276394711152392	0.02348109584952285	16.86	0.01	0.04	0.001	0.02287874528033762	0.001	0.002	5.2631578947368425	1.3291964063368606	0.25125628140703515	0.49504950495049505	0.49987102971653224	0.20721094073767096	100.0	3.5279996025675993	0.00216550443194663	0.0021763563291878896	-0.40011692792631215	0.0010898236130604255	0.0010925653105727795
NGTS_0002-29_B	0.224	0.001	0.001	0.276	0.002	0.002	3228.49	19.37	19.37	0.04	0.04	0.04	NA	NA	NA	NA	4.908	0.017	0.017	0.0	0.00746	0.00053	0.0005	0.0	MS	NA	3.8239	0.0099	0.07217762	True	True	Xiong23	EB	3	-2.1272611725273314	0.029807951841322566	0.03012958786210662	19.37	0.017	0.04	0.000515	0.029968769851714594	0.001	0.002	6.90348525469169	1.4087959785450157	0.44642857142857145	0.7246376811594203	0.5999708842214162	0.3463732681336593	100.0	3.5089994455501143	0.002597855025835205	0.0026134883912165563	-0.6497519816658371	0.0019344997771996164	0.0019431552860021961
PTFEB_132.707+19.810_A	0.395	0.001	0.001	0.363	0.003	0.003	3258.37	39.1	39.1	0.14	0.04	0.04	NA	NA	NA	NA	4.915	0.019	0.019	0.0	0.0134	0.0017	0.0015	0.0	MS	M3.5±0.2	11.77	0.01	0.030832796	True	True	Xiong23	EB	3	-1.8728952016351923	0.05187214892836178	0.051557836972276894	39.1	0.019	0.04	0.0015999999999999999	0.05171499295031934	0.001	0.003	11.940298507462684	2.7612326042144737	0.25316455696202533	0.8264462809917356	1.1999864963156426	0.3865717192268565	28.57142857142857	3.513000398522075	0.005180454553424418	0.005242996054323434	-0.40340290437353976	0.0010980902990521124	0.0011008738008860819
PTFEB_132.707+19.810_B	0.21	0.001	0.001	0.272	0.005	0.005	3118.89	46.78	46.78	0.14	0.04	0.04	NA	NA	NA	NA	4.891	0.039	0.039	0.0	0.0063	0.0011	0.001	0.0	MS	M4.3±0.7	11.77	0.01	0.023103362	True	True	Xiong23	EB	3	-2.2006594505464183	0.06989117027739455	0.07506467985279253	46.78	0.039	0.04	0.0010500000000000002	0.07247792506509354	0.001	0.005	16.666666666666668	3.293463922693602	0.4761904761904762	1.838235294117647	1.4998925899919524	0.7973829482723369	28.57142857142857	3.4940000579134627	0.006465582666980829	0.006563295923216916	-0.6777807052660807	0.002063160563773314	0.002073008622865302
TYC_1332-131-1_A	1.2	0.014	0.014	2.412	0.21	0.21	6082.8	7.88	7.88	-0.078	0.006	0.006	NA	NA	NA	NA	3.992	0.011	0.011	0.0	7.18	3.54	2.37	0.0	MS	NA	12.3748729	NA	0.194911093	True	True	Xiong23	EB	3	0.8561244442423003	0.17407034111445097	0.17397936786846857	7.88	0.011	0.006	2.955	0.17402485449145977	0.014	0.21	41.15598885793872	20.327051243756717	1.1666666666666667	8.706467661691542	0.12954560399815873	0.27555110220440876	-7.692307692307692	3.7841035372710268	0.0005622453062525956	0.0005629741426225188	0.07918124604762482	0.005037440691613951	0.00509655701938104
TYC_1332-131-1_B	1.309	0.014	0.014	1.551	0.159	0.159	6017.11	128.33	128.33	-0.078	0.006	0.006	NA	NA	NA	NA	4.173	0.133	0.133	0.0	2.84	1.9	1.14	0.0	MS	NA	12.3748729	NA	0.125334621	True	True	Xiong23	EB	3	0.45331834004703764	0.2224600016270475	0.22286941866876372	128.33	0.133	0.006	1.52	0.22266471014790562	0.014	0.159	53.521126760563384	49.11884000210564	1.0695187165775402	10.251450676982593	2.1327514371517227	3.187155523604122	-7.692307692307692	3.779387950989136	0.009165031877124807	0.009362621252713144	0.11693964655075578	0.004620197636745177	0.00466987813348517
TYC_2271-1530-1_A	1.123	0.031	0.031	1.723	0.08	0.08	6492.12	13.9	13.9	-0.101	0.013	0.013	NA	NA	NA	NA	4.006	0.023	0.023	0.0	4.75	1.14	0.92	0.0	MS	NA	24.82086886	NA	0.069417393	True	True	Xiong23	EB	3	0.6766936096248666	0.09342168516223504	0.09349483565624384	13.9	0.023	0.013	1.03	0.09345826040923944	0.031	0.08	21.68421052631579	13.81101566202896	2.7604630454140695	4.643064422518862	0.2141057158524488	0.5741387918122814	-12.87128712871287	3.812386538704437	0.000928855297697595	0.0009308461627810516	0.050379756261457784	0.011826052558254807	0.012157117892739322
TYC_2271-1530-1_B	1.123	0.031	0.031	1.68	0.13	0.13	6625.81	94.05	94.05	-0.101	0.013	0.013	NA	NA	NA	NA	4.037	0.088	0.088	0.0	4.91	2.27	1.55	0.0	MS	NA	24.82086886	NA	0.067684979	True	True	Xiong23	EB	3	0.6910814921229684	0.16504295211933184	0.16474221473312434	94.05	0.088	0.013	1.9100000000000001	0.1648925834262281	0.031	0.13	38.90020366598778	23.8600780523996	2.7604630454140695	7.738095238095238	1.4194490937711766	2.17983651226158	-12.87128712871287	3.821238978009169	0.006121247148700881	0.006208759169053835	0.050379756261457784	0.011826052558254807	0.012157117892739322
Tyc_5227-1023-1_A	0.956	0.007	0.007	1.388	0.004	0.004	6353.31	88.95	88.95	-0.63	0.11	0.11	NA	NA	NA	NA	4.13	0.01	0.01	0.0	2.83	0.39	0.34	0.0	MS	F7	13.54	0.07	0.10252698	True	True	Xiong23	EB	3	0.45178643552429026	0.05606943617154064	0.055587088428553866	88.95	0.01	0.11	0.365	0.055828262300047254	0.007	0.004	12.897526501766784	12.357224101971882	0.7322175732217574	0.2881844380403459	1.4000576077666602	0.24213075060532688	-17.46031746031746	3.803000046584242	0.006038201730335757	0.006123338798570188	-0.019542107723899943	0.0031683948484344422	0.003191679848807409
Tyc_5227-1023-1_B	0.839	0.005	0.005	0.977	0.004	0.004	5929.25	94.87	94.87	-0.63	0.11	0.11	NA	NA	NA	NA	4.38	0.01	0.01	0.0	1.1	0.2	0.1	0.0	MS	NA	13.54	0.07	0.072167766	True	True	Xiong23	EB	3	0.04139268515822508	0.07255066714861172	0.04139268515822508	94.87	0.01	0.11	0.15000000000000002	0.0569716761534184	0.005	0.004	13.636363636363637	137.63706301159746	0.5959475566150179	0.4094165813715456	1.600033731078973	0.22831050228310504	-17.46031746031746	3.77299976225785	0.0068938521331269875	0.00700505044288624	-0.07623803917129975	0.0025804857969547873	0.002595910190961559
UCAC4_473-001351_A	1.105	0.023	0.023	1.46	0.186	0.186	5897.59	25.76	25.76	0.079	0.024	0.024	NA	NA	NA	NA	4.173	0.043	0.043	0.0	2.32	1.86	1.03	0.0	MS	NA	25.18153515	NA	0.057978991	True	True	Xiong23	EB	3	0.3654879848908996	0.2556882968841355	0.2548982745916507	25.76	0.043	0.024	1.445	0.2552932857378931	0.023	0.186	62.2844827586207	69.84998038009367	2.0814479638009047	12.739726027397262	0.436788586524326	1.0304337407141144	30.379746835443036	3.770674577146464	0.001892817925305934	0.0019011036598852726	0.0433622780211295	0.008946821626193945	0.009135017250578838
UCAC4_473-001351_B	0.932	0.023	0.023	1.882	0.239	0.239	6119.73	295.09	295.09	0.079	0.024	0.024	NA	NA	NA	NA	3.857	0.126	0.126	0.0	4.48	4.86	2.33	0.0	MS	NA	25.18153515	NA	0.074737302	True	True	Xiong23	EB	3	0.651278013998144	0.3190688622319493	0.3188395540825386	295.09	0.126	0.024	3.595	0.31895420815724396	0.023	0.239	80.24553571428571	48.97358751590728	2.4678111587982827	12.699256110520723	4.8219447590008055	3.2667876588021776	30.379746835443036	3.7867322616722285	0.020452212896318045	0.02146317332094938	-0.030584087646018613	0.010587459229764989	0.010852029132013923
UCAC4_555-031577_A	1.151	0.04	0.04	1.572	0.144	0.144	6546.17	39.09	39.09	-0.384	0.027	0.027	NA	NA	NA	NA	4.124	0.044	0.044	0.0	4.09	2.17	1.42	0.0	MS	NA	11.46449241	NA	0.137119023	True	True	Xiong23	EB	3	0.6117233080073418	0.18485102520308794	0.18521204664276653	39.09	0.044	0.027	1.795	0.18503153592292723	0.04	0.144	43.88753056234719	30.247586368035943	3.475238922675934	9.16030534351145	0.5971430622791648	1.066925315227934	-7.03125	3.8159872794784406	0.0025856470230327666	0.0026011333646898116	0.06107532362979181	0.01483643785298571	0.015361264688924202
UCAC4_555-031577_B	0.85	0.04	0.04	1.132	0.11	0.11	5736.81	52.19	52.19	-0.384	0.027	0.027	NA	NA	NA	NA	4.259	0.114	0.114	0.0	1.25	0.72	0.46	0.0	MS	NA	11.46449241	NA	0.098739653	True	True	Xiong23	EB	3	0.09691001300805642	0.1975562131535365	0.19928292171761497	52.19	0.114	0.027	0.59	0.19841956743557573	0.04	0.11	47.2	204.74619833048678	4.705882352941177	9.71731448763251	0.909739036154239	2.6766846677623852	-7.03125	3.7586704665256363	0.00393308304116724	0.003969027830633465	-0.07058107428570728	0.019971080930620076	0.020933906835643
UCAC4_570-022931_A	1.271	0.04	0.04	2.225	0.151	0.151	6436.53	24.81	24.81	0.063	0.023	0.023	NA	NA	NA	NA	4.05	0.041	0.041	0.0	7.66	2.84	2.07	0.0	MS	NA	15.89812825	NA	0.139953582	True	True	Xiong23	EB	3	0.884228769632604	0.13696052943733406	0.13681696174618074	24.81	0.041	0.023	2.455	0.1368887455917574	0.04	0.151	32.04960835509139	15.481145863262798	3.1471282454760034	6.786516853932584	0.3854561386337048	1.012345679012346	36.507936507936506	3.808651797794691	0.0016707967106985855	0.0016772493512120512	0.10414555055400815	0.013457141136076115	0.013887497622691883
UCAC4_570-022931_B	1.174	0.04	0.04	0.934	0.204	0.204	6672.47	227.47	227.47	0.063	0.023	0.023	NA	NA	NA	NA	4.566	0.344	0.344	0.0	1.56	2.92	1.02	0.0	MS	NA	15.89812825	NA	0.058749054	True	True	Xiong23	EB	3	0.1931245983544616	0.4581534156436824	0.46073083853149305	227.47	0.344	0.023	1.97	0.4594421270875877	0.04	0.204	126.28205128205128	237.89933079592788	3.4071550255536627	21.84154175588865	3.4090823937762176	7.533946561541831	36.507936507936506	3.8242866298385265	0.014558684408553457	0.015063708149104738	0.06966809691159564	0.014550589827643123	0.015055042354707907
UCAC4_576-009710_A	1.265	0.009	0.009	1.131	0.161	0.161	6164.53	14.12	14.12	-0.087	0.013	0.013	NA	NA	NA	NA	4.272	0.023	0.023	0.0	1.67	1.55	0.8	0.0	MS	NA	11.80963692	NA	0.095769244	True	True	Xiong23	EB	3	0.22271647114758325	0.28513940054824766	0.2831972185289648	14.12	0.023	0.013	1.175	0.2841683095386062	0.009	0.161	70.35928143712574	127.59195944259635	0.7114624505928854	14.235190097259064	0.22905233651227264	0.5383895131086142	-14.942528735632186	3.78989997043904	0.0009936241324215445	0.0009959026632189172	0.10209052551183669	0.0030789024874948723	0.0031008861106593677
UCAC4_576-009710_B	1.233	0.009	0.009	2.0	0.139	0.139	5132.08	274.89	274.89	-0.087	0.013	0.013	NA	NA	NA	NA	3.924	0.077	0.077	0.0	2.5	2.0	1.11	0.0	MS	NA	11.80963692	NA	0.169353217	True	True	Xiong23	EB	3	0.3979400086720376	0.2552725051033061	0.25492520841794253	274.89	0.077	0.013	1.5550000000000002	0.2550988567606243	0.009	0.139	62.20000000000001	64.10485279223687	0.72992700729927	6.950000000000001	5.356307773846082	1.962283384301733	-14.942528735632186	3.710293417634254	0.022660542311150333	0.02390832541556387	0.09096307659573168	0.0031585192448297106	0.003181658786189215
UCAC4_625-128029_A	1.187	0.007	0.007	1.825	0.149	0.149	6016.9	32.34	32.34	-0.105	0.02	0.02	NA	NA	NA	NA	4.239	0.03	0.03	0.0	3.94	1.82	1.24	0.0	MS	NA	19.90498668	NA	0.091685568	True	True	Xiong23	EB	3	0.5954962218255742	0.1649262615976379	0.1641324576665868	32.34	0.03	0.02	1.53	0.16452935963211235	0.007	0.149	38.83248730964467	27.62895104988666	0.5897219882055602	8.164383561643834	0.5374860808722101	0.7077140835102619	-19.047619047619047	3.7793727936407193	0.0023280215837719886	0.002340568154189704	0.07445071895459124	0.00255360783875902	0.0025687116484657962
UCAC4_625-128029_B	0.986	0.007	0.007	1.905	0.247	0.247	5495.31	43.96	43.96	-0.105	0.02	0.02	NA	NA	NA	NA	3.872	0.132	0.132	0.0	2.99	2.46	1.35	0.0	MS	NA	19.90498668	NA	0.095704661	True	True	Xiong23	EB	3	0.4756711883244297	0.26072531395221277	0.26082734027673177	43.96	0.132	0.02	1.905	0.2607763271144723	0.007	0.247	63.7123745819398	54.822813219582855	0.7099391480730224	12.965879265091862	0.7999548706078455	3.4090909090909096	-19.047619047619047	3.73999219675804	0.0034603376705146793	0.003488130270806078	-0.0061230850587887945	0.0030723335541699677	0.0030942231380733888
UCAC4_665-061158_A	0.712	0.007	0.007	0.817	0.057	0.057	4747.23	73.64	73.64	-0.208	0.058	0.058	NA	NA	NA	NA	4.401	0.095	0.095	0.0	0.31	0.13	0.09	0.0	MS	NA	5.554021558	NA	0.147100617	True	True	Xiong23	EB	3	-0.5086383061657274	0.15209098265191479	0.14893901301206636	73.64	0.095	0.058	0.11	0.15051499783199057	0.007	0.057	35.483870967741936	29.591754299163803	0.9831460674157305	6.9767441860465125	1.5512203958940267	2.158600318109521	-27.88461538461539	3.6764402734944404	0.006685146923669283	0.006789663116391953	-0.14752000636314366	0.004248896746026243	0.004290876645457659
UCAC4_665-061158_B	0.566	0.007	0.007	0.719	0.116	0.116	3579.6	119.26	119.26	-0.208	0.058	0.058	NA	NA	NA	NA	4.477	0.202	0.202	0.0	0.08	0.09	0.04	0.0	MS	NA	5.554021558	NA	0.129455745	True	True	Xiong23	EB	3	-1.0969100130080565	0.32735893438633035	0.30102999566398103	119.26	0.202	0.058	0.065	0.3141944650251557	0.007	0.116	81.25	28.64359530856503	1.236749116607774	16.13351877607789	3.3316571683987037	4.511949966495421	-27.88461538461539	3.5538344994096875	0.014233394387971998	0.014715726377215965	-0.24718356881172862	0.005338190779118568	0.005404623301848127
V*_MW_Aur_A	1.412	0.11	0.11	2.279	0.426	0.426	7007.88	68.71	68.71	-0.039	0.036	0.036	NA	NA	NA	NA	4.016	0.057	0.057	0.0	11.3	15.56	6.54	0.0	MS	NA	35.8495278	NA	0.06357127	True	True	Xiong23	EB	3	1.0530784434834197	0.3760275648492768	0.3754714907629265	68.71	0.057	0.036	11.05	0.37574952780610166	0.11	0.426	97.78761061946902	35.681057772218814	7.790368271954675	18.69240895129443	0.980467702072524	1.4193227091633467	-92.30769230769229	3.845586656547007	0.004237377846483259	0.004279129316481445	0.14983469671578492	0.032579955718769094	0.035223712483611835
V*_V714_And_A	1.617	0.103	0.103	2.459	0.046	0.046	6227.49	10.93	10.93	0.168	0.01	0.01	NA	NA	NA	NA	4.078	0.018	0.018	0.0	8.2	0.75	0.69	0.0	MS	NA	18.12862638	NA	0.135641827	True	True	Xiong23	EB	3	0.9138138523837167	0.03800918293219524	0.038173915379548284	10.93	0.018	0.01	0.72	0.03809154915587176	0.103	0.046	8.78048780487805	4.168414503293922	6.369820655534941	1.8706791378609189	0.1755121244674821	0.4413928396272682	5.952380952380952	3.794313038826239	0.0007615713419397707	0.0007629091666907506	0.20871001990640115	0.026818427001147754	0.02858414474234719
V*_V714_And_B	1.344	0.103	0.103	1.717	0.026	0.026	6396.25	36.37	36.37	0.168	0.01	0.01	NA	NA	NA	NA	4.096	0.057	0.057	0.0	4.45	0.41	0.37	0.0	MS	NA	18.12862638	NA	0.094712085	True	True	Xiong23	EB	3	0.6483600109809317	0.03827625828136172	0.03769984789105174	36.37	0.057	0.01	0.39	0.03798805308620673	0.103	0.026	8.764044943820224	5.859098717197715	7.6636904761904745	1.5142690739662201	0.5686144225131913	1.3916015625	5.952380952380952	3.805925429980174	0.0024624667058201766	0.002476508644572828	0.12839926871780646	0.032069262401231036	0.0346274872190766
V818_Tau_A	1.024	0.001	0.001	0.923	0.007	0.007	5649.37	22.6	22.6	0.05	0.05	0.05	NA	NA	NA	NA	4.518	0.014	0.014	0.0	0.782	0.039	0.037	0.0	MS	NA	16.05	NA	0.057507788	True	True	Xiong23	EB	3	-0.10679324694015198	0.021136404059592787	0.021050480311555195	22.6	0.014	0.05	0.038	0.02109344218557399	0.001	0.007	4.859335038363171	19.751662946810644	0.09765625	0.7583965330444205	0.4000446067437608	0.3098716246126605	100.0	3.7520000193630056	0.0017339057617729026	0.0017408560789822225	0.010299956639811961	0.0004239087519611051	0.00042432292765174837
V818_Tau_B	0.743	0.001	0.001	0.739	0.011	0.011	4295.36	42.95	42.95	0.05	0.05	0.05	NA	NA	NA	NA	4.571	0.032	0.032	0.0	0.167	0.02	0.018	0.0	MS	NA	16.05	NA	0.046043614	True	True	Xiong23	EB	3	-0.7772835288524167	0.04912513538891561	0.04953020273530917	42.95	0.032	0.05	0.019	0.04932766906211239	0.001	0.011	11.377245508982035	6.346161629713147	0.13458950201884254	1.4884979702300405	0.9999161886314536	0.7000656311529206	100.0	3.632999568507544	0.004321013398187468	0.004364437737808924	-0.1290111862394247	0.0005841217853033986	0.0005849084815482408
WASP_0639-32_B	0.783	0.001	0.001	0.729	0.003	0.003	5395.11	32.37	32.37	-0.33	0.1	0.1	NA	NA	NA	NA	4.607	0.01	0.01	0.0	0.406	0.025	0.024	0.0	MS	K	26.964	0.031	0.027036048	True	True	Xiong23	EB	3	-0.39147396642280585	0.025951236583537485	0.02646267066548541	32.37	0.01	0.1	0.0245	0.026206953624511448	0.001	0.003	6.0344827586206895	6.694430759721836	0.1277139208173691	0.411522633744856	0.5999877666998448	0.21706099413935315	-30.3030303030303	3.732000303867121	0.0025979279082282147	0.002613562153446658	-0.10623823794205658	0.000554300626495044	0.0005550089980953937
ZTF_J034350.31+515137.1_A	1.061	0.043	0.043	1.487	0.154	0.154	5901.86	73.94	73.94	0.026	0.055	0.055	NA	NA	NA	NA	4.323	0.093	0.093	0.0	2.42	1.53	0.94	0.0	MS	NA	9.014663159	NA	0.164953473	True	True	Xiong23	EB	3	0.38381536598043126	0.21278172964602898	0.21355365058547388	73.94	0.093	0.055	1.2349999999999999	0.21316769011575143	0.043	0.154	51.03305785123967	55.53912349789032	4.052780395852969	10.356422326832549	1.2528253804732745	2.1512838306731434	211.53846153846155	3.7709889032411	0.005407150701805197	0.005475321673177547	0.025715383901340642	0.017253689491839405	0.017967605900600696
ZTF_J034350.31+515137.1_B	0.893	0.043	0.043	1.721	0.292	0.292	5284.07	132.16	132.16	0.026	0.055	0.055	NA	NA	NA	NA	3.917	0.171	0.171	0.0	2.08	2.62	1.16	0.0	MS	NA	9.014663159	NA	0.190911182	True	True	Xiong23	EB	3	0.31806333496276157	0.35403452297295596	0.3542755076172062	132.16	0.171	0.055	1.8900000000000001	0.3541550152950811	0.043	0.292	90.86538461538461	111.34732500259581	4.8152295632698765	16.966879721092386	2.5011023699534642	4.365585907582334	211.53846153846155	3.7229685622377904	0.010728536129464228	0.011000294618328077	-0.049148541111453566	0.02042438984955882	0.02143253317425372
KIC9656397_A	1.15	0.15	0.09	1.09	0.16	0.16	6270.0	140.0	130.0	-0.089	0.041	0.041	LAMOST_DR11	-0.075	0.025	0.025	4.38	0.04	0.04	0.0	1.66	0.51	0.49	0.0	MS	F2	204.0	20.0	0.005343137	True	True	Xu26	EB	3	0.22010808804005508	0.11635164580847443	0.15192222629389346	135.0	0.04	0.041	0.5	0.13413693605118393	0.12	0.16	30.120481927710845	60.94139349698672	10.434782608695652	14.678899082568806	2.15311004784689	0.9132420091324202	-46.06741573033709	3.7972675408307164	0.009590488688100862	0.009099169689548603	0.06069784035361165	0.05324551195322506	0.03539197508884148
KIC9656397_B	1.16	0.19	0.14	1.09	0.16	0.15	6360.0	140.0	130.0	-0.089	0.041	0.041	LAMOST_DR11	-0.075	0.025	0.025	4.38	0.04	0.04	0.0	1.76	0.54	0.51	0.0	MS	F2	204.0	20.0	0.005343137	True	True	Xu26	EB	3	0.24551266781414982	0.11621516820344302	0.14860265480609341	135.0	0.04	0.041	0.525	0.13240891150476822	0.165	0.155	29.829545454545453	53.93160063129622	14.224137931034484	14.22018348623853	2.1226415094339623	0.9132420091324202	-46.06741573033709	3.803457115648414	0.009456240994441867	0.0089690689892441	0.06445798922691845	0.06587577926808763	0.05585781746500088
KOI-126_A	1.2713	0.0047	0.0047	1.9984	0.0027	0.0026	5880.0	99.0	100.0	0.15	0.08	0.08	NA	NA	NA	NA	3.9409	0.0011	0.001	0.0	4.3	0.29	0.29	0.0	MS	F	52.8746	0.0602	0.0377951	True	True	Yenawine22	TEB	3	0.6334684555795865	0.028344229957674716	0.030324082959404253	99.5	0.0010500000000000002	0.08	0.29	0.029334156458539484	0.0047	0.00265	6.7441860465116275	4.630720945954672	0.36970030677259497	0.13260608486789432	1.6921768707482994	0.02664366007764724	53.333333333333336	3.7693773260761385	0.007251227344011735	0.007449487655609488	0.10424804699044429	0.001602627394699227	0.0016085632991442167
KOI-126_B	0.23529	0.00062	0.00062	0.255	0.00075	0.00076	3248.0	36.0	36.0	0.15	0.08	0.08	NA	NA	NA	NA	4.997	0.0025	0.0025	0.0	0.00653	0.0003	0.00026	0.0	MS	M	4.6355	0.0041	0.055010079	True	True	Yenawine22	TEB	3	-2.185086818724926	0.01950752240645892	0.017645640444357458	36.0	0.0025	0.08	0.00028	0.01857658142540819	0.00062	0.000755	4.287901990811638	0.8501530129703619	0.2635046113306983	0.296078431372549	1.1083743842364533	0.05003001801080648	53.333333333333336	3.5116160205691376	0.004787127878265629	0.0048404839624942575	-0.628396530270247	0.0011428808750925112	0.0011458963954076307
KOI-126_C	0.20739	0.00055	0.00055	0.23196	0.00067	0.00069	3177.0	37.0	35.0	0.15	0.08	0.08	NA	NA	NA	NA	5.024	0.0025	0.0025	0.0	0.00495	0.00023	0.00022	0.0	MS	M	4.6355	0.0041	0.050039757	True	True	Yenawine22	TEB	3	-2.305394801066431	0.019724560811664293	0.019744058195757308	36.0	0.0025	0.08	0.000225	0.0197343095037108	0.00055	0.00068	4.545454545454545	0.8560056392329023	0.2652008293553209	0.2931539920675979	1.13314447592068	0.04976114649681529	53.333333333333336	3.5020172148271476	0.005028657600178121	0.004811034123192837	-0.6832121883979042	0.0011502280339602544	0.0011532825020635906
HD146233	0.97	0.02	0.02	1.0	0.01	0.01	5786.0	200.0	200.0	0.0961	0.0064	0.0064	APOGEE2_DR17	NA	NA	NA	4.44	0.01	0.01	0.0	1.00974	0.14841	0.13405	1.0	MS	NA	NA	NA	NA	NA	NA	Yildiz19	A	3	0.004209560810756556	0.05955525069937213	0.06185917052938578	200.0	0.01	0.0064	0.14123	0.060707210614378955	0.02	0.01	13.986768871194563	1442.1269425365174	2.061855670103093	1.0	3.456619426201175	0.2252252252252252	6.659729448491155	3.762378429311964	0.014758283192208399	0.01527749794697808	-0.01322826573375516	0.008863460331305072	0.009048128977397093
HD181420	1.42	0.02	0.02	1.62	0.01	0.01	6599.0	15.0	15.0	-0.0008	0.0051	0.0051	APOGEE2_DR17	NA	NA	NA	4.17	0.01	0.01	0.0	4.48371	0.06897	0.06853	1.0	MS	NA	NA	NA	NA	NA	NA	Yildiz19	A	3	0.6516375152805072	0.006629610292733457	0.006689101497559524	15.0	0.01	0.0051	0.06875	0.00665935589514649	0.02	0.01	1.5333284266823681	1.0219417604095231	1.4084507042253522	0.6172839506172839	0.2273071677526898	0.23980815347721823	-637.5	3.8194781283621224	0.000986062215561745	0.0009883061579087915	0.15228834438305647	0.0060741477121931675	0.006160308704818457
KIC10018963	1.23	0.02	0.02	1.96	0.01	0.01	6147.0	94.0	94.0	-0.2176	0.0062	0.0062	APOGEE2_DR17	NA	NA	NA	3.94	0.01	0.01	0.0	4.94151	0.31337	0.29965	1.0	MS	F	NA	NA	NA	NA	NA	Yildiz19	A	2	0.6938596785718036	0.026703124393242406	0.027167640716521113	94.0	0.01	0.0062	0.30651	0.02693538255488176	0.02	0.01	6.202759885136325	3.8819639455521937	1.6260162601626016	0.5102040816326531	1.5292012363754677	0.25380710659898476	-2.8492647058823533	3.7886632131208575	0.006590969460025242	0.006692539208305703	0.08990511143939793	0.007004901568658489	0.007119741122947859
KIC10355856	1.38	0.02	0.02	1.72	0.01	0.01	6428.0	22.0	22.0	-0.1102	0.0054	0.0054	APOGEE2_DR17	NA	NA	NA	4.09	0.01	0.01	0.0	4.55046	0.08208	0.08139	1.0	MS	F	NA	NA	NA	NA	NA	Yildiz19	A	2	0.6580553011326764	0.0077638768214054465	0.007838143971613198	22.0	0.01	0.0054	0.081735	0.0078010103965093225	0.02	0.01	1.7961920333328938	1.185464258563353	1.4492753623188408	0.5813953488372093	0.3422526446795271	0.24449877750611249	-4.900181488203267	3.808075868091307	0.0014838465439606097	0.0014889337635040079	0.13987908640123647	0.0062489492770015365	0.006340178031018995
KIC10454113	1.16	0.02	0.02	1.25	0.01	0.01	6169.0	95.0	95.0	-0.0585	0.0059	0.0059	APOGEE2_DR17	NA	NA	NA	4.31	0.01	0.01	0.0	2.0388	0.13262	0.12694	1.0	MS	F	NA	NA	NA	NA	NA	Yildiz19	A	2	0.30937462491667045	0.02736920869013848	0.027918537946025057	95.0	0.01	0.0059	0.12978	0.02764387331808177	0.02	0.01	6.365509123013537	8.935404228943339	1.7241379310344829	0.8	1.5399578537850542	0.2320185614849188	-10.085470085470085	3.7902147702439795	0.006636978805907745	0.006739982661732924	0.06445798922691845	0.007424018079206909	0.007553137890445892
KIC10644253	1.16	0.04	0.04	1.11	0.02	0.02	6162.0	152.0	152.0	0.1471	0.0045	0.0045	APOGEE2_DR17	NA	NA	NA	4.42	0.02	0.02	0.0	1.6004	0.17388	0.16254	1.0	MS	F	NA	NA	NA	NA	NA	Yildiz19	A	2	0.20422854270695956	0.04479361442310911	0.046511940517803996	152.0	0.02	0.0045	0.16821	0.045652777470456554	0.04	0.02	10.510497375656087	22.353769392538897	3.4482758620689657	1.8018018018018016	2.4667315806556314	0.45248868778280543	3.0591434398368453	3.7897216939809217	0.010582883575276814	0.010847221978182109	0.06445798922691845	0.014723256820706368	0.01523996655673688
KIC10920273	1.09	0.02	0.02	1.86	0.01	0.01	5808.0	281.0	281.0	-0.139	0.02	0.02	LAMOST_DR11	NA	NA	NA	3.93	0.01	0.01	0.0	3.54672	0.7418	0.63929	1.0	MS	G3	NA	NA	NA	NA	NA	Yildiz19	A	3	0.5498269039343529	0.08248053586567239	0.08631763658879255	281.0	0.01	0.02	0.690545	0.08439908622723247	0.02	0.01	19.469960978030404	15.350119396359945	1.8348623853211008	0.5376344086021505	4.838154269972452	0.2544529262086514	-14.388489208633093	3.7640266076920375	0.02051936636248497	0.021537143110262225	0.037426497940623665	0.00789648084603381	0.008042720255413999
KIC11026764	1.11	0.02	0.02	2.05	0.01	0.01	5822.0	161.0	161.0	0.0579	0.0052	0.0052	APOGEE2_DR17	NA	NA	NA	3.86	0.01	0.01	0.0	4.35002	0.50331	0.46352	1.0	MS	G	NA	NA	NA	NA	NA	Yildiz19	A	2	0.6384912537062857	0.04754856827179066	0.04893258166477965	161.0	0.01	0.0052	0.48341500000000004	0.048240574968285155	0.02	0.01	11.112937411782017	7.555401062780486	1.8018018018018016	0.48780487804878053	2.7653727241497768	0.2590673575129534	8.981001727115718	3.765072201102792	0.011846801739254342	0.01217904621819832	0.045322978786657475	0.00775546469676229	0.00789648084603381
KIC11081729	1.45	0.03	0.03	1.42	0.02	0.02	6674.0	16.0	16.0	-0.1275	0.0054	0.0054	APOGEE2_DR17	NA	NA	NA	4.3	0.01	0.01	0.0	3.60426	0.10797	0.10653	1.0	MS	F	NA	NA	NA	NA	NA	Yildiz19	A	2	0.5568161120774121	0.012818764046024222	0.013029830101077833	16.0	0.01	0.0054	0.10725	0.012924297073551028	0.03	0.02	2.975645486174693	2.3211068776964936	2.0689655172413794	1.4084507042253522	0.239736290080911	0.23255813953488372	-4.235294117647059	3.824386202318774	0.0010399154490494666	0.0010424114981253396	0.16136800223497488	0.008893713159982497	0.009079657851918416
KIC11295426	1.02	0.02	0.02	1.23	0.01	0.01	5721.0	82.0	82.0	0.1034	0.0049	0.0049	APOGEE2_DR17	NA	NA	NA	4.27	0.01	0.01	0.0	1.46013	0.08879	0.08527	1.0	MS	G	NA	NA	NA	NA	NA	Yildiz19	A	2	0.16439152411953498	0.025637463390626475	0.02613304727908028	82.0	0.01	0.0049	0.08703	0.025885255334853377	0.02	0.01	5.960428181052372	15.746100946196764	1.9607843137254901	0.8130081300813008	1.4333158538717008	0.234192037470726	4.738878143133462	3.757471947765668	0.006180622798862334	0.006269853177314655	0.00860017176191757	0.0084331675368628	0.00860017176191757
KIC11772920	0.81	0.02	0.02	0.84	0.01	0.01	5426.0	290.0	290.0	-0.025	0.01	0.01	LAMOST_DR11	NA	NA	NA	4.34	0.23	0.23	0.0	0.55103	0.12827	0.10947	1.0	MS	G8	NA	NA	NA	NA	NA	Yildiz19	A	2	-0.2588247559943438	0.09088637058507079	0.09618551933453412	290.0	0.23	0.01	0.11887	0.09353594495980246	0.02	0.01	21.572328185398256	36.13871656150486	2.4691358024691357	1.1904761904761905	5.344636933284187	5.299539170506913	-40.0	3.7344797894255772	0.02261243069335528	0.02385477436478034	-0.09151498112135022	0.010593073497424152	0.010857927588208333
KIC11807274	1.21	0.02	0.02	1.59	0.01	0.01	6045.0	144.0	144.0	-0.111	0.007	0.007	LAMOST_DR11	NA	NA	NA	4.13	0.01	0.01	0.0	3.0414	0.30276	0.2822	1.0	MS	F6	NA	NA	NA	NA	NA	Yildiz19	A	2	0.48307354160704535	0.041213506303111214	0.042290360247711045	144.0	0.01	0.007	0.29247999999999996	0.04175193327541113	0.02	0.01	9.616623923193266	8.642976623500134	1.6528925619834711	0.6289308176100629	2.3821339950372207	0.24213075060532688	-6.306306306306307	3.7813963051967905	0.010224177496023668	0.010470690557791151	0.08278537031645007	0.007119741122947859	0.007238408923919332
KIC12009504	1.11	0.03	0.03	1.38	0.01	0.01	6043.0	101.0	101.0	-0.0155	0.0051	0.0051	APOGEE2_DR17	NA	NA	NA	4.21	0.01	0.01	0.0	2.28804	0.16033	0.15279	1.0	MS	F	NA	NA	NA	NA	NA	Yildiz19	A	2	0.35946361261549126	0.02941343681226377	0.030014882076836058	101.0	0.01	0.0051	0.15656	0.029714159444549915	0.03	0.01	6.842537717872065	8.266249601273097	2.7027027027027026	0.7246376811594204	1.6713552871090518	0.23752969121140144	-32.903225806451616	3.7812525942484565	0.0071986127749990025	0.007319946780811382	0.045322978786657475	0.011581872549815166	0.011899223299707745
KIC1435467	1.24	0.02	0.02	1.65	0.01	0.01	6178.0	87.0	87.0	0.0798	0.0046	0.0046	APOGEE2_DR17	NA	NA	NA	4.1	0.01	0.01	0.0	3.57317	0.2101	0.20174	1.0	MS	F	NA	NA	NA	NA	NA	Yildiz19	A	2	0.55305367903636	0.02481365758437626	0.025239532057463765	87.0	0.01	0.0046	0.20592	0.025026594820920012	0.02	0.01	5.762949985587027	4.525165597763732	1.6129032258064517	0.6060606060606061	1.40822272580123	0.24390243902439027	5.764411027568922	3.7908479039654317	0.006073171364737284	0.006159304464010251	0.09342168516223506	0.006948859955327846	0.007061854487486849
KIC2837475	1.54	0.03	0.03	1.66	0.02	0.02	6462.0	10.0	10.0	-0.006	0.0049	0.0049	APOGEE2_DR17	NA	NA	NA	4.18	0.02	0.02	0.0	4.32891	0.10832	0.10707	1.0	MS	F	NA	NA	NA	NA	NA	Yildiz19	A	2	0.636378556727991	0.01073338385288558	0.010876786409552253	10.0	0.02	0.0049	0.107695	0.010805085131218917	0.03	0.02	2.487808709351777	1.6979021396909455	1.948051948051948	1.2048192771084338	0.1547508511296812	0.47846889952153115	-81.66666666666666	3.8103669536816254	0.0006715549225906337	0.0006725949647012897	0.18752072083646307	0.008378931572770698	0.008543773543293637
KIC3427720	1.11	0.03	0.03	1.11	0.02	0.02	6126.0	231.0	231.0	0.0274	0.005	0.005	APOGEE2_DR17	NA	NA	NA	4.38	0.02	0.02	0.0	1.56332	0.25587	0.22968	1.0	MS	F	NA	NA	NA	NA	NA	Yildiz19	A	2	0.19404788397551537	0.0658301760788107	0.06900927112170568	231.0	0.02	0.005	0.242775	0.06741972360025819	0.03	0.02	15.529450144564132	34.74385920578505	2.7027027027027026	1.8018018018018016	3.7708129285014693	0.4566210045662101	18.248175182481752	3.787176992470554	0.01607521895990338	0.01669318303944589	0.045322978786657475	0.011581872549815166	0.011899223299707745
KIC3544595	0.88	0.02	0.02	0.91	0.01	0.01	5517.0	227.0	227.0	-0.1567	0.0064	0.0064	APOGEE2_DR17	NA	NA	NA	4.47	0.01	0.01	0.0	0.69118	0.12193	0.10799	1.0	MS	G	NA	NA	NA	NA	NA	Yildiz19	A	2	-0.16040883710223083	0.07055813935246891	0.07378109440207115	227.0	0.01	0.0064	0.11496	0.07216961687727003	0.02	0.01	16.632425706762348	44.9910479877585	2.272727272727273	1.0989010989010988	4.114555011781765	0.2237136465324385	-4.08423739629866	3.74170298395774	0.01751144727650411	0.018247311922554132	-0.05551732784983137	0.009759837289156255	0.009984220906600914
KIC3733735	1.46	0.04	0.04	1.44	0.03	0.03	6617.0	56.0	56.0	-0.0171	0.0048	0.0048	APOGEE2_DR17	NA	NA	NA	4.29	0.02	0.02	0.0	3.58149	0.19446	0.1901	1.0	MS	F	NA	NA	NA	NA	NA	Yildiz19	A	2	0.5540637428879446	0.022962491978588795	0.02368600763396289	56.0	0.02	0.0048	0.19228	0.023324249806275843	0.04	0.03	5.368715255382536	4.209669032790872	2.73972602739726	2.0833333333333335	0.8463049720417107	0.4662004662004662	-28.07017543859649	3.8206611346435957	0.0036599902071756674	0.003691096886296208	0.1643528557844371	0.011738403271244147	0.012064511401380623
KIC3735871	1.06	0.04	0.04	1.08	0.03	0.03	5908.0	167.0	167.0	0.0476	0.0048	0.0048	APOGEE2_DR17	NA	NA	NA	4.36	0.03	0.03	0.0	1.28028	0.16735	0.15546	1.0	MS	F	NA	NA	NA	NA	NA	Yildiz19	A	2	0.10730496117646504	0.05335261346655945	0.05622193140575061	167.0	0.03	0.0048	0.161405	0.05478727243615503	0.04	0.03	12.607007842034553	51.05753903219472	3.773584905660377	2.7777777777777777	2.826675693974272	0.6880733944954128	10.084033613445378	3.771440486639912	0.012105795630437566	0.01245293977229256	0.02530586526477026	0.016086819893454816	0.01670569350285269
KIC4349452	1.25	0.02	0.02	1.32	0.01	0.01	6279.0	95.0	95.0	-0.06	0.005	0.005	LAMOST_DR11	NA	NA	NA	4.28	0.01	0.01	0.0	2.44008	0.15555	0.14898	1.0	MS	F6	NA	NA	NA	NA	NA	Yildiz19	A	2	0.38740406526864674	0.026838719773919384	0.02736001994638554	95.0	0.01	0.005	0.15226499999999998	0.02709936986015246	0.02	0.01	6.240164256909608	6.9951175761050175	1.6	0.7575757575757576	1.5129797738493391	0.2336448598130841	-8.333333333333334	3.797890483058349	0.006521576079364877	0.006621002148080812	0.09691001300805642	0.0068937079479004515	0.007004901568658489
KIC4914923	1.09	0.01	0.01	1.37	0.01	0.01	5832.0	153.0	153.0	0.117	0.011	0.011	LAMOST_DR11	NA	NA	NA	4.28	0.21	0.21	0.0	1.95617	0.21541	0.19938	1.0	MS	G3	NA	NA	NA	NA	NA	Yildiz19	A	2	0.2914065942418423	0.04536923895839784	0.04668674355584909	153.0	0.21	0.011	0.207395	0.046027991257123466	0.01	0.01	10.602094909951589	15.79510970809542	0.9174311926605504	0.7299270072992701	2.623456790123457	4.906542056074766	9.4017094017094	3.765817515309918	0.011246639432511252	0.01154564662645896	0.037426497940623665	0.003966187217601412	0.004002742453673935
KIC5866724	1.25	0.02	0.02	1.42	0.01	0.01	6150.0	107.0	107.0	0.136	0.006	0.006	LAMOST_DR11	NA	NA	NA	4.23	0.01	0.01	0.0	2.59879	0.18923	0.17993	1.0	MS	F7	NA	NA	NA	NA	NA	Yildiz19	A	2	0.414771186955431	0.030524697914760257	0.03116045418138702	107.0	0.01	0.006	0.18458000000000002	0.03084257604807364	0.02	0.01	7.1025361802992935	7.436045949688354	1.6	0.7042253521126761	1.7398373983739837	0.23640661938534277	4.411764705882352	3.788875115775417	0.007491039202104588	0.007622521526960302	0.09691001300805642	0.0068937079479004515	0.007004901568658489
KIC5955122	1.2	0.03	0.03	2.12	0.02	0.02	5900.0	128.0	128.0	-0.143	0.007	0.007	LAMOST_DR11	NA	NA	NA	3.87	0.02	0.02	0.0	4.90653	0.44957	0.4223	1.0	MS	G2	NA	NA	NA	NA	NA	Yildiz19	A	2	0.6907744585958521	0.03807421822857915	0.03908657876543875	128.0	0.02	0.007	0.435935	0.03858039849700895	0.03	0.02	8.88479230739443	5.585093371204246	2.5	0.9433962264150942	2.169491525423729	0.5167958656330749	-4.895104895104896	3.7708520116421442	0.009321232000449875	0.009525689220687639	0.07918124604762482	0.010723865391773113	0.010995384301463199
KIC6116048	1.0	0.01	0.01	1.22	0.02	0.02	5929.0	149.0	149.0	-0.1892	0.0062	0.0062	APOGEE2_DR17	NA	NA	NA	4.27	0.01	0.01	0.0	1.65707	0.18142	0.16921	1.0	MS	NA	NA	NA	NA	NA	NA	Yildiz19	A	2	0.21934085481137902	0.045120417165256194	0.04677878656383008	149.0	0.01	0.0062	0.175315	0.04594960186454314	0.01	0.02	10.579818595472732	20.94894811277053	1.0	1.639344262295082	2.5130713442401755	0.234192037470726	-3.2769556025369977	3.7729814503449637	0.01077924539896058	0.011053611924434659	0.0	0.004321373782642578	0.004364805402450088
KIC6603624	0.98	0.03	0.03	1.14	0.02	0.02	5855.0	140.0	140.0	0.278	0.011	0.011	LAMOST_DR11	NA	NA	NA	4.33	0.01	0.01	0.0	1.37598	0.14484	0.13568	1.0	MS	G7	NA	NA	NA	NA	NA	Yildiz19	A	2	0.1386121214338218	0.04346569378109033	0.04508537773414664	140.0	0.01	0.011	0.14026	0.04427553575761849	0.03	0.02	10.193462114274917	31.942037463698405	3.061224489795918	1.7543859649122808	2.391118701964133	0.23094688221709006	3.9568345323741	3.767526899408382	0.010262288026485322	0.010510664677081394	-0.00877392430750515	0.013095298090147728	0.013502470403647103
KIC6933899	1.14	0.03	0.03	1.61	0.01	0.01	5960.0	114.0	114.0	0.0355	0.0052	0.0052	APOGEE2_DR17	NA	NA	NA	4.09	0.01	0.01	0.0	2.94667	0.23489	0.22208	1.0	MS	G	NA	NA	NA	NA	NA	Yildiz19	A	2	0.46933150157648335	0.033308616290654014	0.03403034326999421	114.0	0.01	0.0052	0.228485	0.03366947978032411	0.03	0.01	7.754007065602866	7.173922838596687	2.6315789473684212	0.6211180124223602	1.912751677852349	0.24449877750611249	14.647887323943664	3.7752462597402365	0.008228527842010003	0.008387448718818913	0.05690485133647256	0.011281010409689061	0.011581872549815173
KIC7103006	1.36	0.03	0.03	1.9	0.02	0.02	6310.0	77.0	77.0	0.1255	0.0043	0.0043	APOGEE2_DR17	NA	NA	NA	4.03	0.02	0.02	0.0	5.15608	0.27858	0.26967	1.0	MS	F	NA	NA	NA	NA	NA	Yildiz19	A	2	0.7123196471004919	0.02285273209594041	0.02332974294298118	77.0	0.02	0.0043	0.274125	0.023091237519460794	0.03	0.02	5.316538921040791	3.241696001711315	2.205882352941176	1.0526315789473684	1.2202852614896988	0.4962779156327543	3.4262948207171315	3.8000293592441343	0.005267556913850502	0.005332232352135868	0.13353890837021754	0.009475891883877596	0.009687267403131722
KIC7106245	1.06	0.02	0.02	1.15	0.01	0.01	6116.0	144.0	144.0	-0.131	0.006	0.006	APOGEE2_DR17	NA	NA	NA	4.34	0.01	0.01	0.0	1.66709	0.16522	0.15427	1.0	MS	F	NA	NA	NA	NA	NA	Yildiz19	A	2	0.2219590464076602	0.04103990540229749	0.04217178901050861	144.0	0.01	0.006	0.159745	0.04160584720640305	0.02	0.01	9.582266104409479	18.744830580136767	1.8867924528301885	0.8695652173913044	2.354480052321779	0.2304147465437788	-4.580152671755725	3.7864674767402824	0.010106856470147196	0.01034767768729461	0.02530586526477026	0.008117890222179468	0.008272525965989892
KIC7206837	1.39	0.03	0.03	1.59	0.02	0.02	6320.0	73.0	73.0	0.195	0.024	0.024	LAMOST_DR11	NA	NA	NA	4.18	0.02	0.02	0.0	3.63377	0.19402	0.18836	1.0	MS	F6	NA	NA	NA	NA	NA	Yildiz19	A	2	0.5603574351096118	0.022590668409272263	0.023116525225141515	73.0	0.02	0.024	0.19119	0.02285359681720689	0.03	0.02	5.261477749004477	4.078396285174032	2.1582733812949644	1.2578616352201257	1.1550632911392404	0.47846889952153115	12.307692307692307	3.800717078282385	0.004987626151479407	0.005045572336363602	0.14301480025409505	0.00927354412896142	0.009475891883877569
KIC7747078	1.1	0.02	0.02	1.95	0.01	0.01	5941.0	141.0	141.0	-0.2134	0.0065	0.0065	APOGEE2_DR17	NA	NA	NA	3.91	0.01	0.01	0.0	4.26778	0.4221	0.39339	1.0	MS	G	NA	NA	NA	NA	NA	Yildiz19	A	2	0.6302020238619455	0.04095970669864735	0.04199868875842627	141.0	0.01	0.0065	0.407745	0.04147919772853681	0.02	0.01	9.554030432683971	6.581889006694687	1.8181818181818181	0.5128205128205129	2.3733378219155026	0.2557544757033248	-3.0459231490159326	3.773859552376687	0.010186863431426385	0.010431558813749575	0.04139268515822508	0.007825337511956576	0.007968929671275347
KIC7871531	0.8	0.04	0.04	0.87	0.02	0.02	5329.0	301.0	301.0	-0.4927	0.008	0.008	APOGEE2_DR17	NA	NA	NA	4.46	0.02	0.02	0.0	0.54994	0.13758	0.11682	1.0	MS	G	NA	NA	NA	NA	NA	Yildiz19	A	2	-0.25968469067001976	0.09697002700984775	0.10370707090354903	301.0	0.02	0.008	0.1272	0.10033854895669839	0.04	0.02	23.12979597774303	38.638607727630024	5.0	2.2988505747126435	5.648339275661475	0.4484304932735426	-1.6237061091942357	3.726645720240912	0.023862674610434453	0.025250451226991544	-0.09691001300805639	0.021189299069938092	0.022276394711152253
KIC8228742	1.24	0.02	0.02	1.81	0.01	0.01	6174.0	85.0	85.0	-0.06	0.005	0.005	LAMOST_DR11	NA	NA	NA	4.02	0.01	0.01	0.0	4.28863	0.24573	0.23612	1.0	MS	F8	NA	NA	NA	NA	NA	Yildiz19	A	2	0.6323185792561411	0.02419741818563015	0.02459448406638165	85.0	0.01	0.005	0.240925	0.0243959511260059	0.02	0.01	5.617761383005761	3.8581740164436207	1.6129032258064517	0.5524861878453039	1.37674117265954	0.24875621890547267	-8.333333333333334	3.7905666251460763	0.005938326407219918	0.006020651091553919	0.09342168516223506	0.006948859955327846	0.007061854487486849
KIC8394589	1.01	0.03	0.03	1.16	0.02	0.02	6003.0	219.0	219.0	-0.302	0.005	0.005	LAMOST_DR11	NA	NA	NA	4.31	0.02	0.02	0.0	1.57429	0.24871	0.22402	1.0	MS	F6	NA	NA	NA	NA	NA	Yildiz19	A	2	0.19708473678977825	0.06370193186519804	0.06666411808312314	219.0	0.02	0.005	0.236365	0.06518302497416059	0.03	0.02	15.014069834655622	33.073603788855806	2.9702970297029703	1.7241379310344829	3.648175912043978	0.4640371229698376	-1.6556291390728477	3.778368343355874	0.015561663416810756	0.016140059069399637	0.004321373782642578	0.012711965516137791	0.013095298090147728
KIC8524425	1.07	0.02	0.02	1.81	0.01	0.01	5661.0	167.0	167.0	0.1348	0.0049	0.0049	APOGEE2_DR17	NA	NA	NA	3.95	0.01	0.01	0.0	3.03127	0.37534	0.3438	1.0	MS	G	NA	NA	NA	NA	NA	Yildiz19	A	2	0.48162462138501394	0.05069779555742493	0.052280996426813275	167.0	0.01	0.0049	0.35957	0.0514893959921191	0.02	0.01	11.862024827877423	10.690773209237188	1.8691588785046729	0.5524861878453039	2.9500088323617737	0.2531645569620253	3.635014836795252	3.752893154884594	0.012626388213358819	0.013004499800050695	0.029383777685209667	0.008042720255413999	0.008194478615271575
KIC8694723	1.1	0.02	0.02	1.53	0.01	0.01	6155.0	89.0	89.0	-0.412	0.006	0.006	LAMOST_DR11	NA	NA	NA	4.11	0.01	0.01	0.0	3.02684	0.18325	0.17579	1.0	MS	F5	NA	NA	NA	NA	NA	Yildiz19	A	2	0.48098946457942365	0.02552774413555431	0.025984630807780518	89.0	0.01	0.006	0.17952	0.025756187471667413	0.02	0.01	5.93093787580447	5.354834017869514	1.8181818181818181	0.6535947712418301	1.445978878960195	0.24330900243309	-1.4563106796116505	3.789228057267335	0.006234837123045178	0.00632565129269036	0.04139268515822508	0.007825337511956576	0.007968929671275347
KIC9025370	0.97	0.03	0.03	0.99	0.01	0.01	5972.0	315.0	315.0	0.0	0.01	0.01	LAMOST_DR11	NA	NA	NA	4.43	0.01	0.01	0.0	1.12317	0.2574	0.22003	1.0	MS	G3	NA	NA	NA	NA	NA	Yildiz19	A	2	0.050445494885038834	0.08961293698340397	0.09469041731275105	315.0	0.01	0.01	0.238715	0.09215167714807751	0.03	0.01	21.25368377004372	182.67573220975166	3.0927835051546393	1.0101010101010102	5.274614869390489	0.22573363431151244	inf	3.776119799052988	0.02232366129719976	0.023533620312578662	-0.01322826573375516	0.01322826573375516	0.013643880666546204
KIC9098294	0.97	0.03	0.03	1.14	0.02	0.02	5909.0	172.0	172.0	-0.173	0.018	0.018	LAMOST_DR11	NA	NA	NA	4.31	0.01	0.01	0.0	1.42745	0.1808	0.16665	1.0	MS	G2	NA	NA	NA	NA	NA	Yildiz19	A	2	0.15456090493582128	0.05179265513658449	0.053914704790341134	172.0	0.01	0.018	0.173725	0.05285367996346281	0.03	0.02	12.17030368839539	34.19602129361844	3.0927835051546393	1.7543859649122808	2.9108140125232698	0.2320185614849188	-10.404624277456648	3.7715139899796664	0.012461013433004986	0.012829140097225356	-0.01322826573375516	0.01322826573375516	0.013643880666546204
KIC9139151	1.16	0.03	0.03	1.15	0.02	0.02	6132.0	112.0	112.0	0.1253	0.0045	0.0045	APOGEE2_DR17	NA	NA	NA	4.37	0.02	0.02	0.0	1.68461	0.13962	0.13309	1.0	MS	F	NA	NA	NA	NA	NA	Yildiz19	A	2	0.2264993743751848	0.034580219175118776	0.03574199610910614	112.0	0.02	0.0045	0.136355	0.03516110764211246	0.03	0.02	8.094158291830157	15.523710711831749	2.586206896551724	1.7391304347826089	1.82648401826484	0.45766590389016015	3.5913806863527533	3.7876021461823375	0.007860748208042612	0.008005654924513106	0.06445798922691845	0.01108897216561229	0.011379545743498767
KIC9139163	1.44	0.03	0.03	1.57	0.01	0.01	6383.0	41.0	41.0	0.1364	0.0042	0.0042	APOGEE2_DR17	NA	NA	NA	4.19	0.01	0.01	0.0	3.68632	0.1066	0.10484	1.0	MS	F	NA	NA	NA	NA	NA	Yildiz19	A	2	0.566593032511388	0.01238065017955059	0.012530502233525365	41.0	0.01	0.0042	0.10572000000000001	0.012455576206537977	0.03	0.01	2.867900779096769	2.1983285165596578	2.0833333333333335	0.6369426751592356	0.6423311922293592	0.2386634844868735	3.0791788856304985	3.805024844429805	0.002780687840819418	0.00279860673873511	0.15836249209524964	0.008954842652926454	0.009143379439869759
KIC9206432	1.34	0.03	0.03	1.5	0.02	0.02	6390.0	32.0	32.0	0.2235	0.0038	0.0038	APOGEE2_DR17	NA	NA	NA	4.22	0.01	0.01	0.0	3.37972	0.11351	0.11194	1.0	MS	F	NA	NA	NA	NA	NA	Yildiz19	A	2	0.528880721729726	0.014346459511235699	0.014627911324114007	32.0	0.01	0.0038	0.11272499999999999	0.014487185417674853	0.03	0.02	3.335335471577527	2.739216012694492	2.2388059701492535	1.3333333333333333	0.5007824726134585	0.23696682464454977	1.7002237136465324	3.8055008581584002	0.0021694430720833324	0.0021803345796462814	0.12710479836480765	0.009615768791599144	0.009833502709043374
KIC9410862	1.01	0.03	0.03	1.17	0.02	0.02	5953.0	146.0	146.0	-0.348	0.007	0.007	LAMOST_DR11	NA	NA	NA	4.3	0.02	0.02	0.0	1.54885	0.16643	0.15557	1.0	MS	F7	NA	NA	NA	NA	NA	Yildiz19	A	2	0.19000936009189714	0.044325663720875985	0.04597095706691562	146.0	0.02	0.007	0.161	0.0451483103938958	0.03	0.02	10.3948090518772	23.76109807014772	2.9702970297029703	1.7094017094017095	2.452544935326726	0.46511627906976744	-2.0114942528735638	3.774735882551753	0.010522750805948	0.010784056518429175	0.004321373782642578	0.012711965516137791	0.013095298090147728
KIC9955598	0.82	0.03	0.03	0.87	0.02	0.02	5347.0	334.0	334.0	0.141	0.027	0.027	LAMOST_DR11	NA	NA	NA	4.49	0.02	0.02	0.0	0.55741	0.15506	0.12927	1.0	MS	G7	NA	NA	NA	NA	NA	Yildiz19	A	2	-0.2538252442594883	0.10659182647160656	0.11458895101353495	334.0	0.02	0.027	0.14216499999999999	0.11059038874257075	0.03	0.02	25.504565759494806	43.5694995843333	3.658536585365854	2.2988505747126435	6.246493360763044	0.4454342984409799	19.148936170212767	3.728110184100341	0.026314605176917638	0.028012479487287134	-0.08618614761628333	0.01560507333057605	0.016186761093275284
V570_Per_A	1.4569	0.0094	0.01	1.543	0.012	0.009	6556.0	64.0	26.0	0.18	0.03	0.01	NA	NA	NA	NA	4.225	0.009	0.009	0.0	3.96	0.22	0.11	0.0	MS	F3	9.118	0.016	0.169225707	True	True	Yucel26	EB	2	0.5976951859255123	0.02348109584952285	0.012234456417011597	45.0	0.009	0.02	0.165	0.017857776133267222	0.0097	0.010499999999999999	4.166666666666667	2.9877731247935375	0.66579724071659	0.6804925469863901	0.6863941427699817	0.21301775147928995	11.11111111111111	3.8166389448984614	0.00421904454123867	0.0017257636233876106	0.1634297433014721	0.002793091270612169	0.0029912266599270154
V570_Per_B	1.3579	0.0094	0.0089	1.377	0.013	0.015	6468.0	32.0	21.0	0.17	0.01	0.01	NA	NA	NA	NA	4.293	0.011	0.011	0.0	2.99	0.12	0.1	0.0	MS	F5	9.118	0.016	0.151019961	True	True	Yucel26	EB	2	0.4756711883244297	0.01708920070240788	0.01477334556788179	26.5	0.011	0.01	0.11	0.015931273135144836	0.00915	0.013999999999999999	3.6789297658862874	3.349219697594754	0.6738345975403196	1.016702977487291	0.40970933828076683	0.2562310738411367	5.88235294117647	3.8107700112343634	0.0021433454084922587	0.0014123410232578237	0.13286778831908436	0.002996025480785508	0.0028558386471800312
