Seq	SIMBAD_ID	M	eM1	eM2	R	eR1	eR2	Teff	eTeff1	eTeff2	L	eL1	eL2	FeH	eFeH1	eFeH2	logg	elogg1	elogg2	rho	erho1	erho2	cutoff	class	type	pla	catalog	e_M	e_R	e_Teff	e_L	mode	logTeff	elogTeff1	elogTeff2	logL	elogL1	elogL2
1	47_Tuc-V69 A	0.876	0.005	0.005	1.316	0.005	0.005	5945	150	150	1.941	0.217	0.217	-0.71	0.1	0.1	4.143	0.003	0.003	NA	NA	NA	3.8971687	MS	G	NA	eker14	0.570776255707762	0.379939209726444	2.52312867956266	11.1798042246265	EB	3.7741518589547103	0.010821850999690241	0.011098418655095532	0.28802553538836284	0.046025904958528985	0.05148827389966887
2	47_Tuc-V69 B	0.859	0.006	0.006	1.163	0.006	0.006	5959	150	150	1.531	0.171	0.171	-0.71	0.1	0.1	4.242	0.003	0.003	NA	NA	NA	3.8879917	MS	G	NA	eker14	0.69848661233993	0.515907136715391	2.51720087262964	11.1691704768125	EB	3.775173385424787	0.010796739707222613	0.01107200894855831	0.18497519069826102	0.045984365050308035	0.05143628232804354
3	AD_Boo A	1.414	0.009	0.009	1.614	0.014	0.014	6575	120	120	4.375	0.356	0.356	0.1	0.15	0.15	4.173	0.008	0.008	NA	NA	NA	3.4842037	MS	F	NA	eker14	0.636492220650636	0.867410161090458	1.82509505703422	8.13714285714286	EB	3.8178957571617955	0.007854824186232179	0.007999510559356438	0.640978057358332	0.033974890690233295	0.03686005116629709
4	AD_Boo B	1.209	0.006	0.006	1.218	0.01	0.01	6145	120	120	1.901	0.164	0.164	0.1	0.15	0.15	4.351	0.007	0.007	NA	NA	NA	3.7660687	MS	F	NA	eker14	0.496277915632754	0.821018062397373	1.95280716029292	8.62703840084166	EB	3.788521887222473	0.00839918810769591	0.008564835975567231	0.27898211686544316	0.035937939126976626	0.0391822984183445
9	AI_Phe A	1.234	0.004	0.004	2.932	0.048	0.048	5010	120	120	4.864	0.519	0.519	-0.14	0.1	0.1	3.595	0.014	0.014	NA	NA	NA	4.5100612	PMS	K	NA	torres10	0.324149108589951	1.63710777626194	2.39520958083832	10.6702302631579	EB	3.699837725867246	0.010279639244570316	0.010528866743625631	0.6869935662646786	0.04403081355100935	0.04900378547999329
11	alf_Cen A	1.105	0.007	0.007	1.224	0.003	0.003	5824	26	26	1.549	0.029	0.029	0.24	0.04	0.04	4.306	0.004	0.004	NA	NA	NA	3.9764842	MS	G	NA	torres10	0.633484162895928	0.245098039215686	0.446428571428571	1.87217559715946	EB	3.765221366304981	0.0019344997771995054	0.001943155286002085	0.19005141775920598	0.008055581114195492	0.008207829814433437
12	alf_Cen B	0.934	0.006	0.006	0.863	0.005	0.005	5223	62	62	0.498	0.025	0.025	0.24	0.04	0.04	4.536	0.006	0.006	NA	NA	NA	4.3704397	MS	G	NA	torres10	0.642398286937901	0.579374275782155	1.18705724679303	5.02008032128514	EB	3.7179200258369938	0.005124965806451165	0.0051861667670420886	-0.30277065724028246	0.02127234610755674	0.02236820202190598
24	BG_Ind A	1.428	0.008	0.008	2.29	0.017	0.017	6353	270	270	7.907	1.621	1.621	-0.2	0.1	0.1	3.86505724276038	0.0068917938020421	0.0068917938020421	NA	NA	NA	3.6297247	MS	F	NA	eker14	0.560224089635854	0.74235807860262	4.24996064851251	20.5008220564057	EB	3.8029788553352617	0.018075899711626597	0.018861038872338476	0.8980117387975016	0.08099000967721948	0.09963736211594043
25	BG_Ind B	1.293	0.008	0.008	1.68	0.038	0.039	6653	233	233	5.117	0.881	0.881	-0.2	0.1	0.1	4.09097996142867	0.0198295561346882	0.020341925232502	NA	NA	NA	3.4330747	MS	F	NA	eker14	0.618716163959783	2.29166666666667	3.50217946790921	17.2171194059019	EB	3.8230175234460493	0.014949494922605222	0.015482495377196148	0.7090154169721172	0.06899104445139115	0.08205946553666987
34	BW_Aqr A	1.479	0.02	0.02	2.057	0.04	0.04	6350	100	100	6.18	0.488	0.488	-0.07	0.11	0.11	3.981	0.019	0.019	NA	NA	NA	3.6316912	MS	F	NA	eker14	1.35226504394861	1.94457948468644	1.5748031496063	7.89644012944984	EB	3.8027737252919755	0.006785989343291998	0.006893707947900118	0.7909884750888159	0.03300711606715179	0.03572358367656914
35	BW_Aqr B	1.377	0.02	0.02	1.788	0.04	0.04	6450	100	100	4.966	0.417	0.417	-0.07	0.11	0.11	4.075	0.022	0.022	NA	NA	NA	3.5661412	MS	F	NA	eker14	1.45243282498184	2.23713646532438	1.55038759689922	8.39710028191703	EB	3.8095597146352675	0.00668158535651564	0.006785989343291998	0.6960067152185455	0.035017664597142395	0.03809077838859032
36	CD_Tau A	1.441	0.016	0.016	1.798	0.017	0.017	6200	50	50	4.285	0.171	0.171	0.08	0.15	0.15	4.087	0.01	0.01	NA	NA	NA	3.7300162	MS	F	NA	eker14	1.11034004163775	0.945494994438265	0.806451612903226	3.99066511085181	EB	3.792391689498254	0.003488327845821537	0.003516573722837091	0.631950826259217	0.016994355906455594	0.01768653890051175
37	CD_Tau B	1.366	0.016	0.016	1.584	0.02	0.02	6200	50	50	3.327	0.141	0.141	0.08	0.15	0.15	4.174	0.012	0.012	NA	NA	NA	3.7300162	MS	F	NA	eker14	1.17130307467057	1.26262626262626	0.806451612903226	4.2380522993688	EB	3.792391689498254	0.003488327845821537	0.003516573722837091	0.5220528008688224	0.018026287935350216	0.018807029403709707
47	CO_And A	1.289	0.007	0.007	1.727	0.021	0.021	6140	130	130	3.802	0.367	0.367	0.01	0.15	0.15	4.074	0.011	0.011	NA	NA	NA	3.7693462	MS	F	NA	eker14	0.543056633048875	1.21598147075854	2.11726384364821	9.65281430825881	EB	3.788168371141168	0.009099169689548603	0.009293899138428152	0.5800121125294243	0.04001978259687311	0.04408537113385502
48	CO_And B	1.264	0.007	0.007	1.694	0.017	0.017	6170	130	130	3.733	0.351	0.351	0.01	0.15	0.15	4.082	0.009	0.009	NA	NA	NA	3.7496812	MS	F	NA	eker14	0.55379746835443	1.00354191263282	2.10696920583468	9.40262523439593	EB	3.7902851640332416	0.009055385420340123	0.00924822541210979	0.5720579899263045	0.03902774348856808	0.04288438666458161
60	EF_Aqr A	1.244	0.008	0.008	1.338	0.012	0.012	6150	65	65	2.301	0.108	0.108	0.0	0.1	0.1	4.28	0.007	0.007	NA	NA	NA	3.7627912	MS	F	NA	eker14	0.643086816720257	0.896860986547085	1.05691056910569	4.69361147327249	EB	3.788875115775417	0.004566017202246808	0.004614533209332805	0.36191661866864344	0.01992018132969997	0.020877986991120534
61	EF_Aqr B	0.946	0.006	0.006	0.956	0.012	0.012	5185	110	110	0.593	0.057	0.057	0.0	0.1	0.1	4.453	0.011	0.011	NA	NA	NA	4.3953487	MS	K	NA	eker14	0.634249471458774	1.25523012552301	2.12150433944069	9.61214165261383	EB	3.7147487607250596	0.009117203718444156	0.009312714139809053	-0.22694530663573742	0.039858663278593	0.04388990367149265
66	EK_Cep A	2.024	0.02	0.02	1.579	0.015	0.015	9000	200	200	14.689	1.454	1.454	0.07	0.05	0.05	4.35	0.015	0.015	NA	NA	NA	1.8946162	MS	A	NA	eker14	0.988142292490119	0.949968334388854	2.22222222222222	9.8985635509565	EB	3.9542425094393248	0.009545317906230366	0.009759837289156081	1.1669922308301102	0.04099201593604618	0.04526828519274306
67	EK_Cep B	1.122	0.01	0.01	1.315	0.015	0.015	5700	190	190	1.641	0.256	0.256	0.07	0.05	0.05	4.251	0.015	0.015	NA	NA	NA	4.0577662	MS	G	NA	eker14	0.89126559714795	1.14068441064639	3.33333333333333	15.6002437538087	EB	3.7558748556724915	0.014240439114610037	0.01472325682070652	0.21510858105309322	0.06295874983556937	0.07365880765262586
70	EW_Ori A	1.173	0.011	0.011	1.169	0.005	0.005	6070	95	95	1.667	0.111	0.111	0.05	0.09	0.09	4.372	0.005	0.005	NA	NA	NA	3.8152312	MS	F	NA	eker14	0.937766410912191	0.427715996578272	1.56507413509061	6.65866826634673	EB	3.7831886910752575	0.0067443898564931715	0.006850781455082	0.22193559982800534	0.027996156806189554	0.02992600717433519
71	EW_Ori B	1.123	0.009	0.009	1.098	0.005	0.005	5900	95	95	1.312	0.091	0.091	0.05	0.09	0.09	4.408	0.005	0.005	NA	NA	NA	3.9266662	MS	G	NA	eker14	0.801424755120214	0.455373406193078	1.61016949152542	6.9359756097561	EB	3.7708520116421442	0.006937175792723238	0.00704978756755148	0.11793383503964149	0.02912383598871844	0.03121817109475898
85	GX_Gem A	1.488	0.011	0.011	2.334	0.012	0.012	6194	100	100	7.194	0.497	0.497	-0.12	0.1	0.1	3.887	0.004	0.004	NA	NA	NA	3.7339492	MS	F	NA	eker14	0.739247311827957	0.51413881748072	1.61446561188247	6.90853489018627	EB	3.791971201020768	0.006955537556433633	0.007068751134112983	0.8569704334824924	0.029012377872480677	0.03109013454631282
86	GX_Gem B	1.467	0.01	0.01	2.244	0.012	0.012	6166	100	100	6.531	0.467	0.467	-0.12	0.1	0.1	3.904	0.005	0.005	NA	NA	NA	3.7523032	MS	F	NA	eker14	0.681663258350375	0.53475935828877	1.62179695102173	7.15051293829429	EB	3.7900035203904894	0.006986870155197167	0.0071011144158448225	0.8149796837607568	0.029994254386130792	0.03222049113675962
93	HS_Aur A	0.898	0.019	0.019	1.005	0.023	0.023	5350	70	70	0.743	0.055	0.055	-0.01	0.01	0.01	4.39	0.02	0.02	NA	NA	NA	4.2871912	MS	G	NA	eker14	2.11581291759465	2.28855721393035	1.30841121495327	7.40242261103634	EB	3.7283537820212285	0.005645504517158617	0.005719859487416379	-0.1290111862394247	0.03101407759015415	0.03340037552506403
94	HS_Aur B	0.877	0.017	0.017	0.874	0.03	0.03	5200	72	72	0.501	0.048	0.048	-0.01	0.01	0.01	4.5	0.03	0.03	NA	NA	NA	4.3855162	MS	G	NA	eker14	1.93842645381984	3.4324942791762	1.38461538461538	9.58083832335329	EB	3.716003343634799	0.005972057951154408	0.006055327124038001	-0.30016227413275426	0.039734618582846215	0.043739523854413875
97	HW_CMa A	1.779	0.012	0.012	1.668	0.021	0.021	7700	150	150	8.79	0.782	0.782	0.28	0.1	0.1	4.247	0.011	0.011	NA	NA	NA	2.7467662	MS	A	NA	eker14	0.674536256323777	1.2589928057554	1.94805194805195	8.89647326507395	EB	3.886490725172482	0.00837893157277092	0.008543773543293387	0.9439888750737718	0.03701381486762789	0.040464810602509615
98	HW_CMa B	1.719	0.011	0.011	1.649	0.018	0.018	7560	150	150	7.98	0.71	0.71	0.33	0.1	0.1	4.242	0.01	0.01	NA	NA	NA	2.8385362	MS	A	NA	eker14	0.639906922629436	1.09157064887811	1.98412698412698	8.89724310776942	EB	3.8785217955012063	0.008532582549750423	0.008703587521878386	0.9020028913507294	0.0370168850979371	0.040468480491691605
99	IM_Vir A	0.981	0.012	0.012	1.062	0.016	0.016	5570	100	100	0.975	0.082	0.082	-0.1	0.25	0.25	4.379	0.014	0.014	NA	NA	NA	4.1429812	MS	G	NA	eker14	1.22324159021407	1.50659133709981	1.79533213644524	8.41025641025641	EB	3.745855195173729	0.007727863719177552	0.007867868840297998	-0.010995384301463193	0.035070371608889435	0.038153156809990374
100	IM_Vir B	0.664	0.005	0.005	0.681	0.013	0.013	4250	130	130	0.136	0.02	0.02	-0.1	0.25	0.25	4.594	0.017	0.017	NA	NA	NA	5.0082412	PMS	K	NA	eker14	0.753012048192771	1.90895741556535	3.05882352941176	14.7058823529412	EB	3.6283889300503116	0.013085180453788148	0.013491714017177081	-0.8664610916297825	0.05958568998424407	0.06908091914329906
104	Kepler-34A	1.0479	0.0033	0.003	1.1618	0.0027	0.0031	5913	130	130	1.49	0.13	0.13	-0.07	0.15	0.15	4.3284	0.0021	0.0021	NA	NA	NA	3.9181447	MS	G	p	welsh12	0.30060120240481	0.249612669994836	2.19854557754101	8.7248322147651	EB	3.771807878999106	0.009444715249350644	0.009654686695511394	0.17318626841227402	0.03632874613035694	0.039647360042056545
105	Kepler-34B	1.0208	0.0022	0.0022	1.0927	0.0032	0.0027	5867	130	130	1.28	0.11	0.11	-0.07	0.15	0.15	4.3703	0.0022	0.0022	NA	NA	NA	3.9482977	MS	G	p	welsh12	0.21551724137931	0.269973460236112	2.2157831941367	8.59375	EB	3.768416088216332	0.009517960621447497	0.00973123833389078	0.10720996964786837	0.03580483060622676	0.03902410790170675
106	Kepler-35A	0.8876	0.0051	0.0053	1.0284	0.002	0.0019	5606	150	150	0.94	0.1	0.1	-0.34	0.2	0.2	4.3623	0.002	0.002	NA	NA	NA	4.1193832	MS	G	p	welsh12	0.585849481748535	0.189614935822637	2.67570460221192	10.6382978723404	EB	3.7486530934242674	0.011467691840300276	0.011778731775844875	-0.026872146400301365	0.04390548569908173	0.048848567537816995
107	Kepler-35B	0.8094	0.0041	0.0044	0.7861	0.002	0.0022	5202	100	100	0.41	0.03	0.03	-0.34	0.2	0.2	4.5556	0.0016	0.0016	NA	NA	NA	4.3842052	MS	G	p	welsh12	0.525080306399802	0.267141585040071	1.92233756247597	7.31707317073171	EB	3.716170347859854	0.008269375537220736	0.008429893586082482	-0.38721614328026455	0.030668819766451916	0.03300026010292528
108	KIC_6131659 A	0.922	0.007	0.007	0.88	0.003	0.003	5660	140	140	0.713	0.078	0.078	-0.21	0.1	0.1	4.50576557675329	0.0044316972988704	0.0044316972988704	NA	NA	NA	4.0839862	MS	G	NA	eker14	0.759219088937093	0.340909090909091	2.47349823321555	10.9396914446003	EB	3.7528164311882715	0.010611562374665873	0.01087735345907248	-0.14691047014813446	0.04508695364581097	0.05031580455988985
109	KIC_6131659 B	0.685	0.005	0.005	0.64	0.006	0.006	4780	105	105	0.192	0.019	0.019	-0.21	0.1	0.1	4.65333062352465	0.0087383011588306	0.0087383011588306	NA	NA	NA	4.6608262	MS	K	NA	eker14	0.72992700729927	0.9375	2.19665271966527	9.89583333333333	EB	3.6794278966121188	0.009436671442673017	0.009646281403582257	-0.7166987712964504	0.04098122659414305	0.045255125574754085
112	LL_Aqr A	1.223	0.058	0.058	1.325	0.02	0.02	6680	160	160	3.141	0.351	0.351	0.02	0.04	0.04	4.281	0.009	0.009	NA	NA	NA	3.4153762	MS	F	NA	eker14	4.74243663123467	1.50943396226415	2.39520958083832	11.1747851002865	EB	3.824776462475546	0.010279639244570316	0.010528866743625631	0.4970679363985048	0.046006298635027365	0.05146373312490721
113	LL_Aqr B	1.055	0.051	0.051	1.005	0.016	0.016	6200	160	160	1.34	0.163	0.163	0.02	0.04	0.04	4.457	0.01	0.01	NA	NA	NA	3.7300162	MS	F	NA	eker14	4.83412322274881	1.59203980099503	2.58064516129032	12.1641791044776	EB	3.792391689498254	0.01106542615015993	0.011354750877122122	0.12710479836480765	0.04985418222210053	0.05632833552137295
114	LV_Her A	1.192	0.01	0.01	1.358	0.012	0.012	6060	150	150	2.234	0.25	0.25	0.08	0.21	0.21	4.249	0.008	0.008	NA	NA	NA	3.8217862	MS	F	NA	eker14	0.838926174496644	0.883652430044183	2.47524752475248	11.1906893464637	EB	3.782472624166286	0.010618976010293935	0.01088514328503054	0.3490831687795902	0.046068422724952374	0.0515415009614304
115	LV_Her B	1.169	0.008	0.008	1.313	0.011	0.011	6030	150	150	2.046	0.229	0.229	0.08	0.21	0.21	4.27	0.008	0.008	NA	NA	NA	3.8414512	MS	F	NA	eker14	0.684345594525235	0.837776085300838	2.48756218905473	11.1925708699902	EB	3.780317312140151	0.010671162948664659	0.010939986064012697	0.3109056293761413	0.04607577161698989	0.05155070206810708
132	RS_Cha A	1.893	0.01	0.01	2.168	0.061	0.061	7638	76	76	14.355	1.062	1.062	0.17	0.07	0.07	4.05	0.06	0.06	NA	NA	NA	2.7874072	MS	A	NA	eker14	0.528262017960909	2.81365313653136	0.995024875621891	7.39811912225705	EB	3.882979654037299	0.004299980492723954	0.004342981010782232	1.1570031968325247	0.03099667557231056	0.033380192081250426
133	RS_Cha B	1.871	0.01	0.01	2.379	0.06	0.06	7228	72	72	13.868	0.958	0.958	0.17	0.07	0.07	3.936	0.06	0.06	NA	NA	NA	3.0561622	MS	F	NA	eker14	0.534473543559594	2.52206809583859	0.996126175982291	6.90798961638304	EB	3.8590181438888944	0.004304716231561478	0.004347811993559159	1.142013832984359	0.029010162801364148	0.03108759071793865
148	SW_CMa A	2.24	0.014	0.014	3.015	0.02	0.02	8200	150	150	36.898	3.005	3.005	0.49	0.15	0.15	3.83	0.007	0.007	NA	NA	NA	2.4190162	MS	A	NA	eker14	0.625	0.66334991708126	1.82926829268293	8.14407284947693	EB	3.9138138523837167	0.007872623099885345	0.008017972015847974	1.567002826524815	0.03400272165485507	0.03689281490837537
149	SW_CMa B	2.105	0.018	0.018	2.496	0.042	0.042	8100	150	150	24.099	2.143	2.143	0.61	0.15	0.15	3.967	0.015	0.015	NA	NA	NA	2.4845662	MS	A	NA	eker14	0.855106888361045	1.68269230769231	1.85185185185185	8.89248516535956	EB	3.90848501887865	0.007968929671275049	0.008117890222179458	1.381999021683067	0.03699790947268111	0.040445799573489705
171	TZ_For A	1.945	0.03	0.03	3.974	0.09	0.09	6350	100	100	23.067	1.936	1.936	-0.05	0.05	0.05	3.532	0.02	0.02	NA	NA	NA	3.6316912	PMS	F	NA	eker14	1.54241645244216	2.26472068444892	1.5748031496063	8.3929422985217	EB	3.8027737252919755	0.006785989343291998	0.006893707947900118	1.3629911156235688	0.035001005259627016	0.038071065603650034
172	TZ_For B	2.045	0.06	0.06	8.349	0.12	0.12	5000	100	100	39.084	3.672	3.672	0.02	0.1	0.1	2.91	0.017	0.017	NA	NA	NA	4.5166162	PMS	K	NA	eker14	2.93398533007335	1.43729787998563	2.0	9.39514891003991	EB	3.6989700043360187	0.008600171761917519	0.008773924307504899	1.5919990046124979	0.038998063786142456	0.04284854906491353
183	UX_Men A	1.235	0.006	0.006	1.349	0.013	0.013	6200	100	100	2.415	0.173	0.173	0.04	0.1	0.1	4.272	0.003	0.003	NA	NA	NA	3.7300162	MS	F	NA	eker14	0.48582995951417	0.963676797627873	1.61290322580645	7.16356107660456	EB	3.792391689498254	0.006948859955327791	0.007061854487486752	0.38291713508753095	0.030047136909131855	0.0322815268285766
184	UX_Men B	1.196	0.007	0.007	1.275	0.013	0.013	6150	100	100	2.089	0.155	0.155	0.04	0.1	0.1	4.306	0.01	0.01	NA	NA	NA	3.7627912	MS	F	NA	eker14	0.585284280936455	1.01960784313726	1.6260162601626	7.41981809478219	EB	3.788875115775417	0.007004901568658628	0.007119741122947776	0.3199384399803086	0.03108441260381517	0.03348197023332572
191	V1130_Tau A	1.392	0.008	0.008	1.784	0.011	0.011	6625	70	70	5.508	0.26	0.26	-0.25	0.1	0.1	4.08	0.006	0.006	NA	NA	NA	3.4514287	MS	F	NA	eker14	0.574712643678161	0.616591928251121	1.05660377358491	4.72040668119099	EB	3.8211858826088454	0.004564698739182305	0.004613186582742124	0.740993931584886	0.020031320126486563	0.021000105217282128
192	V1130_Tau B	1.306	0.008	0.008	1.49	0.01	0.01	6650	70	70	3.899	0.184	0.184	-0.25	0.1	0.1	4.208	0.006	0.006	NA	NA	NA	3.4350412	MS	F	NA	eker14	0.612557427258806	0.671140939597315	1.05263157894737	4.71915875865607	EB	3.8228216453031045	0.004547627750720817	0.00459575168914883	0.5909532351879857	0.02002614473501141	0.020994417091391604
196	V1229_Tau A	2.221	0.027	0.027	1.844	0.037	0.037	10025	620	620	30.832	10.283	10.283	0.06	0.05	0.05	4.253	0.019	0.019	NA	NA	NA	1.2227287	MS	B	NA	eker14	1.21566861773976	2.00650759219089	6.18453865336658	33.3517125064868	EB	4.00108438129222	0.02606128448212175	0.02772558140582193	1.4890016973113778	0.12499859728380192	0.1762110051649357
197	V1229_Tau B	1.565	0.015	0.015	1.587	0.042	0.042	7262	380	380	6.295	1.74	1.74	0.06	0.05	0.05	4.231	0.024	0.024	NA	NA	NA	3.0338752	MS	F	NA	eker14	0.958466453674121	2.64650283553875	5.23271825943266	27.6409849086577	EB	3.8610562445768735	0.02215078877551635	0.023341576291961985	0.7989957344438814	0.10599014665548201	0.1405073531348644
223	V432_Aur A	1.204	0.006	0.006	2.429	0.023	0.023	6080	85	85	7.244	0.447	0.447	-0.6	0.05	0.05	3.748	0.008	0.008	NA	NA	NA	3.8086762	PMS	F	NA	torres10	0.498338870431894	0.946891724989708	1.39802631578947	6.17062396466041	EB	3.783903579272735	0.0060295016590155015	0.006114391837867661	0.8599784416420208	0.02600436971295228	0.027661171719759126
224	V432_Aur B	1.079	0.005	0.005	1.224	0.007	0.007	6685	85	85	2.685	0.146	0.146	-0.6	0.05	0.05	4.296	0.005	0.005	NA	NA	NA	3.4120987	MS	F	NA	torres10	0.46339202965709	0.571895424836601	1.2715033657442	5.43761638733706	EB	3.8251014115980033	0.005487257087140929	0.005557476056134547	0.42894429003557444	0.02299557932952856	0.02428158916185219
235	V505_Per A	1.272	0.001	0.001	1.288	0.014	0.014	6512	21	21	2.679	0.069	0.069	-0.12	0.03	0.03	4.32	0.01	0.01	NA	NA	NA	3.5255002	MS	F	NA	eker14	0.0786163522012579	1.08695652173913	0.322481572481572	2.57558790593505	EB	3.813714391881145	0.0013982663086675728	0.0014027827500209256	0.4279727136082088	0.011044014779303946	0.01133220626992787
236	V505_Per B	1.254	0.001	0.001	1.267	0.014	0.014	6462	12	12	2.512	0.059	0.059	-0.12	0.03	0.03	4.33	0.01	0.01	NA	NA	NA	3.5582752	MS	F	NA	eker14	0.0797448165869219	1.10497237569061	0.185701021355617	2.34872611464968	EB	3.8103669536816254	0.0008057413849287265	0.0008072390463578216	0.40001963506515853	0.010082441577702106	0.010322086858772839
238	V565_Lyr A	0.995	0.003	0.003	1.101	0.007	0.007	5600	95	95	1.072	0.079	0.079	0.28	0.05	0.05	4.352	0.005	0.005	NA	NA	NA	4.1233162	MS	G	NA	eker14	0.301507537688442	0.635785649409628	1.69642857142857	7.36940298507463	EB	3.7481880270062002	0.007305701408919063	0.007430703698429575	0.03019478535675124	0.03088053827304057	0.03324553686137002
239	V565_Lyr B	0.929	0.003	0.003	0.971	0.009	0.009	5430	125	125	0.736	0.077	0.077	0.28	0.05	0.05	4.432	0.008	0.008	NA	NA	NA	4.2347512	MS	G	NA	eker14	0.322927879440258	0.926879505664264	2.30202578268877	10.4619565217391	EB	3.734799829588847	0.009884233688039146	0.010114441351487535	-0.13312218566250114	0.043212731256569284	0.047992399743488984
240	V568_Lyr A	1.075	0.008	0.008	1.4	0.016	0.016	5665	100	100	1.811	0.143	0.143	0.28	0.05	0.05	4.178	0.01	0.01	NA	NA	NA	4.0807087	MS	G	NA	eker14	0.744186046511628	1.14285714285714	1.76522506619594	7.8961899503037	EB	3.753199914199416	0.007599397431301558	0.007734745528689135	0.2579184503140584	0.03300610906869583	0.03572240401233853
241	V568_Lyr B	0.827	0.004	0.004	0.768	0.006	0.006	4900	100	100	0.305	0.028	0.028	0.28	0.05	0.05	4.586	0.008	0.008	NA	NA	NA	4.5821662	MS	K	NA	eker14	0.483675937122128	0.78125	2.04081632653061	9.18032786885246	EB	3.690196080028514	0.008773924307504899	0.008954842652926676	-0.5157001606532142	0.038144394159534134	0.04182007028233725
242	V570_Per A	1.447	0.009	0.009	1.521	0.034	0.034	6842	50	50	4.55	0.247	0.247	0.02	0.03	0.03	4.234	0.019	0.019	NA	NA	NA	3.3091852	MS	F	NA	torres10	0.621976503109882	2.2353714661407	0.730780473545747	5.42857142857143	EB	3.8351830698490437	0.003162198926947024	0.003185392613147542	0.6580113966571124	0.022958321808784765	0.024240050574556915
243	V570_Per B	1.347	0.008	0.008	1.386	0.019	0.019	6562	50	50	3.199	0.135	0.135	0.02	0.03	0.03	4.284	0.012	0.012	NA	NA	NA	3.4927252	MS	F	NA	torres10	0.593912397921307	1.37085137085137	0.761962816214569	4.22006877149109	EB	3.817036226050029	0.003296618849381261	0.003321834168883875	0.505014240084107	0.01795135540787951	0.018725479123540667
246	V636_Cen A	1.052	0.005	0.005	1.024	0.004	0.004	5900	85	85	1.14	0.07	0.07	-0.2	0.08	0.08	4.444	0.004	0.004	NA	NA	NA	3.9266662	MS	G	NA	eker14	0.475285171102662	0.390625	1.44067796610169	6.14035087719298	EB	3.7708520116421442	0.006212143100285061	0.0063022925776770045	0.05690485133647256	0.025880518979977514	0.02752107365126298
247	V636_Cen B	0.854	0.003	0.003	0.835	0.004	0.004	5000	100	100	0.391	0.034	0.034	-0.2	0.08	0.08	4.532	0.005	0.005	NA	NA	NA	4.5166162	MS	K	NA	eker14	0.351288056206089	0.479041916167665	2.0	8.69565217391304	EB	3.6989700043360187	0.008600171761917519	0.008773924307504899	-0.40782324260413316	0.03621217265444476	0.03950854128367365
264	VZ_Cep A	1.402	0.015	0.015	1.558	0.012	0.012	6670	160	160	4.315	0.46	0.46	0.06	0.09	0.09	4.213	0.008	0.008	NA	NA	NA	3.4219312	MS	F	NA	eker14	1.06990014265335	0.770218228498075	2.39880059970015	10.6604866743917	EB	3.824125833916549	0.010294869764983616	0.01054484534835698	0.6349808000512285	0.043992575868536665	0.04895641766425263
265	VZ_Cep B	1.108	0.008	0.008	1.058	0.04	0.04	5720	120	120	1.076	0.137	0.137	0.06	0.09	0.09	4.446	0.033	0.033	NA	NA	NA	4.0446562	MS	G	NA	eker14	0.722021660649819	3.78071833648393	2.0979020979021	12.7323420074349	EB	3.7573960287930244	0.009016818319375286	0.009208001786824127	0.0318122713303704	0.052048529536202606	0.05914667906425945
266	VZ_Hya A	1.271	0.009	0.009	1.315	0.005	0.005	6645	150	150	3.027	0.3	0.3	-0.2	0.12	0.12	4.305	0.005	0.005	NA	NA	NA	3.4383187	MS	F	NA	eker14	0.708103855232101	0.380228136882129	2.25733634311512	9.91080277502478	EB	3.822494985278751	0.009694475789762347	0.009915829869703963	0.481012420956573	0.04104037991224946	0.04532728301494304
274	WZ_Oph A	1.227	0.007	0.007	1.401	0.012	0.012	6165	100	100	2.547	0.182	0.182	-0.27	0.07	0.07	4.234	0.008	0.008	NA	NA	NA	3.7529587	MS	F	NA	eker14	0.570497147514262	0.856531049250535	1.6220600162206	7.14566156262269	EB	3.7899330809317506	0.006987994398418351	0.00710227572915878	0.40602894496361513	0.02997459070628139	0.03219779988978472
275	WZ_Oph B	1.22	0.006	0.006	1.419	0.012	0.012	6115	100	100	2.529	0.181	0.181	-0.27	0.07	0.07	4.221	0.008	0.008	NA	NA	NA	3.7857337	MS	F	NA	eker14	0.491803278688525	0.845665961945032	1.63532297628782	7.15697904310004	EB	3.7863964613723042	0.007044671605359376	0.007160829696440718	0.40294882934440474	0.030020461530000986	0.03225073676882789
282	YZ_Cas A	2.308	0.01	0.01	2.547	0.03	0.03	9200	300	300	41.687	6.397	6.397	0.1	0.06	0.06	3.995	0.01	0.01	NA	NA	NA	1.7635162	MS	A	NA	eker14	0.433275563258232	1.17785630153121	3.26086956521739	15.3453114879939	EB	3.963787827345555	0.013935777943292482	0.014397820700642328	1.6200006423000677	0.06199994618025695	0.07234898394009859
283	YZ_Cas B	1.347	0.01	0.01	1.359	0.02	0.02	6700	250	250	3.342	0.603	0.603	0.1	0.06	0.06	4.307	0.013	0.013	NA	NA	NA	3.4022662	MS	F	NA	eker14	0.742390497401633	1.47167034584253	3.73134328358209	18.0430879712747	EB	3.8260748027008264	0.015910001889287262	0.016515088065558903	0.5240064455573725	0.07204056198806663	0.08641441330341115
291	EPIC201367296	1.15	0.04	0.04	1.73	0.04	0.04	5718	71	71	2.7	0.342211612410021	0.342211612410021	0.21	0.08	0.08	4.018	0.013	0.013	0.220864995383851	0.0106526525104751	0.0106526525104751	4.0459672	MS	G	NA	lund16	3.47826086956522	2.3121387283237	1.24169289961525	12.6745041633341	A	3.75724415102197	0.005359398544833471	0.0054263632850908294	0.43136376415898736	0.05182565558613267	0.05885893974681078
292	EPIC201367904	1.3	0.05	0.05	2.08	0.05	0.05	6251	78	78	6.664	0.597819169052716	0.597819169052716	-0.02	0.08	0.08	3.916	0.013	0.013	0.144876074142461	0.0071017683403167	0.0071017683403167	3.6965857	MS	F	NA	lund16	3.84615384615385	2.40384615384615	1.24780035194369	8.97087588614519	A	3.7959494989028033	0.005385596771743106	0.005453221935693975	0.8237349883987312	0.037310441683462536	0.04081963604887784
293	EPIC201820830	1.29	0.08	0.08	1.74	0.05	0.05	6420	71	71	4.555	0.353974438320162	0.353974438320162	-0.07	0.11	0.11	4.063	0.016	0.016	0.243590654072864	0.0120730061785385	0.0120730061785385	3.5858062	MS	F	NA	lund16	6.2015503875969	2.8735632183908	1.10591900311526	7.77111829462485	A	3.807535028068853	0.004776581062270857	0.004829700994501085	0.658488381309017	0.03250238936787331	0.03513305724240612
294	EPIC201860743	1.14	0.05	0.05	1.88	0.03	0.03	5926	78	78	4.119	0.374560308738028	0.374560308738028	-0.02	0.11	0.11	3.945	0.014	0.014	0.170442440167602	0.00852212200838	0.00852212200838	3.9096232	MS	G	NA	lund16	4.3859649122807	1.59574468085106	1.31623354708066	9.09347678412305	A	3.772761647144032	0.005679036427200579	0.005754283194228105	0.6147917919564175	0.03779878283988092	0.04140495181639381
295	EPIC204356572	1.18	0.07	0.07	1.5	0.04	0.04	6316	78	78	3.422	0.297267427373032	0.297267427373032	-0.07	0.08	0.08	4.157	0.015	0.015	0.350117179177615	0.0170442440167602	0.0170442440167602	3.6539782	MS	F	NA	lund16	5.93220338983051	2.66666666666667	1.23495883470551	8.68694995245564	A	3.8004421213362565	0.005330510599412808	0.005396750915131587	0.5342800052050815	0.036177401456342406	0.03946715062970396
296	EPIC204506926	1.08	0.05	0.05	1.41	0.02	0.02	5705	78	78	2.374	0.207373528160854	0.207373528160854	0.38	0.08	0.08	4.172	0.013	0.013	0.385626020879199	0.0170442440167602	0.0170442440167602	4.0544887	MS	G	NA	lund16	4.62962962962963	1.41843971631206	1.36722173531989	8.73519495201577	A	3.7562556487542333	0.005897543549361117	0.005978733600240815	0.3754807146185724	0.036370137457925666	0.03969666956632517
297	EPIC204550630	1.17	0.04	0.04	1.37	0.03	0.03	6199	65	65	3.635	0.304111216365601	0.304111216365601	-0.13	0.08	0.08	4.228	0.014	0.014	0.450252112776081	0.0213053050209502	0.0213053050209502	3.7306717	MS	F	NA	lund16	3.41880341880342	2.18978102189781	1.04855621874496	8.36619577346908	A	3.7923216363515735	0.004530112698313715	0.004577864705106904	0.5605044151950566	0.034893827602410665	0.037944283092361863
298	EPIC204624076	1.22	0.05	0.05	1.83	0.04	0.04	6381	71	71	6.112	0.478281180350465	0.478281180350465	-0.13	0.11	0.11	4.0	0.014	0.014	0.1995596903629	0.00852212200838	0.00852212200838	3.6113707	MS	F	NA	lund16	4.09836065573771	2.18579234972678	1.11267826359505	7.82528109212148	A	3.8048887446223913	0.004805614094532729	0.004859385378257031	0.7861833455676335	0.03272059899140134	0.035388178125896896
299	EPIC204926239	1.44	0.05	0.05	2.45	0.05	0.05	6225	71	71	6.714	0.596776978402461	0.596776978402461	0.1	0.08	0.08	3.817	0.012	0.012	0.0972942262623393	0.00426106100419	0.00426106100419	3.7136287	MS	F	NA	lund16	3.47222222222222	2.04081632653061	1.14056224899598	8.88854599944089	A	3.794139355767774	0.004925363583234255	0.004981863856334368	0.8269813369119937	0.03698219866432639	0.04042702262580988
300	EPIC205917956	1.06	0.11	0.11	2.56	0.12	0.12	5185	71	71	4.579	0.431715442821083	0.431715442821083	-0.35	0.08	0.08	3.664	0.012	0.012	0.063205738228819	0.0035508841701583	0.0035508841701583	4.3953487	PMS	K	NA	lund16	10.377358490566	4.6875	1.36933461909354	9.42815992184065	A	3.7147487607250596	0.005906595826664862	0.00598803703474271	0.6607706435276973	0.03912909644854379	0.04300680894186926
301	EPIC205962429	1.15	0.04	0.04	1.79	0.04	0.04	6082	65	65	4.372	0.372936224763376	0.372936224763376	-0.24	0.08	0.08	3.99	0.012	0.012	0.1995596903629	0.0078119451743484	0.0078119451743484	3.8073652	MS	F	NA	lund16	3.47826086956522	2.23463687150838	1.06872739230516	8.530105781413	A	3.7840464158081133	0.004616797312744225	0.004666404316457484	0.6406801532776651	0.03555022630556581	0.03872182315952355
302	EPIC205967173	0.95	0.08	0.08	2.65	0.11	0.11	5016	52	52	3.603	0.37869252507843	0.37869252507843	-0.3	0.08	0.08	3.572	0.013	0.013	0.0518429088843122	0.0028407073361267	0.0028407073361267	4.5061282	PMS	K	NA	lund16	8.42105263157895	4.15094339622642	1.03668261562998	10.5104780760042	A	3.70035752782266	0.004479078388743396	0.004525754995968079	0.5566642621225685	0.04340345770303966	0.048227812024712824
303	EPIC205974115	1.15	0.04	0.04	1.36	0.03	0.03	6121	71	71	3.386	0.460929317911396	0.460929317911396	-0.07	0.08	0.08	4.23	0.012	0.012	0.455223350614303	0.0177544208507919	0.0177544208507919	3.7818007	MS	F	NA	lund16	3.47826086956522	2.20588235294118	1.15994118608071	13.6127973393797	A	3.7868223794991875	0.005008568175648431	0.005067004846718515	0.5296869537729164	0.05542725303739415	0.06355058883500286
304	EPIC205979004	1.07	0.06	0.06	2.22	0.06	0.06	5588	84	84	8.324	2.74920060577796	2.74920060577796	-0.35	0.08	0.08	3.777	0.014	0.014	0.0987145799304027	0.0049712378382217	0.0049712378382217	4.1311822	PMS	G	NA	lund16	5.60747663551402	2.7027027027027	1.50322118826056	33.0273979550452	A	3.7472563974421442	0.00647982473286568	0.006577972214689254	0.9203320715395893	0.12394109626999894	0.17410282736197447
305	EPIC205995584	1.31	0.07	0.07	1.71	0.04	0.04	6433	71	71	4.784	0.38291610691645	0.38291610691645	-0.07	0.08	0.08	4.082	0.013	0.013	0.257794190753498	0.0113628293445068	0.0113628293445068	3.5772847	MS	F	NA	lund16	5.34351145038168	2.33918128654971	1.10368412871133	8.00409922484219	A	3.8084135514003683	0.0047669811856434485	0.004819886629023884	0.6797911709803545	0.033440239162358054	0.036231523854355574
306	EPIC206009487	1.03	0.05	0.05	1.49	0.04	0.04	5926	71	71	1.949	0.164977135740432	0.164977135740432	-0.24	0.08	0.08	4.101	0.012	0.012	0.30963709963781	0.0127831830125701	0.0127831830125701	3.9096232	MS	G	NA	lund16	4.85436893203883	2.68456375838926	1.1981100236247	8.4647068106943	A	3.772761647144032	0.0051724016937471085	0.005234747735650025	0.28981183911762143	0.03528844665631098	0.03841142306959561
307	EPIC206064678	1.01	0.04	0.04	0.98	0.02	0.02	5562	71	71	0.9558	0.0889516392597488	0.0889516392597488	0.26	0.11	0.11	4.453	0.013	0.013	1.05319224486897	0.0426106100419004	0.0426106100419004	4.1482252	MS	G	NA	lund16	3.96039603960396	2.04081632653061	1.27651923768429	9.30651174510869	A	3.7452309845281406	0.005508766707210011	0.005579540818763995	-0.01963297381522487	0.03864603505793299	0.042423893937598586
308	EPIC206064711	1.27	0.05	0.05	1.57	0.03	0.03	6563	71	71	3.997	0.308407549090577	0.308407549090577	-0.18	0.08	0.08	4.147	0.011	0.011	0.32668134365457	0.0120730061785385	0.0120730061785385	3.4920697	MS	F	NA	lund16	3.93700787401575	1.91082802547771	1.08182233734573	7.71597570904621	A	3.8171024042569233	0.00467306292654035	0.0047238931027289155	0.6017341482601049	0.03228011971160316	0.03487347516907269
309	EPIC206070413	1.23	0.07	0.07	1.52	0.04	0.04	6446	71	71	3.855	0.316837613447796	0.316837613447796	-0.13	0.08	0.08	4.16	0.014	0.014	0.34798664867552	0.0156238903486968	0.0156238903486968	3.5687632	MS	F	NA	lund16	5.69105691056911	2.63157894736842	1.10145826869376	8.21887453820483	A	3.8092903011763157	0.0047574198192839035	0.004810112070322781	0.5860243823869757	0.034303013015627215	0.03724662109276067
310	EPIC206078331	0.94	0.04	0.04	1.13	0.03	0.03	5809	78	78	1.423	0.123992980527382	0.123992980527382	-0.18	0.11	0.11	4.306	0.012	0.012	0.656203394645267	0.0255663660251403	0.0255663660251403	3.9863167	MS	G	NA	lund16	4.25531914893617	2.65486725663717	1.34274401790325	8.71349125280268	A	3.7641013764762286	0.005792659335940531	0.0058709680184789725	0.15320490008428433	0.036283443010596994	0.03959340219833331
311	EPIC206088888	1.08	0.06	0.06	1.3	0.03	0.03	5965	71	71	2.132	0.17966884307268	0.17966884307268	-0.02	0.08	0.08	4.242	0.012	0.012	0.491442369149918	0.0198849513528869	0.0198849513528869	3.8840587	MS	G	NA	lund16	5.55555555555556	2.30769230769231	1.19027661357921	8.42724404656098	A	3.775610448006361	0.005138783097191624	0.005200316492454338	0.3287872003545347	0.035138419217879635	0.03823371518571911
312	EPIC206094605	1.4	0.11	0.11	2.01	0.07	0.07	6537	78	78	6.616	0.579248511148907	0.579248511148907	0.04	0.08	0.08	3.979	0.014	0.014	0.172572970669697	0.0078119451743484	0.0078119451743484	3.5091127	MS	F	NA	lund16	7.85714285714286	3.48258706467662	1.19320789352914	8.75526770176704	A	3.815378484965918	0.005151363557601929	0.005213200422768516	0.8205954965444903	0.03645030174993169	0.03979219865061867
313	EPIC206107253	1.16	0.03	0.03	1.31	0.02	0.02	6290	65	65	2.481	0.20841508252867	0.20841508252867	-0.18	0.08	0.08	4.267	0.01	0.01	0.516298558341027	0.0184645976848235	0.0184645976848235	3.6710212	MS	F	NA	lund16	2.58620689655172	1.52671755725191	1.03338632750397	8.40044669603668	A	3.798650645445269	0.0044649094447577475	0.004511289677495256	0.3946267642722091	0.035031071844656925	0.038106644215302965
314	EPIC206108325	1.3	0.05	0.05	2.15	0.05	0.05	6433	71	71	7.835	3.43972966891016	3.43972966891016	-0.18	0.11	0.11	3.887	0.014	0.014	0.13138271429586	0.006391591506285	0.006391591506285	3.5772847	MS	F	NA	lund16	3.84615384615385	2.32558139534884	1.10368412871133	43.9021017091277	A	3.8084135514003683	0.0047669811856434485	0.004819886629023884	0.894039000804609	0.15806713691097085	0.2510534092924097
315	EPIC206184719	1.44	0.06	0.06	2.78	0.08	0.08	5822	84	84	12.87	1.13826427749362	1.13826427749362	-0.02	0.11	0.11	3.706	0.013	0.013	0.0667566223989774	0.0035508841701583	0.0035508841701583	3.9777952	PMS	G	NA	lund16	4.16666666666667	2.87769784172662	1.44280316042597	8.84432228044774	A	3.765072201102792	0.0062212415262674625	0.006311657192812792	1.1095785469043866	0.03680577957295261	0.040216275714684224
316	EPIC206189649	1.17	0.06	0.06	2.0	0.05	0.05	6082	78	78	8.906	1.59769482996764	1.59769482996764	-0.18	0.11	0.11	3.907	0.012	0.012	0.14842695831262	0.006391591506285	0.006391591506285	3.8073652	MS	F	NA	lund16	5.12820512820513	2.5	1.2824728707662	17.9395332356573	A	3.7840464158081133	0.005534296356312307	0.005605732236880545	0.9496826907952042	0.07165940465613818	0.08586601707174013
317	EPIC206201061	1.41	0.1	0.1	1.97	0.06	0.06	6589	71	71	5.989	0.54400862162162	0.54400862162162	-0.02	0.11	0.11	3.997	0.013	0.013	0.183935800014204	0.0078119451743484	0.0078119451743484	3.4750267	MS	F	NA	lund16	7.09219858156028	3.04568527918782	1.07755349825467	9.08346337655068	A	3.8188195075475364	0.0046547216227645904	0.004705151418411102	0.7773543130842088	0.03775891824508393	0.04135711665552966
318	EPIC206245055	0.88	0.04	0.04	0.93	0.02	0.02	5835	71	71	1.027	0.0881553234679514	0.0881553234679514	-0.35	0.08	0.08	4.444	0.012	0.012	1.09580285491087	0.0426106100419004	0.0426106100419004	3.9692737	MS	G	NA	lund16	4.54545454545455	2.1505376344086	1.21679520137104	8.5837705421569	A	3.766040860381389	0.005252582247670556	0.005316888239437212	0.01157044359727816	0.03576491834029903	0.0389766955321688
319	EPIC206289767	1.36	0.08	0.08	2.06	0.06	0.06	6368	78	78	6.726	0.567887631238488	0.567887631238488	0.04	0.11	0.11	3.94	0.013	0.013	0.154108372984873	0.006391591506285	0.006391591506285	3.6198922	MS	F	NA	lund16	5.88235294117647	2.9126213592233	1.2248743718593	8.44317025332275	A	3.8040030547296126	0.005287246446703087	0.005352409284343551	0.8277568629786168	0.035202205361776095	0.03830925364888205
320	EPIC206368174	1.32	0.08	0.08	1.78	0.05	0.05	6212	65	65	4.479	0.385317387049338	0.385317387049338	0.1	0.06	0.06	4.05	0.013	0.013	0.230807471060294	0.0092322988424117	0.0092322988424117	3.7221502	MS	F	NA	lund16	6.06060606060606	2.80898876404494	1.04636188023181	8.60275479011695	A	3.7932314470565207	0.004520681594189835	0.004568233935663191	0.6511810624446879	0.03584084159696066	0.03906689407116326
321	EPIC206371648	0.83	0.03	0.03	0.93	0.02	0.02	5549	65	65	1.218	0.192773285125266	0.192773285125266	-0.24	0.08	0.08	4.421	0.016	0.016	1.03330729351609	0.0589446772246289	0.0589446772246289	4.1567467	MS	G	NA	lund16	3.6144578313253	2.1505376344086	1.17138223103262	15.8270349035523	A	3.744214724814166	0.005057683484254394	0.0051172786966908745	0.08564728829685654	0.06380993883090914	0.07482737399619999
322	EPIC206445085	1.18	0.04	0.04	1.86	0.04	0.04	5718	71	71	3.478	0.303061164574273	0.303061164574273	0.26	0.11	0.11	3.968	0.011	0.011	0.181805269512109	0.0078119451743484	0.0078119451743484	4.0459672	PMS	G	NA	lund16	3.38983050847458	2.1505376344086	1.24169289961525	8.71366200616081	A	3.75724415102197	0.005359398544833471	0.0054263632850908294	0.5413295776666937	0.036284125144728785	0.03959421455616774
323	EPIC206453540	1.42	0.08	0.08	1.87	0.05	0.05	6524	78	78	6.053	0.502935081754122	0.502935081754122	-0.02	0.11	0.11	4.044	0.011	0.011	0.215893757545629	0.00852212200838	0.00852212200838	3.5176342	MS	F	NA	lund16	5.63380281690141	2.67379679144385	1.19558553034948	8.30885646380508	A	3.8145139523682383	0.005161567626054353	0.005223651191922585	0.781970673912552	0.03466397053204284	0.03767261088517837
324	KIC10003270	1.416	0.207465659809039	0.103232746742494	2.362	0.114947814246292	0.0984784240328814	6594	69	69	9.847	0.935283684854657	0.935283684854657	-0.181	0.1	0.1	3.848	0.0221359436211787	0.0230867927612304	0.1086	0.0081026892449359	0.0079175103410099	3.4717492	MS	F	NA	serenelli17	10.9709889319044	4.51791359608749	1.04640582347589	9.49815867629386	A	3.8191489428071344	0.0045208704610022465	0.004568426796815572	0.9933039379194745	0.03940681613094432	0.04334258467778096
325	KIC10016239	1.264	0.0540370243444252	0.0596405902049938	1.298	0.0246981780704569	0.0255538646783613	6482	51	51	2.567	0.211327209888464	0.211327209888464	-0.005	0.1	0.1	4.312	0.010770329614269	0.010770329614269	0.5763	0.0184830611371602	0.0174825040826536	3.5451652	MS	F	NA	serenelli17	4.49674108185993	1.93574895026264	0.786794199321197	8.23245850753659	A	3.811709026696191	0.0034036314936214396	0.003430517113423015	0.40942586867144337	0.03435752358710642	0.03731090314974089
326	KIC10018963	1.254	0.0445533388198909	0.046690470119715	1.965	0.0272029410174709	0.0284253408071038	6271	46	46	5.266	0.446821090674345	0.446821090674345	-0.219	0.1	0.1	3.949	0.0058309518948453	0.0058309518948453	0.1655	0.0019918413591448	0.0019695217693643	3.6834757	MS	F	NA	serenelli17	3.63811040429051	1.41547790902226	0.733535321320364	8.48501881265373	A	3.7973368007753496	0.00317407611901821	0.0031974450075757943	0.7214808547700493	0.035369768634182286	0.03850780522945452
327	KIC10019747	1.168	0.0509901951359278	0.0556057550978314	1.7	0.0292061637330205	0.0308058436014987	5769	65	65	2.721	0.231861813052369	0.231861813052369	0.204	0.1	0.1	4.044	0.0106301458127346	0.0106301458127346	0.2377	0.0065952131125536	0.0065437454871044	4.0125367	MS	G	NA	serenelli17	4.56318280110271	1.76505903925056	1.12671173513607	8.52119856862805	A	3.7611005389581424	0.0048658858275714145	0.004921022114333429	0.4347285417797577	0.03551458170646604	0.03867953421779641
328	KIC10024648	1.444	0.087692645073575	0.13729530217746	2.0	0.0504479930225178	0.0602079728939615	6409	157	157	5.875	0.502415649551589	0.502415649551589	-0.006	0.1	0.1	3.994	0.0143178210632764	0.0161554944214035	0.1802	0.0061585879582904	0.0059393391585259	3.5930167	MS	F	NA	serenelli17	7.79044138680869	2.76639914791198	2.44968013730691	8.55175573704832	A	3.8067902715840667	0.01051060680925442	0.010771302236917357	0.7690078709437739	0.035636852210017445	0.03882462823274191
329	KIC10025841	1.121	0.133195345264014	0.0966488489326179	1.521	0.0945568612000208	0.0850940655980192	5738	187	187	3.181	0.271735078378362	0.271735078378362	0.197	0.1	0.1	4.127	0.0362215405525497	0.0392045915678253	0.3193	0.0449092151345356	0.040844652085677	4.0328572	MS	G	NA	serenelli17	10.251748180046	5.90568464161867	3.25897525270129	8.5424419483924	A	3.7587605439099794	0.013927810772162097	0.014389316578118816	0.5025636691073634	0.03559958795270901	0.03878039861321986
330	KIC10068307	1.469	0.0095	0.0209	2.0823	0.018	0.018	6132	77	77	6.294	0.2	0.173	-0.23	0.1	0.1	3.9666	0.0044	0.0044	0.162767559122221	0.0028684042326539	0.0030708046303529	3.7745902	MS	F	NA	silva17	1.03471749489449	0.864428756663305	1.25570776255708	2.96313949793454	A	3.7876021461823375	0.005419513663645681	0.005487998703266328	0.7989267385772014	0.013585545712781255	0.012104359078013993
331	KIC10070754	1.201	0.0552177507691141	0.056859475903318	1.284	0.0286356421265527	0.0286356421265527	6550	58	58	2.492	0.206873468067021	0.206873468067021	-0.21	0.099	0.099	4.299	0.0148660687473185	0.0148660687473185	0.5657	0.0260648158443523	0.0262609715166823	3.5005912	MS	F	NA	serenelli17	4.66599611458918	2.23019019677202	0.885496183206107	8.3015035339896	A	3.816241299991783	0.0038287343205425373	0.0038627888375888375	0.396548037987132	0.03463448591417012	0.03763778517914218
332	KIC10074716	1.217	0.0742495791233863	0.0920869154657707	1.465	0.046518813398452	0.0456179789118282	6064	91	91	2.686	0.2247932580903	0.2247932580903	0.11	0.1	0.1	4.189	0.019313207915828	0.0202484567313166	0.3864	0.0517320867934013	0.0183471170487355	3.8191642	MS	F	NA	serenelli17	6.83387405871639	3.14460042014608	1.50065963060686	8.36907141065898	A	3.782759192623997	0.006468864643337735	0.006566677876925109	0.4291060083326965	0.03490535201539452	0.03795791226524675
333	KIC10079226	1.147	0.0470106370941726	0.0460977222864644	1.158	0.0170880074906351	0.0170880074906351	6078	50	50	1.666	0.139281472396433	0.139281472396433	0.106	0.099	0.099	4.37	0.0076157731058639	0.0076157731058639	0.7383	0.0103502359876478	0.0104257321085859	3.8099872	MS	F	NA	serenelli17	4.05877765390746	1.47564831525346	0.822639025995393	8.36023243676071	A	3.7837606957439243	0.0035580608806231595	0.0035874521013301575	0.22167499707076876	0.034869927940073875	0.037916021033606695
334	KIC10081026	1.354	0.0781024967590666	0.0744043009509531	2.341	0.0922821759604746	0.0862844134244418	6503	61	61	10.56	0.966112970046765	0.966112970046765	-0.244	0.101	0.101	3.83	0.0223606797749979	0.0223606797749979	0.1052	0.0086065515161416	0.0083177661063533	3.5313997	MS	F	NA	serenelli17	5.63171335709083	3.81389554431688	0.938028602183608	9.14879706483679	A	3.8131137540078988	0.004054818373156799	0.004093033524226186	1.0236639181977936	0.0380189536870974	0.0416693179470885
335	KIC10088136	1.329	0.217635015565051	0.220204450454572	3.414	0.281753438310875	0.284429253066558	5301	83	83	8.371	0.782650863700183	0.782650863700183	-0.4	0.102	0.102	3.493	0.0271661554144122	0.0291547594742265	0.03324	0.0040781969054963	0.0038015168025408	4.3193107	PMS	G	NA	serenelli17	16.4725156516036	8.29207222286808	1.56574231277118	9.34955039660952	A	3.7243578042264267	0.006747246989493583	0.006853729462224845	0.9227773419287979	0.0388170017250693	0.042630037571921964
336	KIC10118942	1.184	0.0617170964968379	0.0609590026165127	2.14	0.0608358446970205	0.0599332962550868	6362	61	61	6.26	0.57991786244829	0.57991786244829	-0.325	0.0721110255092798	0.0721110255092798	3.85	0.0164924225024706	0.0164924225024706	0.1207	0.0070733940933614	0.0069151387549347	3.6238252	MS	F	p	serenelli17	5.18057850985433	2.82170890075017	0.95881798176674	9.26386361738483	A	3.8035936647713444	0.004144257242756133	0.004184185156217435	0.7965743332104297	0.03847655329043975	0.04221971728329388
337	KIC10129349	1.381	0.0578013840664737	0.0570087712549569	1.534	0.041146081222882	0.0393573373083089	6699	56	56	4.248	0.367732674870185	0.367732674870185	0.045	0.1	0.1	4.206	0.0177200451466694	0.0177200451466694	0.3817	0.0191729513638355	0.0191634382092567	3.4029217	MS	F	NA	serenelli17	4.15677607970422	2.62397061705316	0.83594566353187	8.65660722387442	A	3.8260099777911005	0.0036153755669490195	0.00364572534955121	0.6281845080734126	0.036056140169874795	0.03932286138913599
338	KIC10130724	0.85	0.15	0.09	1.08	0.06	0.04	5648	70	70	4.802	1.39168643856667	1.39168643856667	0.32	0.15	0.15	4.306	0.022	0.016	0.6827	0.0216	0.0209	4.0918522	MS	G	NA	C14sdss	14.1176470588235	4.62962962962963	1.23937677053824	28.9813918901848	A	3.7518946880437474	0.0053494629782226966	0.00541617811371653	0.6814221557210085	0.11052705927340378	0.14862784366704607
339	KIC10130853	1.273	0.0778973683766018	0.0761577310586391	3.796	0.0901387818865997	0.0893084542470644	4945	78	78	8.318	0.8628803096092	0.8628803096092	0.316	0.099	0.099	3.383	0.0072801098892805	0.0072801098892805	0.02326	0.0002953556967454	0.0002939131463544	4.5526687	PMS	K	NA	serenelli17	6.05086800609744	2.36363588163414	1.57735085945399	10.3736512335802	A	3.694166295933198	0.006796882226351109	0.006904949689691797	0.9200189160289148	0.0428654095379013	0.04756429567665699
340	KIC10147635	1.467	0.0554707129934347	0.0468721665810319	2.688	0.0446542271235322	0.0414004830889689	6155	66	66	9.718	0.857439330910491	0.857439330910491	-0.035	0.1	0.1	3.746	0.0067082039324993	0.0067082039324993	0.07556	0.0014935084499258	0.001477372833783	3.7595137	MS	F	NA	serenelli17	3.48816903798454	1.60072005603611	1.07229894394801	8.82320776816722	A	3.789228057267335	0.004632144075334743	0.004682083212812493	0.9875768947269874	0.03672152340302026	0.0401156911483157
341	KIC10162436	1.413	0.0735527021937332	0.114061386980871	2.011	0.0418688428309166	0.0458039299623951	6346	108	108	5.258	0.435907811991826	0.435907811991826	-0.059	0.1	0.1	3.979	0.0094339811320566	0.0139283882771841	0.1731	0.0019343469724948	0.0021747519881586	3.6343132	MS	F	NA	serenelli17	6.63885665869088	2.17983025343888	1.7018594390167	8.2903729933782	A	3.8025000677643934	0.007328893303492734	0.007454697343268535	0.7208205817703439	0.03458984959216316	0.03758507287520996
342	KIC10186764	1.305	0.0629682459657247	0.0698140387028282	1.709	0.0651920240520265	0.062393909959226	6488	74	74	3.867	0.346675421583137	0.346675421583137	-0.167	0.102	0.102	4.087	0.0231948270094864	0.0251793566240283	0.2597	0.0225543216257993	0.0221663331202975	3.5412322	MS	F	NA	serenelli17	5.08744385703268	3.73276576978503	1.14056720098644	8.96497081932083	A	3.8121108412030997	0.0049253848469290595	0.004981885610678027	0.5873741720730654	0.037286906886626836	0.04079146424359281
343	KIC10202294	1.18	0.21	0.11	1.88	0.08	0.07	5803	66	66	4.243	0.36646582595668	0.36646582595668	0.36	0.1	0.1	3.961	0.026	0.015	0.1786	0.0062	0.0065	3.9902497	MS	G	NA	C14sdss	13.5593220338983	3.98936170212766	1.13734275374806	8.63695088278766	A	3.7636525705645303	0.004911538949043059	0.004967720682089283	0.6276730317666159	0.03597756774862071	0.03922941487008769
344	KIC10214328	1.23	0.085146931829632	0.0630317380372777	1.765	0.0539073278877742	0.051662365412358	6923	80	80	6.189	0.470228183233684	0.470228183233684	-0.584	0.102	0.102	4.033	0.0234093998214393	0.0206155281280883	0.2237	0.0147731362953166	0.0153182752292809	3.2560897	MS	F	NA	serenelli17	6.02352316532153	2.99064286969213	1.15556839520439	7.5978055135512	A	3.840294331611436	0.004989794736555364	0.005047791615125252	0.791620482692814	0.03180341386685592	0.03431771447212206
345	KIC10215584	1.068	0.060605280298007	0.0638200595424354	1.139	0.0290688837074973	0.0290688837074973	5995	57	57	1.78	0.157131504009564	0.157131504009564	-0.015	0.1	0.1	4.352	0.0170880074906351	0.0170880074906351	0.7201	0.0373758863975157	0.0288770217300884	3.8643937	MS	G	NA	serenelli17	5.82515635957127	2.55214079960468	0.950792326939116	8.82761258480697	A	3.7777891874348675	0.0041097319162815005	0.004148994174841825	0.250420002308894	0.03673910190382801	0.040136672735011286
347	KIC10272858	1.389	0.0762758153020995	0.0730068489937759	3.636	0.0708025423272357	0.0684105255059483	5208	68	68	9.418	0.909557214636216	0.909557214636216	0.11	0.0721110255092798	0.0721110255092798	3.459	0.0072111025509279	0.0080622577482985	0.02891	0.0005138416584902	0.0005147341546856	4.3802722	PMS	G	p	serenelli17	5.37374601497032	1.91437111981826	1.30568356374808	9.65764721423037	A	3.7166709755601355	0.005633811314192272	0.005707856564859615	0.9739586861067037	0.04003892353872118	0.04410860329674837
348	KIC10272923	1.205	0.101636607578175	0.0938616002420585	2.841	0.087091905479212	0.083240615086627	5078	74	74	4.783	0.461594140836099	0.461594140836099	0.061	0.102	0.102	3.611	0.0111803398874989	0.0111803398874989	0.05251	0.000901245282928	0.0008969442903547	4.4654872	PMS	K	NA	serenelli17	8.11195883071509	2.99775643375289	1.45726664040961	9.65072424913442	A	3.7056926965377035	0.006283157814052309	0.0063753955163212694	0.6797003808719642	0.04001150456223146	0.04407532443855877
349	KIC10273246	1.287	0.0509901951359278	0.0544518135602479	2.147	0.029	0.0320156211871642	6342	59	59	6.403	0.567072115737085	0.567072115737085	-0.262	0.1	0.1	3.883	0.0078102496759066	0.0078102496759066	0.13	0.0021014340341776	0.0021128816814956	3.6369352	MS	F	NA	serenelli17	4.09642613427256	1.4209506564314	0.930305897193314	8.85635039414471	A	3.80222623769107	0.004021589504720424	0.00405917797513089	0.8063835018241675	0.036853769717837714	0.040273585234039344
350	KIC10290021	1.37	0.13	0.11	2.05	0.06	0.07	6215	56	56	6.234	0.534000492474451	0.534000492474451	0.06	0.15	0.1	3.955	0.014	0.015	0.1612	0.0045	0.0045	3.7201837	MS	F	NA	C14sdss	8.75912408759124	3.17073170731707	0.901045856798069	8.56593667748558	A	3.7934411329776636	0.00389566779768602	0.003930928887409202	0.7947667979408211	0.03569358369164266	0.038891979790951714
351	KIC10295224	1.475	0.0640702739185654	0.0640702739185654	2.613	0.0942549733435854	0.0885437744847146	6091	50	50	7.578	1.38268935046898	1.38268935046898	0.12	0.1	0.1	3.772	0.0200997512422418	0.0200997512422418	0.08244	0.0064869519036293	0.0063062434142681	3.8014657	PMS	F	NA	serenelli17	4.34374738430952	3.4978711792633	0.820883270398949	18.2460985810106	A	3.7846885995014214	0.0035504978807465726	0.0035797637719552355	0.8795546009389744	0.07278682050760488	0.08749151298805247
352	KIC10319352	1.077	0.0622012861603359	0.060605280298007	1.483	0.0288444102037119	0.0366742416417845	5659	63	63	2.162	0.19153491573826	0.19153491573826	0.197	0.099	0.099	4.128	0.017464249196573	0.0165529453572468	0.3303	0.0227037728142263	0.0156028523033451	4.0846417	MS	G	NA	serenelli17	5.7013262051227	2.20899028474364	1.11327089591801	8.85915428946622	A	3.752739693935328	0.004808159533916001	0.004861988115537841	0.3348556896172915	0.036864956025104256	0.04028694584667908
353	KIC10322381	1.138	0.0687968022512675	0.0646374504447692	1.401	0.066098411478643	0.059464274989274	6464	63	63	2.627	0.213321387443824	0.213321387443824	-0.361	0.1	0.1	4.199	0.0280713376952364	0.0290688837074973	0.4109	0.0449059305660177	0.0438555013652791	3.5569642	MS	F	NA	serenelli17	5.86266488119669	4.48118081612837	0.974628712871287	8.12034211815091	A	3.8105013477665297	0.0042122649294471515	0.004253520570739244	0.4194600727860702	0.03390741123858226	0.03678063058956832
354	KIC10324098	1.326	0.172754160586656	0.0738173421358423	2.11	0.0813941029804985	0.060802960454241	6370	68	68	6.862	0.611014165471671	0.611014165471671	-0.118	0.101	0.101	3.912	0.0167630546142402	0.0158113883008419	0.1408	0.0069354653773196	0.0067335551531119	3.6185812	MS	F	NA	serenelli17	9.29756797596146	3.36959865959099	1.06750392464678	8.90431602261252	A	3.8041394323353503	0.004611540014244575	0.004661033497369349	0.8364507137201546	0.03704509176368065	0.040502198978789594
355	KIC10351059	1.47	0.0729177618965366	0.0722495674727538	1.819	0.0457930125674212	0.0449444101084885	6530	58	58	5.568	0.459300526153019	0.459300526153019	0.16	0.1	0.1	4.085	0.0139283882771841	0.0148660687473185	0.244	0.0114702997345318	0.0114801862354232	3.5137012	MS	F	NA	serenelli17	4.93766426426158	2.49415675304865	0.888208269525268	8.24893186338038	A	3.814913181275074	0.0038404092226427267	0.003874672670857837	0.7456992266025056	0.03442361968472418	0.03738887112884737
356	KIC10355856	1.347	0.0558659108938537	0.0530754180388624	1.738	0.0270185121722126	0.0264007575648882	6558	56	56	5.057	0.435711596721004	0.435711596721004	-0.152	0.1	0.1	4.087	0.0072111025509279	0.0072111025509279	0.2561	0.0032990013640494	0.0032228561866766	3.4953472	MS	F	NA	serenelli17	4.0438503686977	1.5368029268441	0.853918877706618	8.61600942695282	A	3.8167714123333463	0.003692778244337891	0.0037244471732384987	0.7038929536325446	0.03589384268703999	0.0391298810142473
357	KIC10385708	1.227	0.128160056179763	0.054561891462815	1.766	0.0488466989672793	0.0407062648740952	6036	55	55	3.7	0.318249775162472	0.318249775162472	0.121	0.1	0.1	4.033	0.0178885438199983	0.0152643375224737	0.2228	0.0094411512009923	0.0092278273174133	3.8375182	MS	F	NA	serenelli17	7.44588213702436	2.53547462744548	0.911199469847581	8.6013452746614	A	3.7807492311035524	0.003939368397869014	0.003975428691445515	0.568201724066995	0.035835205011055304	0.03906019649441528
358	KIC10394814	1.128	0.077884529914483	0.0730821455623739	3.146	0.0866833317310774	0.084770277810091	5156	64	64	6.623	0.64517421606136	0.64517421606136	-0.199	0.101	0.101	3.494	0.0080622577482985	0.0080622577482985	0.03621	0.0007230411474459	0.0007110235375147	4.4143582	PMS	K	NA	serenelli17	6.69178526049898	2.72494611476746	1.24127230411171	9.74141953890019	A	3.7123129086813655	0.005357594320896553	0.005424513699747724	0.8210547550468882	0.04037057362863972	0.04451150111455626
359	KIC10398597	1.47	0.0779358710735949	0.112538882169675	2.015	0.0784474346298207	0.0717843994193725	6412	65	65	6.768	0.567435482894059	0.567435482894059	0.112	0.1	0.1	3.991	0.0241867732448957	0.0241867732448957	0.1769	0.0144302044337563	0.0147180331566415	3.5910502	MS	F	NA	serenelli17	6.47873310351258	3.72783707318097	1.01372426699938	8.38409401439213	A	3.8069935136821074	0.004380383371785701	0.004425015368151097	0.8304603500309671	0.03496555167986337	0.03802911932249142
360	KIC10417911	1.145	0.0550090901579003	0.0550090901579003	1.901	0.0569209978830308	0.0550272659687904	5545	63	63	3.83	0.347679616677837	0.347679616677837	0.137	0.1	0.1	3.938	0.0152970585407784	0.0152970585407784	0.1663	0.0096900671308304	0.0095573415236665	4.1593687	PMS	G	NA	serenelli17	4.80428735003496	2.94445722913785	1.13615870153291	9.0777967801002	A	3.743901550485179	0.004906454473423416	0.004962519281699329	0.5831987739686227	0.03773635721322699	0.041330049028768245
361	KIC10454113	1.203	0.0384837628097877	0.0384837628097877	1.255	0.0134164078649987	0.0143178210632764	6197	45	45	2.627	0.230186565383304	0.230186565383304	-0.055	0.1	0.1	4.32	0.0053851648071345	0.0053851648071345	0.6076	0.0042054538399559	0.0038675052682575	3.7319827	MS	F	NA	serenelli17	3.19898277720596	1.10494935969223	0.726157818299177	8.762335949117	A	3.792181496149679	0.0031422681796349217	0.003165169356304176	0.4194600727860702	0.03647852659951062	0.03982584245280196
362	KIC10462940	1.239	0.05060632371552	0.0522015325445528	1.271	0.0174928556845359	0.0174928556845359	6265	48	48	2.189	0.183679028296869	0.183679028296869	0.112	0.099	0.099	4.322	0.0072111025509279	0.0072111025509279	0.6025	0.0064220834625532	0.0064459653272415	3.6874087	MS	F	NA	serenelli17	4.14882390072933	1.37630650547096	0.766161213088587	8.39100174951434	A	3.796921075330169	0.0033147139971849704	0.0033402079620130642	0.3402457615679317	0.03499323005533794	0.038061865867072386
363	KIC10491771	1.299	0.0551543289325507	0.0537587202228624	1.511	0.043081318457076	0.0412310562561766	6601	48	48	3.72	0.300924684209658	0.300924684209658	-0.101	0.1	0.1	4.192	0.0189736659610103	0.0189736659610103	0.3723	0.0134728505150172	0.0452306721263348	3.4671607	MS	F	NA	serenelli17	4.19218818919989	2.78995283630882	0.727162551128617	8.08937323144242	A	3.819609732751585	0.003146600199805505	0.003169564795446167	0.5705429398818975	0.03378299854345046	0.0366342722903682
364	KIC10514430	1.059	0.04	0.021	1.59	0.015	0.018	5784	98	98	2.634	0.151	0.124	-0.114	0.0721110255092798	0.0721110255092798	4.061	0.004	0.004	0.265606135927846	0.0028407073361267	0.0028407073361267	4.0027042	MS	G	p	silva15	2.88007554296506	1.0377358490566	1.69432918395574	5.2201974183751	A	3.7622282842864743	0.007296735884576133	0.007421428932051111	0.420615770625765	0.024209428883982642	0.020942049144726915
365	KIC10516096	1.0586	0.0494	0.0608	1.3986	0.024	0.021	5964	77	77	2.217	0.189	0.146	-0.11	0.1	0.1	4.169	0.011	0.0099	0.385592642567999	0.0070655493217811	0.0066458348128684	3.8847142	MS	G	NA	silva17	5.2049877196297	1.60875160875161	1.29107981220657	7.5552548488949	A	3.775537634780957	0.0055712009485091585	0.005643598968787966	0.3457656931144882	0.035529929889337786	0.02958559422103557
366	KIC10518551	1.25	0.0523259018078045	0.0574891294072192	2.08	0.0366196668472011	0.0382753184180093	6242	60	60	7.12	0.615406327362857	0.615406327362857	-0.267	0.101	0.101	3.898	0.0089442719099991	0.0098488578017961	0.1388	0.0037746317701201	0.0036756045761207	3.7024852	MS	F	NA	serenelli17	4.39260124860095	1.8003602227214	0.961230374879846	8.64334729442215	A	3.795323764329314	0.004154634508667154	0.004194763602027862	0.8524799936368563	0.03600313772713193	0.03925982129315275
368	KIC10586004	1.178	0.021	0.03	1.653	0.009	0.012	5770	83	83	2.749	0.151	0.155	0.256	0.0721110255092798	0.0721110255092798	4.071	0.005	0.005	0.260634898089624	0.0028407073361267	0.0035508841701583	4.0118812	MS	G	p	silva15	2.16468590831919	0.635208711433757	1.43847487001733	5.5656602400873	A	3.7611758131557314	0.0062027109584490425	0.006292584903563991	0.4391747398434685	0.023223258055487583	0.02520476809540717
369	KIC10593351	1.59	0.0604400529450463	0.0586003412959345	3.071	0.0535350352572967	0.0535350352572967	5927	81	81	11.41	0.97035638213164	0.97035638213164	0.151	0.1	0.1	3.665	0.0058309518948453	0.0058309518948453	0.05494	0.001283150638078	0.0012849731514704	3.9089677	PMS	G	NA	serenelli17	3.74340862393021	1.74324439131542	1.36662729880209	8.50443805549203	A	3.772834927239018	0.005894996757093818	0.0059761162176004134	1.0572856444182146	0.03544750208862424	0.03859997117677905
371	KIC10610027	1.329	0.0626258732474047	0.0551543289325507	1.48	0.057567351858497	0.0528109837060436	6704	58	58	5.015	0.1028789500582	0.1028789500582	-0.041	0.1	0.1	4.222	0.0253179778023443	0.0263058928759318	0.4115	0.0413831059854139	0.0375354853571923	3.3996442	MS	F	NA	serenelli17	4.43115884800434	3.72899782312637	0.865155131264916	2.05142472698305	A	3.82633400562222	0.003741160807530175	0.0037736686795279972	0.7002709373564369	0.008819072224532043	0.009001876724548552
372	KIC10644253	1.159	0.0447772263544762	0.0456946386351835	1.118	0.0136014705087354	0.014560219778561	6069	50	50	1.537	0.130345556857047	0.130345556857047	0.096	0.1	0.1	4.405	0.0067082039324993	0.0067082039324993	0.8301	0.0056789388093199	0.0056198424355136	3.8158867	MS	F	NA	serenelli17	3.90301402026142	1.25946736526371	0.823858955346845	8.48051768751117	A	3.7831171374904673	0.0035633157061814025	0.003592794165677482	0.1866738674997451	0.03535174905518765	0.03848644516671254
373	KIC10655953	1.262	0.0483321838943783	0.0501597448159378	1.267	0.0269258240356725	0.026	6594	61	61	2.301	0.193171468513318	0.193171468513318	-0.073	0.099	0.099	4.333	0.012369316876853	0.0133416640641263	0.6211	0.030470144469628	0.0204480317879252	3.4717492	MS	F	NA	serenelli17	3.90221587600301	2.08862762571715	0.925083409159842	8.39510945299078	A	3.8191489428071344	0.0039991170035595935	0.004036284617321861	0.36191661866864344	0.03500968824025974	0.03808133985962964
374	KIC10666592	1.497	0.042	0.04	1.986	0.018	0.015	6350	80	80	5.754	0.304	0.322	0.203	0.0721110255092798	0.0721110255092798	4.017	0.007	0.009	0.19103756835452	0.0028407073361267	0.0035508841701583	3.6316912	MS	F	p	silva15	2.73881095524382	0.830815709969789	1.25984251968504	5.43969412582551	A	3.8027737252919755	0.0054372476322464	0.005506184461259167	0.7599698575543072	0.02235941144252973	0.025010096281862015
375	KIC10670371	1.501	0.0690289794216893	0.0873212459828649	3.017	0.0693397432934389	0.0796492310069595	5334	71	71	9.321	0.919298453752055	0.919298453752055	-0.119	0.1	0.1	3.652	0.0076157731058639	0.0076157731058639	0.05452	0.0015303510839019	0.0015625010207996	4.2976792	PMS	G	NA	serenelli17	5.20820204545484	2.46915767816371	1.33108361454818	9.862659089712	A	3.727053011353857	0.0057426869354721966	0.0058196413365796396	0.9694625079746368	0.040850106373061745	0.045095257947120104
376	KIC10709834	1.39	0.04	0.03	1.76	0.03	0.02	6508	84	84	5.709	0.462955303593953	0.462955303593953	-0.08	0.09	0.09	4.092	0.01	0.01	0.2573	0.0083	0.0081	3.5281222	MS	F	NA	C14bruntt	2.51798561151079	1.42045454545455	1.29071911493546	8.10921884032147	A	3.8134475442648212	0.005569654424238291	0.005642011994196672	0.7565600430066829	0.0338627292981033	0.036728056538887555
378	KIC10717090	1.22	0.095	0.120880105890093	1.546	0.0585234995535981	0.0593632883186233	5817	74	74	2.651	0.221827032423064	0.221827032423064	0.238	0.1	0.1	4.141	0.0223606797749979	0.0241660919471891	0.3257	0.0444637450626912	0.013675961574968	3.9810727	MS	G	NA	serenelli17	8.84754532336445	3.81263867633316	1.2721334020973	8.36767379943659	A	3.7646990637983677	0.005489958937625605	0.005560247517201411	0.4234097277330934	0.034899750982296585	0.03795128818948834
379	KIC10727922	1.212	0.0658559033041078	0.0700071424927486	1.917	0.0756439025963098	0.0729177618965366	6319	66	66	4.764	0.413800752012321	0.413800752012321	-0.304	0.1	0.1	3.954	0.0233452350598575	0.0243310501211929	0.171	0.0153607220207906	0.0144576927965703	3.6520117	MS	F	NA	serenelli17	5.60491113023335	3.87484779584889	1.04446906156037	8.68599395491857	A	3.8006483553639883	0.004512546235445836	0.004559926683319837	0.67797175281074	0.036173581436724445	0.03946260382854605
380	KIC10730618	1.368	0.0567274184147313	0.0552268050859363	1.777	0.0240831891575846	0.0240831891575846	6422	54	54	4.894	0.397201754280749	0.397201754280749	-0.006	0.1	0.1	4.074	0.0072111025509279	0.0072111025509279	0.2436	0.0023026022235722	0.0022029900135951	3.5844952	MS	F	NA	serenelli17	4.09189413379633	1.3552723217549	0.840859545312987	8.11609632776357	A	3.8076703012304836	0.0036365388508525776	0.003667246500870913	0.6896639650157704	0.03389035654280537	0.036760562156835874
381	KIC10731424	1.437	0.0823286098510111	0.0763806258157132	2.55	0.0974935895328508	0.0878179936004006	6432	65	65	10.5	0.942460199831208	0.942460199831208	-0.129	0.101	0.101	3.782	0.0182482875908947	0.0192353840616713	0.08646	0.006158342715374	0.0060087898948124	3.5779402	MS	F	NA	serenelli17	5.5222420204149	3.63356045359317	1.01057213930348	8.97581142696389	A	3.808346035740395	0.004366831024973816	0.004411185876552981	1.021189299069938	0.03733011143086329	0.04084318385596408
382	KIC10732098	1.121	0.0559464029227975	0.0603738353924943	1.778	0.0518941229813165	0.0509901951359278	5796	67	67	3.341	0.281171050181982	0.281171050181982	-0.01	0.1	0.1	3.987	0.014560219778561	0.01552417469626	0.199	0.0108820487041733	0.0107871675615057	3.9948382	MS	G	NA	serenelli17	5.18823542887118	2.8932597895738	1.1559696342305	8.41577522244784	A	3.763128376799137	0.004991517385660504	0.00504955454952416	0.5238764756381313	0.035092479560262846	0.03817932635475141
383	KIC10794845	1.142	0.054644304369257	0.0554707129934347	1.143	0.0480520551069359	0.0441474801092882	6398	55	55	1.717	0.140750470612926	0.140750470612926	-0.195	0.1	0.1	4.378	0.0294278779391243	0.0323882694814033	0.7723	0.0511312213818524	0.0503896705684806	3.6002272	MS	F	NA	serenelli17	4.82114787052065	4.03322551252074	0.859643638637074	8.19746479982096	A	3.806044235748088	0.003717429359036739	0.003749524350624256	0.23477029516091652	0.034217084833883915	0.03714532524488706
384	KIC10858780	0.92	0.14	0.11	1.43	0.1	0.08	5672	60	60	2.386	0.210801878607723	0.210801878607723	-0.16	0.15	0.1	4.086	0.023	0.023	0.3093	0.026	0.0256	4.0761202	MS	G	NA	C14sdss	13.5869565217391	6.29370629370629	1.05782792665726	8.83494881004706	A	3.75373622217501	0.0045699595502970425	0.00461855981868764	0.3776704393343231	0.03676837733016286	0.040171619832720495
386	KIC10873176	1.109	0.0540832691319598	0.0508035431835221	2.021	0.0393573373083089	0.0384707681233427	6517	89	89	6.273	0.535099039682648	0.535099039682648	-0.837	0.104	0.104	3.871	0.0125299640861417	0.0125299640861417	0.1342	0.0048013357516424	0.0046236480186104	3.5222227	MS	F	NA	serenelli17	4.72889144794779	1.92548504284145	1.36565904557312	8.53019352275862	A	3.8140477209955996	0.005890848359795697	0.005971852904292696	0.7974752875373343	0.03555057741152445	0.038722239751243115
388	KIC10909629	1.302	0.116284134773408	0.105342299196477	2.112	0.0651920240520265	0.0581893461039046	6501	61	61	7.422	0.607339207044955	0.607339207044955	-0.297	0.101	0.101	3.903	0.0134536240470737	0.0116619037896906	0.1378	0.0018365600997517	0.001801517415958	3.5327107	MS	F	NA	serenelli17	8.51099976842873	2.9209604677067	0.938317181972004	8.1829588661406	A	3.8129801660394804	0.004056060010548368	0.004094298679668373	0.8705209500127643	0.034158855472327554	0.037076706777388946
389	KIC10923629	1.688	0.0787718223732319	0.213459598050779	2.578	0.0431856457633784	0.0992975326984513	6195	87	87	9.692	0.806334524261021	0.806334524261021	0.157	0.1	0.1	3.84	0.0098994949366116	0.0211896201004171	0.09807	0.0016765157321063	0.0016757469976103	3.7332937	MS	F	NA	serenelli17	8.65614396990553	2.76344411291369	1.4043583535109	8.3195885705842	A	3.792041310712082	0.006056621350404079	0.006142282327698645	0.9864134054654686	0.034707001766989376	0.037723446411545236
390	KIC10937782	1.36	0.33	0.15	4.07	0.45	0.21	5199	68	68	9.793	0.933244397420951	0.933244397420951	-0.3	0.15	0.1	3.355	0.009	0.009	0.0202	0.0011	0.0017	4.3861717	PMS	K	NA	C14sdss	17.6470588235294	8.10810810810811	1.30794383535295	9.52970894946341	A	3.7159198174335795	0.005643500923901534	0.0057178027781947804	0.9909157545060844	0.03953193363113605	0.043494012519174285
391	KIC10959362	1.406	0.0908019823572151	0.09037698822156	2.307	0.0782368199762746	0.0734098086089318	5806	94	94	6.758	0.610995345083011	0.610995345083011	0.419	0.102	0.102	3.859	0.0183847763108502	0.0183847763108502	0.1142	0.0071122947070548	0.0069591827824824	3.9882832	PMS	G	NA	serenelli17	6.44306438758091	3.28666295156494	1.61901481226318	9.04106755079922	A	3.763877031495655	0.00697498014648934	0.007088832727537131	0.8298181874388775	0.03759009474473607	0.041154645441495497
392	KIC10963065	1.131	0.044407206622349	0.044407206622349	1.242	0.0170293863659264	0.0178044938147649	6316	45	45	1.87	0.154763396060113	0.154763396060113	-0.146	0.0721110255092798	0.0721110255092798	4.303	0.0064031242374328	0.0072111025509279	0.5889	0.0047338001647724	0.0043423119418116	3.6539782	MS	F	p	serenelli17	3.92636663327578	1.40233011999562	0.71247625079164	8.27611743636969	A	3.8004421213362565	0.0030832742402759905	0.0031053205609068435	0.27184160653649897	0.0345326744517071	0.037517570380466964
393	KIC10971974	1.057	0.0595399025864168	0.0586685605754905	1.19	0.0338378486313773	0.0328937684067971	6030	58	58	1.647	0.136094550586722	0.136094550586722	-0.077	0.102	0.102	4.311	0.0186815416922694	0.0186815416922694	0.6314	0.0379219561863573	0.0378822961421295	3.8414512	MS	F	NA	serenelli17	5.59169645988209	2.80384945538548	0.961857379767828	8.26317854199892	A	3.780317312140151	0.004157331622365312	0.004197513087163429	0.21669359916975436	0.03448077356777321	0.037456311589747326
394	KIC10972252	1.338	0.0650691939399898	0.0637024332345319	2.285	0.0536003731330296	0.0520096144957834	6237	60	60	8.655	0.740800397459084	0.740800397459084	-0.136	0.101	0.101	3.845	0.0125299640861417	0.0125299640861417	0.1118	0.0042264926357442	0.0042420381893613	3.7057627	MS	F	NA	serenelli17	4.81209369112562	2.31094064833289	0.962000962000962	8.55921891922686	A	3.794975744051132	0.004157949250930937	0.004198142713438102	0.9372670722114126	0.03566670992535392	0.03886007288376214
395	KIC10972873	1.177	0.0487647413609464	0.0550363516232681	1.861	0.0340587727318528	0.0374833296279826	5928	64	64	3.488	0.305307643040754	0.305307643040754	-0.057	0.101	0.101	3.968	0.0078102496759066	0.0086023252670426	0.1827	0.0035540766508335	0.0035898324473434	3.9083122	MS	G	NA	serenelli17	4.40956214886213	1.92214138527231	1.07962213225371	8.75308609635188	A	3.7729081949712717	0.00466360972013824	0.004714233338200202	0.5425764762605296	0.0364415898160958	0.039781815060868086
397	KIC10990438	1.63	0.22	0.28	4.13	0.23	0.31	5226	75	75	11.46	1.11774022590193	1.11774022590193	0.0	0.1	0.2	3.415	0.014	0.015	0.0231	0.0012	0.0011	4.3684732	PMS	G	NA	C14sdss	15.3374233128834	6.53753026634383	1.43513203214696	9.7534051125823	A	3.718169405391307	0.0061883988351199015	0.006277855510727903	1.0591846176313713	0.04041800316166877	0.044569175566384844
398	KIC11021413	1.116	0.0657875368135941	0.0610982814815605	2.085	0.0597745765355138	0.0569209978830308	5452	72	72	3.452	0.319786061614578	0.319786061614578	-0.078	0.1	0.1	3.846	0.0101980390271856	0.0101980390271856	0.1229	0.0049495626069381	0.0049140428366061	4.2203302	PMS	G	NA	serenelli17	5.68484848992628	2.79845502202745	1.32061628760088	9.2637908926587	A	3.736555847162636	0.00569782274395747	0.005773571496246799	0.538070787043172	0.038476264229109436	0.04221936919778063
399	KIC11026764	1.196	0.0432666153055679	0.054561891462815	2.058	0.0333016516106934	0.0388329756778952	5722	57	57	3.431	0.329481915294296	0.329481915294296	-0.108	0.101	0.101	3.888	0.0067082039324993	0.0067082039324993	0.1373	0.0027787804879119	0.0027547693188359	4.0433452	PMS	G	NA	serenelli17	4.08982051707286	1.75254196522324	0.996155190492835	9.60308700945193	A	3.757547853469244	0.0043048409971393475	0.004347939269827794	0.5354207180561734	0.03982278637727499	0.04384640021116243
400	KIC11027406	1.066	0.064621977685614	0.0609261848469113	1.357	0.0299666481275434	0.0290688837074973	6250	94	94	2.054	0.177470421702783	0.177470421702783	-0.279	0.099	0.099	4.2	0.0120830459735946	0.0111803398874989	0.4262	0.0102866772575016	0.0099440064863213	3.6972412	MS	F	NA	serenelli17	5.88875058782952	2.17522224889612	1.504	8.64023474697095	A	3.7958800173440754	0.00648315696547197	0.006581406184634542	0.31260043926125936	0.035990695349570556	0.03924502500721466
401	KIC11074380	1.381	0.136191042289866	0.152052622469986	2.778	0.12747548783982	0.141852035586381	5154	87	87	5.285	0.458168209862901	0.458168209862901	0.082	0.1	0.1	3.689	0.0133416640641263	0.0143178210632764	0.06425	0.0037255195610813	0.0035248019802536	4.4156692	PMS	K	NA	serenelli17	10.4360486879019	4.84750762106193	1.68800931315483	8.66921872966699	A	3.712144414214886	0.007269745487707535	0.007393509924214836	0.723044991643445	0.03610654473966146	0.0393828272536213
402	KIC11075448	1.326	0.0594138031100518	0.0572800139664787	1.564	0.0474341649025257	0.0455411901469428	6470	68	68	4.039	0.310442640064444	0.310442640064444	0.029	0.1	0.1	4.171	0.0196468827043885	0.0206155281280883	0.3469	0.0350600427980343	0.0106493709203877	3.5530312	MS	F	NA	serenelli17	4.40021934677717	2.97235789800091	1.05100463678516	7.68612627047399	A	3.8109042806687006	0.004540635575649432	0.004588610860587039	0.6062738531699883	0.032159754623020564	0.034733024527848544
403	KIC11075456	1.29	0.11	0.17	1.48	0.05	0.07	6513	58	58	3.247	0.263707259100837	0.263707259100837	-0.2	0.3	0.2	4.207	0.018	0.02	0.3983	0.0179	0.0172	3.5248447	MS	F	NA	C14sdss	10.8527131782946	4.05405405405405	0.890526639029633	8.12156634126384	A	3.8137810781740824	0.0038503890164327537	0.0038848315716433213	0.5114822886260014	0.033912328632683675	0.03678641725548454
404	KIC11081729	1.298	0.0587281874401041	0.0536003731330296	1.411	0.0264007575648882	0.0241867732448957	6605	51	51	2.588	0.13797264550973	0.13797264550973	-0.139	0.099	0.099	4.251	0.0072111025509279	0.0064031242374328	0.4618	0.0071613228526578	0.0071914800284781	3.4645387	MS	F	NA	serenelli17	4.32698615458912	1.79261271473366	0.772142316426949	5.3312459625089	A	3.819872821950546	0.0033404913321213314	0.003366384904189168	0.4129642719966628	0.02255722148152778	0.023793338718718138
405	KIC11082784	1.151	0.0577754273026172	0.0577754273026172	2.042	0.0569209978830308	0.0559732078766261	5923	62	62	4.841	0.419267125038331	0.419267125038331	-0.259	0.101	0.101	3.877	0.0133416640641263	0.0143178210632764	0.1347	0.0068980961141462	0.0068101580745236	3.9115897	PMS	G	NA	serenelli17	5.01958534340722	2.76430474435987	1.04676684112781	8.66075449366517	A	3.7725417326409434	0.004522422101485901	0.004570011259324325	0.6849350826408896	0.03607271626274722	0.03934258013638359
406	KIC11083308	1.305	0.0824621125123532	0.0765506368360186	2.084	0.0827345151674922	0.0765375724726098	6234	65	65	6.828	0.577672495564469	0.577672495564469	-0.042	0.1	0.1	3.915	0.022561028345357	0.022561028345357	0.1439	0.011615083340209	0.0111598280004667	3.7077292	MS	F	NA	serenelli17	6.09244250376903	3.82130728503124	1.04266923323709	8.46034703521484	A	3.794766797940821	0.004504810409051707	0.0045520276968415985	0.834293512442696	0.0352709896922605	0.038390738355786325
407	KIC11098033	1.38	0.21	0.14	2.26	0.12	0.09	6358	66	66	6.502	0.578005386824734	0.578005386824734	-0.14	0.2	0.15	3.877	0.024	0.027	0.1212	0.0087	0.0082	3.6264472	MS	F	NA	C14sdss	12.6811594202899	4.64601769911504	1.03806228373702	8.88965528798423	A	3.803320523578754	0.004485008691870629	0.004531809627504657	0.8130469651601079	0.036986622962905	0.04043231022473193
408	KIC11127479	1.162	0.0572450871254468	0.0608358446970205	1.372	0.0237065391822594	0.0245967477524977	5998	57	57	2.257	0.193984783998536	0.193984783998536	0.2	0.0721110255092798	0.0721110255092798	4.228	0.01	0.010816653826392	0.449	0.0087588538633773	0.0085472053912375	3.8624272	MS	G	p	serenelli17	5.08093510423698	1.76032386788473	0.950316772257419	8.59480655731216	A	3.7780064614235083	0.004107686055562887	0.0041469090468213565	0.35353155907776207	0.035809056031523234	0.03902912790485158
409	KIC11133100	1.4	0.25	0.17	2.37	0.14	0.13	6222	51	51	15.06	1.3237011601931	1.3237011601931	0.0	0.15	0.15	3.849	0.025	0.027	0.1091	0.0088	0.0083	3.7155952	MS	F	NA	C14sdss	15.0	5.69620253164557	0.819672131147541	8.78951633594357	A	3.7939300067726847	0.003545280764649661	0.003574460358298115	1.1778249718646818	0.03658704594285056	0.03995524132311057
410	KIC11133306	1.059	0.04	0.03	1.189	0.012	0.012	5982	82	82	1.628	0.092	0.079	-0.025	0.0721110255092798	0.0721110255092798	4.314	0.004	0.007	0.632767559122221	0.0056814146722533	0.006391591506285	3.8729152	MS	G	p	silva15	3.30500472143532	1.00925147182506	1.3707790036777	5.25184275184275	A	3.7768464086952993	0.005912783928697873	0.005994397053155076	0.2116544005531824	0.02387404635436649	0.021602982793976433
411	KIC11137075	0.989	0.0520096144957834	0.0512249938994628	1.633	0.0367695526217005	0.0367695526217005	5604	73	73	2.577	0.227394417033251	0.227394417033251	-0.18	0.1	0.1	4.007	0.0067082039324993	0.0067082039324993	0.2275	0.0051550216294405	0.0051949055814326	4.1206942	PMS	G	NA	serenelli17	5.21914097043712	2.25165662104718	1.30264097073519	8.82399755658716	A	3.748498126613737	0.005620767611675959	0.005694468144571196	0.41111441855090475	0.036724675299706744	0.04011945309507686
412	KIC11138101	1.305	0.0629364759102383	0.0622253967444162	2.332	0.081344944526381	0.076694197955256	6218	58	58	8.626	0.715976270095397	0.715976270095397	-0.219	0.101	0.101	3.817	0.0203960780543711	0.021377558326432	0.1025	0.0081303587251732	0.0077519265347396	3.7182172	MS	F	NA	serenelli17	4.79547404807105	3.38848933279668	0.93277581215825	8.30021180263618	A	3.793650717707173	0.004032217207726063	0.004070005542747612	0.9358094538099329	0.034629305975516056	0.03763166743600266
413	KIC11188219	1.153	0.0621288982680363	0.0629682459657247	1.344	0.0354682957019364	0.0345398320783411	6024	62	62	2.057	0.173338140097381	0.173338140097381	0.089	0.1	0.1	4.242	0.017464249196573	0.017464249196573	0.4739	0.0257710331380021	0.0257220070950927	3.8453842	MS	F	NA	serenelli17	5.42485447674592	2.60446903944485	1.02921646746348	8.42674477867675	A	3.7798849631926443	0.004446984829503897	0.004492991496032328	0.313234291694724	0.03513641944569851	0.03823134735596717
414	KIC11189107	1.52	0.18	0.15	2.26	0.13	0.1	6795	94	94	10.05	0.864098657474267	0.864098657474267	-0.1	0.15	0.1	3.909	0.027	0.026	0.1308	0.0122	0.0106	3.3399937	MS	F	NA	C14sdss	10.8552631578947	5.08849557522124	1.38337012509198	8.59799659178375	A	3.832189461068513	0.0059667236836347115	0.006049843132598376	1.0021660617565078	0.03582181349261848	0.03904428501455082
415	KIC11193681	1.364	0.0480208288141719	0.05060632371552	2.4	0.0403608721412211	0.0418688428309166	5697	77	77	5.823	0.507869161998842	0.507869161998842	0.137	0.102	0.102	3.812	0.0067082039324993	0.0067082039324993	0.09862	0.0022803385713529	0.0022822631311923	4.0597327	PMS	G	NA	serenelli17	3.61536482880102	1.71311906191954	1.35158855538002	8.72177849903558	A	3.75564621945668	0.005830560088021741	0.005909903887618917	0.7651467901080253	0.03631654808425844	0.039632830463658286
416	KIC11229052	1.27	0.12	0.15	1.48	0.05	0.07	6495	51	51	3.473	0.296828763696417	0.296828763696417	-0.02	0.15	0.15	4.198	0.015	0.017	0.39	0.0122	0.012	3.5366437	MS	F	NA	C14sdss	10.6299212598425	4.05405405405405	0.785219399538106	8.54675392157839	A	3.812579155409047	0.003396845562938733	0.0034236236618663263	0.5407047833107623	0.03561684045717861	0.038800874890387194
417	KIC11244118	1.127	0.043139309220246	0.0445982062419555	1.605	0.0226715680975093	0.0233452350598575	5618	64	64	2.497	0.216228303190798	0.216228303190798	0.224	0.1	0.1	4.079	0.0078102496759066	0.0078102496759066	0.2727	0.0048379198381122	0.0048822684082299	4.1115172	PMS	G	NA	serenelli17	3.89252508705419	1.4335452696999	1.13919544321823	8.659523555899	A	3.749581734865559	0.004919494521357759	0.004975859451320286	0.3974185423513477	0.036067796432124655	0.039336727385200054
419	KIC11253226	1.4082	0.0209	0.0095	1.6145	0.012	0.015	6642	77	77	4.834	0.124	0.184	-0.08	0.1	0.1	4.1734	0.0044	0.0055	0.337700447411405	0.0058277111000639	0.0058362332220723	3.4402852	MS	F	NA	silva17	1.07939213179946	0.836172189532363	1.15928937067148	3.18576748034754	A	3.8222988712623662	0.005005769827368667	0.005064140836867903	0.6843066460716315	0.01099987636017108	0.01685369318167762
420	KIC11294717	1.139	0.058309518948453	0.0564623768539724	1.897	0.085146931829632	0.0793095202355934	5640	56	56	4.259	0.376155693776775	0.376155693776775	0.061	0.1	0.1	3.938	0.0241867732448957	0.0251793566240283	0.1663	0.016768316433083	0.0159184935216873	4.0970962	PMS	G	NA	serenelli17	5.03827461819251	4.33464554731749	0.99290780141844	8.83201910722645	A	3.751279103983342	0.004290876645457686	0.004333694368237495	0.6293076400737488	0.03675668650007646	0.040157663461193205
421	KIC11295426	1.068	0.011	0.019	1.237	0.006	0.006	5793	74	74	1.581	0.043	0.04	0.136	0.0721110255092798	0.0721110255092798	4.28	0.003	0.003	0.564590583055181	0.0035508841701583	0.0078119451743484	3.9968047	MS	G	p	silva15	1.40449438202247	0.485044462409054	1.27740376316244	2.62492093611638	A	3.762903528499057	0.005512559717274712	0.005583431952384643	0.19893186993220904	0.011654154972947417	0.011129231213789753
422	KIC11307875	1.583	0.188806779539295	0.19366982212002	4.144	0.186102122502673	0.191971352029411	5136	87	87	10.77	1.06910966994933	1.06910966994933	0.038	0.102	0.102	3.401	0.0161245154965971	0.017	0.02218	0.0006105307710508	0.000615409028533	4.4274682	PMS	K	NA	serenelli17	12.0807517896183	4.56169732784851	1.69392523364486	9.92673788253785	A	3.710625015060797	0.007295010776196875	0.007419644365310507	1.0322157032979815	0.04110334030793905	0.0454041084457768
423	KIC11389393	1.403	0.0827586853448023	0.142270868416553	1.905	0.0721110255092798	0.0754718490564528	6174	66	66	4.74	0.376421965088296	0.376421965088296	0.14	0.1	0.1	4.019	0.0152970585407784	0.0162788205960997	0.2003	0.0116817260710907	0.0110960364094572	3.7470592	MS	F	NA	serenelli17	8.01958495229347	3.87356626156778	1.0689990281827	7.94139166852946	A	3.7905666251460763	0.004617964536347774	0.004667596761692927	0.6757783416740851	0.03318801304424768	0.03593559470960195
424	KIC11389437	1.192	0.101921538449927	0.0488262224629348	1.69	0.0470106370941726	0.0355105618091294	6158	53	53	3.883	0.31150081620951	0.31150081620951	-0.023	0.099	0.099	4.059	0.0117046999107196	0.010770329614269	0.247	0.0070006226151678	0.0072441673089458	3.7575472	MS	F	NA	serenelli17	6.32331211882811	2.44145558885509	0.860669048392335	8.02216884392247	A	3.789439684567179	0.0037218446783717773	0.003754016286277917	0.5891673905460476	0.03351289269607072	0.03631683533659291
425	KIC11395018	1.276	0.0425440947723653	0.0469574275274956	2.18	0.0353411940941446	0.0371618083521241	5650	59	59	5.253	0.468868246552419	0.468868246552419	0.151	0.099	0.099	3.866	0.0080622577482985	0.0080622577482985	0.1231	0.0033113151465845	0.0032667740968729	4.0905412	PMS	G	NA	serenelli17	3.50711294278452	1.66291290014378	1.04424778761062	8.92572333052387	A	3.7520484478194387	0.0045115951872443105	0.004558955560765909	0.7204074008031086	0.03713045258678693	0.040604269327908504
426	KIC11401156	1.176	0.12149485585818	0.112614386292338	2.564	0.106920531236989	0.103947101931704	5115	86	86	4.412	0.432405384972522	0.432405384972522	0.016	0.1	0.1	3.69	0.0121655250605964	0.0121655250605964	0.06967	0.0025718049478916	0.0025201681868478	4.4412337	PMS	K	NA	serenelli17	9.95362424109348	4.11208333012272	1.68132942326491	9.80066602385589	A	3.708845638048179	0.007241215726653039	0.007364002427251659	0.6446355037681529	0.04060497444565936	0.04479666923802861
427	KIC11401708	1.447	0.0427200187265877	0.0496487663492256	2.563	0.0353836120259083	0.0384187454245971	5859	63	63	8.962	0.793015564335124	0.793015564335124	0.206	0.1	0.1	3.78	0.0072111025509279	0.0072111025509279	0.08596	0.0018162224533354	0.0017887492837175	3.9535417	PMS	G	NA	serenelli17	3.19173410766459	1.43976506926464	1.0752688172043	8.84864499369699	A	3.767823498007517	0.004644905045763537	0.004695121208380115	0.9524049395770244	0.03682302708016205	0.040236870976241734
428	KIC11401755	1.059	0.03	0.021	1.632	0.015	0.021	5911	66	66	2.982	0.144	0.148	-0.179	0.0721110255092798	0.0721110255092798	4.039	0.004	0.004	0.245721184574959	0.002130530502095	0.00426106100419	3.9194557	MS	G	p	silva15	2.40793201133144	1.10294117647059	1.11656234139739	4.89604292421194	A	3.7716609593488872	0.004822296484794375	0.004876443851028256	0.4745076391169758	0.020481334566192333	0.022107793205534187
429	KIC11414712	1.228	0.046690470119715	0.0585234995535981	2.288	0.0376430604494374	0.0431856457633784	5673	61	61	5.326	0.450866118759589	0.450866118759589	-0.174	0.1	0.1	3.807	0.0078102496759066	0.0078102496759066	0.1025	0.002124631320959	0.0021266058967284	4.0754647	PMS	G	NA	serenelli17	4.28395641992317	1.76636158681853	1.0752688172043	8.46537962372492	A	3.753812783564702	0.004644905045763537	0.004695121208379671	0.7264011621029224	0.03529114060246985	0.03841461528158574
431	KIC11453915	1.25	0.06	0.09	1.22	0.03	0.03	6608	58	58	2.146	0.178748413158158	0.178748413158158	-0.12	0.15	0.15	4.359	0.011	0.013	0.6846	0.028	0.0264	3.4625722	MS	F	NA	C14sdss	6.0	2.45901639344262	0.87772397094431	8.32937619562713	A	3.8200700343123257	0.0037952750121856837	0.0038287343205425373	0.33162971762993226	0.034746242310368436	0.03776981333328844
432	KIC11454149	1.141	0.0558032257132148	0.0566127194188726	1.153	0.0300832179129827	0.0291547594742265	6435	52	52	1.866	0.155988512475549	0.155988512475549	-0.233	0.1	0.1	4.37	0.0167630546142402	0.0177200451466694	0.7441	0.0365794850155111	0.0467107334988437	3.5759737	MS	F	NA	serenelli17	4.92620267888201	2.56886285287117	0.808080808080808	8.35951299440241	A	3.8085485512404054	0.0034953466898213215	0.0035237068106002134	0.2709116394104812	0.034867044494030386	0.03791261150270023
433	KIC11456910	1.3	0.11	0.17	1.71	0.07	0.08	6386	61	61	3.678	0.320896124935965	0.320896124935965	-0.26	0.15	0.15	4.082	0.019	0.02	0.2591	0.0157	0.0152	3.6080932	MS	F	NA	C14sdss	10.7692307692308	4.3859649122807	0.955214531788287	8.72474510429487	A	3.805228914203426	0.004128756007679701	0.004168384355570431	0.5656117249020587	0.036328398172940646	0.03964694556373338
434	KIC11460626	1.286	0.0558659108938537	0.0587962583843564	2.172	0.0696419413859206	0.0668505796534331	6176	62	62	6.979	0.623290104534071	0.623290104534071	-0.144	0.099	0.099	3.872	0.0194164878389476	0.0194164878389476	0.1249	0.0089495835098623	0.0085823704184799	3.7457482	MS	F	NA	serenelli17	4.45809367333632	3.14209302576781	1.00388601036269	8.93093716197264	A	3.7907072873276797	0.004338083093445189	0.0043818529376098425	0.8437931983259126	0.03715124000015391	0.04062913258378731
435	KIC11467550	1.247	0.0702922470831599	0.0715891053163818	1.968	0.0696419413859206	0.067955868032128	6146	58	58	5.592	0.484249154875977	0.484249154875977	-0.08	0.1	0.1	3.945	0.0182482875908947	0.0182482875908947	0.1635	0.0114645376705736	0.0110265644694982	3.7654132	MS	F	NA	serenelli17	5.68890747391907	3.49587930432034	0.94370322160755	8.65967730464909	A	3.7885925559203595	0.004079233221208067	0.004117912157842962	0.7475671627376249	0.03606841094049307	0.03933745841149372
436	KIC11496573	1.47	0.16502424064361	0.159665274872152	3.682	0.177792013318934	0.177792013318934	5218	90	90	8.595	0.858727808715999	0.858727808715999	-0.046	0.1	0.1	3.472	0.0104403065089106	0.0104403065089106	0.02939	0.001335806052539	0.0012856258437041	4.3737172	PMS	G	NA	serenelli17	11.0438610719647	4.82868042691293	1.72479877347643	9.99101580821407	A	3.717504074764202	0.007426839428195997	0.007556058253440856	0.9342458810230713	0.04135721293764527	0.04571413955863768
437	KIC11502597	1.08	0.19	0.11	1.61	0.11	0.07	5798	59	59	2.332	0.208250395098622	0.208250395098622	-0.1	0.15	0.1	4.061	0.012	0.012	0.2599	0.0123	0.0119	3.9935272	MS	G	NA	C14sdss	13.8888888888889	5.59006211180124	1.01759227319765	8.9301198584315	A	3.763278211018979	0.004397013008980988	0.004441986272020415	0.36772854608697647	0.037147981497484106	0.040625235005244564
438	KIC11506988	1.251	0.168077363139716	0.114284732138637	1.872	0.0677421582177598	0.0643506021727847	6438	289	289	6.784	0.616199472594074	0.616199472594074	-0.23	0.1	0.1	3.994	0.0278926513619627	0.0230867927612304	0.1924	0.0101672820537251	0.0095911368127036	3.5740072	MS	F	NA	serenelli17	11.2854554467767	3.5281186001748	4.48897173035104	9.08312901819094	A	3.808750972349595	0.01907045533320728	0.01994647930494642	0.8314858392486574	0.037757587060606834	0.04135551947938332
439	KIC11507653	1.17	0.108503456166152	0.0630079360080935	1.641	0.0493963561409139	0.0493963561409139	5916	74	74	3.45	0.320121101695063	0.320121101695063	0.112	0.1	0.1	4.078	0.0240416305603426	0.0221359436211787	0.2672	0.0189498809758795	0.0190281157501209	3.9161782	MS	G	NA	serenelli17	7.32954667411304	3.01013748573515	1.25084516565247	9.27887251290036	A	3.772028165324855	0.005398657064456636	0.005466612687323735	0.5378190950732742	0.03853620551798598	0.042291560982220255
441	KIC11554100	1.21	0.14	0.16	3.65	0.18	0.21	4913	78	78	7.554	0.784743118434125	0.784743118434125	0.1	0.15	0.1	3.395	0.01	0.011	0.0249	0.0012	0.0011	4.5736447	PMS	K	NA	C14sdss	12.396694214876	5.34246575342466	1.58762466924486	10.3884447767292	A	3.691346764134822	0.0068408057313003034	0.006950285715801474	0.8781769804915063	0.04292361476681661	0.047635985358682964
443	KIC11611414	1.272	0.0785175139698144	0.107377837564369	1.706	0.0594810894318522	0.058591808301161	6279	55	55	4.404	0.399251916089505	0.399251916089505	-0.074	0.1	0.1	4.074	0.0218403296678416	0.0218403296678416	0.2535	0.0208980506507186	0.014956223487231	3.6782317	MS	F	NA	serenelli17	7.307207214394	3.4605186908855	0.875935658544354	9.06566566960729	A	3.797890483058349	0.0037875759775438667	0.0038208990767167883	0.6438473102997142	0.0376880543735022	0.04127210803390269
444	KIC11620833	1.609	0.188042548376691	0.18883061192508	3.865	0.158644256120416	0.161987653850533	5026	75	75	5.256	0.544857762247526	0.544857762247526	0.269	0.099	0.099	3.469	0.0158113883008419	0.0166433169770932	0.0278	0.0006687000672947	0.0006788735522908	4.4995732	PMS	K	NA	serenelli17	11.7114095805398	4.14789016780011	1.49224035017907	10.3663957809651	A	3.701222484256557	0.006432839274630009	0.006529557925072815	0.7206553565517244	0.042836860091815865	0.04752913999370956
446	KIC11674236	1.159	0.0550726792520575	0.0550726792520575	2.028	0.0466154480832267	0.0466154480832267	5413	65	65	3.955	0.368525104892824	0.368525104892824	0.121	0.1	0.1	3.887	0.0125299640861417	0.0125299640861417	0.1387	0.0056653411194737	0.005609001426279	4.2458947	PMS	G	NA	serenelli17	4.75174109163567	2.29859211455753	1.2008128579346	9.31795461170226	A	3.7334380270910614	0.0051840008268810855	0.005246628501114792	0.5971464878336954	0.038691497250761486	0.04247869266072868
447	KIC11708273	1.07	0.18	0.12	1.56	0.09	0.07	5959	96	96	3.277	0.28619581981843	0.28619581981843	0.24	0.15	0.1	4.081	0.023	0.022	0.2814	0.0146	0.0138	3.8879917	MS	G	NA	C14sdss	14.018691588785	5.12820512820513	1.61100855848297	8.73347024163655	A	3.775173385424787	0.0069407620542842885	0.007053491239989551	0.5154764413823758	0.036363248813072735	0.03968846240341384
448	KIC11709205	1.33	0.07	0.14	4.07	0.11	0.18	4882	71	71	8.298	0.848401657466643	0.848401657466643	0.26	0.15	0.1	3.34	0.011	0.011	0.0197	0.0007	0.0008	4.5939652	PMS	K	NA	C14sdss	7.89473684210526	3.56265356265356	1.45432199918066	10.2241703719769	A	3.6885977750811696	0.006270552901286308	0.006362418178605278	0.9189734304929542	0.042276838691570395	0.046840572821686965
449	KIC11713510	1.08	0.0447213595499958	0.0420594816896262	1.62	0.0282842712474619	0.0275862284482674	5941	58	58	2.86	0.258193921285705	0.258193921285705	-0.143	0.1	0.1	4.052	0.0067082039324993	0.0067082039324993	0.2541	0.0048237252202006	0.0048568395073339	3.8997907	MS	G	NA	serenelli17	4.01763153887139	1.72439813875708	0.976266621780845	9.02775948551415	A	3.773859552376687	0.004219309560768103	0.004260703989240611	0.456366033129043	0.03753708744971057	0.04109110911361652
450	KIC11717120	0.999	0.0939201788754685	0.089196412483911	2.344	0.104995237987254	0.102142057938931	5209	59	59	3.506	0.342056545041439	0.342056545041439	-0.365	0.101	0.101	3.697	0.0092195444572928	0.0092195444572928	0.07745	0.0037435515810524	0.0036478518939233	4.3796167	PMS	G	NA	serenelli17	9.16499456253151	4.41845767760633	1.13265502015742	9.75631902571132	A	3.716754357432697	0.004891408857049306	0.004947128391505906	0.5448119117577761	0.04042953336970612	0.044583198442539884
451	KIC11722551	1.09	0.07	0.07	2.2	0.06	0.06	4997	78	78	3.083	0.298607124602014	0.298607124602014	0.41	0.1	0.1	3.791	0.008	0.008	0.1028	0.0028	0.0028	4.5185827	PMS	K	NA	C14sdss	6.42201834862385	2.72727272727273	1.56093656193716	9.68560248465825	A	3.698709349442587	0.006726697142663607	0.006832526883255419	0.4889735247265083	0.04014962509684389	0.044243010893072476
452	KIC11723674	1.4	0.061400325732035	0.061400325732035	2.466	0.0653069674690228	0.0626099033699941	6246	63	63	10.05	0.93095053632956	0.93095053632956	-0.062	0.1	0.1	3.799	0.014560219778561	0.01552417469626	0.09306	0.0049693430712721	0.0048686284064405	3.6998632	MS	F	NA	serenelli17	4.38573755228821	2.5936105198503	1.00864553314121	9.26318941621453	A	3.7956019798941796	0.0043585475118037564	0.004402733395304281	1.0021660617565078	0.03847387351378151	0.0422164903356651
453	KIC11757831	1.42	0.14	0.1	1.82	0.07	0.06	6754	70	70	7.031	0.617434133830106	0.617434133830106	-0.02	0.15	0.2	4.07	0.014	0.014	0.2351	0.01	0.0098	3.3668692	MS	F	NA	C14sdss	8.45070422535211	3.57142857142857	1.0364228605271	8.78159769350173	A	3.8295610562993927	0.004477961860073876	0.00452461507803914	0.8470170979353542	0.03655543308161657	0.039917538711481626
454	KIC11771760	1.529	0.0580086200490927	0.0572013985843004	2.983	0.0496789693934969	0.0484148737476408	6075	70	70	12.46	1.13342387439043	1.13342387439043	-0.101	0.1	0.1	3.671	0.0063245553203367	0.0063245553203367	0.05749	0.0012170884314625	0.0012069190693662	3.8119537	PMS	F	NA	serenelli17	3.7674957041659	1.64421460176228	1.1522633744856	9.09649979446573	A	3.7835462822703496	0.004975604952123458	0.005033270531424883	1.0955180423231508	0.03781081709306933	0.041419394108254126
455	KIC11772920	0.835	0.0498196748283246	0.0498196748283246	0.849	0.0184390889145858	0.0184390889145858	5412	57	57	0.553	0.050619341144658	0.050619341144658	-0.092	0.1	0.1	4.501	0.01	0.01	1.362	0.0113552321420568	0.0112245916184064	4.2465502	MS	G	NA	serenelli17	5.96642812315265	2.17185970725392	1.05321507760532	9.1535879104264	A	3.7333577879255855	0.004550135449053361	0.004598312757710943	-0.2572748686953017	0.0380380156666886	0.04169222014977747
456	KIC11802939	1.37	0.16	0.19	2.68	0.15	0.15	6045	82	82	10.02	0.888111407570189	0.888111407570189	0.06	0.15	0.15	3.718	0.03	0.03	0.0713	0.0071	0.0069	3.8316187	PMS	F	NA	C14sdss	12.7737226277372	5.59701492537313	1.3564929693962	8.86338730109969	A	3.7813963051967905	0.005851575135163323	0.005931495851051238	1.000867721531227	0.03688184333113176	0.0403071170034488
457	KIC11802968	0.966	0.0930483745156249	0.0810246875958186	2.467	0.0822800097228969	0.0739256383131049	5083	74	74	3.9	0.372827117031946	0.372827117031946	-0.133	0.101	0.101	3.638	0.013	0.013	0.06433	0.0010586707939676	0.0010792407701713	4.4622097	PMS	K	NA	serenelli17	9.00999286291115	3.16590287871913	1.45583316938816	9.55966966748579	A	3.7061201097027037	0.006277021704011343	0.006369078013189533	0.5910646070264992	0.03965071414595822	0.043637860066990664
458	KIC11807274	1.239	0.04	0.04	1.582	0.015	0.021	6225	75	75	3.466	0.167	0.157	-0.089	0.0721110255092798	0.0721110255092798	4.135	0.007	0.009	0.315318514310063	0.0049712378382217	0.0049712378382217	3.7136287	MS	F	p	silva15	3.22841000807102	1.1378002528445	1.20481927710843	4.67397576457011	A	3.794139355767774	0.005201193685807848	0.005264239992357034	0.5398285583778982	0.02043683948481645	0.020131791218045203
459	KIC11809558	1.37	0.17	0.14	3.0	0.14	0.12	5089	105	105	5.24	0.506955178211003	0.506955178211003	0.24	0.15	0.2	3.618	0.014	0.014	0.0504	0.0015	0.0015	4.4582767	PMS	K	NA	C14sdss	11.3138686131387	4.33333333333333	2.06327372764787	9.67471714143136	A	3.7066324508732946	0.008869494419989188	0.009054417222181588	0.7193312869837266	0.040106523003365924	0.04419066974086261
460	KIC11817562	1.448	0.0815414005275848	0.0734098086089318	2.477	0.103740059764779	0.0933005894943864	6247	58	58	9.93	0.875129543737153	0.875129543737153	0.059	0.1	0.1	3.809	0.0243310501211929	0.0243310501211929	0.09475	0.0084198466138047	0.008058509291426	3.6992077	MS	F	NA	serenelli17	5.3505251773659	3.9774051122157	0.928445653913879	8.81298634176388	A	3.7956715059460215	0.004013584963078909	0.004051023253207386	0.9969492484953811	0.036680729553398295	0.040067007046038605
461	KIC11853905	1.117	0.021	0.029	1.555	0.012	0.012	5781	76	76	2.505	0.142	0.124	0.177	0.0721110255092798	0.0721110255092798	4.102	0.005	0.004	0.297564093459271	0.0028407073361267	0.00426106100419	4.0046707	MS	G	p	silva15	2.23813786929275	0.771704180064309	1.31465144438678	5.30938123752495	A	3.7620029693751156	0.005672254652844266	0.005747320620882235	0.3988077302032645	0.023946211098083703	0.02204833479838464
462	KIC11862119	1.17	0.15	0.13	1.52	0.09	0.08	6271	56	56	2.733	0.242536025024653	0.242536025024653	-0.38	0.15	0.15	4.141	0.018	0.018	0.3318	0.0228	0.0225	3.6834757	MS	F	NA	C14sdss	11.965811965812	5.59210526315789	0.892999521607399	8.87435144620026	A	3.7973368007753496	0.0038610336837994197	0.00389566779768602	0.4366396316926607	0.03692558097392523	0.040359367729287166
463	KIC11873252	1.284	0.234610315203744	0.221056553849914	3.938	0.330727984906025	0.326352570083338	5199	68	68	7.978	0.784680701770234	0.784680701770234	-0.355	0.102	0.102	3.355	0.0152970585407784	0.0152970585407784	0.02099	0.0018779246417255	0.0017362018776628	4.3861717	PMS	K	NA	serenelli17	17.7440369569181	8.3428206575592	1.30794383535295	9.8355565526477	A	3.7159198174335795	0.005643500923901534	0.0057178027781947804	0.9018940319738208	0.04074295500346237	0.044964693710907166
464	KIC11904151	0.918	0.011	0.019	1.066	0.006	0.009	5647	74	74	1.063	0.032	0.034	-0.114	0.0721110255092798	0.0721110255092798	4.344	0.003	0.003	0.758468858745828	0.0049712378382217	0.00852212200838	4.0925077	MS	G	p	silva15	1.63398692810457	0.703564727954972	1.31043031698247	3.10442144873001	A	3.7518177877368792	0.005654160028788713	0.0057287446806788545	0.026533264523296733	0.012880854652840397	0.01411788976086384
465	KIC11911418	1.32	0.11	0.12	2.66	0.09	0.1	5629	72	72	6.034	0.556599212760809	0.556599212760809	-0.46	0.15	0.15	3.706	0.01	0.011	0.0697	0.0021	0.002	4.1043067	PMS	G	NA	C14sdss	8.71212121212121	3.57142857142857	1.27909042458696	9.22438204774295	A	3.750431248660202	0.0055197923439300745	0.005590851874822889	0.7806053058389696	0.038319596306627846	0.042030785958536376
466	KIC11919192	1.6	0.15	0.19	2.29	0.1	0.11	6788	81	81	9.2	0.763354240531006	0.763354240531006	-0.28	0.2	0.15	3.919	0.019	0.02	0.1324	0.0085	0.0081	3.3445822	MS	F	NA	C14sdss	10.625	4.58515283842795	1.19328226281674	8.29732870142398	A	3.8317418336456384	0.0051516827307955815	0.005213527304986698	0.9637878273455552	0.03461774430270681	0.03761801314858715
467	KIC11962180	1.35	0.14	0.15	1.97	0.1	0.1	6329	80	80	6.241	0.54760477266195	0.54760477266195	0.06	0.15	0.1	3.979	0.016	0.018	0.1772	0.0119	0.0115	3.6454567	MS	F	NA	C14sdss	10.7407407407407	5.0761421319797	1.26402275240954	8.77431137096539	A	3.8013350956745464	0.005455175909520271	0.005524571007138324	0.7952541825808829	0.03652634253945941	0.03988284962227795
468	KIC11968749	1.43	0.48	0.43	4.25	0.45	0.48	5136	70	70	10.26	1.00343540915718	1.00343540915718	-0.12	0.1	0.15	3.342	0.033	0.051	0.0187	0.0009	0.0009	4.4274682	PMS	K	NA	C14sdss	31.8181818181818	10.9411764705882	1.36292834890966	9.78007221400761	A	3.710625015060797	0.0058791487124199016	0.005959829606267952	1.0111473607757975	0.0405235121272749	0.0446975248569913
469	KIC11971746	1.11	0.1	0.17	1.35	0.05	0.08	5952	75	75	2.284	0.187851531564525	0.187851531564525	0.18	0.15	0.15	4.215	0.018	0.021	0.4471	0.021	0.0203	3.8925802	MS	G	NA	C14sdss	12.1621621621622	4.81481481481481	1.26008064516129	8.22467301070598	A	3.7746629225378223	0.005438268930089141	0.005507231823423719	0.3586960995738104	0.03432628231277052	0.03727405945930068
470	KIC12009504	1.1688	0.019	0.0399	1.4016	0.012	0.015	6179	77	77	2.544	0.106	0.113	-0.08	0.1	0.1	4.2108	0.0055	0.0066	0.424244726937007	0.0066096157943327	0.0069547617356721	3.7437817	MS	F	NA	silva17	2.51967830253251	0.963184931506849	1.2461563359767	4.30424528301887	A	3.7909181952145783	0.00537854483721345	0.005445991908190173	0.4055171069763763	0.017728766960431575	0.019732148133040528
471	KIC12011630	0.85	0.12	0.08	0.99	0.05	0.03	5817	85	85	1.085	0.0967060568359897	0.0967060568359897	-0.08	0.15	0.15	4.383	0.018	0.015	0.8915	0.0315	0.0307	3.9810727	MS	G	NA	C14sdss	11.7647058823529	4.04040404040404	1.46123431321987	8.91300063004514	A	3.7646990637983677	0.006300141365572998	0.006392882073060768	0.0354297381845483	0.037079723326913845	0.04054360441885709
472	KIC12020532	1.855	0.0918313671900838	0.11216059914248	3.983	0.104995237987254	0.113600176056202	5392	81	81	14.32	1.30003420769516	1.30003420769516	0.021	0.1	0.1	3.5	0.0098488578017961	0.0098488578017961	0.02909	0.001054960970842	0.0011749670676236	4.2596602	PMS	G	NA	serenelli17	5.49843575020387	2.74410512231302	1.50222551928783	9.07845117105556	A	3.7317498835272636	0.00647556461524168	0.00657358210812653	1.1559430179718369	0.037738962670403664	0.04133317477136589
473	KIC12055375	1.04	0.16	0.12	1.54	0.1	0.08	5991	75	75	2.481	0.210149961264132	0.210149961264132	-0.34	0.2	0.1	4.081	0.025	0.026	0.2845	0.0246	0.0235	3.8670157	MS	G	NA	C14sdss	13.4615384615385	5.84415584415584	1.25187781672509	8.47037328755068	A	3.777499319590365	0.005403086384279554	0.0054711542655101475	0.3946267642722091	0.03531113473082609	0.0384383088282943
474	KIC12058443	1.12	0.12	0.11	3.24	0.14	0.13	4986	81	81	6.645	0.643725343742905	0.643725343742905	0.16	0.1	0.15	3.464	0.01	0.011	0.0328	0.001	0.0009	4.5257932	PMS	K	NA	C14sdss	10.2678571428571	4.16666666666667	1.62454873646209	9.68736408943424	A	3.6977522741677546	0.0069986301229163494	0.007113262451787339	0.8224949852787508	0.04015660002402355	0.04425148199752471
476	KIC12069127	1.59	0.0629682459657247	0.0629682459657247	2.295	0.031890437438204	0.0312409987036266	6476	66	66	9.191	0.784090215884662	0.784090215884662	0.076	0.1	0.1	3.916	0.0067082039324993	0.0067082039324993	0.1312	0.0017121244113673	0.001537	3.5490982	MS	F	NA	serenelli17	3.96026704186947	1.3754125521096	1.01914762198888	8.53106534527975	A	3.811306840081336	0.004403699707626885	0.00444881056251889	0.9633627661037362	0.03555406608299083	0.038726379144657375
477	KIC12069424	1.0491	0.019	0.0209	1.2156	0.012	0.012	5825	50	50	1.531	0.072	0.07	0.1	0.03	0.03	4.2867	0.0066	0.0066	0.58224770967971	0.0111199488672679	0.0120282650379945	3.9758287	MS	G	NA	silva17	1.90162996854447	0.987166831194472	0.858369098712446	4.6374918354017	A	3.7652959296980564	0.0037119412457173873	0.00374394113387444	0.18497519069826102	0.019958331655883815	0.020324974763964276
478	KIC12069449	0.9883	0.0209	0.019	1.0957	0.009	0.009	5750	50	50	1.173	0.058	0.049	0.05	0.02	0.02	4.3527	0.0055	0.0066	0.750644840565301	0.0131723599176195	0.0151210851502024	4.0249912	MS	G	NA	silva17	2.01861782859456	0.821392716984576	0.869565217391304	4.56095481670929	A	3.7596678446896306	0.003760148873306779	0.0037929890171390923	0.06929801211552926	0.020960040815787076	0.018531700882486936
479	KIC12069569	1.363	0.0763806258157132	0.0704343666117613	2.314	0.094847245611035	0.0885494212290515	6357	59	59	9.057	0.82883283083401	0.82883283083401	-0.109	0.1	0.1	3.843	0.0245153013442625	0.0254950975679639	0.1097	0.0100090151863208	0.0096250690387134	3.6271027	MS	F	NA	serenelli17	5.38572972954786	3.96276289628536	0.928110744061664	9.15129547128199	A	3.803252211430457	0.0040121438456499625	0.004049555129931992	0.9569843677427602	0.038028894536138225	0.04168126120174287
480	KIC12117868	1.11	0.068264192663504	0.0632455532033676	1.326	0.0474341649025257	0.0445982062419555	6160	51	51	2.205	0.193501337269489	0.193501337269489	-0.108	0.099	0.099	4.239	0.021377558326432	0.0223606797749979	0.4732	0.0369493480456692	0.0355644038471053	3.7562362	MS	F	NA	serenelli17	5.92386242643566	3.47030057105887	0.827922077922078	8.77557085122398	A	3.7895807121644256	0.0035808170811253426	0.0036105870324161238	0.34340859380385735	0.036531371136310886	0.0398888456208889
481	KIC12156916	1.28	0.14	0.16	1.58	0.06	0.07	6546	56	56	3.54	0.309113868215457	0.309113868215457	-0.42	0.2	0.15	4.146	0.015	0.018	0.3241	0.0104	0.01	3.5032132	MS	F	NA	C14sdss	11.71875	4.11392405063291	0.855484265200122	8.73203017557787	A	3.8159760009719856	0.0036995190223070296	0.0037313041716164896	0.5490032620257879	0.03635749697895019	0.039681609860532374
482	KIC12253255	1.48	0.16	0.14	2.27	0.11	0.09	6457	64	64	9.183	0.787558936040192	0.787558936040192	0.1	0.2	0.1	3.89	0.018	0.018	0.1244	0.0068	0.0071	3.5615527	MS	F	NA	C14sdss	10.1351351351351	4.40528634361234	0.991172371070156	8.57627067450933	A	3.8100307864058394	0.004283413801620117	0.004326081971974816	0.9629845843169971	0.035734920637983336	0.038941067093420045
483	KIC12258514	1.2581	0.0095	0.0095	1.6055	0.012	0.009	5964	77	77	3.162	0.104	0.09	0.0	0.1	0.1	4.1261	0.0033	0.0044	0.304067892905333	0.0045479724451388	0.0047262268304807	3.8847142	MS	G	NA	silva17	0.755106907241078	0.654001868576767	1.29107981220657	3.06767868437698	A	3.775537634780957	0.0055712009485091585	0.005643598968787966	0.4999618655961902	0.014054314804459123	0.012540654236715798
484	KIC12265063	1.12	0.0754320886625844	0.0708378429936993	1.641	0.0572712842531054	0.0554616984954482	6189	60	60	3.367	0.302359729694871	0.302359729694871	-0.268	0.101	0.101	4.056	0.0240416305603426	0.0230867927612304	0.2531	0.0149093752048837	0.0251298521483912	3.7372267	MS	F	NA	serenelli17	6.52990766322695	3.43488673822528	0.969461948618517	8.98009295203062	A	3.791620482692814	0.004190041974593939	0.004230861340704273	0.5272431163880886	0.03734717398960552	0.040863612342860234
485	KIC12304142	1.36	0.09	0.11	1.83	0.04	0.05	6186	56	56	4.448	0.382339102492622	0.382339102492622	0.06	0.15	0.1	4.045	0.012	0.013	0.2218	0.006	0.006	3.7391932	MS	F	NA	C14sdss	7.35294117647059	2.45901639344262	0.905269964435823	8.59575320352117	A	3.79140991566716	0.003913848662153718	0.00394944114874507	0.6481647785740011	0.035812841861122324	0.03903362573849034
486	KIC12307366	1.39	0.29	0.08	3.81	0.3	0.12	5064	79	79	10.13	1.08257177893044	1.08257177893044	0.02	0.1	0.15	3.429	0.011	0.012	0.0253	0.0011	0.0011	4.4746642	PMS	K	NA	C14sdss	13.3093525179856	5.51181102362205	1.56003159557662	10.6867895254732	A	3.7044936970092985	0.006722827311791413	0.006828534361623895	1.0056094453602804	0.04409579090088722	0.049084299097265305
488	KIC12317678	1.452	0.0742024258363566	0.0730068489937759	1.851	0.0346698716467194	0.034132096331752	6549	48	48	5.484	0.499756557166578	0.499756557166578	-0.3	0.204	0.204	4.066	0.0084852813742385	0.0084852813742385	0.2292	0.0028247718491942	0.0029190870148044	3.5012467	MS	F	NA	serenelli17	5.06918990461889	1.85850804912133	0.732936326156665	9.1129933837815	A	3.816174990428802	0.003171493651651147	0.0031948243893213935	0.7390974461174751	0.03787647028474239	0.04149819992679238
489	KIC12366681	1.516	0.0965401470891774	0.0802807573457052	2.62	0.0560357029044876	0.0459673797382448	6188	66	66	14.21	1.14715463299792	1.14715463299792	0.15	0.1	0.1	3.781	0.0134164078649987	0.01	0.08423	0.0017732016241815	0.0017564296171495	3.7378822	MS	F	NA	serenelli17	5.83182402489718	1.94662371455596	1.06658047834518	8.07286863474963	A	3.79155030502733	0.004607571879584604	0.004656979766014313	1.1525940779274697	0.033716679326719845	0.03655629206082489
490	KIC12507240	1.37	0.11	0.1	1.94	0.06	0.06	6157	97	97	4.666	0.394698516195017	0.394698516195017	0.02	0.2	0.15	4.001	0.015	0.015	0.1892	0.0071	0.0071	3.7582027	MS	F	NA	C14sdss	7.66423357664234	3.09278350515464	1.57544258567484	8.45903378043327	A	3.7893691535914815	0.006788723315433121	0.0068965294251954745	0.6689447344577338	0.035265731155168734	0.038384507884122954
491	KIC12508433	1.17	0.09	0.12	2.2	0.07	0.09	5257	74	74	3.943	0.377045108976199	0.377045108976199	0.2	0.15	0.15	3.819	0.011	0.013	0.1094	0.0038	0.0036	4.3481527	PMS	G	NA	C14sdss	8.97435897435897	3.63636363636364	1.40764694692791	9.5623918076642	A	3.720737977018425	0.006070705506538765	0.006156768178893657	0.5958267770732232	0.03966150457436646	0.043650931981323304
492	KIC12735580	1.17	0.2	0.12	1.81	0.1	0.08	6170	64	64	4.369	0.387567902099446	0.387567902099446	0.06	0.15	0.15	3.994	0.03	0.029	0.199	0.0176	0.0168	3.7496812	MS	F	NA	C14sdss	13.6752136752137	4.97237569060773	1.03727714748784	8.87086065688822	A	3.7902851640332416	0.004481633907579496	0.004528364070598645	0.6403820447095684	0.03691165616225034	0.040342731342903115
493	KIC1430163	1.34	0.06	0.06	1.48	0.03	0.03	6520	84	84	3.592	0.288982235214758	0.288982235214758	-0.11	0.09	0.09	4.221	0.013	0.014	0.4099	0.0171	0.0174	3.5202562	MS	F	NA	C14bruntt	4.47761194029851	2.02702702702703	1.28834355828221	8.04516245029951	A	3.81424759573192	0.005559468858835626	0.005631560304928396	0.5553363279952668	0.03360532681229256	0.036425418509890894
494	KIC1435467	1.344	0.0447772263544762	0.042190046219458	1.693	0.0180277563773199	0.0188679622641132	6433	86	86	4.083	0.335815055345119	0.335815055345119	-0.028	0.099	0.099	4.109	0.0063245553203367	0.0063245553203367	0.2777	0.0028125435107745	0.0028252267165663	3.5772847	MS	F	NA	serenelli17	3.23538960468505	1.08965501008367	1.33685683196021	8.22471357690714	A	3.8084135514003683	0.005767429639818467	0.005845053086412033	0.6109793799229971	0.034326445100733016	0.0372742514246337
495	KIC1725815	1.43	0.15	0.11	2.02	0.08	0.08	6550	82	82	6.845	0.587496080720966	0.587496080720966	-0.08	0.15	0.1	3.982	0.014	0.014	0.1732	0.0077	0.0074	3.5005912	MS	F	NA	C14sdss	9.09090909090909	3.96039603960396	1.25190839694656	8.58284997400973	A	3.816241299991783	0.005403217550433936	0.005471288757419757	0.8353734524700088	0.03576123639630979	0.03897232217684754
496	KIC2010607	1.402	0.0818413098624405	0.0693541635375988	2.41	0.105948100502085	0.0965660395791398	6361	71	71	10.71	0.986519042556871	0.986519042556871	-0.07	0.1	0.1	3.819	0.0271661554144122	0.0271661554144122	0.09973	0.0099648451066737	0.0095016656434543	3.6244807	MS	F	NA	serenelli17	5.39213528530811	4.20153817595903	1.11617670177645	9.21119554208096	A	3.8035253955765325	0.004820640163862411	0.004874750131263372	1.0297894708318556	0.03826716138082764	0.04196770282166806
498	KIC2309595	1.167	0.087091905479212	0.0803616824114578	2.423	0.0791201617794099	0.0762430324685476	5238	65	65	2.475	0.0457604590457449	0.0457604590457449	-0.095	0.101	0.101	3.736	0.0082462112512353	0.0082462112512353	0.08183	0.0026401748218631	0.0025930117797649	4.3606072	PMS	G	NA	serenelli17	7.17453247175106	3.20600896095661	1.24093165330279	1.84890743619171	A	3.7191654940892134	0.00535613302934923	0.005423015680130927	0.39357520326958756	0.007956374553874823	0.0081048617105145
499	KIC2450729	1.112	0.0591692487699481	0.0591692487699481	1.758	0.0633245607959503	0.0605392434706612	6029	59	59	3.406	0.295644468294535	0.295644468294535	-0.212	0.1	0.1	3.994	0.0208806130178211	0.0218403296678416	0.2043	0.0161996889167663	0.0152560388371294	3.8421067	MS	F	NA	serenelli17	5.32097560880828	3.52286132726426	0.97860341681871	8.68010770095524	A	3.7802452838653524	0.004229359897164109	0.004270952735983435	0.5322446436265822	0.036150060127775996	0.03943460938020499
500	KIC2837475	1.4291	0.019	0.0209	1.6385	0.015	0.018	6614	77	77	4.767	0.218	0.171	0.01	0.1	0.1	4.1635	0.0066	0.0066	0.325029472338612	0.0075470492152546	0.0076003124778069	3.4586392	MS	F	NA	silva17	1.39598348611014	1.00701861458651	1.1641971575446	4.08013425634571	A	3.820464190577684	0.005026839301746744	0.005085705611766134	0.678245151927042	0.019420010720632486	0.015865131910794417
501	KIC2849125	1.534	0.19670536342459	0.080529497701153	2.534	0.118359621493143	0.0933005894943864	6158	56	56	7.412	0.33738489056096	0.33738489056096	0.293	0.101	0.101	3.82	0.0151327459504216	0.0151327459504216	0.09451	0.0054907079689235	0.0052632790159747	3.7575472	MS	F	NA	serenelli17	9.03633836785342	4.17640511025117	0.909386164339071	4.55187386077928	A	3.789439684567179	0.003931564351776551	0.00396748126079105	0.86993541064686	0.01933182099016506	0.02023259336130112
502	KIC2852862	1.458	0.061057350089895	0.0595399025864168	2.087	0.0322024843762092	0.0334215499341368	6417	58	58	6.696	0.554198346414326	0.554198346414326	-0.155	0.1	0.1	3.962	0.0064031242374328	0.0080622577482985	0.1604	0.0016999806734195	0.0016398336165599	3.5877727	MS	F	NA	serenelli17	4.13570825364581	1.57220973431591	0.90384915069347	8.276558339521	A	3.8073320392911905	0.003907733462098939	0.003943214307577048	0.8258154449852035	0.03453444290647201	0.037519657974892096
503	KIC2865774	1.28	0.11	0.21	1.79	0.08	0.11	6074	63	63	3.998	0.356470016644336	0.356470016644336	-0.06	0.15	0.15	4.03	0.022	0.025	0.2202	0.0165	0.0161	3.8126092	MS	F	NA	C14sdss	12.5	5.3072625698324	1.03720777082647	8.91620852036858	A	3.7834747875822465	0.004481335701685296	0.004528059613629676	0.6018427897820982	0.0370925147158333	0.040558899615849686
504	KIC2991448	1.113	0.052773099207835	0.0554616984954482	1.757	0.0408044115262063	0.0416173040933696	5836	70	70	2.843	0.1697884633087	0.1697884633087	-0.085	0.1	0.1	3.994	0.0076157731058639	0.0076157731058639	0.2051	0.0053936419050582	0.0053382898010505	3.9686182	MS	G	NA	serenelli17	4.86229998667041	2.3455240643021	1.19945167923235	5.97215839988392	A	3.766115283221414	0.005178159407645655	0.005240645169224845	0.4537768596904421	0.025191779967355943	0.0267435329642991
505	KIC2998253	1.262	0.0594138031100518	0.0622414652783817	1.425	0.0642884126417817	0.0585234995535981	6333	54	54	3.188	0.263328546014609	0.263328546014609	0.057	0.1	0.1	4.23	0.0294278779391243	0.0304138126514911	0.4347	0.0468969756061092	0.0309065223051705	3.6428347	MS	F	NA	serenelli17	4.81993931808374	4.30918990159228	0.852676456655613	8.25999203308058	A	3.801609488027319	0.003687428130665804	0.00371900496896993	0.5035183127240748	0.03446799079504559	0.037441226488873935
507	KIC3112152	1.251	0.0982700361249552	0.0834086326467471	1.741	0.056302753041037	0.0554707129934347	6282	59	59	4.304	0.355182210531848	0.355182210531848	-0.136	0.1	0.1	4.052	0.014560219778561	0.0164924225024706	0.2361	0.0110771837576164	0.0113121527571015	3.6762652	MS	F	NA	serenelli17	7.26133768072351	3.2100363594047	0.939191340337472	8.25237478001505	A	3.798097932062486	0.004059821124475338	0.004098131078015488	0.6338722626583327	0.03443743243920039	0.03740516813531558
508	KIC3112889	1.235	0.058	0.0630317380372777	1.986	0.0605392434706612	0.0588302643203309	6433	65	65	5.684	0.492828563865588	0.492828563865588	-0.358	0.102	0.102	3.932	0.017464249196573	0.017464249196573	0.1568	0.0097145334422194	0.0096366135130553	3.5772847	MS	F	NA	serenelli17	4.90007036588169	3.00527461709447	1.01041504741178	8.67045326997868	A	3.8084135514003683	0.004366155608595879	0.004410496670755659	0.7546540692554321	0.03611147852869434	0.039388697757095414
509	KIC3115178	1.165	0.14101418368377	0.123454445039456	3.0	0.160639347608237	0.147871565894191	5046	85	85	4.902	0.453773781532749	0.453773781532749	0.08	0.1	0.1	3.549	0.0092195444572928	0.0092195444572928	0.04308	0.0020609568772781	0.0020250526536364	4.4864632	PMS	K	NA	serenelli17	11.3505849237436	5.1418485583738	1.68450257629806	9.25691108797938	A	3.702947246181556	0.0072547684738286655	0.007378019145370285	0.6903733069160591	0.03844891797602956	0.04218644135154315
510	KIC3123191	1.3	0.11	0.17	1.42	0.05	0.06	6568	93	93	3.494	0.323861480811423	0.323861480811423	-0.1	0.15	0.1	4.243	0.02	0.022	0.4505	0.0234	0.0221	3.4887922	MS	F	NA	C14sdss	10.7692307692308	3.87323943661972	1.41595615103532	9.26907500891309	A	3.8174331441113845	0.006106289545474652	0.006193371358095057	0.5433229006469121	0.03849726667670017	0.04224466151909334
511	KIC3223000	1.069	0.0624819974072532	0.0609590026165127	1.164	0.0241867732448957	0.0241867732448957	6198	47	47	2.195	0.187430825510991	0.187430825510991	-0.185	0.1	0.1	4.335	0.0125299640861417	0.0125299640861417	0.6786	0.0206590867174713	0.0214107861602511	3.7313272	MS	F	NA	serenelli17	5.77366697959616	2.07790148152024	0.758309131978057	8.53898977271031	A	3.792251571903264	0.0032808708068903236	0.00330584487951624	0.34143452457814016	0.035585775063807945	0.038764005954305236
512	KIC3236382	1.44	0.16	0.11	1.64	0.06	0.05	6831	58	58	4.73	0.385700199815086	0.385700199815086	-0.06	0.15	0.15	4.165	0.014	0.013	0.3254	0.0114	0.0112	3.3163957	MS	F	NA	C14sdss	9.375	3.35365853658537	0.849070414287806	8.1543382624754	A	3.8344842853348053	0.0036718994173425834	0.003703209728444179	0.6748611407378116	0.03404394444701642	0.036941352455070575
513	KIC3241581	1.062	0.0721387551874857	0.0721387551874857	1.084	0.0294108823397055	0.0294108823397055	5770	81	81	1.13	0.0996572855368258	0.0996572855368258	0.185	0.1	0.1	4.393	0.0165529453572468	0.0165529453572468	0.8323	0.0448323360533444	0.0339039062056277	4.0118812	MS	G	NA	serenelli17	6.79272647716438	2.71318102764811	1.40381282495667	8.81922880856866	A	3.7611758131557314	0.006054284954986944	0.006139879387959901	0.05307844348341968	0.03670564377747712	0.04009673892977098
514	KIC3329196	1.098	0.152108513897152	0.136124942607885	2.845	0.168133875230425	0.156604597633658	5161	65	65	4.964	0.484211510460639	0.484211510460639	-0.313	0.101	0.101	3.57	0.0203960780543711	0.0223606797749979	0.04759	0.0033784305291066	0.003268226405866	4.4110807	PMS	K	NA	serenelli17	13.1253850867503	5.70717878495752	1.25944584382872	9.75446233804671	A	3.7127338590699517	0.0054355463213551225	0.005504439742657574	0.6958317728266923	0.04042218658516661	0.044574263291582095
515	KIC3344897	1.55	0.16	0.18	2.34	0.08	0.1	6630	83	83	8.694	0.765139525104026	0.765139525104026	-0.04	0.15	0.1	3.89	0.017	0.016	0.1217	0.0043	0.0044	3.4481512	MS	F	NA	C14sdss	10.9677419354839	3.84615384615385	1.25188536953243	8.80077668626669	A	3.821513528404773	0.00540311878014732	0.005471187482776418	0.9392196358548183	0.03663199563197561	0.04000886026803252
516	KIC3424541	1.824	0.0765571681816928	0.0778203058333749	2.658	0.0427200187265877	0.0436577599058861	6475	66	66	10.67	0.892296144690191	0.892296144690191	0.27	0.1	0.1	3.849	0.0092195444572928	0.0092195444572928	0.09704	0.0017502324102815	0.0017386860699965	3.5497537	MS	F	NA	serenelli17	4.23183865172883	1.62486415787197	1.01930501930502	8.36266302427546	A	3.8112397727532894	0.004404376378675856	0.004449501169222714	1.02816441942447	0.03487966932658715	0.03792754010193944
517	KIC3425851	1.178	0.049	0.049	1.36	0.015	0.018	6343	85	85	2.728	0.162	0.157	-0.016	0.0721110255092798	0.0721110255092798	4.243	0.008	0.008	0.470137064128968	0.006391591506285	0.0056814146722533	3.6362797	MS	F	p	silva15	4.15959252971138	1.21323529411765	1.34005990856062	5.84677419354839	A	3.802294711397464	0.005781156693843048	0.005859152587289529	0.4358443659844413	0.025053476772106564	0.025742289341580682
518	KIC3427720	1.1	0.0457930125674212	0.0483735464897913	1.117	0.0152643375224737	0.017	6023	51	51	1.54	0.129570502985013	0.129570502985013	-0.037	0.1	0.1	4.384	0.0072111025509279	0.0080622577482985	0.7906	0.00605696565947	0.0061640092472351	3.8460397	MS	F	NA	serenelli17	4.28029813896421	1.44424071273383	0.846754109247883	8.41366902500082	A	3.7798128631705805	0.0036619244116660177	0.003693064117592737	0.18752072083646307	0.03508404242265703	0.038169338833282024
519	KIC3429205	1.325	0.0680294054067798	0.0662117814289874	3.427	0.0639765582068933	0.0630713881248859	5116	62	62	6.026	0.38765396931441	0.38765396931441	-0.046	0.1	0.1	3.49	0.0072801098892805	0.0072801098892805	0.03291	0.0005859680878682	0.0005852210266215	4.4405782	PMS	K	NA	serenelli17	5.06570516361386	1.85363213206564	1.21188428459734	6.43302305533371	A	3.7089305358066165	0.005231510292236674	0.005295298222720568	0.7800291273373383	0.027076397748193037	0.028877401916363343
520	KIC3430893	1.2	0.0619112267686564	0.0715541752799933	1.466	0.0484664832642105	0.0475394572960188	6270	60	60	3.507	0.286407736195391	0.286407736195391	-0.11	0.1	0.1	4.184	0.0181107702762748	0.0181107702762748	0.3808	0.027248209647608	0.0244873136337982	3.6841312	MS	F	NA	serenelli17	5.56105841869374	3.2744181637186	0.956937799043062	8.1667446876359	A	3.7972675408307164	0.004136169186638838	0.004175940654136401	0.5449357658815026	0.0340937596746379	0.03700002050562423
521	KIC3437637	1.039	0.0613269924258479	0.0604152298679729	2.01	0.0718401002226472	0.0689637585982667	5483	58	58	3.825	0.351216261260029	0.351216261260029	-0.255	0.102	0.102	3.847	0.0162788205960997	0.0172626765016321	0.1277	0.0083306578371698	0.0082914618735178	4.2000097	PMS	G	NA	serenelli17	5.85862474946202	3.50258355275905	1.05781506474558	9.18212447738639	A	3.739018245883481	0.00456990427642312	0.004618503362913806	0.5826314394896365	0.03815154060036252	0.04182866164665078
522	KIC3438633	1.28	0.0802620707432845	0.0586941223633168	1.965	0.0679779375974294	0.0566038867923396	6432	73	73	5.59	0.448421680043221	0.448421680043221	-0.184	0.1	0.1	3.959	0.014142135623731	0.014142135623731	0.1686	0.0089451790926733	0.0088151782738637	3.5779402	MS	F	NA	serenelli17	5.42797629322661	3.17002097683891	1.13495024875622	8.02185474138141	A	3.808346035740395	0.004901265157210233	0.0049572107567814605	0.7474118078864233	0.03351162987011458	0.03631535223174365
523	KIC3456181	1.4975	0.0304	0.019	2.1483	0.027	0.027	6384	77	77	7.215	0.243	0.295	-0.15	0.1	0.1	3.949	0.0088	0.0077	0.151095092678077	0.0052517576876642	0.0040962999786947	3.6094042	MS	F	NA	silva17	1.64941569282137	1.25680770842061	1.20614035087719	3.72834372834373	A	3.805092878342673	0.005206862697495929	0.005270047349353213	0.858236335429513	0.014386043595775333	0.018130240972755285
525	KIC3534307	0.96	0.13	0.11	1.44	0.07	0.06	5781	59	59	2.003	0.175425643030756	0.175425643030756	-0.24	0.15	0.1	4.104	0.019	0.017	0.3223	0.0098	0.0098	4.0046707	MS	G	NA	C14sdss	12.5	4.51388888888889	1.02058467393185	8.75814493413659	A	3.7620029693751156	0.004409877737284074	0.004455115905871665	0.30168094929357625	0.03646179130477045	0.03980589353263053
526	KIC3544595	0.899	0.009	0.009	0.916	0.006	0.006	5669	75	75	0.78	0.029	0.025	-0.092	0.0721110255092798	0.0721110255092798	4.468	0.003	0.003	1.17392230665436	0.0113628293445068	0.0127831830125701	4.0780867	MS	G	p	silva15	1.00111234705228	0.655021834061135	1.32298465337802	3.46153846153846	A	3.75350645699097	0.005707974243273739	0.005783994955461669	-0.10790539730951958	0.015853918921791915	0.014147651061292177
527	KIC3545753	1.258	0.0573149195236284	0.0618465843842649	2.296	0.0577754273026172	0.056859475903318	6206	58	58	8.035	0.720810235740592	0.720810235740592	-0.338	0.105	0.105	3.814	0.0148660687473185	0.0158113883008419	0.1036	0.0054895719323094	0.005310410153651	3.7260832	MS	F	NA	serenelli17	4.73614880397032	2.4964046865404	0.934579439252336	8.97088034524695	A	3.792811771248147	0.004039977801740147	0.0040779124204397554	0.9049858810993634	0.03731045945484612	0.04081965732298487
528	KIC3547794	1.4	0.11	0.13	1.75	0.06	0.06	6825	81	81	5.785	0.491271159812543	0.491271159812543	-0.14	0.15	0.15	4.093	0.019	0.019	0.2585	0.0152	0.0145	3.3203287	MS	F	NA	C14sdss	8.57142857142857	3.42857142857143	1.18681318681319	8.49215488007853	A	3.8341026557127935	0.005123918300641961	0.00518509409610779	0.7623033632877684	0.03539833527696268	0.03854167154841792
529	KIC3630240	1.309	0.142337626789265	0.13186735759846	4.101	0.182485615871498	0.176773866846884	5256	71	71	7.836	0.717243122228563	0.717243122228563	-0.613	0.103	0.103	3.328	0.0114017542509914	0.0114017542509914	0.01895	0.0007892412812315	0.0007766311350956	4.3488082	PMS	G	NA	serenelli17	10.4738343921973	4.38014487586421	1.35083713850837	9.15317920148753	A	3.7206553565517244	0.0058273402331052715	0.005906595826664862	0.8940944273226987	0.03803638951428667	0.04169026630665362
530	KIC3632418	1.4082	0.0209	0.0209	1.9114	0.021	0.024	6193	77	77	5.14	0.209	0.2	-0.041	0.0721110255092798	0.0721110255092798	4.0238	0.0077	0.0077	0.202028265037994	0.0065812087209715	0.0054079965911512	3.7346047	MS	F	p	silva17	1.48416418122426	1.17714764047295	1.24333925399645	3.97859922178988	A	3.791901080009571	0.005366460821145225	0.005433603269288767	0.7109631189952758	0.017309478899741215	0.01723617007162892
531	KIC3633847	1.285	0.142337626789265	0.071505244562899	1.858	0.0581377674149945	0.0485489443757534	6122	51	51	5.266	0.47585644152796	0.47585644152796	0.12	0.1	0.1	4.013	0.0183575597506858	0.0158113883008419	0.2025	0.0070778099013748	0.0069596805961193	3.7811452	MS	F	NA	serenelli17	8.32073429385851	2.87100946692002	0.833061091146684	9.03639273695329	A	3.7868933252613157	0.003602951705793611	0.003633092388366954	0.7214808547700493	0.037571475251874764	0.04113232554797519
532	KIC3633889	1.208	0.0576281181368956	0.06	1.322	0.0355105618091294	0.0355105618091294	6452	49	49	2.788	0.231897345463035	0.231897345463035	-0.12	0.1	0.1	4.276	0.0120415945787923	0.0120415945787923	0.5205	0.0230650326034888	0.025021395424716	3.5648302	MS	F	NA	serenelli17	4.86871349904369	2.68612419131085	0.759454432734036	8.31769531789937	A	3.809694358716924	0.0032858073225563444	0.003310856892756675	0.4452927694259718	0.03469941092963097	0.03771447807587336
534	KIC3642422	1.566	0.106018866245589	0.144027775099111	3.21	0.09037698822156	0.110724884285331	5325	98	98	9.807	1.03755686431547	1.03755686431547	-0.019	0.1	0.1	3.617	0.0122065556157337	0.0138924439894498	0.04718	0.0014095205745217	0.0014594181203479	4.3035787	PMS	G	NA	serenelli17	7.9836092383365	3.13242792066809	1.84037558685446	10.5797579720146	A	3.726319612110775	0.007919992324679992	0.00806711201302468	0.9915361753000315	0.04367563505529859	0.04856415898961208
535	KIC3643774	1.275	0.0565862174031804	0.0618465843842649	1.588	0.0233452350598575	0.0256124969497314	6029	104	104	2.911	0.199115374876444	0.199115374876444	0.158	0.1	0.1	4.141	0.0086023252670426	0.0086023252670426	0.3183	0.0046910793001184	0.0047410869007011	3.8421067	MS	F	NA	serenelli17	4.64442359950766	1.54149030256892	1.72499585337535	6.84010219431274	A	3.7802452838653524	0.0074276808221407364	0.007556929183210936	0.4640422054388108	0.028734294759339696	0.030770996548375062
536	KIC3656476	1.075	0.0402243707222375	0.0410487515035476	1.316	0.0184390889145858	0.0184390889145858	5684	56	56	1.626	0.13908986340791	0.13908986340791	0.233	0.1	0.1	4.23	0.0072111025509279	0.0072111025509279	0.4711	0.0058323947748759	0.005856259642468	4.0682542	MS	G	NA	serenelli17	3.78014521980396	1.40114657405667	0.985221674876847	8.55411214070789	A	3.754654069255432	0.004257823142541639	0.004299980492723954	0.21112054125804933	0.03564627962086109	0.0388358191123471
537	KIC3657002	1.219	0.0646606526413089	0.0898943824718764	1.516	0.0324499614791759	0.037589892258425	6006	64	64	2.732	0.226473371932982	0.226473371932982	0.112	0.1	0.1	4.161	0.0128062484748657	0.0136014705087354	0.3487	0.0097561784014028	0.0094253934135398	3.8571832	MS	F	NA	serenelli17	6.33941899561875	2.31002156126652	1.06560106560107	8.28965490237855	A	3.778585327862962	0.004603363212295264	0.004652680395317077	0.436480695009495	0.03458696970557634	0.03758167234085075
538	KIC3661135	1.11	0.0537121960079831	0.0555427763079953	1.879	0.0477598157450382	0.0477598157450382	5603	71	71	3.542	0.319592291678029	0.319592291678029	-0.02	0.1	0.1	3.935	0.0114017542509914	0.0114017542509914	0.1673	0.0072080990559231	0.0069969682720446	4.1213497	PMS	G	NA	serenelli17	4.9213951493684	2.54176773523354	1.26717829734071	9.02293313602567	A	3.7484206224675685	0.005468708992264926	0.005538451030295377	0.5492485568540559	0.03751786204000673	0.041068069103393
539	KIC3730801	1.24	0.0678969807870718	0.113159179919262	1.595	0.0449444101084885	0.052773099207835	5894	58	58	2.844	0.246867410490714	0.246867410490714	0.164	0.1	0.1	4.123	0.0126491106406735	0.0136014705087354	0.3043	0.0130806536916165	0.0124754559435718	3.9305992	MS	G	NA	serenelli17	7.30065164138445	3.06324480615434	0.984051577875806	8.68028869517279	A	3.7704101315139065	0.004252791023915847	0.0042948482924924924	0.45392959205772865	0.03615078339467509	0.03943547014411808
540	KIC3733735	1.441	0.0660378679243962	0.0718401002226472	1.425	0.0277848879788996	0.0277848879788996	6711	66	66	3.631	0.279777268342257	0.279777268342257	-0.077	0.1	0.1	4.287	0.01	0.0106301458127346	0.4983	0.01103520951319	0.0115270822414	3.3950557	MS	F	NA	serenelli17	4.78410715291615	1.94981670027366	0.983459991059455	7.70524010857221	A	3.826787238816292	0.004250246823733317	0.004292253537541146	0.5600262489128923	0.03223683324112303	0.03482295568958127
541	KIC3735871	1.15	0.0427200187265877	0.0475394572960188	1.113	0.0148660687473185	0.0167630546142402	6176	50	50	1.542	0.12896442448014	0.12896442448014	-0.032	0.099	0.099	4.405	0.0067082039324993	0.0076157731058639	0.8332	0.0081211295396638	0.0081810665563849	3.7457482	MS	F	NA	serenelli17	3.92432504446115	1.42089502971962	0.809585492227979	8.36345165240859	A	3.7907072873276797	0.0035018290188166823	0.0035302948571258597	0.1880843737149382	0.034882829968736845	0.037931277643115935
542	KIC3761840	1.538	0.0658027355054484	0.0698927750200262	2.814	0.0746726188103779	0.0737360156233031	6236	61	61	12.97	1.13237954655977	1.13237954655977	0.011	0.1	0.1	3.725	0.0158113883008419	0.0158113883008419	0.06876	0.0037977222502442	0.0036961069099797	3.7064182	MS	F	NA	serenelli17	4.41142752033403	2.63696933961764	0.978191148171905	8.73075980385329	A	3.794906106516804	0.004227586785258808	0.004269144585100637	1.1129399760840801	0.036352422865535194	0.03967556489655033
543	KIC3854781	1.197	0.0567274184147313	0.0598163857149527	1.792	0.0358050275799363	0.0374432904536981	5705	102	102	3.408	0.294317890671679	0.294317890671679	0.256	0.1	0.1	4.009	0.010295630140987	0.010295630140987	0.2079	0.0062508867370957	0.0061570021926258	4.0544887	MS	G	NA	serenelli17	4.8681622443477	2.04375887370632	1.78790534618755	8.63608834130513	A	3.7562556487542333	0.007696177279090666	0.007835026286664881	0.5324995860946625	0.03597411958029195	0.03922531479635277
544	KIC3942719	1.099	0.0595063021872474	0.0567978872846517	2.107	0.0563648826841678	0.0554616984954482	5736	65	65	4.016	0.104548159379123	0.104548159379123	-0.364	0.101	0.101	3.83	0.0104403065089106	0.0104403065089106	0.1172	0.0045914877763095	0.0045784281145388	4.0341682	PMS	G	NA	serenelli17	5.29136439817557	2.65369200711001	1.13319386331939	2.60329082119329	A	3.758609142659744	0.0048937228078531625	0.004949495373745005	0.6037937041369629	0.011161290235501387	0.011455716731542886
545	KIC3952307	1.275	0.0622896460095897	0.0684105255059483	2.076	0.0483735464897913	0.0475078940808788	6210	118	118	6.262	0.48695300120495	0.48695300120495	-0.118	0.1	0.1	3.908	0.0139283882771841	0.0139283882771841	0.1421	0.0059768520142295	0.0058612452601814	3.7234612	MS	F	NA	serenelli17	5.12549692217796	2.30928325073868	1.90016103059581	7.77631748969898	A	3.79309160017658	0.008174870313040206	0.008331705512575116	0.7967130632808964	0.03252334050304451	0.03515754030385043
546	KIC3952580	1.458	0.0642028036770981	0.0618465843842649	2.709	0.0466154480832267	0.0474341649025257	6115	101	101	11.88	1.0567874435588	1.0567874435588	-0.074	0.1	0.1	3.736	0.010295630140987	0.0094339811320566	0.07331	0.001970789915237	0.0019448786311747	3.7857337	MS	F	NA	serenelli17	4.32268134641163	1.73587325555098	1.6516762060507	8.8955172016734	A	3.7863964613723042	0.007114544420553592	0.007233037607805581	1.0748164406451748	0.037010001935312786	0.04046025303053158
547	KIC3967430	1.36	0.09	0.12	1.47	0.04	0.05	6622	53	53	3.565	0.281704945624284	0.281704945624284	0.0	0.15	0.15	4.236	0.014	0.014	0.4287	0.0162	0.0158	3.4533952	MS	F	NA	C14sdss	7.72058823529412	3.06122448979592	0.800362428269405	7.90196200909632	A	3.8209891764160497	0.003462093620563156	0.003489914548291395	0.5520595341878843	0.03302934164284632	0.03574962169023199
548	KIC3967859	1.008	0.0605392434706612	0.0596824932455071	1.284	0.0344383507154451	0.0335410196624968	6211	78	78	1.933	0.172593806759579	0.172593806759579	-0.375	0.1	0.1	4.224	0.0158113883008419	0.0158113883008419	0.4756	0.0136867563724938	0.0296650130625287	3.7228057	MS	F	NA	serenelli17	5.96337979742898	2.64717174368933	1.25583641925616	8.92880531606718	A	3.793161529245551	0.005420065482996783	0.005488564558057796	0.286231854028553	0.03714274050499711	0.04061896625454578
549	KIC4038445	1.067	0.0796052762070455	0.0769415362466854	2.667	0.0836719785830358	0.0827647267862342	5327	69	69	4.939	0.47477908781434	0.47477908781434	-0.766	0.105	0.105	3.613	0.0085440037453175	0.0085440037453175	0.05619	0.0016564603828646	0.0016418882422381	4.3022677	PMS	G	NA	serenelli17	7.33583938396115	3.12029818840026	1.29528815468369	9.61285863159223	A	3.7264826967848297	0.005589244215037148	0.005662115014485547	0.6936390261615483	0.03986150401312183	0.04389334861702654
550	KIC4049576	1.159	0.0674166151627327	0.0691158447825099	1.944	0.0919238815542512	0.0861278120005379	6066	84	84	4.633	0.331409816577219	0.331409816577219	-0.264	0.101	0.101	3.923	0.0284429253066558	0.0304138126514911	0.1568	0.0171971463911894	0.016751905682638	3.8178532	MS	F	NA	serenelli17	5.8900974954807	4.57951886714992	1.38476755687438	7.15324447608935	A	3.7829024059746446	0.005972709800772247	0.006055997279345249	0.6658623002031552	0.030005325510649494	0.032233267828146284
552	KIC4064447	1.91	0.09	0.14	4.61	0.11	0.15	5755	118	118	21.47	2.13004764292093	2.13004764292093	-0.25	0.1	0.1	3.39	0.011	0.011	0.0195	0.0008	0.0006	4.0217137	PMS	G	NA	C14sdss	6.02094240837696	2.81995661605206	2.0503909643788	9.92104165310168	A	3.760045327965811	0.008814672877146101	0.008997293145622809	1.3318320444362486	0.04108083527270434	0.045376644548787315
553	KIC4072740	1.326	0.0740607858451421	0.0732393336944022	4.113	0.0864522989862039	0.0857029754442633	5015	71	71	9.018	0.92191077984941	0.92191077984941	0.148	0.1	0.1	3.331	0.0072801098892805	0.0072801098892805	0.01905	0.0005491976056029	0.0005491698462224	4.5067837	PMS	K	NA	serenelli17	5.55430315005823	2.0928187993006	1.41575274177468	10.2230070952474	A	3.700270937356437	0.006105418483253189	0.006192475275677456	0.9551102309705518	0.042272255238333556	0.04683494545635314
554	KIC4141376	1.019	0.021	0.03	1.039	0.009	0.009	6134	91	91	1.363	0.052	0.056	-0.269	0.0721110255092798	0.0721110255092798	4.412	0.003	0.004	0.907605993892479	0.0078119451743484	0.0092322988424117	3.7732792	MS	F	p	silva15	2.50245338567223	0.866217516843118	1.48353439843495	3.96184886280264	A	3.7877437716464666	0.006395584121307252	0.006491177398010084	0.13449585583467355	0.01626058402563549	0.01822026825412927
555	KIC4143755	0.918	0.021	0.03	1.414	0.012	0.013	5622	106	106	1.997	0.029	0.038	-0.357	0.0721110255092798	0.0721110255092798	4.102	0.001	0.002	0.323840636318443	0.00426106100419	0.00426106100419	4.1088952	MS	G	p	silva15	2.77777777777778	0.884016973125884	1.88545001778726	1.67751627441162	A	3.749890841271422	0.00811216802837711	0.008266583767609692	0.30037806487070257	0.006261376153559095	0.00834362887596618
556	KIC4165030	0.923	0.0509901951359278	0.0491934955049954	1.634	0.042154477816716	0.0412310562561766	5758	63	63	2.843	0.253964897885598	0.253964897885598	-0.482	0.102	0.102	3.975	0.0117046999107196	0.0117046999107196	0.2109	0.0089798013897858	0.0089815794268046	4.0197472	PMS	G	NA	serenelli17	5.42706883211935	2.55157693001507	1.09412990621744	8.93298972513535	A	3.760271660542063	0.004725938742817348	0.004777932126943885	0.4537768596904421	0.03715942324432925	0.04063892105501238
557	KIC4243623	0.98	0.110113577727726	0.0936803074290429	2.563	0.132672529183701	0.118139747756629	5094	63	63	3.63	0.320797984575958	0.320797984575958	-0.369	0.101	0.101	3.611	0.0101980390271856	0.0101980390271856	0.05814	0.0029040475633157	0.0029745944681586	4.4549992	PMS	K	NA	serenelli17	10.397647201876	4.89294336598381	1.23674911660777	8.83741004341481	A	3.707058940627596	0.00533819077911879	0.005404623301847877	0.5599066250361125	0.03677819851348596	0.04018334487960462
558	KIC4247542	1.129	0.0917877987534291	0.0710633520177595	1.581	0.052773099207835	0.0501198563445667	6440	66	66	3.696	0.272247043342329	0.272247043342329	-0.44	0.1	0.1	4.095	0.0202484567313166	0.0202484567313166	0.2863	0.0196156729428281	0.0165137586575558	3.5726962	MS	F	NA	serenelli17	7.21218559659825	3.25404666516134	1.02484472049689	7.36599143242233	A	3.808885867359812	0.004428191586022923	0.004473808222098086	0.5677319625480691	0.03086673879209556	0.033229542241273835
559	KIC4252818	0.94	0.15	0.13	1.5	0.11	0.1	5630	58	58	2.055	0.175391596385497	0.175391596385497	0.02	0.15	0.15	4.058	0.02	0.021	0.2777	0.026	0.0248	4.1036512	PMS	G	NA	C14sdss	14.8936170212766	7.0	1.03019538188277	8.53487087034049	A	3.7505083948513462	0.004451192870363663	0.004497287099420433	0.31281182621208803	0.03556929388486152	0.03874444815269962
560	KIC4346201	1.142	0.0574543296888929	0.0549181208709839	1.902	0.0331209903233584	0.0322490309931942	6147	51	51	5.527	0.551784265879922	0.551784265879922	-0.337	0.099	0.099	3.937	0.0106301458127346	0.0106301458127346	0.1661	0.0035392356519452	0.0035206127307615	3.7647577	MS	F	NA	serenelli17	4.91998470052	1.71845481904712	0.829673011224988	9.98343162438796	A	3.7886632131208575	0.0035883587824065977	0.0036182547893135464	0.7424894645817751	0.04132726610313642	0.0456775473178096
561	KIC4347652	1.546	0.270186972298814	0.28570264261991	4.469	0.33577373333839	0.342052627529741	5043	75	75	11.41	1.11407977100886	1.11407977100886	0.025	0.102	0.102	3.324	0.0310161248385416	0.0328937684067971	0.01722	0.0017941241985994	0.001712342442387	4.4884297	PMS	K	NA	serenelli17	17.9783187231153	7.58364691058549	1.48720999405116	9.76406460130461	A	3.7026889681591335	0.006411313392033158	0.006507380990609768	1.0572856444182146	0.04046018073543278	0.04462047534736713
562	KIC4349452	1.159	0.04	0.051	1.297	0.015	0.015	6270	79	79	2.406	0.126	0.128	-0.045	0.0721110255092798	0.0721110255092798	4.275	0.007	0.008	0.529081741353597	0.006391591506285	0.0071017683403167	3.6841312	MS	F	p	silva15	3.92579810181191	1.15651503469545	1.25996810207337	5.27847049044057	A	3.7972675408307164	0.005437786243635667	0.005506736817811664	0.38129562300382597	0.022168078341491537	0.02374190326074438
563	KIC4351319	1.383	0.0782943165242535	0.0746860093993514	3.455	0.0729451848993475	0.072069410986909	5001	61	61	7.018	0.680309699698846	0.680309699698846	0.229	0.1	0.1	3.501	0.0072801098892805	0.0072801098892805	0.0335	0.0003965943141296	0.0003947513774516	4.5159607	PMS	K	NA	serenelli17	5.53074207966757	2.09861933265205	1.21975604879024	9.69378312480544	A	3.699056854547668	0.005265286274567682	0.005329905624020803	0.8462133638793874	0.04018201471144811	0.04428235088633714
564	KIC4378838	1.627	0.173441632833642	0.16860011862392	3.691	0.177867928531256	0.174484956371602	5053	71	71	8.294	0.813824542073771	0.813824542073771	0.238	0.099	0.099	3.514	0.0114017542509914	0.012369316876853	0.03227	0.0016631722129713	0.0016228683896114	4.4818747	PMS	K	NA	serenelli17	10.5114244455305	4.77313580198941	1.40510587769642	9.81220812724585	A	3.7035492982382303	0.006059822834418416	0.006145575037742823	0.9187640310279991	0.04065062451818635	0.04485224606253946
565	KIC4446300	1.07	0.054230987451825	0.0560802995712398	1.999	0.0460434577328854	0.0452216762183801	5410	60	60	3.139	0.294077840422066	0.294077840422066	-0.101	0.101	0.101	3.864	0.0089442719099991	0.0089442719099991	0.1337	0.0031216357891336	0.0030957075120237	4.2478612	PMS	G	NA	serenelli17	5.15473303846097	2.28276973364846	1.1090573012939	9.36851992424549	A	3.7331972651065692	0.004790061226861653	0.004843483085340772	0.4967913157000424	0.03889233488053445	0.042720927615085835
566	KIC4450844	1.056	0.0464004310324807	0.0472016948848238	1.548	0.0254950975679639	0.0254950975679639	5968	59	59	2.81	0.241286059060407	0.241286059060407	-0.136	0.0721110255092798	0.0721110255092798	4.082	0.0072111025509279	0.0072111025509279	0.2847	0.0045789781611184	0.0045854242987972	3.8820922	MS	G	p	serenelli17	4.43191884078146	1.64697012712945	0.988605898123324	8.58669249325293	A	3.7758288144646124	0.004272377003299077	0.004314824484946023	0.4487063199050799	0.03577660489490436	0.038990577175786856
567	KIC4457351	0.884	0.056302753041037	0.056302753041037	1.616	0.054561891462815	0.052773099207835	5483	58	58	3.054	0.281947583943057	0.281947583943057	-0.367	0.102	0.102	3.966	0.014142135623731	0.014142135623731	0.2086	0.011520058202978	0.0114630423971998	4.2000097	PMS	G	NA	serenelli17	6.36908971052455	3.32100837471071	1.05781506474558	9.23207544017868	A	3.739018245883481	0.00456990427642312	0.004618503362913806	0.4848690327204024	0.038350185449395835	0.0420675947355133
568	KIC4465324	1.079	0.0793788384898645	0.0590338885725818	1.388	0.0373363094051889	0.0326955654485436	5850	59	59	2.207	0.192897800358889	0.192897800358889	0.037	0.1	0.1	4.187	0.0120830459735946	0.0120830459735946	0.4036	0.0133407874205386	0.0131244774753131	3.9594412	MS	G	NA	serenelli17	6.41393545238398	2.52276206245434	1.00854700854701	8.74027187851785	A	3.7671558660821804	0.0043581238974859104	0.0044023011488065755	0.34380233316165504	0.03639041451443609	0.039720829399824464
569	KIC4465529	1.322	0.054561891462815	0.0579827560572969	1.657	0.0306104557300279	0.0306104557300279	6345	49	49	4.239	0.367701157208098	0.367701157208098	0.025	0.1	0.1	4.12	0.010295630140987	0.010295630140987	0.2905	0.0082985055281056	0.008272235066776	3.6349687	MS	F	NA	serenelli17	4.25660542814341	1.84734192697815	0.772261623325453	8.67424291597307	A	3.8024316264307236	0.003341005504945649	0.003366907079715542	0.627263416568221	0.036126623341268704	0.03940671883077462
571	KIC4543171	1.315	0.0684105255059483	0.069656299069072	1.663	0.0438292140016222	0.0438292140016222	6129	59	59	3.486	0.296648102055351	0.296648102055351	0.137	0.1	0.1	4.114	0.0139283882771841	0.0148660687473185	0.2851	0.0132379065187816	0.0133563082099808	3.7765567	MS	F	NA	serenelli17	5.24968914733917	2.63555105241264	0.962636645456029	8.50969885414088	A	3.78738962135211	0.004160683675220156	0.0042009302768524215	0.5423273827739744	0.03546855818991412	0.03862494289629492
572	KIC4554830	0.98	0.05	0.06	1.35	0.03	0.04	5466	60	60	1.919	0.17412292709152	0.17412292709152	0.36	0.1	0.15	4.167	0.01	0.01	0.3963	0.0117	0.0115	4.2111532	PMS	G	NA	C14sdss	5.61224489795918	2.59259259259259	1.09769484083425	9.07362830075666	A	3.737669627356642	0.004741253223850439	0.004793585993935423	0.28307497473547155	0.03771976004842392	0.04131013853369897
573	KIC4571351	1.235	0.0743303437365925	0.0998098191562333	1.585	0.0689492567037528	0.0698927750200262	6000	59	59	2.923	0.255209864123749	0.255209864123749	0.143	0.101	0.101	4.125	0.0263058928759318	0.0282842712474619	0.3066	0.0310935595260498	0.0270755229681718	3.8611162	MS	F	NA	serenelli17	7.05020902400105	4.37987481778483	0.983333333333333	8.73109353827401	A	3.7781512503836434	0.004249702112886222	0.004291698006956501	0.4658288153574364	0.03635375587190032	0.03967715293740648
575	KIC4577484	1.193	0.0509607692249636	0.0625859409132754	2.175	0.0468187996428785	0.0496487663492256	5424	74	74	5.273	0.497045576575478	0.497045576575478	0.022	0.1	0.1	3.838	0.0116619037896906	0.0116619037896906	0.1156	0.0043221554807757	0.0042250306507763	4.2386842	PMS	G	NA	serenelli17	4.75887301501421	2.21764519522078	1.36430678466077	9.42623888821312	A	3.734319680859007	0.005885054648442356	0.005965898837778649	0.7220577713314641	0.03912147225356721	0.042997597630100914
576	KIC4586099	1.253	0.118595952713404	0.0778331548891602	1.813	0.0516236379965612	0.0403608721412211	6383	58	58	5.663	0.482656291450163	0.482656291450163	-0.151	0.1	0.1	4.021	0.0138924439894498	0.0122065556157337	0.2112	0.0028731978699699	0.0028144990673297	3.6100597	MS	F	NA	serenelli17	7.83835225868174	2.5368039199609	0.908663637787874	8.5229788354258	A	3.805024844429805	0.003928454726105812	0.0039643145819496795	0.7530465616265292	0.035521706155099975	0.038687986094710025
577	KIC4638884	1.522	0.0508035431835221	0.0468614980554399	1.928	0.0269072480941474	0.0256124969497314	6662	57	57	6.055	0.488982163912133	0.488982163912133	0.008	0.099	0.099	4.05	0.0067082039324993	0.0067082039324993	0.2123	0.0035201355087553	0.0034604804579711	3.4271752	MS	F	NA	serenelli17	3.20844419313279	1.36202658308814	0.85559891924347	8.07567570457692	A	3.823604628355158	0.003700012734576763	0.0037318064046121258	0.782114147479071	0.03372795948537277	0.036569553799026044
578	KIC4641621	1.447	0.0725603197346869	0.0804984471899924	3.062	0.106569226327303	0.0999599919967984	5684	61	61	11.8	1.10037374171454	1.10037374171454	-0.264	0.101	0.101	3.622	0.0164924225024706	0.0164924225024706	0.04987	0.0031068003942963	0.0031029393629267	4.0682542	PMS	G	NA	serenelli17	5.28883092345126	3.37245621038703	1.07318789584799	9.32520120097066	A	3.754654069255432	0.004635963768872209	0.0046859857460290755	1.0718820073061255	0.03872028528870719	0.04251339941522336
579	KIC4646780	1.43	0.15	0.1	1.92	0.08	0.07	6856	138	138	6.537	0.540582863111397	0.540582863111397	-0.12	0.15	0.15	4.029	0.019	0.019	0.2029	0.0125	0.0122	3.3000082	MS	F	NA	C14sdss	8.74125874125874	3.90625	2.01283547257876	8.26958640219362	A	3.836070808915142	0.008654819058083962	0.008830809409496432	0.815378484965918	0.034506477745382624	0.03748664832342796
580	KIC4672403	1.177	0.0501597448159378	0.053851648071345	1.818	0.0317647603485372	0.0335410196624968	5779	88	88	4.263	0.388355108144367	0.388355108144367	0.113	0.1	0.1	3.989	0.0094339811320566	0.010295630140987	0.1957	0.0053194248749277	0.005316349217273	4.0059817	PMS	G	NA	serenelli17	4.41849587456597	1.79608855915935	1.52275480186884	9.1099016688803	A	3.7618526944663833	0.006563393749948521	0.0066641088580583485	0.6297153326471322	0.03786416438328344	0.041483426727255024
581	KIC4739932	1.166	0.058591808301161	0.0630713881248859	1.805	0.0470106370941726	0.047927027865287	5876	111	111	4.034	0.323248423765954	0.323248423765954	0.008	0.1	0.1	3.991	0.0161554944214035	0.0161554944214035	0.1979	0.0103105307816814	0.0099581135763758	3.9423982	MS	G	NA	serenelli17	5.21711820008778	2.62985221494348	1.88904016337645	8.01309925051942	A	3.769081787118219	0.008127471027465916	0.008282475487501273	0.6057358938767466	0.03347642759104308	0.03627401327683799
582	KIC4755204	1.19	0.102459748194108	0.0658634952003005	1.645	0.0438634243989226	0.0393573373083089	6073	70	70	2.924	0.263173003459093	0.263173003459093	-0.072	0.1	0.1	4.084	0.0120830459735946	0.0120830459735946	0.2693	0.0066135346827547	0.0065614054896797	3.8132647	MS	F	NA	serenelli17	7.07240518463901	2.52950643487026	1.1526428453812	9.00044471474326	A	3.7834032811225633	0.004977234196999802	0.005034937766689396	0.4659773682858228	0.03742826983755054	0.04096073007045531
583	KIC4756112	1.378	0.073	0.071505244562899	2.619	0.0904765162901402	0.0857962703152066	6182	60	60	11.38	1.04068423933855	1.04068423933855	-0.209	0.1	0.1	3.739	0.0194164878389476	0.0203960780543711	0.07641	0.0058137535207471	0.0056106934509024	3.7418152	MS	F	NA	serenelli17	5.24329624683959	3.36526893099173	0.970559689420899	9.14485271826496	A	3.791129000727286	0.004194763602027862	0.004235675465970257	1.0561422620590524	0.0380032591586239	0.041650463262603354
584	KIC4841753	1.314	0.0560357029044876	0.0536003731330296	2.149	0.0794040301244213	0.0746324326281812	5966	67	67	6.304	0.560000152692	0.560000152692	0.127	0.1	0.1	3.891	0.0223606797749979	0.0233452350598575	0.132	0.0112369519443664	0.0109104898606799	3.8834032	MS	G	NA	serenelli17	4.17184459807904	3.58391025483021	1.12303050620181	8.88325115310913	A	3.7756832490260437	0.004850076290360494	0.004904852856896014	0.799616204481499	0.036961080020177506	0.04040178479204848
585	KIC4842436	1.089	0.0604400529450463	0.06200806399171	1.57	0.0569209978830308	0.0540832691319598	5688	63	63	2.791	0.254711365146508	0.254711365146508	0.139	0.1	0.1	4.082	0.0237697286480094	0.0237697286480094	0.2807	0.0218564483848589	0.0206990612347517	4.0656322	MS	G	NA	serenelli17	5.62204393649019	3.53516773933091	1.10759493670886	9.12616858282007	A	3.75495958772171	0.004783779876015082	0.004837060938309712	0.44575983648863104	0.03792890740185567	0.04156116086284817
586	KIC4846457	1.429	0.0602079728939615	0.0619112267686564	2.474	0.10770329614269	0.0980815986819138	5885	81	81	8.969	0.820218327402594	0.820218327402594	0.229	0.1	0.1	3.805	0.0241867732448957	0.0251793566240283	0.09392	0.0092810363645446	0.0090245241425794	3.9364987	PMS	G	NA	serenelli17	4.27289012115528	4.15895098675432	1.37638062871708	9.14503654144937	A	3.7697464671794534	0.0059367818465903	0.00601906341375491	0.9527440240148983	0.03800399060243853	0.041651341952229526
587	KIC4914423	1.099	0.019	0.03	1.45	0.009	0.009	5845	88	88	2.256	0.115	0.119	0.131	0.0721110255092798	0.0721110255092798	4.155	0.004	0.004	0.360059654854059	0.0035508841701583	0.0035508841701583	3.9627187	MS	G	p	silva15	2.22929936305733	0.620689655172414	1.50556030795552	5.18617021276596	A	3.766784515497859	0.006489832839594811	0.006588286042724878	0.35333909531130464	0.02159245866688353	0.023534573147235338
588	KIC4914923	1.0586	0.0589	0.0494	1.3566	0.024	0.024	5805	77	77	1.885	0.153	0.142	0.08	0.1	0.1	4.1965	0.0099	0.0077	0.424092038917691	0.0064448547688374	0.0065137419217385	3.9889387	MS	G	NA	silva17	5.11524655204988	1.76912870411322	1.32644272179156	7.82493368700265	A	3.7638022240745928	0.00572279609645765	0.005799214774793615	0.27531135454181166	0.03389282512859587	0.03401396743181845
589	KIC4915148	1.074	0.071386273190299	0.067468511173732	2.503	0.0631506136153878	0.0611882341631134	5026	75	75	3.742	0.372300324244281	0.372300324244281	0.095	0.102	0.102	3.671	0.0082462112512353	0.0082462112512353	0.0685	0.001157913796446	0.0011607253594197	4.4995732	PMS	K	NA	serenelli17	6.46437543594185	2.48379639989016	1.49224035017907	9.94923367836134	A	3.701222484256557	0.006432839274630009	0.006529557925072815	0.5731037831639911	0.04119220677167201	0.04551258703275496
590	KIC4918355	1.09	0.09	0.08	3.01	0.09	0.09	5003	70	70	5.212	0.516652167465903	0.516652167465903	-0.06	0.15	0.1	3.519	0.008	0.008	0.0401	0.0009	0.0009	4.5146497	PMS	K	NA	C14sdss	7.79816513761468	2.99003322259136	1.39916050369778	9.91274304424218	A	3.699230502883409	0.006034359433995107	0.006119387421267941	0.717004407040547	0.041048046499660984	0.04533663660355036
591	KIC4931390	1.37	0.1	0.1	1.41	0.04	0.04	6557	51	51	3.532	0.310919874595679	0.310919874595679	-0.06	0.15	0.15	4.274	0.012	0.012	0.487	0.0134	0.0131	3.4960027	MS	F	NA	C14sdss	7.2992700729927	2.83687943262411	0.777794723196584	8.80294095684256	A	3.816705183666515	0.003364850645810602	0.00339112472068015	0.548020694905531	0.03664063455394506	0.04001916673652339
592	KIC4947253	1.173	0.0550726792520575	0.0568242905807015	2.006	0.0483321838943783	0.0483321838943783	5953	59	59	5.318	0.47408994136162	0.47408994136162	-0.196	0.1	0.1	3.901	0.013	0.013	0.145	0.0064690804601581	0.0062385524763361	3.8919247	MS	G	NA	serenelli17	4.769691808728	2.40938105156422	0.991096925919704	8.91481649796201	A	3.774735882551753	0.004283089363117387	0.0043257510378467146	0.7257483329955482	0.03708696410475931	0.04055226239730103
593	KIC5021689	1.22	0.08	0.07	1.79	0.04	0.04	6168	84	84	4.306	0.358627328127141	0.358627328127141	-0.08	0.09	0.09	4.016	0.011	0.01	0.2114	0.0045	0.0046	3.7509922	MS	F	NA	C14bruntt	6.14754098360656	2.23463687150838	1.36186770428016	8.32854919013332	A	3.7901443650429005	0.005874604304248798	0.005955159661939824	0.6340740254874684	0.03474292681732272	0.0377658953682144
594	KIC5033245	1.418	0.104355162785557	0.0967987603226405	3.315	0.0964624279188535	0.0917605579756357	5086	63	63	7.723	0.767709114328581	0.767709114328581	0.119	0.1	0.1	3.548	0.0085440037453175	0.0094868329805051	0.03888	0.0009181678768068	0.0009219132280209	4.4602432	PMS	K	NA	serenelli17	7.09287458068396	2.8389590632653	1.23869445536768	9.94055566915163	A	3.7063763558396903	0.005346535987544421	0.005413177680141157	0.8877860348383715	0.04115792767643245	0.045470736973250325
595	KIC5084157	1.102	0.0822982381342395	0.0735730929076656	1.378	0.0483011387029333	0.0456508488420533	5803	83	83	2.351	0.197037740566424	0.197037740566424	0.125	0.1	0.1	4.201	0.0111803398874989	0.0111803398874989	0.4201	0.0188341925497219	0.0173373155073097	3.9902497	MS	G	NA	serenelli17	7.07220195289951	3.40899809669763	1.43029467516802	8.38101831418223	A	3.7636525705645303	0.006167687199061689	0.006256541771505919	0.37125262912493934	0.03495322719078958	0.038014539570281114
597	KIC5094751	1.068	0.04	0.04	1.339	0.015	0.018	5952	75	75	2.04	0.124	0.112	-0.017	0.0721110255092798	0.0721110255092798	4.213	0.008	0.007	0.445991051771891	0.0056814146722533	0.0049712378382217	3.8925802	MS	G	p	silva15	3.74531835205993	1.23226288274832	1.26008064516129	5.7843137254902	A	3.7746629225378223	0.005438268930089141	0.005507231823423719	0.3096301674258988	0.025627089008633086	0.02452313785908683
598	KIC5095159	1.426	0.101414989030222	0.123174672721303	2.776	0.0694046107978425	0.0837257427557379	5192	67	67	5.227	0.53300753063853	0.53300753063853	0.097	0.099	0.099	3.704	0.0113137084989848	0.0136014705087354	0.06662	0.001093860265299	0.0010841398664379	4.3907602	PMS	K	NA	serenelli17	7.87481282438725	2.75811155535988	1.2904468412943	10.1971978312326	A	3.715334683792313	0.005568487021144541	0.005640814064521216	0.7182525000977505	0.042170551122791555	0.04671011157939964
599	KIC5095850	1.43	0.25	0.11	2.27	0.17	0.09	6836	85	85	11.33	1.01207189132385	1.01207189132385	0.1	0.15	0.15	3.885	0.018	0.021	0.1224	0.0095	0.0104	3.3131182	MS	F	NA	C14sdss	12.5874125874126	5.72687224669604	1.24341720304272	8.93267335678601	A	3.834802054048699	0.005366795192056628	0.0054339460598789024	1.0542299098633972	0.03715816194388899	0.040637412311183896
601	KIC5110725	1.31	0.07	0.11	3.73	0.09	0.13	4869	79	79	6.665	0.662623356758107	0.662623356758107	0.35	0.1	0.1	3.411	0.008	0.009	0.0253	0.0007	0.0007	4.6024867	PMS	K	NA	C14sdss	6.87022900763359	2.94906166219839	1.62250975559663	9.94183581032418	A	3.6874397745458944	0.006989916411188624	0.007104261131331224	0.823800153749878	0.04116298454563916	0.04547691025360723
602	KIC5184732	1.1479	0.0399	0.0589	1.3206	0.015	0.021	5846	77	77	1.806	0.128	0.128	0.36	0.1	0.1	4.2548	0.0077	0.0099	0.497920602229955	0.0086243874724806	0.0086236772956466	3.9620632	MS	G	NA	silva17	4.3035107587769	1.36301681054066	1.31713992473486	7.0874861572536	A	3.7668588110214176	0.0056829216195257715	0.005758272063275172	0.256717745977487	0.029738723769495934	0.03192578948480551
603	KIC5214711	1.255	0.0764852927038918	0.0707248188403477	1.868	0.0734098086089318	0.069778220097678	6194	54	54	5.291	0.438711511084827	0.438711511084827	-0.025	0.1	0.1	3.993	0.0237697286480094	0.0237697286480094	0.1918	0.0166594021801504	0.0147351308443461	3.7339492	MS	F	NA	serenelli17	5.86494468303743	3.83265601463088	0.871811430416532	8.29165585115909	A	3.791971201020768	0.0037698198484759082	0.0038028298796000115	0.7235377615320568	0.03459499441473479	0.03759114794028462
604	KIC5253542	1.077	0.061400325732035	0.061400325732035	1.191	0.0264007575648882	0.0264007575648882	5770	96	96	1.463	0.123674067491704	0.123674067491704	0.203	0.1	0.1	4.318	0.013	0.013	0.6374	0.0220204083522536	0.0207702210869312	4.0118812	MS	G	NA	serenelli17	5.70105160000325	2.21668829260186	1.66377816291161	8.45345642458675	A	3.7611758131557314	0.007166245488801959	0.007286481695897962	0.16524432612531087	0.03524339758769171	0.038358048243361836
605	KIC5265656	1.491	0.146030818665102	0.172817823154905	2.834	0.109018347079746	0.119540788018149	5099	90	90	5.508	0.529093171781204	0.529093171781204	0.309	0.099	0.099	3.703	0.0184390889145858	0.02	0.06506	0.0031100207796733	0.0030508669669456	4.4517217	PMS	K	NA	serenelli17	10.6924427169687	4.03244769050626	1.7650519709747	9.60590362710973	A	3.7074850119674734	0.007598658727453689	0.00773398027795924	0.740993931584886	0.03983394688216979	0.04385993231666718
606	KIC5309966	1.34	0.08	0.13	1.64	0.05	0.06	6356	61	61	4.22	0.352765649687295	0.352765649687295	0.1	0.15	0.15	4.131	0.014	0.015	0.3023	0.0137	0.0133	3.6277582	MS	F	NA	C14sdss	7.83582089552239	3.35365853658537	0.959723096286973	8.35937558500699	A	3.803183888535342	0.004148150755848512	0.004188154091460561	0.6253124509616739	0.034866493770071005	0.037911960304748304
607	KIC5344612	1.298	0.0756637297521078	0.108784190027779	1.746	0.0608276253029822	0.0608276253029822	6359	84	84	4.715	0.390669340921946	0.390669340921946	-0.123	0.1	0.1	4.063	0.0203960780543711	0.0203960780543711	0.2412	0.0178691461463608	0.016041670237229	3.6257917	MS	F	NA	serenelli17	7.10508165561969	3.48382733694056	1.32096241547413	8.28567000894902	A	3.8033888249836134	0.005699306362732859	0.005775094830537508	0.6734816970733472	0.0345709880398134	0.03756280228177211
608	KIC5353186	1.362	0.210582525390879	0.0877097486029917	2.187	0.104709120901667	0.0672681202353686	6166	55	55	7.67	0.655138125827586	0.655138125827586	0.073	0.1	0.1	3.893	0.0126491106406735	0.0126491106406735	0.13	0.005482622182861	0.005401681404896	3.7523032	MS	F	NA	serenelli17	10.9505240085855	3.93180706760485	0.891988323061953	8.54156617767388	A	3.7900035203904894	0.0038566809521802803	0.003891236670662934	0.884795363948981	0.035596083849447235	0.03877623995670676
609	KIC5371516	1.454	0.0700927956355002	0.127945300812496	2.049	0.0353553390593274	0.0586003412959344	6350	81	81	5.834	0.497365294201537	0.497365294201537	0.075	0.1	0.1	3.976	0.01	0.0143178210632764	0.169	0.0024311857189445	0.0024153417977586	3.6316912	MS	F	NA	serenelli17	6.81011335790907	2.29272036006007	1.2755905511811	8.52528786769861	A	3.8027737252919755	0.005504784290792486	0.00557545545301652	0.7659664247857139	0.035530946495876514	0.03869894854864919
610	KIC5390438	1.09	0.100687635785135	0.0872811548961172	3.511	0.139014387744578	0.125574678976297	4814	64	64	7.315	0.770550623443635	0.770550623443635	0.186	0.1	0.1	3.384	0.0082462112512353	0.0082462112512353	0.02515	0.0008589444743404	0.0008781153511925	4.6385392	PMS	K	NA	serenelli17	8.62242159088313	3.76800151980739	1.32945575405069	10.5338431092773	A	3.682506085939011	0.00573571003870077	0.005812476314144721	0.8642143304613297	0.04349527010521659	0.048341217814849013
611	KIC5429911	1.614	0.100647901120689	0.130740200397582	3.365	0.114162165361384	0.124619420637395	5303	74	74	8.383	0.78142971641742	0.78142971641742	-0.005	0.102	0.102	3.59	0.0143178210632764	0.0152970585407784	0.04225	0.002291371519418	0.0022835620070407	4.3179997	PMS	G	NA	serenelli17	7.16815680044211	3.5480176225673	1.39543654535169	9.32159986183252	A	3.7245216271185626	0.006018409358556465	0.006102985288907181	0.9233994661587165	0.038705978729382196	0.04249615084475933
612	KIC5431016	1.336	0.175559106855782	0.0843148859929254	2.142	0.0813941029804985	0.0462276973253049	6601	62	62	8.646	0.79107460085969	0.79107460085969	-0.264	0.101	0.101	3.903	0.0192353840616713	0.0127279220613579	0.1363	0.0024150544507319	0.0028010221348643	3.4671607	MS	F	NA	serenelli17	9.72582308565523	2.97903362058365	0.93925162854113	9.14960213809496	A	3.819609732751585	0.004060080516551601	0.00409839538882073	0.936815231197633	0.03802215699848055	0.04167316644233576
614	KIC5450445	1.39	0.07	0.06	1.99	0.04	0.04	6112	84	84	5.484	0.465478938984048	0.465478938984048	0.05	0.09	0.09	3.985	0.009	0.009	0.1775	0.0041	0.004	3.7877002	MS	F	NA	C14bruntt	4.67625899280576	2.01005025125628	1.37434554973822	8.48794564157637	A	3.7861833455676335	0.0059280635195348985	0.006010101925039368	0.7390974461174751	0.03538148535339514	0.03852169504247471
615	KIC5468089	1.56	0.15	0.17	2.0	0.07	0.07	6728	429	429	5.431	0.462468950326639	0.462468950326639	0.0	0.15	0.15	4.03	0.018	0.025	0.1951	0.0089	0.0103	3.3839122	MS	F	NA	C14sdss	10.2564102564103	3.5	6.37633769322235	8.51535537335001	A	3.827885982789856	0.026845034424086478	0.02861437443998316	0.7348798027926275	0.035491197005405706	0.03865179460618029
617	KIC5512589	1.132	0.041146081222882	0.0447772263544762	1.658	0.0248394846967484	0.0256124969497314	5789	56	56	2.979	0.248201743034408	0.248201743034408	0.032	0.1	0.1	4.052	0.0078102496759066	0.0078102496759066	0.2484	0.0046999315952468	0.0047219365730598	3.9994267	MS	G	NA	serenelli17	3.79519909793985	1.52147109910977	0.967351874244256	8.33171342847963	A	3.7626035495668035	0.004180965931055436	0.0042216077921284345	0.4740705032150436	0.034755612219220744	0.03778088624005699
620	KIC5516982	1.263	0.0452769256906871	0.0444184646290256	1.472	0.0194164878389476	0.0194164878389476	6444	50	50	3.568	0.306744935856814	0.306744935856814	-0.065	0.1	0.1	4.203	0.0072111025509279	0.0072111025509279	0.3954	0.0044696551321103	0.0050578258174832	3.5700742	MS	F	NA	serenelli17	3.55088639428791	1.31905488036329	0.775915580384854	8.59711143096453	A	3.8091555317471806	0.0033567525428019884	0.0033828998115112974	0.5524248457040855	0.03581827362965495	0.039040079213981116
621	KIC5523099	1.202	0.0657647321898295	0.0702139587261678	2.294	0.0700927956355002	0.068154236845555	5488	62	62	4.673	0.439094816717763	0.439094816717763	-0.112	0.1	0.1	3.795	0.0133416640641263	0.0133416640641263	0.09921	0.0051480941026752	0.0051412140482574	4.1967322	PMS	G	NA	serenelli17	5.65635153560721	3.01323087360626	1.12973760932945	9.39642235646829	A	3.7394141026986953	0.004878880423980991	0.004934313273118107	0.6695957810243133	0.03900311928945688	0.042854653093966855
622	KIC5530375	1.404	0.0643506021727847	0.0618546683767685	2.753	0.0657419196555744	0.0648459713474939	6210	55	55	8.503	1.20824327316213	1.20824327316213	-0.226	0.1	0.1	3.706	0.012369316876853	0.012369316876853	0.0673	0.0029615745069135	0.0029292066434446	3.7234612	MS	F	NA	serenelli17	4.49448969193565	2.37173794048435	0.885668276972625	14.2096115860535	A	3.79309160017658	0.0038294751535890015	0.0038635429092450657	0.92957217907655	0.0577026545502235	0.06656136591131379
623	KIC5543462	1.033	0.0612943716828878	0.058821764679411	1.298	0.057974132162543	0.053160135440008	6246	54	54	2.252	0.188741772329695	0.188741772329695	-0.372	0.102	0.102	4.224	0.0292745623366089	0.0302654919008431	0.4679	0.0594125392909611	0.0453650429846595	3.6998632	MS	F	NA	serenelli17	5.81394658094379	4.28098103245574	0.864553314121038	8.38107337165607	A	3.7956019798941796	0.003738569559402105	0.0037710322193436063	0.3525683861793086	0.034953447811996	0.03801480055511014
625	KIC5596656	1.14	0.13	0.12	3.67	0.17	0.17	5094	84	84	9.826	0.958140948811992	0.958140948811992	-0.46	0.09	0.09	3.362	0.01	0.01	0.0229	0.0009	0.0009	4.4549992	PMS	K	NA	C14bruntt	10.9649122807018	4.63215258855586	1.6489988221437	9.75107824966407	A	3.707058940627596	0.007103105471256921	0.007221214760350314	0.992376759798803	0.040408795662030594	0.04455797812786222
626	KIC5603483	1.24	0.11	0.11	3.59	0.12	0.13	4876	79	79	6.645	0.68354427576958	0.68354427576958	0.28	0.1	0.15	3.42	0.01	0.012	0.0268	0.0007	0.0007	4.5978982	PMS	K	NA	C14sdss	8.87096774193548	3.48189415041783	1.62018047579984	10.2865955721532	A	3.6880636969463443	0.006979961874949758	0.007093978480447127	0.8224949852787508	0.042522730728418834	0.04714266248410037
627	KIC5607242	1.291	0.0334215499341368	0.0581377674149945	2.449	0.0360555127546399	0.0495176736125598	5689	67	67	5.901	0.527470378917436	0.527470378917436	-0.185	0.102	0.102	3.77	0.0058309518948453	0.0058309518948453	0.08807	0.001803291712397	0.0018050800009971	4.0649767	PMS	G	NA	serenelli17	3.54606186479982	1.74710466245814	1.17771137282475	8.93866088658593	A	3.7550359337677714	0.005084851496796272	0.005145092496349424	0.7709256146389991	0.0371820324651031	0.040665967411420256
628	KIC5629080	1.242	0.099040395798886	0.0931718841711382	3.075	0.0926498785752038	0.0907083237635885	5203	94	94	6.849	0.650111776016596	0.650111776016596	-0.301	0.102	0.102	3.555	0.0092195444572928	0.0101980390271856	0.04268	0.000900596230283	0.0008974187428397	4.3835497	PMS	G	NA	serenelli17	7.73801449154687	2.98143418437061	1.80665000960984	9.4920685649963	A	3.7162538258960365	0.007776147039561199	0.007917923213772937	0.8356271662098977	0.03938266069930951	0.04331336082216919
629	KIC5636956	1.464	0.0724223722339996	0.127137720602503	2.055	0.0554616984954482	0.064621977685614	6369	60	60	7.338	0.637729562098162	0.637729562098162	0.094	0.1	0.1	3.975	0.0121655250605964	0.0131529464379659	0.1681	0.0069506593212442	0.0068850477122529	3.6192367	MS	F	NA	serenelli17	6.81557694113737	2.92174394601125	0.942063118228921	8.69078171297577	A	3.8040712488856614	0.004072176875829836	0.004110721479678059	0.8655777074199291	0.03619271224680176	0.03948537526862983
631	KIC5683538	1.22	0.0586003412959345	0.0610327780786685	2.302	0.101651364968701	0.093962758580195	6366	73	73	6.302	0.483941955862439	0.483941955862439	-0.557	0.102	0.102	3.798	0.027459060435492	0.0294278779391243	0.09954	0.0106766101361809	0.0101197432773762	3.6212032	MS	F	NA	serenelli17	4.90299669568045	4.24878634988913	1.14671693371034	7.67918051193968	A	3.8038666342849843	0.004951790807139922	0.0050089025374986385	0.7994783988379808	0.03213174171184019	0.034700349145416975
632	KIC5686856	1.14	0.14	0.11	1.78	0.09	0.08	6125	55	55	2.777	0.0705307105203809	0.0705307105203809	0.0	0.2	0.15	3.996	0.012	0.012	0.2032	0.0105	0.0101	3.7791787	MS	F	NA	C14sdss	10.9649122807018	4.7752808988764	0.897959183673469	2.53981672741739	A	3.78710609303657	0.003882382052245781	0.003917401961312628	0.4435758797502576	0.010892536877128267	0.011172776268940532
634	KIC5689820	1.15	0.11	0.11	2.34	0.09	0.1	5114	80	80	3.406	0.331252082841002	0.331252082841002	0.21	0.15	0.15	3.762	0.011	0.012	0.0904	0.003	0.003	4.4418892	PMS	K	NA	C14sdss	9.56521739130435	4.05982905982906	1.56433320297223	9.72554559133888	A	3.708760723690317	0.006741221602966974	0.0068475124779729946	0.5322446436265822	0.04030774897673983	0.044435127636930416
635	KIC5723165	1.316	0.093637599285757	0.0889550448260244	2.727	0.0797119815335185	0.0768960337078578	5290	91	91	5.587	0.537641971757728	0.537641971757728	-0.12	0.1	0.1	3.685	0.0072801098892805	0.0072801098892805	0.06474	0.0015473383889763	0.0015235130750997	4.3265212	PMS	G	NA	serenelli17	6.9374104905692	2.87143408950085	1.72022684310019	9.62308880898028	A	3.7234556720351857	0.007407320011308283	0.007535854601606218	0.7471786713601644	0.03990203486258914	0.043942505620649275
636	KIC5773155	1.429	0.0778331548891602	0.0792085853932514	1.896	0.0521536192416212	0.0521536192416212	6317	55	55	5.469	0.458863499927987	0.458863499927987	0.138	0.1	0.1	4.036	0.0131529464379659	0.0131529464379659	0.2091	0.0098167469662816	0.0095756559044276	3.6533227	MS	F	NA	serenelli17	5.49481246614456	2.7507183144315	0.870666455596011	8.39026330093228	A	3.800510876894368	0.003764890234726259	0.0037978136134713125	0.7379079233746387	0.034990271274335516	0.03805836508813243
637	KIC5773345	1.508	0.0448218696620299	0.0472016948848238	2.024	0.0183847763108502	0.0198494332412792	6214	61	61	5.275	0.432457782163645	0.432457782163645	0.255	0.1	0.1	4.003	0.0063245553203367	0.0063245553203367	0.1816	0.0016526938615484	0.0014767518545781	3.7208392	MS	F	NA	serenelli17	3.05117919585059	0.944520986959719	0.981654328934664	8.19825179457146	A	3.7933712489189557	0.004242481234120188	0.004284333830927078	0.7222224639697303	0.034220243745555545	0.03714904833316246
638	KIC5774694	1.06	0.05	0.06	1.0	0.03	0.03	5875	84	84	0.953	0.0616863833418763	0.0616863833418763	0.07	0.09	0.09	4.463	0.017	0.019	1.0618	0.0611	0.0614	3.9430537	MS	G	NA	C14bruntt	5.18867924528302	3.0	1.42978723404255	6.4728628900185	A	3.7690078709437738	0.006165514481013101	0.00625430601039989	-0.02090709936167361	0.027238931728769972	0.02906235931828351
640	KIC5822889	1.671	0.148499158246773	0.128996123972777	4.26	0.143265487818944	0.124354332453679	5220	68	68	15.12	1.55894911264093	1.55894911264093	-0.11	0.101	0.101	3.401	0.010295630140987	0.010295630140987	0.02157	0.0004693528416873	0.0004915303449432	4.3724062	PMS	G	NA	serenelli17	8.30326996467832	3.14107770273031	1.30268199233716	10.310510004239	A	3.717670503002262	0.005620943475321827	0.005694648650506284	1.1795517911651876	0.042616892489120595	0.04725844552079628
641	KIC5866724	1.199	0.029	0.03	1.399	0.012	0.012	6169	50	50	2.577	0.103	0.095	0.131	0.0721110255092798	0.0721110255092798	4.224	0.005	0.007	0.437468929763511	0.0049712378382217	0.0056814146722533	3.7503367	MS	F	p	silva15	2.4603836530442	0.857755539671194	0.810504133571081	3.84167636786962	A	3.7902147702439795	0.0035057865695438117	0.0035343170473307595	0.41111441855090475	0.017020375477884098	0.01631264138819377
642	KIC5892169	1.557	0.0888875694346516	0.104292856898256	3.188	0.0813203541556479	0.0948314293892062	5295	79	79	7.103	0.671893670373448	0.671893670373448	-0.003	0.1	0.1	3.622	0.0082462112512353	0.0082462112512353	0.04799	0.0014902319584547	0.0013780610617821	4.3232437	PMS	G	NA	serenelli17	6.20361035108886	2.76273186237224	1.49197355996223	9.45929424712725	A	3.7238659644435037	0.00643169765364604	0.006528381719639764	0.851441814672055	0.03925264364600445	0.04315612455930373
643	KIC5939450	1.53	0.1	0.09	2.88	0.07	0.06	6282	84	84	11.37	0.90844011539364	0.90844011539364	-0.18	0.09	0.09	3.701	0.017	0.013	0.0639	0.0018	0.0017	3.6762652	MS	F	NA	C14bruntt	6.20915032679739	2.25694444444444	1.33715377268386	7.98979872817625	A	3.798097932062486	0.0057687022224981455	0.005846360159222019	1.0557604646877348	0.033382731734061144	0.03616401927995394
644	KIC5950854	0.956	0.0492036584005702	0.0476340214552582	1.233	0.0214009345590327	0.0206155281280883	5913	61	61	1.875	0.157345852339323	0.157345852339323	-0.238	0.1	0.1	4.236	0.0086023252670426	0.0086023252670426	0.5096	0.0063772862567082	0.0064109471999073	3.9181447	MS	G	NA	serenelli17	5.06473221003287	1.70383060369509	1.03162523253847	8.39177879143054	A	3.771807878999106	0.004457339269003491	0.004503561545832646	0.27300127206373764	0.034996343448528866	0.038065549636724816
645	KIC5955122	1.211	0.0434165866921848	0.0505667875190821	2.085	0.0370135110466435	0.0410487515035476	5930	55	55	4.782	0.394463274426921	0.394463274426921	-0.246	0.101	0.101	3.882	0.0063245553203367	0.0063245553203367	0.1337	0.0028427398755426	0.0027982896562007	3.9070012	PMS	G	NA	serenelli17	3.88040355950731	1.87199670384151	0.927487352445194	8.24891832762278	A	3.7730546933642626	0.004009461378166712	0.004046822420488816	0.679609571779756	0.034423565379290366	0.037388807058700624
646	KIC5961597	1.465	0.0685930025585701	0.0776208734813001	1.923	0.0449444101084885	0.0449444101084885	6492	53	53	6.678	0.526709025362363	0.526709025362363	0.051	0.1	0.1	4.035	0.0126491106406735	0.0136014705087354	0.2054	0.0084384918676265	0.0082416046981155	3.5386102	MS	F	NA	serenelli17	4.99023467712867	2.33720281375395	0.816389402341343	7.88722709437501	A	3.8123785111541943	0.003531139732580346	0.0035600860620701447	0.824646414718352	0.03297003105188179	0.03568014376830897
647	KIC6034893	1.811	0.165517370689605	0.20137527157027	4.169	0.202871880752361	0.225488358901297	5381	79	79	12.9	1.2298643645133	1.2298643645133	-0.144	0.101	0.101	3.454	0.0131529464379659	0.014142135623731	0.02493	0.0015840143970305	0.0015268551372019	4.2668707	PMS	G	NA	serenelli17	10.1295594218629	5.13744590613645	1.46812860063185	9.53383228304883	A	3.730862992046494	0.006329650658243313	0.006423268649419445	1.110589710299249	0.03954828268687871	0.043513806661667376
648	KIC6035199	1.156	0.176663521984591	0.158028478446133	3.367	0.225204351645345	0.210667985227941	5271	69	69	6.838	0.705242879803216	0.705242879803216	-0.46	0.1	0.1	3.446	0.014560219778561	0.014560219778561	0.03023	0.0019154487750916	0.0018643894469772	4.3389757	PMS	G	NA	serenelli17	14.4762975964846	6.47271067527897	1.30904951622083	10.3135840860371	A	3.7218930162149575	0.005648240813598715	0.0057226683551037105	0.8349290964605759	0.04262899503637341	0.047273331095926574
649	KIC6047087	1.096	0.0615873363606513	0.0607453701939498	1.315	0.0277308492477241	0.0268328157299975	6189	61	61	2.129	0.176385379791107	0.176385379791107	-0.188	0.1	0.1	4.239	0.0116619037896906	0.0116619037896906	0.4817	0.0135540879811222	0.0139027048087773	3.7372267	MS	F	NA	serenelli17	5.58087164938873	2.07466406759398	0.985619647762159	8.2848933673606	A	3.791620482692814	0.004259534651261276	0.004301726068266731	0.32817566143832255	0.03456787320138832	0.03755912466968897
650	KIC6049366	1.212	0.0672681202353686	0.0657951365983839	1.822	0.0866487160897379	0.0800562302385017	6220	62	62	4.637	0.392941597752257	0.392941597752257	-0.143	0.099	0.099	3.998	0.0294278779391243	0.0304138126514911	0.1992	0.02324625957009	0.0202833474554867	3.7169062	MS	F	NA	serenelli17	5.48940828522081	4.57477898815147	0.996784565916399	8.47404782730767	A	3.7937903846908188	0.004307547371667386	0.004350700123639584	0.6662370958958044	0.03532584663106264	0.0384557443235678
651	KIC6064910	1.4	0.15	0.13	2.37	0.1	0.09	6508	75	75	8.907	0.76773077848419	0.76773077848419	-0.26	0.2	0.15	3.836	0.015	0.015	0.1057	0.004	0.004	3.5281222	MS	F	NA	C14sdss	10.0	4.0084388185654	1.15242778119238	8.61940921167835	A	3.8134475442648212	0.0049763108272573575	0.005033992864452941	0.9497314523157071	0.03590743630593818	0.03914603849656828
652	KIC6106120	1.36	0.14	0.16	2.74	0.11	0.13	5329	58	58	6.953	0.631647514765045	0.631647514765045	-0.04	0.15	0.2	3.692	0.015	0.017	0.0657	0.0024	0.0023	4.3009567	PMS	G	NA	C14sdss	11.0294117647059	4.37956204379562	1.08838431225371	9.08453206910751	A	3.726645720240912	0.004701255305043173	0.004752704025954291	0.8421722293856158	0.03776317301471077	0.04136222166750403
653	KIC6106415	1.0681	0.0513	0.0399	1.2186	0.018	0.018	6037	77	77	1.765	0.121	0.112	-0.04	0.1	0.1	4.2955	0.0088	0.0088	0.592842837866629	0.010651232156807	0.0115872452240608	3.8368627	MS	F	NA	silva17	4.26926317760509	1.47710487444609	1.27546794765612	6.60056657223796	A	3.780821175853473	0.005504258536596751	0.005574916113236572	0.24674470972384135	0.028796978677468194	0.02847185615239392
654	KIC6116048	1.059	0.0382753184180093	0.0399624824053762	1.239	0.0164012194668567	0.0164012194668567	6072	49	49	1.657	0.121907720037962	0.121907720037962	-0.253	0.099	0.099	4.276	0.0064031242374328	0.0064031242374328	0.5572	0.0051146195205508	0.005461329600015	3.8139202	MS	F	NA	serenelli17	3.69394715880007	1.32374652678424	0.806982872200264	7.3571345828583	A	3.783331762887424	0.0034906166117636417	0.003518899716843382	0.21932250841933676	0.030830911436502628	0.033188020805674096
655	KIC6119013	1.57	0.19	0.23	3.51	0.21	0.26	5447	73	73	8.699	0.822037204862387	0.822037204862387	-0.32	0.1	0.15	3.543	0.011	0.011	0.0365	0.0029	0.0025	4.2236077	PMS	G	NA	C14sdss	13.3757961783439	6.6951566951567	1.34018725904167	9.449789686888	A	3.736157375273132	0.005781702456066906	0.0058597131759823284	0.9394693308435301	0.03921493138671184	0.043110536650663334
656	KIC6129877	1.115	0.0676756972627545	0.070178344238091	1.328	0.0384837628097877	0.0384837628097877	6064	72	72	2.353	0.200690221794277	0.200690221794277	-0.048	0.1	0.1	4.238	0.0158113883008419	0.0167630546142402	0.4746	0.025305566897424	0.022265309699171	3.8191642	MS	F	NA	serenelli17	6.18179558299756	2.8978737055563	1.18733509234828	8.52912119822683	A	3.782759192623997	0.0051261583169273095	0.005187387932587217	0.3716219271760213	0.03554628637589141	0.03871714843296942
657	KIC6145937	1.065	0.0711688133946324	0.0702281994643178	2.278	0.0760591874792257	0.0760591874792257	5391	58	58	6.04	0.555170770025493	0.555170770025493	-0.313	0.101	0.101	3.751	0.0092195444572928	0.0101980390271856	0.09028	0.0037474241820215	0.0037006604815897	4.2603157	PMS	G	NA	serenelli17	6.63835741121832	3.33885809829788	1.07586718605083	9.19156904015717	A	3.7316693318286362	0.004647476075472667	0.004697748145759739	0.7810369386211319	0.038189106677409934	0.04187382824810271
658	KIC6196457	1.209	0.019	0.03	1.716	0.012	0.012	5871	94	94	3.316	0.185	0.164	0.19	0.0721110255092798	0.0721110255092798	4.049	0.004	0.005	0.237909239400611	0.0028407073361267	0.0028407073361267	3.9456757	MS	G	p	silva15	2.02646815550041	0.699300699300699	1.60109010390053	5.26236429433052	A	3.7687120803776635	0.006898367628697333	0.007009712836250959	0.5206145218782359	0.02357758888679673	0.02202831306071823
659	KIC6225718	1.1593	0.0304	0.0304	1.2336	0.012	0.015	6313	76	76	2.137	0.094	0.09	-0.07	0.1	0.1	4.3186	0.0066	0.0055	0.618341737092536	0.0117995880974363	0.0126837582558057	3.6559447	MS	F	NA	silva17	2.6222720607263	1.0943579766537	1.20386504039284	4.30510060832943	A	3.800235789327354	0.005197098804786027	0.005260045276222147	0.3298045221640694	0.0186950481197683	0.01868667950156372
660	KIC6232600	1.132	0.0590762219509677	0.0590762219509677	1.312	0.0246981780704569	0.0246981780704569	6435	70	70	2.61	0.199951274588325	0.199951274588325	-0.294	0.1	0.1	4.255	0.010295630140987	0.010295630140987	0.5006	0.0113514906950585	0.0108355129550935	3.5759737	MS	F	NA	serenelli17	5.21874752217029	1.88248308463849	1.08780108780109	7.6609683750316	A	3.8085485512404054	0.004698749657199741	0.004750143250731309	0.41664050733828095	0.03205828183338666	0.034614684280631136
662	KIC6278762	0.739	0.009	0.011	0.748	0.006	0.003	5046	74	74	0.341	0.02	0.016	-0.482	0.0721110255092798	0.0721110255092798	4.56	0.003	0.002	1.77402173141112	0.0127831830125701	0.0177544208507919	4.4864632	MS	K	p	silva15	1.3531799729364	0.601604278074866	1.46650812524772	5.27859237536657	A	3.702947246181556	0.00632271479427482	0.006416126211948647	-0.4672456210075022	0.024752822913160222	0.0208710180136234
663	KIC6287060	1.157	0.0798811617341661	0.0782368199762746	1.488	0.0470106370941726	0.0452769256906871	6020	53	53	3.112	0.271405410100712	0.271405410100712	-0.016	0.1	0.1	4.155	0.017464249196573	0.0183847763108502	0.3492	0.0204484546115348	0.0220271604161771	3.8480062	MS	F	NA	serenelli17	6.8331020618168	3.10106057744824	0.880398671096345	8.72125353794062	A	3.7795964912578244	0.0038067898647389242	0.003840453413726408	0.4930395883176513	0.03631445109632908	0.03963033274791172
664	KIC6290627	1.257	0.103580886267689	0.0987623410010111	3.564	0.109110036201992	0.109110036201992	5247	69	69	8.033	0.772120955635893	0.772120955635893	-0.309	0.105	0.105	3.433	0.0101980390271856	0.0101980390271856	0.02777	0.0005964065727337	0.0005928000084345	4.3547077	PMS	G	NA	serenelli17	8.04865661371124	3.06144882721639	1.31503716409377	9.61186301053022	A	3.719911064198339	0.005673908072355349	0.005749018099485692	0.9048777669634046	0.0398575592688426	0.04388856485746351
665	KIC6308642	1.189	0.0528393792544916	0.0644748012792595	2.303	0.0441021541423999	0.0492442890089805	5610	56	56	5.766	0.515821436010661	0.515821436010661	-0.259	0.101	0.101	3.787	0.0086023252670426	0.0094339811320566	0.09721	0.002494884766878	0.0024564954711946	4.1167612	PMS	G	NA	serenelli17	4.93331289040164	2.02662707666914	0.998217468805704	8.94591460302915	A	3.7489628612561616	0.004313708928256776	0.004356985841922789	0.760874638052189	0.03721094914283174	0.04070056359166929
666	KIC6313425	1.426	0.0474341649025257	0.0621691241694782	2.671	0.0482597140480546	0.0499299509312797	5763	85	85	7.254	0.667054601208631	0.667054601208631	-0.078	0.103	0.103	3.737	0.0072111025509279	0.0072111025509279	0.07462	0.0018593614495304	0.0018151542634167	4.0164697	PMS	G	NA	serenelli17	3.84303257615722	1.83806935565957	1.47492625368732	9.19567964169604	A	3.760648619581356	0.006358744368447855	0.006453231391517988	0.8605775512444155	0.03820545572321388	0.041893487788008166
667	KIC6363365	1.12	0.13	0.11	1.41	0.06	0.05	6282	76	76	4.057	0.854109437523083	0.854109437523083	-0.58	0.15	0.1	4.188	0.016	0.016	0.3993	0.0138	0.0136	3.6762652	MS	F	NA	C14sdss	10.7142857142857	3.90070921985816	1.20980579433301	21.0527344718532	A	3.798097932062486	0.005222591516267805	0.00528616081433908	0.6082050077043262	0.08297460420834757	0.10266290791791854
668	KIC6370489	1.211	0.0581377674149945	0.0615223536610881	2.002	0.034828149534536	0.0374833296279826	6302	80	80	5.209	0.448219506848109	0.448219506848109	-0.452	0.1	0.1	3.918	0.0086023252670426	0.0086023252670426	0.151	0.0023491753872369	0.0023412680324986	3.6631552	MS	F	NA	serenelli17	4.94055000314131	1.8059809980649	1.26943827356395	8.60471312820329	A	3.799478398837981	0.0054784010195105814	0.005548392065296337	0.7167543574326971	0.035848672777285984	0.039076199652906096
669	KIC6421967	1.24	0.1	0.11	1.27	0.04	0.05	6464	73	73	2.237	0.18956809924424	0.18956809924424	-0.12	0.15	0.15	4.321	0.015	0.017	0.6012	0.0252	0.0238	3.5569642	MS	F	NA	C14sdss	8.46774193548387	3.54330708661417	1.12933168316832	8.47421096308626	A	3.8105013477665297	0.004877137199388315	0.004932530217974129	0.3496659840966297	0.03532649977268121	0.038456518410369456
670	KIC6430804	1.12	0.11	0.11	3.18	0.13	0.13	5076	67	67	6.632	0.643277737965113	0.643277737965113	0.06	0.1	0.1	3.481	0.009	0.009	0.0347	0.0012	0.0012	4.4667982	PMS	K	NA	C14sdss	9.82142857142857	4.08805031446541	1.31993695823483	9.69960401033041	A	3.705521613422667	0.005694910898423	0.005770581733152813	0.8216445175422171	0.04020505987700118	0.04431034519312427
671	KIC6442183	1.08	0.05	0.05	1.71	0.03	0.03	5760	84	84	2.577	0.220611380297771	0.220611380297771	-0.11	0.09	0.09	4.006	0.009	0.008	0.2168	0.004	0.004	4.0184362	MS	G	NA	C14bruntt	4.62962962962963	1.75438596491228	1.45833333333333	8.560783092657	A	3.760422483423212	0.006287723839047299	0.006380096637775612	0.41111441855090475	0.035672967404012434	0.038867501929004344
672	KIC6448798	1.4	0.22	0.12	2.4	0.14	0.1	6349	67	67	9.553	0.859532225356941	0.859532225356941	-0.16	0.15	0.15	3.829	0.017	0.017	0.1023	0.006	0.0058	3.6323467	MS	F	NA	C14sdss	12.1428571428571	5.0	1.05528429673964	8.99751099504806	A	3.802705327074352	0.004559028201755133	0.004607395011865911	0.9801397777457546	0.03741658075293497	0.040946729147771754
674	KIC6450651	1.1	0.18	0.12	1.72	0.11	0.09	5995	69	69	3.177	0.273070117588635	0.273070117588635	-0.12	0.15	0.15	4.01	0.02	0.021	0.2171	0.0166	0.016	3.8643937	MS	G	NA	C14sdss	13.6363636363636	5.81395348837209	1.15095913261051	8.59521931346033	A	3.7777891874348675	0.0049700051891297115	0.005027540290835297	0.5020172148271475	0.03581070673087561	0.03903108904202007
676	KIC6505044	1.33	0.06	0.11	3.83	0.09	0.14	4996	81	81	8.369	0.841100227148035	0.841100227148035	0.14	0.1	0.15	3.395	0.009	0.009	0.0238	0.0007	0.0007	4.5192382	PMS	K	NA	C14sdss	6.39097744360902	3.00261096605744	1.6212970376301	10.0501879214725	A	3.6986224297020978	0.006984733702507295	0.007098907533943155	0.9226735678585543	0.04159078849035591	0.045999739637427095
677	KIC6508366	1.544	0.0532634959423431	0.0623698645180507	2.173	0.0280178514522438	0.0325269119345812	6499	46	46	6.936	0.569259634721573	0.569259634721573	-0.03	0.099	0.099	3.952	0.0064031242374328	0.0064031242374328	0.1504	0.00159920761629	0.0014223481606132	3.5340217	MS	F	NA	serenelli17	3.74460364185213	1.39311466605672	0.707801200184644	8.20731883969973	A	3.812846536967071	0.0030631139197034862	0.0030848718599463254	0.8411090844681539	0.03425663622526054	0.037191944707340885
678	KIC6520835	1.328	0.0587962583843564	0.0574891294072192	2.144	0.034828149534536	0.0340587727318528	6146	50	50	7.205	0.572534041791144	0.572534041791144	0.032	0.1	0.1	3.898	0.0106301458127346	0.0106301458127346	0.1347	0.0033238354351562	0.0032992758296329	3.7654132	MS	F	NA	serenelli17	4.37821490179125	1.60650471703332	0.813537260006508	7.94634339751761	A	3.7885925559203595	0.0035188531668088885	0.00354759758881551	0.8576339851500081	0.03320793551529644	0.03595895554954087
679	KIC6521045	1.108	0.021	0.019	1.513	0.009	0.012	5825	75	75	2.478	0.112	0.112	0.102	0.0721110255092798	0.0721110255092798	4.125	0.004	0.004	0.32242028265038	0.0028407073361267	0.00426106100419	3.9758287	MS	G	p	silva15	1.80505415162455	0.69398545935228	1.28755364806867	4.51977401129944	A	3.7652959296980564	0.005556081944087854	0.0056280850084258205	0.3941013020400447	0.019198462041207176	0.020086561748133114
681	KIC6529109	1.19	0.0524309069156733	0.0566038867923396	1.828	0.0310644491340181	0.0327566787083184	5806	90	90	3.483	0.301768721633351	0.301768721633351	0.072	0.099	0.099	3.989	0.01	0.01	0.1947	0.0048855236157447	0.0048762748076785	3.9882832	MS	G	NA	serenelli17	4.58129385327786	1.74565448146435	1.55012056493283	8.66404598430524	A	3.763877031495655	0.006680443355340238	0.006784811376722377	0.5419534744582363	0.03608587146840414	0.039358230604822686
682	KIC6530901	1.3	0.0502493781056045	0.0530377224247045	1.559	0.02343074902772	0.0242074368738204	6374	53	53	3.626	0.303046763941749	0.303046763941749	0.018	0.1	0.1	4.165	0.01	0.01	0.3424	0.0074552137460974	0.0073334156434774	3.6159592	MS	F	NA	serenelli17	3.97258078962727	1.52784432012637	0.831502980859743	8.35760518317012	A	3.804412059137714	0.0035962407726861656	0.0036262688099513163	0.5594277997594899	0.03485939810321759	0.03790357026674318
683	KIC6531928	0.957	0.0756108457828637	0.0728010988928052	2.602	0.0828733974204026	0.0819328993750374	5333	64	64	4.773	0.454074366658957	0.454074366658957	-0.719	0.103	0.103	3.588	0.0094868329805051	0.0094868329805051	0.0543	0.0014999697630285	0.0014836688613029	4.2983347	PMS	G	NA	serenelli17	7.75402009799733	3.16691577239508	1.20007500468779	9.51339548835024	A	3.7269715836828765	0.005180834382337185	0.005243385110088372	0.6787914343662439	0.03946724457211759	0.043415708278383924
684	KIC6587236	1.45	0.16	0.16	3.0	0.17	0.16	6067	60	60	12.52	1.13685734603614	1.13685734603614	-0.3	0.15	0.15	3.643	0.02	0.021	0.0534	0.0045	0.0045	3.8171977	PMS	F	NA	C14sdss	11.0344827586207	5.5	0.988956650733476	9.08033023990524	A	3.782973994944048	0.004273885387905629	0.004316362996692913	1.0976043288744108	0.037746444094963305	0.041342150395692334
685	KIC6592305	1.362	0.0565862174031804	0.0537587202228624	2.248	0.0410487515035476	0.0394081209904761	6132	55	55	6.92	0.596243013590098	0.596243013590098	0.06	0.1	0.1	3.868	0.010295630140987	0.010295630140987	0.1199	0.0036611528239067	0.0036575543741686	3.7745902	MS	F	NA	serenelli17	4.05084205675635	1.78952118536529	0.896934116112198	8.61622852008812	A	3.7876021461823375	0.0038779698376631977	0.003912909835021239	0.8401060944567578	0.03589471871668082	0.03913092223660086
686	KIC6593461	0.94	0.2	0.11	1.29	0.08	0.06	5817	101	101	2.059	0.178590730236283	0.178590730236283	0.24	0.15	0.15	4.193	0.026	0.023	0.4394	0.0208	0.0201	3.9810727	MS	G	NA	C14sdss	16.4893617021277	5.42635658914729	1.73629018394361	8.67366344032456	A	3.7646990637983677	0.007475897026246514	0.0076068436794352046	0.31365634661803143	0.036124307578667025	0.03940396317578587
687	KIC6593620	0.985	0.0560802995712398	0.0543783044972901	1.581	0.0434626276242015	0.0416293165929973	5791	60	60	2.585	0.222583044657376	0.222583044657376	-0.26	0.1	0.1	4.033	0.0152315462117278	0.0152315462117278	0.249	0.0129682353849705	0.0120459922380848	3.9981157	MS	G	NA	serenelli17	5.60703573951928	2.69107982976593	1.03609048523571	8.61056265599132	A	3.762753564933374	0.004476533177344422	0.00452315647562429	0.4124605474299613	0.035872063559831247	0.03910399647949375
688	KIC6603624	1.007	0.0393954312071844	0.0393954312071844	1.15	0.0156524758424985	0.0156524758424985	5612	66	66	1.237	0.107553688677933	0.107553688677933	0.2	0.1	0.1	4.319	0.0063245553203367	0.0063245553203367	0.6613	0.0062786076481971	0.006135080626202	4.1154502	MS	G	NA	serenelli17	3.91215801461613	1.36108485586944	1.17605131860299	8.69472018414976	A	3.7491176623563223	0.005077725833515956	0.005137797114479259	0.09236969962912069	0.03620844886477563	0.03950410824236465
689	KIC6605673	1.135	0.0895377015563835	0.0605392434706612	1.65	0.039	0.032649655434629	6222	60	60	3.612	0.307113151273186	0.307113151273186	-0.258	0.1	0.1	4.058	0.0143178210632764	0.0116619037896906	0.2528	0.0069700136298288	0.0068329976584219	3.7155952	MS	F	NA	serenelli17	6.61131916418699	2.17120167983724	0.964320154291225	8.50257893890327	A	3.7939300067726847	0.004167925289801477	0.004208312791762925	0.5577477416414682	0.03544006081702933	0.03859114675015385
690	KIC6612225	1.186	0.065	0.0681175454637056	1.783	0.0490407993409569	0.0498196748283246	6374	54	54	5.549	0.478999685729615	0.478999685729615	-0.337	0.1	0.1	4.009	0.0111803398874989	0.0111803398874989	0.209	0.0094834015521858	0.0092955766362286	3.6159592	MS	F	NA	serenelli17	5.61203817300614	2.77230718365904	0.847191716347662	8.63218031590583	A	3.804412059137714	0.003663808953592973	0.003694980855328822	0.7442147248141658	0.035958496186441424	0.039206738560536025
691	KIC6671492	1.413	0.0651152823843988	0.0666033032213869	2.445	0.0496487663492256	0.0470106370941726	6103	103	103	8.403	0.739168990260694	0.739168990260694	0.067	0.1	0.1	3.81	0.0125299640861417	0.0125299640861417	0.09654	0.0035700523805681	0.0035228626144089	3.7935997	MS	F	NA	serenelli17	4.66095490466333	1.97667491704291	1.68769457643782	8.79648923313928	A	3.785543369956593	0.007268401291554039	0.007392119572949607	0.9244343635432307	0.03661488128794177	0.03998844371841914
692	KIC6679371	1.5279	0.0399	0.019	2.2143	0.024	0.024	6479	77	77	7.741	0.257	0.266	0.01	0.1	0.1	3.9336	0.0077	0.0066	0.141852851359989	0.0032987713940771	0.0034173709253604	3.5471317	MS	F	NA	silva17	1.92748216506316	1.08386397507113	1.18845500848896	3.37811652241313	A	3.811507979945327	0.005130964953134587	0.00519231013721333	0.8887970674566807	0.014184332340822059	0.015185870460213469
693	KIC6688822	1.263	0.0442831796509691	0.0488466989672793	2.204	0.0402492235949962	0.0420475920832573	5563	61	61	6.434	0.623788808095426	0.623788808095426	0.147	0.1	0.1	3.852	0.010295630140987	0.010295630140987	0.1179	0.0039896929706432	0.0039548615652131	4.1475697	PMS	G	NA	serenelli17	3.68685188512464	1.86698765150303	1.09653064893043	9.69519440620805	A	3.745309059940828	0.004736252070939528	0.004788473887163303	0.808481056565951	0.04018760215465034	0.04428913797737066
694	KIC6689943	1.178	0.0640312423743285	0.0746257328272225	1.479	0.0382753184180093	0.0391152144312159	6011	54	54	3.222	0.274607079184668	0.274607079184668	-0.002	0.1	0.1	4.168	0.0120830459735946	0.013	0.3628	0.0142389588453651	0.0132735168286329	3.8539057	MS	F	NA	serenelli17	5.88527059429334	2.6163128076141	0.898353019464315	8.52287644893444	A	3.778946727968617	0.003884077233974992	0.003919127869772332	0.5081255360831992	0.035521296417828974	0.03868750000691695
695	KIC6693861	1.149	0.053	0.0504777178564959	2.121	0.0403112887414927	0.0388973006775534	5937	80	80	4.675	0.414114387013456	0.414114387013456	-0.402	0.102	0.102	3.844	0.0072111025509279	0.0072111025509279	0.1203	0.0026914696728739	0.0026837615393324	3.9024127	PMS	G	NA	serenelli17	4.50294681707989	1.8672463323679	1.34748189321206	8.85806175429853	A	3.7735670489260587	0.005812962565597157	0.0058918248980988075	0.6697816152085365	0.03686059732528946	0.04028173984768857
696	KIC6766513	1.271	0.0523450093132096	0.0537401153701776	2.054	0.0339705755029261	0.0339705755029261	6594	77	77	6.876	0.643260766853105	0.643260766853105	-0.397	0.102	0.102	3.916	0.0080622577482985	0.0080622577482985	0.1465	0.0031939463051216	0.0031781669245022	3.4717492	MS	F	NA	serenelli17	4.17329365394914	1.6538741724891	1.16772823779193	9.35515949466411	A	3.8191489428071344	0.005041997845448787	0.005101221811534717	0.8373358680150148	0.038839278340285444	0.042656910860608965
697	KIC6802438	1.231	0.0756439025963098	0.0830060238777885	2.665	0.0595063021872474	0.065	5313	59	59	6.116	0.584509277680401	0.584509277680401	-0.298	0.1	0.1	3.676	0.0089442719099991	0.0098488578017961	0.06501	0.0009909576176608	0.0009914729698786	4.3114447	PMS	G	NA	serenelli17	6.44394502331837	2.33595313672134	1.11048371917937	9.55705162982997	A	3.725339815909737	0.004796188086940489	0.004849747459685805	0.7864674767402825	0.039640336121856135	0.04362528843167335
698	KIC6806100	1.257	0.0841486779456457	0.0884590300647707	2.222	0.10252804494381	0.0950789145920377	5286	83	83	6.069	0.692748476209255	0.692748476209255	0.237	0.1	0.1	3.842	0.0224722050542442	0.0234093998214393	0.1141	0.0099244269355968	0.0095866883750333	4.3291432	PMS	G	NA	serenelli17	6.86585950717647	4.44660124968155	1.57018539538403	11.4145407185575	A	3.7231271587956916	0.006766245167546092	0.006873332899655082	0.7831171374904671	0.046941874336202005	0.052637558836234444
699	KIC6837853	1.146	0.0757429864739964	0.0779871784333809	1.376	0.051	0.0492442890089805	5886	57	57	2.122	0.177657336346075	0.177657336346075	0.154	0.1	0.1	4.218	0.0206155281280883	0.0215870331449229	0.4385	0.0303283448278999	0.0303480691313302	3.9358432	MS	G	NA	serenelli17	6.70724977780879	3.64259771108214	0.968399592252803	8.37216476654454	A	3.769820257763592	0.004185472494617315	0.004226202444146843	0.32674537956532185	0.03491774861712521	0.037972573800267195
700	KIC6848299	0.897	0.0596824932455071	0.0588302643203309	1.737	0.0595063021872474	0.0586003412959344	5437	60	60	2.884	0.261056342355572	0.261056342355572	-0.368	0.101	0.101	3.911	0.012369316876853	0.012369316876853	0.1712	0.0089819313067958	0.0088844764617843	4.2301627	PMS	G	NA	serenelli17	6.6060622946398	3.39973067021249	1.10354975170131	9.05188427030415	A	3.735359333001711	0.0047664039640196165	0.004819296524591898	0.4599952560473914	0.03763317400573846	0.04120629425495109
701	KIC6853020	1.515	0.0980815986819138	0.134525090596513	2.092	0.0708307842678591	0.0708307842678591	6437	56	56	7.406	0.598470001515005	0.598470001515005	0.125	0.1	0.1	3.973	0.0186815416922694	0.0196468827043885	0.164	0.0101566972978424	0.0099350201308301	3.5746627	MS	F	NA	serenelli17	7.67678842503059	3.38579274702959	0.869970483144322	8.08088038772624	A	3.808683509128969	0.0037618937437868816	0.0037947645065776747	0.8695837077134237	0.033748873634016796	0.03659414390813576
703	KIC6933899	1.126	0.0360555127546399	0.0377359245282264	1.591	0.0220227155455452	0.0226715680975093	5841	56	56	3.008	0.275374420546736	0.275374420546736	-0.045	0.1	0.1	4.085	0.0070710678118654	0.0070710678118654	0.2794	0.0048997802246631	0.0049163647230448	3.9653407	MS	G	NA	serenelli17	3.27670680652159	1.4045972232261	0.958739941790789	9.15473472562286	A	3.766487206239694	0.004143921538112494	0.0041838429519254206	0.47827783191960466	0.038042578529941584	0.0416977025749366
704	KIC6947945	1.176	0.0657951365983839	0.0630713881248859	2.258	0.0626258732474047	0.0626258732474047	5572	74	74	4.524	0.418723434260531	0.418723434260531	-0.144	0.103	0.103	3.802	0.0092195444572928	0.0092195444572928	0.1026	0.0040957515793807	0.0040127054464538	4.1416702	PMS	G	NA	serenelli17	5.47901890830229	2.77351077269286	1.32806891600861	9.25560199514879	A	3.746011107751926	0.0057297660589745725	0.005806372244476332	0.6555225962534177	0.038443714321697686	0.042180176106458855
705	KIC7019341	0.98	0.2	0.12	1.39	0.1	0.08	5723	77	77	2.351	0.220003794667945	0.220003794667945	0.38	0.1	0.1	4.145	0.02	0.02	0.365	0.0257	0.0244	4.0426897	MS	G	NA	C14sdss	16.3265306122449	6.47482014388489	1.34544819150795	9.35788152564631	A	3.757623745908389	0.005804247654548345	0.005882872097488612	0.37125262912493934	0.038850088514472414	0.042669952758844554
706	KIC7038145	1.471	0.0771038261048049	0.0667083203206317	2.459	0.0758946638440411	0.0627694193059009	6074	58	58	8.695	0.807294838872495	0.807294838872495	0.257	0.1	0.1	3.823	0.0167630546142402	0.0158113883008419	0.09879	0.0050209871539369	0.0049123395648102	3.8126092	MS	F	NA	serenelli17	4.88824427006922	2.81952182086096	0.954889693776753	9.28458699105802	A	3.7834747875822465	0.004127358600090947	0.00416695999866068	0.9392695863387313	0.038558915318947506	0.042318917834647585
708	KIC7103006	1.512	0.0424381903478459	0.0441021541423999	1.967	0.0178044938147649	0.0194164878389476	6421	51	51	5.368	0.425013971914842	0.425013971914842	0.071	0.099	0.099	4.03	0.0053851648071345	0.0063245553203367	0.1986	0.0017227930810169	0.0017864335979823	3.5851507	MS	F	NA	serenelli17	2.86178387864569	0.946135781741547	0.794268805482012	7.91754791197545	A	3.8076026699164944	0.0034358386877215707	0.003463237581144085	0.7298125071609357	0.03309206879508675	0.03582312428140377
709	KIC7106245	1.056	0.0458802789878178	0.0449221548904324	1.158	0.0183575597506858	0.0183575597506858	6074	54	54	1.575	0.133722995601902	0.133722995601902	-0.188	0.1	0.1	4.333	0.0080622577482985	0.0072111025509279	0.6796	0.0061766166304863	0.0062097072394759	3.8126092	MS	F	NA	serenelli17	4.29935766468988	1.58528149833211	0.889035232136977	8.4903489271049	A	3.7834747875822465	0.0038439690423008877	0.003878296324422159	0.19728055812561932	0.0353911059806159	0.038533100614738136
710	KIC7107778	1.408	0.100284595028349	0.104235310715707	2.929	0.0870976463516667	0.0929623579735368	5129	82	82	11.05	1.08309976097905	1.08309976097905	0.034	0.1	0.1	3.652	0.0092195444572928	0.0092195444572928	0.05599	0.0014721671949884	0.0014310528466831	4.4320567	PMS	K	NA	serenelli17	7.262780743752	3.07374537939917	1.59875219341002	9.80180779166564	A	3.7100326990657537	0.006888374101007511	0.006999394332067865	1.0433622780211296	0.04060949045543616	0.044802166691013445
711	KIC7133688	1.418	0.0813203541556479	0.0966074531286277	1.932	0.0639531078212779	0.0621771662268393	6400	63	63	6.589	0.59660481336717	0.59660481336717	0.028	0.1	0.1	4.015	0.0196468827043885	0.0215870331449229	0.1949	0.0136514664413754	0.0122982655687703	3.5989162	MS	F	NA	serenelli17	6.27390011580661	3.26424104679392	0.984375	9.05455779886432	A	3.806179973983887	0.004254181938785795	0.0042962668586472574	0.8188195075475364	0.037643821088785945	0.041219061047950034
712	KIC7174470	1.412	0.22155134844997	0.122674365700418	2.266	0.0962548700066651	0.080156097709407	6119	84	84	6.988	0.592399743671777	0.592399743671777	0.192	0.1	0.1	3.882	0.0228254244210267	0.021095023109729	0.1228	0.0060694647210441	0.0059424002726171	3.7831117	MS	F	NA	serenelli17	12.1892958268551	3.89256327705366	1.37277332897532	8.47738614298479	A	3.7866804531966487	0.00592132796831768	0.006003178763280825	0.8443528963108934	0.0353392119456033	0.038471585060362745
713	KIC7174707	1.161	0.0530377224247045	0.0644049687524185	2.133	0.0408044115262063	0.0473814309619285	5381	69	69	3.695	0.342340919330916	0.342340919330916	-0.006	0.1	0.1	3.844	0.0072111025509279	0.0072111025509279	0.1197	0.0022802441996417	0.0022833591132364	4.2668707	PMS	G	NA	serenelli17	5.05782477076326	2.06717867998441	1.28228953726073	9.26497751910464	A	3.730862992046494	0.005533510230148586	0.005604925686532702	0.5676144427308445	0.03848098072773165	0.042225048834305334
715	KIC7206837	1.355	0.0510881590977792	0.0495782210249622	1.573	0.0178044938147649	0.0178044938147649	6392	59	59	3.725	0.309186928457774	0.309186928457774	0.128	0.1	0.1	4.176	0.0067082039324993	0.0067082039324993	0.3482	0.0027197624896303	0.0025757416407706	3.6041602	MS	F	NA	serenelli17	3.71462657279488	1.13188136139637	0.923028785982478	8.30032022705433	A	3.805636766305935	0.003990275588114933	0.004027278278615931	0.5711262770843116	0.03462974076786007	0.037632180939417115
717	KIC7216846	1.515	0.115870617500728	0.127769323391806	3.219	0.0956347217280419	0.105004761796787	5124	84	84	6.887	0.66826034278076	0.66826034278076	0.073	0.102	0.102	3.601	0.010770329614269	0.0117046999107196	0.04531	0.0010522903459121	0.0010443078914285	4.4353342	PMS	K	NA	serenelli17	8.0409221416678	3.11648778385879	1.63934426229508	9.70321392160244	A	3.7096091210726487	0.007061854487486752	0.007178584627123286	0.8380300829853201	0.04021935107490393	0.04432770719764567
718	KIC7264595	1.316	0.0858836422143355	0.0806225774829855	2.692	0.135723984615837	0.132853302555864	5778	59	59	8.618	0.773937538338362	0.773937538338362	-0.252	0.103	0.103	3.696	0.0251793566240283	0.0261725046566048	0.06719	0.0074176940486919	0.0066532616061597	4.0066372	PMS	G	NA	serenelli17	6.32622415263378	4.98843401136147	1.02111457251644	8.98047735365934	A	3.7617775375081783	0.004412155801981399	0.00445744096150591	0.935406489752349	0.03734870585847483	0.040865446489522506
720	KIC7282890	1.596	0.0944139820153774	0.215615398336946	2.393	0.0750732975164938	0.10770329614269	6341	47	47	8.587	0.730976121479442	0.730976121479442	-0.014	0.099	0.099	3.877	0.0130384048104053	0.0156524758424985	0.1156	0.0026511606892076	0.0026906930334023	3.6375907	MS	F	NA	serenelli17	9.71269988572442	3.81898440574977	0.741208011354676	8.51259021170889	A	3.8021577531869615	0.003207154279484037	0.0032310146097600523	0.9338414628987213	0.03548013027905261	0.038638668072226934
721	KIC7296438	1.159	0.0403608721412211	0.0550726792520575	1.393	0.02	0.0233452350598575	5749	56	56	2.202	0.188867863577406	0.188867863577406	0.268	0.0721110255092798	0.0721110255092798	4.213	0.0058309518948453	0.0076157731058639	0.4279	0.0056071183329764	0.0057844360139948	4.0256467	MS	G	p	serenelli17	4.11706433965827	1.55582322540766	0.974082449121586	8.57710552122642	A	3.759592308645975	0.004209915428617705	0.004251124834427689	0.34281731463573295	0.035738259930504	0.03894503292352319
722	KIC7376493	0.997	0.0591692487699481	0.0549181208709839	1.494	0.0368917334913934	0.0360555127546399	5803	73	73	2.293	0.202475320082968	0.202475320082968	-0.123	0.101	0.101	4.087	0.010770329614269	0.010770329614269	0.299	0.0092073425047621	0.009184336230779	3.9902497	MS	G	NA	serenelli17	5.72153308129047	2.44134023581102	1.25797001550922	8.83014915320401	A	3.7636525705645303	0.005429216553688665	0.0054979485971404785	0.36040405472993886	0.036749224379121925	0.04014875570238485
723	KIC7383120	1.105	0.0813019064967114	0.0754519714785505	1.393	0.0541294744108974	0.0523259018078045	6048	58	58	2.549	0.220573734765004	0.220573734765004	-0.112	0.1	0.1	4.194	0.0182482875908947	0.0182482875908947	0.4091	0.0271589981589896	0.0269457674041769	3.8296522	MS	F	NA	serenelli17	7.09293565498923	3.82108313778543	0.958994708994709	8.65334385111826	A	3.78161178249315	0.004145017469492807	0.00418496010383862	0.4063698354692675	0.03604309645260828	0.03930734587760287
724	KIC7386523	1.195	0.0586941223633168	0.0633245607959503	2.053	0.082975900115636	0.0781024967590665	5796	67	67	5.513	0.495608239488584	0.495608239488584	-0.06	0.102	0.102	3.889	0.0231948270094864	0.0241867732448957	0.1376	0.0125146444216366	0.0119100052476899	3.9948382	PMS	G	NA	serenelli17	5.10538423260531	3.92300041097668	1.1559696342305	8.98981025736594	A	3.763128376799137	0.004991517385660504	0.00504955454952416	0.741387992479269	0.03738589651071289	0.0409099801926226
725	KIC7429287	0.937	0.053	0.05131276644267	1.498	0.0368917334913934	0.0360555127546399	5802	60	60	2.599	0.234262776568488	0.234262776568488	-0.381	0.1	0.1	4.058	0.0111803398874989	0.0111803398874989	0.2784	0.0097011019992576	0.0096527577406666	3.9909052	MS	G	NA	serenelli17	5.56631624560672	2.43482130327214	1.03412616339193	9.01357355015344	A	3.7635777244666455	0.004468089635771388	0.004514536306158501	0.4148062795010126	0.03748057638943858	0.04102339182855319
726	KIC7448374	1.307	0.0474236228055175	0.0438292140016222	2.315	0.0389486841883009	0.0389486841883009	5676	59	59	5.717	0.502026740918901	0.502026740918901	0.107	0.1	0.1	3.824	0.0094339811320566	0.0094339811320566	0.1052	0.003237899473424	0.0031617112455124	4.0734982	PMS	G	NA	serenelli17	3.49092719231598	1.68244856104971	1.03946441155743	8.78129685007699	A	3.7540423867854362	0.004491035451850145	0.004537962909294091	0.7571681922142726	0.036554232006961174	0.03991610638619947
728	KIC7465072	1.15	0.22	0.11	1.66	0.1	0.08	6192	55	55	4.49	0.388140707520046	0.388140707520046	0.06	0.15	0.15	4.061	0.034	0.033	0.2532	0.026	0.0245	3.7352602	MS	F	NA	C14sdss	14.3478260869565	5.42168674698795	0.888242894056848	8.64455918752888	A	3.791830947674836	0.003840558271185568	0.0038748243909041413	0.6522463410033232	0.03600798216138901	0.03926558247161427
729	KIC7510397	1.3683	0.0209	0.0209	1.8574	0.018	0.018	6171	77	77	4.924	0.178	0.14	-0.21	0.1	0.1	4.0359	0.0044	0.0066	0.213393935089837	0.0044208507918471	0.0046516582629074	3.7490257	MS	F	NA	silva17	1.52744281224878	0.969096586626467	1.24777183600713	3.22908204711617	A	3.7903555464143865	0.005385474454857153	0.005453096527731738	0.6923180442592788	0.015422410014492516	0.012526873278924322
730	KIC7529180	1.352	0.0672681202353686	0.0679411510058521	1.455	0.0325576411921994	0.0325576411921994	6682	58	58	3.766	0.297722752359854	0.297722752359854	-0.024	0.1	0.1	4.243	0.0098488578017961	0.0098488578017961	0.4384	0.0133242373140079	0.013271446793775	3.4140652	MS	F	NA	serenelli17	5.00034287134692	2.23763856991061	0.868003591739	7.90554307912519	A	3.8249064713021124	0.0037534252332074303	0.003786147525288719	0.575880315680646	0.03304375484828448	0.035766508794712326
731	KIC7530690	1.35	0.07	0.09	1.34	0.04	0.04	6836	62	62	3.41	0.283974195472475	0.283974195472475	-0.04	0.15	0.15	4.311	0.013	0.014	0.5547	0.0304	0.0261	3.3131182	MS	F	NA	C14sdss	5.92592592592593	2.98507462686567	0.906963136337039	8.32768901678813	A	3.834802054048699	0.003921135982672741	0.0039568617400878026	0.5327543789924978	0.034739478326382356	0.03776182030687997
732	KIC7534011	1.177	0.0434165866921848	0.0487544869729956	1.899	0.043081318457076	0.043081318457076	5491	60	60	5.232	0.474982312750135	0.474982312750135	0.292	0.099	0.099	3.95	0.0114017542509914	0.0114017542509914	0.1714	0.007211301477542	0.0071093924494291	4.1947657	PMS	G	NA	serenelli17	3.91550865187682	2.2686318302831	1.09269714077581	9.07840811831297	A	3.7396514437093766	0.004719783622483931	0.004771640916749309	0.7186677353162109	0.03773879125641655	0.041332969126341546
733	KIC7584900	1.269	0.0932308961664533	0.0904709898254684	3.632	0.115550854605234	0.114634200830293	4955	71	71	10.71	1.21772618469253	1.21772618469253	0.284	0.101	0.101	3.42	0.0063245553203367	0.0072801098892805	0.02647	0.0006877582424078	0.000676244755987	4.5461137	PMS	K	NA	serenelli17	7.23805697367698	3.16884712879305	1.43289606458123	11.3699923874186	A	3.695043658821294	0.006178825435263047	0.00626800354844903	1.0297894708318556	0.04676818997508625	0.0524192133933874
734	KIC7591963	1.2	0.0520096144957834	0.056859475903318	1.833	0.0478852795752515	0.0478852795752515	5966	61	61	4.338	0.384319148615083	0.384319148615083	0.011	0.1	0.1	3.99	0.0152315462117278	0.0152315462117278	0.1945	0.0100104400003197	0.0099547733776314	3.8834032	MS	G	NA	serenelli17	4.53621209996256	2.6123993221632	1.02246061012404	8.85936257757222	A	3.7756832490260437	0.004417942441867773	0.0044633470765100824	0.6372895476781745	0.03686578699140308	0.04028793835972566
735	KIC7611858	1.128	0.103469802357983	0.0678011799307357	1.54	0.0626258732474047	0.0588727441181401	5926	58	58	2.849	0.251522846436934	0.251522846436934	0.021	0.099	0.099	4.119	0.0269258240356725	0.0288617393793236	0.311	0.0287839058503185	0.0280820963604927	3.9096232	MS	G	NA	serenelli17	7.59179886031553	3.94476030407613	0.978737765777928	8.82846073839713	A	3.772761647144032	0.004229937712372678	0.0042715419727872295	0.4546924492394769	0.036742486586997136	0.04014071288519039
736	KIC7622208	1.39	0.11	0.19	1.92	0.07	0.1	6606	99	99	6.48	0.616787232798933	0.616787232798933	0.0	0.15	0.15	4.008	0.013	0.014	0.1942	0.0086	0.0084	3.4638832	MS	F	NA	C14sdss	10.7913669064748	4.42708333333333	1.49863760217984	9.51832149381069	A	3.8199385693553953	0.006460212832222201	0.00655776262153962	0.8115750058705934	0.03948677906711329	0.04343935150419298
737	KIC7628676	1.426	0.110440028975005	0.119104995697074	3.117	0.0960468635614927	0.105759160359753	5182	69	69	7.8	0.944434209902323	0.944434209902323	-0.07	0.1	0.1	3.603	0.0104403065089106	0.0114017542509914	0.04704	0.0013240126033119	0.0013000128359862	4.3973152	PMS	K	NA	serenelli17	8.04856327742213	3.23718357268601	1.33153222693941	12.1081308961836	A	3.714497408649806	0.005744609637250875	0.005821615923269352	0.8920946026904804	0.04963711192849796	0.05605129974621259
738	KIC7668623	1.389	0.0771038261048049	0.0708378429936993	2.291	0.0552177507691141	0.046690470119715	6277	48	48	8.698	0.736795260527855	0.736795260527855	-0.004	0.1	0.1	3.859	0.0125299640861417	0.010816653826392	0.1151	0.0030926805525304	0.0030439612349699	3.6795427	MS	F	NA	serenelli17	5.32547404962218	2.22409910276799	0.764696511072168	8.47085836431197	A	3.7977521286507105	0.003308401197144928	0.0033337977765697246	0.9394194033293172	0.03531307688040397	0.03844061045156688
739	KIC7670943	1.239	0.04	0.051	1.417	0.015	0.021	6463	110	110	3.039	0.167	0.173	-0.071	0.0721110255092798	0.0721110255092798	4.228	0.008	0.008	0.437468929763511	0.006391591506285	0.0071017683403167	3.5576197	MS	F	p	silva15	3.67231638418079	1.27028934368384	1.70199597710042	5.59394537676867	A	3.810434155922673	0.007329476357694986	0.007455300587411173	0.4827307000799429	0.023232817938183103	0.025454514018617203
740	KIC7680114	1.096	0.0509901951359278	0.0439089968002003	1.409	0.0228035085019828	0.0212602916254693	5800	56	56	2.222	0.200872572946127	0.200872572946127	0.058	0.1	0.1	4.179	0.0080622577482985	0.0072111025509279	0.3914	0.0055260772705419	0.0055185564235586	3.9922162	MS	G	NA	serenelli17	4.32934269781606	1.56365507904372	0.96551724137931	9.04016979955566	A	3.7634279935629373	0.004173074487398232	0.00421356232869341	0.3467440546048488	0.03758651911928623	0.04115035904018627
741	KIC7700968	0.866	0.0876641317757725	0.0765571681816928	1.148	0.0557853027239254	0.0509607692249636	5982	75	75	1.73	0.201858942294638	0.201858942294638	-0.517	0.204	0.204	4.255	0.0296141857899217	0.0305941170815567	0.5761	0.0596389897969441	0.050883800015329	3.8729152	MS	G	NA	serenelli17	9.48159930470354	4.64921916153698	1.25376128385155	11.6681469534473	A	3.7768464086952993	0.005411164968002424	0.005479437837518475	0.2380461031287954	0.04792930941675941	0.053882658734936056
742	KIC7739672	1.228	0.120154067763018	0.0732461603089199	1.733	0.0554616984954482	0.0501198563445667	6069	55	55	4.124	0.348405035166823	0.348405035166823	0.085	0.099	0.099	4.054	0.0228473193175917	0.0228473193175917	0.239	0.0143338654939971	0.0128544155837595	3.8158867	MS	F	NA	serenelli17	7.87460212019293	3.04620758338185	0.906244850881529	8.44823072664459	A	3.7831171374904673	0.00391804453575606	0.003953713725968644	0.6153186566114789	0.035222471131926336	0.03833325837232826
743	KIC7747078	1.1	0.06	0.06	1.93	0.04	0.04	5840	84	84	4.465	0.382422650898996	0.382422650898996	-0.26	0.09	0.09	3.907	0.01	0.01	0.1523	0.0031	0.0031	3.9659962	MS	G	NA	C14bruntt	5.45454545454545	2.07253886010363	1.43835616438356	8.56489699661804	A	3.7664128471123997	0.006202202736771412	0.006292061847831931	0.6498214632245652	0.03568942465392266	0.038887041531836974
744	KIC7771282	1.321	0.054817880294663	0.0524976189936268	1.656	0.0240416305603426	0.0240416305603426	6407	74	74	4.198	0.356885410974872	0.356885410974872	-0.033	0.1	0.1	4.12	0.0072111025509279	0.0072111025509279	0.2907	0.0033447955094444	0.0030726869349154	3.5943277	MS	F	NA	serenelli17	4.06190383377327	1.45178928504484	1.1549867332605	8.50131993746718	A	3.8066547239918607	0.004987297461290563	0.00504523596454165	0.6230424342463817	0.03543502148474775	0.038585170913804756
745	KIC7799349	1.372	0.0859069263796581	0.080049984384758	2.823	0.071805292284065	0.0698569967862919	5038	71	71	4.84	0.467917817087872	0.467917817087872	0.195	0.1	0.1	3.673	0.0072801098892805	0.0072801098892805	0.06089	0.0012333832697097	0.0012277566086158	4.4917072	PMS	K	NA	serenelli17	6.0479923747965	2.5090734868997	1.40928940055578	9.66772349355106	A	3.702258163162094	0.006077739520169434	0.006164003166870824	0.6848453616444125	0.040078828384166654	0.04415704476889937
746	KIC7799430	1.038	0.0792464510246358	0.073348483283569	2.693	0.0794292137692424	0.0764852927038918	5120	66	66	4.657	0.459168031387782	0.459168031387782	-0.159	0.101	0.101	3.593	0.0092195444572928	0.0092195444572928	0.05314	0.0011053334014676	0.0011033412565475	4.4379562	PMS	K	NA	serenelli17	7.3504303616669	2.8948107403107	1.2890625	9.85973870276533	A	3.709269960975831	0.00556255145750173	0.005634723391934937	0.6681062379327313	0.04083856173356426	0.04508118733689981
747	KIC7800289	1.486	0.0765767588763066	0.0759275970909129	2.858	0.0512249938994628	0.0518555686498567	6422	53	53	12.69	1.03555484700381	1.03555484700381	-0.362	0.101	0.101	3.697	0.0092195444572928	0.0084852813742385	0.06365	0.000962192673013	0.0009481929445002	3.5844952	MS	F	NA	serenelli17	5.13137133133309	1.8033688339629	0.825288072251635	8.16040068560921	A	3.8076703012304836	0.003569471522805845	0.0035990523448221623	1.1034616220947047	0.034068287466151315	0.03697001971884406
748	KIC7833440	1.09	0.0579827560572969	0.0571401785086466	1.654	0.0348855270850248	0.0348855270850248	6327	59	59	3.976	0.3465628096346	0.3465628096346	-0.467	0.103	0.103	4.038	0.0120830459735946	0.0120830459735946	0.2408	0.0079172056307765	0.0078538044920917	3.6467677	MS	F	NA	serenelli17	5.2808685580708	2.1091612506061	0.932511458827248	8.71636845157444	A	3.801197834459149	0.004031079744276855	0.004068846662596659	0.5994463757252757	0.03629493684637175	0.039607090653060895
749	KIC7870112	1.151	0.10255242561734	0.085146931829632	1.605	0.0760065786626395	0.0734982993000518	5656	79	79	2.854	0.249733138261562	0.249733138261562	0.351	0.099	0.099	4.088	0.0294278779391243	0.0294278779391243	0.2791	0.0282133745588861	0.0283405152387884	4.0866082	MS	G	NA	serenelli17	8.15375140951224	4.6574728337287	1.3967468175389	8.75028515282277	A	3.752509400788843	0.006024021448443495	0.006108756297281914	0.45545396877862815	0.03643040438653772	0.039768484027552675
750	KIC7871531	0.789	0.0480832611206852	0.0440454310910905	0.857	0.0170293863659264	0.015556349186104	5378	57	57	0.7271	0.0719136479515017	0.0719136479515017	-0.474	0.139	0.139	4.469	0.0086023252670426	0.0078102496759066	1.254	0.0094272634947793	0.0093436182499072	4.2688372	MS	G	NA	serenelli17	5.83832016551177	1.90115143244052	1.05987355894385	9.89047558128204	A	3.730620797887283	0.00457875053503054	0.004627538962560518	-0.13840585535613475	0.04096005291719079	0.045229302429598495
751	KIC7880676	1.436	0.125207827231368	0.137277092043793	2.054	0.0773886296557834	0.0748865809073962	6269	56	56	6.669	0.584602537774424	0.584602537774424	0.048	0.099	0.099	3.96	0.0187882942280559	0.0196977156035922	0.1618	0.0088687169872535	0.0086853938310245	3.6847867	MS	F	NA	serenelli17	9.13944704997077	3.70679675178139	0.893284415377253	8.76596997712436	A	3.797198269838959	0.0038622600088964454	0.0038969162258442047	0.824060717418653	0.0364930372472545	0.03984314089811858
752	KIC7910848	1.274	0.0700071424927486	0.103831594420966	1.637	0.0564623768539724	0.0546260011349907	6074	56	56	3.745	0.314117072361303	0.314117072361303	0.11	0.1	0.1	4.111	0.0230867927612304	0.0240416305603426	0.2869	0.0270083029640887	0.012393241262882	3.8126092	MS	F	NA	serenelli17	6.82255639378786	3.39304758671237	0.921962462956865	8.3876387813432	A	3.7834747875822465	0.00398568693616852	0.0040226041781847854	0.5734518220354853	0.03497975530970732	0.03804592320051936
753	KIC7914731	1.427	0.0796052762070455	0.0840951841665146	2.793	0.141661568535718	0.119369175250565	5633	67	67	9.674	0.900165862671944	0.900165862671944	-0.047	0.103	0.103	3.701	0.0253179778023443	0.0253179778023443	0.06535	0.0066152554750364	0.0065620887680676	4.1016847	PMS	G	NA	serenelli17	5.73582552114786	4.67294564601294	1.18941949227765	9.30500168153756	A	3.7507397512353506	0.005135104437140825	0.0051965492373264865	0.9856060830524365	0.03864003526161852	0.04241666291330748
754	KIC7938112	1.37	0.13	0.17	1.84	0.07	0.09	6520	70	70	7.203	0.779587287365598	0.779587287365598	-0.22	0.15	0.15	4.043	0.018	0.02	0.219	0.013	0.0125	3.5202562	MS	F	NA	C14sdss	10.9489051094891	4.34782608695652	1.07361963190184	10.8230915919145	A	3.81424759573192	0.004637818862089471	0.004687881096652635	0.8575134147766897	0.0446302613497892	0.04974758787991029
755	KIC7940546	1.3987	0.0304	0.0114	1.9414	0.027	0.009	6235	77	77	6.189	0.023	0.257	-0.2	0.1	0.1	4.0073	0.0011	0.0033	0.19157304168738	0.0008571834386762	0.0029649882820822	3.7070737	MS	F	NA	silva17	1.49424465575177	0.927165962707325	1.23496391339214	2.26207788010987	A	3.7948364578145615	0.005330532386802478	0.005396773247382303	0.791620482692814	0.0016109643637068904	0.018419340336469636
756	KIC7970740	0.728	0.0304	0.0095	0.7628	0.006	0.006	5309	77	77	0.429	0.025	0.022	-0.54	0.1	0.1	4.5386	0.0055	0.0044	1.65760457353881	0.0223180171862794	0.0276649385697039	4.3140667	MS	G	NA	silva17	2.74038461538462	0.786575773466177	1.45036730080995	5.47785547785548	A	3.725012725341157	0.006253623734334912	0.006344990024945929	-0.36754270781527576	0.0245985606723797	0.022862882959504227
757	KIC7976303	1.133	0.0484664832642105	0.0447772263544762	1.979	0.0358468966578698	0.034132096331752	6304	46	46	5.37	0.457695667316105	0.457695667316105	-0.577	0.102	0.102	3.899	0.0076157731058639	0.0076157731058639	0.146	0.0028939012353568	0.0028814557709602	3.6618442	MS	F	NA	serenelli17	4.11490333710003	1.76803923672617	0.729695431472081	8.52319678428501	A	3.7996162044814987	0.0031575208104768215	0.003180645671324367	0.7299742856995556	0.03552257835647943	0.03868902082560133
758	KIC8006161	0.9788	0.0304	0.0304	0.9247	0.012	0.009	5488	77	77	0.688	0.047	0.049	0.34	0.1	0.1	4.4935	0.0066	0.0066	1.23063205738229	0.0209665506711171	0.0197507279312549	4.1967322	MS	G	NA	silva17	3.10584389047814	1.13550340651022	1.4030612244898	6.97674418604651	A	3.7394141026986953	0.006051065972031644	0.006136568766113459	-0.16241156176448873	0.028698900848683623	0.03208758007711118
759	KIC8012842	1.107	0.0694046107978425	0.0670074622710038	1.305	0.0490407993409569	0.0462385120867876	5849	58	58	1.931	0.163391808131305	0.163391808131305	0.152	0.1	0.1	4.251	0.0237697286480094	0.0237697286480094	0.4971	0.0390999687467906	0.0383260741010608	3.9600967	MS	G	NA	serenelli17	6.16134024701203	3.65054833056492	0.991622499572577	8.46151259095313	A	3.7670816213633223	0.004285349494458579	0.004328056429948379	0.28578227377939475	0.035275656759252816	0.038396268174086534
760	KIC8016496	1.5	0.10555093557141	0.133809566175218	2.081	0.109128364782031	0.100344406919369	6446	73	73	6.152	0.590682772861468	0.590682772861468	0.088	0.1	0.1	3.972	0.0281602556806574	0.0291547594742265	0.164	0.0178791710098651	0.0167524701462202	3.5687632	MS	F	NA	serenelli17	7.97868339155427	5.0329834623114	1.13248526217809	9.60147550164936	A	3.8092903011763157	0.004890679863871039	0.00494638269644998	0.7890163267933746	0.03981640084461824	0.043838658102667405
761	KIC8018599	1.687	0.0580517010948	0.0594138031100518	3.415	0.0574282160614449	0.0574282160614449	6013	62	62	15.11	1.30464053950302	1.30464053950302	0.064	0.1	0.1	3.598	0.0072111025509279	0.0072111025509279	0.04234	0.00103251306045	0.0009882122494687	3.8525947	PMS	F	NA	serenelli17	3.4814909367176	1.68164615114041	1.03109928488275	8.63428550299813	A	3.7790912038454993	0.004455078424850267	0.004501253580704745	1.1792644643390253	0.035966912313929233	0.03921674516541773
762	KIC8019508	1.477	0.0578013840664737	0.0635137780328017	2.61	0.0403112887414927	0.041182520563948	6211	55	55	9.85	0.868727966273648	0.868727966273648	0.052	0.1	0.1	3.772	0.0094339811320566	0.0094339811320566	0.08283	0.0020430531074839	0.0020197735021531	3.7228057	MS	F	NA	serenelli17	4.10680982055773	1.56118408631113	0.885525680244727	8.8195732616614	A	3.793161529245551	0.0038288613001355998	0.0038629180861100565	0.9934362304976118	0.03670701847790758	0.04009837956472129
763	KIC8026226	1.503	0.0580517010948	0.0551543289325507	2.836	0.0424264068711929	0.0403608721412211	6319	54	54	11.41	0.911453845344609	0.911453845344609	-0.272	0.103	0.103	3.709	0.0064031242374328	0.0064031242374328	0.06578	0.0010064535210331	0.0009895692497243	3.6520117	MS	F	NA	serenelli17	3.76600232958585	1.45957826185497	0.854565595822124	7.98820197497467	A	3.8006483553639883	0.003695563115877487	0.00372728003381928	1.0572856444182146	0.033376310143879095	0.0361564825603542
764	KIC8027956	1.178	0.0534134814442946	0.0558032257132148	1.728	0.0493963561409139	0.0475394572960188	5967	70	70	3.431	0.298165152476544	0.298165152476544	0.042	0.1	0.1	4.033	0.0167630546142402	0.0167630546142402	0.2277	0.0132280249470584	0.0135603039788937	3.8827477	MS	G	NA	serenelli17	4.63568366542909	2.80485571287421	1.17311882017764	8.69032796492405	A	3.775756037844098	0.005065138009375136	0.005124910066291566	0.5354207180561734	0.03619089920724805	0.03948321710991265
765	KIC8045442	1.477	0.0559464029227975	0.0648845127900333	2.996	0.0684470598345904	0.0693541635375988	5853	76	76	9.93	0.891637467428875	0.891637467428875	-0.138	0.1	0.1	3.65	0.013	0.013	0.05478	0.0024968598278637	0.0026373344497806	3.9574747	PMS	G	NA	serenelli17	4.09041691648039	2.2997533940619	1.29847941226721	8.97922927924345	A	3.7673785241141804	0.0056029262307832894	0.0056761565727678764	0.9969492484953811	0.037343732170079025	0.04085949141417289
766	KIC8077137	1.117	0.04	0.049	1.632	0.018	0.009	6072	75	75	3.183	0.293	0.202	-0.032	0.0721110255092798	0.0721110255092798	4.056	0.013	0.01	0.256373837085434	0.00426106100419	0.0071017683403167	3.8139202	MS	F	p	silva15	3.98388540734109	0.827205882352941	1.23517786561265	7.77568331762488	A	3.783331762887424	0.005331450233433621	0.00539771404964462	0.502836638621003	0.03824312915562578	0.02847466258837228
767	KIC8106950	1.054	0.0651920240520265	0.0626817357768593	1.676	0.0904433524367601	0.0828733974204026	6098	63	63	3.457	0.313045756900715	0.313045756900715	-0.385	0.101	0.101	4.011	0.0310644491340181	0.0330605505096331	0.2223	0.0263225719867949	0.0255450248776547	3.7968772	MS	F	NA	serenelli17	6.06611763894145	5.17054743010629	1.03312561495572	9.05541674575399	A	3.785187420029362	0.004463788764047738	0.004510145595994164	0.5386993795424068	0.037647241710838664	0.04122316282201377
768	KIC8114155	1.063	0.0596405902049938	0.058821764679411	1.538	0.0540832691319598	0.0512640224719052	5761	60	60	2.673	0.237112104909079	0.237112104909079	0.019	0.1	0.1	4.089	0.0215870331449229	0.022561028345357	0.2914	0.0234370906044244	0.0229752152547044	4.0177807	MS	G	NA	serenelli17	5.57207689954867	3.42481442145205	1.04148585315049	8.87063617317914	A	3.760497875226527	0.004499724058353749	0.004546834222394658	0.42699895875653726	0.03691076067804033	0.04034166152136487
769	KIC8150065	1.22	0.0444184646290256	0.0559464029227975	1.408	0.0174928556845359	0.0219317121994613	6265	58	58	2.811	0.236825362985485	0.236825362985485	-0.033	0.1	0.1	4.227	0.0072111025509279	0.0080622577482985	0.437	0.004788384383067	0.0049517076852334	3.6874087	MS	F	NA	serenelli17	4.11331424392718	1.40002016633513	0.925778132482043	8.4249506576124	A	3.796921075330169	0.004002106483049328	0.004039329944772074	0.4488608456074407	0.035129233180665465	0.038222838657183456
770	KIC8172589	1.14	0.15	0.17	2.15	0.13	0.14	5600	58	58	4.954	0.462932411792715	0.462932411792715	-0.2	0.2	0.15	3.827	0.024	0.024	0.1145	0.0105	0.0097	4.1233162	PMS	G	NA	C14sdss	14.0350877192982	6.27906976744186	1.03571428571429	9.34461872815331	A	3.7481880270062002	0.004474916114771688	0.0045215055599872045	0.6949560022498181	0.03879741458741448	0.04260641123417763
771	KIC8174170	1.25	0.13	0.2	2.18	0.12	0.16	5983	64	64	2.899	0.668392808888767	0.668392808888767	-0.04	0.15	0.15	3.859	0.016	0.016	0.1216	0.0095	0.0085	3.8722597	MS	G	NA	C14sdss	13.2	6.42201834862385	1.06969747618252	23.0559782300368	A	3.7769190028420465	0.004620965763895146	0.00467066287019291	0.46224821535499744	0.09010271717940882	0.11382511739423407
772	KIC8174981	1.227	0.0558032257132148	0.055	1.984	0.0416773319683494	0.0425440947723653	6065	53	53	5.635	0.472254111606762	0.472254111606762	-0.099	0.1	0.1	3.932	0.0125299640861417	0.0125299640861417	0.1573	0.0062046705794909	0.0061556173532798	3.8185087	MS	F	NA	serenelli17	4.51520887176915	2.12251579487688	0.873866446826051	8.38072957598514	A	3.782830805202592	0.003778667446067807	0.003811833287721278	0.7508939203821253	0.03495207018401203	0.038013170888750225
773	KIC8176564	1.174	0.0452216762183801	0.068154236845555	1.526	0.0240831891575846	0.0316227766016838	6109	51	51	2.746	0.232140294724242	0.232140294724242	-0.126	0.0721110255092798	0.0721110255092798	4.14	0.0078102496759066	0.010295630140987	0.3296	0.0043370899229783	0.0043867409314888	3.7896667	MS	F	p	serenelli17	4.82861639965652	1.82522823588691	0.834833851694222	8.45376164327174	A	3.7859701251320095	0.0036105870324161238	0.003640856135172399	0.4387005329007363	0.03524461981341431	0.038359496195479514
774	KIC8179536	1.289	0.0442040722106007	0.0426380112106557	1.366	0.0164012194668567	0.0156204993518133	6418	50	50	2.624	0.222979865212947	0.222979865212947	0.031	0.1	0.1	4.276	0.0067082039324993	0.0058309518948453	0.5057	0.0036871400841302	0.0041233099568186	3.5871172	MS	F	NA	serenelli17	3.36858353069264	1.17209805339202	0.779058896852602	8.49770827793244	A	3.8073997127594854	0.0033702984748780196	0.0033966580298727678	0.4189638307036227	0.03542056497939389	0.038568028668150456
776	KIC8179973	1.229	0.0636317530797321	0.061057350089895	3.466	0.0662193325245732	0.0662193325245732	4949	60	60	7.016	0.695886219349467	0.695886219349467	0.174	0.0721110255092798	0.0721110255092798	3.447	0.0067082039324993	0.0076157731058639	0.02954	0.000223915743082	0.0002238464875757	4.5500467	PMS	K	p	serenelli17	5.07278694750314	1.91054046522139	1.21236613457264	9.9185607090859	A	3.694517453811156	0.005233577878358098	0.005297416547320299	0.8460895803579841	0.04107103303248538	0.04536468342625266
777	KIC8216936	1.378	0.0856329375882902	0.111503363177978	1.896	0.0896939239859646	0.0845990543682375	6437	50	50	9.234	0.780591872572674	0.780591872572674	-0.106	0.1	0.1	4.017	0.021095023109729	0.0240831891575846	0.1999	0.0280410501943133	0.0130431781403153	3.5746627	MS	F	NA	serenelli17	7.15298623970493	4.59633381735765	0.776759359950287	8.45345324423516	A	3.808683509128969	0.0033603888012576633	0.0033865929709842035	0.9653898702151223	0.03524338485219014	0.03835803315585484
779	KIC8228742	1.39	0.047169905660283	0.12459534501738	1.877	0.0259422435421457	0.0541294744108974	6130	51	51	4.252	0.384700415050111	0.384700415050111	-0.019	0.1	0.1	4.033	0.0078102496759066	0.0161554944214035	0.2097	0.0026206985118475	0.0028241816513815	3.7759012	MS	F	NA	serenelli17	6.17860613948429	2.13297064339486	0.831973898858075	9.0475168167947	A	3.787460474518415	0.0035982690734104317	0.003628331133973983	0.6285932558512591	0.037615780459952286	0.04118543933780605
780	KIC8241455	1.383	0.0608769250208977	0.0616198020120156	2.429	0.0490917508345343	0.0482597140480546	6262	66	66	9.402	0.792686091351386	0.792686091351386	-0.094	0.099	0.099	3.806	0.0120830459735946	0.0120830459735946	0.09617	0.0034408942514991	0.0033419000957539	3.6893752	MS	F	NA	serenelli17	4.42865969027163	2.00394122854238	1.05397636537847	8.43103692141444	A	3.7967130632808965	0.004553407208723659	0.004601654193728155	0.9732202468522337	0.0351536109330608	0.03825170370988884
781	KIC8249189	1.271	0.0700927956355002	0.0888144132446981	1.64	0.080529497701153	0.0769220384545288	6432	65	65	6.48	0.770738566464307	0.770738566464307	-0.187	0.1	0.1	4.111	0.0270739727413618	0.0290688837074973	0.2862	0.015057875979035	0.0123541259909392	3.5779402	MS	F	NA	serenelli17	6.25126706845784	4.80035171206347	1.01057213930348	11.8941136800047	A	3.808346035740395	0.004366831024973816	0.004411185876552981	0.8115750058705934	0.048807240562911414	0.05499507557325478
782	KIC8289241	1.214	0.0573846669416143	0.0668505796534331	1.364	0.043081318457076	0.042154477816716	6306	52	52	2.682	0.220423644931912	0.220423644931912	-0.004	0.1	0.1	4.251	0.0192353840616713	0.0192353840616713	0.4752	0.0335134596244554	0.0331348755241362	3.6605332	MS	F	NA	serenelli17	5.11677292401348	3.12447933554956	0.824611481129083	8.21862956494824	A	3.799753966411886	0.003566557166867934	0.003596089504971367	0.4284587735155801	0.034302029909358434	0.037245461917701284
783	KIC8292840	1.148	0.051	0.049	1.345	0.015	0.018	6239	94	94	2.636	0.148	0.142	-0.164	0.0721110255092798	0.0721110255092798	4.24	0.008	0.008	0.472977771465095	0.0071017683403167	0.0071017683403167	3.7044517	MS	F	p	silva15	4.35540069686411	1.22676579925651	1.50665170700433	5.50075872534143	A	3.7951149856303634	0.006494502396955593	0.006593098407890352	0.42094540592197227	0.02372382501655229	0.024048956779448405
784	KIC8298626	1.206	0.056302753041037	0.0631347764706584	1.378	0.0277308492477241	0.0295465734053883	6211	84	84	3.33	0.295233576406985	0.295233576406985	0.038	0.099	0.099	4.24	0.0117046999107196	0.0126491106406735	0.4597	0.0158928716410849	0.0153631692368469	3.7228057	MS	F	NA	serenelli17	4.95180470612336	2.07828093806649	1.3524392207374	8.86587316537492	A	3.793161529245551	0.005834205198330444	0.005913648913597136	0.5224442335063199	0.03689176020803875	0.04031896308626293
785	KIC8321567	1.073	0.0584123274660409	0.0576281181368956	1.586	0.0340587727318528	0.0340587727318528	5744	58	58	2.503	0.230610553671934	0.230610553671934	0.032	0.101	0.101	4.067	0.0114017542509914	0.0114017542509914	0.2686	0.0073346974034379	0.0072718991329638	4.0289242	MS	G	NA	serenelli17	5.40729010265315	2.14746360226058	1.00974930362117	9.21336610754831	A	3.759214431234244	0.004363293232401588	0.004407575879820769	0.39846084960822326	0.03827579286986871	0.04197808599478542
786	KIC8349582	1.068	0.021	0.019	1.417	0.012	0.009	5699	74	74	1.891	0.09	0.094	0.268	0.0721110255092798	0.0721110255092798	4.163	0.003	0.004	0.374973368368724	0.00426106100419	0.0035508841701583	4.0584217	MS	G	p	silva15	1.87265917602996	0.741002117148906	1.29847341638884	4.86515071390799	A	3.7557986569738304	0.005602900524800614	0.005676130190430229	0.2766915288450397	0.020192946693507352	0.02214345173606591
787	KIC8360349	1.727	0.114725759966975	0.114725759966975	2.656	0.066407830863536	0.0689420046125727	6258	49	49	9.716	0.765419363611993	0.765419363611993	0.153	0.099	0.099	3.826	0.0111803398874989	0.0122065556157337	0.09212	0.0014339554944279	0.0014066198349234	3.6919972	MS	F	NA	serenelli17	6.64306658754923	2.54800142086048	0.782997762863535	7.87792675599005	A	3.7964355588101744	0.0033872721831453845	0.0034138989641911976	0.9874875061330929	0.03293259140446103	0.035636296627246655
788	KIC8367710	1.455	0.0644437739428721	0.122772146678308	2.041	0.0339705755029261	0.0559464029227975	6352	66	66	6.585	0.565773538492933	0.565773538492933	0.014	0.1	0.1	3.98	0.0080622577482985	0.0117046999107196	0.171	0.0030015659729547	0.0029138958955323	3.6303802	MS	F	NA	serenelli17	6.43353679110585	2.20276772233522	1.03904282115869	8.59185328007491	A	3.8029104894190398	0.004489223340445658	0.004536112737478337	0.8185557792978027	0.03579724506662585	0.03901509619352639
789	KIC8377423	1.21	0.19	0.14	1.99	0.12	0.11	6059	57	57	6.765	0.601312885270374	0.601312885270374	0.24	0.15	0.15	3.928	0.032	0.031	0.156	0.0153	0.0157	3.8224417	MS	F	NA	C14sdss	13.6363636363636	5.77889447236181	0.940749298564119	8.88858662631743	A	3.7824009524965296	0.004066524243752756	0.004104961407696006	0.8302678009336417	0.036982360701801054	0.04042721627909329
790	KIC8379927	1.1194	0.0399	0.0399	1.1197	0.015	0.015	6067	120	120	1.624	0.104	0.101	-0.1	0.15	0.15	4.3879	0.0066	0.0077	0.796505929976564	0.0132227824728357	0.0146211206590441	3.8171977	MS	F	NA	silva17	3.56440950509201	1.33964454764669	1.97791330146695	6.3115763546798	A	3.782973994944048	0.0085061210759525	0.008676056444770541	0.21058602490515654	0.02695771323771798	0.027886121569113936
791	KIC8391021	1.26	0.1	0.11	1.54	0.05	0.05	6250	51	51	2.947	0.251913091070874	0.251913091070874	-0.22	0.2	0.15	4.163	0.01	0.011	0.3469	0.0111	0.011	3.6972412	MS	F	NA	C14sdss	8.33333333333333	3.24675324675325	0.816	8.54811981916775	A	3.7958800173440754	0.0035294622710515533	0.0035583809925019416	0.46938013584992516	0.03562230536545313	0.03880736133281837
792	KIC8394589	1.121	0.0574282160614449	0.0566127194188726	1.192	0.0240416305603426	0.0240416305603426	6251	54	54	1.847	0.164029888632896	0.164029888632896	-0.27	0.139	0.139	4.335	0.0092195444572928	0.0092195444572928	0.6622	0.0046886489525235	0.0047408763957732	3.6965857	MS	F	NA	serenelli17	5.0865716092916	2.01691531546498	0.863861782114862	8.88088189674587	A	3.7959494989028033	0.0037355920062971393	0.0037680027531243887	0.2664668954402414	0.036951629841670997	0.040390492229480324
793	KIC8408931	1.493	0.0746525284233562	0.0738782782690555	2.866	0.0532541078227774	0.0532541078227774	6252	120	120	11.63	1.02525741165987	1.02525741165987	-0.124	0.101	0.101	3.697	0.0125299640861417	0.0116619037896906	0.06335	0.0018764075143742	0.0018288032042841	3.6959302	MS	F	NA	serenelli17	4.97424000979276	1.85813355976195	1.91938579654511	8.81562692742792	A	3.7960189693471493	0.008256797781944769	0.008416823164811849	1.0655797147284485	0.03669126853322924	0.04007958349022256
794	KIC8414062	1.3	0.0721248916810278	0.0802807573457052	1.726	0.105304320899002	0.102459748194108	6578	61	61	3.12	0.281430926714807	0.281430926714807	-0.251	0.1	0.1	4.076	0.0421070065428546	0.0411096095821889	0.2525	0.0439975786265563	0.0353931861380125	3.4822372	MS	F	NA	serenelli17	5.86175573179742	6.01865785321871	0.927333536029188	9.02022201008997	A	3.8180938691466357	0.004008799500284432	0.0040461481510361	0.4941545940184428	0.037507062095079424	0.04105512727606403
795	KIC8416311	1.565	0.091438503924769	0.150479234447813	2.275	0.0760591874792257	0.0877268487978452	6446	60	60	8.627	0.726635065752401	0.726635065752401	0.131	0.1	0.1	3.915	0.0152970585407784	0.0152970585407784	0.132	0.0073672600062709	0.0071433868717856	3.5687632	MS	F	NA	serenelli17	7.7290012259611	3.59969310499057	0.930809804529941	8.42280127219661	A	3.8092903011763157	0.004023757769519243	0.004061386972889824	0.9358597980378804	0.03512062376491376	0.038212645320924166
796	KIC8420801	1.35	0.1	0.19	1.74	0.06	0.08	6506	73	73	4.674	0.40855015265179	0.40855015265179	0.07	0.15	0.15	4.08	0.017	0.02	0.2524	0.013	0.0127	3.5294332	MS	F	NA	C14sdss	10.7407407407407	4.02298850574713	1.12204119274516	8.74091041189111	A	3.813314058945835	0.004845827451350537	0.00490050754546667	0.6696887080562082	0.03639296472606901	0.039723868116861905
797	KIC8424992	0.929	0.0474236228055175	0.0474236228055175	1.052	0.0192353840616713	0.0192353840616713	5807	57	57	1.148	0.0997577347485686	0.0997577347485686	-0.127	0.101	0.101	4.362	0.0076157731058639	0.0076157731058639	0.7986	0.0071227296031788	0.0072322110726941	3.9876277	MS	G	NA	serenelli17	5.10480331598681	1.82845856099537	0.981573962459101	8.68969814883002	A	3.763951826033324	0.00424213559974751	0.004283981343693455	0.05994188806195468	0.03618838264066982	0.039480221537758806
798	KIC8435400	1.5	0.13	0.21	2.34	0.12	0.13	6322	59	59	9.416	0.822782257353369	0.822782257353369	0.14	0.15	0.1	3.863	0.016	0.016	0.114	0.0072	0.0071	3.6500452	MS	F	NA	C14sdss	11.3333333333333	5.34188034188034	0.933248971844353	8.73812932618276	A	3.800854491503561	0.004034253118830211	0.004072079802253548	0.9738664498353783	0.0363818573551854	0.039710633360972025
799	KIC8478994	0.81	0.019	0.011	0.772	0.003	0.006	5417	75	75	0.467	0.023	0.025	-0.248	0.0721110255092798	0.0721110255092798	4.57	0.003	0.002	1.76549960940274	0.0156238903486968	0.0177544208507919	4.2432727	MS	G	p	silva15	1.85185185185185	0.582901554404145	1.38453018275798	5.13918629550321	A	3.733758835587203	0.005971692977514653	0.006054951901848682	-0.33068311943388784	0.02087919946240152	0.023894611217020245
800	KIC8491374	1.38	0.14	0.19	1.95	0.09	0.1	6520	65	65	5.685	0.476353911087547	0.476353911087547	0.0	0.15	0.1	3.988	0.023	0.023	0.1822	0.0132	0.0127	3.5202562	MS	F	NA	C14sdss	11.9565217391304	4.87179487179487	0.996932515337423	8.37913651869037	A	3.81424759573192	0.004308183565882473	0.004351349129481097	0.7547304690237535	0.034945686566925094	0.03800561953001946
801	KIC8493735	1.374	0.0671192967781993	0.0654599113962126	2.585	0.0708378429936994	0.0689492567037528	5965	109	109	7.573	0.667866433249052	0.667866433249052	-0.08	0.1	0.1	3.749	0.01552417469626	0.01552417469626	0.0792	0.0044882417492822	0.0043626984768603	3.8840587	PMS	G	NA	serenelli17	4.82457089426535	2.70381237325826	1.82732606873428	8.81904705201442	A	3.775610448006361	0.007864339575885726	0.008009379956025242	0.8792679568246128	0.03670491839157486	0.040095873223231604
802	KIC8493800	1.252	0.0572800139664787	0.0631268564083465	1.482	0.0291547594742265	0.030886890422961	6241	73	73	2.704	0.227754039250838	0.227754039250838	0.039	0.1	0.1	4.193	0.0125299640861417	0.0134164078649987	0.3836	0.0138699912040347	0.0129525077108643	3.7031407	MS	F	NA	serenelli17	4.8085810852566	2.02569669018851	1.16968434545746	8.42285648117003	A	3.7952541825808828	0.005050394975315786	0.005109817537982231	0.43200668726959834	0.03512084490794026	0.03821290714330006
803	KIC8494142	1.418	0.03	0.019	1.887	0.012	0.012	6144	106	106	4.818	0.259	0.243	0.058	0.0721110255092798	0.0721110255092798	4.038	0.005	0.005	0.211632696541439	0.0035508841701583	0.0028407073361267	3.7667242	MS	F	p	silva15	1.7277856135402	0.635930047694754	1.72526041666667	5.20963055209631	A	3.7884512070234555	0.007428810320619927	0.007558098336376773	0.6828667956623246	0.0227403677422805	0.02247569725985754
804	KIC8499940	1.163	0.102156742312977	0.0617170964968379	1.648	0.0407062648740952	0.0363593179253957	6023	58	58	3.065	0.266432730444261	0.266432730444261	-0.006	0.1	0.1	4.07	0.0143178210632764	0.0125299640861417	0.2604	0.0080750848911946	0.0081017403685874	3.8460397	MS	F	NA	serenelli17	7.0453069135776	2.33815481794572	0.962975261497593	8.69274813847508	A	3.7798128631705805	0.004162140242090828	0.004202415164219708	0.48643047885443386	0.03620056939903432	0.0394947282885712
805	KIC8516041	1.09	0.13	0.12	1.3	0.06	0.06	6214	65	65	2.381	0.222320260232039	0.222320260232039	0.18	0.15	0.15	4.246	0.018	0.019	0.4945	0.028	0.0278	3.7208392	MS	F	NA	C14sdss	11.4678899082569	4.61538461538461	1.04602510460251	9.33726418446195	A	3.7933712489189557	0.004519234139393369	0.004566755874307216	0.37675939540487985	0.038768202860308965	0.042571179920339486
806	KIC8524425	1.15	0.05	0.05	1.84	0.03	0.04	5634	84	84	3.166	0.28423121349949	0.28423121349949	0.14	0.09	0.09	3.969	0.008	0.008	0.1849	0.0044	0.0044	4.1010292	PMS	G	NA	C14bruntt	4.34782608695652	1.90217391304348	1.49094781682641	8.97761255525868	A	3.7508168426497543	0.006427308372215723	0.006523859527078013	0.5005109105263371	0.03733728929543034	0.04085177748180169
807	KIC8547279	1.32	0.33	0.27	3.34	0.33	0.29	5174	68	68	5.193	0.504767395609497	0.504767395609497	-0.06	0.1	0.15	3.509	0.026	0.029	0.0352	0.003	0.0028	4.4025592	PMS	K	NA	C14sdss	22.7272727272727	9.2814371257485	1.31426362582141	9.72015011764871	A	3.7138264243805246	0.005670592230057281	0.005745613912293113	0.7154183225950562	0.04028639312882687	0.044409171740051656
808	KIC8554498	1.197	0.021	0.029	1.794	0.015	0.015	5945	60	60	3.684	0.13	0.182	0.17	0.05	0.05	4.007	0.003	0.003	0.207371635537249	0.002130530502095	0.002130530502095	3.8971687	MS	G	p	silva15	2.08855472013367	0.836120401337793	1.00925147182506	4.23452768729642	A	3.7741518589547103	0.00436115278421445	0.004405391775256895	0.5663196215248113	0.015061067185175525	0.022003479777383927
809	KIC8561221	1.436	0.0639531078212779	0.0675425791630731	3.091	0.0519711458407451	0.0545893762558247	5229	60	60	7.054	0.647259290574214	0.647259290574214	-0.164	0.101	0.101	3.614	0.0060827625302982	0.0060827625302982	0.04858	0.0004970566366119	0.0005047386056168	4.3665067	PMS	G	NA	serenelli17	4.57854063315986	1.72372245384293	1.14744693057946	9.17577673056726	A	3.7184186418296554	0.004954925189328829	0.005012109661964637	0.8484354553314708	0.038126290390486206	0.04179830754442959
810	KIC8574769	1.069	0.0472016948848238	0.0480104155366312	1.579	0.0246981780704569	0.0255538646783613	5437	70	70	2.378	0.218407208797397	0.218407208797397	0.341	0.1	0.1	4.069	0.0086023252670426	0.0086023252670426	0.2711	0.0061909050226925	0.0062373802192907	4.2301627	PMS	G	NA	serenelli17	4.4533260253253	1.59126164499108	1.28747471031819	9.18449153899904	A	3.735359333001711	0.00555574347957144	0.005627737714675618	0.3762118502826728	0.038160955975436894	0.04183998117144527
811	KIC8579578	1.538	0.0903382532485547	0.159154013458662	2.218	0.0502195181179589	0.0726704891960967	6308	45	45	7.653	0.642982127265446	0.642982127265446	0.054	0.1	0.1	3.932	0.0120415945787923	0.015	0.1409	0.0030925867748537	0.003141930132896	3.6592222	MS	F	NA	serenelli17	8.11093194756882	2.77028871312118	0.713379835129994	8.40170034320458	A	3.799891684656865	0.003087170678396589	0.0031092729555575183	0.8838317133294524	0.035036094415279107	0.038112588084605714
813	KIC8621637	1.176	0.0516236379965612	0.0534883164812653	1.876	0.0433243580448689	0.0442718872423573	5737	75	75	3.616	0.315885417934653	0.315885417934653	0.094	0.1	0.1	3.961	0.0114017542509914	0.0114017542509914	0.178	0.007368691199935	0.0071778276658053	4.0335127	PMS	G	NA	serenelli17	4.46904568358106	2.33465472513929	1.30730346871187	8.73576930129019	A	3.758684849882441	0.005640755743542947	0.005714984853356864	0.5582284218033257	0.03637243143516	0.03969940268458816
814	KIC8656342	1.159	0.112307613277106	0.0738782782690555	1.621	0.0457930125674212	0.0432666153055679	6074	71	71	3.33	0.299756919590974	0.299756919590974	-0.05	0.099	0.099	4.085	0.0174928556845359	0.0158113883008419	0.274	0.0102131243016033	0.0100668339114143	3.8126092	MS	F	NA	serenelli17	8.03217823753933	2.74705823173933	1.16891669410603	9.00170929702625	A	3.7834747875822465	0.005047099640226538	0.005106444226372631	0.5224442335063199	0.03743330833003611	0.04096676531888843
815	KIC8677016	1.081	0.064007812023221	0.0622655603042324	1.324	0.0322024843762092	0.0313049516849971	6248	75	75	3.585	0.402598293514387	0.402598293514387	-0.27	0.101	0.101	4.227	0.0139283882771841	0.0139283882771841	0.4648	0.0175545612591144	0.0188799396450306	3.6985522	MS	F	NA	serenelli17	5.84058151375825	2.39831707179782	1.20038412291933	11.2300779222981	A	3.7957410208692437	0.005182160943974612	0.005244743902134363	0.5544891600038189	0.04622224146700393	0.05173416134352937
817	KIC8694723	1.176	0.0644049687524185	0.0749666592559653	1.554	0.0292061637330205	0.0318276609256791	6351	62	62	3.211	0.269658569171998	0.269658569171998	-0.359	0.1	0.1	4.125	0.0084852813742385	0.01	0.3135	0.002458073432589	0.0029284024655091	3.6310357	MS	F	NA	serenelli17	5.92566445613876	1.96376527215893	0.976224216658794	8.39796229124878	A	3.8028421127390746	0.004219127178164417	0.004260518010526848	0.5066403055665025	0.03502111823572318	0.038094865242376985
818	KIC8696343	1.119	0.061057350089895	0.061057350089895	1.183	0.0341760149812701	0.0332415402771893	6178	65	65	1.909	0.162372778192266	0.162372778192266	-0.056	0.099	0.099	4.341	0.0186815416922694	0.0196468827043885	0.6768	0.0335803942948858	0.033709544360611	3.7444372	MS	F	NA	serenelli17	5.45642091956166	2.84943175225949	1.05212042732276	8.5056457932041	A	3.7908479039654317	0.0045454309658574665	0.004593508175651628	0.2808059283936668	0.035452336092783254	0.03860570388418694
819	KIC8702606	1.278	0.0573846669416143	0.0604400529450463	2.476	0.0480104155366312	0.0517397332811061	5511	85	85	5.454	0.501818792648633	0.501818792648633	-0.17	0.1	0.1	3.754	0.0058309518948453	0.0058309518948453	0.08415	0.0013665627281614	0.0013562097772837	4.1816557	PMS	G	NA	serenelli17	4.60973082498672	2.01434064656174	1.54236980584286	9.20093129168744	A	3.741230411025471	0.006647294794319247	0.0067506215998935915	0.736715133605611	0.03822634215183429	0.04191860585022611
820	KIC8738809	1.332	0.0438292140016222	0.041182520563948	2.163	0.0270185121722126	0.0262488094968134	6058	59	59	6.269	0.527974582093028	0.527974582093028	0.074	0.1	0.1	3.892	0.0078102496759066	0.0070710678118654	0.1317	0.0023364488353054	0.0023295001373685	3.8230972	MS	F	NA	serenelli17	3.19113117738627	1.2313296733478	0.973918785077583	8.4219904624825	A	3.782329268996837	0.004209211500965537	0.004250407059382066	0.7971982698389589	0.035117376002476	0.03820880016480721
821	KIC8751420	1.34	0.06	0.07	2.74	0.06	0.06	5264	84	84	5.142	0.487162137946262	0.487162137946262	-0.15	0.09	0.09	3.689	0.007	0.007	0.0653	0.0014	0.0014	4.3435642	PMS	G	NA	C14bruntt	4.85074626865672	2.18978102189781	1.59574468085106	9.47417615609222	A	3.721315880605899	0.006875517984047619	0.0069861208606658565	0.7111320723068418	0.03931168560922482	0.04322751413055825
822	KIC8760414	0.8115	0.031	0.0186	1.0196	0.0097	0.0121	5873	77	77	1.208	0.052	0.052	-0.92	0.1	0.1	4.3293	0.0047	0.0063	0.76353526027981	0.0133712094311484	0.0095504580640579	3.9443647	MS	G	NA	silva17	3.05606900800986	1.0690466849745	1.31108462455304	4.3046357615894	A	3.768860000842957	0.005656964885592863	0.005731624043820105	0.08206693428511301	0.0183036108324499	0.019109100200602788
823	KIC8776961	1.065	0.0531413210223457	0.0512640224719052	1.676	0.034	0.034	5777	72	72	2.977	0.266738425847769	0.266738425847769	-0.126	0.1	0.1	4.017	0.0089442719099991	0.0098488578017961	0.2264	0.0062512178813412	0.0061536936062823	4.0072927	MS	G	NA	serenelli17	4.90165931897891	2.02863961813842	1.24632162021811	8.95997399555824	A	3.7617023675414125	0.005379253821909735	0.005446718787179172	0.47377883464672477	0.03726699091978458	0.04076762689821384
824	KIC8802782	1.44	0.155595629758679	0.0772334124585985	2.359	0.11610770861575	0.100319489631876	6089	68	68	8.073	0.665018024377498	0.665018024377498	0.254	0.1	0.1	3.851	0.0230867927612304	0.0240831891575846	0.1095	0.0098382328189568	0.0096305975411705	3.8027767	MS	F	NA	serenelli17	8.08434174365548	4.58726575344693	1.11676794219084	8.23755759169451	A	3.7845459740545224	0.004823179536959099	0.0048773468473743975	0.907034952483417	0.03437798373353085	0.03733503549112793
825	KIC8817551	1.303	0.0532259335286851	0.0559464029227975	2.351	0.0732461603089199	0.0684105255059483	5720	57	57	6.694	0.582658133947912	0.582658133947912	0.03	0.1	0.1	3.808	0.0170880074906351	0.0180277563773199	0.09977	0.0067375236548749	0.0065217032284519	4.0446562	PMS	G	NA	serenelli17	4.18926847473072	3.0126900428513	0.996503496503496	8.70418485132823	A	3.7573960287930244	0.00430633874838815	0.004349467166495202	0.8256857080217583	0.036246263707776505	0.039549129360481494
827	KIC8866102	1.228	0.042	0.04	1.357	0.012	0.015	6325	75	75	2.753	0.13	0.13	-0.005	0.0721110255092798	0.0721110255092798	4.262	0.007	0.008	0.493572899652013	0.0071017683403167	0.0078119451743484	3.6480787	MS	F	p	silva15	3.33876221498371	0.994841562269713	1.18577075098814	4.72212132219397	A	3.8010605298478555	0.005119444136031603	0.005180512503780044	0.43980621139333026	0.020038430994877565	0.021007920802976643
829	KIC8915084	1.131	0.105118980208143	0.0742024258363566	1.501	0.0433820239269677	0.0372155881318568	5817	60	60	2.713	0.229036117736117	0.229036117736117	0.09	0.1	0.1	4.141	0.0152643375224737	0.014422205101856	0.3364	0.0101268447702135	0.0100400382469391	3.9810727	MS	G	NA	serenelli17	7.92755994891688	2.68479720382493	1.03145951521403	8.44217168212742	A	3.7646990637983677	0.004456626916030881	0.004502834343233619	0.4334497937615961	0.035198206253712505	0.038304517010488315
830	KIC8938364	1.037	0.0487954915950234	0.0494974746830583	1.376	0.02343074902772	0.02343074902772	5965	62	62	1.866	0.164602038573962	0.164602038573962	-0.18	0.1	0.1	4.176	0.0078102496759066	0.0078102496759066	0.3973	0.0050949273792665	0.004994262584206	3.8840587	MS	G	NA	serenelli17	4.7392944203511	1.70281606306104	1.03939647946354	8.82111675101618	A	3.775610448006361	0.00449074346155065	0.00453766478516604	0.2709116394104812	0.03671317843733096	0.040105731302449654
831	KIC8940939	1.095	0.0863133825081603	0.0658027355054484	1.458	0.0563560112144215	0.0485489443757534	6343	58	58	5.227	0.440074512251665	0.440074512251665	-0.402	0.1	0.1	4.149	0.014142135623731	0.014142135623731	0.3518	0.0204276904225612	0.0205894544852456	3.6362797	MS	F	NA	serenelli17	6.94594146180862	3.59756363477966	0.91439381995901	8.41925602165037	A	3.802294711397464	0.0039531157983265786	0.003989429375487408	0.7182525000977505	0.03510642280437559	0.03819583269760418
832	KIC8950146	1.237	0.0546717477313466	0.0610327780786685	1.33	0.0322024843762092	0.0322024843762092	6374	60	60	2.588	0.214813087204816	0.214813087204816	-0.014	0.101	0.101	4.282	0.0143178210632764	0.0143178210632764	0.5263	0.023450999211121	0.0257546998429413	3.6159592	MS	F	NA	serenelli17	4.67681995998444	2.42123942678265	0.94132412927518	8.3003511284705	A	3.804412059137714	0.0040689974282370756	0.004107481581515415	0.4129642719966628	0.03462986468543083	0.03763232729016569
833	KIC8952800	1.293	0.0662193325245732	0.0632455532033676	2.014	0.0486004115208915	0.045453272709454	6122	55	55	5.939	0.50748463091393	0.50748463091393	0.03	0.1	0.1	3.941	0.010770329614269	0.010770329614269	0.1581	0.0056820793729056	0.0056222298956908	3.7811452	MS	F	NA	serenelli17	5.0063760915677	2.3349971258775	0.898399215942502	8.54495084886226	A	3.7868933252613157	0.0038842760763779793	0.003919330317267544	0.7737133252770216	0.03560962632127307	0.03879231251731252
834	KIC8956017	1.497	0.0746525284233562	0.0746525284233562	1.881	0.0771621668954417	0.0724499827467198	6605	86	86	5.943	0.482317728986627	0.482317728986627	0.128	0.1	0.1	4.063	0.0243310501211929	0.0253179778023443	0.2239	0.0205113511256572	0.019435872118328	3.4645387	MS	F	NA	serenelli17	4.98680884591558	3.97693114412976	1.30204390613172	8.11572823467318	A	3.819872821950546	0.0056182079288849	0.005691840910359236	0.7740057302582095	0.033888877937162554	0.03675882234745265
835	KIC8981766	1.38	0.11	0.09	1.82	0.05	0.05	6237	72	72	14.37	1.34284437137607	1.34284437137607	-0.18	0.25	0.25	4.059	0.014	0.015	0.2294	0.0093	0.009	3.7057627	MS	F	NA	C14sdss	7.2463768115942	2.74725274725275	1.15440115440115	9.34477641876182	A	3.794975744051132	0.00498478335485153	0.005042663119381174	1.1574567681342256	0.03879804090183692	0.04260716666887676
836	KIC9005973	1.122	0.0743034319530397	0.0691158447825099	1.452	0.0384837628097877	0.0375765884561119	6131	57	57	2.539	0.214719268567862	0.214719268567862	-0.128	0.1	0.1	4.164	0.0143178210632764	0.0152315462117278	0.3667	0.0159856368030804	0.0142177278072131	3.7752457	MS	F	NA	serenelli17	6.39123336611184	2.61915810144282	0.929701516881422	8.45684397667831	A	3.787531316127234	0.004018988900095888	0.004056528544987614	0.40466270087372225	0.03525696259754063	0.03837411900194532
837	KIC9025370	0.956	0.0405215991787096	0.0414849370253831	0.997	0.0148660687473185	0.0158113883008419	5659	73	73	1.574	0.141076619597965	0.141076619597965	-0.033	0.1	0.1	4.42	0.0076157731058639	0.0076157731058639	0.9631	0.0096590277461036	0.0086026699343866	4.0846417	MS	G	NA	serenelli17	4.28904478054878	1.5384883173601	1.28998056193674	8.9629364420562	A	3.752739693935328	0.0055664877899790355	0.005638762570341793	0.19700472802304578	0.037278798527938306	0.04078175908991577
838	KIC9026479	1.187	0.0551543289325507	0.0645135644651572	2.303	0.0572712842531054	0.0590931468107766	5601	69	69	5.405	0.486878375744003	0.486878375744003	-0.217	0.101	0.101	3.785	0.0094868329805051	0.0094868329805051	0.09685	0.0032532840330964	0.0032103988848739	4.1226607	PMS	G	NA	serenelli17	5.04077057277624	2.52636628449592	1.23192287091591	9.00792554567998	A	3.748265572668741	0.005317486224165613	0.005383401231467744	0.7327956982893292	0.03745807496469544	0.04099643373003958
839	KIC9026685	1.073	0.047927027865287	0.047927027865287	1.737	0.0313049516849971	0.0313049516849971	5618	58	58	2.913	0.28128605729995	0.28128605729995	0.007	0.1	0.1	3.988	0.0094339811320566	0.0094339811320566	0.2046	0.0051410237307369	0.0051937626052795	4.1115172	PMS	G	NA	serenelli17	4.46663819806962	1.80224246891175	1.03239587041652	9.65623265705287	A	3.749581734865559	0.004460651919877101	0.004506943283501652	0.46434048462766725	0.04003332120860975	0.044101803279391116
840	KIC9049593	1.157	0.0892020179143947	0.0976217188949262	1.414	0.0528015151297763	0.0520096144957834	5788	59	59	2.614	0.217129480850223	0.217129480850223	0.202	0.1	0.1	4.197	0.019313207915828	0.019313207915828	0.4067	0.0247795419852749	0.0243676363441348	4.0000822	MS	G	NA	serenelli17	8.07362734698881	3.70619270245968	1.01935038009675	8.30640707154641	A	3.762528522447	0.004404571390284051	0.00444970019738733	0.4173055832445255	0.03465414890152024	0.03766100951024903
841	KIC9051235	1.251	0.0554616984954482	0.0581807528311554	2.062	0.108503456166152	0.0966902270139025	5669	65	65	5.985	0.515277718811807	0.515277718811807	0.207	0.1	0.1	3.905	0.0302654919008431	0.0322490309931942	0.1418	0.0165375512092934	0.0175104140442195	4.0780867	PMS	G	NA	serenelli17	4.54206440154291	4.97559852521955	1.14658669959428	8.60948569443287	A	3.75350645699097	0.004951231619495289	0.00500833037723325	0.7770641547424295	0.03586775715749302	0.03909887864837669
842	KIC9073645	1.373	0.0777946013551069	0.0702922470831599	2.342	0.0876641317757725	0.0796492310069595	6438	64	64	8.356	0.740955343971847	0.740955343971847	-0.152	0.1	0.1	3.836	0.021377558326432	0.021377558326432	0.1067	0.0080795633700095	0.0078672381589729	3.5740072	MS	F	NA	serenelli17	5.39282040925953	3.57201884677054	0.994097545821684	8.8673449493998	A	3.808750972349595	0.00429599281051285	0.004338913211880957	0.921998431308271	0.03689763150031189	0.04032597684569794
843	KIC9073950	1.352	0.0921791733527699	0.0878179936004006	3.841	0.0900499861188218	0.0883232698670062	5281	70	70	10.29	0.990584908537698	0.990584908537698	-0.166	0.101	0.101	3.399	0.0089442719099991	0.0089442719099991	0.02387	0.0002861239242006	0.0002864619520983	4.3324207	PMS	G	NA	serenelli17	6.65669996128589	2.32196375925316	1.32550653285363	9.62667549599318	A	3.7227161674884948	0.005718783485760159	0.005795094321733529	1.012415374762433	0.03991624403068639	0.04395974132020164
845	KIC9093289	1.237	0.0558659108938537	0.0682422156732913	1.448	0.0326955654485436	0.0336154726279432	6285	57	57	3.143	0.279932795330638	0.279932795330638	-0.011	0.1	0.1	4.207	0.0143178210632764	0.0152315462117278	0.4056	0.0191918096072257	0.0161968532746333	3.6742987	MS	F	NA	serenelli17	5.01649662761297	2.28974578993394	0.906921241050119	8.90654773562323	A	3.7983052820219765	0.003920955669093562	0.003956678125893731	0.49734438101758	0.037053991417527465	0.04051283869821287
846	KIC9098294	1.055	0.0399249295553543	0.0380788655293195	1.174	0.0161245154965971	0.0152643375224737	6020	51	51	1.46	0.123333430392102	0.123333430392102	-0.112	0.1	0.1	4.321	0.0067082039324993	0.0067082039324993	0.651	0.0054932803496635	0.0054857723248417	3.8480062	MS	F	NA	serenelli17	3.69686232628786	1.33683360387866	0.847176079734219	8.44749523233576	A	3.7795964912578244	0.003663741615124394	0.0036949123661500494	0.1643528557844371	0.035219525743137386	0.03832976941914609
847	KIC9116461	1.208	0.0511077293567225	0.0537121960079831	1.251	0.0295465734053883	0.0295465734053883	6470	47	47	2.402	0.193508830913632	0.193508830913632	-0.116	0.1	0.1	4.324	0.0120415945787923	0.0130384048104053	0.6161	0.0261437877133364	0.0284005921769248	3.5530312	MS	F	NA	serenelli17	4.3385730697312	2.36183640330842	0.726429675425039	8.05615449265747	A	3.8109042806687006	0.0031434403268990607	0.003166358654600021	0.3805730030668873	0.03364950778640735	0.03647733604695247
848	KIC9119139	1.098	0.0559016994374947	0.0559016994374947	1.753	0.0769025357189215	0.0710633520177595	5475	74	74	2.943	0.266231259436829	0.266231259436829	0.2	0.1	0.1	3.99	0.0253179778023443	0.0263058928759318	0.2031	0.0197599418015337	0.0192661698321176	4.2052537	PMS	G	NA	serenelli17	5.09122945696673	4.22036188638565	1.35159817351598	9.04625414328336	A	3.738384123512156	0.005830601302009963	0.005909946230962415	0.46879026209961094	0.037610751685989374	0.041179410163969254
849	KIC9138680	1.416	0.0554436651025164	0.0554436651025164	2.477	0.0537121960079831	0.0528015151297763	5990	60	60	7.756	0.670259576550073	0.670259576550073	0.129	0.099	0.099	3.8	0.0126491106406735	0.0126491106406735	0.09307	0.0042331129207711	0.0040786180257533	3.8676712	MS	G	NA	serenelli17	3.91551307221161	2.15005472623657	1.0016694490818	8.64182022369873	A	3.7774268223893115	0.004328552263157537	0.00437212902504891	0.8896378004066677	0.035997033321605865	0.039252561911090944
850	KIC9139151	1.184	0.0466154480832267	0.0466154480832267	1.161	0.0147648230602334	0.0147648230602334	6134	48	48	1.742	0.147621486789559	0.147621486789559	0.045	0.1	0.1	4.381	0.0067082039324993	0.0067082039324993	0.7565	0.0053781745973889	0.0056608290912197	3.7732792	MS	F	NA	serenelli17	3.93711554756982	1.27173325238875	0.78252363873492	8.47425297299418	A	3.7877437716464666	0.0033852290808193963	0.0034118236243183553	0.2410481506716444	0.035326667966277675	0.03845671774954562
851	KIC9139163	1.33	0.0484148737476408	0.0445982062419555	1.538	0.0184390889145858	0.0176918060129541	6405	44	44	3.512	0.31227663476093	0.31227663476093	0.076	0.099	0.099	4.187	0.0058309518948453	0.0058309518948453	0.3656	0.0023042293722631	0.0024789469538495	3.5956387	MS	F	NA	serenelli17	3.49673233043595	1.17460646708517	0.68696330991413	8.8917037232611	A	3.806519134080705	0.002973242856636915	0.002993738504172505	0.545554507234065	0.03699479284614349	0.04044207458399274
852	KIC9143749	1.151	0.0574282160614449	0.0624339651151519	1.708	0.046518813398452	0.0456179789118282	6075	76	76	3.896	0.337951413225325	0.337951413225325	-0.122	0.101	0.101	4.033	0.0148660687473185	0.0148660687473185	0.2307	0.0114946015154941	0.0113678566141555	3.8119537	MS	F	NA	serenelli17	5.2068714672718	2.69721288964521	1.25102880658436	8.67431758791903	A	3.7835462822703496	0.005399444753398264	0.005467420332894601	0.5906189482065779	0.036126921752392405	0.03940707392914311
853	KIC9150095	1.452	0.169068033643264	0.167296144605905	4.277	0.21242645786248	0.216011573764	5028	68	68	9.209	0.899811285624093	0.899811285624093	0.095	0.1	0.1	3.336	0.0136014705087354	0.0136014705087354	0.01852	0.0009589070497185	0.0009352139487839	4.4982622	PMS	K	NA	serenelli17	11.5827885072028	5.00862791239747	1.35242641209228	9.77099886658804	A	3.7013952690139202	0.005834150313373865	0.005913592523722588	0.9642124729698192	0.04048761610818885	0.04465385039747927
854	KIC9158609	0.94	0.42	0.21	3.06	0.4	0.3	4964	85	85	5.921	0.592736337143044	0.592736337143044	0.28	0.1	0.2	3.465	0.057	0.058	0.0347	0.0059	0.0057	4.5402142	PMS	K	NA	C14sdss	33.5106382978723	11.437908496732	1.71232876712329	10.0107471228347	A	3.695831772826692	0.007373597868794324	0.0075009547144260225	0.7723950610820003	0.04143511414142875	0.04580935383666962
855	KIC9163769	1.315	0.0616198020120156	0.0586941223633168	1.537	0.0380131556174964	0.0371214223865412	6438	100	100	3.949	0.322075476813396	0.322075476813396	0.049	0.1	0.1	4.183	0.0167630546142402	0.0167630546142402	0.3616	0.0205551034052373	0.0188347597807883	3.5740072	MS	F	NA	serenelli17	4.574673930621	2.44419577111378	1.55327741534638	8.15587431788797	A	3.808750972349595	0.006693943894755083	0.006798737495313123	0.5964871337365442	0.034050112444186986	0.03694861579179676
856	KIC9201604	1.495	0.141739197119216	0.142677959054649	3.433	0.120208152801713	0.122122888927506	5230	73	73	8.115	0.776570776243781	0.776570776243781	-0.045	0.1	0.1	3.54	0.0117046999107196	0.0136014705087354	0.03689	0.0007225515153841	0.0007311509094461	4.3658512	PMS	G	NA	serenelli17	9.51227947069782	3.52943550435798	1.39579349904398	9.56957210405152	A	3.718501688867274	0.006019938251288437	0.006104557460559157	0.9092885241622507	0.039689965626281465	0.04368541417252225
857	KIC9202077	1.444	0.0914166286842826	0.167764716195033	1.981	0.0552268050859363	0.0704911341943084	6119	70	70	5.599	0.476347427377792	0.476347427377792	0.148	0.1	0.1	3.999	0.015	0.0174928556845359	0.1842	0.0057482450365307	0.0057577079641121	3.7831117	MS	F	NA	serenelli17	8.97442329914528	3.17309286421617	1.1439777741461	8.50772329662068	A	3.7866804531966487	0.0049400294961654545	0.004996868689298051	0.7481104674949838	0.035460651232756324	0.038615565241440386
858	KIC9204313	1.018	0.0618546683767685	0.0586003412959345	1.508	0.0338378486313773	0.0330151480384384	5853	57	57	2.117	0.18289840254076	0.18289840254076	-0.158	0.1	0.1	4.088	0.0122065556157337	0.0122065556157337	0.2966	0.0088881370939021	0.0086573308242205	3.9574747	MS	G	NA	serenelli17	5.91625784247067	2.21661129541829	0.97385955920041	8.63950885879829	A	3.7673785241141804	0.004208956767075112	0.004250147315043584	0.325720858019412	0.035987793567539506	0.03924157438565712
859	KIC9206432	1.567	0.0751664818918645	0.0672086303981862	1.569	0.0272029410174709	0.0212602916254693	6494	46	46	3.842	0.312534723193249	0.312534723193249	0.165	0.139	0.139	4.241	0.0070710678118654	0.0078102496759066	0.4052	0.0046267358904523	0.0048715374369905	3.5372992	MS	F	NA	serenelli17	4.54291998372849	1.54439874579159	0.708346165691407	8.13468826635213	A	3.8125122842899826	0.0030654640342846484	0.0030872554929484153	0.5845573605256749	0.033965032584993615	0.03684844690068756
860	KIC9225600	1.425	0.0729177618965366	0.0777946013551069	1.84	0.0441021541423999	0.0441021541423999	6262	56	56	4.758	0.411033863930155	0.411033863930155	0.219	0.1	0.1	4.061	0.012369316876853	0.012369316876853	0.2278	0.0090844267292988	0.0089494082485938	3.6893752	MS	F	NA	serenelli17	5.28815309654889	2.3968562033913	0.894282976684765	8.63879495439585	A	3.7967130632808965	0.00386655828823379	0.0039012920327494705	0.6774244377012474	0.03598493967244609	0.03923818075754326
861	KIC9226926	1.39	0.05	0.04	1.64	0.03	0.03	6892	84	84	4.548	0.365619368849666	0.365619368849666	-0.23	0.09	0.09	4.151	0.013	0.012	0.3147	0.0126	0.0126	3.2764102	MS	F	NA	C14bruntt	3.23741007194245	1.82926829268293	1.2188044109112	8.03912420513778	A	3.8383452687759907	0.005261203148520188	0.005325721699459329	0.6578204560156972	0.03358105501913822	0.03639690135377227
862	KIC9266926	0.956	0.0535350352572967	0.0526972485050216	1.47	0.0367151195013716	0.0358468966578698	5971	63	63	2.318	0.198602336787427	0.198602336787427	-0.387	0.099	0.099	4.083	0.0120830459735946	0.0120830459735946	0.3007	0.0107270844594419	0.01056070627373	3.8801257	MS	G	NA	serenelli17	5.55608178673213	2.4680957877293	1.05509964830012	8.56783161291745	A	3.7760470711817797	0.0045582346571899635	0.0046065845418676865	0.3651134316275772	0.03570116390367628	0.03890098046859425
863	KIC9273544	1.14	0.12	0.12	1.55	0.07	0.07	6125	55	55	3.128	0.27169073554991	0.27169073554991	-0.22	0.15	0.15	4.112	0.013	0.013	0.3047	0.0139	0.0138	3.7791787	MS	F	NA	C14sdss	10.5263157894737	4.51612903225806	0.897959183673469	8.68576520300222	A	3.78710609303657	0.003882382052245781	0.003917401961312628	0.49526674438781043	0.03617266737414909	0.039461515873095765
864	KIC9287845	1.589	0.0906035319399856	0.147627910640231	2.313	0.0939201788754685	0.0929731143933557	6488	62	62	8.928	0.762176079154507	0.762176079154507	0.131	0.1	0.1	3.905	0.0222036033111745	0.0231948270094864	0.1269	0.0106088840600697	0.0102340422610032	3.5412322	MS	F	NA	serenelli17	7.49626943298353	4.04006254364082	0.955610357583231	8.53691844931124	A	3.8121108412030997	0.004130458788683455	0.004170119987600529	0.9507541815935036	0.03557748704760344	0.03875417057052666
865	KIC9289275	1.349	0.0672681202353686	0.065299310869258	1.767	0.0268700576850888	0.0268700576850888	6227	48	48	4.012	0.342633039749413	0.342633039749413	0.092	0.1	0.1	4.073	0.0084852813742385	0.0092195444572928	0.2441	0.0030578562752359	0.0029765249872964	3.7123177	MS	F	NA	serenelli17	4.91354451833308	1.5206597444872	0.770836678978641	8.54020537760253	A	3.7942788657214	0.0033348644316757436	0.0033606705068218723	0.6033609243483805	0.035590639007554326	0.038769778184504
866	KIC9292130	1.347	0.0608769250208977	0.0595482997238376	2.176	0.0526972485050216	0.0502195181179589	6176	52	52	6.423	0.541940302001592	0.541940302001592	0.049	0.1	0.1	3.891	0.0117046999107196	0.0117046999107196	0.1304	0.0054667629361442	0.0052854968546012	3.7457482	MS	F	NA	serenelli17	4.47012712489738	2.3648154095354	0.841968911917098	8.43749497122205	A	3.7907072873276797	0.0036413165684030524	0.003672105301456341	0.8077379220141008	0.03517947633060514	0.03828233411355941
867	KIC9328372	1.464	0.0706045324324154	0.0690289794216893	1.781	0.0705195008490559	0.0657875368135941	6572	80	80	6.039	0.521100979493793	0.521100979493793	0.16	0.1	0.1	4.101	0.0243310501211929	0.0253179778023443	0.2579	0.0236322448362402	0.0197703564965329	3.4861702	MS	F	NA	serenelli17	4.76890409337789	3.82669954134335	1.21728545343883	8.62892829100502	A	3.8176975547630243	0.005254685784457536	0.005319043608829954	0.7809650296083169	0.03594549490444843	0.039191281134272615
868	KIC9335972	1.23	0.13	0.2	2.18	0.11	0.16	5784	63	63	6.017	0.532923646081868	0.532923646081868	-0.04	0.15	0.15	3.847	0.01	0.01	0.1186	0.0078	0.0069	4.0027042	PMS	G	NA	C14sdss	13.4146341463415	6.19266055045872	1.08921161825726	8.85696603094346	A	3.7622282842864743	0.004704809550809763	0.004756336520806315	0.7793800114916558	0.036856225862174186	0.040276518719462695
869	KIC9353712	1.5089	0.0285	0.0209	2.1723	0.024	0.021	6278	77	77	6.985	0.275	0.223	-0.05	0.1	0.1	3.9435	0.0055	0.0066	0.147718201832256	0.003184432923798	0.0033349904126127	3.6788872	MS	F	NA	silva17	1.63695407250315	1.03576854025687	1.2265052564511	3.5647816750179	A	3.797821311364024	0.005294243526003051	0.005359580017072929	0.8441664104502007	0.016770210249893114	0.014091244020450477
870	KIC9353859	1.599	0.181024860171193	0.204707107839469	3.678	0.202272093972451	0.234303222342331	5284	85	85	8.54	0.799519345248097	0.799519345248097	-0.112	0.103	0.103	3.509	0.0111803398874989	0.0111803398874989	0.03208	0.0022406830744217	0.0019610032228428	4.3304542	PMS	G	NA	serenelli17	12.0616625394203	5.93495536045109	1.60862982588948	9.36205322304563	A	3.7229628089424898	0.006930595020747887	0.007042991508910301	0.931457870689005	0.03886665531861844	0.042689941113973395
871	KIC9390670	1.37	0.071505244562899	0.0695269731830748	1.711	0.069462219947249	0.0648845127900333	6246	50	50	4.782	0.397738991301202	0.397738991301202	0.195	0.1	0.1	4.107	0.0241867732448957	0.0251793566240283	0.2734	0.0244420081212653	0.0239866496409982	3.6998632	MS	F	NA	serenelli17	5.14716123160488	3.92597114954069	0.80051232788985	8.31741930784613	A	3.7956019798941796	0.003462739456828512	0.0034905708070112063	0.679609571779756	0.03469830427946219	0.037713170632053594
872	KIC9394953	1.205	0.0590338885725818	0.0537587202228624	1.746	0.0393573373083089	0.0349857113690718	6018	65	65	3.682	0.317461913620585	0.317461913620585	0.076	0.1	0.1	4.034	0.014422205101856	0.0136014705087354	0.2262	0.0082791137810758	0.0080020393650618	3.8493172	MS	F	p	serenelli17	4.68019123632549	2.12895328400288	1.08009305417082	8.62199656764219	A	3.7794521834040617	0.004665633058861474	0.004716300852308564	0.5660837841679959	0.03591778124376288	0.039158335312733605
873	KIC9402223	1.46	0.25	0.13	2.6	0.15	0.11	6350	52	52	11.16	0.975636586344381	0.975636586344381	-0.08	0.2	0.15	3.776	0.016	0.016	0.0833	0.0041	0.0038	3.6316912	MS	F	NA	C14sdss	13.013698630137	5.0	0.818897637795276	8.74226331849804	A	3.8027737252919755	0.0035419445161379848	0.0035710689914503213	1.04766419460156	0.03639836799349294	0.039730306535564974
874	KIC9410862	1.007	0.0434626276242015	0.0434626276242015	1.163	0.0178885438199983	0.0178885438199983	6230	53	53	1.834	0.158522908328121	0.158522908328121	-0.399	0.1	0.1	4.309	0.0076157731058639	0.0067082039324993	0.6391	0.005098955285154	0.0053129701674298	3.7103512	MS	F	NA	serenelli17	4.31605040955327	1.53813790369719	0.850722311396469	8.64356097754203	A	3.7944880466591697	0.0036790130567694312	0.003710445321476019	0.2633993313340023	0.03600399191020792	0.03926083710870237
875	KIC9414381	1.224	0.0496588360717405	0.0560802995712398	2.117	0.042154477816716	0.0449444101084885	5495	100	100	4.423	0.390407840856051	0.390407840856051	0.152	0.1	0.1	3.873	0.0098488578017961	0.0098488578017961	0.1289	0.0043005661255234	0.0042530224546785	4.1921437	PMS	G	NA	serenelli17	4.31940913574266	2.0571300879831	1.81983621474067	8.82676556310311	A	3.7399676967595092	0.007832394104859475	0.007976247740579812	0.6457169393696038	0.03673572171129369	0.04013263801404243
876	KIC9414417	1.399	0.0737360156233031	0.0752396172239067	1.917	0.0366878726556883	0.0389101529166874	6278	52	52	5.158	0.42856413772693	0.42856413772693	-0.049	0.0721110255092798	0.0721110255092798	4.018	0.0094339811320566	0.01	0.1986	0.0015554761618231	0.0016956426510323	3.6788872	MS	F	p	serenelli17	5.32436143127984	1.97177948806405	0.828289264096846	8.30872698191023	A	3.797821311364024	0.003582398653331431	0.0036121950175274087	0.7124813378019187	0.03466345133806481	0.037671997595491113
877	KIC9446628	1.213	0.0718401002226472	0.0757429864739964	1.893	0.0919238815542512	0.0864060183089118	6298	59	59	5.317	0.439688712631072	0.439688712631072	-0.268	0.101	0.101	3.965	0.0292745623366089	0.0302654919008431	0.1776	0.0198469729681884	0.0190804831175733	3.6657772	MS	F	NA	serenelli17	6.08339186713288	4.71024563822406	0.936805335026993	8.26948867088719	A	3.7992026563005252	0.004049555129931992	0.004087670670161803	0.7256666603141786	0.0345060857222147	0.037486185618172185
879	KIC9451741	1.124	0.0785175139698144	0.0792085853932514	1.291	0.054644304369257	0.0522015325445528	5835	68	68	1.99	0.166780592657199	0.166780592657199	0.206	0.1	0.1	4.266	0.0191049731745428	0.0200997512422418	0.526	0.0487155334569991	0.0379326257989083	3.9692737	MS	G	NA	serenelli17	7.01628555885524	4.13810367598024	1.16538131962296	8.38093430438188	A	3.766040860381389	0.0050319228398056914	0.005090908970491803	0.29885307640970665	0.03495289055428774	0.03801414134520459
880	KIC9455860	1.385	0.0722495674727538	0.0651152823843988	1.678	0.0510783711564885	0.0483321838943783	6716	59	59	5.166	0.422130072484233	0.422130072484233	-0.051	0.1	0.1	4.129	0.0189736659610103	0.0199248588451713	0.2934	0.0202268675033976	0.0197223469445196	3.3917782	MS	F	NA	serenelli17	4.95901985043872	2.96217386921534	0.878499106611078	8.17131383051168	A	3.827110687466011	0.0037986120804323065	0.0038321305143402817	0.7131544018372984	0.034112104607118776	0.03702162926705144
881	KIC9457728	1.194	0.0634113554499508	0.0659469483751902	1.822	0.0353836120259083	0.0361247837363769	6390	49	49	5.208	0.437591644046782	0.437591644046782	-0.161	0.0721110255092798	0.0721110255092798	3.993	0.0106301458127346	0.0106301458127346	0.1972	0.0047999070824339	0.0047515058665648	3.6054712	MS	F	p	serenelli17	5.41701439803773	1.96235992761485	0.766823161189358	8.40229731272623	A	3.8055008581584002	0.003317566933723981	0.0033431049714387484	0.7166709755601356	0.03503848607384563	0.038115418501927234
882	KIC9458636	1.204	0.116811814470969	0.0608276253029822	1.735	0.0630634601017103	0.056938563381947	6220	56	56	4.007	0.342379248040584	0.342379248040584	-0.059	0.1	0.1	4.043	0.0162788205960997	0.0182482875908947	0.2319	0.0131927404279778	0.0139172878104895	3.7169062	MS	F	NA	serenelli17	7.37705314675876	3.45827157013422	0.90032154340836	8.54452827653067	A	3.7937903846908188	0.0038925502240805265	0.003927754644437176	0.6028193424326997	0.035607935582204986	0.038790305843984574
883	KIC9468847	1.17	0.0579827560572969	0.0579827560572969	1.796	0.0528015151297763	0.0518941229813165	6064	52	52	4.292	0.37421982497498	0.37421982497498	-0.109	0.1	0.1	3.998	0.0170880074906351	0.0170880074906351	0.2019	0.011854530610699	0.0120564420954111	3.8191642	MS	F	NA	serenelli17	4.95579111600828	2.91468925699033	0.857519788918206	8.71900803762768	A	3.782759192623997	0.00370828411628521	0.003740220709126607	0.6326597132939135	0.03630548119914456	0.03961964902976567
885	KIC9512063	1.158	0.0499299509312797	0.0507740090991444	2.053	0.0360693775937429	0.0374833296279826	5977	58	58	4.637	0.403547097521101	0.403547097521101	-0.332	0.102	0.102	3.876	0.0067082039324993	0.0067082039324993	0.1338	0.0030023532437073	0.0029858590053785	3.8761927	MS	G	NA	serenelli17	4.34818480269534	1.79134698542926	0.970386481512464	8.70276250854219	A	3.7764832558336816	0.004194018599686267	0.004234915861828004	0.6662370958958044	0.03624058113294748	0.03954236332404759
886	KIC9542776	1.385	0.0848645980371085	0.0806597793203031	2.475	0.153388395910512	0.136894119669181	6343	87	87	11.52	1.02457871859058	1.02457871859058	-0.157	0.101	0.101	3.791	0.0355105618091294	0.0374833296279826	0.09076	0.0133405578594	0.0123110919093312	3.6362797	MS	F	NA	serenelli17	5.97560929088129	5.8642932440342	1.37159072993852	8.89391248776547	A	3.802294711397464	0.00591626152675806	0.005997971345672148	1.0614524790871933	0.037003602006755454	0.04045260343705226
887	KIC9574283	1.178	0.0648459713474939	0.0666408283261845	2.896	0.0617170964968379	0.0644049687524185	5431	64	64	5.171	0.465798228390914	0.465798228390914	-0.499	0.101	0.101	3.584	0.0063245553203367	0.0072801098892805	0.04842	0.0008563414330744	0.0008526935322846	4.2340957	PMS	G	NA	serenelli17	5.58093377222744	2.17752184477307	1.17842018044559	9.00789457340773	A	3.7348798027926273	0.005087893966881918	0.005148207505591973	0.7135745377720698	0.03745795156918297	0.04099628590304771
888	KIC9579208	1.204	0.0635137780328017	0.051662365412358	1.781	0.034132096331752	0.0276586333718787	6422	56	56	4.92	0.408637298681031	0.408637298681031	-0.17	0.0721110255092798	0.0721110255092798	4.017	0.0111803398874989	0.0086023252670426	0.2132	0.0031277239328303	0.0029962660095525	3.5844952	MS	F	p	serenelli17	4.78306243543022	1.73472009274651	0.87200249143569	8.30563615205347	A	3.8076703012304836	0.0037706424436745323	0.0038036669454992733	0.6919651027673603	0.034651057604500934	0.03765735816816895
889	KIC9592705	1.509	0.029	0.021	2.124	0.015	0.012	6174	92	92	6.088	0.227	0.247	0.216	0.0721110255092798	0.0721110255092798	3.961	0.004	0.003	0.156949080321	0.002130530502095	0.002130530502095	3.7470592	MS	F	p	silva15	1.65672630881378	0.635593220338983	1.4901198574668	3.89290407358738	A	3.7905666251460763	0.006423765399610204	0.0065202093379630455	0.7844746437625164	0.01589871112883312	0.01798743752282228
890	KIC9641837	1.304	0.0587281874401041	0.0567274184147313	2.193	0.0464004310324807	0.0448218696620299	6270	51	51	6.06	0.546385001091756	0.546385001091756	-0.161	0.1	0.1	3.871	0.0111803398874989	0.0111803398874989	0.1237	0.0042101330145257	0.0041948430244766	3.6841312	MS	F	NA	serenelli17	4.42697875210259	2.07985181702031	0.813397129186603	9.01625414342831	A	3.7972675408307164	0.0035182494970462663	0.003546984017193111	0.7824726241662862	0.03749125535827391	0.041036186968029464
891	KIC9664694	1.252	0.0524309069156733	0.0574543296888929	2.293	0.057706152185014	0.0594810894318522	6080	55	55	8.512	0.725162235923812	0.725162235923812	-0.272	0.1	0.1	3.813	0.0121655250605964	0.0121655250605964	0.1035	0.0047600887596766	0.0046371737081977	3.8086762	MS	F	NA	serenelli17	4.38838804331335	2.55532580935164	0.904605263157895	8.51929318519516	A	3.783903579272735	0.00391098779028809	0.003946528025829288	0.930031614950973	0.03550695642415913	0.038670488527645874
892	KIC9693187	0.986	0.0532541078227774	0.0508035431835221	1.423	0.0283196045170126	0.0275862284482674	5790	55	55	2.982	0.268050525294423	0.268050525294423	-0.164	0.1	0.1	4.125	0.0086023252670426	0.0086023252670426	0.3421	0.0056120912323304	0.0057766586362706	3.9987712	MS	G	NA	serenelli17	5.27675715042087	1.96436517797892	0.949913644214162	8.98895121711681	A	3.762678563727436	0.004105951770422944	0.004145141490149662	0.4745076391169758	0.03738247345759149	0.04090588092988873
894	KIC9697131	1.436	0.0581377674149945	0.0635609943282828	1.922	0.0283019433961698	0.030886890422961	6491	69	69	5.503	0.446981720087574	0.446981720087574	0.11	0.0721110255092798	0.0721110255092798	4.027	0.0085440037453175	0.0085440037453175	0.2019	0.0033778066848178	0.0032027058872147	3.5392657	MS	F	p	serenelli17	4.2374220662701	1.53977195159029	1.06301032198429	8.12250990528028	A	3.812311609131124	0.004592230244536477	0.0046413079006404345	0.7405995128111565	0.03391611865230204	0.03679087735274067
895	KIC9700430	1.221	0.0672681202353686	0.0909175450614456	1.511	0.0451774279923061	0.0469574275274956	6111	90	90	2.801	0.241816090376488	0.241816090376488	0.024	0.1	0.1	4.164	0.01552417469626	0.0164924225024706	0.3525	0.0186507356691365	0.0180376367908881	3.7883557	MS	F	NA	serenelli17	6.47770947161401	3.04880395499013	1.47275405007364	8.63320565428375	A	3.7861122837198264	0.006349447627124416	0.0064436565126784195	0.44731310882356823	0.03596259530971063	0.03921161228193776
896	KIC9702369	1.281	0.0502095608425328	0.0481040538832228	1.379	0.0183847763108502	0.0183847763108502	6431	50	50	2.29	0.20188288836486	0.20188288836486	0.03	0.1	0.1	4.266	0.0067082039324993	0.0067082039324993	0.488	0.0046812692723234	0.004616132255471	3.5785957	MS	F	NA	serenelli17	3.83737762395611	1.33319625169327	0.777484061576738	8.81584665348734	A	3.808278509582768	0.0033635118703831957	0.0033897649603766844	0.359835482339888	0.03669214548189442	0.0400806300064937
897	KIC9702752	1.188	0.0422018956920184	0.0446542271235322	1.701	0.025	0.0258069758011279	5770	62	62	2.656	0.233806485366682	0.233806485366682	0.265	0.1	0.1	4.051	0.0092195444572928	0.0092195444572928	0.2412	0.0057366165986581	0.0056365785721481	4.0118812	MS	G	NA	serenelli17	3.65556072456021	1.49344432102081	1.07452339688042	8.80295502133592	A	3.7611758131557314	0.004641702154186689	0.004691848713122226	0.4242280706959799	0.03664069069334169	0.040019233713818436
898	KIC9715099	1.37	0.15	0.17	2.49	0.1	0.11	6225	53	53	9.337	0.806574526556546	0.806574526556546	-0.22	0.4	0.3	3.78	0.019	0.019	0.0886	0.0032	0.0031	3.7136287	MS	F	NA	C14sdss	11.6788321167883	4.21686746987952	0.85140562248996	8.63847624029717	A	3.794139355767774	0.003681955596249953	0.0037134383766632695	0.9702073588068546	0.035983665578992796	0.0392366657213431
899	KIC9754284	1.276	0.0628012738724303	0.0812157620169878	1.621	0.0298328677803526	0.0346698716467194	6182	54	54	3.351	0.281864611514729	0.281864611514729	0.025	0.1	0.1	4.123	0.0120415945787923	0.0136014705087354	0.2992	0.0078388471728947	0.0078352029329175	3.7418152	MS	F	NA	serenelli17	5.64330077936591	1.98959714457347	0.873503720478809	8.41135814726139	A	3.791129000727286	0.003777105789517954	0.003810244102738558	0.5251744278352715	0.03507478517533902	0.038158380988603136
900	KIC9757640	1.154	0.0694046107978425	0.0724706837279738	1.774	0.0490917508345343	0.0490917508345343	5506	94	94	3.35	0.299077350987442	0.299077350987442	0.346	0.1	0.1	4.001	0.0161245154965971	0.0161245154965971	0.2065	0.0107596773185816	0.0105895352117078	4.1849332	PMS	G	NA	serenelli17	6.14710981481007	2.76729147883508	1.70722847802397	8.92768211902811	A	3.7408362070573116	0.0073518199488886715	0.007478419131726088	0.5250448070368452	0.03713826234341555	0.040613610057453675
901	KIC9762786	1.38	0.14	0.19	1.96	0.1	0.12	6482	52	52	6.917	0.598725134424361	0.598725134424361	0.06	0.15	0.15	3.99	0.014	0.014	0.1826	0.013	0.012	3.5451652	MS	F	NA	C14sdss	11.9565217391304	5.61224489795918	0.802221536562789	8.65584985433513	A	3.811709026696191	0.0034701034432274014	0.0034980537719691007	0.839917775678681	0.03605311299493874	0.03931926047134593
902	KIC9768011	1.35	0.16	0.16	2.02	0.13	0.13	6630	68	68	6.611	0.560297442785581	0.560297442785581	-0.26	0.2	0.15	3.955	0.023	0.024	0.1628	0.0155	0.0148	3.4481512	MS	F	NA	C14sdss	11.8518518518519	6.43564356435644	1.02564102564103	8.47522981070309	A	3.821513528404773	0.0044316147990750565	0.004477302354744417	0.8202671571609645	0.03533057887882052	0.03846135292056985
903	KIC9778067	1.189	0.0659469483751902	0.0674759216313494	1.998	0.0653681879816169	0.0644980619863884	6433	90	90	5.769	0.486377408885799	0.486377408885799	-0.529	0.102	0.102	3.911	0.0182482875908947	0.0192353840616713	0.1486	0.0098845886611431	0.0095669106821376	3.5772847	MS	F	NA	serenelli17	5.61071783038434	3.24990615535549	1.39903621949324	8.43087898918008	A	3.8084135514003683	0.006033827122119195	0.006118840002904413	0.7611005389581423	0.035152978372958166	0.038250954667457426
904	KIC9787965	1.31	0.0845990543682375	0.0835284382710463	2.062	0.0846286003665428	0.0782432105680742	6200	65	65	7.654	0.783754291524599	0.783754291524599	0.001	0.1	0.1	3.926	0.0191049731745428	0.0200997512422418	0.1489	0.0111745541745521	0.0107012597856514	3.7300162	MS	F	NA	serenelli17	6.41707987172839	3.94936495961729	1.04838709677419	10.2397999937889	A	3.792391689498254	0.004529385831915089	0.004577122435230674	0.8838884578884805	0.04233841663110649	0.04691618837961309
906	KIC9791157	1.186	0.0492442890089805	0.0575847201955519	1.952	0.0376961536499415	0.039560080889705	5852	63	63	4.555	0.40781935746871	0.40781935746871	-0.047	0.1	0.1	3.929	0.0116619037896906	0.0116619037896906	0.1589	0.0058789905596114	0.005834953384561	3.9581302	MS	G	NA	serenelli17	4.50375249597523	1.97889945029832	1.07655502392344	8.95322409371483	A	3.767304317453273	0.004650431510675901	0.00470076788646967	0.658488381309017	0.037240086215061474	0.04073542857198065
907	KIC9812421	1.34	0.0980815986819138	0.0933005894943864	3.169	0.0873613186713662	0.0854400374531753	5265	63	63	6.972	0.630803950774799	0.630803950774799	-0.231	0.1	0.1	3.562	0.0092195444572928	0.0092195444572928	0.04208	0.0007763113615038	0.0007732594002015	4.3429087	PMS	G	NA	serenelli17	7.14112642448881	2.72643351411394	1.1965811965812	9.04767571392425	A	3.721398375521505	0.00516584064073955	0.005228027661651424	0.8433573784379556	0.0376164132858825	0.041186198065928825
908	KIC9812850	1.339	0.0552177507691141	0.0602079728939615	1.789	0.0250599281722833	0.029732137494637	6407	47	47	4.628	0.38147187235337	0.38147187235337	-0.125	0.1	0.1	4.059	0.0064031242374328	0.0064031242374328	0.2342	0.0017609329913429	0.0019178618302682	3.5943277	MS	F	NA	serenelli17	4.31014651467795	1.53136013602349	0.733572654908694	8.2426938710754	A	3.8066547239918607	0.003174237076025488	0.003197608343446845	0.6653933502797119	0.03439859215187846	0.03735934522139939
909	KIC9821513	1.291	0.068622153857191	0.0960416576283438	1.775	0.0560357029044876	0.0593632883186233	6550	65	65	5.837	0.488221059178963	0.488221059178963	-0.307	0.101	0.101	4.048	0.014142135623731	0.0131529464379659	0.2299	0.0122443456338018	0.0119600167223963	3.5005912	MS	F	NA	serenelli17	6.37737457341343	3.25067580910172	0.99236641221374	8.36424634536514	A	3.816241299991783	0.004288548531736769	0.004331319571684311	0.76618969331016	0.0348860148940513	0.03793504395981606
911	KIC9880787	1.168	0.0537121960079831	0.0554707129934347	2.014	0.0389101529166874	0.0398120584747888	6074	56	56	5.216	0.446910121855063	0.446910121855063	-0.314	0.102	0.102	3.896	0.010295630140987	0.010295630140987	0.1427	0.0042925016016304	0.0041646590496702	3.8126092	MS	F	NA	serenelli17	4.6739258990333	1.95437466215184	0.921962462956865	8.56806215212927	A	3.7834747875822465	0.00398568693616852	0.0040226041781847854	0.7173375827238638	0.03570208610871395	0.038902075510257816
912	KIC9893470	1.626	0.0726223106214612	0.0718401002226472	3.399	0.107154094648781	0.123032516027268	5936	56	56	14.43	1.25161343147022	1.25161343147022	-0.054	0.1	0.1	3.588	0.0184390889145858	0.0194164878389476	0.04143	0.0032041415449383	0.0029809119477099	3.9030682	PMS	G	NA	serenelli17	4.4422635560919	3.38609312556707	0.943396226415094	8.67368975377839	A	3.7734938922709707	0.004077912420439311	0.004116566194832139	1.159266331093494	0.036124412735575095	0.039404088307153806
913	KIC9897838	1.06	0.09	0.08	2.6	0.09	0.08	5179	61	61	4.129	0.390234028308367	0.390234028308367	-0.4	0.15	0.1	3.633	0.009	0.009	0.0604	0.0016	0.0017	4.3992817	PMS	K	NA	C14sdss	8.0188679245283	3.26923076923077	1.17783355860205	9.45105420945428	A	3.714245911017894	0.005085375965832473	0.005145629466727364	0.6158448828747021	0.03921994895688663	0.043116601562114054
914	KIC9903271	1.208	0.137873130087048	0.122249744376011	3.367	0.167693172192549	0.155003225772885	4907	80	80	6.077	0.617880528110556	0.617880528110556	0.355	0.099	0.099	3.465	0.0101980390271856	0.0101980390271856	0.03161	0.0014049007082352	0.0013983708377966	4.5775777	PMS	K	NA	serenelli17	10.7666752675107	4.792046301833	1.63032402690035	10.167525557192	A	3.6908160579809155	0.007023310237447511	0.007138759162223618	0.7836892363473164	0.04205359497154271	0.046566637477411854
915	KIC9908400	1.53	0.0581377674149945	0.059464274989274	2.764	0.0339705755029261	0.0354682957019364	6000	55	55	9.868	0.865355868576696	0.865355868576696	0.16	0.1	0.1	3.739	0.0084852813742385	0.0084852813742385	0.07242	0.0014639759697481	0.0014556064749787	3.8611162	PMS	F	NA	serenelli17	3.8432040001395	1.25613008691864	0.916666666666667	8.76931362562522	A	3.7781512503836434	0.003962897095427742	0.00399939142893313	0.9942291408176984	0.03650638798346084	0.03985905770792353
916	KIC9955598	0.883	0.0430116263352131	0.0430116263352131	0.882	0.0156524758424985	0.0156524758424985	5434	77	77	0.6574	0.063711894918518	0.063711894918518	0.118	0.072	0.072	4.492	0.0076157731058639	0.0076157731058639	1.286	0.0093888070062175	0.0085299784290465	4.2321292	MS	G	p	serenelli17	4.87107886016004	1.77465712499983	1.417004048583	9.69149603263127	A	3.735119634081872	0.00611077694359885	0.006197987709012587	-0.18217030025439443	0.040172959668970415	0.044271352098350564
917	KIC9962623	0.987	0.0847584804016684	0.0763216876123687	1.395	0.042154477816716	0.0403112887414927	5913	166	166	2.079	0.180289341817693	0.180289341817693	-0.207	0.101	0.101	4.143	0.0161554944214035	0.0152315462117278	0.3635	0.0125135117373182	0.0123864432344398	3.9181447	MS	G	NA	serenelli17	8.16008956504747	2.9557622422297	2.80737358362929	8.67192601335704	A	3.771807878999106	0.012024264385335215	0.012366681865408236	0.3178544893314692	0.03611736421306566	0.03939570107094559
918	KIC9965715	1.245	0.0730068489937759	0.0730068489937759	1.3	0.0373363094051889	0.0373363094051889	7030	405	405	2.585	0.225418203421083	0.225418203421083	-0.404	0.1	0.1	4.304	0.015	0.0142126704035519	0.5659	0.0282817432277432	0.0276861644147397	3.1859512	MS	F	NA	serenelli17	5.86400393524305	2.87202380039915	5.76102418207681	8.72023997760477	A	3.846955325019824	0.024325647838149056	0.02576944241097845	0.4124605474299613	0.03631040234138516	0.0396255103633576
