# This file was produced by the NASA Exoplanet Archive  http://exoplanetarchive.ipac.caltech.edu
# Wed Jun  3 04:08:32 2026
#
# User preference: *
#
# CONSTRAINT:  where (default_flag = 1)
#
# COLUMN default_flag:   Default Parameter Set
# COLUMN st_teff:        Stellar Effective Temperature [K]
# COLUMN st_tefferr1:    Stellar Effective Temperature Upper Unc. [K]
# COLUMN st_tefferr2:    Stellar Effective Temperature Lower Unc. [K]
# COLUMN st_tefflim:     Stellar Effective Temperature Limit Flag
# COLUMN st_rad:         Stellar Radius [Solar Radius]
# COLUMN st_raderr1:     Stellar Radius Upper Unc. [Solar Radius]
# COLUMN st_raderr2:     Stellar Radius Lower Unc. [Solar Radius]
# COLUMN st_radlim:      Stellar Radius Limit Flag
# COLUMN st_mass:        Stellar Mass [Solar mass]
# COLUMN st_masserr1:    Stellar Mass Upper Unc. [Solar mass]
# COLUMN st_masserr2:    Stellar Mass Lower Unc. [Solar mass]
# COLUMN st_masslim:     Stellar Mass Limit Flag
# COLUMN st_met:         Stellar Metallicity [dex]
# COLUMN st_meterr1:     Stellar Metallicity Upper Unc. [dex]
# COLUMN st_meterr2:     Stellar Metallicity Lower Unc. [dex]
# COLUMN st_metlim:      Stellar Metallicity Limit Flag
# COLUMN st_lum:         Stellar Luminosity [log(Solar)]
# COLUMN st_lumerr1:     Stellar Luminosity Upper Unc. [log(Solar)]
# COLUMN st_lumerr2:     Stellar Luminosity Lower Unc. [log(Solar)]
# COLUMN st_lumlim:      Stellar Luminosity Limit Flag
# COLUMN st_logg:        Stellar Surface Gravity [log10(cm/s**2)]
# COLUMN st_loggerr1:    Stellar Surface Gravity Upper Unc. [log10(cm/s**2)]
# COLUMN st_loggerr2:    Stellar Surface Gravity Lower Unc. [log10(cm/s**2)]
# COLUMN st_logglim:     Stellar Surface Gravity Limit Flag
#
loc_rowid	default_flag	st_teff	st_tefferr1	st_tefferr2	st_tefflim	st_rad	st_raderr1	st_raderr2	st_radlim	st_mass	st_masserr1	st_masserr2	st_masslim	st_met	st_meterr1	st_meterr2	st_metlim	st_lum	st_lumerr1	st_lumerr2	st_lumlim	st_logg	st_loggerr1	st_loggerr2	st_logglim
1	1	4874.00			0	13.760000	2.850000	-2.450000	0	2.090000	0.640000	-0.630000	0	-0.2600	0.1000	-0.1000	0	1.97823	0.18002	-0.15868	0	2.450000	0.080000	-0.080000	0
6	1	4213.00	46.00	-46.00	0	29.790000	2.840000	-2.840000	0	2.780000	0.690000	-0.690000	0	-0.0200			0					1.930000	0.070000	-0.070000	0
7	1	4888.00			0	11.550000	1.120000	-0.510000	0	1.780000	0.430000	-0.290000	0	-0.2100	0.1000	-0.1000	0	1.83992	0.08135	-0.04991	0	2.550000	0.060000	-0.070000	0
17	1									0.970000	0.040000	-0.040000	0	0.4300	0.0700	-0.0700	0								
19	1	5750.00	8.00	-8.00	0	1.130000	0.010000	-0.010000	0	1.080000	0.040000	-0.040000	0	0.0600			0					4.360000	0.010000	-0.010000	0
25	1	4157.00	11.00	-10.00	0	25.920000	0.780000	-0.740000	0	1.220000	0.130000	-0.140000	0	-0.0100	0.1000	-0.1000	0	2.25435	0.02604	-0.02373	0	1.700000	0.040000	-0.060000	0
28	1	4980.00			0	8.800000	0.610000	-0.400000	0	2.100000	0.130000	-0.090000	0	-0.0600	0.1000	-0.1000	0	1.63367	0.06102	-0.04283	0	2.870000	0.030000	-0.050000	0
31	1	4060.00	300.00	-200.00	0					0.850000	0.200000	-0.100000	0					-0.37000	0.15000	-0.15000	0				
33	1	4816.00			0	12.190000	1.450000	-1.280000	0	1.050000	0.270000	-0.180000	0	-0.7800	0.1000	-0.1000	0	1.87691	0.08998	-0.09537	0	2.280000	0.090000	-0.070000	0
35	1	5098.00	44.00	-44.00	0	4.900000	0.080000	-0.080000	0	1.540000	0.080000	-0.080000	0	-0.0300	0.0400	-0.0400	0	1.16400	0.00300	-0.00300	0	3.500000	0.100000	-0.100000	0
36	1	5098.00	44.00	-44.00	0	4.900000	0.080000	-0.080000	0	1.540000	0.080000	-0.080000	0	-0.0300	0.0400	-0.0400	0	1.16400	0.00300	-0.00300	0	3.500000	0.100000	-0.100000	0
37	1	3100.00	100.00	-100.00	0	0.840000	0.110000	-0.110000	0	0.170000	0.010000	-0.020000	0	0.0100	0.0500	-0.0500	0	-1.16368	0.00315	-0.00318	0	4.500000	0.500000	-0.500000	0
38	1									0.190000	0.020000	-0.020000	0												
39	1	3530.00	50.00	-50.00	0					0.400000	0.050000	-0.050000	0					-1.72000	0.11000	-0.11000	0				
41	1	3064.00	76.00	-76.00	0	0.281000	0.013000	-0.013000	0	0.108000	0.011000	-0.011000	0					-2.23000	0.06000	-0.06000	0	4.590000	0.060000	-0.060000	0
42	1									0.046000	0.012000	-0.011000	0					-2.59000	0.09000	-0.09000	0				
44	1																								
45	1									0.019000			0												
46	1																								
47	1																								
48	1																								
52	1	29564.00			0	0.203000	0.001000	-0.001000	0	0.480000			0									5.508000	0.012000	-0.012000	0
53	1																								
54	1	4045.00	35.00	-35.00	0					0.600000	0.050000	-0.050000	0												
55	1																								
57	1	4415.00	70.00	-70.00	0	18.110000	1.470000	-1.470000	0	1.234000	0.150000	-0.150000	0	-0.2500	0.0400	-0.0400	0					1.800000	0.150000	-0.150000	0
60	1	5872.00	92.94	-113.53	0	1.213340	0.038883	-0.058353	0	1.060000	0.128402	-0.137608	0	0.0400	0.1000	-0.1000	0	0.19780	0.01239	-0.01118	0	4.295410	0.066185	-0.071358	0
66	1	5872.00	92.94	-113.53	0	1.213340	0.038883	-0.058353	0	1.060000	0.128402	-0.137608	0	0.0400	0.1000	-0.1000	0	0.19780	0.01239	-0.01118	0	4.295410	0.066185	-0.071358	0
68	1	5872.00	92.94	-113.53	0	1.213340	0.038883	-0.058353	0	1.060000	0.128402	-0.137608	0	0.0400	0.1000	-0.1000	0	0.19780	0.01239	-0.01118	0	4.295410	0.066185	-0.071358	0
71	1									1.750000	0.050000	-0.050000	0												
79	1	5758.00	101.62	-119.62	0	1.175610	0.067361	-0.035328	0	1.030000	0.166699	-0.085418	0	0.1800	0.1000	-0.1000	0	0.13631	0.00742	-0.01525	0	4.310380	0.081246	-0.062595	0
80	1	3286.00	31.00	-31.00	0	0.274000	0.066000	-0.066000	0	0.260000	0.020000	-0.020000	0	0.1600	0.1000	-0.1000	0					4.860000	0.050000	-0.050000	0
81	1	3286.00	31.00	-31.00	0	0.274000	0.066000	-0.066000	0	0.260000	0.020000	-0.020000	0	0.1600	0.1000	-0.1000	0					4.860000	0.050000	-0.050000	0
90	1	5198.00	31.00	-31.00	0	0.980000	0.016000	-0.016000	0	1.015000	0.051000	-0.051000	0	0.3900	0.1000	-0.1000	0					4.300000	0.050000	-0.050000	0
103	1	5198.00	31.00	-31.00	0	0.980000	0.016000	-0.016000	0	1.015000	0.051000	-0.051000	0	0.3900	0.1000	-0.1000	0					4.300000	0.050000	-0.050000	0
114	1	5198.00	31.00	-31.00	0	0.980000	0.016000	-0.016000	0	1.015000	0.051000	-0.051000	0	0.3900	0.1000	-0.1000	0					4.300000	0.050000	-0.050000	0
124	1	5172.00	18.00	-18.00	0	0.943000	0.010000	-0.010000	0	0.905000	0.015000	-0.015000	0	0.3500	0.1000	-0.1000	0					4.430000	0.020000	-0.020000	0
147	1	5198.00	31.00	-31.00	0	0.980000	0.016000	-0.016000	0	1.015000	0.051000	-0.051000	0	0.3900	0.1000	-0.1000	0					4.300000	0.050000	-0.050000	0
148	1	4941.00			0	4.940000	0.550000	-0.500000	0	1.320000	0.200000	-0.210000	0	-0.1700	0.1100	-0.0700	0	1.11860	0.09545	-0.09823	0	3.160000	0.080000	-0.080000	0
153	1	5577.00	33.00	-33.00	0	0.963000	0.011000	-0.011000	0	0.942000	0.034000	-0.029000	0	-0.0100			0	-0.09500	0.00300	-0.00300	0	4.340000	0.030000	-0.030000	0
157	1	5577.00	33.00	-33.00	0	0.963000	0.011000	-0.011000	0	0.942000	0.034000	-0.029000	0	-0.0100			0	-0.09500	0.00300	-0.00300	0	4.340000	0.030000	-0.030000	0
159	1	5577.00	33.00	-33.00	0	0.963000	0.011000	-0.011000	0	0.942000	0.034000	-0.029000	0	-0.0100			0	-0.09500	0.00300	-0.00300	0	4.340000	0.030000	-0.030000	0
161	1	4826.00	45.00	-55.00	0	4.870000	0.170000	-0.140000	0	1.340000	0.110000	-0.120000	0	0.2100	0.1000	-0.1000	0	1.06258	0.01150	-0.00759	0	3.190000	0.060000	-0.070000	0
165	1	4826.00	45.00	-55.00	0	4.870000	0.170000	-0.140000	0	1.340000	0.110000	-0.120000	0	0.2100	0.1000	-0.1000	0	1.06258	0.01150	-0.00759	0	3.190000	0.060000	-0.070000	0
171	1	5495.00			0	1.890000			0	1.090000			0									3.950000			0
173	1	4809.00			0	10.380000	0.150000	-0.260000	0	1.920000	0.070000	-0.080000	0	0.1000	0.0800	-0.0500	0	1.71450	0.01207	-0.02103	0	2.690000	0.030000	-0.040000	0
174	1	4809.00			0	10.380000	0.150000	-0.260000	0	1.920000	0.070000	-0.080000	0	0.1000	0.0800	-0.0500	0	1.71450	0.01207	-0.02103	0	2.690000	0.030000	-0.040000	0
175	1	4847.00	100.00	-100.00	0	10.730000	0.140000	-0.140000	0	1.510000	0.060000	-0.060000	0	-0.0300	0.1000	-0.1000	0	1.72346	0.04592	-0.05136	0				
180	1	4734.00			0	11.210000	0.810000	-0.350000	0	1.230000	0.300000	-0.250000	0	-0.1100	0.1000	-0.0600	0	1.76027	0.05934	-0.04061	0	2.410000	0.070000	-0.060000	0
181	1	4665.00	18.00	-18.00	0	11.000000	0.100000	-0.100000	0	1.400000	0.100000	-0.100000	0	-0.0300	0.1000	-0.1000	0					2.520000	0.050000	-0.050000	0
182	1	9770.00	100.00	-100.00	0					2.400000	0.200000	-0.200000	0					1.77085	0.03533	-0.03846	0				
183	1																								
188	1									1.218000	0.029000	-0.039000	0												
189	1	3680.00	307.00	-204.00	0					0.490000	0.160000	-0.180000	0												
203	1	3540.00	120.00	-110.00	0	0.862000	0.052000	-0.052000	0	0.635000	0.040000	-0.070000	0	0.0100	0.0600	-0.0600	0	-0.97757	0.00574	-0.00581	0	4.370000	0.080000	-0.100000	0
204	1	3540.00	120.00	-110.00	0	0.862000	0.052000	-0.052000	0	0.635000	0.040000	-0.070000	0	0.0100	0.0600	-0.0600	0	-0.97757	0.00574	-0.00581	0	4.370000	0.080000	-0.100000	0
213	1	3678.00	90.00	-88.00	0	0.744000	0.023000	-0.021000	0	0.510000	0.028000	-0.027000	0	0.2300	0.2400	-0.3000	0	-1.03810	0.04925	-0.04914	0	4.404000	0.026000	-0.031000	0
214	1	3665.00	31.00	-31.00	0	0.820000	0.020000	-0.020000	0	0.600000	0.040000	-0.040000	0	0.1200	0.1000	-0.1000	0	-0.99000	0.01000	-0.01000	0	4.520000	0.050000	-0.050000	0
216	1	4095.00	20.00	-20.00	0	32.350000	8.820000	-8.820000	0	1.140000	0.250000	-0.250000	0	-0.7100	0.0900	-0.0900	0	2.70000	0.14000	-0.14000	0	1.890000	0.100000	-0.100000	0
217	1	4596.00	65.00	-64.00	0	0.690000	0.020000	-0.020000	0	0.700000	0.020000	-0.020000	0	-0.0500	0.0800	-0.0500	0	-0.71670	0.01116	-0.01146	0	4.600000	0.030000	-0.020000	0
219	1	4864.00	101.00	-101.00	0	0.860000	0.040000	-0.040000	0	0.490000	0.330000	-0.330000	0	0.1700			0					4.260000	0.290000	-0.290000	0
220	1	4649.00	30.00	-30.00	0	8.950000	1.450000	-1.450000	0	1.080000	0.140000	-0.140000	0	-0.2200	0.0800	-0.0800	0	1.57000	0.10000	-0.10000	0	2.610000	0.120000	-0.120000	0
221	1	4796.00	117.00	-117.00	0	14.700000	2.800000	-2.800000	0	1.100000	0.200000	-0.200000	0	0.2800	0.0700	-0.0700	0	2.01000	0.75000	-0.75000	0	2.800000	0.450000	-0.450000	0
223	1	4137.00	10.00	-10.00	0	49.000000	26.000000	-26.000000	0	2.800000	1.500000	-1.500000	0	-1.0000	0.0700	-0.0700	0	3.17000			0	1.510000	0.050000	-0.050000	0
224	1	4137.00	10.00	-10.00	0	49.000000	26.000000	-26.000000	0	2.800000	1.500000	-1.500000	0	-1.0000	0.0700	-0.0700	0	3.17000			0	1.510000	0.050000	-0.050000	0
225	1	4296.00	10.00	-10.00	0	17.300000	0.900000	-0.900000	0	0.800000	0.200000	-0.200000	0	-0.4600	0.0700	-0.0700	0	1.96000	0.18000	-0.18000	0	1.990000	0.050000	-0.050000	0
226	1	5766.00	99.00	-99.00	0	1.080000	0.060000	-0.060000	0	1.670000	0.400000	-0.400000	0	-0.1500			0					4.500000	0.080000	-0.080000	0
229	1	4500.00	250.00	-250.00	0	50.240000	28.970000	-28.970000	0	3.750000	0.860000	-0.860000	0	-0.0300	0.1600	-0.1600	0	2.84000	0.28000	-0.28000	0	1.500000	0.500000	-0.500000	0
230	1	4500.00	250.00	-250.00	0	17.850000	10.010000	-10.010000	0	1.380000	0.300000	-0.300000	0	-0.2000	0.1100	-0.1100	0	1.99000	0.26000	-0.26000	0	2.000000	0.500000	-0.500000	0
231	1	5004.00	50.00	-50.00	0					0.810000	0.072000	-0.072000	0	-0.0900	0.0300	-0.0300	0					4.220000	0.130000	-0.130000	0
232	1	4414.00	15.00	-15.00	0	11.000000	1.000000	-1.000000	0	0.740000	0.390000	-0.390000	0	-0.2000	0.0700	-0.0700	0	1.69000	0.33000	-0.33000	0	2.240000	0.060000	-0.060000	0
233	1	4534.00	8.00	-8.00	0	10.330000	1.810000	-1.810000	0	1.090000	0.160000	-0.160000	0	-0.1300	0.0600	-0.0600	0	1.64000	0.12000	-0.12000	0	2.480000	0.040000	-0.040000	0
234	1	4943.00	30.00	-30.00	0	7.600000	1.300000	-1.300000	0	1.520000	0.220000	-0.220000	0	-0.1900	0.0600	-0.0600	0	1.47000	0.13000	-0.13000	0	2.850000	0.090000	-0.090000	0
235	1	5012.00	78.00	-78.00	0					0.909000	0.099000	-0.099000	0	0.1800	0.0500	-0.0500	0					4.090000	0.160000	-0.160000	0
236	1	4993.00	124.00	-124.00	0	0.797000	0.051000	-0.051000	0	1.000000			0					0.35595	0.01021	-0.01021	0	4.553900			0
238	1	5000.00	53.00	-53.00	0					0.816000	0.083000	-0.083000	0	-0.0900	0.0300	-0.0300	0					4.200000	0.170000	-0.170000	0
240	1	4324.00	100.00	-100.00	0					0.700000			0	-0.1400	0.1700	-0.1700	0	-1.02200	0.04300	-0.04800	0	4.740000	0.020000	-0.020000	0
241	1	4324.00	100.00	-100.00	0					0.700000			0	-0.1400	0.1700	-0.1700	0	-1.02200	0.04300	-0.04800	0	4.740000	0.020000	-0.020000	0
243	1	4816.00	114.00	-114.00	0	0.710000	0.040000	-0.040000	0	0.500000	0.260000	-0.260000	0	-0.0600			0					4.430000	0.220000	-0.220000	0
245	1	4746.00	63.00	-63.00	0					0.740000	0.070000	-0.070000	0	-0.0700	0.0300	-0.0300	0					4.130000	0.260000	-0.260000	0
247	1	5393.00	44.00	-44.00	0	0.910000	0.040000	-0.040000	0	1.470000	0.240000	-0.240000	0	0.3800			0					4.690000	0.060000	-0.060000	0
251	1	4550.00	110.00	-110.00	0	0.639000	0.020000	-0.022000	0	0.651000	0.031000	-0.029000	0	-0.3500	0.1500	-0.1500	0	-0.80410	0.04961	-0.04977	0	4.642000	0.027000	-0.025000	0
252	1	4550.00	110.00	-110.00	0	0.639000	0.020000	-0.022000	0	0.651000	0.031000	-0.029000	0	-0.3500	0.1500	-0.1500	0	-0.80410	0.04961	-0.04977	0	4.642000	0.027000	-0.025000	0
253	1	4545.00	71.00	-71.00	0	19.170000	4.960000	-4.960000	0	2.120000	1.470000	-1.470000	0	-0.0800			0					2.200000	0.200000	-0.200000	0
255	1	6935.00	90.00	-90.00	0	2.350000	0.080000	-0.080000	0	1.410000	0.050000	-0.050000	0	-0.3400	0.0500	-0.0500	0	1.06000	0.03000	-0.03000	0	3.850000	0.030000	-0.030000	0
259	1									0.741000	0.040000	-0.040000	0												
261	1	4051.00	239.00	-239.00	0	0.747000	0.088000	-0.088000	0	0.679000	0.017000	-0.017000	0	0.1200	0.1000	-0.1000	0	-0.86967	0.00639	-0.00648	0	4.670000	0.060000	-0.060000	0
262	1									0.690000	0.010000	-0.010000	0												
265	1	6033.00	100.00	-100.00	0	1.414000	0.017000	-0.017000	0	1.083000	0.026000	-0.026000	0	-0.0200	0.1000	-0.1000	0					4.203000	0.017000	-0.017000	0
266	1									1.507000	0.152000	-0.152000	0												
268	1	3195.00	28.00	-28.00	0	0.185000	0.006000	-0.006000	0	0.162000	0.007000	-0.007000	0	-0.5600	0.0700	-0.0700	0	-2.44977	0.00872	-0.00890	0	4.900000	0.090000	-0.090000	0
269	1	3195.00	28.00	-28.00	0	0.185000	0.006000	-0.006000	0	0.162000	0.007000	-0.007000	0	-0.5600	0.0700	-0.0700	0	-2.44977	0.00872	-0.00890	0	4.900000	0.090000	-0.090000	0
270	1	3195.00	28.00	-28.00	0	0.185000	0.006000	-0.006000	0	0.162000	0.007000	-0.007000	0	-0.5600	0.0700	-0.0700	0	-2.44977	0.00872	-0.00890	0	4.900000	0.090000	-0.090000	0
271	1	3195.00	28.00	-28.00	0	0.185000	0.006000	-0.006000	0	0.162000	0.007000	-0.007000	0	-0.5600	0.0700	-0.0700	0	-2.44977	0.00872	-0.00890	0	4.900000	0.090000	-0.090000	0
272	1	3130.00	51.00	-51.00	0	0.175000	0.006000	-0.006000	0	0.161000	0.010000	-0.010000	0	0.1300	0.1600	-0.1600	0	-2.53254	0.00778	-0.00792	0	4.930000	0.040000	-0.040000	0
273	1	3689.00	100.00	-100.00	0									-0.1600	0.2500	-0.2500	0					4.240000	0.500000	-0.500000	0
275	1	580.50	24.50	-24.50	0					0.021000	0.009000	-0.009000	0									4.725000	0.275000	-0.275000	0
276	1	2320.00	40.00	-40.00	0	0.245000	0.007000	-0.008000	0	0.014700	0.000800	-0.000800	0					-2.85000	0.06000	-0.06000	0	3.845000	0.007000	-0.008000	0
277	1									0.350000			0												
278	1																								
281	1	3552.00	65.00	-32.00	0	0.366000	0.005000	-0.014000	0	0.400000	0.010000	-0.020000	0					-1.71900	0.00700	-0.00700	0	4.910000	0.020000	-0.010000	0
282	1																								
283	1									0.024000	0.013000	-0.013000	0												
287	1	5950.00	150.00	-150.00	0	1.110000	0.050000	-0.050000	0	0.950000	0.150000	-0.150000	0	-0.3000	0.2500	-0.2500	0					4.250000	0.300000	-0.300000	0
292	1	5075.00	75.00	-75.00	0	0.790000	0.050000	-0.050000	0	0.890000	0.050000	-0.050000	0	0.2600	0.0700	-0.0700	0					4.650000	0.100000	-0.100000	0
298	1	6440.00	120.00	-120.00	0	1.370000	0.030000	-0.030000	0	1.270000	0.050000	-0.050000	0	-0.0300	0.0800	-0.0800	0					4.220000	0.230000	-0.230000	0
304	1	5675.00	80.00	-80.00	0	1.116000	0.096000	-0.092000	0	1.078000	0.077000	-0.072000	0	0.1600	0.1000	-0.1000	0					4.375000	0.065000	-0.062000	0
312	1	5945.00	90.00	-90.00	0	1.010000	0.030000	-0.030000	0	1.090000	0.020000	-0.020000	0	0.0100	0.0700	-0.0700	0					4.460000	0.050000	-0.050000	0
313	1	6035.00	100.00	-100.00	0	1.210000	0.080000	-0.080000	0	1.130000	0.090000	-0.090000	0	0.0500	0.1500	-0.1500	0					4.350000	0.150000	-0.150000	0
316	1	5650.00	100.00	-100.00	0	1.190000	0.140000	-0.130000	0	1.098000	0.082000	-0.078000	0	0.1900	0.0600	-0.0600	0					4.360000	0.100000	-0.100000	0
318	1	5740.00	80.00	-80.00	0	1.590000	0.070000	-0.070000	0	1.040000	0.100000	-0.100000	0	0.0000	0.1000	-0.1000	0					4.400000	0.100000	-0.100000	0
321	1	5440.00	100.00	-100.00	0	1.000000	0.130000	-0.130000	0	0.950000	0.150000	-0.150000	0	-0.1000	0.1000	-0.1000	0					4.400000	0.100000	-0.100000	0
329	1	6090.00	70.00	-70.00	0	1.650000	0.040000	-0.040000	0	1.210000	0.050000	-0.050000	0	-0.0200	0.1000	-0.1000	0	0.54400	0.02400	-0.02600	0	4.070000	0.030000	-0.030000	0
340	1	5625.00	120.00	-120.00	0	0.906000	0.026000	-0.027000	0	0.960000	0.080000	-0.080000	0												
347	1									1.140000	0.080000	-0.080000	0												
352	1									1.140000	0.080000	-0.080000	0												
353	1	6200.00	100.00	-100.00	0	1.950000	0.210000	-0.210000	0	1.290000	0.090000	-0.090000	0	0.0000	0.1000	-0.1000	0					3.700000	0.100000	-0.100000	0
355	1	5939.00	54.00	-120.00	0	1.136000	0.038000	-0.090000	0	1.099000	0.049000	-0.049000	0	0.1700	0.0700	-0.1200	0					4.361000	0.065000	-0.029000	0
357	1	5900.00	100.00	-100.00	0	1.610000	0.180000	-0.180000	0	1.140000	0.080000	-0.080000	0	0.0500	0.1000	-0.1000	0					4.300000	0.200000	-0.200000	0
359	1	4950.00	150.00	-150.00	0	0.860000	0.090000	-0.090000	0	0.910000	0.090000	-0.090000	0	0.3000	0.1500	-0.1500	0					4.550000	0.150000	-0.150000	0
360	1	4950.00	150.00	-150.00	0	0.860000	0.090000	-0.090000	0	0.910000	0.090000	-0.090000	0	0.3000	0.1500	-0.1500	0					4.550000	0.150000	-0.150000	0
361	1	6040.00	90.00	-90.00	0	1.190000	0.140000	-0.030000	0	1.090000	0.110000	-0.050000	0	-0.0100	0.1300	-0.1300	0					4.310000	0.050000	-0.080000	0
363	1	5590.00	100.00	-100.00	0	1.790000	0.180000	-0.090000	0	1.090000	0.060000	-0.060000	0	0.0100	0.1300	-0.1300	0					3.990000	0.050000	-0.080000	0
365	1	5900.00	120.00	-120.00	0	1.080000	0.180000	-0.060000	0	1.050000	0.110000	-0.110000	0	-0.1000	0.1000	-0.1000	0					4.400000	0.100000	-0.100000	0
368	1	5150.00	100.00	-100.00	0	1.780000	0.110000	-0.110000	0	1.010000	0.140000	-0.140000	0	0.1500	0.1000	-0.1000	0					3.600000	0.200000	-0.200000	0
369	1	5260.00	100.00	-100.00	0	0.900000	0.120000	-0.120000	0	0.970000	0.140000	-0.140000	0	0.2000	0.1000	-0.1000	0					4.300000	0.200000	-0.200000	0
373	1	6740.00	140.00	-140.00	0	1.560000	0.090000	-0.090000	0	1.370000	0.090000	-0.090000	0									4.220000	0.070000	-0.070000	0
377	1	5650.00	100.00	-100.00	0	0.910000	0.090000	-0.030000	0	0.980000	0.030000	-0.050000	0	0.0200	0.1000	-0.1000	0					4.400000	0.100000	-0.100000	0
378	1	5700.00	120.00	-120.00	0	2.150000	0.560000	-0.660000	0	1.250000	0.220000	-0.210000	0	0.0000	0.1000	-0.1000	0					3.850000	0.250000	-0.250000	0
379	1	5970.00	100.00	-100.00	0	0.790000	0.080000	-0.090000	0	1.080000	0.080000	-0.070000	0	0.0000	0.2000	-0.2000	0	-0.15490	0.10914	-0.14613	0	4.670000	0.110000	-0.080000	0
381	1	6390.00	130.00	-130.00	0	1.650000	0.100000	-0.110000	0	1.010000	0.070000	-0.060000	0	-0.5000	0.1000	-0.1000	0					4.010000	0.050000	-0.050000	0
382	1	6730.00	140.00	-140.00	0	1.520000	0.200000	-0.100000	0	1.320000	0.090000	-0.090000	0	-0.1000	0.1000	-0.1000	0					4.160000	0.060000	-0.060000	0
383	1	6190.00	60.00	-60.00	0	1.170000	0.010000	-0.030000	0	1.160000	0.030000	-0.020000	0									4.410000	0.050000	-0.050000	0
390	1	6100.00	65.00	-65.00	0	1.186000	0.040000	-0.040000	0	1.000000	0.020000	-0.020000	0	-0.2500	0.0600	-0.0600	0					4.190000	0.030000	-0.030000	0
396	1	6090.00	70.00	-70.00	0	1.025000	0.026000	-0.026000	0	1.050000	0.050000	-0.050000	0	-0.2000	0.1000	-0.1000	0					4.430000	0.100000	-0.100000	0
402	1	5275.00	75.00	-75.00	0	0.830000	0.040000	-0.040000	0	0.820000	0.170000	-0.170000	0	0.0500			0					4.500000	0.100000	-0.100000	0
407	1	5256.00	91.33	-130.85	0	0.864273	0.053165	-0.040252	0	0.899000	0.122462	-0.095241	0	0.0600	0.1000	-0.1000	0	-0.28938	0.02148	-0.01519	0	4.518530	0.075883	-0.075893	0
408	1	5250.00	60.00	-60.00	0					0.915000	0.017000	-0.017000	0												
410	1	5080.00	80.00	-80.00	0	0.770000	0.020000	-0.020000	0	0.880000	0.040000	-0.040000	0	0.3000	0.1000	-0.1000	0					4.580000	0.080000	-0.080000	0
415	1	5625.00	80.00	-80.00	0	0.960000	0.060000	-0.060000	0	0.960000	0.040000	-0.040000	0	-0.0100	0.0600	-0.0600	0					4.540000	0.090000	-0.090000	0
418	1									0.510000			0												
419	1									0.075000	0.007000	-0.007000	0												
420	1					0.270000	0.070000	-0.070000	0	0.330000			0												
423	1									1.210000	0.030000	-0.030000	0												
425	1									1.210000	0.030000	-0.030000	0												
426	1									1.210000	0.030000	-0.030000	0												
428	1	6196.00	29.00	-29.00	0	1.260000	0.020000	-0.020000	0	1.210000	0.030000	-0.030000	0									4.410000	0.210000	-0.210000	0
429	1									1.410000	0.040000	-0.040000	0												
431	1									1.410000	0.040000	-0.040000	0												
432	1									1.410000	0.040000	-0.040000	0												
433	1									0.900000	0.009000	-0.009000	0												
436	1	6400.00	50.00	-50.00	0	1.380000	0.010000	-0.010000	0	1.250000	0.020000	-0.020000	0	-0.0070	0.0560	-0.0560	0	0.45939	0.01190	-0.01223	0	4.240000	0.100000	-0.100000	0
437	1					1.270000	0.010000	-0.010000	0	1.079000	0.045000	-0.045000	0												
438	1					1.270000	0.010000	-0.010000	0	1.079000	0.045000	-0.045000	0												
439	1									1.090000	0.040000	-0.040000	0									4.170000	0.090000	-0.090000	0
440	1					1.240000	0.010000	-0.010000	0	0.990000	0.040000	-0.040000	0												
441	1					1.260000	0.010000	-0.010000	0	1.100000	0.040000	-0.040000	0												
443	1									0.690000			0												
446	1	5428.00	80.00	-80.00	0	0.964000	0.029000	-0.029000	0	1.010000	0.060000	-0.060000	0	0.0000			0	-0.13966	0.00772	-0.00786	0				
447	1	3648.00	172.00	-143.00	0	0.282000	0.074000	-0.069000	0	0.287000	0.101000	-0.084000	0	-0.0480	0.1500	-0.2100	0					4.999000	0.075000	-0.075000	0
449	1									0.410000	0.112000	-0.048000	0												
450	1	5633.00	111.00	-111.00	0	0.940000	0.090000	-0.090000	0					-0.0530	0.2400	-0.2400	0					4.400000	0.070000	-0.070000	0
451	1									0.780000	0.085000	-0.170000	0												
453	1	5679.00	60.00	-39.00	0	0.980000	0.025000	-0.025000	0	0.958000	0.048000	-0.048000	0	0.0100	0.1000	-0.1000	0	-0.04915	0.00723	-0.00736	0	4.435000	0.035000	-0.035000	0
456	1									1.073000	0.034000	-0.034000	0												
457	1									0.670000	0.030000	-0.040000	0												
458	1	4520.00	108.00	-54.00	0	0.655000	0.041000	-0.045000	0	0.727000	0.044000	-0.053000	0	-0.0030	0.1200	-0.3000	0	-0.36351	0.32493	-0.95525	0	4.659000	0.035000	-0.025000	0
459	1									0.611000	0.056000	-0.056000	0												
462	1	5053.00	103.00	-166.00	0	0.628461	0.043420	-0.024858	0	0.802000	0.081000	-0.163000	0	0.0000			0					4.595000	0.050000	-2.860000	0
465	1	5502.70	101.00	-50.50	0	0.830000	0.087000	-0.043000	0	0.877000	0.060000	-0.029000	0												
468	1									0.928000	0.082000	-0.098000	0												
471	1	5724.00	72.00	-72.00	0	1.100000	0.360000	-0.360000	0					-0.2200	0.0600	-0.0600	0					4.500000	0.100000	-0.100000	0
475	1	5724.00	72.00	-72.00	0	1.100000	0.360000	-0.360000	0					-0.2200	0.0600	-0.0600	0					4.500000	0.100000	-0.100000	0
476	1									0.221000	0.035000	-0.062000	0												
477	1	4114.00	99.00	-99.00	0	0.500000	0.040000	-0.040000	0					0.0060	0.1200	-0.1200	0					4.800000	0.050000	-0.050000	0
480	1	4114.00	99.00	-99.00	0	0.500000	0.040000	-0.040000	0					0.0060	0.1200	-0.1200	0					4.800000	0.050000	-0.050000	0
484	1	3297.00	73.00	-73.00	0	0.250000	0.010000	-0.010000	0					-0.3300	0.0930	-0.0930	0					4.900000	0.080000	-0.080000	0
485	1									0.711000	0.090000	-0.025000	0												
489	1	4752.00	138.00	-138.00	0	0.758000	0.052000	-0.057000	0	0.832000	0.253000	-0.367000	0	0.0190	0.2350	-0.2350	0					4.596000	0.150000	-0.150000	0
494	1	4057.00	37.00	-39.00	0	0.580000	0.010000	-0.010000	0	0.620000	0.020000	-0.020000	0	0.2000	0.0500	-0.0700	0					4.700000	0.010000	-0.010000	0
502	1	6069.00	90.00	-90.00	0	1.390000	0.020000	-0.020000	0	1.170000	0.040000	-0.040000	0	0.1000	0.0500	-0.0500	0					4.220000	0.020000	-0.020000	0
507	1	5171.00	172.00	-130.00	0	0.800000	0.030000	-0.030000	0	0.830000	0.050000	-0.040000	0	-0.0300	0.1500	-0.1600	0					4.550000	0.030000	-0.030000	0
510	1	5171.00	172.00	-130.00	0	0.800000	0.030000	-0.030000	0	0.830000	0.050000	-0.040000	0	-0.0300	0.1500	-0.1600	0					4.550000	0.030000	-0.030000	0
514	1									1.106000	0.145000	-0.120000	0												
515	1									0.912000	0.037000	-0.162000	0												
516	1	6004.00	77.00	-78.00	0	0.980000	0.040000	-0.030000	0	0.990000	0.030000	-0.040000	0	-0.1800	0.0600	-0.0600	0					4.450000	0.030000	-0.040000	0
520	1	6004.00	77.00	-78.00	0	0.980000	0.040000	-0.030000	0	0.990000	0.030000	-0.040000	0	-0.1800	0.0600	-0.0600	0					4.450000	0.030000	-0.040000	0
525	1	5765.00	170.00	-170.00	0	0.930000	0.200000	-0.200000	0					-0.3900	0.2500	-0.2500	0					4.400000	0.070000	-0.070000	0
527	1	5765.00	170.00	-170.00	0	0.930000	0.200000	-0.200000	0					-0.3900	0.2500	-0.2500	0					4.400000	0.070000	-0.070000	0
529	1	4684.00	79.00	-79.00	0	0.673000	0.024000	-0.024000	0	0.690000	0.038000	-0.038000	0	-0.1370	0.1270	-0.1270	0					4.622000	0.024000	-0.024000	0
531	1	4684.00	79.00	-79.00	0	0.673000	0.024000	-0.024000	0	0.690000	0.038000	-0.038000	0	-0.1370	0.1270	-0.1270	0					4.622000	0.024000	-0.024000	0
532	1	5620.00	31.00	-31.00	0	0.890000	0.090000	-0.090000	0					0.2800	0.0300	-0.0300	0					4.500000	0.080000	-0.080000	0
534	1	5499.00	109.00	-109.00	0	1.000000	0.040000	-0.040000	0					-0.2300	0.1600	-0.1600	0					4.500000	0.040000	-0.040000	0
547	1	5578.00	46.00	-46.00	0	0.990000	0.012000	-0.012000	0	0.913000	0.024000	-0.024000	0	-0.0050	0.0590	-0.0590	0					4.408000	0.017000	-0.017000	0
549	1	5578.00	46.00	-46.00	0	0.990000	0.012000	-0.012000	0	0.913000	0.024000	-0.024000	0	-0.0050	0.0590	-0.0590	0					4.408000	0.017000	-0.017000	0
561	1	3782.00	152.00	-152.00	0	0.320000	0.070000	-0.070000	0					-0.1800	0.2500	-0.2500	0					5.000000	0.070000	-0.070000	0
563	1	5868.00	60.00	-60.00	0	0.999000	0.008000	-0.008000	0	0.970000	0.040000	-0.040000	0	-0.1200	0.0500	-0.0500	0								
567	1	6202.00	52.00	-50.00	0	1.586000	0.034000	-0.033000	0	1.317000	0.041000	-0.040000	0	0.1410	0.0820	-0.0850	0	0.52634	0.02511	-0.02391	0	4.157000	0.016000	-0.016000	0
570	1	4898.00	68.00	-68.00	0	2.700000	0.120000	-0.120000	0	0.900000	0.090000	-0.090000	0	-0.2300	0.0400	-0.0400	0					3.520000			0
571	1	5430.00	85.00	-85.00	0	1.710000	0.040000	-0.040000	0	1.050000	0.050000	-0.050000	0	0.2000	0.0500	-0.0500	0					3.990000	0.030000	-0.030000	0
572	1	5430.00	85.00	-85.00	0	1.710000	0.040000	-0.040000	0	1.050000	0.050000	-0.050000	0	0.2000	0.0500	-0.0500	0					3.990000	0.030000	-0.030000	0
573	1	5430.00	85.00	-85.00	0	1.710000	0.040000	-0.040000	0	1.050000	0.050000	-0.050000	0	0.2000	0.0500	-0.0500	0					3.990000	0.030000	-0.030000	0
574	1	2838.00			0					0.050000			0					-0.69897			0				
576	1									0.132000	0.009000	-0.009000	0												
577	1									0.132000	0.009000	-0.009000	0												
578	1																								
579	1									0.118000	0.011000	-0.011000	0												
580	1	3326.00	54.00	-54.00	0	0.305000	0.011000	-0.011000	0	0.297000	0.024000	-0.024000	0	0.1000	0.1900	-0.1900	0	-1.97224	0.00446	-0.00450	0	4.850000	0.060000	-0.060000	0
581	1	3326.00	54.00	-54.00	0	0.305000	0.011000	-0.011000	0	0.297000	0.024000	-0.024000	0	0.1000	0.1900	-0.1900	0	-1.97224	0.00446	-0.00450	0	4.850000	0.060000	-0.060000	0
582	1									0.137000	0.009000	-0.009000	0												
584	1	3395.00	51.00	-51.00	0	0.302600	0.009500	-0.009500	0	0.295200	0.013600	-0.013600	0	-0.0700	0.1600	-0.1600	0	-1.96019	0.00746	-0.00759	0	4.840000	0.040000	-0.040000	0
588	1	3024.00	52.00	-52.00	0	0.137000	0.005000	-0.005000	0	0.120000	0.010000	-0.010000	0	-0.2500	0.1900	-0.1900	0	-2.85201	0.00583	-0.00591	0	5.100000	0.060000	-0.060000	0
589	1	3024.00	52.00	-52.00	0	0.137000	0.005000	-0.005000	0	0.120000	0.010000	-0.010000	0	-0.2500	0.1900	-0.1900	0	-2.85201	0.00583	-0.00591	0	5.100000	0.060000	-0.060000	0
590	1	2953.00	98.00	-98.00	0	0.156000	0.005000	-0.005000	0	0.120000	0.010000	-0.010000	0	-0.0800	0.0800	-0.0800	0	-2.76955	0.02482	-0.02633	0				
592	1	2953.00	98.00	-98.00	0	0.156000	0.005000	-0.005000	0	0.120000	0.010000	-0.010000	0	-0.0800	0.0800	-0.0800	0	-2.76955	0.02482	-0.02633	0				
595	1	2953.00	98.00	-98.00	0	0.156000	0.005000	-0.005000	0	0.120000	0.010000	-0.010000	0	-0.0800	0.0800	-0.0800	0	-2.76955	0.02482	-0.02633	0				
598	1	3229.00	78.00	-62.00	0	0.221100	0.006900	-0.008100	0	0.194500	0.004800	-0.004600	0	-0.1700	0.1500	-0.1500	0	-2.32148	0.03160	-0.02434	0	5.037000	0.034000	-0.026000	0
606	1					0.226000	0.007000	-0.007000	0	0.198000	0.005000	-0.005000	0	-0.1800	0.1500	-0.1500	0					5.020000	0.030000	-0.030000	0
607	1	5033.80	85.70	-77.20	0	0.837000	0.026000	-0.018000	0	0.836000	0.023000	-0.025000	0	0.1300	0.0700	-0.0700	0	-0.39041	0.03877	-0.03441	0	4.230000	0.070000	-0.070000	0
609	1	3287.00	157.00	-157.00	0	0.358519	0.010569	-0.010569	0	0.344045	0.020144	-0.020144	0					-1.86908	0.09740	-0.12576	0	4.865660	0.000368	-0.000368	0
611	1	3287.00	157.00	-157.00	0	0.358519	0.010569	-0.010569	0	0.344045	0.020144	-0.020144	0					-1.86908	0.09740	-0.12576	0	4.865660	0.000368	-0.000368	0
613	1	3280.00	40.00	-40.00	0	0.178100	0.004200	-0.004200	0	0.163900	0.009300	-0.009300	0	-0.1200	0.1000	-0.1000	0	-2.47952	0.00235	-0.00236	0	5.090000	0.090000	-0.090000	0
619	1	3101.00	43.00	-43.00	0	0.216200	0.002500	-0.002400	0	0.182000	0.004200	-0.004100	0	0.2400	0.1100	-0.1100	0	-2.40894	0.02278	-0.02286	0	5.028600	0.007800	-0.008800	0
640	1	3458.00	140.00	-133.00	0	0.391000	0.020000	-0.020000	0	0.381000	0.019000	-0.019000	0	0.1000	0.1000	-0.1000	0	-1.70774	0.05410	-0.05421	0				
641	1	3236.00	51.00	-51.00	0	0.192000	0.007000	-0.007000	0	0.178000	0.018000	-0.018000	0	-0.0400	0.1600	-0.1600	0	-2.43890	0.00592	-0.00601	0	5.090000	0.070000	-0.070000	0
642	1	3296.00	30.00	-30.00	0					0.210000	0.020000	-0.020000	0	0.0200	0.1000	-0.1000	0								
644	1	4640.00	100.00	-100.00	0	0.695000	0.030000	-0.030000	0	0.730000	0.070000	-0.070000	0	0.0030	0.0600	-0.0600	0	-0.68620	0.00034	-0.00034	0	4.613000	0.052000	-0.061000	0
647	1	3607.00	68.00	-68.00	0	0.380000	0.050000	-0.050000	0	0.380000	0.050000	-0.050000	0	-0.3400	0.0900	-0.0900	0	-1.65500	0.11200	-0.11200	0	4.870000	0.040000	-0.040000	0
649	1	3607.00	68.00	-68.00	0	0.380000	0.050000	-0.050000	0	0.380000	0.050000	-0.050000	0	-0.3400	0.0900	-0.0900	0	-1.65500	0.11200	-0.11200	0	4.870000	0.040000	-0.040000	0
650	1	4347.00			0					0.690000			0					-0.79588			0				
651	1																								
652	1																								
653	1																								
654	1	3370.00	100.00	-100.00	0	0.380000	0.020000	-0.020000	0	0.357000	0.030000	-0.030000	0	0.3000	0.1000	-0.1000	0	-1.79600	0.05100	-0.05800	0	4.830000			0
658	1									0.430000			0												
659	1	3371.00			0					0.430000			0					-1.88606			0				
660	1									0.430000			0												
661	1									0.960000	0.125000	-0.125000	0												
662	1									0.960000	0.125000	-0.125000	0												
663	1									0.620000	0.080000	-0.080000	0												
664	1	4159.00	129.00	-129.00	0	0.728000	0.064000	-0.078000	0	0.650000	0.092000	-0.075000	0	0.6000	0.0900	-0.0900	0	-0.84527	0.03053	-0.03284	0	4.527000	0.099600	-0.134000	0
666	1									0.509000	0.020000	-0.020000	0												
669	1									0.509000	0.020000	-0.020000	0												
670	1	3485.00	140.00	-140.00	0	0.431400	0.007500	-0.007100	0	0.419300	0.009500	-0.009800	0	0.1500	0.1000	-0.1000	0	-1.61618	0.05394	-0.05340	0				
672	1	3342.00	24.00	-24.00	0	0.360000	0.010000	-0.010000	0	0.350000	0.050000	-0.040000	0	0.0700	0.0700	-0.0600	0	-1.80967	0.01107	-0.01135	0	4.870000	0.050000	-0.050000	0
674	1	3342.00	24.00	-24.00	0	0.360000	0.010000	-0.010000	0	0.350000	0.050000	-0.040000	0	0.0700	0.0700	-0.0600	0	-1.80967	0.01107	-0.01135	0	4.870000	0.050000	-0.050000	0
675	1	3542.00			0					0.530000			0					-1.58503			0				
676	1	3382.00	49.00	-49.00	0	0.293000	0.027000	-0.027000	0	0.290000			0	0.0900	0.1700	-0.1700	0	-2.05552	0.24304	-0.60206	0				
677	1	3382.00	49.00	-49.00	0	0.293000	0.027000	-0.027000	0	0.290000			0	0.0900	0.1700	-0.1700	0	-2.05552	0.24304	-0.60206	0				
678	1	5540.00	75.00	-75.00	0	0.900000			0	0.900000			0	0.1000	0.0800	-0.0800	0	-0.18000			0	4.700000	0.200000	-0.200000	0
679	1									0.470000			0												
682	1	3707.00	32.00	-32.00	0	0.516000	0.016000	-0.016000	0	0.519000	0.013000	-0.013000	0	0.1200	0.0600	-0.0600	0	-1.34199	0.01685	-0.01555	0				
684	1	3707.00	32.00	-32.00	0	0.516000	0.016000	-0.016000	0	0.519000	0.013000	-0.013000	0	0.1200	0.0600	-0.0600	0	-1.34199	0.01685	-0.01555	0				
685	1	3717.00	49.00	-49.00	0	0.500000	0.030000	-0.030000	0	0.681000			0	-0.3000	0.1200	-0.1200	0	-1.34679	0.06279	-0.07343	0				
686	1	3717.00	49.00	-49.00	0	0.500000	0.030000	-0.030000	0	0.681000			0	-0.3000	0.1200	-0.1200	0	-1.34679	0.06279	-0.07343	0				
687	1	3717.00	49.00	-49.00	0	0.500000	0.030000	-0.030000	0	0.681000			0	-0.3000	0.1200	-0.1200	0	-1.34679	0.06279	-0.07343	0				
689	1	3496.00	37.00	-37.00	0	0.403000	0.009000	-0.009000	0	0.402000	0.014000	-0.014000	0	-0.0200	0.0800	-0.0800	0								
693	1	3496.00	37.00	-37.00	0	0.403000	0.009000	-0.009000	0	0.402000	0.014000	-0.014000	0	-0.0200	0.0800	-0.0800	0								
698	1									0.890000	0.114000	-0.114000	0												
699	1	3897.00	71.00	-71.00	0	0.630000	0.070000	-0.070000	0	0.650000	0.080000	-0.080000	0	-0.0600	0.0900	-0.0900	0	-1.08000	0.10000	-0.10000	0	4.640000	0.070000	-0.070000	0
701	1	3897.00	71.00	-71.00	0	0.630000	0.070000	-0.070000	0	0.650000	0.080000	-0.080000	0	-0.0600	0.0900	-0.0900	0	-1.08000	0.10000	-0.10000	0	4.640000	0.070000	-0.070000	0
703	1	3466.00	49.00	-49.00	0	0.404000	0.027000	-0.027000	0	0.420000			0	0.0200	0.0900	-0.0900	0	-1.65758	0.11394	-0.04357	0				
705	1	3466.00	49.00	-49.00	0	0.404000	0.027000	-0.027000	0	0.420000			0	0.0200	0.0900	-0.0900	0	-1.65758	0.11394	-0.04357	0				
706	1	3466.00	49.00	-49.00	0	0.404000	0.027000	-0.027000	0	0.420000			0	0.0200	0.0900	-0.0900	0	-1.65758	0.11394	-0.04357	0				
707	1	3466.00	49.00	-49.00	0	0.404000	0.027000	-0.027000	0	0.420000			0	0.0200	0.0900	-0.0900	0	-1.65758	0.11394	-0.04357	0				
708	1	3159.00	49.00	-49.00	0	0.119000	0.027000	-0.027000	0	0.164000			0	-0.2700	0.0900	-0.0900	0	-2.56864	0.53712	-1.43136	0				
709	1	3159.00	49.00	-49.00	0	0.119000	0.027000	-0.027000	0	0.164000			0	-0.2700	0.0900	-0.0900	0	-2.56864	0.53712	-1.43136	0				
710	1	3526.00	49.00	-49.00	0	0.439000	0.027000	-0.027000	0	0.470000			0	-0.0900	0.0900	-0.0900	0	-1.53800			0				
711	1	4014.00	100.00	-100.00	0	0.580000	0.030000	-0.030000	0	0.640000	0.070000	-0.070000	0	-0.0300	0.1600	-0.1600	0	-1.10127	0.01667	-0.01734	0	4.680000	0.070000	-0.070000	0
714	1	3770.00	40.00	-40.00	0	0.506600	0.016900	-0.017200	0	0.480000	0.030000	-0.030000	0	-0.1600	0.0900	-0.0900	0					4.720000	0.020000	-0.020000	0
719	1	3600.00	100.00	-100.00	0	0.547000	0.018000	-0.018000	0	0.539000	0.047000	-0.043000	0	0.2000	0.1000	-0.1000	0					4.695000	0.046000	-0.046000	0
727	1	3347.00	54.00	-54.00	0	0.364000	0.012000	-0.012000	0	0.360000	0.016000	-0.016000	0	0.1100	0.1900	-0.1900	0	-1.82391	0.00547	-0.00554	0	4.810000	0.060000	-0.060000	0
729	1	3347.00	54.00	-54.00	0	0.364000	0.012000	-0.012000	0	0.360000	0.016000	-0.016000	0	0.1100	0.1900	-0.1900	0	-1.82391	0.00547	-0.00554	0	4.810000	0.060000	-0.060000	0
730	1	3141.00	38.00	-38.00	0	0.139000	0.005000	-0.005000	0	0.123000	0.009000	-0.009000	0	-0.0700	0.1600	-0.1600	0								
734	1	3141.00	38.00	-38.00	0	0.139000	0.005000	-0.005000	0	0.123000	0.009000	-0.009000	0	-0.0700	0.1600	-0.1600	0								
740	1	3505.00	51.00	-51.00	0	0.337000	0.015000	-0.015000	0	0.342000	0.011000	-0.011000	0	-0.1200	0.1600	-0.1600	0					4.940000	0.070000	-0.070000	0
741	1	3505.00	51.00	-51.00	0	0.337000	0.015000	-0.015000	0	0.342000	0.011000	-0.011000	0	-0.1200	0.1600	-0.1600	0	-1.79833	0.00972	-0.00994	0	4.940000	0.070000	-0.070000	0
742	1	3505.00	51.00	-51.00	0	0.337000	0.015000	-0.015000	0	0.342000	0.011000	-0.011000	0	-0.1200	0.1600	-0.1600	0	-1.79833	0.00972	-0.00994	0	4.940000	0.070000	-0.070000	0
743	1					0.430000	0.030000	-0.030000	0	0.450000	0.050000	-0.050000	0					-1.69900	0.04100	-0.04600	0				
744	1	3522.00	70.00	-70.00	0	0.458000	0.013000	-0.013000	0	0.455000	0.011000	-0.011000	0	-0.0100	0.1200	-0.1200	0	-1.53910	0.04153	-0.04260	0	4.776000	0.026000	-0.026000	0
747	1	3522.00	70.00	-70.00	0	0.458000	0.013000	-0.013000	0	0.455000	0.011000	-0.011000	0	-0.0100	0.1200	-0.1200	0	-1.53910	0.04153	-0.04260	0	4.776000	0.026000	-0.026000	0
748	1	3522.00	70.00	-70.00	0	0.458000	0.013000	-0.013000	0	0.455000	0.011000	-0.011000	0	-0.0100	0.1200	-0.1200	0	-1.53910	0.04153	-0.04260	0	4.776000	0.026000	-0.026000	0
749	1	3324.00	51.00	-51.00	0	0.281000	0.010000	-0.010000	0	0.270000	0.020000	-0.020000	0	0.0000	0.1600	-0.1600	0	-2.06198	0.00548	-0.00555	0	5.050000	0.070000	-0.070000	0
751	1	3384.00	88.00	-88.00	0	0.320000	0.010000	-0.010000	0	0.313000	0.027000	-0.022000	0	-0.0200	0.1200	-0.1200	0	-1.96257	0.01948	-0.01624	0	4.890000	0.050000	-0.050000	0
753	1	3384.00	88.00	-88.00	0	0.320000	0.010000	-0.010000	0	0.313000	0.027000	-0.022000	0	-0.0200	0.1200	-0.1200	0	-1.96257	0.01948	-0.01624	0	4.890000	0.050000	-0.050000	0
754	1	3579.00	51.00	-51.00	0	0.426000	0.013000	-0.013000	0	0.426000	0.017000	-0.017000	0	-0.0900	0.1600	-0.1600	0	-1.57073	0.00864	-0.00882	0	4.880000	0.070000	-0.070000	0
755	1	3867.00	69.00	-69.00	0	0.610000	0.060000	-0.060000	0	0.630000	0.070000	-0.070000	0	-0.0400	0.0900	-0.0900	0	-1.12000	0.10000	-0.10000	0	4.650000	0.060000	-0.060000	0
756	1	3273.00	101.00	-101.00	0	0.197340	0.012190	-0.012190	0	0.184200	0.015300	-0.015300	0	-0.1200	0.1700	-0.1700	0	-2.39513	0.00215	-0.00216	0	4.920000	0.140000	-0.140000	0
758	1	3726.00	68.00	-68.00	0	0.500000	0.050000	-0.050000	0	0.520000	0.050000	-0.050000	0	-0.1300	0.0900	-0.0900	0	-1.35800	0.08600	-0.08600	0	4.750000	0.040000	-0.040000	0
759	1	3726.00	68.00	-68.00	0	0.500000	0.050000	-0.050000	0	0.520000	0.050000	-0.050000	0	-0.1300	0.0900	-0.0900	0	-1.35800	0.08600	-0.08600	0	4.750000	0.040000	-0.040000	0
761	1	3726.00	68.00	-68.00	0	0.500000	0.050000	-0.050000	0	0.520000	0.050000	-0.050000	0	-0.1300	0.0900	-0.0900	0	-1.35800	0.08600	-0.08600	0	4.750000	0.040000	-0.040000	0
766	1	3719.00	21.00	-31.00	0	0.368500	0.008100	-0.005400	0	0.389900	0.010600	-0.006100	0	-0.3621	0.0872	-0.0687	0					4.895000	0.008000	-0.010000	0
768	1	4120.00	109.00	-109.00	0	0.680000	0.140000	-0.140000	0	0.650000	0.080000	-0.080000	0	0.2400	0.1000	-0.1000	0	-0.92445	0.04503	-0.05024	0	4.650000	0.040000	-0.040000	0
769	1	4120.00	109.00	-109.00	0	0.680000	0.140000	-0.140000	0	0.650000	0.080000	-0.080000	0	0.2400	0.1000	-0.1000	0	-0.92445	0.04503	-0.05024	0	4.650000	0.040000	-0.040000	0
772	1									0.350000			0												
773	1	3228.00	19.00	-19.00	0	0.190000	0.010000	-0.010000	0	0.180000	0.030000	-0.030000	0	-0.1900	0.1000	-0.1000	0	-2.46218			0	5.260000	0.130000	-0.130000	0
774	1	3228.00	19.00	-19.00	0	0.190000	0.010000	-0.010000	0	0.180000	0.030000	-0.030000	0	-0.1900	0.1000	-0.1000	0	-2.46218			0	5.260000	0.130000	-0.130000	0
775	1	3387.00	51.00	-51.00	0	0.407000	0.015000	-0.015000	0	0.406000	0.030000	-0.030000	0	0.1200	0.1600	-0.1600	0	-1.70553	0.00656	-0.00666	0	4.970000	0.070000	-0.070000	0
777	1									0.480000			0												
781	1									0.480000			0												
782	1									0.480000			0												
799	1					0.455000	0.018000	-0.018000	0	0.470000	0.070000	-0.070000	0									4.792000	0.047000	-0.044000	0
807	1	3563.00	28.00	-28.00	0	0.483000	0.008000	-0.008000	0	0.486000	0.014000	-0.014000	0	-0.1600	0.1000	-0.1000	0								
812	1	3509.00	31.00	-31.00	0	0.449000	0.008000	-0.008000	0	0.450000	0.020000	-0.020000	0	0.2600	0.1000	-0.1000	0	-1.56200	0.00200	-0.00200	0	4.880000	0.060000	-0.060000	0
816	1	3317.00	36.00	-37.00	0	0.324300	0.004400	-0.003400	0	0.312000	0.007000	-0.006900	0	-0.1500	0.1300	-0.1200	0	-1.93892	0.01738	-0.01771	0	4.911100	0.006800	-0.011000	0
817	1	6234.00	25.00	-25.00	0					1.220000	0.080000	-0.080000	0	0.2800	0.0300	-0.0300	0	0.33200	0.03200	-0.03200	0	4.600000	0.020000	-0.020000	0
819	1	3720.00	12.00	-12.00	0	0.530000	0.120000	-0.120000	0	0.540000	0.120000	-0.120000	0	-0.1500	0.0400	-0.0400	0								
820	1	3728.00	68.00	-68.00	0	0.500000	0.047000	-0.047000	0	0.510000	0.051000	-0.051000	0	-0.1400	0.0900	-0.0900	0	-1.36653	0.08253	-0.10199	0	4.760000	0.040000	-0.040000	0
822	1	3641.00	88.00	-88.00	0	0.529000	0.022000	-0.022000	0	0.528000	0.027000	-0.027000	0	-0.0800	0.0900	-0.0900	0	-1.35291	0.00891	-0.00910	0	4.713000	0.007000	-0.007000	0
824	1	3641.00	88.00	-88.00	0	0.529000	0.022000	-0.022000	0	0.528000	0.027000	-0.027000	0	-0.0800	0.0900	-0.0900	0	-1.35291	0.00891	-0.00910	0	4.713000	0.007000	-0.007000	0
829	1	3500.00	26.00	-26.00	0	0.302000	0.005000	-0.005000	0	0.295000	0.010000	-0.010000	0	-0.0800	0.0700	-0.0700	0	-1.90781	0.00238	-0.00239	0	4.970000	0.110000	-0.110000	0
832	1	3500.00	26.00	-26.00	0	0.302000	0.005000	-0.005000	0	0.295000	0.010000	-0.010000	0	-0.0800	0.0700	-0.0700	0	-1.90781	0.00238	-0.00239	0	4.970000	0.110000	-0.110000	0
842	1	3500.00	26.00	-26.00	0	0.302000	0.005000	-0.005000	0	0.295000	0.010000	-0.010000	0	-0.0800	0.0700	-0.0700	0	-1.90781	0.00238	-0.00239	0	4.970000	0.110000	-0.110000	0
843	1	3499.00	68.00	-68.00	0	0.310000	0.060000	-0.060000	0	0.300000	0.070000	-0.070000	0	-0.3800	0.0900	-0.0900	0	-1.89400	0.17000	-0.17000	0	4.940000	0.060000	-0.060000	0
844	1	3734.00	68.00	-68.00	0	0.500000	0.050000	-0.050000	0	0.510000	0.050000	-0.050000	0	-0.1500	0.0900	-0.0900	0	-1.36100	0.08700	-0.08700	0	4.760000	0.040000	-0.040000	0
849	1																								
855	1	3350.00	50.00	-50.00	0					0.330000	0.020000	-0.020000	0	-0.5500	0.1000	-0.1000	0	-1.86300	0.02800	-0.03000	0	4.690000	0.100000	-0.100000	0
856	1	3350.00	50.00	-50.00	0					0.330000	0.020000	-0.020000	0	-0.5500	0.1000	-0.1000	0	-1.86300	0.02800	-0.03000	0	4.690000	0.100000	-0.100000	0
857	1	3350.00	50.00	-50.00	0					0.330000	0.020000	-0.020000	0	-0.5500	0.1000	-0.1000	0	-1.86300	0.02800	-0.03000	0	4.690000	0.100000	-0.100000	0
858	1	3350.00	50.00	-50.00	0					0.330000	0.020000	-0.020000	0	-0.5500	0.1000	-0.1000	0	-1.86300	0.02800	-0.03000	0	4.690000	0.100000	-0.100000	0
859	1	3600.00	100.00	-100.00	0					0.350000			0	-0.2800			0	-1.79600			0				
860	1									0.626000	0.063000	-0.063000	0												
865	1									0.626000	0.063000	-0.063000	0												
869	1									0.626000	0.063000	-0.063000	0												
870	1									0.626000	0.063000	-0.063000	0												
873	1									0.456000	0.046000	-0.046000	0												
874	1	3028.00			0					0.270000			0					-2.69897			0				
875	1	3028.00			0					0.270000			0					-2.69897			0				
876	1	3816.00	69.00	-69.00	0	0.540000	0.050000	-0.050000	0	0.550000	0.060000	-0.060000	0	-0.1500	0.0900	-0.0900	0	-1.25300	0.09400	-0.09400	0	4.720000	0.050000	-0.050000	0
879	1									0.400000	0.020000	-0.020000	0												
881	1									0.400000	0.020000	-0.020000	0												
882	1	3837.00	69.00	-69.00	0	0.560000	0.060000	-0.060000	0	0.570000	0.060000	-0.060000	0	-0.1400	0.0900	-0.0900	0	-1.21700	0.09640	-0.09640	0	4.710000	0.050000	-0.050000	0
883	1	3799.00	81.00	-81.00	0	0.522260	0.022340	-0.022340	0	0.527100	0.026300	-0.026300	0	-0.0200	0.0500	-0.0500	0	-1.29090	0.00288	-0.00289	0	4.880000	0.080000	-0.080000	0
884	1	3913.00	51.00	-51.00	0	0.560000	0.060000	-0.060000	0	0.580000	0.060000	-0.060000	0	0.0800	0.1600	-0.1600	0	-1.20600	0.09700	-0.09700	0	4.680000	0.070000	-0.070000	0
886	1	3600.00	16.00	-16.00	0	0.414400	0.003800	-0.003800	0	0.413000	0.011000	-0.011000	0	-0.2800	0.0700	-0.0700	0	-1.58528	0.00163	-0.00164	0	4.980000	0.120000	-0.120000	0
887	1	3600.00	16.00	-16.00	0	0.414400	0.003800	-0.003800	0	0.413000	0.011000	-0.011000	0	-0.2800	0.0700	-0.0700	0	-1.58528	0.00163	-0.00164	0	4.980000	0.120000	-0.120000	0
889	1									0.450000	0.010000	-0.010000	0												
897	1	3467.00	68.00	-68.00	0	0.450000	0.070000	-0.070000	0	0.450000	0.070000	-0.070000	0	0.0900	0.0900	-0.0900	0	-1.59000	0.13000	-0.13000	0	4.800000	0.070000	-0.070000	0
903	1	3467.00	68.00	-68.00	0	0.450000	0.070000	-0.070000	0	0.450000	0.070000	-0.070000	0	0.0900	0.0900	-0.0900	0	-1.59000	0.13000	-0.13000	0	4.800000	0.070000	-0.070000	0
905	1	5182.00	11.00	-11.00	0	0.770000	0.010000	-0.010000	0	0.930000	0.060000	-0.060000	0	-0.2200			0					4.630000	0.020000	-0.020000	0
911	1					0.300000			0	0.320000	0.030000	-0.030000	0					-1.90658			0				
917	1					0.300000			0	0.320000	0.030000	-0.030000	0					-1.90658			0				
928	1					0.300000			0	0.320000	0.030000	-0.030000	0					-1.90658			0				
931	1					0.300000			0	0.320000	0.030000	-0.030000	0					-1.90658			0				
935	1	3688.00	86.00	-86.00	0	0.468000	0.022000	-0.022000	0	0.495000	0.049000	-0.049000	0	-0.0600	0.0800	-0.0800	0	-1.43415	0.04481	-0.04997	0	4.156000	0.040000	-0.038000	0
938	1	3688.00	86.00	-86.00	0	0.468000	0.022000	-0.022000	0	0.495000	0.049000	-0.049000	0	-0.0600	0.0800	-0.0800	0	-1.43415	0.04481	-0.04997	0	4.156000	0.040000	-0.038000	0
939	1	3688.00	86.00	-86.00	0	0.468000	0.022000	-0.022000	0	0.495000	0.049000	-0.049000	0	-0.0600	0.0800	-0.0800	0	-1.43415	0.04481	-0.04997	0	4.156000	0.040000	-0.038000	0
940	1	3688.00	86.00	-86.00	0	0.468000	0.022000	-0.022000	0	0.495000	0.049000	-0.049000	0	-0.0600	0.0800	-0.0800	0	-1.43415	0.04481	-0.04997	0	4.156000	0.040000	-0.038000	0
941	1									0.435990	0.000920	-0.000920	0												
942	1									1.080000			0	-0.6300	0.8800	-0.1100	0								
943	1	3154.00	54.00	-54.00	0	0.164000	0.005000	-0.005000	0	0.150000	0.010000	-0.010000	0	-0.1300	0.1900	-0.1900	0	-2.59517	0.00341	-0.00343	0	5.010000	0.060000	-0.060000	0
945	1									0.620000	0.070000	-0.070000	0												
946	1	3785.00	62.00	-62.00	0					0.600000	0.070000	-0.070000	0	0.1400	0.0800	-0.0800	0	-1.05159	0.06146	-0.07162	0				
947	1	3836.00	69.00	-69.00	0	0.570000	0.060000	-0.060000	0	0.590000	0.060000	-0.060000	0	0.0500	0.0400	-0.0400	0	-1.20000	0.09000	-0.09000	0	4.690000	0.050000	-0.050000	0
948	1									0.670000	0.076000	-0.076000	0												
949	1	3528.00	25.00	-25.00	0	0.362000	0.005000	-0.005000	0	0.358000	0.011000	-0.011000	0	-0.2000	0.0900	-0.0900	0								
957	1	4236.00	12.00	-12.00	0	0.580000	0.030000	-0.030000	0	0.620000	0.040000	-0.040000	0	-0.2900	0.0300	-0.0300	0					4.719000	0.013000	-0.013000	0
963	1	4236.00	12.00	-12.00	0	0.580000	0.030000	-0.030000	0	0.620000	0.040000	-0.040000	0	-0.2900	0.0300	-0.0300	0					4.719000	0.013000	-0.013000	0
968	1	4236.00	12.00	-12.00	0	0.580000	0.030000	-0.030000	0	0.620000	0.040000	-0.040000	0	-0.2900	0.0300	-0.0300	0	-1.00436	0.04179	-0.04139	0	4.700000	0.050000	-0.050000	0
976	1	7000.00	200.00	-200.00	0	1.560000	0.100000	-0.100000	0	1.680000	0.100000	-0.100000	0	0.3500	0.1000	-0.1000	0	0.72673	0.03143	-0.03388	0	4.270000	0.050000	-0.050000	0
979	1									0.700000			0												
983	1	4200.00	150.00	-150.00	0					0.900000	0.100000	-0.100000	0					-0.42000	0.08000	-0.08000	0				
985	1									0.325000	0.025000	-0.025000	0	0.1000	0.1300	-0.1300	0								
986	1	5470.00	110.00	-110.00	0	0.952000	0.025000	-0.025000	0	0.949000	0.066000	-0.066000	0												
988	1	5720.00	84.00	-84.00	0	1.064000	0.031000	-0.031000	0	1.000000	0.095000	-0.095000	0												
990	1	4034.00	77.00	-77.00	0	0.624000	0.014000	-0.015000	0	0.644000	0.025000	-0.023000	0	0.0500	0.1300	-0.1300	0	-0.99957	0.01114	-0.13652	0	4.680000	0.050000	-0.050000	0
991	1	3447.00	77.00	-77.00	0	0.345000	0.013000	-0.013000	0	0.339000	0.027000	-0.030000	0	-0.1800	0.1300	-0.1300	0	-1.82594	0.02624	-0.02330	0	4.830000	0.050000	-0.050000	0
998	1									1.145000	0.155000	-0.078000	0												
999	1	3879.00	67.00	-67.00	0	0.560000	0.020000	-0.020000	0	0.560000	0.010000	-0.010000	0	0.0600	0.0900	-0.0900	0	-1.22185	0.06695	-0.07918	0				
1000	1	3842.00	31.00	-31.00	0	0.543000	0.009000	-0.009000	0	0.550000	0.020000	-0.020000	0	0.0500	0.1000	-0.1000	0	-1.23900	0.00200	-0.00200	0	4.870000	0.050000	-0.050000	0
1001	1	3805.00	51.00	-51.00	0	0.511000	0.018000	-0.018000	0	0.515000	0.019000	-0.019000	0	0.1300	0.1600	-0.1600	0	-1.30645	0.00784	-0.00799	0	4.690000	0.070000	-0.070000	0
1003	1	3656.00	51.00	-51.00	0	0.427000	0.013000	-0.013000	0	0.426000	0.017000	-0.017000	0	-0.2300	0.1600	-0.1600	0	-1.53000	0.01100	-0.01100	0	4.870000	0.070000	-0.070000	0
1005	1	3433.00	68.00	-68.00	0	0.351000	0.003000	-0.003000	0	0.330000	0.008000	-0.008000	0	-0.1900	0.1300	-0.1300	0	-1.80900	0.00200	-0.00200	0	4.870000	0.010000	-0.010000	0
1008	1	3328.00	78.00	-78.00	0	0.265000	0.012000	-0.012000	0	0.255000	0.013000	-0.013000	0	-0.2400	0.0900	-0.0900	0					5.250000	0.090000	-0.090000	0
1017	1	5980.00	49.00	-49.00	0	1.174000	0.026000	-0.027000	0	1.151000	0.052000	-0.051000	0	0.1300	0.0080	-0.0080	0					4.359000	0.014000	-0.014000	0
1030	1									0.811000	0.030000	-0.030000	0												
1049	1									0.811000	0.030000	-0.030000	0												
1060	1	4650.00	60.00	-60.00	0	0.701000	0.017000	-0.012000	0	0.733000	0.018000	-0.018000	0	-0.2900	0.0500	-0.0500	0	-0.67800	0.04000	-0.02000	0	4.610000	0.010000	-0.010000	0
1072	1																								
1083	1																								
1089	1	6600.00	90.00	-90.00	0	1.820000	0.150000	-0.150000	0	2.650000	0.730000	-0.730000	0	0.1100			0					4.250000	0.030000	-0.030000	0
1103	1	5568.00	90.00	-90.00	0	1.070000	0.070000	-0.070000	0	1.000000	0.230000	-0.230000	0	0.2200			0					4.380000	0.030000	-0.030000	0
1118	1																								
1128	1	5246.00	80.00	-80.00	0	0.870000	0.040000	-0.040000	0	0.990000	0.150000	-0.150000	0	0.0000			0					4.530000	0.020000	-0.020000	0
1131	1	5336.96	118.21	-91.85	0	0.838682	0.035869	-0.042297	0	0.920000	0.154252	-0.078885	0	0.0512	0.0281	-0.0281	0	-0.28893	0.01041	-0.00963	0	4.554660	0.084595	-0.069474	0
1139	1	4803.00	80.00	-80.00	0	0.749000	0.037000	-0.037000	0	0.770000	0.031000	-0.031000	0	0.1000	0.0800	-0.0800	0	-0.56900	0.06000	-0.07000	0	4.570000	0.040000	-0.040000	0
1149	1	4962.00	39.00	-41.00	0	0.773000	0.011000	-0.010000	0	0.807000	0.034000	-0.030000	0	0.1660	0.0700	-0.0680	0	-0.48545	0.01565	-0.01762	0	4.568700	0.006600	-0.006700	0
1165	1	6380.00			0	1.390000	0.090000	-0.090000	0	1.330000	0.030000	-0.030000	0	0.1800			0	0.53000	0.08000	-0.08000	0				
1170	1									1.330000	0.030000	-0.030000	0												
1171	1	4595.00	80.00	-80.00	0	0.694000	0.021000	-0.021000	0	0.756000	0.028000	-0.028000	0	0.3500	0.0800	-0.0800	0	-0.72100	0.04300	-0.04800	0	4.630000	0.020000	-0.020000	0
1181	1	5588.00	80.00	-80.00	0	1.210000	0.170000	-0.170000	0	1.240000	0.600000	-0.600000	0	0.0100			0					4.330000	0.060000	-0.060000	0
1192	1	5302.00	80.00	-80.00	0	1.110000	0.050000	-0.050000	0	1.130000	0.220000	-0.220000	0	0.2400			0					4.360000	0.040000	-0.040000	0
1204	1	5905.00	80.00	-80.00	0	1.203000	0.074000	-0.074000	0	1.130000	0.035000	-0.035000	0	0.1500	0.0400	-0.0400	0	0.19900	0.05900	-0.06800	0	4.330000	0.050000	-0.050000	0
1212	1	6373.00	80.00	-80.00	0	1.380000	0.220000	-0.220000	0	1.370000	0.690000	-0.690000	0	-0.1600			0					4.270000	0.040000	-0.040000	0
1225	1	5519.00	78.00	-76.00	0	0.919000	0.034000	-0.034000	0	1.012000	0.053000	-0.051000	0	0.2940	0.0800	-0.0800	0	-0.15181	0.04446	-0.04542	0	4.516000	0.026000	-0.025000	0
1236	1	5079.00	88.00	-88.00	0	0.870000	0.050000	-0.050000	0	1.120000	0.360000	-0.360000	0	-0.0400			0					4.560000	0.060000	-0.060000	0
1243	1	5316.00	87.12	-122.28	0	0.864673	0.049715	-0.035099	0	0.916000	0.121408	-0.099904	0	0.3000	0.0300	-0.0300	0	-0.26926	0.01134	-0.01451	0	4.526260	0.052394	-0.097047	0
1251	1	5680.00	90.00	-90.00	0	1.103000	0.091000	-0.069000	0	1.025000	0.047000	-0.047000	0	0.1200	0.0800	-0.0800	0	0.05300	0.08000	-0.06600	0	4.360000	0.060000	-0.060000	0
1261	1	6087.00	88.00	-88.00	0	1.300000	0.140000	-0.140000	0	1.450000	0.600000	-0.600000	0	0.2100			0					4.340000	0.060000	-0.060000	0
1264	1	5185.00	80.00	-80.00	0	0.870000	0.060000	-0.060000	0	1.060000	0.280000	-0.280000	0	0.2700			0					4.560000	0.030000	-0.030000	0
1281	1	6304.00	88.00	-88.00	0	1.310000	0.130000	-0.130000	0	1.550000	0.510000	-0.510000	0	0.1300			0					4.360000	0.300000	-0.300000	0
1295	1	6065.00	100.00	-100.00	0	1.390000	0.110000	-0.110000	0	1.310000	0.730000	-0.730000	0	0.1500			0					4.260000	0.120000	-0.120000	0
1303	1	6001.00	88.00	-88.00	0	1.367000	0.031000	-0.030000	0	1.132000	0.051000	-0.050000	0	-0.1600	0.0800	-0.0800	0	0.33806	0.01931	-0.01958	0	4.220000	0.040000	-0.040000	0
1317	1	6446.00	88.00	-88.00	0	1.790000	0.480000	-0.480000	0	1.820000	1.450000	-1.450000	0	0.0500			0					4.150000	0.010000	-0.010000	0
1329	1	6442.00	88.00	-88.00	0	1.530000	0.140000	-0.100000	0	1.392000	0.047000	-0.047000	0	0.2200	0.0400	-0.0400	0								
1332	1	6096.00	88.00	-88.00	0	1.435000	0.084000	-0.084000	0	1.236000	0.048000	-0.048000	0	0.1100	0.0800	-0.0800	0								
1343	1	5620.00	40.00	-40.00	0	1.041000	0.013000	-0.013000	0	1.030000	0.030000	-0.030000	0												
1350	1	5500.00	100.00	-100.00	0	0.877000	0.059000	-0.044000	0	0.929000	0.043000	-0.043000	0	0.0300	0.1000	-0.1000	0	-0.20800	0.07100	-0.06900	0	4.520000	0.050000	-0.050000	0
1361	1	5330.00	100.00	-100.00	0	0.923000	0.096000	-0.067000	0	0.886000	0.044000	-0.044000	0	0.0600	0.1000	-0.1000	0	-0.20800	0.10000	-0.07600	0	4.450000	0.080000	-0.080000	0
1365	1	6430.00	100.00	-100.00	0	1.625000	0.081000	-0.620000	0	1.404000	0.051000	-0.510000	0	0.1900	0.1000	-0.1000	0	0.60700	0.04900	-0.05500	0	4.160000	0.030000	-0.030000	0
1371	1	5860.00	80.00	-80.00	0	1.596000	0.060000	-0.075000	0	1.248000	0.070000	-0.120000	0					0.43100	0.05600	-0.06200	0	4.127000	0.019000	-0.027000	0
1379	1	6080.00	100.00	-100.00	0	1.940000	0.220000	-0.220000	0	1.030000	0.400000	-0.400000	0	0.2200			0					3.930000	0.020000	-0.020000	0
1388	1	6390.00	100.00	-100.00	0	2.050000	0.500000	-0.500000	0	2.560000	1.900000	-1.900000	0	0.2100			0					4.140000	0.020000	-0.020000	0
1399	1	5743.00	50.00	-50.00	0	1.530000	0.140000	-0.140000	0	1.178000	0.068000	-0.068000	0	0.2700	0.0800	-0.0800	0	0.35600	0.07500	-0.09100	0	4.140000	0.070000	-0.070000	0
1403	1	5693.00	62.00	-63.00	0	1.080000	0.050000	-0.050000	0	1.030000	0.040000	-0.040000	0	0.2000	0.0700	-0.0700	0					4.380000	0.050000	-0.040000	0
1408	1	5295.00	100.00	-100.00	0	0.949000	0.080000	-0.037000	0	0.942000	0.041000	-0.041000	0	0.3300	0.1000	-0.1000	0	-0.19400	0.08600	-0.05800	0	4.460000	0.060000	-0.060000	0
1414	1	5295.00	100.00	-100.00	0	0.949000	0.080000	-0.037000	0	0.942000	0.041000	-0.041000	0	0.3300	0.1000	-0.1000	0	-0.19400	0.08600	-0.05800	0	4.460000	0.060000	-0.060000	0
1420	1	6330.00	100.00	-100.00	0	1.319000	0.155000	-0.072000	0	1.259000	0.058000	-0.058000	0	0.0700	0.1000	-0.1000	0	0.40000	0.10800	-0.06100	0	4.300000	0.060000	-0.060000	0
1423	1	6120.00	100.00	-100.00	0	1.396000	0.293000	-0.136000	0	1.284000	0.095000	-0.060000	0	0.3000	0.1000	-0.1000	0	0.39100	0.17800	-0.09600	0	4.250000	0.110000	-0.110000	0
1427	1	6820.00	52.00	-52.00	0	2.060000	0.230000	-0.230000	0	2.220000	0.830000	-0.830000	0	0.0700			0					4.100000	0.040000	-0.040000	0
1444	1	5960.00	100.00	-100.00	0	1.120000	0.090000	-0.090000	0	1.040000	0.290000	-0.290000	0	0.2400			0					4.370000	0.030000	-0.030000	0
1447	1	6280.00	49.00	-49.00	0	1.698000	0.071000	-0.071000	0	1.273000	0.049000	-0.115000	0	-0.1800	0.0800	-0.0800	0	0.60314	0.03932	-0.04324	0	4.072000	0.029000	-0.029000	0
1452	1	5453.00	31.00	-32.00	0	0.995000	0.013000	-0.013000	0	0.961000	0.040000	-0.036000	0	0.3020	0.0520	-0.0590	0	-0.10237	0.01139	-0.01227	0	4.425600	0.006900	-0.007300	0
1463	1	5131.00	50.00	-50.00	0	0.893000	0.047000	-0.047000	0	0.887000	0.027000	-0.027000	0	0.2800	0.0800	-0.0800	0	-0.30452	0.04959	-0.05600	0	4.483000	0.051000	-0.051000	0
1469	1	5956.00	50.00	-50.00	0	1.209000	0.081000	-0.062000	0	1.093000	0.043000	-0.043000	0	0.0000	0.0800	-0.0800	0	0.21748	0.05898	-0.05017	0	4.310000	0.043000	-0.043000	0
1477	1	4390.00	50.00	-50.00	0	0.617000	0.013000	-0.013000	0	0.645000	0.020000	-0.020000	0	-0.1270	0.0800	-0.0800	0	-0.90170	0.02980	-0.03200	0	4.667000	0.012000	-0.012000	0
1482	1	5804.00	37.00	-37.00	0	1.105000	0.018000	-0.017000	0	1.028000	0.050000	-0.048000	0	0.0030	0.0490	-0.0320	0	0.09656	0.01671	-0.01594	0	4.363000	0.014000	-0.013000	0
1489	1	6566.00	50.00	-50.00	0	1.470000	0.110000	-0.110000	0	1.420000	0.330000	-0.330000	0	0.0000			0					3.390000	0.190000	-0.190000	0
1503	1	6330.00	124.00	-124.00	0	1.850000	0.390000	-0.390000	0	2.770000	1.740000	-1.740000	0	-0.2500			0					4.250000	0.020000	-0.020000	0
1507	1	6078.00	48.00	-48.00	0	1.530000	0.034000	-0.034000	0	1.031000	0.028000	-0.028000	0	-0.2240	0.0570	-0.0570	0	0.45637	0.02220	-0.02340	0	4.082000	0.020000	-0.020000	0
1508	1	5678.00	16.00	-16.00	0	1.103800	0.007300	-0.007300	0	1.008000	0.022000	-0.022000	0	0.2170	0.0490	-0.0490	0	0.05385	0.00572	-0.00579	0	4.356000	0.013000	-0.013000	0
1512	1	6570.00	80.00	-80.00	0	1.620000	0.170000	-0.170000	0	1.790000	0.600000	-0.600000	0	-0.1300			0					4.220000	0.030000	-0.030000	0
1523	1	6212.00	26.00	-26.00	0	2.197000	0.027000	-0.020000	0	1.435000	0.012000	-0.012000	0	0.0370	0.0370	-0.0370	0	0.80889	0.01132	-0.01162	0	3.911400	0.009700	-0.009700	0
1528	1	5587.00	45.00	-45.00	0	0.938000	0.011000	-0.011000	0	1.004000	0.033000	-0.033000	0	0.1940	0.0600	-0.0600	0	-0.11520	0.01721	-0.01792	0	4.496000	0.021000	-0.021000	0
1530	1	5629.00	48.00	-48.00	0	1.170000	0.016000	-0.016000	0	1.023000	0.020000	-0.020000	0	0.4140	0.0900	-0.0900	0	0.09061	0.01829	-0.01910	0	4.312000	0.015000	-0.015000	0
1533	1	5400.00	55.00	-39.00	0	0.966100	0.011000	-0.008200	0	0.925000	0.023000	-0.023000	0	0.2510	0.0610	-0.0610	0	-0.14630	0.01671	-0.01737	0	4.435000	0.015000	-0.015000	0
1535	1	6457.00	29.00	-29.00	0	1.735000	0.041000	-0.028000	0	1.298000	0.021000	-0.021000	0	-0.1130	0.0270	-0.0560	0	0.66839	0.02622	-0.01614	0	4.072000	0.015000	-0.015000	0
1540	1	5872.00	40.00	-40.00	0	1.666000	0.024000	-0.024000	0	1.297000	0.056000	-0.053000	0	0.2080	0.0500	-0.0550	0	0.47276	0.01720	-0.01791	0	4.107900	0.006800	-0.007400	0
1542	1	6002.00	50.00	-50.00	0	1.881000	0.151000	-0.095000	0	1.255000	0.107000	-0.054000	0	0.0350	0.0800	-0.0800	0	0.61490	0.06905	-0.05142	0	3.993000	0.045000	-0.045000	0
1547	1	6640.00	140.00	-130.00	0	2.620000	0.030000	-0.030000	0	1.730000	0.100000	-0.100000	0	0.1400	0.1400	-0.1200	0	1.07773	0.02948	-0.02735	0	3.840000	0.030000	-0.030000	0
1553	1	4508.00	43.00	-43.00	0	0.670100	0.004100	-0.003200	0	0.678500	0.029900	-0.007900	0	-0.0590	0.0360	-0.0360	0	-0.77911	0.01590	-0.01650	0	4.615000	0.013000	-0.013000	0
1558	1	7394.00	360.00	-600.00	0	1.926000	0.060000	-0.031000	0	1.648000	0.058000	-0.026000	0	-0.0690	0.0580	-0.0750	0	1.00000	0.07188	-0.04096	0	4.110000	0.034000	-0.064000	0
1569	1	6389.00	17.00	-17.00	0	2.000000	0.280000	-0.280000	0	1.560000	0.680000	-0.680000	0	0.2600			0					4.070000	0.060000	-0.060000	0
1586	1	8450.00	540.00	-690.00	0	1.858000	0.119000	-0.091000	0	1.890000	0.010000	-0.013000	0	-0.0590	0.0750	-0.0880	0	1.22272	0.11971	-0.13993	0	4.181000	0.055000	-0.063000	0
1597	1	6200.00	80.00	-80.00	0	1.570000	0.150000	-0.150000	0	1.270000	0.410000	-0.410000	0	0.0100			0					4.150000	0.030000	-0.030000	0
1599	1	6350.00	150.00	-150.00	0	1.338000	0.065000	-0.060000	0	1.281000	0.057000	-0.056000	0	0.1200	0.2000	-0.2000	0	0.41830	0.04109	-0.03990	0	4.293000	0.033000	-0.035000	0
1613	1	5870.00	100.00	-100.00	0	1.038000	0.128000	-0.075000	0	0.986000	0.054000	-0.054000	0	-0.0600	0.1200	-0.1200	0	0.04139	0.11394	-0.07760	0	4.400000	0.080000	-0.080000	0
1616	1	5880.00	120.00	-120.00	0	1.105000	0.055000	-0.040000	0	1.101000	0.054000	-0.054000	0	0.1500	0.1000	-0.1000	0	0.11700	0.05600	-0.06400	0	4.392000	0.032000	-0.032000	0
1625	1	6563.00	361.00	-361.00	0	1.540000	0.060000	-0.060000	0	1.330000	0.090000	-0.090000	0	0.0300	0.1600	-0.1600	0					4.190000	0.050000	-0.050000	0
1632	1	6357.00	91.00	-91.00	0	1.170000	0.070000	-0.070000	0	1.160000	0.040000	-0.040000	0	-0.1000	0.0500	-0.0500	0					4.360000	0.040000	-0.040000	0
1634	1	5523.00	69.00	-69.00	0	0.887000	0.019000	-0.019000	0	0.962000	0.029000	-0.029000	0	0.0500	0.0600	-0.0600	0					4.524000	0.017000	-0.017000	0
1642	1	5346.00	60.00	-60.00	0	0.933000	0.023000	-0.015000	0	0.967000	0.024000	-0.024000	0	0.3300	0.0600	-0.0600	0					4.484000	0.020000	-0.020000	0
1647	1	5311.00	77.00	-77.00	0	0.922000	0.027000	-0.027000	0	0.871000	0.023000	-0.023000	0	0.0000	0.0500	-0.0500	0	-0.20412	0.03790	-0.04153	0	4.449000	0.022000	-0.022000	0
1649	1	5738.00	79.00	-79.00	0	1.238000	0.097000	-0.127000	0	0.970000	0.035000	-0.035000	0	-0.1000	0.0500	-0.0500	0	0.17319	0.07723	-0.09401	0	4.239000	0.079000	-0.079000	0
1655	1	5846.00	78.00	-78.00	0	1.091000	0.070000	-0.046000	0	1.131000	0.030000	-0.030000	0	0.3000	0.0300	-0.0300	0	0.09342	0.05580	-0.06404	0	4.416000	0.042000	-0.042000	0
1661	1	5600.00	120.00	-120.00	0	1.020000	0.057000	-0.031000	0	1.037000	0.047000	-0.047000	0												
1666	1					0.876000	0.020000	-0.020000	0	0.904000	0.052000	-0.052000	0									4.510000	0.012000	-0.012000	0
1669	1	4803.00	55.00	-55.00	0	0.689000	0.028000	-0.018000	0	0.759000	0.019000	-0.019000	0	0.0000	0.0400	-0.0400	0	-0.64589	0.04729	-0.04024	0	4.644000	0.028000	-0.028000	0
1677	1	5780.00	120.00	-120.00	0	1.199000	0.061000	-0.081000	0	1.121000	0.046000	-0.046000	0	0.2800	0.0700	-0.0700	0	0.15534	0.06215	-0.07255	0	4.328000	0.044000	-0.044000	0
1682	1	6125.00	94.00	-94.00	0	1.120000	0.044000	-0.047000	0	1.070000	0.032000	-0.046000	0	-0.2290	0.0580	-0.0580	0	0.19000	0.02100	-0.02100	0	4.370000	0.045000	-0.045000	0
1688	1	5715.00	73.00	-73.00	0	1.107000	0.069000	-0.069000	0	0.994000	0.035000	-0.035000	0	0.0200	0.0500	-0.0500	0	0.06819	0.05892	-0.06819	0	4.347000	0.053000	-0.053000	0
1693	1	6071.00	81.00	-81.00	0	2.040000	0.150000	-0.110000	0	1.299000	0.113000	-0.056000	0	-0.0200	0.0500	-0.0500	0	0.70415	0.07110	-0.05873	0	3.936000	0.046000	-0.046000	0
1700	1	6438.00	64.00	-64.00	0	1.740000	0.170000	-0.100000	0	1.415000	0.048000	-0.048000	0	0.0900	0.0400	-0.0400	0	0.66932	0.07809	-0.05759	0	4.107000	0.049000	-0.049000	0
1701	1	5498.00	84.00	-84.00	0	0.922000	0.040000	-0.040000	0	0.929000	0.036000	-0.036000	0	0.0100	0.0600	-0.0600	0	-0.15739	0.04949	-0.05586	0	4.476000	0.039000	-0.039000	0
1707	1	5670.00	110.00	-110.00	0	1.073000	0.038000	-0.038000	0	1.032000	0.049000	-0.049000	0	0.1600	0.0800	-0.0800	0	0.02938	0.04980	-0.05626	0	4.389000	0.027000	-0.027000	0
1718	1	6351.00	76.00	-76.00	0	1.404000	0.030000	-0.030000	0	1.209000	0.036000	-0.036000	0	-0.1570	0.0700	-0.0700	0	0.45600	0.03100	-0.03300	0	4.220000	0.010000	-0.010000	0
1720	1	5943.00	70.00	-70.00	0	1.061000	0.039000	-0.039000	0	1.093000	0.031000	-0.031000	0	0.0600	0.0500	-0.0500	0	0.09691	0.03981	-0.04383	0	4.425000	0.030000	-0.030000	0
1726	1	6050.00	120.00	-120.00	0	1.870000	0.180000	-0.180000	0	1.275000	0.096000	-0.096000	0	0.0000	0.0700	-0.0700	0	0.61909	0.08933	-0.11259	0	4.000000	0.065000	-0.065000	0
1727	1	5700.00	110.00	-110.00	0	1.097000	0.098000	-0.063000	0	1.099000	0.044000	-0.044000	0	0.3900	0.0500	-0.0500	0	0.05690	0.08297	-0.07463	0	4.396000	0.057000	-0.057000	0
1734	1	5659.00	85.00	-85.00	0	1.022000	0.050000	-0.037000	0	1.062000	0.032000	-0.032000	0	0.2900	0.0500	-0.0500	0	-0.01773	0.05115	-0.05799	0	4.445000	0.036000	-0.036000	0
1741	1	5380.00	73.00	-73.00	0	0.980000	0.047000	-0.047000	0	0.955000	0.031000	-0.031000	0	0.2500	0.0700	-0.0700	0	-0.14026	0.05035	-0.05696	0	4.435000	0.043000	-0.043000	0
1746	1	6300.00	100.00	-100.00	0	1.433000	0.056000	-0.038000	0	1.317000	0.040000	-0.040000	0	0.2100	0.0600	-0.0600	0	0.46538	0.04382	-0.04874	0	4.244000	0.023000	-0.023000	0
1751	1	5950.00	83.00	-83.00	0	1.100000	0.030000	-0.030000	0	1.100000	0.040000	-0.040000	0	0.1500	0.0600	-0.0600	0					4.400000	0.030000	-0.030000	0
1752	1	5326.00	44.00	-44.00	0	0.877000	0.019000	-0.012000	0	0.843000	0.017000	-0.012000	0	0.0510	0.0290	-0.0290	0	-0.25571	0.02876	-0.02248	0	4.478000	0.017000	-0.017000	0
1754	1	5732.00	25.00	-25.00	0	1.105000	0.016000	-0.016000	0	0.890000	0.016000	-0.012000	0	-0.1020	0.0430	-0.0430	0	0.07151	0.01342	-0.01385	0	4.301000	0.013000	-0.013000	0
1761	1	6572.00	83.00	-83.00	0	1.621000	0.085000	-0.085000	0	1.379000	0.040000	-0.040000	0	0.0000	0.0440	-0.0440	0	0.64048	0.04971	-0.05615	0	4.158000	0.038000	-0.038000	0
1762	1	5403.00	50.00	-50.00	0	0.925000	0.022000	-0.022000	0	1.001000	0.020000	-0.020000	0	0.4300	0.0800	-0.0800	0	-0.18700	0.03200	-0.03500	0	4.510000	0.020000	-0.020000	0
1772	1	6460.00	130.00	-130.00	0	2.260000	0.180000	-0.110000	0	1.561000	0.069000	-0.069000	0	0.0100	0.0770	-0.0770	0	0.90309	0.07463	-0.06424	0	3.921000	0.041000	-0.041000	0
1775	1	6424.00	91.00	-91.00	0	1.710000	0.360000	-0.240000	0	1.496000	0.115000	-0.078000	0	0.4700	0.0410	-0.0410	0	0.65321	0.16633	-0.13470	0	4.140000	0.110000	-0.110000	0
1780	1	6060.00	120.00	-120.00	0	1.480000	0.200000	-0.120000	0	1.273000	0.067000	-0.067000	0	0.2200	0.0700	-0.0700	0	0.42488	0.11041	-0.08444	0	4.201000	0.070000	-0.070000	0
1788	1	5099.00	61.00	-61.00	0	0.812000	0.032000	-0.032000	0	0.837000	0.023000	-0.023000	0	0.0500	0.0410	-0.0410	0	-0.39794	0.04727	-0.05306	0	4.539000	0.036000	-0.036000	0
1789	1	5080.00	100.00	-100.00	0	0.847000	0.036000	-0.036000	0	0.860000	0.021000	-0.021000	0	0.3200	0.0710	-0.0710	0	-0.39794	0.05212	-0.05923	0	4.514000	0.036000	-0.036000	0
1794	1	6450.00	110.00	-110.00	0	1.315000	0.064000	-0.064000	0	1.272000	0.048000	-0.048000	0	0.0200	0.0680	-0.0680	0	0.42488	0.05513	-0.06315	0	4.305000	0.036000	-0.036000	0
1797	1	5495.00	69.00	-69.00	0	0.853000	0.040000	-0.030000	0	0.917000	0.027000	-0.027000	0	-0.0600	0.0460	-0.0460	0	-0.22988	0.04877	-0.05495	0	4.542000	0.038000	-0.038000	0
1804	1	4512.00	19.00	-19.00	0	0.656400	0.005500	-0.005500	0	0.674000	0.016000	-0.012000	0	-0.1130	0.0350	-0.0350	0	-0.79615	0.00834	-0.00850	0	4.633000	0.011000	-0.011000	0
1806	1	4546.00	23.00	-18.00	0	0.715200	0.003800	-0.003800	0	0.727900	0.006600	-0.006600	0	0.1860	0.0510	-0.0510	0	-0.70885	0.00923	-0.00943	0	4.590900	0.003900	-0.003900	0
1811	1	4405.00	15.00	-15.00	0	0.697700	0.005500	-0.005500	0	0.713300	0.007500	-0.007500	0	0.2080	0.0530	-0.0530	0	-0.78489	0.00683	-0.00694	0	4.603600	0.007700	-0.007700	0
1814	1	5304.00	50.00	-50.00	0	0.871000	0.023000	-0.023000	0	0.936000	0.028000	-0.028000	0	0.1900	0.0800	-0.0800	0	-0.26800	0.03100	-0.03300	0	4.530000	0.020000	-0.020000	0
1819	1	5990.00	110.00	-110.00	0	1.117000	0.060000	-0.060000	0	1.168000	0.042000	-0.042000	0					0.14301	0.06650	-0.07856	0	4.411000	0.038000	-0.038000	0
1823	1	5758.00	58.00	-58.00	0	1.440000	0.180000	-0.180000	0	1.187000	0.060000	-0.060000	0					0.30963	0.10199	-0.13354	0	4.198000	0.088000	-0.088000	0
1827	1	6010.00	150.00	-150.00	0	1.046000	0.058000	-0.058000	0	1.111000	0.054000	-0.054000	0					0.06819	0.07483	-0.09046	0	4.445000	0.034000	-0.034000	0
1831	1	5644.00	94.00	-94.00	0	1.101000	0.031000	-0.024000	0	0.964000	0.040000	-0.040000	0					0.04532	0.04104	-0.04532	0	4.340000	0.019000	-0.019000	0
1835	1	5621.00	70.00	-70.00	0	1.230000	0.020000	-0.020000	0	1.050000	0.050000	-0.050000	0	0.3700	0.0700	-0.0700	0	0.11461	0.01604	-0.01874	0	4.200000	0.200000	-0.200000	0
1838	1	6214.00	36.00	-36.00	0	1.126000	0.011000	-0.011000	0	1.195500	0.009100	-0.011900	0	0.1080	0.0460	-0.0300	0	0.22891	0.01363	-0.01407	0	4.412100	0.007000	-0.007000	0
1844	1	6536.00	31.00	-31.00	0	2.201000	0.036000	-0.036000	0	1.573000	0.017000	-0.017000	0	0.1900	0.0240	-0.0240	0	0.89763	0.01672	-0.01739	0	3.949000	0.012000	-0.012000	0
1845	1	5587.00	19.00	-19.00	0	0.960000	0.011000	-0.011000	0	1.026000	0.019000	-0.026000	0	0.2680	0.0430	-0.0430	0	-0.09420	0.00960	-0.00982	0	4.484000	0.016000	-0.016000	0
1853	1	7175.00	54.00	-54.00	0	1.433000	0.059000	-0.059000	0	1.461000	0.043000	-0.043000	0					0.68931	0.03904	-0.04291	0	4.292000	0.028000	-0.028000	0
1854	1	5670.00	91.00	-91.00	0	1.036000	0.067000	-0.067000	0	1.038000	0.039000	-0.039000	0	0.1800	0.0640	-0.0640	0	-0.00436	0.06506	-0.07656	0	4.422000	0.053000	-0.053000	0
1857	1	5670.00	91.00	-91.00	0	1.036000	0.067000	-0.067000	0	1.038000	0.039000	-0.039000	0	0.1800	0.0640	-0.0640	0	-0.00436	0.06506	-0.07656	0	4.422000	0.053000	-0.053000	0
1863	1	3724.00	18.00	-18.00	0	0.570000	0.011000	-0.011000	0	0.574000	0.020000	-0.027000	0	0.2000	0.0910	-0.0910	0					4.683000	0.010000	-0.010000	0
1867	1	5688.00	20.00	-20.00	0	1.460000	0.024000	-0.024000	0	1.097000	0.010000	-0.016000	0	0.3350	0.0280	-0.0280	0	0.30016	0.01413	-0.01460	0	4.148000	0.014000	-0.014000	0
1870	1	5542.00	21.00	-21.00	0	1.664000	0.024000	-0.024000	0	1.076000	0.014000	-0.014000	0	0.2470	0.0370	-0.0370	0	0.36922	0.01154	-0.01185	0	4.028000	0.012000	-0.012000	0
1873	1	5416.00	19.00	-13.00	0	0.933000	0.019000	-0.013000	0	0.896000	0.015000	-0.010000	0	0.1330	0.0230	-0.0230	0	-0.17328	0.01838	-0.01247	0	4.451000	0.019000	-0.019000	0
1875	1	5627.00	18.00	-18.00	0	1.070000	0.012000	-0.012000	0	0.931000	0.019000	-0.019000	0	0.0810	0.0380	-0.0380	0	0.01199	0.00920	-0.00940	0	4.349000	0.015000	-0.015000	0
1879	1	6554.00	27.00	-27.00	0	2.113000	0.071000	-0.071000	0	1.564000	0.028000	-0.028000	0	0.2200	0.0390	-0.0390	0	0.86747	0.02961	-0.03178	0	3.982000	0.024000	-0.024000	0
1884	1	6277.00	30.00	-30.00	0	1.310000	0.027000	-0.027000	0	1.257000	0.028000	-0.028000	0	0.1990	0.0550	-0.0550	0	0.37658	0.01962	-0.02055	0	4.303000	0.020000	-0.020000	0
1885	1	6626.00	35.00	-35.00	0	1.841000	0.041000	-0.041000	0	1.411000	0.022000	-0.022000	0	-0.0170	0.0430	-0.0430	0	0.76716	0.02030	-0.02130	0	4.057000	0.017000	-0.017000	0
1888	1	6594.00	33.00	-33.00	0	1.441000	0.026000	-0.026000	0	1.435000	0.021000	-0.021000	0	0.3320	0.0520	-0.0520	0	0.54654	0.01931	-0.02020	0	4.278000	0.015000	-0.015000	0
1892	1	6147.00	22.00	-22.00	0	1.748000	0.026000	-0.026000	0	1.351000	0.014000	-0.014000	0	0.2100	0.0430	-0.0430	0	0.59218	0.01420	-0.01468	0	4.083000	0.012000	-0.012000	0
1899	1	5137.00	16.00	-16.00	0	0.878500	0.007700	-0.007700	0	0.892000	0.011000	-0.016000	0	0.3770	0.0340	-0.0340	0	-0.31758	0.00751	-0.00765	0	4.501000	0.013000	-0.013000	0
1901	1	4985.00	50.00	-50.00	0	0.815000	0.049000	-0.035000	0	0.849000	0.027000	-0.027000	0	0.2500	0.0800	-0.0800	0	-0.43415	0.05533	-0.04733	0	4.545000	0.049000	-0.049000	0
1908	1	7930.00	630.00	-820.00	0	1.881000	0.059000	-0.066000	0	1.780000	0.120000	-0.120000	0	0.0410	0.0950	-0.1070	0	1.07918	0.16386	-0.14468	0	4.167000	0.044000	-0.036000	0
1914	1	3405.00	10.00	-10.00	0	0.478300	0.006000	-0.006000	0	0.486100	0.006000	-0.006000	0	0.1700	0.0360	-0.0360	0	-1.55988	0.00951	-0.00972	0	4.765300	0.006700	-0.006700	0
1917	1	4656.10	8.90	-8.90	0	0.721400	0.002100	-0.002100	0	0.731100	0.002800	-0.002800	0	0.0990	0.0140	-0.0140	0	-0.65896	0.00414	-0.00418	0	4.585300	0.002100	-0.002100	0
1920	1	3776.90	9.50	-9.50	0	0.575800	0.005500	-0.005500	0	0.601000	0.008000	-0.008000	0	0.5140	0.0330	-0.0210	0	-1.21610	0.01058	-0.01085	0	4.696000	0.011000	-0.011000	0
1921	1	3790.40	5.70	-5.70	0	0.584800	0.002600	-0.002600	0	0.601700	0.007400	-0.005500	0	0.5220	0.0510	-0.0280	0	-1.19661	0.00469	-0.00474	0	4.683100	0.006900	-0.006900	0
1924	1	4016.00	17.00	-17.00	0	0.625900	0.007900	-0.007900	0	0.662000	0.016000	-0.021000	0	0.3220	0.0650	-0.0490	0	-1.03810	0.01354	-0.01397	0	4.665000	0.016000	-0.016000	0
1925	1	4071.00	13.00	-13.00	0	0.642800	0.006600	-0.006600	0	0.655000	0.014000	-0.014000	0	0.2530	0.0390	-0.0390	0	-0.99183	0.01177	-0.01210	0	4.638000	0.014000	-0.014000	0
1928	1	5679.00	50.00	-50.00	0	1.086000	0.149000	-0.059000	0	1.056000	0.037000	-0.037000	0	0.2100	0.0800	-0.0800	0					4.386000	0.071000	-0.071000	0
1935	1	5599.00	85.00	-85.00	0	1.560000	0.040000	-0.040000	0	1.100000	0.050000	-0.050000	0	0.3800	0.0500	-0.0500	0					4.100000	0.030000	-0.030000	0
1937	1	5419.00	112.00	-112.00	0					0.940000	0.120000	-0.120000	0	0.3300	0.0300	-0.0300	0					4.390000	0.080000	-0.080000	0
1939	1	10500.00			0					2.400000	0.100000	-0.100000	0					1.50000			0				
1941	1	4891.00	46.00	-46.00	0	10.060000	0.860000	-0.860000	0	2.280000	0.690000	-0.690000	0	0.0700			0					2.790000	0.110000	-0.110000	0
1942	1									1.080000	0.050000	-0.050000	0												
1945	1	4675.00	53.00	-53.00	0	0.630000	0.027000	-0.027000	0	0.653000	0.028000	-0.028000	0	-0.3430	0.0590	-0.0590	0					4.654000	0.057000	-0.057000	0
1947	1	4675.00	53.00	-53.00	0	0.630000	0.027000	-0.027000	0	0.653000	0.028000	-0.028000	0	-0.3430	0.0590	-0.0590	0					4.654000	0.057000	-0.057000	0
1951	1	5911.00	19.00	-19.00	0	1.109000	0.036000	-0.036000	0	1.060000	0.050000	-0.050000	0	0.0800	0.0100	-0.0100	0					4.390000	0.030000	-0.030000	0
1952	1	5911.00	19.00	-19.00	0	1.109000	0.036000	-0.036000	0	1.060000	0.050000	-0.050000	0	0.0800	0.0100	-0.0100	0					4.390000	0.030000	-0.030000	0
1955	1	5911.00	19.00	-19.00	0	1.109000	0.036000	-0.036000	0	1.060000	0.050000	-0.050000	0	0.0800	0.0100	-0.0100	0					4.390000	0.030000	-0.030000	0
1957	1	5911.00	19.00	-19.00	0	1.109000	0.036000	-0.036000	0	1.060000	0.050000	-0.050000	0	0.0800	0.0100	-0.0100	0					4.390000	0.030000	-0.030000	0
1961	1	5911.00	19.00	-19.00	0	1.109000	0.036000	-0.036000	0	1.060000	0.050000	-0.050000	0	0.0800	0.0100	-0.0100	0					4.390000	0.030000	-0.030000	0
1963	1	5911.00	19.00	-19.00	0	1.109000	0.036000	-0.036000	0	1.060000	0.050000	-0.050000	0	0.0800	0.0100	-0.0100	0					4.390000	0.030000	-0.030000	0
1965	1	5108.00	27.00	-27.00	0	0.860000	0.020000	-0.020000	0	0.570000	0.070000	-0.070000	0	0.1500			0					4.330000	0.050000	-0.050000	0
1966	1	5655.00	16.00	-16.00	0	1.230000	0.020000	-0.020000	0	1.060000	0.070000	-0.070000	0	0.2800			0					4.290000	0.020000	-0.020000	0
1971	1	5301.00	6.00	-6.00	0	0.820000	0.010000	-0.010000	0	0.760000	0.040000	-0.040000	0	0.0400			0					4.490000	0.020000	-0.020000	0
1975	1	4790.00	40.00	-40.00	0	10.300000	0.970000	-0.970000	0	1.450000	0.270000	-0.270000	0	-0.4100			0					2.580000	0.000000	0.000000	0
1978	1	4745.00	71.00	-71.00	0	9.820000	0.750000	-0.750000	0	3.210000	1.280000	-1.280000	0	0.0500			0					2.960000	0.160000	-0.160000	0
1980	1									1.300000	0.150000	-0.150000	0												
1981	1	5436.00	144.00	-69.00	0					0.950000	0.050000	-0.050000	0												
1982	1	4990.00	39.00	-39.00	0	8.600000	0.170000	-0.170000	0	2.420000	0.060000	-0.060000	0	0.0700	0.0300	-0.0300	0	1.61584	0.01080	-0.01108	0	2.870000	0.090000	-0.090000	0
1985	1	4985.00			0	4.550000			0	1.660000			0									3.380000			0
1986	1	5250.00	84.00	-84.00	0	0.880000	0.030000	-0.030000	0	0.800000	0.280000	-0.280000	0	0.2200			0					4.450000	0.150000	-0.150000	0
1988	1	5017.00	88.00	-88.00	0	0.730000	0.020000	-0.020000	0	0.794000	0.040000	-0.040000	0	-0.0200	0.0600	-0.0600	0					4.430000	0.160000	-0.160000	0
1989	1	6489.00	77.00	-77.00	0					1.335000	0.030000	-0.030000	0	0.2800	0.0600	-0.0600	0	0.54400	0.03600	-0.03900	0	4.260000	0.130000	-0.130000	0
1991	1	6072.00	20.00	-20.00	0	2.220000	0.050000	-0.050000	0	1.280000	0.010000	-0.010000	0	-0.1900	0.0100	-0.0100	0	0.78604	0.00142	-0.00142	0	3.790000	0.030000	-0.030000	0
1992	1	4792.00	66.00	-54.00	0					0.770000	0.040000	-0.040000	0												
1995	1	4952.00	100.00	-100.00	0	0.780000	0.010000	-0.010000	0	0.820000	0.030000	-0.030000	0	0.1100	0.0600	-0.0600	0					4.560000	0.100000	-0.100000	0
1997	1	4952.00	100.00	-100.00	0	0.780000	0.010000	-0.010000	0	0.820000	0.030000	-0.030000	0	0.1100	0.0600	-0.0600	0					4.560000	0.100000	-0.100000	0
2001	1	4912.00			0	1.970000			0	1.010000			0									3.190000			0
2002	1	4738.00			0	11.120000	1.230000	-0.740000	0	1.220000	0.290000	-0.230000	0	-0.3200	0.1000	-0.1000	0	1.76989	0.07866	-0.09165	0	2.420000	0.070000	-0.060000	0
2005	1									1.010000	0.129000	-0.129000	0												
2006	1									1.010000	0.129000	-0.129000	0												
2007	1	5792.00	16.00	-16.00	0	0.940000	0.020000	-0.020000	0	0.890000	0.010000	-0.010000	0	-0.2500	0.0100	-0.0100	0	-0.10791	0.02172	-0.02286	0	4.360000	0.030000	-0.030000	0
2009	1									1.050000	0.020000	-0.020000	0	-0.0600	0.0400	-0.0400	0	0.12320	0.00970	-0.00992	0				
2015	1	5509.00			0	2.660000			0	1.390000			0									3.720000			0
2019	1	6327.00	48.00	-48.00	0	1.296000	0.058000	-0.058000	0	1.091000	0.036000	-0.036000	0	-0.3110	0.0790	-0.0790	0					4.252000	0.043000	-0.043000	0
2027	1	6327.00	48.00	-48.00	0	1.296000	0.058000	-0.058000	0	1.091000	0.036000	-0.036000	0	-0.3110	0.0790	-0.0790	0					4.252000	0.043000	-0.043000	0
2038	1	6218.00	20.00	-20.00	0	1.100000	0.020000	-0.020000	0	1.110000	0.020000	-0.020000	0	0.0000	0.0100	-0.0100	0	0.14900			0	4.620000	0.040000	-0.040000	0
2042	1									0.890000	0.030000	-0.030000	0	0.0300	0.1000	-0.1000	0	-0.16368	0.01125	-0.01155	0				
2046	1	6516.00	165.00	-165.00	0					1.500000	0.100000	-0.100000	0					0.75000	0.06000	-0.06000	0				
2049	1									0.990000	0.120000	-0.120000	0												
2053	1	5797.00			0					1.120000			0	0.3140			0					4.446000			0
2055	1	5752.92	86.22	-86.22	0	1.169193	0.026697	-0.026697	0	1.105215	0.043011	-0.043011	0	0.2964	0.0584	-0.0584	0					4.345025	0.027844	-0.027844	0
2056	1	6255.73	126.62	-155.48	0	1.206640	0.059557	-0.059539	0	1.220000	0.217431	-0.140237	0	0.1803	0.0119	-0.0119	0	0.30297	0.01425	-0.01639	0	4.361270	0.083072	-0.096463	0
2058	1									0.740000	0.040000	-0.040000	0												
2061	1	5660.00	61.00	-61.00	0	0.877000	0.008000	-0.008000	0	0.869000	0.050000	-0.048000	0	-0.2800	0.0400	-0.0400	0	-0.14997	0.02791	-0.02983	0	4.490000	0.110000	-0.110000	0
2065	1	5660.00	61.00	-61.00	0	0.877000	0.008000	-0.008000	0	0.869000	0.050000	-0.048000	0	-0.2800	0.0400	-0.0400	0	-0.14997	0.02791	-0.02983	0	4.490000	0.110000	-0.110000	0
2070	1	5660.00	61.00	-61.00	0	0.877000	0.008000	-0.008000	0	0.869000	0.050000	-0.048000	0	-0.2800	0.0400	-0.0400	0	-0.14997	0.02791	-0.02983	0	4.490000	0.110000	-0.110000	0
2072	1	5660.00	61.00	-61.00	0	0.877000	0.008000	-0.008000	0	0.869000	0.050000	-0.048000	0	-0.2800	0.0400	-0.0400	0	-0.14997	0.02791	-0.02983	0	4.490000	0.110000	-0.110000	0
2074	1	5122.00	79.00	-79.00	0	0.790000	0.030000	-0.030000	0	0.843000	0.024000	-0.024000	0	0.0400	0.0600	-0.0600	0					4.450000	0.140000	-0.140000	0
2077	1	4878.00			0	5.740000			0	1.590000			0									3.070000			0
2081	1	5600.00	37.00	-37.00	0	1.050000	0.020000	-0.020000	0	1.100000	0.090000	-0.090000	0	0.2600			0					4.440000	0.030000	-0.030000	0
2088	1	5551.00	44.00	-44.00	0					0.950000	0.036000	-0.036000	0	0.1900	0.0300	-0.0300	0								
2090	1	5844.00	21.00	-21.00	0	1.070000	0.020000	-0.020000	0	1.200000	0.530000	-0.530000	0	0.1000			0					4.460000	0.190000	-0.190000	0
2092	1	5783.00	62.00	-62.00	0					1.047000	0.024000	-0.024000	0	0.1000	0.0500	-0.0500	0	0.30100	0.06100	-0.07100	0	4.280000	0.100000	-0.100000	0
2093	1	5783.00	62.00	-62.00	0					1.047000	0.024000	-0.024000	0	0.1000	0.0500	-0.0500	0	0.30100	0.06100	-0.07100	0	4.280000	0.100000	-0.100000	0
2094	1	5694.00	23.00	-23.00	0	1.089000	0.041000	-0.041000	0	0.980000	0.050000	-0.050000	0	0.0500	0.0200	-0.0200	0					4.440000	0.040000	-0.040000	0
2095	1	5824.00			0	1.220000	0.090000	-0.090000	0	1.130000	0.220000	-0.220000	0	0.2400			0	0.19000	0.06000	-0.06000	0				
2098	1	4840.00			0	11.160000	0.450000	-0.380000	0	1.410000	0.340000	-0.350000	0	-0.2100	0.1000	-0.0800	0	1.78986	0.04545	-0.04315	0	2.480000	0.090000	-0.090000	0
2100	1	5881.00	50.00	-50.00	0	1.000000	0.040000	-0.040000	0	1.080000	0.050000	-0.050000	0	-0.0700	0.0800	-0.0800	0	0.07188	0.02849	-0.03049	0	4.450000	0.100000	-0.100000	0
2102	1	5881.00	50.00	-50.00	0	1.000000	0.040000	-0.040000	0	1.080000	0.050000	-0.050000	0	-0.0700	0.0800	-0.0800	0	0.07188	0.02849	-0.03049	0	4.450000	0.100000	-0.100000	0
2103	1									0.880000	0.104000	-0.104000	0												
2105	1	4445.00	70.00	-70.00	0	20.900000	1.100000	-1.100000	0	2.170000	0.280000	-0.280000	0	0.1900	0.0500	-0.0500	0					2.100000	0.100000	-0.100000	0
2107	1	5266.00	64.00	-64.00	0	0.788000	0.008000	-0.008000	0	0.798000	0.042000	-0.042000	0	-0.2000	0.0400	-0.0400	0					4.540000	0.030000	-0.030000	0
2108	1	5266.00	64.00	-64.00	0	0.788000	0.008000	-0.008000	0	0.798000	0.042000	-0.042000	0	-0.2000	0.0400	-0.0400	0					4.540000	0.030000	-0.030000	0
2109	1	5266.00	64.00	-64.00	0	0.788000	0.008000	-0.008000	0	0.798000	0.042000	-0.042000	0	-0.2000	0.0400	-0.0400	0					4.540000	0.030000	-0.030000	0
2110	1	5266.00	64.00	-64.00	0	0.788000	0.008000	-0.008000	0	0.798000	0.042000	-0.042000	0	-0.2000	0.0400	-0.0400	0					4.540000	0.030000	-0.030000	0
2111	1	5266.00	64.00	-64.00	0	0.788000	0.008000	-0.008000	0	0.798000	0.042000	-0.042000	0	-0.2000	0.0400	-0.0400	0					4.540000	0.030000	-0.030000	0
2112	1	5266.00	64.00	-64.00	0	0.788000	0.008000	-0.008000	0	0.798000	0.042000	-0.042000	0	-0.2000	0.0400	-0.0400	0					4.540000	0.030000	-0.030000	0
2114	1	6200.00	100.00	-100.00	0	1.190000	0.060000	-0.060000	0	1.210000	0.060000	-0.060000	0	0.0800	0.0500	-0.0500	0	0.28103	0.00900	-0.00919	0	4.200000	0.300000	-0.300000	0
2115	1	5732.00	50.00	-50.00	0	0.968000	0.018000	-0.018000	0	0.997000	0.060000	-0.060000	0	0.1400	0.0200	-0.0200	0					4.460000	0.050000	-0.050000	0
2118	1	5732.00	50.00	-50.00	0	0.968000	0.018000	-0.018000	0	0.997000	0.060000	-0.060000	0	0.1400	0.0200	-0.0200	0					4.460000	0.050000	-0.050000	0
2120	1									1.020000	0.125000	-0.125000	0												
2121	1									1.070000	0.137000	-0.137000	0												
2126	1									0.960000	0.124000	-0.124000	0												
2128	1									0.960000	0.124000	-0.124000	0												
2130	1	4884.00	30.00	-30.00	0	8.030000	0.490000	-0.490000	0	1.940000	0.070000	-0.070000	0	0.0700	0.0400	-0.0400	0	1.58058			0	3.100000	0.100000	-0.100000	0
2132	1									1.400000	0.070000	-0.070000	0												
2133	1	3657.00			0	65.800000			0	1.400000	0.300000	-0.300000	0	-0.0600			0	2.70121			0	0.800000			0
2134	1	4750.00	51.00	-51.00	0	9.850000	0.230000	-0.230000	0	1.150000	0.120000	-0.120000	0	-0.4000	0.0700	-0.0700	0	1.64660	0.03183	-0.03435	0	2.510000	0.050000	-0.050000	0
2135	1	4155.00	15.00	-15.00	0	39.000000	5.000000	-5.000000	0	1.800000	0.200000	-0.200000	0	-0.0900	0.0700	-0.0700	0	2.45255			0	1.700000	0.100000	-0.100000	0
2137	1									1.410000	0.241000	-0.241000	0												
2140	1									1.410000	0.241000	-0.241000	0												
2141	1									2.009000	0.115000	-0.115000	0												
2142	1	4462.00	145.00	-145.00	0	0.530000	0.020000	-0.020000	0	0.585000	0.050000	-0.050000	0	-0.2400	0.0600	-0.0600	0					3.790000	0.530000	-0.530000	0
2145	1	4462.00	145.00	-145.00	0	0.530000	0.020000	-0.020000	0	0.585000	0.050000	-0.050000	0	-0.2400	0.0600	-0.0600	0					3.790000	0.530000	-0.530000	0
2146	1	4181.00	40.00	-40.00	0	25.110000	1.200000	-1.200000	0	1.490000	0.180000	-0.180000	0	0.1300	0.0800	-0.0800	0	2.46389			0	1.860000	0.160000	-0.160000	0
2147	1	6651.00	35.00	-35.00	0	1.490000	0.050000	-0.050000	0	1.470000	0.070000	-0.070000	0	0.0000	0.0300	-0.0300	0	0.58320	0.00563	-0.00571	0	4.190000	0.030000	-0.030000	0
2148	1	4836.00	18.00	-18.00	0	0.760000	0.020000	-0.020000	0	0.600000	0.090000	-0.090000	0	-0.0500			0					4.450000	0.060000	-0.060000	0
2151	1	4895.00	62.00	-62.00	0					0.800000	0.030000	-0.030000	0	-0.1000	0.0300	-0.0300	0					4.280000	0.130000	-0.130000	0
2154	1	5844.00	12.00	-12.00	0	1.473000	0.037000	-0.037000	0	0.936000	0.013000	-0.013000	0	-0.3300	0.0300	-0.0300	0					4.046000	0.016000	-0.016000	0
2158	1	5135.00	44.00	-44.00	0					0.853000	0.034000	-0.034000	0	0.2100	0.0300	-0.0300	0								
2162	1									0.900000	0.040000	-0.040000	0												
2166	1									1.030000	0.134000	-0.134000	0												
2173	1	6123.00	47.00	-47.00	0					1.220000	0.020000	-0.020000	0	0.3000	0.0600	-0.0600	0					4.390000	0.120000	-0.120000	0
2179	1	6123.00	47.00	-47.00	0					1.220000	0.020000	-0.020000	0	0.3000	0.0600	-0.0600	0					4.390000	0.120000	-0.120000	0
2181	1	6123.00	47.00	-47.00	0					1.220000	0.020000	-0.020000	0	0.3000	0.0600	-0.0600	0					4.390000	0.120000	-0.120000	0
2183	1									0.830000	0.102000	-0.102000	0												
2184	1									0.830000	0.102000	-0.102000	0												
2186	1	5957.00	26.00	-26.00	0	1.213000	0.083000	-0.083000	0	1.180000	0.060000	-0.060000	0	0.3400	0.0200	-0.0200	0					4.150000	0.040000	-0.040000	0
2188	1	4819.00	54.00	-54.00	0	4.890000	0.210000	-0.210000	0	0.830000	0.240000	-0.240000	0	0.0900			0					2.980000	0.120000	-0.120000	0
2189	1									1.330000	0.110000	-0.110000	0												
2190	1	5732.00	53.00	-53.00	0	1.074000	0.041000	-0.041000	0	1.053000	0.028000	-0.028000	0	0.1900	0.0300	-0.0300	0					4.371000	0.039000	-0.039000	0
2198	1	4312.00	5.00	-5.00	0	20.580000	2.270000	-2.270000	0	0.720000	0.170000	-0.170000	0	-0.7400			0					1.670000	0.030000	-0.030000	0
2202	1	5990.00			0					1.077000			0									4.410000			0
2207	1	5742.00	93.00	-95.00	0	2.040000	0.030000	-0.030000	0	1.270000	0.028000	-0.032000	0	0.2870	0.0690	-0.1110	0					3.920000	0.020000	-0.020000	0
2212	1	5742.00	93.00	-95.00	0	2.040000	0.030000	-0.030000	0	1.270000	0.028000	-0.032000	0	0.2870	0.0690	-0.1110	0					3.920000	0.020000	-0.020000	0
2216	1	5303.00	116.97	-94.09	0	2.009710	0.104251	-0.088864	0	0.910000	0.123927	-0.105744	0	0.1000	0.1000	-0.1000	0	0.45905	0.00696	-0.01135	0	3.790840	0.086301	-0.069076	0
2218	1	5303.00	116.97	-94.09	0	2.009710	0.104251	-0.088864	0	0.910000	0.123927	-0.105744	0	0.1000	0.1000	-0.1000	0	0.45905	0.00696	-0.01135	0	3.790840	0.086301	-0.069076	0
2221	1	4970.00	70.00	-70.00	0	10.090000	0.320000	-0.320000	0	1.910000	0.210000	-0.210000	0	-0.2100	0.1000	-0.1000	0					2.900000	0.200000	-0.200000	0
2226	1	4879.00			0	10.370000	0.820000	-0.800000	0	2.160000	0.280000	-0.270000	0	0.1000	0.0800	-0.1000	0	1.73783	0.06774	-0.06352	0	2.740000	0.070000	-0.090000	0
2228	1	6027.00	24.00	-24.00	0	1.070000	0.020000	-0.020000	0	1.620000	0.210000	-0.210000	0	0.1500			0					4.590000	0.060000	-0.060000	0
2229	1									1.100000	0.134000	-0.134000	0												
2230	1									1.100000	0.134000	-0.134000	0												
2231	1									1.241000	0.071000	-0.071000	0												
2232	1	5873.00	19.00	-19.00	0					1.150000	0.079000	-0.079000	0	0.2200	0.0100	-0.0100	0					4.240000	0.040000	-0.040000	0
2233	1	5920.00	30.00	-30.00	0					1.010000	0.030000	-0.030000	0	0.0500	0.0200	-0.0200	0					4.650000	0.050000	-0.050000	0
2234	1									0.750000	0.089000	-0.089000	0												
2237	1									1.820000	0.105000	-0.105000	0												
2240	1	4691.00	166.00	-166.00	0	0.740000	0.050000	-0.050000	0	0.290000	0.250000	-0.250000	0	0.0800			0					4.170000	0.370000	-0.370000	0
2244	1									1.050000	0.131000	-0.131000	0												
2248	1									1.050000	0.131000	-0.131000	0												
2249	1									1.050000	0.131000	-0.131000	0												
2252	1	4835.00	7.00	-7.00	0	11.020000	0.480000	-0.480000	0	0.670000	0.070000	-0.070000	0	-0.5700			0					2.180000	0.030000	-0.030000	0
2254	1	5638.00	13.00	-13.00	0	0.979000	0.030000	-0.030000	0	0.897000	0.010000	-0.010000	0	-0.1000	0.0100	-0.0100	0					4.382000	0.028000	-0.028000	0
2256	1	5645.00	31.00	-31.00	0	1.200000	0.020000	-0.020000	0	1.200000	0.100000	-0.100000	0	0.3600			0					4.360000	0.030000	-0.030000	0
2265	1	5748.00	70.00	-70.00	0	1.110000	0.080000	-0.080000	0	1.020000	0.020000	-0.020000	0	0.3600	0.0300	-0.0300	0	0.06300	0.06300	-0.06300	0				
2268	1									0.960000	0.117000	-0.117000	0												
2271	1									0.730000	0.083000	-0.083000	0												
2273	1					0.760000	0.020000	-0.020000	0	0.828000	0.008000	-0.012000	0									4.610000	0.010000	-0.020000	0
2281	1					0.760000	0.020000	-0.020000	0	0.828000	0.008000	-0.012000	0									4.610000	0.010000	-0.020000	0
2283	1	4875.00	100.00	-100.00	0	0.850000	0.020000	-0.020000	0	0.650000	0.050000	-0.050000	0	0.1700	0.1000	-0.1000	0	-0.44370	0.01190	-0.01223	0	4.520000	0.060000	-0.060000	0
2284	1	6210.00	40.00	-40.00	0	1.248000	0.024000	-0.024000	0	1.212000	0.058000	-0.068000	0	0.1600	0.0800	-0.0800	0	0.32200	0.01400	-0.01500	0	4.329000	0.025000	-0.030000	0
2285	1									0.990000			0	0.2500			0								
2291	1	5387.00	44.00	-44.00	0	0.850000	0.040000	-0.040000	0	0.920000	0.030000	-0.030000	0									4.520000	0.060000	-0.060000	0
2293	1	4846.00			0	4.440000			0	1.340000			0									3.180000			0
2295	1	5671.00			0	2.390000			0	1.350000			0									3.720000			0
2296	1	4175.00	33.00	-33.00	0	38.410000	4.840000	-4.840000	0	2.240000	0.880000	-0.880000	0	-0.3700			0					1.620000	0.130000	-0.130000	0
2300	1									0.973000	0.040000	-0.040000	0												
2303	1	6289.00	128.13	-128.13	0	1.295770	0.070685	-0.043737	0	1.231000	0.217010	-0.152453	0					0.37408	0.01905	-0.01378	0	4.303270	0.075855	-0.089904	0
2304	1	5799.00	19.00	-19.00	0					0.950000			0	-0.3060	0.0160	-0.0160	0					4.390000	0.050000	-0.050000	0
2305	1	5799.00	19.00	-19.00	0					0.950000			0	-0.3060	0.0160	-0.0160	0					4.390000	0.050000	-0.050000	0
2306	1	5805.00	15.00	-15.00	0					0.930000			0	-0.2810	0.0130	-0.0130	0					4.410000	0.045000	-0.045000	0
2307	1	5966.00	14.00	-14.00	0					1.095000			0	0.1400	0.0100	-0.0100	0	0.15836	0.00599	-0.00607	0	4.430000	0.030000	-0.030000	0
2308	1	5966.00	14.00	-14.00	0					1.095000			0	0.1400	0.0100	-0.0100	0	0.15836	0.00599	-0.00607	0	4.430000	0.030000	-0.030000	0
2309	1	5576.00	86.00	-85.00	0	1.158000	0.039000	-0.036000	0	1.046000	0.070000	-0.059000	0	0.3430	0.0810	-0.0840	0	0.06483	0.02578	-0.01873	0	4.330000	0.044000	-0.041000	0
2310	1	5576.00	86.00	-85.00	0	1.158000	0.039000	-0.036000	0	1.046000	0.070000	-0.059000	0	0.3430	0.0810	-0.0840	0	0.06483	0.02578	-0.01873	0	4.330000	0.044000	-0.041000	0
2311	1	5576.00	86.00	-85.00	0	1.158000	0.039000	-0.036000	0	1.046000	0.070000	-0.059000	0	0.3430	0.0810	-0.0840	0	0.06483	0.02578	-0.01873	0	4.330000	0.044000	-0.041000	0
2312	1	5576.00	86.00	-85.00	0	1.158000	0.039000	-0.036000	0	1.046000	0.070000	-0.059000	0	0.3430	0.0810	-0.0840	0	0.06483	0.02578	-0.01873	0	4.330000	0.044000	-0.041000	0
2313	1	5576.00	86.00	-85.00	0	1.158000	0.039000	-0.036000	0	1.046000	0.070000	-0.059000	0	0.3430	0.0810	-0.0840	0	0.06483	0.02578	-0.01873	0	4.330000	0.044000	-0.041000	0
2316	1	5736.00	17.00	-17.00	0	1.220000	0.030000	-0.030000	0	1.100000	0.070000	-0.070000	0	0.2800			0					4.310000	0.020000	-0.020000	0
2320	1	5585.00	50.00	-50.00	0	1.250000	0.040000	-0.040000	0	1.100000	0.070000	-0.040000	0	0.2800			0	0.25527	0.03253	-0.03516	0				
2321	1	9540.00	100.00	-100.00	0	1.500000	0.010000	-0.010000	0					0.0500			1	1.22000	0.01000	-0.01000	0				
2322	1									1.280000	0.060000	-0.060000	0												
2323	1	5712.00	106.00	-106.00	0	1.080000	0.050000	-0.050000	0	1.020000	0.120000	-0.120000	0												
2327	1									1.646000	0.095000	-0.095000	0												
2329	1									1.180000	0.159000	-0.159000	0												
2331	1	5664.00	61.00	-61.00	0	1.058000	0.019000	-0.019000	0	0.870000	0.040000	-0.040000	0	-0.2400	0.0500	-0.0500	0	0.01620	0.02401	-0.02541	0	4.390000	0.110000	-0.110000	0
2339	1	5664.00	61.00	-61.00	0	1.058000	0.019000	-0.019000	0	0.870000	0.040000	-0.040000	0	-0.2400	0.0500	-0.0500	0	0.01620	0.02401	-0.02541	0	4.390000	0.110000	-0.110000	0
2343	1	5664.00	61.00	-61.00	0	1.058000	0.019000	-0.019000	0	0.870000	0.040000	-0.040000	0	-0.2400	0.0500	-0.0500	0	0.01620	0.02401	-0.02541	0	4.390000	0.110000	-0.110000	0
2349	1	4989.00	10.00	-10.00	0	3.780000	0.100000	-0.100000	0	1.480000	0.120000	-0.120000	0	-0.1100			0					3.450000	0.030000	-0.030000	0
2350	1	5773.19	58.14	-58.14	0	1.193078	0.028381	-0.028381	0	0.875104	0.021614	-0.021614	0	-0.2172	0.0593	-0.0593	0					4.226014	0.021970	-0.021970	0
2351	1									1.004000	0.055000	-0.055000	0												
2353	1	5181.00	29.00	-29.00	0	0.880000	0.010000	-0.010000	0	0.680000	0.050000	-0.050000	0	0.1900			0					4.390000	0.030000	-0.030000	0
2354	1	5799.00	61.00	-61.00	0	1.590000	0.030000	-0.030000	0	1.040000	0.020000	-0.020000	0	-0.0300	0.0400	-0.0400	0					4.050000	0.100000	-0.100000	0
2355	1	5799.00	61.00	-61.00	0	1.590000	0.030000	-0.030000	0	1.040000	0.020000	-0.020000	0	-0.0300	0.0400	-0.0400	0					4.050000	0.100000	-0.100000	0
2356	1	5035.00	50.00	-50.00	0	0.781000	0.017000	-0.022000	0	0.771000	0.022000	-0.022000	0	-0.2100	0.0200	-0.0200	0								
2357	1	5035.00	50.00	-50.00	0	0.781000	0.017000	-0.022000	0	0.771000	0.022000	-0.022000	0	-0.2100	0.0200	-0.0200	0								
2358	1	6255.00	66.00	-66.00	0	1.670000	0.100000	-0.100000	0	1.290000	0.040000	-0.040000	0	0.0100	0.0400	-0.0400	0	0.60200			0	4.110000	0.110000	-0.110000	0
2359	1	6255.00	66.00	-66.00	0	1.670000	0.100000	-0.100000	0	1.290000	0.040000	-0.040000	0	0.0100	0.0400	-0.0400	0	0.60200			0	4.110000	0.110000	-0.110000	0
2362	1	5867.00	25.00	-25.00	0	1.250000	0.020000	-0.020000	0	1.300000	0.130000	-0.130000	0	0.0500			0					4.360000	0.040000	-0.040000	0
2367	1									2.690000	0.258000	-0.258000	0												
2369	1	5521.00	60.00	-60.00	0	2.336000	0.052000	-0.059000	0	1.324000	0.042000	-0.046000	0	0.2900	0.0900	-0.0900	0	0.65992	0.01403	-0.01548	0	3.823000	0.020000	-0.020000	0
2373	1	4815.00	100.00	-100.00	0	12.400000	1.100000	-1.100000	0	2.400000	0.200000	-0.200000	0	-0.1000	0.0800	-0.0800	0	1.89800	0.06100	-0.07200	0	2.610000	0.100000	-0.100000	0
2377	1									0.990000	0.124000	-0.124000	0												
2379	1									1.060000	0.050000	-0.050000	0												
2381	1	5885.38	94.35	-94.35	0	1.389372	0.032635	-0.032635	0	1.051904	0.051084	-0.051084	0	0.0247	0.0618	-0.0618	0					4.173840	0.030528	-0.030528	0
2384	1	5600.00	40.00	-40.00	0					1.070000	0.080000	-0.080000	0	0.3500	0.0300	-0.0300	0					4.280000	0.050000	-0.050000	0
2387	1	5600.00	40.00	-40.00	0					1.070000	0.080000	-0.080000	0	0.3500	0.0300	-0.0300	0					4.280000	0.050000	-0.050000	0
2390	1	5600.00	40.00	-40.00	0					1.070000	0.080000	-0.080000	0	0.3500	0.0300	-0.0300	0					4.280000	0.050000	-0.050000	0
2393	1	5600.00	40.00	-40.00	0					1.070000	0.080000	-0.080000	0	0.3500	0.0300	-0.0300	0					4.280000	0.050000	-0.050000	0
2397	1	5870.00	9.00	-9.00	0	1.030000	0.010000	-0.010000	0	1.090000	0.050000	-0.050000	0	0.1100			0					4.450000	0.020000	-0.020000	0
2398	1									1.210000	0.170000	-0.170000	0												
2403	1									1.210000	0.170000	-0.170000	0												
2405	1									1.210000	0.170000	-0.170000	0												
2408	1	5421.00	77.00	-77.00	0	1.040000	0.030000	-0.030000	0	0.900000	0.050000	-0.050000	0	0.1900			0					4.350000	0.000000	0.000000	0
2410	1	4922.00	13.00	-13.00	0	4.630000	0.160000	-0.160000	0	3.500000	0.470000	-0.470000	0	0.1700			0					3.650000	0.050000	-0.050000	0
2412	1	5940.00	28.00	-28.00	0	1.040000	0.020000	-0.020000	0	1.070000	0.100000	-0.100000	0	0.1300			0					4.440000	0.040000	-0.040000	0
2413	1	6380.00	60.00	-60.00	0					1.510000	0.110000	-0.110000	0	0.1500	0.0400	-0.0400	0					4.370000	0.040000	-0.040000	0
2418	1	5507.00	10.00	-10.00	0	0.916000	0.041000	-0.041000	0	0.968000	0.027000	-0.027000	0	0.1400	0.0600	-0.0600	0					4.472000	0.043000	-0.043000	0
2421	1	6791.00	100.00	-100.00	0					1.320000	0.080000	-0.080000	0									4.340000	0.010000	-0.010000	0
2422	1									1.160000	0.164000	-0.164000	0												
2423	1	6014.00	20.00	-20.00	0	1.050000	0.020000	-0.020000	0	1.200000	0.140000	-0.140000	0	0.1100			0					4.470000	0.050000	-0.050000	0
2426	1	4757.00	100.00	-100.00	0	9.900000	0.500000	-0.500000	0	1.900000	0.300000	-0.300000	0	-0.1400	0.0900	-0.0900	0	1.65514	0.07240	-0.08694	0	2.770000	0.100000	-0.100000	0
2430	1									0.970000	0.040000	-0.040000	0	0.4300	0.0700	-0.0700	0								
2434	1									2.058000	0.118000	-0.118000	0												
2436	1	5765.00	18.00	-18.00	0					1.020000			0	0.1900	0.0100	-0.0100	0					4.380000	0.030000	-0.030000	0
2440	1	5765.00	18.00	-18.00	0					1.020000			0	0.1900	0.0100	-0.0100	0					4.380000	0.030000	-0.030000	0
2441	1	5441.00	55.00	-55.00	0					0.927000	0.031000	-0.031000	0	0.1000	0.0500	-0.0500	0					4.420000	0.040000	-0.040000	0
2442	1	5441.00	55.00	-55.00	0					0.927000	0.031000	-0.031000	0	0.1000	0.0500	-0.0500	0					4.420000	0.040000	-0.040000	0
2443	1	4090.00	50.00	-50.00	0					0.580000	0.080000	-0.080000	0	0.1600	0.1600	-0.1600	0					4.609000	0.012000	-0.012000	0
2447	1	5883.00			0					1.110000			0	0.0600			0	-0.01000			0	4.510000			0
2448	1	4946.00			0	5.010000			0	1.430000			0									3.230000			0
2449	1	5972.00	100.00	-100.00	0	2.290000	0.100000	-0.100000	0	1.380000	0.050000	-0.050000	0	0.0300	0.1000	-0.1000	0	0.77743	0.04277	-0.04745	0	3.860000	0.050000	-0.050000	0
2450	1	5972.00	100.00	-100.00	0	2.290000	0.100000	-0.100000	0	1.380000	0.050000	-0.050000	0	0.0300	0.1000	-0.1000	0	0.77743	0.04277	-0.04745	0	3.860000	0.050000	-0.050000	0
2451	1	6308.00	28.00	-28.00	0	1.210000	0.030000	-0.030000	0	1.220000			0	0.2900	0.0200	-0.0200	0	0.25042			0	4.560000	0.070000	-0.070000	0
2452	1	6032.00			0	1.340000	0.100000	-0.100000	0	1.210000	0.240000	-0.240000	0	0.2400			0	0.33000	0.07000	-0.07000	0				
2453	1	6032.00			0	1.340000	0.100000	-0.100000	0	1.210000	0.240000	-0.240000	0	0.2400			0	0.33000	0.07000	-0.07000	0				
2459	1	6179.00	15.00	-15.00	0	1.410000	0.030000	-0.030000	0	1.420000	0.330000	-0.330000	0	0.3200			0					4.370000	0.040000	-0.040000	0
2468	1	5856.00			0	1.440000	0.080000	-0.080000	0	1.200000	0.200000	-0.200000	0	0.2900			0	0.35000	0.05000	-0.05000	0				
2470	1									0.930000	0.119000	-0.119000	0												
2471	1	4153.00	83.00	-83.00	0	16.200000	0.400000	-0.400000	0	1.300000	0.100000	-0.100000	0	-0.2500	0.2200	-0.2200	0	1.98227	0.00450	-0.00455	0	2.100000	0.100000	-0.100000	0
2472	1	4947.00			0	4.670000			0	1.460000			0									3.180000			0
2474	1	5961.00	27.00	-27.00	0	0.960000	0.020000	-0.020000	0	1.170000	0.120000	-0.120000	0	-0.0100	0.0400	-0.0400	0					4.500000	0.100000	-0.100000	0
2476	1									1.140000	0.160000	-0.160000	0												
2477	1									1.140000	0.160000	-0.160000	0												
2479	1	5907.00	52.00	-52.00	0	1.128000	0.074000	-0.074000	0	1.147000	0.030000	-0.030000	0	0.2900	0.0700	-0.0700	0					4.365000	0.054000	-0.054000	0
2481	1	5027.00			0	5.140000			0	1.300000			0									3.290000			0
2486	1	6310.00	100.00	-100.00	0	1.430000	0.020000	-0.020000	0	1.150000	0.040000	-0.040000	0	-0.1600	0.0500	-0.0500	0					4.190000	0.030000	-0.030000	0
2489	1	6310.00	100.00	-100.00	0	1.430000	0.020000	-0.020000	0	1.150000	0.040000	-0.040000	0	-0.1600	0.0500	-0.0500	0					4.190000	0.030000	-0.030000	0
2493	1	5131.00	74.00	-74.00	0	0.855000	0.008000	-0.008000	0	0.829000	0.038000	-0.038000	0	0.0300	0.0400	-0.0400	0					4.480000	0.040000	-0.040000	0
2496	1	5131.00	74.00	-74.00	0	0.855000	0.008000	-0.008000	0	0.829000	0.038000	-0.038000	0	0.0300	0.0400	-0.0400	0					4.480000	0.040000	-0.040000	0
2498	1									0.790000	0.091000	-0.091000	0												
2499	1									0.790000	0.091000	-0.091000	0												
2500	1									0.790000	0.091000	-0.091000	0												
2501	1	6124.00	81.00	-81.00	0	1.280000	0.040000	-0.040000	0	1.250000	0.180000	-0.180000	0	-0.0100			0					4.320000	0.060000	-0.060000	0
2503	1	5374.00	43.00	-43.00	0					0.910000	0.020000	-0.020000	0	0.2800	0.0300	-0.0300	0	-0.13077			0	4.370000	0.070000	-0.070000	0
2508	1									0.890000	0.040000	-0.040000	0												
2512	1	4909.00	32.00	-32.00	0	8.560000	0.050000	-0.050000	0	2.070000	0.030000	-0.030000	0	0.1000	0.0500	-0.0500	0	1.58115	0.01113	-0.01143	0	2.890000	0.010000	-0.010000	0
2513	1	5743.00	23.00	-23.00	0	1.320000	0.020000	-0.020000	0	1.180000	0.120000	-0.120000	0	0.2500			0					4.270000	0.040000	-0.040000	0
2516	1	5589.00	18.00	-18.00	0	2.300000	0.060000	-0.060000	0	1.960000	0.120000	-0.120000	0	-0.2200			0					4.010000	0.010000	-0.010000	0
2519	1	5605.00			0	1.760000	0.057000	-0.057000	0	1.718000	0.030000	-0.022000	0	-0.2000			0					3.820000			0
2520	1	6239.00	20.00	-20.00	0					1.221000	0.083000	-0.083000	0	0.0500	0.0100	-0.0100	0					4.260000	0.040000	-0.040000	0
2522	1	5905.00	13.00	-13.00	0	1.380000	0.020000	-0.020000	0	1.150000	0.080000	-0.080000	0	-0.6000			0					4.220000	0.030000	-0.030000	0
2523	1	5900.00	100.00	-100.00	0					0.920000			0	-0.5100	0.0600	-0.0600	0					4.160000	0.120000	-0.120000	0
2524	1									1.030000	0.132000	-0.132000	0												
2525	1									1.030000	0.132000	-0.132000	0												
2526	1									1.290000	0.200000	-0.200000	0												
2527	1									1.290000	0.200000	-0.200000	0												
2529	1									0.940000	0.117000	-0.117000	0												
2533	1									0.940000	0.117000	-0.117000	0												
2537	1	5900.00	15.00	-15.00	0	2.160000	0.090000	-0.090000	0	1.250000			0	-0.1200	0.0100	-0.0100	0	0.73100			0	4.070000	0.040000	-0.040000	0
2540	1	4850.00	88.00	-88.00	0	0.720000	0.013000	-0.013000	0	0.772000	0.020000	-0.020000	0	0.0500	0.0600	-0.0600	0	0.23000	0.01800	-0.01800	0	4.598000	0.120000	-0.120000	0
2541	1	4903.69	59.64	-59.64	0	0.774528	0.012146	-0.012146	0	0.785167	0.023876	-0.023876	0	0.0493	0.0560	-0.0560	0					4.551151	0.018087	-0.018087	0
2544	1	6090.00	31.00	-31.00	0	1.900000	0.040000	-0.040000	0	1.380000	0.140000	-0.140000	0	0.1500			0					4.020000	0.040000	-0.040000	0
2545	1	4860.00	38.00	-38.00	0	4.500000	0.160000	-0.160000	0	1.300000	0.560000	-0.560000	0	0.1900			0					3.240000	0.190000	-0.190000	0
2547	1					1.210000	0.030000	-0.080000	0	1.080000	0.100000	-0.100000	0												
2549	1					1.210000	0.030000	-0.080000	0	1.080000	0.100000	-0.100000	0												
2550	1					1.210000	0.030000	-0.080000	0	1.080000	0.100000	-0.100000	0												
2551	1					1.210000	0.030000	-0.080000	0	1.080000	0.100000	-0.100000	0												
2552	1					1.210000	0.030000	-0.080000	0	1.080000	0.100000	-0.100000	0												
2553	1	4069.00	30.00	-30.00	0	50.300000	4.300000	-4.300000	0	1.800000	0.300000	-0.300000	0	-0.2000	0.1000	-0.1000	0	3.01481			0	1.400000	0.100000	-0.100000	0
2555	1	4757.00	89.00	-89.00	0	0.762000	0.005000	-0.005000	0	0.790000	0.020000	-0.036000	0	0.0200	0.0400	-0.0400	0	-0.56864	0.03103	-0.03342	0	4.490000	0.050000	-0.050000	0
2556	1	4757.00	89.00	-89.00	0	0.762000	0.005000	-0.005000	0	0.790000	0.020000	-0.036000	0	0.0200	0.0400	-0.0400	0	-0.56864	0.03103	-0.03342	0	4.490000	0.050000	-0.050000	0
2557	1	6123.00	65.00	-65.00	0	1.120000	0.050000	-0.050000	0	1.125000	0.030000	-0.030000	0	0.0500	0.0400	-0.0400	0	0.11400			0	4.550000	0.110000	-0.110000	0
2558	1	6123.00	65.00	-65.00	0	1.120000	0.050000	-0.050000	0	1.125000	0.030000	-0.030000	0	0.0500	0.0400	-0.0400	0	0.11400			0	4.550000	0.110000	-0.110000	0
2560	1	5534.00			0	2.130000			0	1.190000			0									3.920000			0
2564	1	5534.00			0	2.130000			0	1.190000			0									3.920000			0
2566	1	4915.00			0	3.490000	0.220000	-0.220000	0	1.330000	0.090000	-0.090000	0	0.2200			0	0.81000	0.05000	-0.05000	0				
2568	1	4915.00			0	3.490000	0.220000	-0.220000	0	1.330000	0.090000	-0.090000	0	0.2200			0	0.81000	0.05000	-0.05000	0				
2573	1	5773.00			0	1.330000	0.020000	-0.020000	0	1.130000	0.020000	-0.020000	0	0.2800	0.0300	-0.0300	0					4.200000	0.100000	-0.100000	0
2580	1	5773.00			0	1.330000	0.020000	-0.020000	0	1.130000	0.020000	-0.020000	0	0.2800	0.0300	-0.0300	0					4.200000	0.100000	-0.100000	0
2584	1	5773.00			0	1.330000	0.020000	-0.020000	0	1.130000	0.020000	-0.020000	0	0.2800	0.0300	-0.0300	0					4.200000	0.100000	-0.100000	0
2587	1	5773.00			0	1.330000	0.020000	-0.020000	0	1.130000	0.020000	-0.020000	0	0.2800	0.0300	-0.0300	0					4.200000	0.100000	-0.100000	0
2591	1	4786.00			0	10.950000	0.420000	-0.540000	0	1.060000	0.250000	-0.170000	0	-0.2100	0.0900	-0.0700	0	1.75097	0.04352	-0.04323	0	2.380000	0.070000	-0.030000	0
2593	1	5757.00	9.00	-9.00	0	1.480000	0.020000	-0.020000	0	1.110000	0.060000	-0.060000	0	0.1300			0					4.140000	0.020000	-0.020000	0
2595	1	5981.00	17.00	-17.00	0	1.720000	0.030000	-0.030000	0	1.630000	0.140000	-0.140000	0	0.3000			0					4.180000	0.030000	-0.030000	0
2600	1	4723.00	71.00	-71.00	0	0.750000	0.030000	-0.030000	0	0.420000	0.180000	-0.180000	0	-0.1000			0					4.310000	0.180000	-0.180000	0
2603	1	5522.00			0	1.760000			0	1.120000			0									3.970000			0
2606	1	5522.00			0	1.760000			0	1.120000			0									3.970000			0
2607	1									1.200000			0	0.0600			0								
2608	1	5859.00			0	1.110000	0.060000	-0.060000	0	1.120000	0.190000	-0.190000	0	0.2000			0	0.12000	0.05000	-0.05000	0				
2610	1	5790.00	40.00	-40.00	0					0.990000	0.030000	-0.030000	0	-0.0400	0.0800	-0.0800	0					4.440000	0.050000	-0.050000	0
2613	1	4663.00	31.00	-31.00	0	0.780000	0.020000	-0.020000	0	0.770000	0.020000	-0.020000	0	0.1200	0.0700	-0.0700	0	-0.58503	0.01639	-0.01703	0	4.490000	0.410000	-0.410000	0
2616	1	4663.00	31.00	-31.00	0	0.780000	0.020000	-0.020000	0	0.770000	0.020000	-0.020000	0	0.1200	0.0700	-0.0700	0	-0.58503	0.01639	-0.01703	0	4.490000	0.410000	-0.410000	0
2620	1	5390.00	30.00	-30.00	0	0.946000	0.014000	-0.021000	0	0.926000	0.029000	-0.035000	0	0.1800	0.0800	-0.0800	0	-0.14874	0.08324	-0.10307	0	4.460000	0.130000	-0.130000	0
2623	1	5390.00	30.00	-30.00	0	0.946000	0.014000	-0.021000	0	0.926000	0.029000	-0.035000	0	0.1800	0.0800	-0.0800	0	-0.14874	0.08324	-0.10307	0	4.460000	0.130000	-0.130000	0
2627	1	5390.00	30.00	-30.00	0	0.946000	0.014000	-0.021000	0	0.926000	0.029000	-0.035000	0	0.1800	0.0800	-0.0800	0	-0.14874	0.08324	-0.10307	0	4.460000	0.130000	-0.130000	0
2628	1	5393.43	68.33	-68.33	0	1.001813	0.021826	-0.021826	0	0.921146	0.031836	-0.031836	0	0.1967	0.0569	-0.0569	0					4.398073	0.025350	-0.025350	0
2630	1	5870.00	100.00	-100.00	0					1.060000	0.050000	-0.050000	0	0.0600	0.1000	-0.1000	0					4.390000	0.100000	-0.100000	0
2631	1	5426.00	100.00	-100.00	0	0.950000	0.110000	-0.110000	0	1.020000	0.050000	-0.050000	0	0.0900	0.1000	-0.1000	0	-0.15490	0.04700	-0.05271	0	4.490000	0.110000	-0.110000	0
2632	1	6317.00	44.00	-44.00	0	1.930000	0.490000	-0.490000	0	1.500000	0.070000	-0.070000	0	0.3700	0.0400	-0.0400	0	0.73000	0.08630	-0.10800	0	4.060000	0.060000	-0.060000	0
2634	1	5127.00	52.00	-52.00	0					0.810000	0.020000	-0.020000	0	-0.0900	0.0300	-0.0300	0	-0.50900			0	4.430000	0.080000	-0.080000	0
2636	1	4919.00			0	4.630000	0.430000	-0.400000	0	1.390000	0.170000	-0.190000	0	-0.0100	0.1000	-0.1100	0	1.05690	0.07982	-0.08285	0	3.230000	0.070000	-0.070000	0
2639	1	5474.00	65.00	-65.00	0					0.960000	0.020000	-0.020000	0	-0.2900	0.0430	-0.0430	0					4.430000	0.100000	-0.100000	0
2641	1	4851.00	45.00	-44.00	0	9.700000	0.250000	-0.250000	0	1.080000	0.140000	-0.120000	0	-0.6700	0.0900	-0.0800	0	1.66932	0.01821	-0.01901	0	2.500000	0.060000	-0.060000	0
2642	1	5778.33	94.42	-94.42	0	1.209505	0.028281	-0.028281	0	0.986073	0.043823	-0.043823	0	0.0183	0.0606	-0.0606	0					4.265027	0.030225	-0.030225	0
2646	1									0.980000	0.119000	-0.119000	0												
2653	1									0.980000	0.119000	-0.119000	0												
2658	1	5570.00	12.00	-12.00	0	1.090000	0.020000	-0.020000	0	1.070000	0.060000	-0.060000	0	-0.0800			0					4.390000	0.020000	-0.020000	0
2662	1									0.800000	0.101000	-0.101000	0												
2663	1	4374.00	31.00	-31.00	0	21.660000	6.180000	-6.180000	0	1.860000	1.060000	-1.060000	0	-0.2700			0					2.040000	0.030000	-0.030000	0
2666	1									0.850000	0.040000	-0.040000	0												
2668	1									1.850000			0												
2670	1									1.170000	0.158000	-0.158000	0												
2676	1									1.170000	0.158000	-0.158000	0												
2680	1	5842.00	28.00	-28.00	0	1.240000	0.020000	-0.020000	0	1.100000	0.080000	-0.080000	0	0.2900			0					4.300000	0.030000	-0.030000	0
2683	1	4326.00	148.00	-148.00	0	13.580000	1.270000	-1.270000	0	6.730000	2.240000	-2.240000	0	0.1800			0					3.000000	0.120000	-0.120000	0
2685	1	5671.00	16.00	-16.00	0	2.470000	0.070000	-0.070000	0	1.530000	0.130000	-0.130000	0	-0.4800			0					3.840000	0.030000	-0.030000	0
2688	1									0.920000	0.030000	-0.030000	0	0.2000	0.1000	-0.1000	0	-0.20273	0.01229	-0.01265	0				
2699	1	6046.00	76.00	-72.00	0	1.517000	0.038000	-0.036000	0	1.285000	0.064000	-0.062000	0	0.2080	0.0580	-0.0580	0	0.44091	0.02891	-0.02095	0	4.184000	0.024000	-0.024000	0
2702	1	4683.00	100.00	-100.00	0	13.500000	0.900000	-0.900000	0	2.000000	0.300000	-0.300000	0	-0.2200	0.0900	-0.0900	0	1.89200	0.05200	-0.06000	0	2.480000	0.100000	-0.100000	0
2703	1	4308.00	25.00	-25.00	0	26.600000	0.600000	-0.600000	0	1.800000	0.100000	-0.100000	0	-0.2800	0.3300	-0.3300	0	2.37840	0.00362	-0.00365	0	1.800000	0.100000	-0.100000	0
2709	1									1.090000	0.040000	-0.040000	0												
2713	1	5013.00			0	4.190000			0	1.390000			0									3.330000			0
2714	1	5392.00	17.00	-17.00	0	0.700000	0.010000	-0.010000	0	0.710000	0.010000	-0.010000	0	-0.6200	0.0100	-0.0100	0					4.640000	0.030000	-0.030000	0
2716	1	5904.00	22.00	-22.00	0	1.180000	0.100000	-0.100000	0	0.980000	0.100000	-0.100000	0	-0.1600	0.0200	-0.0200	0					4.340000	0.030000	-0.030000	0
2718	1	4931.00	77.00	-77.00	0	0.782000	0.035000	-0.035000	0	0.789000	0.019000	-0.019000	0	0.0300	0.0500	-0.0500	0	-0.48017	0.03406	-0.03695	0	4.440000	0.170000	-0.170000	0
2721	1	4931.00	77.00	-77.00	0	0.782000	0.035000	-0.035000	0	0.789000	0.019000	-0.019000	0	0.0300	0.0500	-0.0500	0	-0.48017	0.03406	-0.03695	0	4.440000	0.170000	-0.170000	0
2723	1	4931.00	77.00	-77.00	0	0.782000	0.035000	-0.035000	0	0.789000	0.019000	-0.019000	0	0.0300	0.0500	-0.0500	0	-0.48017	0.03406	-0.03695	0	4.440000	0.170000	-0.170000	0
2724	1									1.000000	0.100000	-0.100000	0												
2728	1	4901.00	37.00	-37.00	0	3.260000	0.120000	-0.120000	0	1.700000	0.280000	-0.280000	0	0.4200			0					3.640000	0.070000	-0.070000	0
2729	1	4949.00			0	2.620000	0.060000	-0.060000	0	1.470000			0	0.5450	0.0300	-0.0300	0	0.68502	0.08176	-0.10081	0	3.650000			0
2731	1	5588.00	115.00	-115.00	0	1.080000	0.050000	-0.050000	0	1.240000	0.580000	-0.580000	0	0.2400			0					4.460000	0.200000	-0.200000	0
2736	1	5646.00			0	1.630000	0.090000	-0.090000	0	1.140000	0.190000	-0.190000	0	0.2400			0	0.38000	0.05000	-0.05000	0				
2743	1	6168.00			0					1.210000			0	0.1370			0					4.341000			0
2744	1	5131.00			0	4.060000			0	1.750000			0									3.540000			0
2746	1	5603.00			0	3.130000			0	1.490000			0									3.640000			0
2749	1	4917.00	100.00	-100.00	0	9.200000	0.400000	-0.400000	0	2.600000	0.300000	-0.300000	0	0.2000	0.0900	-0.0900	0	1.64345	0.06582	-0.07760	0	2.980000	0.100000	-0.100000	0
2752	1	3534.00	51.00	-51.00	0	0.481000	0.014000	-0.014000	0	0.484000	0.019000	-0.019000	0	-0.0400	0.1600	-0.1600	0	-1.49000	0.00520	-0.00520	0	4.900000	0.070000	-0.070000	0
2755	1	4961.00			0	4.160000			0	1.410000			0									3.360000			0
2757	1									0.940000	0.118000	-0.118000	0												
2764	1	4945.00			0	4.710000			0	1.690000			0									3.280000			0
2766	1									0.850000	0.103000	-0.103000	0												
2767	1									0.850000	0.103000	-0.103000	0												
2769	1									0.860000	0.060000	-0.060000	0												
2778	1									0.860000	0.060000	-0.060000	0												
2785	1									0.860000	0.060000	-0.060000	0												
2787	1	5736.00	37.00	-37.00	0	1.500000	0.070000	-0.070000	0	1.030000	0.200000	-0.200000	0	-0.6200			0					4.090000	0.080000	-0.080000	0
2792	1									1.060000	0.136000	-0.136000	0												
2801	1									1.060000	0.136000	-0.136000	0												
2805	1	5784.00	61.00	-61.00	0	0.960000	0.006000	-0.006000	0	0.996000	0.049000	-0.049000	0	-0.0380	0.0400	-0.0400	0	-0.03386	0.01884	-0.01969	0	4.450000	0.100000	-0.100000	0
2806	1	4971.00			0	4.860000	0.550000	-0.490000	0	1.350000	0.190000	-0.210000	0	-0.1700	0.1000	-0.1000	0	1.11694	0.09365	-0.09824	0	3.180000	0.080000	-0.070000	0
2807	1	4971.00			0	4.860000	0.550000	-0.490000	0	1.350000	0.190000	-0.210000	0	-0.1700	0.1000	-0.1000	0	1.11694	0.09365	-0.09824	0	3.180000	0.080000	-0.070000	0
2808	1	4971.00			0	4.860000	0.550000	-0.490000	0	1.350000	0.190000	-0.210000	0	-0.1700	0.1000	-0.1000	0	1.11694	0.09365	-0.09824	0	3.180000	0.080000	-0.070000	0
2809	1	3860.00	100.00	-100.00	0	88.475000	4.424000	-4.424000	0	1.840000	0.090000	-0.090000	0	-0.4000	0.1000	-0.1000	0	2.96802	0.01876	-0.01960	0	0.900000	0.100000	-0.100000	0
2812	1	5923.00			0	2.000000			0	1.300000			0									3.920000			0
2814	1									0.800000	0.040000	-0.040000	0												
2815	1	5145.00	50.00	-50.00	0	0.767000	0.024000	-0.024000	0	0.863000	0.020000	-0.020000	0	0.0000	0.0800	-0.0800	0	-0.42946	0.01379	-0.01424	0	4.540000	0.090000	-0.090000	0
2818	1	6117.00	27.00	-27.00	0	1.270000	0.066000	-0.066000	0	1.189000	0.023000	-0.023000	0	0.1200	0.0400	-0.0400	0					4.279000	0.041000	-0.041000	0
2826	1	5790.00	157.71	-115.06	0	1.150430	0.055043	-0.064626	0	1.040000	0.112096	-0.159473	0	0.0900	0.1000	-0.1000	0	0.12713	0.01214	-0.01023	0	4.333380	0.078913	-0.088384	0
2831	1	5790.00	157.71	-115.06	0	1.150430	0.055043	-0.064626	0	1.040000	0.112096	-0.159473	0	0.0900	0.1000	-0.1000	0	0.12713	0.01214	-0.01023	0	4.333380	0.078913	-0.088384	0
2833	1	4940.00			0	5.130000			0	1.360000			0									3.090000			0
2837	1	5746.00			0					1.090000			0	0.2890			0					4.445000			0
2838	1									1.070000	0.133000	-0.133000	0												
2839	1	5726.00	15.00	-15.00	0					0.830000	0.010000	-0.010000	0	-0.2400	0.0100	-0.0100	0	0.32428			0	4.410000	0.010000	-0.010000	0
2842	1	5726.00	15.00	-15.00	0					0.830000	0.010000	-0.010000	0	-0.2400	0.0100	-0.0100	0	0.32428			0	4.410000	0.010000	-0.010000	0
2844	1	5052.00	16.00	-16.00	0	0.750000	0.010000	-0.010000	0	0.790000	0.080000	-0.080000	0	-0.0200			0					4.490000	0.050000	-0.050000	0
2864	1	4610.00	20.00	-20.00	0					0.770000	0.020000	-0.020000	0	0.1600	0.0500	-0.0500	0					4.580000	0.020000	-0.020000	0
2866	1									1.415000	0.081000	-0.081000	0												
2873	1					1.201000	0.032700	-0.032700	0	0.991000	0.039000	-0.040000	0												
2879	1					1.201000	0.032700	-0.032700	0	0.991000	0.039000	-0.040000	0												
2884	1	5656.00	60.00	-60.00	0	1.376000	0.089000	-0.089000	0	1.069000	0.027000	-0.027000	0	0.2300	0.0200	-0.0200	0					4.162000	0.054000	-0.054000	0
2887	1	5988.00	25.00	-25.00	0	1.530000			0	0.910000			0	-0.4800	0.0600	-0.0600	0	0.43000			0	4.020000	0.220000	-0.220000	0
2890	1									1.070000	0.129000	-0.129000	0												
2897	1	5348.00	100.00	-100.00	0	0.940000	0.020000	-0.020000	0	0.810000	0.040000	-0.040000	0	-0.1500	0.0600	-0.0600	0	-0.18709	0.01316	-0.01357	0	4.300000	0.100000	-0.100000	0
2902	1	5348.00	100.00	-100.00	0	0.940000	0.020000	-0.020000	0	0.810000	0.040000	-0.040000	0	-0.1500	0.0600	-0.0600	0	-0.18709	0.01316	-0.01357	0	4.300000	0.100000	-0.100000	0
2909	1	5348.00	100.00	-100.00	0	0.940000	0.020000	-0.020000	0	0.810000	0.040000	-0.040000	0	-0.1500	0.0600	-0.0600	0	-0.18709	0.01316	-0.01357	0	4.300000	0.100000	-0.100000	0
2915	1	5348.00	100.00	-100.00	0	0.940000	0.020000	-0.020000	0	0.810000	0.040000	-0.040000	0	-0.1500	0.0600	-0.0600	0	-0.18709	0.01316	-0.01357	0	4.300000	0.100000	-0.100000	0
2917	1	5348.00	100.00	-100.00	0	0.940000	0.020000	-0.020000	0	0.810000	0.040000	-0.040000	0	-0.1500	0.0600	-0.0600	0	-0.18709	0.01316	-0.01357	0	4.300000	0.100000	-0.100000	0
2921	1	5348.00	100.00	-100.00	0	0.940000	0.020000	-0.020000	0	0.810000	0.040000	-0.040000	0	-0.1500	0.0600	-0.0600	0	-0.18709	0.01316	-0.01357	0	4.300000	0.100000	-0.100000	0
2929	1	4976.00	18.00	-18.00	0	0.740000	0.010000	-0.010000	0	0.660000	0.080000	-0.080000	0	0.0300			0					4.510000	0.050000	-0.050000	0
2930	1	5166.00	49.00	-49.00	0					0.800000			0	-0.0400	0.0300	-0.0300	0	-0.41454	0.00783	-0.00797	0	4.510000	0.090000	-0.090000	0
2934	1	5166.00	49.00	-49.00	0					0.800000			0	-0.0400	0.0300	-0.0300	0	-0.41454	0.00783	-0.00797	0	4.510000	0.090000	-0.090000	0
2939	1	5041.00			0	4.410000			0	1.380000			0									3.250000			0
2940	1									1.060000	0.128000	-0.128000	0												
2941	1	5751.00	21.00	-21.00	0	1.480000	0.030000	-0.030000	0	1.210000	0.080000	-0.080000	0	0.0500			0					4.180000	0.020000	-0.020000	0
2952	1									1.270000	0.060000	-0.060000	0												
2954	1	6072.00	83.00	-76.00	0	1.710000	0.030000	-0.040000	0	1.160000	0.130000	-0.090000	0	0.2130	0.0420	-0.0420	0	0.54900	0.03192	-0.02526	0	4.090000	0.020000	-0.020000	0
2957	1	6072.00	83.00	-76.00	0	1.710000	0.030000	-0.040000	0	1.160000	0.130000	-0.090000	0	0.2130	0.0420	-0.0420	0	0.54900	0.03192	-0.02526	0	4.090000	0.020000	-0.020000	0
2958	1	4263.00	38.00	-38.00	0	32.300000	0.900000	-0.900000	0	1.100000	0.100000	-0.100000	0	-0.3100	0.1100	-0.1100	0	2.51455	0.00397	-0.00400	0	1.400000	0.100000	-0.100000	0
2961	1	6254.00	44.00	-44.00	0	1.310000	0.050000	-0.050000	0	1.280000	0.050000	-0.050000	0	0.2200	0.0400	-0.0400	0	0.38000	0.03000	-0.03000	0	4.310000	0.100000	-0.100000	0
2962	1	6150.00	100.00	-100.00	0					1.110000			0	-0.2000	0.0600	-0.0600	0					4.400000	0.120000	-0.120000	0
2963	1									1.040000	0.136000	-0.136000	0												
2964	1	6188.00	44.00	-44.00	0					1.365000	0.042000	-0.042000	0	0.2700	0.0300	-0.0300	0								
2966	1	5494.00	27.00	-27.00	0					0.875000			0	0.0400	0.0200	-0.0200	0	-0.14267	0.01773	-0.01848	0	4.410000	0.050000	-0.050000	0
2967	1	5494.00	27.00	-27.00	0					0.875000			0	0.0400	0.0200	-0.0200	0	-0.14267	0.01773	-0.01848	0	4.410000	0.050000	-0.050000	0
2969	1	4982.00			0	4.920000			0	1.390000			0									3.220000			0
2972	1	4982.00			0	4.920000			0	1.390000			0									3.220000			0
2974	1	5766.00			0	1.040000	0.010000	-0.010000	0	1.070000	0.080000	-0.080000	0	0.3000	0.1000	-0.1000	0					4.500000	0.100000	-0.100000	0
2976	1	5040.00	71.00	-85.00	0	6.430000	0.410000	-0.390000	0	1.910000	0.090000	-0.140000	0	0.0200	0.0400	-0.0400	0	1.36922	0.04240	-0.03880	0	3.110000	0.070000	-0.070000	0
2977	1	5040.00	71.00	-85.00	0	6.430000	0.410000	-0.390000	0	1.910000	0.090000	-0.140000	0	0.0200	0.0400	-0.0400	0	1.36922	0.04240	-0.03880	0	3.110000	0.070000	-0.070000	0
2981	1	6442.00	10.00	-10.00	0	2.554000	0.056000	-0.052000	0	1.721000	0.054000	-0.058000	0	0.2320	0.0100	-0.0100	0	1.00945	0.01953	-0.01778	0	3.930000	0.030000	-0.030000	0
2983	1																								
2985	1	5596.00	50.00	-50.00	0	1.130000	0.020000	-0.020000	0	0.900000	0.050000	-0.050000	0	-0.0700	0.0600	-0.0600	0	0.04922	0.00232	-0.00233	0	4.400000	0.070000	-0.070000	0
2986	1									2.817000	0.271000	-0.271000	0												
2987	1									2.817000	0.271000	-0.271000	0												
2988	1	5945.00	36.00	-36.00	0	1.190000	0.030000	-0.030000	0	1.230000	0.190000	-0.190000	0	0.3000			0					4.380000	0.060000	-0.060000	0
2996	1									1.030000	0.132000	-0.132000	0												
2998	1									1.030000	0.132000	-0.132000	0												
2999	1									1.030000	0.132000	-0.132000	0												
3002	1	5026.00	29.00	-29.00	0	0.780000	0.010000	-0.010000	0	0.580000	0.080000	-0.080000	0	-0.1900			0					4.420000	0.060000	-0.060000	0
3003	1									1.160000	0.159000	-0.159000	0												
3004	1	6176.00	30.00	-30.00	0	1.330000	0.100000	-0.100000	0	1.220000	0.080000	-0.060000	0	0.1900	0.0400	-0.0400	0	0.36000			0	4.290000	0.060000	-0.050000	0
3005	1	5635.00	82.00	-99.00	0					1.420000	0.080000	-0.080000	0												
3008	1	4842.00			0	6.120000			0	1.550000			0									3.220000			0
3010	1									1.310000	0.030000	-0.020000	0												
3014	1									1.310000	0.030000	-0.020000	0												
3016	1	4819.00	94.00	-94.00	0	0.769000	0.026000	-0.026000	0	0.800000	0.040000	-0.040000	0	0.0950	0.0380	-0.0380	0					4.507000	0.040000	-0.040000	0
3017	1	5256.00	29.00	-29.00	0					0.700000			0	-0.1100	0.0200	-0.0200	0	-0.30980	0.03408	-0.03698	0	4.370000	0.050000	-0.050000	0
3018	1	5256.00	29.00	-29.00	0					0.700000			0	-0.1100	0.0200	-0.0200	0	-0.30980	0.03408	-0.03698	0	4.370000	0.050000	-0.050000	0
3019	1	5256.00	29.00	-29.00	0					0.700000			0	-0.1100	0.0200	-0.0200	0	-0.30980	0.03408	-0.03698	0	4.370000	0.050000	-0.050000	0
3020	1	5256.00	29.00	-29.00	0					0.700000			0	-0.1100	0.0200	-0.0200	0	-0.30980	0.03408	-0.03698	0	4.370000	0.050000	-0.050000	0
3022	1	5782.13	76.96	-127.47	0	1.126810	0.047169	-0.042017	0	1.040000	0.134951	-0.107228	0	-0.0537	0.0040	-0.0040	0	0.10674	0.00865	-0.01433	0	4.351400	0.051571	-0.082905	0
3028	1	5726.00			0	0.890000	0.050000	-0.050000	0	1.050000	0.170000	-0.170000	0	0.1400			0	-0.11000	0.05000	-0.05000	0				
3029	1	5710.00	81.00	-81.00	0	0.901000	0.056000	-0.056000	0	0.940000	0.100000	-0.100000	0	0.0600			0	-0.11200	0.05100	-0.05100	0	4.502000	0.071000	-0.071000	0
3031	1	5106.00	67.00	-63.00	0	0.782700	0.032900	-0.026400	0	0.820800	0.022600	-0.025300	0	-0.0300	0.0600	-0.0590	0	-0.42136	0.04254	-0.04082	0	4.562000	0.030000	-0.043000	0
3035	1	5368.00	64.00	-64.00	0	0.930000	0.030000	-0.030000	0	0.790000	0.010000	-0.010000	0	-0.4200	0.0200	-0.0200	0	-0.16311	0.00164	-0.00165	0	4.390000	0.030000	-0.030000	0
3038	1	5368.00	64.00	-64.00	0	0.930000	0.030000	-0.030000	0	0.790000	0.010000	-0.010000	0	-0.4200	0.0200	-0.0200	0	-0.16311	0.00164	-0.00165	0	4.390000	0.030000	-0.030000	0
3041	1									0.813000	0.018000	-0.012000	0												
3042	1	5368.00	64.00	-64.00	0	0.930000	0.030000	-0.030000	0	0.790000	0.010000	-0.010000	0	-0.4200	0.0200	-0.0200	0	-0.16311	0.00164	-0.00165	0	4.390000	0.030000	-0.030000	0
3046	1	6134.00	54.00	-50.00	0	1.160000	0.020000	-0.020000	0	1.150000	0.040000	-0.040000	0	0.0900	0.0400	-0.0400	0	0.23300	0.02228	-0.02348	0	4.340000	0.620000	-0.420000	0
3047	1	4035.00	65.00	-65.00	0	51.100000	8.300000	-8.300000	0	1.600000	0.400000	-0.400000	0	-0.0900	0.1600	-0.1600	0					1.400000	0.200000	-0.200000	0
3049	1	4802.00	146.00	-146.00	0	0.760000	0.050000	-0.050000	0	0.390000	0.270000	-0.270000	0	0.0500			0					4.260000	0.300000	-0.300000	0
3050	1	4860.00	100.00	-100.00	0	4.980000	0.200000	-0.200000	0	1.250000	0.110000	-0.110000	0	0.2100	0.1500	-0.1500	0	1.09000	0.07000	-0.07000	0	3.130000	0.140000	-0.140000	0
3070	1	6091.00	10.00	-10.00	0	1.190000	0.020000	-0.020000	0	1.230000	0.090000	-0.090000	0	0.0100			0					4.450000	0.020000	-0.020000	0
3075	1	5790.00	38.00	-50.00	0					1.040000	0.060000	-0.060000	0												
3076	1	5538.00	14.00	-14.00	0	1.070000	0.010000	-0.010000	0	1.010000	0.050000	-0.050000	0	0.2200			0					4.380000	0.020000	-0.020000	0
3084	1	4912.00			0	4.540000	0.490000	-0.450000	0	1.330000	0.190000	-0.200000	0	-0.0200	0.0700	-0.1000	0	1.03543	0.09200	-0.09541	0	3.230000	0.080000	-0.070000	0
3085	1	6273.00	44.00	-44.00	0	1.206000	0.080000	-0.080000	0	1.200000	0.060000	-0.060000	0	0.1800	0.0400	-0.0400	0					4.300000	0.150000	-0.150000	0
3086	1	5652.00			0	1.130000	1.130000	-1.130000	0	1.030000	0.020000	-0.020000	0	0.1700			0	0.07000	0.43000	-0.43000	0				
3087	1	4127.00	149.00	-94.00	0					0.610000	0.040000	-0.040000	0												
3088	1	6239.00	24.00	-24.00	0	1.160000	0.020000	-0.020000	0	1.550000	0.160000	-0.160000	0	0.1800			0					4.500000	0.040000	-0.040000	0
3092	1	5003.00			0	5.270000			0	1.560000			0									3.310000			0
3095	1	5979.00	19.00	-19.00	0	1.510000	0.020000	-0.020000	0	1.570000	0.120000	-0.120000	0	0.1500			0					4.270000	0.030000	-0.030000	0
3096	1	5729.54	99.37	-99.37	0	1.433902	0.033486	-0.033486	0	1.048132	0.050666	-0.050666	0	0.1249	0.0624	-0.0624	0					4.144921	0.031561	-0.031561	0
3097	1									1.050000	0.133000	-0.133000	0												
3099	1	5978.00	50.00	-50.00	0	1.101100	0.008000	-0.007500	0	1.068000	0.020000	-0.018000	0	-0.0400	0.0300	-0.0300	0	0.13862	0.01398	-0.01575	0	4.382700	0.009500	-0.009700	0
3100	1	5978.00	50.00	-50.00	0	1.101100	0.008000	-0.007500	0	1.068000	0.020000	-0.018000	0	-0.0400	0.0300	-0.0300	0	0.13862	0.01398	-0.01575	0	4.382700	0.009500	-0.009700	0
3101	1	5605.00	247.00	-132.00	0					0.890000	0.050000	-0.050000	0												
3105	1									1.115000	0.144000	-0.144000	0												
3107	1	4935.00	76.00	-76.00	0	0.730000	0.018000	-0.018000	0	0.770000	0.015000	-0.015000	0	-0.1000	0.0400	-0.0400	0					4.400000			0
3108	1	4935.00	76.00	-76.00	0	0.730000	0.018000	-0.018000	0	0.770000	0.015000	-0.015000	0	-0.1000	0.0400	-0.0400	0					4.400000			0
3111	1	4935.00	76.00	-76.00	0	0.730000	0.018000	-0.018000	0	0.770000	0.015000	-0.015000	0	-0.1000	0.0400	-0.0400	0					4.400000			0
3112	1	4935.00	76.00	-76.00	0	0.730000	0.018000	-0.018000	0	0.770000	0.015000	-0.015000	0	-0.1000	0.0400	-0.0400	0					4.400000			0
3115	1	5871.00	62.00	-62.00	0	1.044000	0.024000	-0.024000	0	1.090000	0.070000	-0.070000	0	0.0490	0.0420	-0.0420	0	0.06595	0.00519	-0.00526	0	4.420000	0.030000	-0.030000	0
3118	1	5110.00	108.00	-108.00	0	0.850000	0.040000	-0.040000	0	0.670000	0.330000	-0.330000	0	0.2000			0					4.400000	0.210000	-0.210000	0
3120	1									0.920000	0.050000	-0.050000	0												
3121	1	5999.00	60.00	-60.00	0					1.300000			0	0.2440			0					4.154000			0
3124	1									1.220000	0.060000	-0.060000	0												
3128	1	5103.00	20.00	-20.00	0	0.760000	0.007000	-0.007000	0	0.820000	0.040000	-0.040000	0	-0.1600			0	-0.45200	0.00400	-0.00400	0	4.540000	0.028000	-0.028000	0
3130	1	5103.00	20.00	-20.00	0	0.760000	0.007000	-0.007000	0	0.820000	0.040000	-0.040000	0	-0.1600			0	-0.45200	0.00400	-0.00400	0	4.540000	0.028000	-0.028000	0
3132	1	4639.00	45.00	-45.00	0	9.830000	1.280000	-1.280000	0	0.810000	0.440000	-0.440000	0	-0.1700			0					2.360000	0.210000	-0.210000	0
3133	1	5399.00	18.00	-18.00	0	0.930000	0.020000	-0.020000	0	0.740000	0.070000	-0.070000	0	0.2700			0					4.370000	0.040000	-0.040000	0
3135	1	5430.00	26.00	-26.00	0					0.800000			0	0.0000	0.0200	-0.0200	0	-0.20761	0.01379	-0.01424	0	4.370000	0.040000	-0.040000	0
3136	1	5430.00	26.00	-26.00	0					0.800000			0	0.0000	0.0200	-0.0200	0	-0.20761	0.01379	-0.01424	0	4.370000	0.040000	-0.040000	0
3137	1					1.224500	0.017300	-0.017300	0	1.045000	0.018000	-0.023000	0												
3147	1					1.224500	0.017300	-0.017300	0	1.045000	0.018000	-0.023000	0												
3154	1	4640.00	100.00	-100.00	0	0.695000	0.030000	-0.030000	0	0.730000	0.070000	-0.070000	0	0.0030	0.0600	-0.0600	0	-0.68620	0.00034	-0.00034	0	4.613000	0.052000	-0.061000	0
3157	1									1.140000	0.159000	-0.159000	0												
3158	1									1.140000	0.159000	-0.159000	0												
3159	1									1.080000	0.141000	-0.141000	0												
3162	1	4730.00	100.00	-100.00	0	0.850000	0.040000	-0.040000	0	0.760000	0.320000	-0.320000	0	0.2800			0					4.460000	0.180000	-0.180000	0
3163	1									0.920000	0.118000	-0.118000	0												
3172	1	4699.00	16.00	-16.00	0	0.778000	0.005000	-0.005000	0	0.810000	0.030000	-0.030000	0	0.1100	0.0400	-0.0400	0	-0.57741	0.00813	-0.00829	0	4.567000	0.018000	-0.018000	0
3181	1	4699.00	16.00	-16.00	0	0.778000	0.005000	-0.005000	0	0.810000	0.030000	-0.030000	0	0.1100	0.0400	-0.0400	0	-0.57741	0.00813	-0.00829	0	4.567000	0.018000	-0.018000	0
3185	1	4699.00	16.00	-16.00	0	0.778000	0.005000	-0.005000	0	0.810000	0.030000	-0.030000	0	0.1100	0.0400	-0.0400	0	-0.57741	0.00813	-0.00829	0	4.567000	0.018000	-0.018000	0
3189	1	4699.00	16.00	-16.00	0	0.778000	0.005000	-0.005000	0	0.810000	0.030000	-0.030000	0	0.1100	0.0400	-0.0400	0	-0.57741	0.00813	-0.00829	0	4.567000	0.018000	-0.018000	0
3191	1	4913.00			0	0.770000	0.020000	-0.020000	0	0.794000	0.037000	-0.022000	0	0.0800			0	-0.50864			0	4.510000			0
3195	1	4913.00			0	0.770000	0.020000	-0.020000	0	0.794000	0.037000	-0.022000	0	0.0800			0	-0.50864			0	4.510000			0
3197	1	4831.00			0	11.220000	0.550000	-0.270000	0	1.460000	0.310000	-0.290000	0	-0.2000	0.0900	-0.0700	0	1.79463	0.04829	-0.03678	0	2.480000	0.080000	-0.070000	0
3198	1	4820.00	20.00	-20.00	0	2.900000	0.400000	-0.400000	0	1.000000	0.100000	-0.100000	0	-0.0400	0.0900	-0.0900	0	0.62000	0.15000	-0.15000	0	3.510000	0.060000	-0.060000	0
3203	1	5540.00	63.00	-63.00	0	1.059000	0.008000	-0.008000	0	1.020000	0.100000	-0.100000	0												
3207	1									1.040000	0.124000	-0.124000	0												
3212	1									1.040000	0.124000	-0.124000	0												
3214	1	3787.00	110.00	-110.00	0	54.920000	8.760000	-8.760000	0	2.200000	2.620000	-2.620000	0	-0.2500			0					1.300000	0.500000	-0.500000	0
3215	1	5683.00	15.00	-15.00	0	0.980000	0.020000	-0.020000	0	0.910000	0.020000	-0.020000	0	-0.5500	0.0600	-0.0600	0					4.420000	0.030000	-0.030000	0
3217	1	5921.00	26.00	-26.00	0	1.068000	0.047000	-0.047000	0	1.016000	0.048000	-0.048000	0	-0.0700	0.1000	-0.1000	0					4.360000	0.045000	-0.045000	0
3219	1	5940.00	100.00	-100.00	0					1.160000			0	0.0900	0.0600	-0.0600	0					4.240000	0.120000	-0.120000	0
3220	1	5960.00	20.00	-20.00	0					1.130000	0.060000	-0.060000	0	-0.1700	0.0200	-0.0200	0					4.240000	0.020000	-0.020000	0
3221	1	6304.00	45.00	-45.00	0					1.250000	0.100000	-0.100000	0	-0.0300	0.0500	-0.0500	0	0.22011			0	4.430000	0.160000	-0.160000	0
3223	1	5080.00	90.00	-90.00	0	2.943000	0.064000	-0.064000	0	1.212000	0.074000	-0.074000	0	-0.0800	0.0800	-0.0800	0	0.71181	0.01410	-0.01458	0	3.584000	0.010000	-0.010000	0
3228	1	5847.00	22.00	-22.00	0	1.947000	0.013000	-0.013000	0	1.351000	0.013000	-0.013000	0	0.3300	0.0200	-0.0200	0	0.60293	0.00087	-0.00087	0	4.030000	0.030000	-0.030000	0
3231	1	5620.00	27.00	-27.00	0					1.190000	0.120000	-0.120000	0	0.2900	0.0200	-0.0200	0	0.42160	0.02865	-0.03067	0	4.050000	0.040000	-0.040000	0
3233	1	4806.00	100.00	-100.00	0	4.100000	0.600000	-0.600000	0	1.070000	0.250000	-0.250000	0	0.0500	0.1000	-0.1000	0	0.92942			0	3.310000	0.150000	-0.150000	0
3236	1	5701.00	44.00	-44.00	0	1.850000	0.040000	-0.040000	0	1.210000	0.100000	-0.100000	0	-0.1800			0					3.990000	0.030000	-0.030000	0
3238	1	4751.00	139.00	-139.00	0	0.710000	0.060000	-0.060000	0	0.760000	0.090000	-0.090000	0	-0.3200	0.0200	-0.0200	0					4.610000	0.100000	-0.100000	0
3240	1	5790.00	14.00	-14.00	0	1.130000	0.020000	-0.020000	0	1.120000	0.060000	-0.060000	0	0.0100			0					4.380000	0.020000	-0.020000	0
3243	1	5784.00	60.00	-60.00	0	1.147000	0.028000	-0.028000	0	1.013000	0.069000	-0.061000	0	0.0500	0.0500	-0.0500	0	0.12385	0.01287	-0.01664	0	4.320000	0.040000	-0.030000	0
3244	1	5784.00	60.00	-60.00	0	1.147000	0.028000	-0.028000	0	1.013000	0.069000	-0.061000	0	0.0500	0.0500	-0.0500	0	0.12385	0.01287	-0.01664	0	4.320000	0.040000	-0.030000	0
3245	1	5784.00	60.00	-60.00	0	1.147000	0.028000	-0.028000	0	1.013000	0.069000	-0.061000	0	0.0500	0.0500	-0.0500	0	0.12385	0.01287	-0.01664	0	4.320000	0.040000	-0.030000	0
3247	1									1.230000	0.181000	-0.181000	0												
3250	1	5894.00			0	1.930000	0.180000	-0.180000	0	1.310000	0.290000	-0.290000	0	0.2700			0	0.61000	0.08000	-0.08000	0				
3251	1	4385.00	21.00	-21.00	0	0.674000	0.020000	-0.020000	0	0.684000	0.013000	-0.013000	0	-0.0800	0.0200	-0.0200	0	-1.17393	0.17393	-0.21329	0	4.690000	0.050000	-0.050000	0
3252	1	5038.00	24.00	-24.00	0	5.690000	0.070000	-0.070000	0	1.570000	0.070000	-0.070000	0	-0.1900	0.0200	-0.0200	0	1.27416	0.00756	-0.00769	0	3.090000	0.070000	-0.070000	0
3253	1	5027.00	50.00	-50.00	0					0.750000	0.030000	-0.030000	0	-0.3700	0.1200	-0.1200	0					4.600000	0.020000	-0.020000	0
3254	1	6169.00	64.00	-64.00	0	1.117000	0.009000	-0.009000	0	1.098000	0.040000	-0.039000	0	-0.0800	0.0400	-0.0400	0					4.470000	0.110000	-0.110000	0
3255	1	5994.00	55.00	-64.00	0	1.080000	0.020000	-0.030000	0	1.160000	0.020000	-0.030000	0	-0.1290	0.0410	-0.0410	0	0.13033	0.02500	-0.02653	0	4.370000	0.020000	-0.020000	0
3259	1	5994.00	55.00	-64.00	0	1.080000	0.020000	-0.030000	0	1.160000	0.020000	-0.030000	0	-0.1290	0.0410	-0.0410	0	0.13033	0.02500	-0.02653	0	4.370000	0.020000	-0.020000	0
3260	1	5843.00	52.00	-52.00	0	1.490000	0.104000	-0.104000	0	1.208000	0.045000	-0.045000	0	0.2900	0.0300	-0.0300	0					4.146000	0.054000	-0.054000	0
3263	1	6101.00			0	1.530000	0.200000	-0.200000	0	1.210000	0.340000	-0.340000	0	0.0500			0	0.47000	0.11000	-0.11000	0				
3266	1	4791.00	45.00	-45.00	0	10.900000	0.600000	-0.600000	0	1.500000	0.300000	-0.300000	0	-0.3600	0.0400	-0.0400	0	1.75000	0.18000	-0.18000	0	2.550000	0.180000	-0.180000	0
3268	1	4981.00	31.00	-31.00	0	0.680000	0.030000	-0.030000	0	0.710000	0.020000	-0.020000	0	-0.6600	0.1000	-0.1000	0					4.490000	0.060000	-0.060000	0
3269	1	4684.00	99.00	-99.00	0	0.710000	0.020000	-0.020000	0	0.670000	0.030000	-0.030000	0	-0.2000	0.0500	-0.0500	0	-0.62525	0.02665	-0.02840	0	4.530000	0.080000	-0.080000	0
3272	1	4684.00	99.00	-99.00	0	0.710000	0.020000	-0.020000	0	0.670000	0.030000	-0.030000	0	-0.2000	0.0500	-0.0500	0	-0.62525	0.02665	-0.02840	0	4.530000	0.080000	-0.080000	0
3275	1	4684.00	99.00	-99.00	0	0.710000	0.020000	-0.020000	0	0.670000	0.030000	-0.030000	0	-0.2000	0.0500	-0.0500	0	-0.62525	0.02665	-0.02840	0	4.530000	0.080000	-0.080000	0
3277	1	4684.00	99.00	-99.00	0	0.710000	0.020000	-0.020000	0	0.670000	0.030000	-0.030000	0	-0.2000	0.0500	-0.0500	0	-0.62525	0.02665	-0.02840	0	4.530000	0.080000	-0.080000	0
3280	1	4684.00	99.00	-99.00	0	0.710000	0.020000	-0.020000	0	0.670000	0.030000	-0.030000	0	-0.2000	0.0500	-0.0500	0	-0.62525	0.02665	-0.02840	0	4.530000	0.080000	-0.080000	0
3282	1	5075.00	75.00	-75.00	0	0.772000	0.029000	-0.029000	0	0.849000	0.009000	-0.009000	0	-0.0200	0.0300	-0.0300	0	-0.44370	0.03028	-0.03256	0	4.550000	0.050000	-0.050000	0
3287	1									1.100000	0.137000	-0.137000	0												
3290	1	3933.00	51.00	-51.00	0	0.570000	0.016000	-0.016000	0	0.578000	0.021000	-0.021000	0	-0.0300	0.1600	-0.1600	0	-1.15366	0.00918	-0.00938	0	4.700000	0.070000	-0.070000	0
3291	1	4769.00	15.00	-15.00	0	12.730000	3.890000	-3.890000	0	1.470000	0.470000	-0.470000	0	-0.2500	0.0900	-0.0900	0	1.85000	0.19000	-0.19000	0	2.370000	0.060000	-0.060000	0
3292	1	4297.00	25.00	-25.00	0					0.820000	0.150000	-0.150000	0	-0.1800	0.1200	-0.1200	0	1.55000			0	2.310000	0.110000	-0.110000	0
3293	1	3926.00	100.00	-100.00	0	71.230000	17.070000	-17.070000	0	8.760000	4.210000	-4.210000	0	-0.2500			0					1.670000	0.010000	-0.010000	0
3299	1	5802.00	15.00	-15.00	0	1.300000	0.020000	-0.020000	0	1.110000	0.120000	-0.120000	0	0.1900			0					4.260000	0.050000	-0.050000	0
3301	1	5776.49	84.58	-84.58	0	1.387296	0.031370	-0.031370	0	1.103940	0.052950	-0.052950	0	0.1971	0.0590	-0.0590	0					4.197486	0.029049	-0.029049	0
3303	1	4052.00	22.00	-22.00	0	40.000000	4.200000	-4.200000	0	1.610000	0.530000	-0.530000	0	-0.4900			0					1.440000	0.110000	-0.110000	0
3304	1	6034.00	32.00	-53.00	0					1.220000	0.070000	-0.070000	0												
3306	1									0.860000	0.101000	-0.101000	0												
3308	1	6125.00	21.00	-21.00	0	1.230000	0.045000	-0.045000	0	1.076000	0.021000	-0.021000	0	-0.1200	0.0400	-0.0400	0					4.263000	0.031000	-0.031000	0
3312	1	6353.00	85.00	-77.00	0	1.418200	0.024100	-0.023000	0	1.251000	0.024800	-0.022900	0	-0.0180	0.0540	-0.0620	0	0.47276	0.02251	-0.02235	0	4.227000	0.019000	-0.014000	0
3315	1	6353.00	85.00	-77.00	0	1.418200	0.024100	-0.023000	0	1.251000	0.024800	-0.022900	0	-0.0180	0.0540	-0.0620	0	0.47276	0.02251	-0.02235	0	4.227000	0.019000	-0.014000	0
3316	1	4766.00	49.00	-38.00	0	13.760000	0.560000	-0.560000	0	2.120000	0.410000	-0.550000	0	-0.0300	0.1000	-0.1000	0	1.94443	0.02911	-0.02840	0	2.500000	0.100000	-0.070000	0
3317	1									1.080000	0.130000	-0.130000	0												
3318	1									1.080000	0.130000	-0.130000	0												
3320	1	3803.00	10.00	-10.00	0	0.439000	0.003000	-0.003000	0	0.439000	0.011000	-0.011000	0	-0.4300	0.0400	-0.0400	0	-1.43997	0.00215	-0.00216	0	5.200000	0.070000	-0.070000	0
3323	1	3803.00	10.00	-10.00	0	0.439000	0.003000	-0.003000	0	0.439000	0.011000	-0.011000	0	-0.4300	0.0400	-0.0400	0	-1.43997	0.00215	-0.00216	0	5.200000	0.070000	-0.070000	0
3325	1									1.120000	0.146000	-0.146000	0												
3328	1	5186.00	8.00	-8.00	0	0.940000	0.030000	-0.030000	0	0.770000	0.090000	-0.090000	0	0.1300			0					4.380000	0.040000	-0.040000	0
3331	1	6801.00	76.00	-76.00	0	1.560000	0.050000	-0.050000	0	1.430000	0.050000	-0.040000	0	0.0200	0.0600	-0.0600	0	0.66839	0.03833	-0.04102	0	4.210000	0.030000	-0.030000	0
3334	1	4846.00	44.00	-44.00	0					1.230000			0	0.4200	0.0300	-0.0300	0					3.783000	0.060000	-0.060000	0
3335	1	5737.00	36.00	-36.00	0	0.923000	0.033000	-0.033000	0	0.944000	0.032000	-0.032000	0	-0.1200	0.0500	-0.0500	0					4.455000	0.038000	-0.038000	0
3339	1									0.810000	0.096000	-0.096000	0												
3343	1									0.800000			0	0.3000	0.0700	-0.0700	0								
3345	1									0.810000	0.096000	-0.096000	0												
3347	1	5966.00	21.00	-21.00	0	1.270000	0.100000	-0.100000	0	1.160000	0.070000	-0.070000	0	0.1800	0.0200	-0.0200	0					4.120000	0.040000	-0.040000	0
3348	1	6189.00	55.00	-55.00	0	1.425000	0.048000	-0.041000	0	1.227000	0.052000	-0.052000	0	0.1000	0.0300	-0.0300	0	0.43297	0.02491	-0.02304	0	4.250000	0.070000	-0.070000	0
3353	1	6189.00	55.00	-55.00	0	1.425000	0.048000	-0.041000	0	1.227000	0.052000	-0.052000	0	0.1000	0.0300	-0.0300	0	0.43297	0.02491	-0.02304	0	4.250000	0.070000	-0.070000	0
3355	1	6189.00	55.00	-55.00	0	1.425000	0.048000	-0.041000	0	1.227000	0.052000	-0.052000	0	0.1000	0.0300	-0.0300	0	0.43297	0.02491	-0.02304	0	4.250000	0.070000	-0.070000	0
3361	1	5602.00	36.00	-36.00	0	1.048000	0.015000	-0.015000	0	0.974000	0.018000	-0.018000	0	0.1900	0.0100	-0.0100	0	-0.01323	0.00842	-0.00859	0	4.386000	0.015000	-0.015000	0
3364	1	5602.00	36.00	-36.00	0	1.048000	0.015000	-0.015000	0	0.974000	0.018000	-0.018000	0	0.1900	0.0100	-0.0100	0	-0.01323	0.00842	-0.00859	0	4.386000	0.015000	-0.015000	0
3366	1									1.080000	0.135000	-0.135000	0												
3368	1									1.100000	0.050000	-0.050000	0												
3369	1	6035.00	65.00	-65.00	0	1.360000	0.330000	-0.330000	0									0.34242	0.08082	-0.09938	0				
3371	1	5766.00	101.00	-101.00	0	1.080000	0.057000	-0.057000	0	0.980000	0.044000	-0.044000	0	-0.0400	0.0300	-0.0300	0					4.380000	0.060000	-0.060000	0
3372	1	5766.00	101.00	-101.00	0	1.080000	0.057000	-0.057000	0	0.980000	0.044000	-0.044000	0	-0.0400	0.0300	-0.0300	0					4.380000	0.060000	-0.060000	0
3373	1	5766.00	101.00	-101.00	0	1.080000	0.057000	-0.057000	0	0.980000	0.044000	-0.044000	0	-0.0400	0.0300	-0.0300	0					4.380000	0.060000	-0.060000	0
3374	1	4503.00	73.00	-73.00	0	0.690000	0.020000	-0.020000	0	0.820000	0.120000	-0.120000	0	0.1300			0					4.670000	0.050000	-0.050000	0
3376	1									0.500000			0	-0.1000	0.2000	-0.2000	0	-1.65800			0				
3381	1	4972.00			0	6.480000			0	1.530000			0									3.060000			0
3382	1									0.860000	0.020000	-0.020000	0	-0.3000	0.1000	-0.1000	0	-0.18111	0.01106	-0.01135	0				
3384	1	5505.00	63.00	-63.00	0	0.950000	0.030000	-0.030000	0	0.840000	0.200000	-0.200000	0	-0.1400			0					4.410000	0.100000	-0.100000	0
3387	1	4845.00	52.00	-52.00	0	4.500000	0.110000	-0.110000	0	1.170000	0.100000	-0.100000	0	0.1400	0.0300	-0.0300	0	1.00173	0.00857	-0.00874	0	3.250000	0.130000	-0.130000	0
3389	1	4853.00			0	10.900000	0.570000	-0.810000	0	1.910000	0.420000	-0.220000	0	0.0000	0.1000	-0.1000	0	1.76782	0.05637	-0.05049	0	2.650000	0.090000	-0.080000	0
3392	1									0.750000	0.085000	-0.085000	0												
3394	1									0.980000	0.115000	-0.115000	0												
3400	1									0.980000	0.115000	-0.115000	0												
3401	1	5882.00	10.00	-10.00	0	1.610000	0.030000	-0.030000	0	1.120000	0.070000	-0.070000	0	0.2000			0					4.070000	0.020000	-0.020000	0
3405	1	5400.00	74.00	-74.00	0	0.910000	0.040000	-0.040000	0	0.920000	0.030000	-0.030000	0	0.1300	0.0600	-0.0600	0					4.370000	0.550000	-0.550000	0
3407	1	4895.00			0	4.400000			0	1.170000			0									3.200000			0
3411	1	6130.00	22.00	-22.00	0	1.750000	0.040000	-0.040000	0	1.700000	0.250000	-0.250000	0	0.1700			0					4.180000	0.060000	-0.060000	0
3412	1	5898.00	13.00	-13.00	0					0.960000			0	-0.1700	0.0100	-0.0100	0	0.07918	0.01072	-0.01100	0	4.450000	0.020000	-0.020000	0
3413	1	5898.00	13.00	-13.00	0					0.960000			0	-0.1700	0.0100	-0.0100	0	0.07918	0.01072	-0.01100	0	4.450000	0.020000	-0.020000	0
3414	1	5898.00	13.00	-13.00	0					0.960000			0	-0.1700	0.0100	-0.0100	0	0.07918	0.01072	-0.01100	0	4.450000	0.020000	-0.020000	0
3418	1	5261.00	60.00	-60.00	0	0.880000	0.012000	-0.013000	0	0.837000	0.053000	-0.043000	0	0.0400	0.0500	-0.0500	0								
3438	1	5261.00	60.00	-60.00	0	0.880000	0.012000	-0.013000	0	0.837000	0.053000	-0.043000	0	0.0400	0.0500	-0.0500	0								
3439	1	5261.00	60.00	-60.00	0	0.880000	0.012000	-0.013000	0	0.837000	0.053000	-0.043000	0	0.0400	0.0500	-0.0500	0								
3444	1	5261.00	60.00	-60.00	0	0.880000	0.012000	-0.013000	0	0.837000	0.053000	-0.043000	0	0.0400	0.0500	-0.0500	0								
3445	1	4580.00	70.00	-70.00	0	10.220000	0.870000	-0.870000	0	1.130000	0.180000	-0.180000	0	-0.1500	0.0400	-0.0400	0					2.100000	0.150000	-0.150000	0
3447	1	5727.00	32.00	-32.00	0					0.940000			0	0.1100	0.0500	-0.0500	0					4.410000	0.030000	-0.030000	0
3450	1	5000.00	21.00	-21.00	0	0.840000	0.010000	-0.010000	0	0.470000	0.040000	-0.040000	0	0.0500			0					4.260000	0.030000	-0.030000	0
3452	1	5544.00	33.00	-33.00	0					1.030000	0.079000	-0.079000	0	0.1700	0.0300	-0.0300	0					4.200000	0.080000	-0.080000	0
3453	1	5025.40	23.60	-15.50	0	4.170000	0.030000	-0.070000	0	1.520000	0.030000	-0.030000	0	0.0600	0.0100	-0.0100	0	1.00043	0.00389	-0.00965	0	3.375000	0.021000	-0.002000	0
3458	1	5025.40	23.60	-15.50	0	4.170000	0.030000	-0.070000	0	1.520000	0.030000	-0.030000	0	0.0600	0.0100	-0.0100	0	1.00043	0.00389	-0.00965	0	3.375000	0.021000	-0.002000	0
3459	1	5025.40	23.60	-15.50	0	4.170000	0.030000	-0.070000	0	1.520000	0.030000	-0.030000	0	0.0600	0.0100	-0.0100	0	1.00043	0.00389	-0.00965	0	3.375000	0.021000	-0.002000	0
3463	1	6128.00	87.00	-80.00	0	1.266000	0.023500	-0.022700	0	1.164200	0.031700	-0.033700	0	0.0430	0.0630	-0.0610	0	0.30792	0.02854	-0.02102	0	4.296000	0.021000	-0.019000	0
3466	1	5935.00			0	1.970000	0.130000	-0.130000	0	1.380000	0.240000	-0.240000	0	0.3500			0	0.64000	0.05000	-0.05000	0				
3468	1	6250.00			0					1.250000	0.030000	-0.040000	0	-0.1200			0					4.000000			0
3472	1	4861.00	100.00	-100.00	0	5.390000	0.280000	-0.280000	0	1.840000	0.390000	-0.390000	0	0.2700			0					3.240000	0.080000	-0.080000	0
3473	1	4861.00	100.00	-100.00	0	5.290000	0.410000	-0.410000	0	1.780000	0.180000	-0.180000	0	0.2700	0.0900	-0.0900	0	1.14922	0.05218	-0.05931	0	3.240000	0.080000	-0.080000	0
3476	1	5879.00	16.00	-16.00	0	1.380000	0.020000	-0.020000	0	1.140000	0.090000	-0.090000	0	0.1800			0					4.210000	0.030000	-0.030000	0
3480	1	5836.00	44.00	-44.00	0	1.380000	0.080000	-0.080000	0	1.070000	0.020000	-0.020000	0	0.1400	0.0400	-0.0400	0	0.30320	0.04120	-0.04552	0	4.210000	0.080000	-0.080000	0
3481	1	5836.00	44.00	-44.00	0	1.380000	0.080000	-0.080000	0	1.070000	0.020000	-0.020000	0	0.1400	0.0400	-0.0400	0	0.30320	0.04120	-0.04552	0	4.210000	0.080000	-0.080000	0
3482	1	5836.00	44.00	-44.00	0	1.380000	0.080000	-0.080000	0	1.070000	0.020000	-0.020000	0	0.1400	0.0400	-0.0400	0	0.30320	0.04120	-0.04552	0	4.210000	0.080000	-0.080000	0
3483	1	5836.00	44.00	-44.00	0	1.380000	0.080000	-0.080000	0	1.070000	0.020000	-0.020000	0	0.1400	0.0400	-0.0400	0	0.30320	0.04120	-0.04552	0	4.210000	0.080000	-0.080000	0
3484	1	5836.00	44.00	-44.00	0	1.380000	0.080000	-0.080000	0	1.070000	0.020000	-0.020000	0	0.1400	0.0400	-0.0400	0	0.30320	0.04120	-0.04552	0	4.210000	0.080000	-0.080000	0
3485	1	6060.00	30.00	-30.00	0					1.150000	0.080000	-0.080000	0	0.0400	0.0200	-0.0200	0					4.240000	0.030000	-0.030000	0
3486	1	5666.00	61.00	-61.00	0	0.897000	0.019000	-0.019000	0	0.940000	0.060000	-0.060000	0	-0.2700	0.0400	-0.0400	0	-0.12494	0.02803	-0.02996	0	4.470000	0.030000	-0.030000	0
3487	1	5666.00	61.00	-61.00	0	0.897000	0.019000	-0.019000	0	0.940000	0.060000	-0.060000	0	-0.2700	0.0400	-0.0400	0	-0.12494	0.02803	-0.02996	0	4.470000	0.030000	-0.030000	0
3489	1	4770.00			0	10.860000	0.220000	-0.280000	0	1.690000	0.150000	-0.530000	0	-0.0600	0.1700	-0.1000	0	1.74162	0.01653	-0.02271	0	2.590000	0.050000	-0.170000	0
3490	1	3940.00	40.00	-40.00	0	38.400000	3.400000	-3.400000	0	1.140000	0.150000	-0.150000	0	-0.1600	0.1400	-0.1400	0	2.58915	0.00017	-0.00017	0	1.100000	0.200000	-0.200000	0
3495	1	5221.00			0					0.799000			0									4.450000			0
3499	1									0.850000			0	-0.4400			0								
3504	1									0.850000			0	-0.4400			0								
3510	1									0.850000			0	-0.4400			0								
3513	1	5329.00			0	0.910000	0.050000	-0.050000	0	0.940000	0.150000	-0.150000	0	0.2700			0	-0.22000	0.05000	-0.05000	0				
3517	1	5329.00			0	0.910000	0.050000	-0.050000	0	0.940000	0.150000	-0.150000	0	0.2700			0	-0.22000	0.05000	-0.05000	0				
3520	1	5049.80	64.88	-64.88	0	0.830610	0.015861	-0.015861	0	0.851785	0.033389	-0.033389	0	0.1716	0.0596	-0.0596	0					4.527285	0.026064	-0.026064	0
3522	1	5981.00	12.00	-12.00	0	1.490000	0.010000	-0.010000	0	1.370000	0.070000	-0.070000	0	-0.1800			0					4.230000	0.020000	-0.020000	0
3526	1									0.980000	0.125000	-0.125000	0												
3533	1									0.980000	0.125000	-0.125000	0												
3538	1	5338.00	59.00	-59.00	0	2.029000	0.286000	-0.286000	0	1.207000	0.108000	-0.108000	0	0.2500	0.0300	-0.0300	0					3.877000	0.084000	-0.084000	0
3549	1	5998.00	62.00	-62.00	0	1.170000	0.020000	-0.020000	0	1.070000	0.040000	-0.040000	0	0.0900	0.0400	-0.0400	0					4.430000	0.100000	-0.100000	0
3553	1									0.860000	0.040000	-0.040000	0												
3556	1									0.860000	0.040000	-0.040000	0												
3557	1									0.860000	0.040000	-0.040000	0												
3559	1	5576.00	50.00	-46.00	0					0.870000	0.050000	-0.050000	0												
3561	1	4956.00	50.00	-50.00	0					0.770000	0.050000	-0.050000	0	-0.3100	0.0300	-0.0300	0	-0.63900	0.06000	-0.06000	0	4.470000	0.160000	-0.160000	0
3566	1	4956.00	50.00	-50.00	0					0.770000	0.050000	-0.050000	0	-0.3100	0.0300	-0.0300	0	-0.63900	0.06000	-0.06000	0	4.470000	0.160000	-0.160000	0
3568	1	4956.00	50.00	-50.00	0					0.770000	0.050000	-0.050000	0	-0.3100	0.0300	-0.0300	0	-0.63900	0.06000	-0.06000	0	4.470000	0.160000	-0.160000	0
3574	1	4956.00	50.00	-50.00	0					0.770000	0.050000	-0.050000	0	-0.3100	0.0300	-0.0300	0	-0.63900	0.06000	-0.06000	0	4.470000	0.160000	-0.160000	0
3575	1	4956.00	50.00	-50.00	0					0.770000	0.050000	-0.050000	0	-0.3100	0.0300	-0.0300	0	-0.63900	0.06000	-0.06000	0	4.470000	0.160000	-0.160000	0
3577	1	4869.00	28.00	-28.00	0	8.560000	0.330000	-0.330000	0	2.000000	0.080000	-0.080000	0	0.1400	0.0500	-0.0500	0	1.66436			0	3.020000	0.090000	-0.090000	0
3579	1	6165.00	25.00	-25.00	0	1.210000	0.020000	-0.020000	0	1.450000	0.150000	-0.150000	0	0.2000			0					4.430000	0.040000	-0.040000	0
3582	1																								
3583	1									0.400000			0												
3586	1									1.008000	0.008000	-0.008000	0												
3588	1	5405.00	45.00	-45.00	0	0.820000	0.080000	-0.080000	0	0.830000	0.080000	-0.080000	0	-0.0900	0.0800	-0.0800	0					4.450000	0.070000	-0.070000	0
3589	1	5596.00	20.00	-20.00	0	1.420000	0.050000	-0.050000	0	1.250000	0.160000	-0.160000	0	0.4000			0					4.230000	0.050000	-0.050000	0
3594	1	5582.00	133.18	-87.00	0	1.497950	0.063776	-0.076626	0	0.990000	0.116237	-0.132736	0	0.3400	0.1000	-0.1000	0	0.29285	0.01129	-0.00996	0	4.082710	0.069135	-0.081774	0
3599	1	5717.00	33.00	-33.00	0	0.846000	0.028000	-0.028000	0	0.883000	0.024000	-0.024000	0	-0.2800	0.0200	-0.0200	0					4.501000	0.036000	-0.036000	0
3602	1	5727.00	60.00	-60.00	0	0.999000	0.087000	-0.087000	0	1.015000	0.061000	-0.061000	0	-0.0900	0.0400	-0.0400	0	-0.00877	0.06947	-0.08274	0	4.440000	0.070000	-0.070000	0
3604	1	5686.00	16.00	-16.00	0	1.020000	0.010000	-0.010000	0	0.930000	0.100000	-0.100000	0	-0.3500			0					4.390000	0.050000	-0.050000	0
3608	1	4943.00			0	5.140000			0	1.630000			0									3.240000			0
3610	1									0.960000	0.120000	-0.120000	0												
3611	1									0.960000	0.120000	-0.120000	0												
3613	1	6093.00			0	1.600000	0.110000	-0.110000	0	1.320000	0.250000	-0.250000	0	0.3300			0	0.50000	0.06000	-0.06000	0				
3614	1									1.200000	0.060000	-0.060000	0												
3617	1	5869.00	14.00	-14.00	0					1.030000			0	0.0400	0.0100	-0.0100	0	0.05308	0.00383	-0.00386	0	4.470000	0.020000	-0.020000	0
3618	1	5869.00	14.00	-14.00	0					1.030000			0	0.0400	0.0100	-0.0100	0	0.05308	0.00383	-0.00386	0	4.470000	0.020000	-0.020000	0
3620	1	5566.00	158.59	-132.98	0	1.264420	0.096618	-0.051634	0	0.980000	0.114243	-0.156137	0	0.2300	0.1000	-0.1000	0	0.14065	0.00883	-0.01239	0	4.225510	0.094829	-0.084306	0
3624	1	5466.00	59.00	-32.00	0	0.890000	0.010000	-0.020000	0	0.820000	0.050000	-0.050000	0					-0.19586	0.00136	-0.00137	0				
3626	1	5466.00	59.00	-32.00	0	0.890000	0.010000	-0.020000	0	0.820000	0.050000	-0.050000	0					-0.19586	0.00136	-0.00137	0				
3629	1	5294.00			0	0.940000	0.040000	-0.040000	0	0.920000	0.130000	-0.130000	0	0.2600			0	-0.20000	0.03000	-0.03000	0				
3631	1									1.150000	0.152000	-0.152000	0												
3633	1	5285.00			0					0.920000			0	0.2400			0					4.533000			0
3635	1	5657.00	9.00	-9.00	0	1.080000	0.010000	-0.010000	0	0.960000	0.050000	-0.050000	0	0.2400			0					4.360000	0.020000	-0.020000	0
3637	1																								
3638	1	4898.00			0	5.030000	0.120000	-0.130000	0	1.390000	0.150000	-0.170000	0	-0.0100	0.0500	-0.1100	0	1.11826	0.02600	-0.02660	0	3.170000	0.050000	-0.060000	0
3641	1	4898.00			0	5.030000	0.120000	-0.130000	0	1.390000	0.150000	-0.170000	0	-0.0100	0.0500	-0.1100	0	1.11826	0.02600	-0.02660	0	3.170000	0.050000	-0.060000	0
3643	1	4866.00	100.00	-100.00	0	7.300000	0.330000	-0.330000	0	1.810000	0.130000	-0.130000	0	-0.0200	0.0900	-0.0900	0	1.41664	0.02896	-0.03103	0	2.970000	0.060000	-0.060000	0
3647	1	4866.00	100.00	-100.00	0	7.300000	0.330000	-0.330000	0	1.810000	0.130000	-0.130000	0	-0.0200	0.0900	-0.0900	0	1.41664	0.02896	-0.03103	0	2.970000	0.060000	-0.060000	0
3648	1	4380.00			0	23.470000	1.970000	-1.970000	0	2.100000	0.950000	-0.950000	0												
3650	1	4076.00	15.00	-15.00	0	42.400000	9.200000	-9.200000	0	1.050000	0.190000	-0.190000	0	-0.9100	0.0900	-0.0900	0	2.93000	0.11000	-0.11000	0	1.620000	0.080000	-0.080000	0
3654	1	5733.00	55.00	-55.00	0	1.901000	0.126000	-0.126000	0	1.312000	0.064000	-0.064000	0	0.3000	0.0400	-0.0400	0					3.970000	0.048000	-0.048000	0
3655	1	5805.00	34.00	-34.00	0					1.380000	0.060000	-0.060000	0	0.3900	0.0300	-0.0300	0					4.060000	0.070000	-0.070000	0
3656	1	4593.00	60.00	-60.00	0	0.679000	0.004000	-0.004000	0	0.686000	0.020000	-0.013000	0	-0.2100	0.0300	-0.0300	0					4.610000	0.010000	-0.010000	0
3657	1	4593.00	60.00	-60.00	0	0.679000	0.004000	-0.004000	0	0.686000	0.020000	-0.013000	0	-0.2100	0.0300	-0.0300	0					4.610000	0.010000	-0.010000	0
3658	1	4593.00	60.00	-60.00	0	0.679000	0.004000	-0.004000	0	0.686000	0.020000	-0.013000	0	-0.2100	0.0300	-0.0300	0					4.610000	0.010000	-0.010000	0
3659	1	4802.00			0	5.010000			0	1.320000			0									2.970000			0
3660	1	5602.00	21.00	-21.00	0	1.020000	0.010000	-0.010000	0	1.030000	0.110000	-0.110000	0	0.3200			0					4.440000	0.040000	-0.040000	0
3667	1	6102.00	54.00	-54.00	0	1.351000	0.054000	-0.054000	0	1.253000	0.020000	-0.020000	0	0.2600	0.0400	-0.0400	0					4.247000	0.033000	-0.033000	0
3671	1	6099.00	43.00	-43.00	0	1.420000	0.020000	-0.020000	0	1.310000	0.070000	-0.070000	0	0.3800	0.0300	-0.0300	0					4.420000	0.050000	-0.050000	0
3676	1	5987.00	70.00	-70.00	0	1.020000	0.020000	-0.020000	0	1.040000	0.010000	-0.010000	0	-0.0400	0.0300	-0.0300	0	0.14300	0.06300	-0.06300	0				
3678	1	5358.00	22.00	-22.00	0					0.800000			0	-0.0700	0.0100	-0.0100	0	-0.24413	0.01498	-0.01551	0	4.360000	0.050000	-0.050000	0
3679	1	5358.00	22.00	-22.00	0					0.800000			0	-0.0700	0.0100	-0.0100	0	-0.24413	0.01498	-0.01551	0	4.360000	0.050000	-0.050000	0
3685	1	6136.00			0					1.204000			0									4.360000			0
3686	1	6203.00	64.00	-64.00	0	1.194000	0.017000	-0.016000	0	1.126000	0.036000	-0.035000	0	-0.1200	0.0400	-0.0400	0	0.28035	0.01456	-0.01201	0	4.500000	0.110000	-0.110000	0
3690	1	6203.00	64.00	-64.00	0	1.194000	0.017000	-0.016000	0	1.126000	0.036000	-0.035000	0	-0.1200	0.0400	-0.0400	0	0.28035	0.01456	-0.01201	0	4.500000	0.110000	-0.110000	0
3691	1	4871.00			0	4.060000			0	1.270000			0									3.260000			0
3697	1	4871.00			0	4.060000			0	1.270000			0									3.260000			0
3700	1	6012.00			0	1.520000	0.070000	-0.070000	0	1.290000	0.200000	-0.200000	0	0.3700			0	0.43000	0.04000	-0.04000	0				
3701	1	4830.00	45.00	-45.00	0	9.090000	1.500000	-1.500000	0	1.010000	0.100000	-0.100000	0	-0.5000	0.1800	-0.1800	0	1.61000	0.09000	-0.09000	0	2.530000	0.140000	-0.140000	0
3706	1	4807.00			0	5.430000	0.700000	-0.620000	0	1.290000	0.230000	-0.230000	0	0.0400	0.0700	-0.1000	0	1.15473	0.10891	-0.11255	0	3.060000	0.080000	-0.080000	0
3707	1	5902.00	61.00	-61.00	0	1.010000	0.050000	-0.050000	0	0.961000	0.050000	-0.050000	0	-0.2000	0.0500	-0.0500	0					4.530000	0.100000	-0.100000	0
3709	1	8500.00	150.00	-150.00	0	1.751000	0.065000	-0.065000	0	1.890000	0.110000	-0.110000	0	0.0000	0.3000	0.0000	0	1.15806	0.01014	-0.01038	0				
3710	1									1.030000	0.131000	-0.131000	0												
3711	1	4673.00	123.00	-123.00	0	10.640000	0.990000	-0.990000	0	1.930000	0.540000	-0.540000	0	-0.3700			0					2.670000	0.090000	-0.090000	0
3713	1	4658.00	24.00	-24.00	0	13.200000	0.300000	-0.300000	0	1.900000	0.200000	-0.200000	0	0.1500	0.1000	-0.1000	0					2.490000	0.050000	-0.050000	0
3714	1	4348.00	28.00	-28.00	0	27.000000	1.500000	-1.500000	0	1.700000	0.200000	-0.200000	0	-0.1700	0.0500	-0.0500	0	2.39410			0	1.900000	0.100000	-0.100000	0
3715	1	6245.00	80.00	-80.00	0	2.570000	0.120000	-0.120000	0	1.500000	0.090000	-0.090000	0	-0.2600			0					3.800000	0.070000	-0.070000	0
3717	1	6245.00	80.00	-80.00	0	2.570000	0.120000	-0.120000	0	1.500000	0.090000	-0.090000	0	-0.2600			0					3.800000	0.070000	-0.070000	0
3720	1	5934.00	75.00	-78.00	0	1.007200	0.016900	-0.016100	0	1.026900	0.031700	-0.035000	0	-0.0500	0.0570	-0.0550	0	0.05538	0.02489	-0.02437	0	4.441000	0.021000	-0.023000	0
3726	1	6255.00	26.00	-26.00	0	1.401000	0.015000	-0.015000	0	1.157000	0.028000	-0.028000	0	-0.1100	0.0200	-0.0200	0	0.43297	0.00636	-0.00646	0	4.140000	0.040000	-0.040000	0
3727	1									1.190000	0.162000	-0.162000	0												
3729	1	4892.63	10.22	-10.22	0									0.1027	0.0089	-0.0089	0								
3732	1									1.080000	0.134000	-0.134000	0												
3734	1	5553.00	56.00	-56.00	0	0.934000	0.029000	-0.029000	0	0.956000	0.022000	-0.022000	0	-0.0700	0.0300	-0.0300	0	-0.12610	0.00577	-0.00585	0	4.560000	0.080000	-0.080000	0
3745	1	5553.00	56.00	-56.00	0	0.934000	0.029000	-0.029000	0	0.956000	0.022000	-0.022000	0	-0.0700	0.0300	-0.0300	0	-0.12610	0.00577	-0.00585	0	4.560000	0.080000	-0.080000	0
3748	1	5688.00	28.00	-28.00	0	0.912000	0.034000	-0.034000	0	0.990000	0.030000	-0.030000	0	0.0300	0.0500	-0.0500	0	-0.12494	0.01703	-0.01773	0	4.520000	0.050000	-0.050000	0
3749	1	4812.00	28.00	-28.00	0	0.770000	0.010000	-0.010000	0	0.420000	0.030000	-0.030000	0	0.1000			0					4.280000	0.030000	-0.030000	0
3752	1	5449.00	11.00	-11.00	0	0.830000	0.010000	-0.010000	0	0.650000	0.010000	-0.010000	0	-0.1600			0					4.410000	0.000000	0.000000	0
3756	1	5513.00	71.00	-73.00	0	0.959800	0.016800	-0.016700	0	0.940600	0.034200	-0.031800	0	0.1070	0.0540	-0.0570	0	-0.11464	0.02473	-0.02383	0	4.445000	0.024000	-0.024000	0
3758	1	5513.00	71.00	-73.00	0	0.959800	0.016800	-0.016700	0	0.940600	0.034200	-0.031800	0	0.1070	0.0540	-0.0570	0	-0.11464	0.02473	-0.02383	0	4.445000	0.024000	-0.024000	0
3760	1	5676.00	32.00	-87.00	0					0.950000	0.050000	-0.050000	0												
3761	1	5078.00	22.00	-22.00	0	5.440000	0.070000	-0.070000	0	1.640000	0.060000	-0.060000	0	-0.2100	0.0200	-0.0200	0	1.24797	0.00730	-0.00742	0	3.190000	0.060000	-0.060000	0
3764	1	5769.00	14.00	-14.00	0	1.120000	0.010000	-0.010000	0	1.100000	0.130000	-0.130000	0	-0.5500			0					4.380000	0.050000	-0.050000	0
3767	1	5612.00			0					0.874000			0									4.440000			0
3769	1	5612.00			0					0.874000			0									4.440000			0
3770	1	4323.00	15.00	-15.00	0	21.400000	0.600000	-0.600000	0	1.100000	0.100000	-0.100000	0	-0.3230	0.0340	-0.0340	0	2.24000			0	1.780000	0.040000	-0.040000	0
3771	1									1.010000	0.132000	-0.132000	0												
3781	1									1.010000	0.132000	-0.132000	0												
3782	1	6330.00	47.00	-47.00	0	1.550000	0.320000	-0.320000	0	1.360000	0.040000	-0.040000	0	0.2500	0.0400	-0.0400	0	0.54000	0.08500	-0.11000	0	4.190000	0.060000	-0.060000	0
3783	1	6330.00	47.00	-47.00	0	1.550000	0.320000	-0.320000	0	1.360000	0.040000	-0.040000	0	0.2500	0.0400	-0.0400	0	0.54000	0.08500	-0.11000	0	4.190000	0.060000	-0.060000	0
3785	1	5950.00	100.00	-100.00	0	1.020000	0.050000	-0.050000	0	1.120000	0.050000	-0.050000	0	0.2900	0.1000	-0.1000	0	0.06819	0.02172	-0.02286	0	4.470000	0.050000	-0.050000	0
3786	1	5022.00	113.00	-113.00	0					0.830000	0.100000	-0.100000	0	0.0700	0.0900	-0.0900	0					4.560000	0.080000	-0.080000	0
3787	1	3802.00			0	86.400000			0	2.490000			0	-0.0300			0	3.22398			0	0.541000			0
3789	1	5932.00	23.00	-23.00	0	1.190000	0.020000	-0.020000	0	1.280000	0.090000	-0.090000	0	0.3500			0					4.400000	0.030000	-0.030000	0
3793	1	5883.41	103.85	-103.85	0	1.255733	0.028855	-0.028855	0	1.171665	0.048993	-0.048993	0	0.3052	0.0573	-0.0573	0					4.309234	0.030354	-0.030354	0
3796	1	4842.00	41.00	-41.00	0	7.720000	0.150000	-0.150000	0	1.680000	0.090000	-0.090000	0	0.0500	0.0300	-0.0300	0	1.46997	0.00831	-0.00847	0	2.860000	0.110000	-0.110000	0
3798	1	5385.00	20.00	-20.00	0					0.860000	0.030000	-0.030000	0	-0.0500	0.0200	-0.0200	0	-0.22000	0.02000	-0.02000	0				
3801	1	5385.00	20.00	-20.00	0					0.860000	0.030000	-0.030000	0	-0.0500	0.0200	-0.0200	0	-0.22000	0.02000	-0.02000	0				
3805	1	5385.00	20.00	-20.00	0					0.860000	0.030000	-0.030000	0	-0.0500	0.0200	-0.0200	0	-0.22000	0.02000	-0.02000	0				
3806	1	5737.00	70.00	-70.00	0					1.000000	0.100000	-0.100000	0	-0.1800	0.2000	-0.2000	0					4.590000	0.100000	-0.100000	0
3808	1	5732.00	23.00	-23.00	0	0.984000	0.022000	-0.022000	0	1.078000	0.015000	-0.015000	0	0.2200	0.0200	-0.0200	0					4.458000	0.017000	-0.017000	0
3812	1	5371.00	28.00	-28.00	0	0.970000	0.020000	-0.020000	0	0.770000	0.090000	-0.090000	0	0.3200			0					4.350000	0.050000	-0.050000	0
3815	1	4934.00			0	4.960000			0	1.210000			0									3.210000			0
3821	1	5929.00	61.00	-61.00	0	1.360000	0.060000	-0.060000	0	1.033000	0.025000	-0.025000	0	-0.0200	0.0600	-0.0600	0					4.230000	0.140000	-0.140000	0
3828	1	5929.00	61.00	-61.00	0	1.360000	0.060000	-0.060000	0	1.033000	0.025000	-0.025000	0	-0.0200	0.0600	-0.0600	0					4.230000	0.140000	-0.140000	0
3829	1									1.010000	0.128000	-0.128000	0												
3831	1									1.000000	0.050000	-0.050000	0												
3832	1									0.930000	0.119000	-0.119000	0												
3836	1									0.930000	0.119000	-0.119000	0												
3841	1	6252.60	1.87	-1.51	0	1.220000	0.040000	-0.040000	0	1.200000	0.020000	-0.020000	0	0.1430	0.0270	-0.0150	0					4.372000	0.013000	-0.014000	0
3842	1	6148.00	100.00	-100.00	0	1.220000	0.030000	-0.030000	0	1.190000	0.050000	-0.050000	0	0.1600	0.0600	-0.0600	0					4.360000	0.100000	-0.100000	0
3843	1	6148.00	100.00	-100.00	0	1.220000	0.030000	-0.030000	0	1.190000	0.050000	-0.050000	0	0.1600	0.0600	-0.0600	0					4.360000	0.100000	-0.100000	0
3844	1	5601.00	24.00	-24.00	0	1.530000	0.030000	-0.030000	0	1.140000	0.150000	-0.150000	0	0.2200			0					4.120000	0.050000	-0.050000	0
3847	1									1.014000	0.046000	-0.046000	0												
3850	1	4917.00			0	2.580000			0	1.160000			0									3.600000			0
3854	1	4511.00	110.00	-110.00	0	0.650000	0.020000	-0.020000	0	0.730000	0.020000	-0.020000	0	0.0000	0.0900	-0.0900	0					4.620000	0.120000	-0.120000	0
3857	1	4511.00	110.00	-110.00	0	0.650000	0.020000	-0.020000	0	0.730000	0.020000	-0.020000	0	0.0000	0.0900	-0.0900	0					4.620000	0.120000	-0.120000	0
3860	1									1.100000	0.136000	-0.136000	0												
3868	1									1.100000	0.136000	-0.136000	0												
3876	1									1.196000	0.089000	-0.089000	0												
3879	1	5783.00	19.00	-19.00	0	1.333000	0.012000	-0.012000	0	1.039000	0.025000	-0.025000	0	0.0700	0.0200	-0.0200	0	0.25285	0.00483	-0.00488	0	4.120000	0.020000	-0.020000	0
3880	1	5783.00	19.00	-19.00	0	1.333000	0.012000	-0.012000	0	1.039000	0.025000	-0.025000	0	0.0700	0.0200	-0.0200	0	0.25285	0.00483	-0.00488	0	4.120000	0.020000	-0.020000	0
3882	1	6117.00	16.00	-16.00	0	1.230000	0.020000	-0.020000	0	1.290000	0.100000	-0.100000	0	0.2600			0					4.370000	0.030000	-0.030000	0
3885	1									1.060000	0.050000	-0.050000	0												
3888	1	4867.00			0	3.400000			0	1.260000			0									3.460000			0
3890	1	4867.00			0	3.400000			0	1.260000			0									3.460000			0
3893	1	6122.00	52.00	-52.00	0					1.295000	0.015000	-0.015000	0	0.2900	0.0600	-0.0600	0					4.340000	0.130000	-0.130000	0
3896	1	6122.00	52.00	-52.00	0					1.295000	0.015000	-0.015000	0	0.2900	0.0600	-0.0600	0					4.340000	0.130000	-0.130000	0
3899	1	5644.00	33.00	-33.00	0	1.370000	0.030000	-0.030000	0	0.990000	0.170000	-0.170000	0	0.3100			0					4.160000	0.070000	-0.070000	0
3900	1	4664.00	53.00	-53.00	0	8.330000	0.560000	-0.560000	0	1.000000	0.200000	-0.200000	0	-0.1900	0.0600	-0.0600	0	1.46982	0.01873	-0.01498	0	2.710000	0.040000	-0.040000	0
3904	1	5341.00	31.00	-31.00	0	0.970000	0.020000	-0.020000	0	1.370000	0.320000	-0.320000	0	0.3200			0					4.600000	0.100000	-0.100000	0
3906	1	6007.00	83.00	-88.00	0	1.317400	0.024900	-0.014200	0	1.197300	0.030800	-0.028900	0	0.2150	0.0620	-0.0630	0	0.30878	0.02708	-0.01919	0	4.276000	0.012000	-0.022000	0
3908	1	4862.00			0	11.060000	0.440000	-0.430000	0	1.280000	0.320000	-0.280000	0	-0.2800	0.0800	-0.0900	0	1.78965	0.04471	-0.04583	0	2.450000	0.090000	-0.070000	0
3914	1	5131.00	14.00	-14.00	0	0.780000	0.010000	-0.010000	0	0.650000	0.050000	-0.050000	0	-0.2100			0					4.460000	0.030000	-0.030000	0
3916	1	5075.00	83.00	-83.00	0	0.782100	0.025800	-0.025800	0	0.832000	0.022000	-0.036000	0	-0.1500	0.0300	-0.0300	0					4.590000	0.020000	-0.030000	0
3920	1	5075.00	83.00	-83.00	0	0.782100	0.025800	-0.025800	0	0.832000	0.022000	-0.036000	0	-0.1500	0.0300	-0.0300	0					4.590000	0.020000	-0.030000	0
3922	1	5748.00			0	1.050000	0.040000	-0.040000	0	1.080000	0.150000	-0.150000	0	0.1800			0	0.03000	0.03000	-0.03000	0				
3924	1	5565.00			0	1.050000	0.010000	-0.010000	0	1.050000			0	0.3500			0								
3932	1	5959.00	61.00	-61.00	0	1.220000	0.010000	-0.010000	0	1.180000	0.040000	-0.040000	0	0.2550	0.0650	-0.0650	0								
3937	1									1.060000	0.132000	-0.132000	0												
3938	1									0.880000	0.106000	-0.106000	0												
3939	1									1.110000	0.139000	-0.139000	0												
3940	1									0.990000	0.020000	-0.020000	0	-0.0400	0.0500	-0.0500	0	-0.07676	0.00923	-0.00943	0				
3948	1	4797.00			0	11.130000	1.580000	-0.680000	0	1.070000	0.270000	-0.160000	0	-0.3200	0.1000	-0.1000	0	1.78032	0.09509	-0.05678	0	2.370000	0.050000	-0.070000	0
3949	1									4.300000	0.500000	-0.500000	0												
3951	1									4.300000	0.500000	-0.500000	0												
3952	1	4953.00	123.00	-123.00	0	5.260000	0.310000	-0.310000	0	2.530000	0.460000	-0.460000	0	-0.3100			0					3.400000	0.060000	-0.060000	0
3954	1	5935.00	124.44	-144.14	0	1.182600	0.065222	-0.052954	0	1.080000	0.118905	-0.147458	0	0.2600	0.1000	-0.1000	0	0.19405	0.01034	-0.01475	0	4.325820	0.090675	-0.068704	0
3959	1	5935.00	124.44	-144.14	0	1.182600	0.065222	-0.052954	0	1.080000	0.118905	-0.147458	0	0.2600	0.1000	-0.1000	0	0.19405	0.01034	-0.01475	0	4.325820	0.090675	-0.068704	0
3964	1	4914.00	51.00	-32.00	0					0.800000	0.050000	-0.050000	0												
3970	1	5442.00	17.00	-17.00	0	0.940000	0.020000	-0.020000	0	1.000000	0.030000	-0.030000	0	0.3400	0.0300	-0.0300	0	-0.10403	0.00110	-0.00111	0	4.390000	0.040000	-0.040000	0
3972	1	5442.00	17.00	-17.00	0	0.940000	0.020000	-0.020000	0	1.000000	0.030000	-0.030000	0	0.3400	0.0300	-0.0300	0	-0.10403	0.00110	-0.00111	0	4.390000	0.040000	-0.040000	0
3973	1	6136.00	18.00	-18.00	0	1.190000	0.040000	-0.040000	0	1.130000			0	0.0600	0.0200	-0.0200	0					4.460000	0.060000	-0.060000	0
3976	1	5186.00			0					0.758000			0									4.410000			0
3977	1	5746.00	59.00	-59.00	0	1.130300	0.006900	-0.006900	0	0.991000	0.027000	-0.020000	0	-0.0200	0.0500	-0.0500	0					4.330000	0.020000	-0.010000	0
3979	1	6064.00	14.00	-14.00	0	1.380000	0.020000	-0.020000	0	1.340000	0.120000	-0.120000	0	0.0100			0					4.280000	0.040000	-0.040000	0
3982	1									0.810000	0.092000	-0.092000	0												
3984	1	5939.00			0	1.460000	0.140000	-0.140000	0	1.210000	0.280000	-0.280000	0	0.2200			0	0.38000	0.08000	-0.08000	0				
3987	1	5863.00	88.00	-88.00	0	1.053000	0.026000	-0.026000	0	1.019000	0.061000	-0.066000	0	0.0180	0.0570	-0.0430	0	0.07188	0.01305	-0.01081	0	4.400000	0.029000	-0.032000	0
3993	1	5863.00	88.00	-88.00	0	1.053000	0.026000	-0.026000	0	1.019000	0.061000	-0.066000	0	0.0180	0.0570	-0.0430	0	0.07188	0.01305	-0.01081	0	4.400000	0.029000	-0.032000	0
3996	1									1.260000	0.185000	-0.185000	0												
3997	1	5610.00	46.00	-46.00	0	1.237000	0.019000	-0.019000	0	0.967000	0.010000	-0.010000	0	0.2000	0.0200	-0.0200	0	0.13513	0.00443	-0.00448	0	4.250000	0.020000	-0.020000	0
3998	1									1.280000	0.204000	-0.204000	0												
4000	1	4805.00	100.00	-100.00	0	8.800000	0.600000	-0.600000	0	1.660000	0.250000	-0.250000	0	0.0400	0.1000	-0.1000	0	1.55991			0	2.660000	0.150000	-0.150000	0
4001	1	5770.00	80.00	-80.00	0	1.550000	0.220000	-0.220000	0	1.120000	0.090000	-0.090000	0	-0.1700	0.0800	-0.0800	0					4.100000	0.100000	-0.100000	0
4002	1	4989.00	46.00	-46.00	0	9.000000	0.190000	-0.190000	0	2.410000	0.100000	-0.100000	0	0.1400	0.0400	-0.0400	0	1.65514	0.00885	-0.00903	0	2.860000	0.100000	-0.100000	0
4003	1	4989.00	46.00	-46.00	0	9.000000	0.190000	-0.190000	0	2.410000	0.100000	-0.100000	0	0.1400	0.0400	-0.0400	0	1.65514	0.00885	-0.00903	0	2.860000	0.100000	-0.100000	0
4004	1									0.800000	0.020000	-0.020000	0	0.1100	0.1000	-0.1000	0	-0.47108	0.01016	-0.01040	0				
4010	1									1.040000	0.126000	-0.126000	0												
4014	1	5392.00			0	2.200000			0	1.260000			0									3.880000			0
4017	1	5861.00	17.00	-17.00	0	1.543000	0.010000	-0.010000	0	1.250000	0.050000	-0.050000	0	0.0600	0.0200	-0.0200	0					4.160000	0.030000	-0.030000	0
4019	1	5955.00	14.00	-14.00	0	1.100000	0.010000	-0.010000	0	1.270000	0.120000	-0.120000	0	-0.1300			0					4.460000	0.040000	-0.040000	0
4026	1	5576.00	73.00	-76.00	0	1.747000	0.049000	-0.050000	0	1.157000	0.040000	-0.045000	0	0.4210	0.0460	-0.0540	0	0.42488	0.02382	-0.02694	0	4.016000	0.026000	-0.026000	0
4030	1	6291.00			0					1.860000			0									4.070000			0
4034	1									1.210000	0.030000	-0.030000	0												
4038	1	5599.00	12.00	-12.00	0					0.840000			0	-0.2400	0.0100	-0.0100	0	-0.14267	0.00599	-0.00607	0	4.480000	0.020000	-0.020000	0
4039	1	5577.00	100.00	-100.00	0	1.670000	0.070000	-0.070000	0	1.030000	0.050000	-0.050000	0	0.3900	0.1000	-0.1000	0	0.38202	0.03128	-0.03371	0	4.030000	0.050000	-0.050000	0
4043	1	5744.00	24.00	-24.00	0	1.140000	0.020000	-0.020000	0	1.150000	0.070000	-0.070000	0	0.2700	0.0200	-0.0200	0					4.390000	0.040000	-0.040000	0
4047	1	5744.00	24.00	-24.00	0	1.140000	0.020000	-0.020000	0	1.150000	0.070000	-0.070000	0	0.2700	0.0200	-0.0200	0					4.390000	0.040000	-0.040000	0
4049	1	5033.80	85.70	-77.20	0	0.837000	0.026000	-0.018000	0	0.836000	0.023000	-0.025000	0	0.1300	0.0700	-0.0700	0	-0.39041	0.03877	-0.03441	0	4.230000	0.070000	-0.070000	0
4050	1									0.940000	0.121000	-0.121000	0												
4051	1									0.940000	0.121000	-0.121000	0												
4052	1	5977.00	18.00	-18.00	0					1.040000	0.010000	-0.010000	0	0.0200	0.0100	-0.0100	0	0.20683			0	4.420000	0.020000	-0.020000	0
4053	1	5977.00	18.00	-18.00	0					1.040000	0.010000	-0.010000	0	0.0200	0.0100	-0.0100	0	0.20683			0	4.420000	0.020000	-0.020000	0
4054	1	5977.00	18.00	-18.00	0					1.040000	0.010000	-0.010000	0	0.0200	0.0100	-0.0100	0	0.20683			0	4.420000	0.020000	-0.020000	0
4056	1	5908.00	66.00	-72.00	0	1.031100	0.017600	-0.016900	0	1.084400	0.025200	-0.031400	0	0.1100	0.0570	-0.0580	0	0.06781	0.02491	-0.02524	0	4.445000	0.015000	-0.020000	0
4060	1	5908.00	66.00	-72.00	0	1.031100	0.017600	-0.016900	0	1.084400	0.025200	-0.031400	0	0.1100	0.0570	-0.0580	0	0.06781	0.02491	-0.02524	0	4.445000	0.015000	-0.020000	0
4062	1	5793.00	22.00	-22.00	0	1.000000			0	1.000000	0.100000	-0.100000	0	0.0900	0.0500	-0.0500	0	0.04139			0	4.530000	0.160000	-0.160000	0
4063	1	5793.00	22.00	-22.00	0	1.000000			0	1.000000	0.100000	-0.100000	0	0.0900	0.0500	-0.0500	0	0.04139			0	4.530000	0.160000	-0.160000	0
4064	1	5631.00	21.00	-21.00	0	1.903000	0.019000	-0.019000	0	1.200000	0.024000	-0.024000	0	0.2200	0.0200	-0.0200	0	0.51587	0.00526	-0.00533	0	3.940000	0.030000	-0.030000	0
4065	1	4798.00			0	4.200000			0	1.110000			0									3.220000			0
4066	1	4867.00	38.00	-38.00	0	10.710000	0.230000	-0.230000	0	1.740000	0.196000	-0.196000	0	-0.0200	0.0300	-0.0300	0	1.76350	0.01211	-0.01245	0	2.600000	0.090000	-0.090000	0
4067	1	4867.00	38.00	-38.00	0	10.710000	0.230000	-0.230000	0	1.740000	0.196000	-0.196000	0	-0.0200	0.0300	-0.0300	0	1.76350	0.01211	-0.01245	0	2.600000	0.090000	-0.090000	0
4072	1									1.600000			0												
4073	1	4918.00			0	5.080000			0	1.540000			0									3.240000			0
4075	1	4918.00			0	5.080000			0	1.540000			0									3.240000			0
4078	1	4218.00	30.00	-30.00	0	41.010000	18.220000	-18.220000	0	3.700000	4.160000	-4.160000	0	-0.1800			0					1.780000	0.300000	-0.300000	0
4079	1	5097.00	77.00	-77.00	0	0.868000	0.006000	-0.006000	0	0.848000	0.047000	-0.047000	0	0.0800	0.0500	-0.0500	0					4.440000	0.040000	-0.040000	0
4083	1									1.010000	0.138000	-0.138000	0												
4088	1	3719.00	21.00	-31.00	0	0.368500	0.008100	-0.005400	0	0.389900	0.010600	-0.006100	0	-0.3621	0.0872	-0.0687	0					4.895000	0.008000	-0.010000	0
4089	1	5312.00	100.00	-100.00	0	0.840000	0.040000	-0.040000	0	0.700000	0.250000	-0.250000	0	0.4100			0					4.430000	0.150000	-0.150000	0
4092	1	5020.00			0	4.750000			0	1.370000			0									3.330000			0
4094	1	3943.00	23.00	-23.00	0	51.100000	22.810000	-22.810000	0	10.940000	10.020000	-10.020000	0	-0.2400			0					2.060000	0.090000	-0.090000	0
4098	1	5733.00			0	1.940000			0	1.270000			0									3.990000			0
4099	1	5845.00	13.00	-13.00	0					0.890000	0.010000	-0.010000	0	-0.1800	0.0100	-0.0100	0	0.13988			0	4.390000	0.020000	-0.020000	0
4100	1	5845.00	13.00	-13.00	0					0.890000	0.010000	-0.010000	0	-0.1800	0.0100	-0.0100	0	0.13988			0	4.390000	0.020000	-0.020000	0
4101	1	5845.00	13.00	-13.00	0					0.890000	0.010000	-0.010000	0	-0.1800	0.0100	-0.0100	0	0.13988			0	4.390000	0.020000	-0.020000	0
4102	1	4725.00	10.00	-10.00	0	7.430000	1.100000	-1.100000	0	0.960000	0.090000	-0.090000	0	-0.4500	0.0800	-0.0800	0	1.47000	0.09000	-0.09000	0	2.760000	0.040000	-0.040000	0
4103	1									1.060000	0.129000	-0.129000	0												
4104	1	10000.00			0	2.250000			0	2.400000			0					1.60206			0				
4109	1	5212.00	43.00	-43.00	0	0.728000	0.008000	-0.008000	0	0.850000	0.080000	-0.080000	0	-0.2300	0.0300	-0.0300	0	-0.45469	0.00858	-0.00875	0	4.640000	0.040000	-0.040000	0
4119	1	4925.00			0	4.600000			0	1.410000			0									3.360000			0
4123	1									0.970000	0.020000	-0.020000	0	-0.0600	0.0400	-0.0400	0	-0.01412	0.00844	-0.00861	0				
4125	1	5271.00			0	0.930000	0.040000	-0.040000	0	0.920000	0.130000	-0.130000	0	0.3600			0	-0.22000	0.03000	-0.03000	0				
4127	1	5282.00	32.00	-32.00	0	0.980000	0.020000	-0.020000	0	0.760000	0.100000	-0.100000	0	0.3500			0					4.340000	0.050000	-0.050000	0
4129	1	4886.00			0	11.210000	0.660000	-0.390000	0	1.760000	0.310000	-0.300000	0	-0.1600	0.0600	-0.1000	0	1.80963	0.05943	-0.03767	0	2.570000	0.070000	-0.080000	0
4133	1	4929.00	44.00	-44.00	0					0.850000	0.020000	-0.020000	0	0.3000	0.0300	-0.0300	0					4.570000			0
4137	1	4929.00	44.00	-44.00	0					0.850000	0.020000	-0.020000	0	0.3000	0.0300	-0.0300	0					4.570000			0
4139	1	4862.00			0	5.520000			0	1.460000			0									3.090000			0
4141	1									1.720000	0.120000	-0.120000	0												
4142	1	4780.00	100.00	-100.00	0					2.100000	0.100000	-0.100000	0	0.3100	0.1800	-0.1800	0	1.67000	0.04600	-0.04600	0	2.940000	0.200000	-0.200000	0
4143	1									0.630000	0.080000	-0.080000	0												
4144	1	4945.00	100.00	-100.00	0	11.600000	1.400000	-1.400000	0	2.420000	0.270000	-0.270000	0	0.0300	0.1000	-0.1000	0	1.87000	0.05000	-0.06000	0	2.600000	0.200000	-0.200000	0
4145	1	5180.00	45.00	-45.00	0					0.780000	0.060000	-0.060000	0	-0.2600	0.0300	-0.0300	0					4.430000	0.100000	-0.100000	0
4146	1	5530.00	35.00	-35.00	0					0.870000	0.060000	-0.060000	0	-0.1200	0.0200	-0.0200	0					4.450000	0.030000	-0.030000	0
4147	1	4891.00	50.00	-50.00	0	4.530000	0.050000	-0.050000	0	1.280000	0.110000	-0.110000	0	-0.0100	0.0500	-0.0500	0	1.02000	0.01000	-0.01000	0	3.090000	0.100000	-0.100000	0
4148	1	4891.00	50.00	-50.00	0	4.530000	0.050000	-0.050000	0	1.280000	0.110000	-0.110000	0	-0.0100	0.0500	-0.0500	0	1.02000	0.01000	-0.01000	0	3.090000	0.100000	-0.100000	0
4149	1	4930.00	100.00	-100.00	0	0.742000	0.013000	-0.013000	0	0.761000	0.038000	-0.038000	0	-0.1000	0.1000	-0.1000	0					4.600000	0.100000	-0.100000	0
4151	1	4930.00	100.00	-100.00	0	0.742000	0.013000	-0.013000	0	0.761000	0.038000	-0.038000	0	-0.1000	0.1000	-0.1000	0					4.600000	0.100000	-0.100000	0
4152	1	4823.00	59.00	-59.00	0	5.270000	0.050000	-0.050000	0	1.390000	0.090000	-0.090000	0	0.0600	0.0600	-0.0600	0	1.13988	0.00903	-0.00794	0	2.990000	0.120000	-0.120000	0
4154	1	5048.00	79.00	-78.00	0	0.758000	0.024000	-0.022000	0	0.800000	0.033000	-0.030000	0	0.0000	0.0450	-0.0390	0	-0.47314	0.01272	-0.01257	0	4.582000	0.030000	-0.031000	0
4159	1	3901.00	175.00	-175.00	0	0.650000	0.060000	-0.060000	0	0.690000	0.190000	-0.190000	0	-0.1400			0					4.650000	0.090000	-0.090000	0
4162	1	5544.00			0	1.070000	0.080000	-0.080000	0	1.010000	0.190000	-0.190000	0	0.2400			0	-0.01000	0.06000	-0.06000	0				
4166	1	5544.00			0	1.070000	0.080000	-0.080000	0	1.010000	0.190000	-0.190000	0	0.2400			0	-0.01000	0.06000	-0.06000	0				
4169	1	5544.00			0	1.070000	0.080000	-0.080000	0	1.010000	0.190000	-0.190000	0	0.2400			0	-0.01000	0.06000	-0.06000	0				
4171	1	4860.00	50.00	-50.00	0	4.830000	0.130000	-0.120000	0	1.210000	0.110000	-0.100000	0	-0.0100	0.0500	-0.0500	0	1.06000	0.02000	-0.02000	0	3.100000	0.110000	-0.110000	0
4172	1									0.670000	0.084000	-0.084000	0												
4173	1	6655.00	125.00	-125.00	0					1.400000	0.050000	-0.050000	0	0.1300	0.0500	-0.0500	0					4.300000	0.200000	-0.200000	0
4176	1	5289.00	69.00	-69.00	0	0.980000	0.007000	-0.007000	0	0.901000	0.043000	-0.043000	0	0.2400	0.0500	-0.0500	0					4.390000	0.030000	-0.030000	0
4178	1	5289.00	69.00	-69.00	0	0.980000	0.007000	-0.007000	0	0.901000	0.043000	-0.043000	0	0.2400	0.0500	-0.0500	0					4.390000	0.030000	-0.030000	0
4179	1									0.620000			0												
4180	1	4881.00	55.00	-81.00	0					0.790000	0.050000	-0.050000	0												
4181	1									0.780000	0.090000	-0.090000	0												
4182	1									0.610000	0.020000	-0.020000	0												
4183	1									0.610000	0.020000	-0.020000	0												
4184	1									1.520000	0.280000	-0.260000	0	-0.2600	0.1300	-0.1300	0								
4185	1	6371.00	65.00	-65.00	0	1.306000	0.010000	-0.010000	0	1.245000	0.037000	-0.043000	0	0.0460	0.0440	-0.0440	0					4.320000	0.020000	-0.020000	0
4191	1	6371.00	65.00	-65.00	0	1.306000	0.010000	-0.010000	0	1.245000	0.037000	-0.043000	0	0.0460	0.0440	-0.0440	0					4.320000	0.020000	-0.020000	0
4196	1	6320.00	60.00	-30.00	0	1.273000	0.015000	-0.015000	0	1.160000	0.040000	-0.040000	0	-0.1000	0.0700	-0.0700	0					4.294000	0.006000	-0.006000	0
4200	1	6320.00	60.00	-30.00	0	1.273000	0.015000	-0.015000	0	1.160000	0.040000	-0.040000	0	-0.1000	0.0700	-0.0700	0					4.294000	0.006000	-0.006000	0
4205	1					1.299000	0.002000	-0.002000	0																
4208	1	6371.00	65.00	-65.00	0	1.306000	0.010000	-0.010000	0	1.245000	0.037000	-0.043000	0	0.0460	0.0440	-0.0440	0					4.320000	0.020000	-0.020000	0
4210	1									0.620000	0.040000	-0.040000	0												
4211	1									0.580000	0.020000	-0.020000	0												
4213	1	4962.00	89.00	-89.00	0					0.780000	0.021000	-0.021000	0	0.1000	0.0700	-0.0700	0	-0.95861			0	4.370000	0.200000	-0.200000	0
4215	1	4813.00	207.69	-128.99	0	0.754089	0.052700	-0.085993	0	0.780000	0.123522	-0.073427	0	0.1700	0.1100	-0.1100	0	-0.56080	0.01866	-0.02043	0	4.575320	0.132624	-0.102266	0
4216	1	4021.00	226.00	-146.00	0					0.570000	0.030000	-0.030000	0												
4217	1	4021.00	226.00	-146.00	0					0.570000	0.030000	-0.030000	0												
4218	1	8100.00	500.00	-340.00	0					1.900000	0.190000	-0.200000	0												
4220	1									0.800000	0.040000	-0.040000	0												
4221	1									0.650000	0.079000	-0.079000	0												
4222	1									1.750000	0.101000	-0.101000	0												
4228	1	4510.00	136.00	-136.00	0	0.780000	0.050000	-0.050000	0	0.290000	0.300000	-0.300000	0	0.0100			0					4.110000	0.460000	-0.460000	0
4230	1	4640.00	100.00	-100.00	0	0.680000	0.030000	-0.030000	0	0.730000	0.050000	-0.050000	0	0.0900	0.0500	-0.0500	0	0.19000	0.01000	-0.01000	0	4.710000	0.100000	-0.100000	0
4231	1	4640.00	100.00	-100.00	0	0.680000	0.030000	-0.030000	0	0.730000	0.050000	-0.050000	0	0.0900	0.0500	-0.0500	0	0.19000	0.01000	-0.01000	0	4.710000	0.100000	-0.100000	0
4232	1									0.720000			0												
4233	1	4830.00	100.00	-100.00	0					1.540000	0.050000	-0.050000	0	-0.3100	0.0900	-0.0900	0	1.63000	0.00100	-0.00100	0	2.530000	0.200000	-0.200000	0
4235	1	4590.00	49.00	-49.00	0	0.724200	0.008100	-0.009100	0	0.781000	0.027000	-0.027000	0	0.1800	0.0800	-0.0800	0	-0.67799	0.01565	-0.01774	0	4.611000	0.011000	-0.010000	0
4238	1	5460.00	50.00	-50.00	0					0.930000	0.070000	-0.070000	0	0.2500	0.0400	-0.0400	0					4.470000	0.080000	-0.080000	0
4239	1	5460.00	50.00	-50.00	0					0.930000	0.070000	-0.070000	0	0.2500	0.0400	-0.0400	0					4.470000	0.080000	-0.080000	0
4240	1	8840.00	200.00	-200.00	0	1.770000	0.050000	-0.050000	0	1.960000	0.040000	-0.040000	0												
4242	1									2.490000	0.239000	-0.239000	0												
4243	1	4300.00	60.00	-60.00	0	0.690000	0.013000	-0.012000	0	0.705000	0.025000	-0.023000	0	0.1200	0.0500	-0.0500	0	-0.81816	0.01681	-0.01749	0	4.580000	0.060000	-0.060000	0
4246	1	5675.00	75.00	-75.00	0	1.380000	0.060000	-0.060000	0	1.220000	0.050000	-0.050000	0					0.24304	0.02178	-0.02293	0				
4249	1	5675.00	75.00	-75.00	0	1.380000	0.060000	-0.060000	0	1.220000	0.050000	-0.050000	0					0.24304	0.02178	-0.02293	0				
4252	1									2.316000	0.133000	-0.133000	0												
4254	1	4840.00	43.00	-43.00	0	5.450000	0.110000	-0.110000	0	1.280000	0.080000	-0.080000	0	0.0100	0.0300	-0.0300	0	1.16673	0.00792	-0.00806	0	3.110000	0.130000	-0.130000	0
4261	1	4840.00	43.00	-43.00	0	5.450000	0.110000	-0.110000	0	1.280000	0.080000	-0.080000	0	0.0100	0.0300	-0.0300	0	1.16673	0.00792	-0.00806	0	3.110000	0.130000	-0.130000	0
4269	1									0.650000	0.010000	-0.010000	0												
4270	1	4146.00	107.00	-110.00	0					0.660000	0.040000	-0.040000	0												
4272	1	4850.00	100.00	-100.00	0	5.770000	0.530000	-0.530000	0	1.740000	0.210000	-0.210000	0	0.2000	0.1300	-0.1300	0	1.21484	0.05931	-0.06872	0	3.100000	0.200000	-0.200000	0
4274	1	4891.00	50.00	-50.00	0	4.530000	0.050000	-0.050000	0	1.280000	0.110000	-0.100000	0	-0.0100	0.0500	-0.0500	0	1.01995	0.01388	-0.01135	0	3.090000	0.100000	-0.100000	0
4275	1																								
4276	1	10500.00			0					2.500000			0												
4279	1									3.750000	1.250000	-1.250000	0												
4280	1	3191.00	1000.00	-1000.00	0					0.490000	0.050000	-0.050000	0	0.4000	0.1000	-0.1000	0								
4281	1									0.135000	0.010000	-0.013000	0												
4282	1	5618.00	74.00	-73.00	0	0.960300	0.017500	-0.016300	0	0.937300	0.035000	-0.032200	0	0.0070	0.0580	-0.0590	0	-0.08040	0.02488	-0.02418	0	4.443000	0.024000	-0.024000	0
4286	1	5618.00	74.00	-73.00	0	0.960300	0.017500	-0.016300	0	0.937300	0.035000	-0.032200	0	0.0070	0.0580	-0.0590	0	-0.08040	0.02488	-0.02418	0	4.443000	0.024000	-0.024000	0
4290	1									2.009000	0.115000	-0.115000	0												
4292	1									0.790000			0												
4295	1									1.613000	0.093000	-0.093000	0												
4297	1	5519.00	70.00	-70.00	0	0.890000	0.030000	-0.030000	0	0.970000	0.280000	-0.280000	0	0.2300			0					4.530000	0.120000	-0.120000	0
4298	1	5991.00	50.00	-50.00	0	1.080000	0.110000	-0.100000	0	1.094000	0.024000	-0.007000	0	0.0000			0					4.460000	0.050000	-0.050000	0
4301	1									0.710000	0.080000	-0.080000	0												
4302	1	5649.00	75.00	-71.00	0	0.959300	0.017300	-0.016300	0	0.942000	0.033500	-0.032500	0	-0.0180	0.0590	-0.0580	0	-0.07160	0.02391	-0.02368	0	4.445000	0.025000	-0.024000	0
4309	1	5649.00	75.00	-71.00	0	0.959300	0.017300	-0.016300	0	0.942000	0.033500	-0.032500	0	-0.0180	0.0590	-0.0580	0	-0.07160	0.02391	-0.02368	0	4.445000	0.025000	-0.024000	0
4311	1	5216.00	52.00	-52.00	0	0.841800	0.012300	-0.010200	0	0.934200	0.015800	-0.018400	0	0.2480	0.0810	-0.0510	0	-0.32514	0.02237	-0.02165	0	4.557000	0.009000	-0.013000	0
4313	1	5216.00	52.00	-52.00	0	0.841800	0.012300	-0.010200	0	0.934200	0.015800	-0.018400	0	0.2480	0.0810	-0.0510	0	-0.32514	0.02237	-0.02165	0	4.557000	0.009000	-0.013000	0
4317	1									1.810000	0.104000	-0.104000	0												
4319	1									1.900000	0.200000	-0.200000	0												
4320	1	3347.00	50.00	-50.00	0	0.299000	0.009000	-0.009000	0	0.291000	0.013000	-0.013000	0	-0.1800	0.1500	-0.1500	0	-1.99542	0.00296	-0.00298	0	4.760000	0.130000	-0.130000	0
4321	1																								
4323	1									1.300000			0	0.0200	0.0600	-0.0700	0								
4327	1	5794.00	100.00	-100.00	0	1.530000	0.060000	-0.050000	0	1.070000	0.040000	-0.040000	0	0.1000	0.0600	-0.0600	0					4.020000	0.100000	-0.100000	0
4331	1	6167.00	24.00	-24.00	0	1.130000	0.020000	-0.020000	0	1.340000	0.130000	-0.130000	0	0.1600			0					4.460000	0.040000	-0.040000	0
4333	1	6354.00	70.00	-70.00	0	1.258000	0.019000	-0.019000	0	1.204000	0.052000	-0.052000	0	0.0250	0.0500	-0.0500	0	0.36361	0.02199	-0.02317	0	4.300000	0.060000	-0.060000	0
4338	1	6354.00	70.00	-70.00	0	1.258000	0.019000	-0.019000	0	1.204000	0.052000	-0.052000	0	0.0250	0.0500	-0.0500	0	0.36361	0.02199	-0.02317	0	4.300000	0.060000	-0.060000	0
4341	1	6354.00	70.00	-70.00	0	1.258000	0.019000	-0.019000	0	1.204000	0.052000	-0.052000	0	0.0250	0.0500	-0.0500	0	0.36361	0.02199	-0.02317	0	4.300000	0.060000	-0.060000	0
4342	1									1.500000	0.300000	-0.300000	0	-0.4700			0	0.69197	0.03476	-0.03779	0				
4349	1									1.500000	0.300000	-0.300000	0	-0.4700			0	0.69197	0.03476	-0.03779	0				
4350	1									1.500000	0.300000	-0.300000	0	-0.4700			0	0.69197	0.03476	-0.03779	0				
4357	1	7400.00			0									-0.5000			0					4.000000			0
4358	1	4203.00	116.00	-116.00	0	0.650000	0.070000	-0.070000	0	0.690000	0.070000	-0.070000	0	-0.0500	0.0900	-0.0900	0	-0.91364	0.02423	-0.02566	0	4.660000	0.030000	-0.030000	0
4359	1									0.880000			0												
4360	1									0.880000			0												
4361	1									2.100000			0	0.1200			0					2.520000			0
4362	1	4080.00	95.00	-95.00	0	1.450000	0.100000	-0.100000	0	0.700000	0.040000	-0.040000	0					-0.33161	0.03662	-0.04000	0				
4364	1																								
4369	1	5533.00	100.00	-100.00	0	0.956000	0.037000	-0.037000	0	0.880000	0.040000	-0.040000	0	-0.0700	0.0470	-0.0470	0					4.470000	0.085000	-0.085000	0
4381	1	5945.00	110.00	-110.00	0	1.240000	0.050000	-0.050000	0	1.150000	0.050000	-0.050000	0	0.2200	0.0900	-0.0900	0					4.330000	0.100000	-0.100000	0
4386	1	4927.00	47.00	-46.00	0	0.760000	0.010000	-0.010000	0	0.820000	0.020000	-0.030000	0	0.0700	0.0700	-0.0700	0					4.590000	0.010000	-0.020000	0
4392	1	4695.00	50.00	-50.00	0	0.710000	0.030000	-0.030000	0	0.770000	0.060000	-0.060000	0	0.1400	0.0400	-0.0400	0	-0.65738	0.01589	-0.01649	0				
4396	1	3712.00	54.00	-76.00	0	0.480000	0.010000	-0.010000	0	0.510000	0.020000	-0.020000	0	0.1800	0.0900	-0.1000	0					4.780000	0.020000	-0.020000	0
4409	1	5373.00	100.00	-100.00	0	0.905000	0.035000	-0.035000	0	0.940000	0.040000	-0.040000	0	0.2200	0.0470	-0.0470	0					4.450000	0.085000	-0.085000	0
4413	1	6061.00	96.00	-96.00	0	1.810000	0.060000	-0.060000	0	1.300000	0.050000	-0.050000	0	0.1400	0.0600	-0.0600	0					4.040000	0.030000	-0.030000	0
4426	1	5599.00	87.00	-87.00	0	1.760000	0.040000	-0.040000	0	1.170000	0.060000	-0.060000	0	0.3600	0.0500	-0.0500	0					4.020000	0.030000	-0.030000	0
4428	1	5433.00	49.00	-144.00	0	5.150000	0.200000	-4.390000	0	1.350000	0.040000	-0.560000	0	-0.1200	0.0100	-0.1700	0								
4433	1	5010.00	50.00	-50.00	0	0.713000	0.020000	-0.020000	0	0.738000	0.018000	-0.018000	0	-0.3400	0.0300	-0.0300	0								
4445	1	5775.00	60.00	-60.00	0	1.250000	0.020000	-0.020000	0	0.840000	0.020000	-0.020000	0	-0.4600	0.0500	-0.0500	0					4.250000	0.150000	-0.150000	0
4451	1	5775.00	60.00	-60.00	0	1.250000	0.020000	-0.020000	0	0.840000	0.020000	-0.020000	0	-0.4600	0.0500	-0.0500	0					4.250000	0.150000	-0.150000	0
4456	1	5660.00	87.00	-87.00	0	1.240000	0.030000	-0.030000	0	1.040000	0.040000	-0.040000	0	0.2700	0.0600	-0.0600	0					4.270000	0.030000	-0.030000	0
4464	1	4899.00	59.00	-58.00	0	0.832000	0.022000	-0.021000	0	0.863000	0.037000	-0.031000	0	0.4200	0.0360	-0.0370	0	-0.44370	0.01773	-0.01848	0	4.534000	0.027000	-0.026000	0
4470	1	5870.00	170.00	-150.00	0	0.855000	0.024000	-0.021000	0	0.918000	0.039000	-0.046000	0	-0.1980	0.0430	-0.0490	0	-0.10791	0.05239	-0.04145	0	4.538000	0.024000	-0.033000	0
4480	1	4348.35	86.10	-87.78	0	0.669400	0.030496	-0.029561	0	0.694512	0.069451	-0.069451	0												
4484	1	3778.00	53.00	-53.00	0	0.510000	0.010000	-0.010000	0	0.540000	0.010000	-0.010000	0	-0.0500	0.1300	-0.1300	0					4.750000	0.010000	-0.010000	0
4494	1	3778.00	53.00	-53.00	0	0.510000	0.010000	-0.010000	0	0.540000	0.010000	-0.010000	0	-0.0500	0.1300	-0.1300	0					4.750000	0.010000	-0.010000	0
4496	1	4726.29	142.64	-127.34	0	0.734626	0.046686	-0.043106	0	0.756446	0.075645	-0.075645	0												
4502	1	4740.00	100.00	-100.00	0	0.710000	0.010000	-0.010000	0	0.760000	0.020000	-0.020000	0	-0.0500	0.1200	-0.1200	0					4.620000	0.010000	-0.010000	0
4507	1	5672.00	63.00	-63.00	0	1.117000	0.014000	-0.014000	0	0.965000	0.064000	-0.048000	0	0.0000	0.0700	-0.0700	0								
4520	1	4526.00	110.00	-110.00	0	0.675000	0.033000	-0.033000	0	0.710000	0.030000	-0.030000	0	0.0400	0.0800	-0.0800	0					4.630000	0.200000	-0.200000	0
4527	1	4009.00	47.00	-44.00	0	0.590000	0.010000	-0.010000	0	0.630000	0.020000	-0.020000	0	0.3200	0.0600	-0.0700	0					4.690000	0.010000	-0.010000	0
4534	1	4035.00	52.00	-52.00	0	0.590000	0.010000	-0.010000	0	0.620000	0.010000	-0.010000	0	0.0300	0.1100	-0.1100	0					4.690000	0.010000	-0.010000	0
4542	1	3570.00	63.00	-70.00	0	0.388000	0.016000	-0.009000	0	0.390000	0.013000	-0.042000	0	0.0230	0.0610	-0.1060	0					4.858000	0.012000	-0.088000	0
4544	1	3654.47	99.56	-92.33	0	0.402049	0.031322	-0.030560	0	0.494727	0.050755	-0.057375	0												
4546	1	4339.00	92.00	-92.00	0	0.650000	0.010000	-0.010000	0	0.690000	0.010000	-0.010000	0	0.0200	0.1400	-0.1400	0					4.660000	0.010000	-0.010000	0
4552	1	4575.00	74.00	-74.00	0	0.660000	0.010000	-0.010000	0	0.720000	0.010000	-0.010000	0	-0.1100	0.0600	-0.0600	0					4.650000	0.010000	-0.010000	0
4558	1	4469.51	171.97	-145.15	0	0.777569	0.076202	-0.060808	0	0.711248	0.071125	-0.071125	0												
4561	1	3459.09	89.05	-83.62	0	0.360010	0.030968	-0.029677	0	0.360031	0.067677	-0.074196	0												
4565	1	5698.00	45.00	-82.00	0	0.780000	0.090000	-0.050000	0	0.800000	0.040000	-0.040000	0	-0.5400	0.1200	-0.1400	0								
4567	1	4356.47	196.73	-172.40	0	0.744261	0.111278	-0.077683	0	0.695630	0.069563	-0.069563	0												
4574	1	5120.00	71.00	-71.00	0	0.759500	0.008700	-0.008900	0	0.803000	0.034000	-0.034000	0	-0.0400	0.0700	-0.0700	0								
4580	1	4840.00	90.00	-90.00	0	3.850000	0.130000	-0.130000	0	1.080000	0.080000	-0.080000	0	-0.0100	0.0800	-0.0800	0					3.297000	0.007000	-0.007000	0
4582	1	3655.00	80.00	-80.00	0	0.455000	0.022000	-0.022000	0	0.461000	0.011000	-0.011000	0					-1.47886	0.01668	-0.01735	0				
4584	1	3655.00	80.00	-80.00	0	0.455000	0.022000	-0.022000	0	0.461000	0.011000	-0.011000	0					-1.47886	0.01668	-0.01735	0				
4588	1	3655.00	80.00	-80.00	0	0.455000	0.022000	-0.022000	0	0.461000	0.011000	-0.011000	0					-1.47886	0.01668	-0.01735	0				
4589	1	3655.00	80.00	-80.00	0	0.455000	0.022000	-0.022000	0	0.461000	0.011000	-0.011000	0					-1.47886	0.01668	-0.01735	0				
4590	1	4500.00	125.00	-75.00	0	0.677000	0.027000	-0.027000	0	0.742000	0.039000	-0.038000	0	-0.0200	0.0800	-0.0800	0	-0.77650	0.01354	-0.01291	0	4.680000	0.100000	-0.100000	0
4594	1	4500.00	125.00	-75.00	0	0.677000	0.027000	-0.027000	0	0.742000	0.039000	-0.038000	0	-0.0200	0.0800	-0.0800	0	-0.77650	0.01354	-0.01291	0	4.680000	0.100000	-0.100000	0
4600	1	4500.00	125.00	-75.00	0	0.677000	0.027000	-0.027000	0	0.742000	0.039000	-0.038000	0	-0.0200	0.0800	-0.0800	0	-0.77650	0.01354	-0.01291	0	4.680000	0.100000	-0.100000	0
4603	1	3697.00	109.00	-109.00	0	0.290000	0.060000	-0.060000	0					-0.0590	0.1800	-0.1800	0					5.000000	0.060000	-0.060000	0
4605	1	5356.30	41.80	-13.10	0	0.863000	0.031000	-0.018000	0	0.935000	0.019000	-0.023000	0	0.1400	0.0400	-0.0400	0					4.540000	0.020000	-0.040000	0
4608	1	5356.30	41.80	-13.10	0	0.863000	0.031000	-0.018000	0	0.935000	0.019000	-0.023000	0	0.1400	0.0400	-0.0400	0					4.540000	0.020000	-0.040000	0
4612	1	5356.30	41.80	-13.10	0	0.863000	0.031000	-0.018000	0	0.935000	0.019000	-0.023000	0	0.1400	0.0400	-0.0400	0					4.540000	0.020000	-0.040000	0
4619	1	5356.30	41.80	-13.10	0	0.863000	0.031000	-0.018000	0	0.935000	0.019000	-0.023000	0	0.1400	0.0400	-0.0400	0					4.540000	0.020000	-0.040000	0
4622	1	5356.30	41.80	-13.10	0	0.863000	0.031000	-0.018000	0	0.935000	0.019000	-0.023000	0	0.1400	0.0400	-0.0400	0					4.540000	0.020000	-0.040000	0
4626	1	5356.30	41.80	-13.10	0	0.863000	0.031000	-0.018000	0	0.935000	0.019000	-0.023000	0	0.1400	0.0400	-0.0400	0					4.540000	0.020000	-0.040000	0
4628	1	5370.00	68.00	-68.00	0	0.880000	0.010000	-0.010000	0	0.960000	0.020000	-0.020000	0	0.2400	0.0500	-0.0500	0					4.540000	0.020000	-0.020000	0
4636	1	3789.00	17.00	-16.00	0	0.450000	0.010000	-0.010000	0	0.470000	0.010000	-0.010000	0	-0.3700	0.0300	-0.0400	0								
4641	1	5585.00	120.00	-120.00	0	1.060000	0.070000	-0.060000	0	0.960000	0.060000	-0.040000	0	0.1000	0.1000	-0.1000	0					4.400000	0.200000	-0.200000	0
4647	1	4570.00	100.00	-100.00	0	0.681000	0.018000	-0.018000	0	0.708000	0.028000	-0.028000	0	0.0000	0.0600	-0.0600	0								
4650	1	4570.00	100.00	-100.00	0	0.681000	0.018000	-0.018000	0	0.708000	0.028000	-0.028000	0	0.0000	0.0600	-0.0600	0								
4658	1	3385.00	70.00	-70.00	0	0.330000	0.010000	-0.010000	0	0.331000	0.009000	-0.009000	0												
4661	1	3385.00	70.00	-70.00	0	0.330000	0.010000	-0.010000	0	0.331000	0.009000	-0.009000	0												
4664	1	3690.00	300.00	-300.00	0	0.578000	0.028000	-0.028000	0	0.563000	0.028000	-0.028000	0	-0.0200	0.9600	-1.0000	0	-1.25181	0.14391	-0.15712	0	4.665000	0.048000	-0.048000	0
4666	1	4079.00	70.00	-70.00	0	0.632000	0.063000	-0.063000	0	0.650000	0.061000	-0.061000	0	-0.1100	0.1200	-0.1200	0	-0.99568	0.08558	-0.10669	0	4.653000	0.051000	-0.051000	0
4669	1	4079.00	70.00	-70.00	0	0.632000	0.063000	-0.063000	0	0.650000	0.061000	-0.061000	0	-0.1100	0.1200	-0.1200	0	-0.99568	0.08558	-0.10669	0	4.653000	0.051000	-0.051000	0
4670	1	4079.00	70.00	-70.00	0	0.632000	0.063000	-0.063000	0	0.650000	0.061000	-0.061000	0	-0.1100	0.1200	-0.1200	0	-0.99568	0.08558	-0.10669	0	4.653000	0.051000	-0.051000	0
4672	1	3745.00	70.00	-70.00	0	0.568000	0.057000	-0.057000	0	0.595000	0.059000	-0.059000	0	0.1100	0.1200	-0.1200	0	-1.30980	0.08796	-0.11041	0	4.707000	0.048000	-0.048000	0
4675	1	5131.00	69.00	-65.00	0	0.680000	0.060000	-0.030000	0	0.720000	0.060000	-0.030000	0	-0.4600	0.2000	-0.1400	0								
4677	1	3499.00	70.00	-70.00	0	0.436000	0.044000	-0.044000	0	0.457000	0.051000	-0.051000	0	0.0900	0.1200	-0.1200	0	-1.58503	0.09018	-0.11394	0	4.822000	0.043000	-0.043000	0
4681	1	3695.00	32.00	-32.00	0	0.450000	0.010000	-0.010000	0	0.470000	0.010000	-0.010000	0	-0.1900	0.0700	-0.0700	0					4.800000	0.010000	-0.010000	0
4684	1	4044.00	34.00	-35.00	0	0.610000	0.010000	-0.010000	0	0.630000	0.010000	-0.010000	0	0.1200	0.0900	-0.0800	0					4.670000	0.010000	-0.010000	0
4686	1	3845.00	37.00	-37.00	0	0.530000	0.010000	-0.010000	0	0.550000	0.010000	-0.010000	0	-0.0900	0.0800	-0.0800	0					4.730000	0.010000	-0.010000	0
4688	1	4097.00	40.00	-45.00	0	0.630000	0.010000	-0.010000	0	0.650000	0.020000	-0.010000	0	0.2100	0.0900	-0.1000	0					4.650000	0.010000	-0.010000	0
4690	1	4097.00	40.00	-45.00	0	0.630000	0.010000	-0.010000	0	0.650000	0.020000	-0.010000	0	0.2100	0.0900	-0.1000	0					4.650000	0.010000	-0.010000	0
4692	1	4258.00	150.00	-150.00	0	0.580000	0.060000	-0.030000	0	0.650000	0.060000	-0.030000	0	-0.3000	0.2000	-0.2000	0					4.600000	0.300000	-0.300000	0
4695	1	4258.00	150.00	-150.00	0	0.580000	0.060000	-0.030000	0	0.650000	0.060000	-0.030000	0	-0.3000	0.2000	-0.2000	0					4.600000	0.300000	-0.300000	0
4698	1	4258.00	150.00	-150.00	0	0.580000	0.060000	-0.030000	0	0.650000	0.060000	-0.030000	0	-0.3000	0.2000	-0.2000	0					4.600000	0.300000	-0.300000	0
4700	1	4460.00	50.00	-50.00	0	0.620000	0.020000	-0.020000	0					-0.3300	0.0800	-0.0800	0					4.700000	0.100000	-0.100000	0
4702	1	5334.00	64.00	-64.00	0	0.860000	0.019000	-0.019000	0	0.890000	0.029000	-0.029000	0	0.0200	0.0400	-0.0400	0					4.450000	0.040000	-0.040000	0
4705	1	5334.00	64.00	-64.00	0	0.860000	0.019000	-0.019000	0	0.890000	0.029000	-0.029000	0	0.0200	0.0400	-0.0400	0					4.450000	0.040000	-0.040000	0
4706	1	5334.00	64.00	-64.00	0	0.860000	0.019000	-0.019000	0	0.890000	0.029000	-0.029000	0	0.0200	0.0400	-0.0400	0					4.450000	0.040000	-0.040000	0
4708	1	5503.00	51.00	-48.00	0	0.950000	0.020000	-0.020000	0	0.920000	0.030000	-0.020000	0	0.0700	0.0700	-0.0700	0					4.450000	0.020000	-0.020000	0
4709	1	5503.00	51.00	-48.00	0	0.950000	0.020000	-0.020000	0	0.920000	0.030000	-0.020000	0	0.0700	0.0700	-0.0700	0					4.450000	0.020000	-0.020000	0
4711	1	5425.00	44.00	-44.00	0	0.830000	0.010000	-0.010000	0	0.900000	0.020000	-0.030000	0	-0.0700	0.0600	-0.0600	0					4.560000	0.010000	-0.020000	0
4716	1	4742.00	60.00	-60.00	0	0.660000	0.030000	-0.030000	0	0.680000	0.030000	-0.030000	0	-0.3300	0.0400	-0.0400	0					4.510000	0.100000	-0.100000	0
4720	1	4742.00	60.00	-60.00	0	0.660000	0.030000	-0.030000	0	0.680000	0.030000	-0.030000	0	-0.3300	0.0400	-0.0400	0					4.510000	0.100000	-0.100000	0
4722	1	5649.00	50.00	-50.00	0	0.913754	0.037239	-0.026021	0	0.982829	0.023325	-0.025493	0	0.0700	0.0800	-0.0800	0					4.610000	0.100000	-0.100000	0
4723	1	4972.00	50.00	-50.00	0	2.568173	0.314886	-0.249842	0	0.986876	0.082131	-0.060459	0	-0.0300	0.0800	-0.0800	0					3.630000	0.100000	-0.100000	0
4724	1	4842.00	49.00	-45.00	0	0.690000	0.010000	-0.010000	0	0.750000	0.020000	-0.020000	0	-0.1700	0.0500	-0.0600	0					4.630000	0.010000	-0.010000	0
4726	1	4937.00	50.00	-50.00	0	0.762201	0.018288	-0.013030	0	0.826112	0.019092	-0.022721	0	0.1400	0.0800	-0.0800	0					4.710000	0.100000	-0.100000	0
4728	1	5791.00	50.00	-50.00	0	2.196069	0.311279	-0.252585	0	1.180894	0.093369	-0.061299	0	-0.2300	0.0800	-0.0800	0					3.810000	0.100000	-0.100000	0
4730	1	5185.00	50.00	-50.00	0	0.803827	0.045272	-0.029458	0	0.834847	0.030908	-0.030246	0	-0.0500	0.0800	-0.0800	0					4.460000	0.100000	-0.100000	0
4731	1	5185.00	50.00	-50.00	0	0.803827	0.045272	-0.029458	0	0.834847	0.030908	-0.030246	0	-0.0500	0.0800	-0.0800	0					4.460000	0.100000	-0.100000	0
4733	1	5185.00	50.00	-50.00	0	0.803827	0.045272	-0.029458	0	0.834847	0.030908	-0.030246	0	-0.0500	0.0800	-0.0800	0					4.460000	0.100000	-0.100000	0
4735	1	5960.00	52.00	-53.00	0	1.610000	0.040000	-0.040000	0	1.160000	0.050000	-0.030000	0	0.0900	0.0600	-0.0600	0					4.090000	0.020000	-0.020000	0
4736	1	6310.00	170.00	-170.00	0	1.499000	0.077000	-0.071000	0	1.084000	0.100000	-0.097000	0	-0.4560	0.0810	-0.0810	0	0.50651	0.01854	-0.01937	0	4.122000	0.066000	-0.072000	0
4743	1	5502.70	101.00	-50.50	0	0.830000	0.087000	-0.043000	0	0.877000	0.060000	-0.029000	0												
4747	1	5548.00	50.00	-50.00	0	0.919053	0.048975	-0.029896	0	0.986144	0.027819	-0.026433	0	0.2600	0.0800	-0.0800	0					4.560000	0.100000	-0.100000	0
4753	1	4320.00	56.00	-47.00	0	0.660000	0.020000	-0.030000	0	0.710000	0.020000	-0.050000	0	0.1500	0.0900	-0.2200	0								
4756	1	5748.00	50.00	-50.00	0	0.981614	0.109454	-0.070829	0	0.963657	0.032012	-0.032447	0	-0.1100	0.0800	-0.0800	0					4.340000	0.100000	-0.100000	0
4760	1	5748.00	50.00	-50.00	0	0.981614	0.109454	-0.070829	0	0.963657	0.032012	-0.032447	0	-0.1100	0.0800	-0.0800	0					4.340000	0.100000	-0.100000	0
4764	1	5250.00	50.00	-50.00	0	1.717458	0.221392	-0.193599	0	0.891587	0.060192	-0.027038	0	-0.0900	0.0800	-0.0800	0					3.950000	0.100000	-0.100000	0
4767	1	5569.00	50.00	-50.00	0	0.868889	0.038272	-0.029057	0	0.934356	0.025884	-0.026995	0	-0.0600	0.0800	-0.0800	0					4.610000	0.100000	-0.100000	0
4770	1	5569.00	50.00	-50.00	0	0.868889	0.038272	-0.029057	0	0.934356	0.025884	-0.026995	0	-0.0600	0.0800	-0.0800	0					4.610000	0.100000	-0.100000	0
4772	1	5580.00	70.00	-70.00	0	0.843154	0.058015	-0.038898	0	0.881538	0.033961	-0.036079	0	-0.2500	0.0800	-0.0800	0					4.520000	0.120000	-0.120000	0
4775	1	4455.00	31.00	-29.00	0	0.676000	0.008000	-0.008000	0	0.700000	0.025000	-0.023000	0	0.1130	0.0650	-0.0710	0					4.625000	0.017000	-0.017000	0
4781	1	5909.00	50.00	-50.00	0	1.420038	0.206457	-0.173719	0	1.094693	0.057394	-0.039346	0	0.0500	0.0800	-0.0800	0					4.110000	0.100000	-0.100000	0
4782	1	5428.00	50.00	-50.00	0	0.864160	0.032656	-0.020343	0	0.938545	0.019918	-0.024528	0	0.1500	0.0800	-0.0800	0					4.630000	0.100000	-0.100000	0
4784	1	6063.00	50.00	-50.00	0	1.213565	0.086993	-0.061462	0	1.210525	0.031808	-0.037544	0	0.4100	0.0800	-0.0800	0					4.380000	0.100000	-0.100000	0
4787	1	5525.00	50.00	-50.00	0	0.887267	0.044076	-0.025997	0	0.951090	0.023041	-0.027891	0	0.0900	0.0800	-0.0800	0					4.550000	0.100000	-0.100000	0
4788	1	5015.00	50.00	-50.00	0	0.768067	0.021681	-0.017969	0	0.824345	0.021880	-0.026827	0	0.0300	0.0800	-0.0800	0					4.630000	0.100000	-0.100000	0
4795	1	3457.00	39.00	-39.00	0	0.411000	0.038000	-0.038000	0	0.359000	0.047000	-0.047000	0	0.1200	0.1600	-0.1600	0								
4802	1	3457.00	39.00	-39.00	0	0.411000	0.038000	-0.038000	0	0.359000	0.047000	-0.047000	0												
4808	1	5365.00	92.00	-92.00	0	0.719000	0.025000	-0.023000	0	0.735000	0.035000	-0.029000	0	-0.5780	0.0790	-0.0800	0	-0.41341	0.01547	-0.01604	0	4.591000	0.034000	-0.033000	0
4813	1	5528.00	100.00	-100.00	0	1.060000	0.042000	-0.042000	0	0.960000	0.040000	-0.040000	0	0.1800	0.0470	-0.0470	0					4.350000	0.085000	-0.085000	0
4822	1	5128.00	79.00	-80.00	0	0.789000	0.025000	-0.023000	0	0.823000	0.036000	-0.033000	0	0.0220	0.0770	-0.0660	0	-0.41117	0.01431	-0.01364	0	4.560000	0.029000	-0.032000	0
4831	1	5482.00	50.00	-50.00	0	0.870000	0.040000	-0.040000	0					0.0900	0.0800	-0.0800	0					4.600000	0.100000	-0.100000	0
4837	1	5482.00	50.00	-50.00	0	0.870000	0.040000	-0.040000	0					0.0900	0.0800	-0.0800	0					4.600000	0.100000	-0.100000	0
4842	1	5482.00	50.00	-50.00	0	0.870000	0.040000	-0.040000	0					0.0900	0.0800	-0.0800	0					4.600000	0.100000	-0.100000	0
4851	1	5245.00	34.00	-35.00	0	0.750000	0.010000	-0.010000	0	0.840000	0.010000	-0.010000	0	-0.1000	0.0400	-0.0400	0					4.620000	0.000000	0.000000	0
4855	1	5788.00	190.00	-157.00	0	0.940000	0.030000	-0.030000	0	0.960000	0.050000	-0.070000	0	-0.1000	0.1600	-0.2000	0					4.480000	0.030000	-0.040000	0
4856	1	5788.00	190.00	-157.00	0	0.940000	0.030000	-0.030000	0	0.960000	0.050000	-0.070000	0	-0.1000	0.1600	-0.2000	0					4.480000	0.030000	-0.040000	0
4859	1	5784.00	50.00	-50.00	0	0.980830	0.075464	-0.041402	0	1.018617	0.022671	-0.027107	0	0.0600	0.0800	-0.0800	0					4.450000	0.100000	-0.100000	0
4861	1	5438.00	63.00	-63.00	0	0.830000	0.110000	-0.110000	0					0.0000	0.1000	-0.1000	0					4.600000	0.080000	-0.080000	0
4868	1	5438.00	63.00	-63.00	0	0.830000	0.110000	-0.110000	0					0.0000	0.1000	-0.1000	0					4.600000	0.080000	-0.080000	0
4875	1	5438.00	63.00	-63.00	0	0.830000	0.110000	-0.110000	0					0.0000	0.1000	-0.1000	0					4.600000	0.080000	-0.080000	0
4878	1	5438.00	63.00	-63.00	0	0.830000	0.110000	-0.110000	0					0.0000	0.1000	-0.1000	0					4.600000	0.080000	-0.080000	0
4882	1	5977.00	87.00	-87.00	0	1.190000	0.030000	-0.030000	0	1.060000	0.030000	-0.030000	0	-0.0100	0.0500	-0.0500	0					4.310000	0.030000	-0.030000	0
4890	1	5977.00	87.00	-87.00	0	1.190000	0.030000	-0.030000	0	1.060000	0.030000	-0.030000	0	-0.0100	0.0500	-0.0500	0					4.310000	0.030000	-0.030000	0
4892	1	5442.00	100.00	-100.00	0	0.879000	0.034000	-0.034000	0	0.850000	0.030000	-0.030000	0	-0.1000	0.0470	-0.0470	0					4.510000	0.085000	-0.085000	0
4900	1	5442.00	100.00	-100.00	0	0.879000	0.034000	-0.034000	0	0.850000	0.030000	-0.030000	0	-0.1000	0.0470	-0.0470	0					4.510000	0.085000	-0.085000	0
4917	1	5322.00	100.00	-100.00	0	0.820000	0.030000	-0.030000	0	0.880000	0.030000	-0.030000	0	0.0600	0.0500	-0.0500	0					4.510000	0.080000	-0.080000	0
4928	1	5322.00	100.00	-100.00	0	0.820000	0.030000	-0.030000	0	0.880000	0.030000	-0.030000	0	0.0600	0.0500	-0.0500	0					4.510000	0.080000	-0.080000	0
4942	1	5350.00	110.00	-110.00	0	0.824000	0.024000	-0.024000	0	0.892000	0.034000	-0.034000	0	0.0300	0.0200	-0.0200	0					4.556000	0.024000	-0.024000	0
4943	1	5631.00	50.00	-50.00	0	0.912206	0.095801	-0.057605	0	0.904597	0.032702	-0.036406	0	-0.1900	0.0800	-0.0800	0					4.380000	0.100000	-0.100000	0
4946	1	5631.00	50.00	-50.00	0	0.912206	0.095801	-0.057605	0	0.904597	0.032702	-0.036406	0	-0.1900	0.0800	-0.0800	0					4.380000	0.100000	-0.100000	0
4947	1	5176.00	50.00	-50.00	0	0.839696	0.035871	-0.026398	0	0.900994	0.025599	-0.027688	0	0.3100	0.0800	-0.0800	0					4.570000	0.100000	-0.100000	0
4954	1	5222.00	48.00	-48.00	0	0.810000	0.010000	-0.010000	0	0.900000	0.010000	-0.010000	0	0.1500	0.0500	-0.0500	0					4.570000	0.010000	-0.010000	0
4956	1	5817.00	173.00	-173.00	0	0.980000	0.020000	-0.020000	0	1.010000	0.050000	-0.050000	0	0.0000	0.1700	-0.1700	0					4.460000	0.030000	-0.030000	0
4960	1	5979.00	52.00	-52.00	0	1.281115	0.178851	-0.168355	0	1.110086	0.046177	-0.034871	0	0.1000	0.0800	-0.0800	0					4.210000	0.100000	-0.100000	0
4965	1	5713.00	87.00	-87.00	0	0.990000	0.020000	-0.020000	0	0.940000	0.040000	-0.040000	0	-0.1000	0.0600	-0.0600	0					4.420000	0.030000	-0.030000	0
4968	1	5712.00	50.00	-50.00	0	0.906367	0.046600	-0.033264	0	0.963364	0.028483	-0.031563	0	-0.0900	0.0800	-0.0800	0					4.550000	0.100000	-0.100000	0
4970	1	6045.00	50.00	-50.00	0	1.538801	0.226340	-0.194994	0	1.162095	0.074983	-0.045030	0	0.0100	0.0800	-0.0800	0					4.080000	0.100000	-0.100000	0
4975	1	5667.00	58.00	-58.00	0	0.930000	0.010000	-0.010000	0	1.000000	0.020000	-0.020000	0	0.0800	0.0500	-0.0500	0					4.500000	0.020000	-0.020000	0
4980	1	5212.90	99.00	-49.20	0	0.757000	0.035000	-0.016000	0	0.799000	0.091000	-0.045000	0												
4982	1	5212.90	99.00	-49.20	0	0.757000	0.035000	-0.016000	0	0.799000	0.091000	-0.045000	0												
4983	1	5212.90	99.00	-49.20	0	0.757000	0.035000	-0.016000	0	0.799000	0.091000	-0.045000	0												
4992	1	4491.00	100.00	-100.00	0	0.682000	0.014000	-0.014000	0	0.711000	0.022000	-0.024000	0	-0.0100	0.0900	-0.0900	0	-0.73283	0.02286	-0.02413	0				
4998	1	4491.00	100.00	-100.00	0	0.682000	0.014000	-0.014000	0	0.711000	0.022000	-0.024000	0	-0.0100	0.0900	-0.0900	0	-0.73283	0.02286	-0.02413	0				
5003	1	5233.00	50.00	-50.00	0	0.791736	0.024050	-0.021732	0	0.860208	0.022593	-0.027222	0	-0.0400	0.0800	-0.0800	0					4.710000	0.100000	-0.100000	0
5007	1	5507.00	50.00	-50.00	0	0.878161	0.029080	-0.021055	0	0.956055	0.019958	-0.021357	0	0.1300	0.0800	-0.0800	0					4.680000	0.100000	-0.100000	0
5008	1	5507.00	50.00	-50.00	0	0.878161	0.029080	-0.021055	0	0.956055	0.019958	-0.021357	0	0.1300	0.0800	-0.0800	0					4.680000	0.100000	-0.100000	0
5011	1									0.584000	0.038000	-0.038000	0												
5012	1	5491.00	58.00	-58.00	0	0.910685	0.050695	-0.033546	0	0.971461	0.029778	-0.027877	0	0.2700	0.0800	-0.0800	0					4.550000	0.102000	-0.102000	0
5015	1	5026.00	82.00	-81.00	0	0.765000	0.024000	-0.023000	0	0.793000	0.033000	-0.029000	0	-0.0210	0.0640	-0.0410	0	-0.47237	0.01644	-0.01708	0	4.570000	0.031000	-0.031000	0
5018	1	5783.00	100.00	-98.00	0	1.253000	0.055000	-0.053000	0	1.076000	0.092000	-0.086000	0	0.2100	0.1800	-0.1900	0	0.19866	0.02923	-0.02840	0	4.273000	0.056000	-0.054000	0
5020	1	5890.00	50.00	-50.00	0	1.077574	0.128480	-0.110324	0	0.951027	0.038002	-0.036122	0	-0.2600	0.0800	-0.0800	0					4.250000	0.100000	-0.100000	0
5022	1	5043.00	50.00	-50.00	0	0.758046	0.032077	-0.026695	0	0.789481	0.030025	-0.028406	0	-0.1400	0.0800	-0.0800	0					4.460000	0.100000	-0.100000	0
5023	1	5522.00	50.00	-50.00	0	0.928158	0.091635	-0.051017	0	0.941851	0.028266	-0.027981	0	0.1100	0.0800	-0.0800	0					4.410000	0.100000	-0.100000	0
5026	1	5500.00	100.00	-100.00	0	0.872000	0.033000	-0.030000	0	0.881000	0.045000	-0.042000	0	-0.0640	0.0540	-0.0540	0	-0.20135	0.01825	-0.01833	0	4.503000	0.040000	-0.042000	0
5028	1	4720.00	50.00	-50.00	0	0.712365	0.019673	-0.019635	0	0.744790	0.025614	-0.024071	0	-0.0600	0.0800	-0.0800	0					4.460000	0.100000	-0.100000	0
5032	1	4222.06	88.15	-84.41	0	0.646783	0.028803	-0.028216	0	0.676023	0.067602	-0.067602	0												
5037	1	4222.06	88.15	-84.41	0	0.646783	0.028803	-0.028216	0	0.676023	0.067602	-0.067602	0												
5041	1	5500.00	45.00	-45.00	0	0.890000	0.150000	-0.150000	0					0.0000	0.0200	-0.0200	0					4.600000	0.070000	-0.070000	0
5043	1	5117.00	85.00	-86.00	0	0.818000	0.029000	-0.027000	0	0.851000	0.039000	-0.035000	0	0.1340	0.0770	-0.0780	0	-0.38300	0.01748	-0.01712	0	4.543000	0.033000	-0.034000	0
5047	1	4349.00	50.00	-50.00	0	0.678000	0.052000	-0.047000	0	0.622000	0.020000	-0.020000	0									4.720000	0.100000	-0.100000	0
5052	1	5794.00	50.00	-50.00	0	1.204240	0.171832	-0.134060	0	1.069596	0.055343	-0.038464	0	0.2500	0.0800	-0.0800	0					4.250000	0.100000	-0.100000	0
5053	1	5875.00	100.00	-100.00	0	1.236000	0.047000	-0.047000	0	1.030000	0.050000	-0.050000	0	0.0400	0.0440	-0.0440	0					4.280000	0.081000	-0.081000	0
5058	1	5704.00	50.00	-50.00	0	0.974398	0.094703	-0.049190	0	0.999987	0.026234	-0.026878	0	0.1100	0.0800	-0.0800	0					4.410000	0.100000	-0.100000	0
5064	1	4503.00	69.00	-69.00	0	0.720000	0.030000	-0.030000	0	0.700000	0.030000	-0.030000	0	0.0000	0.0700	-0.0700	0	-0.72125	0.02228	-0.02348	0	4.570000	0.090000	-0.090000	0
5068	1	5967.00	50.00	-50.00	0	1.333718	0.198959	-0.170697	0	1.102661	0.046475	-0.036976	0	0.0400	0.0800	-0.0800	0					4.170000	0.100000	-0.100000	0
5070	1	5757.00	50.00	-50.00	0	1.008231	0.080038	-0.045523	0	1.047488	0.030873	-0.027589	0	0.2500	0.0800	-0.0800	0					4.450000	0.100000	-0.100000	0
5072	1	5753.00	50.00	-50.00	0	1.189232	0.158019	-0.144736	0	1.021545	0.033902	-0.029772	0	0.1300	0.0800	-0.0800	0					4.230000	0.100000	-0.100000	0
5074	1	5753.00	50.00	-50.00	0	1.189232	0.158019	-0.144736	0	1.021545	0.033902	-0.029772	0	0.1300	0.0800	-0.0800	0					4.230000	0.100000	-0.100000	0
5075	1	5753.00	50.00	-50.00	0	1.189232	0.158019	-0.144736	0	1.021545	0.033902	-0.029772	0	0.1300	0.0800	-0.0800	0					4.230000	0.100000	-0.100000	0
5078	1	3879.00	90.00	-90.00	0	0.580000	0.030000	-0.030000	0					0.0320	0.1200	-0.1200	0					4.700000	0.040000	-0.040000	0
5085	1	5612.00	100.00	-100.00	0	1.026000	0.040000	-0.040000	0	0.910000	0.040000	-0.040000	0	-0.0500	0.0440	-0.0440	0					4.450000	0.080000	-0.080000	0
5090	1	5716.00	50.00	-50.00	0	0.947599	0.044755	-0.029278	0	1.010842	0.024045	-0.024502	0	0.1300	0.0800	-0.0800	0					4.570000	0.100000	-0.100000	0
5097	1	5942.00	119.00	-119.00	0	1.072000	0.043000	-0.043000	0	0.940000	0.050000	-0.050000	0	-0.3150	0.0600	-0.0600	0	0.12710	0.01277	-0.01316	0	4.350000	0.020000	-0.020000	0
5101	1	5859.00	50.00	-50.00	0	1.000000	0.060000	-0.060000	0					0.1900	0.0800	-0.0800	0					4.500000	0.100000	-0.100000	0
5102	1	5859.00	50.00	-50.00	0	1.000000	0.060000	-0.060000	0					0.1900	0.0800	-0.0800	0					4.500000	0.100000	-0.100000	0
5105	1	5620.00	42.00	-45.00	0	0.840000	0.010000	-0.010000	0	0.910000	0.020000	-0.020000	0	-0.1900	0.0600	-0.0600	0					4.550000	0.010000	-0.020000	0
5108	1	5620.00	42.00	-45.00	0	0.840000	0.010000	-0.010000	0	0.910000	0.020000	-0.020000	0	-0.1900	0.0600	-0.0600	0					4.550000	0.010000	-0.020000	0
5110	1	5520.00	140.00	-140.00	0	1.700000	0.094000	-0.087000	0	1.482000	0.110000	-0.096000	0	0.4860	0.0610	-0.0720	0	0.38202	0.01938	-0.02029	0	4.148000	0.025000	-0.025000	0
5114	1	5288.00	99.00	-99.00	0	0.889000	0.034000	-0.032000	0	0.856000	0.042000	-0.030000	0	-0.0500	0.0680	-0.0520	0	-0.25337	0.02200	-0.02318	0	4.473000	0.040000	-0.034000	0
5115	1	5673.00	50.00	-50.00	0	0.890666	0.040770	-0.030696	0	0.950811	0.027833	-0.030228	0	-0.1000	0.0800	-0.0800	0					4.580000	0.100000	-0.100000	0
5116	1	4715.00	48.00	-46.00	0	0.650000	0.010000	-0.010000	0	0.710000	0.020000	-0.020000	0	-0.2500	0.0600	-0.0600	0					4.660000	0.010000	-0.010000	0
5119	1	5315.00	35.00	-35.00	0	0.790000	0.010000	-0.010000	0					-0.0900	0.0200	-0.0200	0					4.600000	0.010000	-0.010000	0
5127	1	5315.00	35.00	-31.00	0	0.790000	0.010000	-0.010000	0	0.870000	0.010000	-0.010000	0	-0.0900	0.0200	-0.0200	0					4.590000	0.000000	-0.010000	0
5129	1	5945.00	23.00	-25.00	0	1.390000	0.040000	-0.040000	0	1.110000	0.020000	-0.020000	0	0.1000	0.0400	-0.0400	0					4.200000	0.020000	-0.020000	0
5131	1	5695.00	50.00	-50.00	0	0.950000	0.030000	-0.030000	0	1.010000	0.030000	-0.030000	0	0.1400	0.0400	-0.0400	0					4.480000	0.030000	-0.030000	0
5135	1	6154.00	60.00	-60.00	0	1.161000	0.024000	-0.024000	0	1.188000	0.028000	-0.026000	0	0.1000	0.0400	-0.0400	0	0.23805	0.02440	-0.02853	0	4.379000	0.017000	-0.017000	0
5136	1	4796.00	66.00	-66.00	0	0.710000	0.010000	-0.010000	0	0.790000	0.010000	-0.010000	0	-0.0820	0.0280	-0.0280	0					4.530000	0.220000	-0.220000	0
5141	1	4796.00	66.00	-66.00	0	0.710000	0.010000	-0.010000	0	0.790000	0.010000	-0.010000	0	-0.0820	0.0280	-0.0280	0					4.530000	0.220000	-0.220000	0
5143	1	4796.00	66.00	-66.00	0	0.710000	0.010000	-0.010000	0	0.790000	0.010000	-0.010000	0	-0.0820	0.0280	-0.0280	0					4.530000	0.220000	-0.220000	0
5152	1	6180.00	160.00	-140.00	0	1.236000	0.043000	-0.036000	0	1.256000	0.055000	-0.062000	0	0.3370	0.0760	-0.0760	0	0.30320	0.05474	-0.04792	0	4.353000	0.022000	-0.029000	0
5155	1	5630.00	78.00	-78.00	0	1.590000	0.160000	-0.160000	0	1.190000	0.080000	-0.080000	0	0.3400	0.0400	-0.0400	0					4.110000	0.070000	-0.070000	0
5158	1	3420.00	18.00	-18.00	0	0.360000	0.010000	-0.010000	0	0.400000	0.010000	-0.010000	0	-0.1000	0.1000	-0.1000	0	-1.79588	0.02633	-0.02803	0	4.900000	0.100000	-0.100000	0
5159	1	3420.00	18.00	-18.00	0	0.360000	0.010000	-0.010000	0	0.400000	0.010000	-0.010000	0	-0.1000	0.1000	-0.1000	0	-1.79588	0.02633	-0.02803	0	4.900000	0.100000	-0.100000	0
5160	1	3420.00	18.00	-18.00	0	0.360000	0.010000	-0.010000	0	0.400000	0.010000	-0.010000	0	-0.1000	0.1000	-0.1000	0	-1.79588	0.02633	-0.02803	0	4.900000	0.100000	-0.100000	0
5165	1	5625.00	60.00	-60.00	0	1.160000	0.040000	-0.040000	0	1.070000	0.060000	-0.060000	0	0.3400	0.0400	-0.0400	0					4.290000	0.050000	-0.050000	0
5178	1	5625.00	60.00	-60.00	0	1.160000	0.040000	-0.040000	0	1.070000	0.060000	-0.060000	0	0.3400	0.0400	-0.0400	0					4.290000	0.050000	-0.050000	0
5179	1	3810.00	17.00	-17.00	0	0.540000	0.010000	-0.010000	0	0.580000	0.010000	-0.010000	0	-0.1000	0.1000	-0.1000	0	-1.27572	0.01609	-0.01671	0	4.700000	0.100000	-0.100000	0
5180	1	3810.00	17.00	-17.00	0	0.540000	0.010000	-0.010000	0	0.580000	0.010000	-0.010000	0	-0.1000	0.1000	-0.1000	0	-1.27572	0.01609	-0.01671	0	4.700000	0.100000	-0.100000	0
5181	1	5262.00	43.00	-39.00	0	0.750000	0.010000	-0.010000	0	0.710000	0.010000	-0.010000	0	-0.4400	0.0400	-0.0300	0					4.540000	0.010000	-0.010000	0
5182	1	3459.00	65.00	-38.00	0	0.370000	0.010000	-0.010000	0	0.380000	0.010000	-0.010000	0	-0.0100	0.1600	-0.1800	0					4.890000	0.010000	-0.010000	0
5183	1	6570.00	269.00	-171.00	0	1.390000	0.030000	-0.030000	0	1.290000	0.040000	-0.060000	0	-0.0300	0.1800	-0.1900	0					4.260000	0.020000	-0.030000	0
5184	1	6570.00	269.00	-171.00	0	1.390000	0.030000	-0.030000	0	1.290000	0.040000	-0.060000	0	-0.0300	0.1800	-0.1900	0					4.260000	0.020000	-0.030000	0
5185	1	5677.00	38.00	-39.00	0	0.920000	0.020000	-0.010000	0	0.860000	0.020000	-0.020000	0	-0.2900	0.0300	-0.0300	0					4.440000	0.020000	-0.020000	0
5188	1	5793.00	66.00	-52.00	0	1.250000	0.030000	-0.030000	0	0.830000	0.020000	-0.010000	0	-0.4500	0.0200	-0.0200	0					4.160000	0.020000	-0.020000	0
5189	1	5610.00	32.00	-29.00	0	0.940000	0.030000	-0.030000	0	0.870000	0.020000	-0.020000	0	-0.1900	0.0300	-0.0300	0					4.430000	0.040000	-0.030000	0
5190	1	4667.00	305.00	-183.00	0	0.690000	0.020000	-0.010000	0	0.740000	0.030000	-0.030000	0	-0.0800	0.2200	-0.2200	0					4.630000	0.010000	-0.020000	0
5191	1	4667.00	305.00	-183.00	0	0.690000	0.020000	-0.010000	0	0.740000	0.030000	-0.030000	0	-0.0800	0.2200	-0.2200	0					4.630000	0.010000	-0.020000	0
5192	1	5528.00	97.00	-86.00	0	0.920000	0.020000	-0.020000	0	0.880000	0.040000	-0.030000	0	-0.1000	0.0400	-0.0400	0					4.450000	0.030000	-0.030000	0
5193	1	6504.00	329.00	-419.00	0	1.570000	0.060000	-0.060000	0	1.320000	0.090000	-0.120000	0	0.0400	0.1400	-0.1600	0					4.160000	0.050000	-0.060000	0
5199	1	3207.00	58.00	-58.00	0	0.293200	0.009300	-0.009300	0	0.263400	0.007700	-0.007700	0	0.1500	0.0300	-0.0300	0	-2.08831	0.01517	-0.01572	0	4.944000	0.031000	-0.031000	0
5202	1	5003.00	94.00	-94.00	0	0.797000	0.029000	-0.027000	0	0.809000	0.044000	-0.036000	0	-0.0200	0.2400	-0.0980	0	-0.44491	0.02009	-0.01980	0	4.544000	0.033000	-0.032000	0
5203	1	3717.00	85.00	-50.00	0	0.490000	0.010000	-0.010000	0	0.520000	0.010000	-0.010000	0	-0.0400	0.1800	-0.1900	0					4.760000	0.010000	-0.010000	0
5204	1	5152.00	41.00	-39.00	0	0.820000	0.010000	-0.010000	0	0.790000	0.020000	-0.010000	0	-0.0900	0.0400	-0.0400	0					4.500000	0.020000	-0.010000	0
5206	1	6027.00	221.00	-240.00	0	1.100000	0.040000	-0.040000	0	1.080000	0.050000	-0.080000	0	0.0000	0.1700	-0.1900	0					4.390000	0.030000	-0.050000	0
5207	1	4629.00	168.00	-123.00	0	0.670000	0.010000	-0.010000	0	0.710000	0.020000	-0.030000	0	-0.1400	0.1800	-0.1500	0					4.640000	0.010000	-0.010000	0
5208	1	4629.00	168.00	-123.00	0	0.670000	0.010000	-0.010000	0	0.710000	0.020000	-0.030000	0	-0.1400	0.1800	-0.1500	0					4.640000	0.010000	-0.010000	0
5209	1	4676.00	63.00	-61.00	0	0.690000	0.010000	-0.010000	0	0.710000	0.030000	-0.030000	0	-0.1400	0.0700	-0.0600	0					4.620000	0.020000	-0.020000	0
5210	1	3725.00	80.00	-46.00	0	0.500000	0.010000	-0.010000	0	0.520000	0.010000	-0.010000	0	-0.0300	0.1700	-0.1800	0					4.760000	0.010000	-0.010000	0
5211	1	6351.00	198.00	-228.00	0	1.310000	0.030000	-0.030000	0	1.210000	0.050000	-0.080000	0	0.0100	0.1500	-0.1700	0					4.290000	0.030000	-0.040000	0
5213	1	6059.00	62.00	-76.00	0	1.130000	0.030000	-0.020000	0	1.140000	0.030000	-0.030000	0	0.1600	0.0400	-0.0400	0					4.390000	0.020000	-0.030000	0
5219	1	3785.00	185.00	-185.00	0	0.520000	0.080000	-0.080000	0	0.560000	0.100000	-0.100000	0	-0.1300	0.1500	-0.1500	0	-1.30980	0.16714	-0.27522	0				
5224	1	6860.00	150.00	-160.00	0	1.755000	0.061000	-0.078000	0	1.637000	0.065000	-0.069000	0	0.3340	0.0520	-0.0610	0	0.78817	0.03269	-0.03843	0	4.161000	0.044000	-0.030000	0
5226	1	5490.00	110.00	-110.00	0	1.663000	0.071000	-0.068000	0	1.107000	0.042000	-0.047000	0	0.3720	0.0690	-0.0720	0	0.35392	0.01641	-0.01626	0	4.040000	0.038000	-0.041000	0
5238	1	5368.00	44.00	-44.00	0	0.850000	0.020000	-0.020000	0	0.880000	0.030000	-0.030000	0	-0.0800	0.0500	-0.0500	0	-0.25964	0.01551	-0.01609	0	4.510000	0.080000	-0.080000	0
5242	1	3660.00	80.00	-45.00	0	0.473000	0.011000	-0.011000	0	0.496000	0.013000	-0.013000	0	-0.0130	0.1800	-0.1800	0					4.783000	0.012000	-0.012000	0
5244	1	3660.00	80.00	-45.00	0	0.473000	0.011000	-0.011000	0	0.496000	0.013000	-0.013000	0	-0.0130	0.1800	-0.1800	0					4.783000	0.012000	-0.012000	0
5247	1	5420.00	100.00	-100.00	0	0.920000	0.034000	-0.032000	0	0.901000	0.051000	-0.042000	0	0.0330	0.0990	-0.1000	0	-0.18243	0.01558	-0.01616	0	4.465000	0.042000	-0.039000	0
5254	1	4285.00	49.00	-57.00	0	0.703000	0.024000	-0.022000	0	0.686000	0.033000	-0.033000	0	-0.1200	0.4000	-0.4200	0	-0.82333	0.01618	-0.01680	0	4.581000	0.032000	-0.037000	0
5255	1	4285.00	49.00	-57.00	0	0.703000	0.024000	-0.022000	0	0.686000	0.033000	-0.033000	0	-0.1200	0.4000	-0.4200	0	-0.82333	0.01618	-0.01680	0	4.581000	0.032000	-0.037000	0
5256	1	4285.00	49.00	-57.00	0	0.703000	0.024000	-0.022000	0	0.686000	0.033000	-0.033000	0	-0.1200	0.4000	-0.4200	0	-0.82333	0.01618	-0.01680	0	4.581000	0.032000	-0.037000	0
5259	1	4285.00	49.00	-57.00	0	0.703000	0.024000	-0.022000	0	0.686000	0.033000	-0.033000	0	-0.1200	0.4000	-0.4200	0	-0.82333	0.01618	-0.01680	0	4.581000	0.032000	-0.037000	0
5262	1	5106.00	70.00	-61.00	0	0.780000	0.020000	-0.020000	0	0.840000	0.020000	-0.020000	0	0.0300	0.0500	-0.0500	0					4.580000	0.020000	-0.030000	0
5265	1	5106.00	70.00	-61.00	0	0.780000	0.020000	-0.020000	0	0.840000	0.020000	-0.020000	0	0.0300	0.0500	-0.0500	0					4.580000	0.020000	-0.030000	0
5271	1	5106.00	70.00	-61.00	0	0.780000	0.020000	-0.020000	0	0.840000	0.020000	-0.020000	0	0.0300	0.0500	-0.0500	0					4.580000	0.020000	-0.030000	0
5273	1	5106.00	70.00	-61.00	0	0.780000	0.020000	-0.020000	0	0.840000	0.020000	-0.020000	0	0.0300	0.0500	-0.0500	0					4.580000	0.020000	-0.030000	0
5275	1	5106.00	70.00	-61.00	0	0.780000	0.020000	-0.020000	0	0.840000	0.020000	-0.020000	0	0.0300	0.0500	-0.0500	0					4.580000	0.020000	-0.030000	0
5277	1	6209.00	88.00	-88.00	0	1.450000	0.060000	-0.060000	0	1.160000	0.040000	-0.040000	0	-0.0800	0.0600	-0.0600	0					4.180000	0.030000	-0.030000	0
5287	1	5246.00	100.00	-100.00	0	0.876000	0.036000	-0.036000	0	0.880000	0.030000	-0.030000	0	0.1200	0.0450	-0.0450	0					4.480000	0.081000	-0.081000	0
5291	1	4877.00	58.00	-58.00	0	0.770000	0.010000	-0.010000	0	0.850000	0.020000	-0.020000	0	0.2600	0.0600	-0.0600	0					4.590000	0.010000	-0.010000	0
5299	1	4877.00	58.00	-58.00	0	0.770000	0.010000	-0.010000	0	0.850000	0.020000	-0.020000	0	0.2600	0.0600	-0.0600	0					4.590000	0.010000	-0.010000	0
5301	1	5644.00	71.00	-71.00	0	0.990000	0.030000	-0.030000	0	0.830000	0.030000	-0.030000	0	-0.3000	0.0500	-0.0500	0					4.370000	0.030000	-0.030000	0
5307	1	5397.00	105.00	-96.00	0	0.830000	0.030000	-0.030000	0	0.860000	0.050000	-0.050000	0	-0.0900	0.1200	-0.1200	0					4.530000	0.030000	-0.040000	0
5320	1	5161.00	53.00	-47.00	0	0.850000	0.020000	-0.020000	0	0.890000	0.030000	-0.030000	0	0.2000	0.0400	-0.0400	0					4.530000	0.030000	-0.030000	0
5322	1	5044.00	43.00	-42.00	0	0.700000	0.010000	-0.010000	0	0.790000	0.010000	-0.010000	0	-0.1600	0.0300	-0.0400	0					4.640000	0.010000	-0.010000	0
5330	1	4841.00	39.00	-37.00	0	0.690000	0.010000	-0.010000	0	0.770000	0.010000	-0.010000	0	-0.0600	0.0400	-0.0300	0					4.650000	0.000000	0.000000	0
5341	1	4841.00	39.00	-37.00	0	0.690000	0.010000	-0.010000	0	0.770000	0.010000	-0.010000	0	-0.0600	0.0400	-0.0300	0					4.650000	0.000000	0.000000	0
5346	1	5139.00	62.00	-62.00	0	0.850000	0.020000	-0.020000	0	0.820000	0.020000	-0.020000	0	0.0700	0.0500	-0.0500	0					4.490000	0.020000	-0.020000	0
5349	1	5680.00	120.00	-120.00	0	0.973000	0.038000	-0.035000	0	0.974000	0.053000	-0.058000	0	0.0780	0.0720	-0.0650	0	-0.05061	0.02281	-0.02202	0	4.452000	0.041000	-0.049000	0
5356	1	6747.00	383.00	-383.00	0	1.610000	0.050000	-0.050000	0	1.400000	0.080000	-0.080000	0	0.0000	0.1700	-0.1700	0					4.170000	0.040000	-0.040000	0
5363	1	5558.00	70.00	-70.00	0	0.860000	0.010000	-0.010000	0	0.790000	0.030000	-0.030000	0	-0.3700	0.0500	-0.0500	0					4.460000	0.020000	-0.020000	0
5370	1	3214.00	60.00	-60.00	0	0.288000	0.028000	-0.028000	0	0.257000	0.048000	-0.048000	0	0.2600	0.1000	-0.1000	0					4.930000	0.040000	-0.040000	0
5371	1	5500.00	100.00	-100.00	0	1.280000	0.070000	-0.070000	0	1.030000	0.030000	-0.030000	0	0.3300	0.0800	-0.0800	0					4.210000	0.050000	-0.050000	0
5377	1	4812.00	72.00	-72.00	0	0.760000	0.010000	-0.010000	0	0.820000	0.030000	-0.030000	0	0.2200	0.0500	-0.0500	0					4.590000	0.020000	-0.020000	0
5380	1	5499.00	109.00	-109.00	0	1.000000	0.040000	-0.040000	0					-0.2300	0.1600	-0.1600	0					4.500000	0.040000	-0.040000	0
5385	1	5060.00	70.00	-70.00	0	0.820000	0.010000	-0.010000	0	0.890000	0.030000	-0.030000	0	0.2800	0.0500	-0.0500	0					4.560000	0.020000	-0.020000	0
5388	1	4140.00	50.00	-50.00	0	0.607000	0.022000	-0.022000	0	0.630000	0.010000	-0.010000	0	0.0000	0.0800	-0.0800	0	-1.01323	0.01755	-0.01829	0	4.670000	0.010000	-0.010000	0
5392	1	4975.00	95.00	-95.00	0	0.787000	0.016000	-0.016000	0	0.830000	0.023000	-0.023000	0	0.0000	0.0500	-0.0500	0					4.400000	0.100000	-0.100000	0
5393	1	4975.00	95.00	-95.00	0	0.787000	0.016000	-0.016000	0	0.830000	0.023000	-0.023000	0	0.0000	0.0500	-0.0500	0					4.400000	0.100000	-0.100000	0
5395	1	4975.00	95.00	-95.00	0	0.787000	0.016000	-0.016000	0	0.830000	0.023000	-0.023000	0	0.0000	0.0500	-0.0500	0					4.400000	0.100000	-0.100000	0
5396	1	4975.00	95.00	-95.00	0	0.787000	0.016000	-0.016000	0	0.830000	0.023000	-0.023000	0	0.0000	0.0500	-0.0500	0					4.400000	0.100000	-0.100000	0
5397	1	3926.00	100.00	-100.00	0	0.620000	0.020000	-0.020000	0	0.640000	0.020000	-0.020000	0	0.0000	0.5000	-0.5000	0	-1.04576	0.19189	-0.35218	0	4.700000	0.200000	-0.200000	0
5398	1	5695.00	58.00	-58.00	0	1.070000	0.010000	-0.010000	0	1.056000	0.022000	-0.022000	0	0.2000	0.0400	-0.0400	0					4.398000	0.015000	-0.015000	0
5401	1	3341.00	276.00	-276.00	0	0.320000	0.030000	-0.030000	0	0.330000	0.020000	-0.020000	0	-0.2100	0.0900	-0.0900	0	-1.93000	0.02000	-0.02000	0	4.960000	0.020000	-0.020000	0
5406	1	5529.00	77.00	-74.00	0	1.025000	0.030000	-0.028000	0	0.953000	0.037000	-0.051000	0	0.1620	0.0870	-0.0740	0					4.393000	0.024000	-0.022000	0
5413	1	5358.00	38.00	-38.00	0	0.860000	0.010000	-0.010000	0	0.940000	0.020000	-0.020000	0	0.1600	0.0300	-0.0300	0					4.540000	0.012000	-0.012000	0
5417	1	6302.00	120.00	-120.00	0	1.511000	0.075000	-0.072000	0	1.194000	0.067000	-0.077000	0	-0.0600	0.1000	-0.1000	0					4.230000	0.100000	-0.100000	0
5419	1	6302.00	120.00	-120.00	0	1.511000	0.075000	-0.072000	0	1.194000	0.067000	-0.077000	0	-0.0600	0.1000	-0.1000	0					4.230000	0.100000	-0.100000	0
5421	1	5520.00	60.00	-60.00	0	0.899000	0.035000	-0.033000	0	0.934000	0.038000	-0.038000	0	0.0800	0.0400	-0.0500	0	-0.16622	0.00882	-0.01031	0	4.500000	0.050000	-0.050000	0
5425	1	5725.00	65.00	-65.00	0	1.090000	0.030000	-0.030000	0	1.000000	0.030000	-0.030000	0	0.0700	0.0500	-0.0500	0					4.330000	0.040000	-0.040000	0
5426	1	5532.00	78.00	-78.00	0	0.947000	0.089000	-0.055000	0	0.958000	0.036000	-0.034000	0	0.2180	0.0800	-0.0800	0					4.520000	0.130000	-0.130000	0
5427	1	5612.00	50.00	-50.00	0	1.200000	0.130000	-0.120000	0	0.987000	0.034000	-0.030000	0	0.1940	0.0800	-0.0800	0					4.200000	0.100000	-0.100000	0
5430	1	4444.00	70.00	-70.00	0	0.700000	0.020000	-0.020000	0	0.740000	0.040000	-0.040000	0	0.1400	0.1200	-0.1200	0					4.630000	0.120000	-0.120000	0
5434	1	3844.00	61.00	-63.00	0	0.546000	0.018000	-0.016000	0	0.549000	0.029000	-0.027000	0	-0.1570	0.0750	-0.0800	0	-1.23136	0.01312	-0.01429	0	4.704000	0.023000	-0.026000	0
5456	1	3844.00	61.00	-63.00	0	0.546000	0.018000	-0.016000	0	0.549000	0.029000	-0.027000	0	-0.1570	0.0750	-0.0800	0	-1.23136	0.01312	-0.01429	0	4.704000	0.023000	-0.026000	0
5470	1	3844.00	61.00	-63.00	0	0.546000	0.018000	-0.016000	0	0.549000	0.029000	-0.027000	0	-0.1570	0.0750	-0.0800	0	-1.23136	0.01312	-0.01429	0	4.704000	0.023000	-0.026000	0
5484	1	5425.00	40.00	-40.00	0	0.844000	0.032000	-0.032000	0	0.900000	0.043000	-0.042000	0	-0.1500	0.0500	-0.0500	0	-0.25649	0.03609	-0.03765	0	4.540000	0.029000	-0.027000	0
5487	1	6100.00	263.00	-263.00	0	1.240000	0.100000	-0.100000	0	1.090000	0.090000	-0.090000	0	-0.1000	0.0800	-0.0800	0					3.940000	0.440000	-0.440000	0
5495	1	5280.00	70.00	-70.00	0	0.780000	0.070000	-0.070000	0	0.910000	0.060000	-0.060000	0	0.0800	0.0500	-0.0500	0					4.600000	0.070000	-0.070000	0
5497	1	5959.00	61.00	-61.00	0	1.220000	0.010000	-0.010000	0	1.180000	0.040000	-0.040000	0	0.2550	0.0650	-0.0650	0								
5498	1	3300.00	30.00	-30.00	0	0.196000	0.006000	-0.006000	0	0.174000	0.004000	-0.004000	0	-0.2400	0.0900	-0.0900	0	-2.38722	0.01047	-0.01072	0	5.094000	0.006000	-0.006000	0
5499	1	3436.00	3.00	-3.00	0	0.379000	0.003000	-0.003000	0	0.408000	0.005000	-0.005000	0									4.891000	0.002000	-0.002000	0
5500	1	3436.00	3.00	-3.00	0	0.379000	0.003000	-0.003000	0	0.408000	0.005000	-0.005000	0									4.891000	0.002000	-0.002000	0
5501	1	3387.00	5.00	-5.00	0	0.379000	0.006000	-0.006000	0	0.403000	0.006000	-0.006000	0									4.885000	0.011000	-0.011000	0
5502	1	3851.00	83.00	-83.00	0	0.552000	0.017000	-0.017000	0	0.561000	0.050000	-0.050000	0									4.701000	0.070000	-0.070000	0
5503	1	5440.00	115.00	-115.00	0	0.898000	0.013000	-0.013000	0	0.954000	0.055000	-0.055000	0									4.512000	0.055000	-0.055000	0
5510	1	5271.00	39.00	-35.00	0	0.860000	0.020000	-0.020000	0	0.830000	0.020000	-0.020000	0	-0.0600	0.0300	-0.0300	0					4.490000	0.030000	-0.030000	0
5522	1	5271.00	39.00	-35.00	0	0.860000	0.020000	-0.020000	0	0.830000	0.020000	-0.020000	0	-0.0600	0.0300	-0.0300	0					4.490000	0.030000	-0.030000	0
5526	1	5271.00	39.00	-35.00	0	0.860000	0.020000	-0.020000	0	0.830000	0.020000	-0.020000	0	-0.0600	0.0300	-0.0300	0					4.490000	0.030000	-0.030000	0
5537	1	5271.00	39.00	-35.00	0	0.860000	0.020000	-0.020000	0	0.830000	0.020000	-0.020000	0	-0.0600	0.0300	-0.0300	0					4.490000	0.030000	-0.030000	0
5539	1	3157.00	7.00	-7.00	0	0.300000	0.003000	-0.003000	0	0.117000	0.011000	-0.011000	0									4.550000	0.036000	-0.036000	0
5540	1	3750.00	510.00	-520.00	0	0.595000	0.031000	-0.031000	0	0.578000	0.030000	-0.030000	0	0.1480	0.0620	-0.0620	0	-1.20066	0.22185	-0.25527	0	4.650000	0.051000	-0.049000	0
5543	1	4141.00	96.00	-96.00	0	0.602000	0.013000	-0.013000	0	0.630000	0.033000	-0.033000	0									4.677000	0.041000	-0.041000	0
5544	1	3710.00	118.00	-118.00	0	0.549000	0.024000	-0.024000	0	0.478000	0.089000	-0.089000	0									4.630000	0.127000	-0.127000	0
5545	1	3752.00	57.00	-57.00	0	0.505000	0.012000	-0.012000	0	0.517000	0.041000	-0.041000	0									4.743000	0.057000	-0.057000	0
5546	1	3287.00	67.00	-67.00	0	0.298000	0.009000	-0.009000	0	0.274000	0.008000	-0.008000	0									4.840000	0.026000	-0.026000	0
5547	1	3924.00	51.00	-51.00	0	0.688000	0.014000	-0.014000	0	0.507000	0.051000	-0.051000	0									4.462000	0.059000	-0.059000	0
5548	1	5282.00	40.00	-39.00	0	0.822000	0.026000	-0.024000	0	0.901000	0.048000	-0.049000	0	0.0980	0.0650	-0.0700	0	-0.32514	0.02929	-0.02650	0	4.566000	0.013000	-0.021000	0
5551	1	3540.00	70.00	-70.00	0	1.050000	0.070000	-0.070000	0	0.560000	0.090000	-0.090000	0					-0.82391	0.07918	-0.09691	0				
5559	1	6232.00	33.00	-39.00	0	1.500000	0.030000	-0.030000	0	1.230000	0.020000	-0.020000	0	-0.0300	0.0300	-0.0300	0					4.180000	0.020000	-0.020000	0
5562	1	5994.00	93.00	-91.00	0	1.060000	0.030000	-0.020000	0	1.100000	0.030000	-0.040000	0	0.0800	0.0800	-0.0800	0					4.430000	0.020000	-0.030000	0
5563	1	5994.00	93.00	-91.00	0	1.060000	0.030000	-0.020000	0	1.100000	0.030000	-0.040000	0	0.0800	0.0800	-0.0800	0					4.430000	0.020000	-0.030000	0
5565	1	3315.00	137.00	-152.00	0	0.280000	0.020000	-0.010000	0	0.270000	0.010000	-0.020000	0	0.0900	0.1500	-0.1700	0					4.970000	0.030000	-0.030000	0
5568	1	5880.00	85.00	-82.00	0	1.220000	0.050000	-0.050000	0	1.060000	0.040000	-0.040000	0	0.0700	0.0700	-0.0700	0					4.290000	0.040000	-0.040000	0
5572	1	6502.00	132.00	-130.00	0	1.490000	0.070000	-0.060000	0	1.360000	0.050000	-0.050000	0	0.1700	0.1000	-0.1000	0					4.220000	0.040000	-0.040000	0
5577	1	6222.00	96.00	-91.00	0	1.330000	0.070000	-0.060000	0	1.230000	0.040000	-0.040000	0	0.1000	0.0500	-0.0500	0					4.280000	0.040000	-0.040000	0
5582	1	5424.00	192.00	-144.00	0	0.800000	0.010000	-0.010000	0	0.860000	0.030000	-0.050000	0	-0.1700	0.1600	-0.2000	0					4.560000	0.020000	-0.030000	0
5587	1	5869.00	88.00	-81.00	0	1.320000	0.060000	-0.060000	0	0.940000	0.040000	-0.030000	0	-0.2700	0.0600	-0.0600	0					4.170000	0.040000	-0.040000	0
5589	1	4558.00	91.00	-81.00	0	0.630000	0.010000	-0.010000	0	0.660000	0.020000	-0.020000	0	-0.2300	0.1200	-0.1300	0					4.650000	0.010000	-0.010000	0
5591	1	4857.00	86.00	-84.00	0	0.720000	0.030000	-0.030000	0	0.740000	0.040000	-0.030000	0	-0.1100	0.1400	-0.1400	0					4.590000	0.020000	-0.020000	0
5602	1	6168.00	46.00	-76.00	0	1.420000	0.060000	-0.050000	0	1.160000	0.040000	-0.040000	0	0.0100	0.0300	-0.0400	0					4.200000	0.030000	-0.030000	0
5609	1	5532.00	90.00	-90.00	0	1.130000	0.140000	-0.100000	0	0.930000	0.040000	-0.040000	0	0.0800	0.1300	-0.1400	0					4.300000	0.070000	-0.090000	0
5610	1	5817.00	45.00	-48.00	0	1.160000	0.060000	-0.050000	0	0.980000	0.070000	-0.070000	0	-0.0500	0.1800	-0.1800	0					4.300000	0.050000	-0.050000	0
5614	1	5920.00	104.00	-104.00	0	1.090000	0.030000	-0.030000	0	1.010000	0.050000	-0.050000	0	-0.0600	0.0800	-0.0900	0					4.360000	0.030000	-0.030000	0
5615	1	3804.00	93.00	-74.00	0	0.460000	0.010000	-0.010000	0	0.490000	0.010000	-0.010000	0	-0.1000	0.1800	-0.2500	0					4.800000	0.010000	-0.010000	0
5617	1	3804.00	93.00	-74.00	0	0.460000	0.010000	-0.010000	0	0.490000	0.010000	-0.010000	0	-0.1000	0.1800	-0.2500	0					4.800000	0.010000	-0.010000	0
5620	1	4374.00	38.00	-34.00	0	0.490000	0.010000	-0.010000	0	0.510000	0.010000	-0.010000	0	-0.9500	0.0200	-0.0200	0					4.760000	0.010000	-0.010000	0
5624	1	3779.00	30.00	-26.00	0	0.520000	0.010000	-0.010000	0	0.560000	0.010000	-0.010000	0	0.2600	0.0700	-0.0700	0					4.740000	0.010000	-0.010000	0
5627	1	4801.00	49.00	-49.00	0	0.700000	0.010000	-0.010000	0	0.710000	0.020000	-0.020000	0	-0.1800	0.0800	-0.0800	0					4.600000	0.010000	-0.010000	0
5632	1	4599.00	178.00	-152.00	0	0.630000	0.020000	-0.020000	0	0.660000	0.030000	-0.030000	0	-0.2600	0.1700	-0.2100	0					4.650000	0.020000	-0.020000	0
5635	1	5077.00	40.00	-39.00	0	0.850000	0.020000	-0.020000	0	0.830000	0.020000	-0.010000	0	0.1300	0.0500	-0.0500	0					4.500000	0.020000	-0.010000	0
5638	1	5077.00	40.00	-39.00	0	0.850000	0.020000	-0.020000	0	0.830000	0.020000	-0.010000	0	0.1300	0.0500	-0.0500	0					4.500000	0.020000	-0.010000	0
5640	1	4385.00	29.00	-31.00	0	0.490000	0.000000	0.000000	0	0.540000	0.010000	-0.010000	0	-0.6600	0.0400	-0.0400	0					4.780000	0.010000	-0.010000	0
5646	1	4402.71	95.55	-93.27	0	0.619575	0.028977	-0.028268	0	0.701968	0.070197	-0.070197	0												
5653	1	4402.71	95.55	-93.27	0	0.619575	0.028977	-0.028268	0	0.701968	0.070197	-0.070197	0												
5654	1	5789.00	46.00	-50.00	0	1.040000	0.060000	-0.050000	0	0.980000	0.020000	-0.020000	0	-0.0200	0.0300	-0.0300	0					4.390000	0.050000	-0.040000	0
5655	1	5789.00	46.00	-50.00	0	1.040000	0.060000	-0.050000	0	0.980000	0.020000	-0.020000	0	-0.0200	0.0300	-0.0300	0					4.390000	0.050000	-0.040000	0
5661	1	5769.00	39.00	-37.00	0	1.050000	0.070000	-0.060000	0	1.020000	0.020000	-0.020000	0	0.0800	0.0200	-0.0200	0					4.400000	0.060000	-0.060000	0
5662	1	5791.00	81.00	-81.00	0	0.950000	0.020000	-0.020000	0	0.980000	0.040000	-0.040000	0	-0.0500	0.0700	-0.0700	0					4.470000	0.030000	-0.030000	0
5664	1	5791.00	81.00	-81.00	0	0.950000	0.020000	-0.020000	0	0.980000	0.040000	-0.040000	0	-0.0500	0.0700	-0.0700	0					4.470000	0.030000	-0.030000	0
5665	1	5791.00	81.00	-81.00	0	0.950000	0.020000	-0.020000	0	0.980000	0.040000	-0.040000	0	-0.0500	0.0700	-0.0700	0					4.470000	0.030000	-0.030000	0
5667	1	5698.00	55.00	-55.00	0	0.990000	0.030000	-0.030000	0	0.870000	0.020000	-0.020000	0	-0.2100	0.0400	-0.0400	0					4.380000	0.030000	-0.030000	0
5670	1	3669.00	88.00	-82.00	0	0.410000	0.010000	-0.010000	0	0.430000	0.010000	-0.010000	0	-0.0400	0.2000	-0.2400	0					4.860000	0.010000	-0.010000	0
5671	1	5790.00	177.00	-147.00	0	0.920000	0.040000	-0.030000	0	0.960000	0.050000	-0.060000	0	-0.1200	0.1500	-0.1800	0					4.490000	0.030000	-0.040000	0
5672	1	5568.00	178.00	-150.00	0	0.860000	0.030000	-0.030000	0	0.900000	0.050000	-0.060000	0	-0.1100	0.1500	-0.1700	0					4.520000	0.030000	-0.040000	0
5673	1	5794.00	210.00	-169.00	0	1.000000	0.050000	-0.050000	0	0.980000	0.070000	-0.070000	0	-0.0200	0.1400	-0.1600	0					4.430000	0.040000	-0.040000	0
5674	1	5650.00	193.00	-152.00	0	0.910000	0.040000	-0.040000	0	0.930000	0.060000	-0.060000	0	-0.0700	0.1500	-0.1600	0					4.490000	0.030000	-0.040000	0
5679	1	4916.00	37.00	-37.00	0	0.718000	0.008000	-0.006000	0	0.790000	0.010000	-0.010000	0												
5690	1	4916.00	37.00	-37.00	0	0.718000	0.008000	-0.006000	0	0.790000	0.010000	-0.010000	0												
5692	1	5679.00	60.00	-39.00	0	0.980000	0.025000	-0.025000	0	0.958000	0.048000	-0.048000	0	0.0100	0.1000	-0.1000	0	-0.04915	0.00723	-0.00736	0	4.435000	0.035000	-0.035000	0
5694	1	5561.00	138.00	-138.00	0	1.051000	0.065000	-0.061000	0	0.823000	0.369000	-0.250000	0	-0.0210	0.2350	-0.2350	0					4.313000	0.150000	-0.150000	0
5700	1	5601.00	138.00	-138.00	0	0.940000	0.065000	-0.058000	0	0.825000	0.366000	-0.255000	0	-0.2160	0.2350	-0.2350	0					4.406000	0.150000	-0.150000	0
5703	1	4348.00	128.00	-128.00	0	0.625000	0.041000	-0.046000	0	0.756000	0.231000	-0.347000	0	-0.3510	0.2350	-0.2350	0					4.726000	0.150000	-0.150000	0
5705	1	4663.00	138.00	-138.00	0	0.663000	0.047000	-0.045000	0	0.746000	0.334000	-0.232000	0	-0.2500	0.2350	-0.2350	0					4.667000	0.150000	-0.150000	0
5707	1	4663.00	138.00	-138.00	0	0.663000	0.047000	-0.045000	0	0.746000	0.334000	-0.232000	0	-0.2500	0.2350	-0.2350	0					4.667000	0.150000	-0.150000	0
5710	1	4663.00	138.00	-138.00	0	0.663000	0.047000	-0.045000	0	0.746000	0.334000	-0.232000	0	-0.2500	0.2350	-0.2350	0					4.667000	0.150000	-0.150000	0
5714	1	5682.00	138.00	-138.00	0	0.881000	0.054000	-0.049000	0	0.735000	0.334000	-0.224000	0	-0.2340	0.2350	-0.2350	0					4.418000	0.150000	-0.150000	0
5716	1	5352.00	100.00	-100.00	0	0.809000	0.032000	-0.032000	0	0.840000	0.030000	-0.030000	0	-0.0800	0.0460	-0.0460	0					4.530000	0.083000	-0.083000	0
5724	1	5352.00	100.00	-100.00	0	0.809000	0.032000	-0.032000	0	0.840000	0.030000	-0.030000	0	-0.0800	0.0460	-0.0460	0					4.530000	0.083000	-0.083000	0
5729	1	5352.00	100.00	-100.00	0	0.809000	0.032000	-0.032000	0	0.840000	0.030000	-0.030000	0	-0.0800	0.0460	-0.0460	0					4.530000	0.083000	-0.083000	0
5734	1	5662.00	44.00	-44.00	0	0.945000	0.008000	-0.008000	0	0.962000	0.035000	-0.038000	0	0.0800	0.0500	-0.0500	0					4.480000	0.080000	-0.080000	0
5741	1	4925.00	138.00	-138.00	0	0.736000	0.052000	-0.049000	0	0.958000	0.440000	-0.298000	0	-0.1070	0.2350	-0.2350	0					4.683000	0.150000	-0.150000	0
5747	1	5479.00	27.00	-27.00	0	0.922000	0.018000	-0.018000	0	0.847000	0.101000	-0.088000	0	-0.0640	0.0250	-0.0250	0					4.437000	0.045000	-0.045000	0
5748	1	6138.00	138.00	-138.00	0	1.486000	0.083000	-0.079000	0	1.158000	0.499000	-0.349000	0	0.0490	0.2350	-0.2350	0					4.156000	0.150000	-0.150000	0
5751	1	5789.00	21.00	-21.00	0	0.907000	0.018000	-0.017000	0	0.731000	0.067000	-0.061000	0	-0.2920	0.0200	-0.0200	0					4.386000	0.035000	-0.035000	0
5753	1	5789.00	21.00	-21.00	0	0.907000	0.018000	-0.017000	0	0.731000	0.067000	-0.061000	0	-0.2920	0.0200	-0.0200	0					4.386000	0.035000	-0.035000	0
5757	1	5822.00	138.00	-138.00	0	1.543000	0.104000	-0.095000	0	1.119000	0.492000	-0.344000	0	-0.0910	0.2350	-0.2350	0					4.107000	0.150000	-0.150000	0
5759	1	5937.00	138.00	-138.00	0	1.149000	0.067000	-0.062000	0	0.908000	0.394000	-0.281000	0	-0.1760	0.2350	-0.2350	0					4.275000	0.150000	-0.150000	0
5762	1	4200.00	138.00	-138.00	0	0.691000	0.053000	-0.049000	0	0.821000	0.371000	-0.258000	0	-0.0080	0.2350	-0.2350	0					4.673000	0.150000	-0.150000	0
5765	1	4823.00	138.00	-138.00	0	0.732000	0.058000	-0.052000	0	0.923000	0.425000	-0.291000	0	-0.2060	0.2350	-0.2350	0					4.674000	0.150000	-0.150000	0
5766	1	4603.00	138.00	-138.00	0	0.751000	0.056000	-0.052000	0	0.856000	0.375000	-0.265000	0	-0.0450	0.2350	-0.2350	0					4.615000	0.150000	-0.150000	0
5773	1	5731.00	66.00	-66.00	0	1.060000	0.090000	-0.060000	0	1.030000	0.040000	-0.020000	0	0.2600	0.0500	-0.0500	0	0.03743	0.05600	-0.06430	0	4.380000	0.110000	-0.110000	0
5777	1	5731.00	66.00	-66.00	0	1.060000	0.090000	-0.060000	0	1.030000	0.040000	-0.020000	0	0.2600	0.0500	-0.0500	0	0.03743	0.05600	-0.06430	0	4.380000	0.110000	-0.110000	0
5782	1	5911.00	138.00	-138.00	0	1.320000	0.078000	-0.072000	0	0.993000	0.416000	-0.302000	0	-0.0490	0.2350	-0.2350	0					4.194000	0.150000	-0.150000	0
5783	1	4473.00	138.00	-138.00	0	0.675000	0.052000	-0.047000	0	0.754000	0.337000	-0.239000	0	-0.2440	0.2350	-0.2350	0					4.653000	0.150000	-0.150000	0
5789	1	4473.00	138.00	-138.00	0	0.675000	0.052000	-0.047000	0	0.754000	0.337000	-0.239000	0	-0.2440	0.2350	-0.2350	0					4.653000	0.150000	-0.150000	0
5793	1	4473.00	138.00	-138.00	0	0.675000	0.052000	-0.047000	0	0.754000	0.337000	-0.239000	0	-0.2440	0.2350	-0.2350	0					4.653000	0.150000	-0.150000	0
5796	1	5452.00	138.00	-138.00	0	0.811000	0.053000	-0.047000	0	0.922000	0.401000	-0.284000	0	-0.0270	0.2350	-0.2350	0					4.585000	0.150000	-0.150000	0
5799	1	5129.00	138.00	-138.00	0	0.804000	0.055000	-0.051000	0	1.061000	0.459000	-0.327000	0	0.1870	0.2350	-0.2350	0					4.655000	0.150000	-0.150000	0
5800	1	3623.00	138.00	-138.00	0	0.348000	0.011000	-0.010000	0	0.330000	0.009000	-0.009000	0	0.0680	0.1980	-0.1980	0					4.874000	0.028000	-0.028000	0
5801	1	3623.00	138.00	-138.00	0	0.348000	0.011000	-0.010000	0	0.330000	0.009000	-0.009000	0	0.0680	0.1980	-0.1980	0					4.874000	0.028000	-0.028000	0
5803	1	3623.00	138.00	-138.00	0	0.348000	0.011000	-0.010000	0	0.330000	0.009000	-0.009000	0	0.0680	0.1980	-0.1980	0					4.874000	0.028000	-0.028000	0
5805	1	3623.00	138.00	-138.00	0	0.348000	0.011000	-0.010000	0	0.330000	0.009000	-0.009000	0	0.0680	0.1980	-0.1980	0					4.874000	0.028000	-0.028000	0
5809	1	3623.00	138.00	-138.00	0	0.348000	0.011000	-0.010000	0	0.330000	0.009000	-0.009000	0	0.0680	0.1980	-0.1980	0					4.874000	0.028000	-0.028000	0
5810	1	4844.00	138.00	-138.00	0	0.761000	0.057000	-0.052000	0	0.927000	0.412000	-0.286000	0	-0.2240	0.2350	-0.2350	0					4.640000	0.150000	-0.150000	0
5814	1	5749.00	22.00	-22.00	0	0.970000	0.023000	-0.022000	0	0.911000	0.088000	-0.083000	0	0.0740	0.0200	-0.0200	0					4.424000	0.036000	-0.036000	0
5815	1	3572.00	138.00	-138.00	0	0.585000	0.018000	-0.018000	0	0.570000	0.051000	-0.048000	0	0.1260	0.2350	-0.2350	0					4.660000	0.046000	-0.046000	0
5820	1	5310.00	100.00	-100.00	0	0.910000	0.038000	-0.038000	0	0.930000	0.040000	-0.040000	0	0.2400	0.0450	-0.0450	0					4.420000	0.081000	-0.081000	0
5822	1	5773.00	100.00	-100.00	0	1.094000	0.041000	-0.041000	0	0.990000	0.050000	-0.050000	0	0.0380	0.0600	-0.0600	0					4.310000	0.100000	-0.100000	0
5825	1	5782.00	138.00	-138.00	0	1.084000	0.067000	-0.061000	0	0.802000	0.357000	-0.246000	0	-0.0340	0.2350	-0.2350	0					4.273000	0.150000	-0.150000	0
5827	1	4881.00	20.00	-20.00	0	2.970000	0.770000	-0.770000	0	0.660000	0.560000	-0.560000	0	0.3200			0					3.440000	0.070000	-0.070000	0
5835	1	5558.00	138.00	-138.00	0	0.966000	0.059000	-0.056000	0	0.789000	0.351000	-0.239000	0	-0.1160	0.2350	-0.2350	0					4.368000	0.150000	-0.150000	0
5838	1	5543.00	138.00	-138.00	0	0.566000	0.112000	-0.076000	0	0.757000	0.341000	-0.240000	0	-0.5430	0.2780	-0.2780	0					4.973000	0.150000	-0.150000	0
5841	1	5726.00	138.00	-138.00	0	1.058000	0.070000	-0.065000	0	0.841000	0.370000	-0.258000	0	-0.2380	0.2350	-0.2350	0					4.314000	0.150000	-0.150000	0
5843	1	5678.00	138.00	-138.00	0	1.071000	0.065000	-0.060000	0	0.881000	0.381000	-0.269000	0	0.0760	0.2350	-0.2350	0					4.321000	0.150000	-0.150000	0
5845	1	4938.00	138.00	-138.00	0	0.631000	0.044000	-0.040000	0	0.478000	0.214000	-0.147000	0	-0.3880	0.2350	-0.2350	0					4.515000	0.150000	-0.150000	0
5847	1	5007.00	138.00	-138.00	0	0.783000	0.054000	-0.051000	0	0.952000	0.421000	-0.293000	0	-0.0330	0.2350	-0.2350	0					4.628000	0.150000	-0.150000	0
5849	1	5007.00	138.00	-138.00	0	0.783000	0.054000	-0.051000	0	0.952000	0.421000	-0.293000	0	-0.0330	0.2350	-0.2350	0					4.628000	0.150000	-0.150000	0
5852	1	5236.00	138.00	-138.00	0	0.920000	0.062000	-0.057000	0	0.954000	0.429000	-0.293000	0	0.2370	0.2350	-0.2350	0					4.488000	0.150000	-0.150000	0
5853	1	5236.00	138.00	-138.00	0	0.920000	0.062000	-0.057000	0	0.954000	0.429000	-0.293000	0	0.2370	0.2350	-0.2350	0					4.488000	0.150000	-0.150000	0
5854	1	5387.00	138.00	-138.00	0	0.966000	0.060000	-0.057000	0	0.937000	0.406000	-0.285000	0	0.1100	0.2350	-0.2350	0					4.435000	0.150000	-0.150000	0
5856	1	5946.00	20.00	-20.00	0	1.239000	0.032000	-0.030000	0	0.945000	0.090000	-0.083000	0	-0.2570	0.0190	-0.0190	0					4.227000	0.034000	-0.034000	0
5859	1	5946.00	20.00	-20.00	0	1.239000	0.032000	-0.030000	0	0.945000	0.090000	-0.083000	0	-0.2570	0.0190	-0.0190	0					4.227000	0.034000	-0.034000	0
5864	1	4014.73	173.12	-154.57	0	0.569359	0.049000	-0.047474	0	0.635026	0.063503	-0.063503	0												
5867	1	3578.00	138.00	-138.00	0	0.382000	0.012000	-0.012000	0	0.374000	0.009000	-0.009000	0	-0.0510	0.2350	-0.2350	0					4.847000	0.028000	-0.028000	0
5869	1	4213.00	138.00	-138.00	0	0.675000	0.051000	-0.046000	0	0.870000	0.395000	-0.269000	0	-0.0980	0.2350	-0.2350	0					4.719000	0.150000	-0.150000	0
5870	1	5716.00	138.00	-138.00	0	1.280000	0.089000	-0.082000	0	0.944000	0.419000	-0.290000	0	-0.3780	0.2350	-0.2350	0					4.197000	0.150000	-0.150000	0
5872	1	5511.00	138.00	-138.00	0	0.886000	0.056000	-0.052000	0	0.784000	0.340000	-0.241000	0	-0.1620	0.2350	-0.2350	0					4.439000	0.150000	-0.150000	0
5875	1	3748.00	138.00	-138.00	0	0.552000	0.016000	-0.016000	0	0.552000	0.015000	-0.015000	0	0.0050	0.2350	-0.2350	0					4.695000	0.027000	-0.027000	0
5880	1	4927.00	138.00	-138.00	0	0.765000	0.054000	-0.050000	0	1.034000	0.459000	-0.314000	0	0.1320	0.2350	-0.2350	0					4.685000	0.150000	-0.150000	0
5882	1	5784.00	138.00	-138.00	0	0.961000	0.058000	-0.054000	0	0.798000	0.339000	-0.245000	0	-0.0380	0.2350	-0.2350	0					4.374000	0.150000	-0.150000	0
5884	1	5563.00	138.00	-138.00	0	0.927000	0.058000	-0.052000	0	0.881000	0.390000	-0.267000	0	0.0140	0.2350	-0.2350	0					4.450000	0.150000	-0.150000	0
5885	1	5563.00	138.00	-138.00	0	0.927000	0.058000	-0.052000	0	0.881000	0.390000	-0.267000	0	0.0140	0.2350	-0.2350	0					4.450000	0.150000	-0.150000	0
5887	1	5335.00	138.00	-138.00	0	0.784000	0.051000	-0.047000	0	0.813000	0.368000	-0.249000	0	-0.1710	0.2350	-0.2350	0					4.559000	0.150000	-0.150000	0
5890	1	5742.00	138.00	-138.00	0	1.228000	0.077000	-0.072000	0	0.886000	0.374000	-0.271000	0	-0.0360	0.2350	-0.2350	0					4.204000	0.150000	-0.150000	0
5891	1	5711.00	105.00	-105.00	0	1.375000	0.068000	-0.068000	0	1.018000	0.131000	-0.131000	0	0.1415	0.0152	-0.0152	0					4.169300	0.074000	-0.074000	0
5892	1	5590.00	138.00	-138.00	0	0.977000	0.066000	-0.063000	0	0.893000	0.406000	-0.275000	0	0.0140	0.2350	-0.2350	0					4.412000	0.150000	-0.150000	0
5893	1	4116.00	138.00	-138.00	0	0.700000	0.055000	-0.048000	0	0.808000	0.364000	-0.256000	0	-0.2050	0.2350	-0.2350	0					4.656000	0.150000	-0.150000	0
5894	1	4116.00	138.00	-138.00	0	0.700000	0.055000	-0.048000	0	0.808000	0.364000	-0.256000	0	-0.2050	0.2350	-0.2350	0					4.656000	0.150000	-0.150000	0
5895	1	4343.00	138.00	-138.00	0	0.732000	0.055000	-0.052000	0	0.814000	0.363000	-0.251000	0	-0.1020	0.2350	-0.2350	0					4.621000	0.150000	-0.150000	0
5896	1	4343.00	138.00	-138.00	0	0.732000	0.055000	-0.052000	0	0.814000	0.363000	-0.251000	0	-0.1020	0.2350	-0.2350	0					4.621000	0.150000	-0.150000	0
5898	1	3173.00	53.00	-53.00	0	0.196500	0.005800	-0.005800	0	0.163500	0.004100	-0.004100	0	-0.1300	0.1800	-0.1800	0	-2.45469	0.03902	-0.03880	0	5.066000	0.027000	-0.027000	0
5899	1	3746.00	72.00	-72.00	0	0.554000	0.017000	-0.017000	0	0.548000	0.012000	-0.012000	0					-1.27003	0.01039	-0.01064	0	4.691000	0.038000	-0.038000	0
5900	1	3861.00	77.00	-77.00	0	0.577600	0.004000	-0.004000	0	0.569000	0.012000	-0.012000	0					-1.20204	0.00686	-0.00697	0	4.670000	0.014000	-0.014000	0
5905	1	3711.00	88.00	-88.00	0	0.541000	0.017000	-0.017000	0	0.562000	0.024000	-0.024000	0	-0.1100	0.1200	-0.1200	0	-1.27654	0.01927	-0.02016	0	4.740000	0.050000	-0.050000	0
5907	1	4613.00	71.00	-71.00	0	0.643000	0.039000	-0.039000	0	0.702000	0.046000	-0.046000	0									4.659000	0.050000	-0.050000	0
5914	1	3840.60	98.80	-49.50	0	0.542000	0.049000	-0.022000	0	0.571000	0.111000	-0.055000	0												
5917	1	3840.60	98.80	-49.50	0	0.542000	0.049000	-0.022000	0	0.571000	0.111000	-0.055000	0												
5923	1	5912.00	51.00	-51.00	0	1.580000	0.150000	-0.150000	0	1.150000	0.060000	-0.060000	0	0.0000			0					4.101000	0.063000	-0.063000	0
5926	1	4103.00	90.00	-90.00	0	0.445000	0.066000	-0.066000	0	0.503000	0.078000	-0.078000	0									4.824000	0.070000	-0.070000	0
5930	1	6256.00	37.00	-37.00	0	1.290000	0.120000	-0.120000	0	0.960000	0.020000	-0.020000	0									4.198000	0.073000	-0.073000	0
5934	1	5054.00	82.00	-82.00	0	0.760000	0.030000	-0.030000	0	0.750000	0.020000	-0.020000	0									4.544000	0.036000	-0.036000	0
5938	1	4899.00	78.00	-78.00	0	0.730000	0.020000	-0.020000	0	0.770000	0.020000	-0.020000	0									4.603000	0.025000	-0.025000	0
5942	1	4175.00	97.00	-97.00	0	0.450000	0.120000	-0.120000	0	0.510000	0.140000	-0.140000	0									4.810000	0.110000	-0.110000	0
5946	1	3930.00	375.00	-375.00	0	0.570000	0.120000	-0.120000	0	0.610000	0.130000	-0.130000	0	-0.3300	0.1900	-0.1900	0					4.710000	0.210000	-0.210000	0
5948	1	3930.00	375.00	-375.00	0	0.570000	0.120000	-0.120000	0	0.610000	0.130000	-0.130000	0	-0.3300	0.1900	-0.1900	0					4.710000	0.210000	-0.210000	0
5952	1	4326.00	128.00	-128.00	0	0.546000	0.050000	-0.050000	0	0.611000	0.056000	-0.056000	0									4.742000	0.050000	-0.050000	0
5956	1	7147.00	483.00	-506.00	0	2.192000	0.280000	-0.232000	0	1.691000	0.157000	-0.143000	0	0.0550	0.1540	-0.1390	0					3.979000	0.087000	-0.085000	0
5959	1	5263.00	88.00	-86.00	0	0.807000	0.016000	-0.015000	0	0.851000	0.032000	-0.038000	0	-0.0370	0.0520	-0.0530	0					4.555000	0.022000	-0.028000	0
5964	1	3990.00	300.00	-300.00	0	0.643000	0.031000	-0.031000	0	0.615000	0.031000	-0.031000	0	-0.0200	0.9500	-0.9900	0	-1.02228	0.13287	-0.13887	0	4.610000	0.047000	-0.047000	0
5966	1	4300.00	107.00	-100.00	0	0.715000	0.043000	-0.040000	0	0.688000	0.069000	-0.069000	0	0.3760	0.0950	-0.0950	0					4.566000	0.036000	-0.036000	0
5975	1	4413.00	76.00	-76.00	0	0.671000	0.023000	-0.022000	0	0.699000	0.034000	-0.031000	0	0.0800	0.2000	-0.1400	0	-0.81220	0.01469	-0.01462	0	4.629000	0.028000	-0.028000	0
5981	1	5413.00	255.00	-255.00	0	0.860000	0.100000	-0.100000	0	0.890000	0.080000	-0.080000	0									4.522000	0.074000	-0.074000	0
5986	1	5413.00	255.00	-255.00	0	0.860000	0.100000	-0.100000	0	0.890000	0.080000	-0.080000	0									4.522000	0.074000	-0.074000	0
5989	1	5413.00	255.00	-255.00	0	0.860000	0.100000	-0.100000	0	0.890000	0.080000	-0.080000	0									4.522000	0.074000	-0.074000	0
5994	1	5055.00	93.00	-93.00	0	0.731000	0.072000	-0.072000	0	0.774000	0.073000	-0.073000	0									4.592000	0.050000	-0.050000	0
5995	1	5055.00	93.00	-93.00	0	0.731000	0.072000	-0.072000	0	0.774000	0.073000	-0.073000	0									4.592000	0.050000	-0.050000	0
6002	1	5850.00	79.00	-98.00	0	0.960000	0.140000	-0.090000	0	0.970000	0.070000	-0.070000	0	-0.1400	0.1700	-0.2000	0								
6009	1	5500.00	100.00	-100.00	0	1.120000	0.050000	-0.050000	0	0.970000	0.070000	-0.070000	0	0.0100	0.1100	-0.1100	0					4.070000	0.110000	-0.110000	0
6015	1	5748.00	100.00	-100.00	0	0.995000	0.042000	-0.042000	0	0.970000	0.040000	-0.040000	0	0.0300	0.0480	-0.0480	0					4.380000	0.085000	-0.085000	0
6017	1	4455.00	70.00	-70.00	0	0.696000	0.023000	-0.023000	0	0.670000	0.030000	-0.030000	0	-0.1000	0.1200	-0.1200	0					4.570000	0.200000	-0.200000	0
6022	1	4455.00	70.00	-70.00	0	0.696000	0.023000	-0.023000	0	0.670000	0.030000	-0.030000	0	-0.1000	0.1200	-0.1200	0					4.570000	0.200000	-0.200000	0
6028	1	6771.00	303.00	-303.00	0	1.630000	0.480000	-0.480000	0	1.400000	0.250000	-0.250000	0									4.150000	0.190000	-0.190000	0
6030	1	6771.00	303.00	-303.00	0	1.630000	0.480000	-0.480000	0	1.400000	0.250000	-0.250000	0									4.150000	0.190000	-0.190000	0
6036	1	5312.00	82.00	-82.00	0	0.726000	0.080000	-0.080000	0	0.741000	0.069000	-0.069000	0									4.576000	0.050000	-0.050000	0
6041	1	5213.00	336.00	-336.00	0	0.840000	0.120000	-0.120000	0	0.870000	0.100000	-0.100000	0									4.533000	0.080000	-0.080000	0
6042	1	5887.00	46.00	-46.00	0	1.670000	0.120000	-0.120000	0	1.110000	0.040000	-0.040000	0	-0.0470	0.0200	-0.0200	0					4.030000	0.050000	-0.050000	0
6046	1	4746.00	96.00	-96.00	0	0.675000	0.086000	-0.086000	0	0.730000	0.096000	-0.096000	0									4.632000	0.060000	-0.060000	0
6051	1	4127.00	190.00	-190.00	0	0.491000	0.065000	-0.065000	0	0.551000	0.071000	-0.071000	0									4.786000	0.060000	-0.060000	0
6056	1	5700.00	140.00	-140.00	0	1.533000	0.082000	-0.074000	0	1.056000	0.098000	-0.068000	0	0.0490	0.1200	-0.0810	0	0.35025	0.02266	-0.02187	0	4.092000	0.065000	-0.062000	0
6059	1	5622.00	268.00	-268.00	0	0.930000	0.140000	-0.140000	0	0.940000	0.100000	-0.100000	0									4.478000	0.096000	-0.096000	0
6063	1	4006.00	133.00	-133.00	0	0.426000	0.049000	-0.049000	0	0.477000	0.063000	-0.063000	0									4.852000	0.062000	-0.062000	0
6064	1	3360.47	87.24	-86.34	0	0.330989	0.030366	-0.029936	0	0.271365	0.079196	-0.090624	0												
6068	1	3360.47	87.24	-86.34	0	0.330989	0.030366	-0.029936	0	0.271365	0.079196	-0.090624	0												
6070	1	3360.47	87.24	-86.34	0	0.330989	0.030366	-0.029936	0	0.271365	0.079196	-0.090624	0												
6072	1	3360.47	87.24	-86.34	0	0.330989	0.030366	-0.029936	0	0.271365	0.079196	-0.090624	0												
6073	1	5867.00	100.00	-100.00	0	1.058000	0.039000	-0.039000	0	1.020000	0.040000	-0.040000	0	0.0400	0.0440	-0.0440	0					4.390000	0.081000	-0.081000	0
6080	1	5867.00	100.00	-100.00	0	1.058000	0.039000	-0.039000	0	1.020000	0.040000	-0.040000	0	0.0400	0.0440	-0.0440	0					4.390000	0.081000	-0.081000	0
6083	1	6060.00	86.00	-86.00	0	0.980000	0.060000	-0.060000	0	0.960000	0.030000	-0.030000	0									4.444000	0.058000	-0.058000	0
6086	1	5995.00	94.00	-94.00	0	1.560000	0.150000	-0.150000	0	1.160000	0.060000	-0.060000	0									4.118000	0.069000	-0.069000	0
6092	1	5995.00	94.00	-94.00	0	1.560000	0.150000	-0.150000	0	1.160000	0.060000	-0.060000	0									4.118000	0.069000	-0.069000	0
6097	1	5160.00	130.00	-130.00	0	0.792000	0.027000	-0.025000	0	0.847000	0.039000	-0.038000	0	0.1300	0.0780	-0.0760	0	-0.39686	0.04129	-0.04204	0	4.569000	0.030000	-0.033000	0
6100	1	5897.00	118.00	-118.00	0	1.269000	0.051000	-0.051000	0	1.060000	0.050000	-0.050000	0	0.0350	0.0600	-0.0600	0	0.24551	0.01456	-0.01763	0	4.260000	0.010000	-0.010000	0
6110	1	4870.00	60.00	-60.00	0	0.740000	0.040000	-0.040000	0	0.780000	0.040000	-0.040000	0	-0.0200	0.0400	-0.0400	0					4.520000	0.100000	-0.100000	0
6116	1	4870.00	60.00	-60.00	0	0.740000	0.040000	-0.040000	0	0.780000	0.040000	-0.040000	0	-0.0200	0.0400	-0.0400	0					4.520000	0.100000	-0.100000	0
6120	1	5441.00	249.00	-249.00	0	0.870000	0.100000	-0.100000	0	0.900000	0.080000	-0.080000	0									4.519000	0.072000	-0.072000	0
6125	1	5441.00	249.00	-249.00	0	0.870000	0.100000	-0.100000	0	0.900000	0.080000	-0.080000	0									4.519000	0.072000	-0.072000	0
6126	1	5377.00	50.00	-50.00	0	0.841458	0.030552	-0.021737	0	0.913111	0.020845	-0.024425	0	0.0700	0.0800	-0.0800	0					4.650000	0.100000	-0.100000	0
6130	1	4674.13	140.71	-131.16	0	0.634663	0.035004	-0.031876	0	0.745273	0.074527	-0.074527	0												
6133	1	3910.00	49.00	-49.00	0	0.424000	0.016000	-0.016000	0	0.484000	0.020000	-0.020000	0									4.863000	0.050000	-0.050000	0
6138	1	3910.00	49.00	-49.00	0	0.424000	0.016000	-0.016000	0	0.484000	0.020000	-0.020000	0									4.863000	0.050000	-0.050000	0
6139	1	5652.00	154.00	-154.00	0	0.930000	0.120000	-0.120000	0	0.950000	0.070000	-0.070000	0									4.481000	0.089000	-0.089000	0
6141	1	5652.00	154.00	-154.00	0	0.930000	0.120000	-0.120000	0	0.950000	0.070000	-0.070000	0									4.481000	0.089000	-0.089000	0
6147	1	4232.00	70.00	-70.00	0	0.710000	0.100000	-0.100000	0	0.700000	0.020000	-0.020000	0	0.1400	0.0900	-0.0900	0					4.440000	0.100000	-0.100000	0
6153	1	5482.00	248.00	-248.00	0	0.760000	0.090000	-0.090000	0	0.790000	0.080000	-0.080000	0									4.579000	0.070000	-0.070000	0
6157	1	5747.00	58.00	-49.00	0	1.401000	0.083000	-0.062000	0	1.164000	0.042000	-0.044000	0	0.3280	0.0510	-0.0450	0					4.208000	0.032000	-0.035000	0
6160	1	3537.00	93.00	-93.00	0	0.256000	0.049000	-0.049000	0	0.258000	0.066000	-0.066000	0									5.022000	0.067000	-0.067000	0
6161	1	3691.00	51.00	-51.00	0	0.318000	0.033000	-0.033000	0	0.347000	0.036000	-0.036000	0									4.965000	0.050000	-0.050000	0
6165	1	3390.00	150.00	-150.00	0	0.310000	0.110000	-0.110000	0	0.300000	0.140000	-0.140000	0	-0.2500	0.2000	-0.2000	0	-1.92082	0.26324	-0.77815	0				
6171	1	4484.00	58.00	-50.00	0	0.619000	0.009000	-0.010000	0	0.629000	0.022000	-0.018000	0	-0.2250	0.0530	-0.0530	0					4.653000	0.017000	-0.014000	0
6176	1	4421.98	93.48	-91.15	0	0.634754	0.029302	-0.028633	0	0.704613	0.070461	-0.070461	0												
6179	1	3622.00	104.00	-104.00	0	0.284000	0.041000	-0.041000	0	0.292000	0.058000	-0.058000	0									5.000000	0.052000	-0.052000	0
6185	1	3566.00	34.00	-37.00	0	0.400000	0.010000	-0.010000	0	0.410000	0.010000	-0.010000	0	0.1000	0.0600	-0.0600	0					4.850000	0.010000	-0.010000	0
6189	1	4673.00	95.00	-93.00	0	4.140000	0.280000	-0.260000	0	1.170000	0.190000	-0.130000	0	0.3280	0.0790	-0.0810	0	0.86688	0.04641	-0.04471	0	3.276000	0.085000	-0.077000	0
6203	1	6260.00	170.00	-160.00	0	1.518000	0.082000	-0.076000	0	1.246000	0.078000	-0.110000	0	-0.0440	0.0640	-0.0700	0	0.50379	0.03024	-0.02957	0	4.169000	0.060000	-0.063000	0
6216	1	6069.00	92.00	-92.00	0	2.550000	0.020000	-0.020000	0	1.440000	0.030000	-0.030000	0	0.2000	0.0700	-0.0700	0	0.89927	0.02449	-0.02595	0	3.783000	0.004000	-0.004000	0
6217	1	6069.00	92.00	-92.00	0	2.550000	0.020000	-0.020000	0	1.440000	0.030000	-0.030000	0	0.2000	0.0700	-0.0700	0	0.89927	0.02449	-0.02595	0	3.783000	0.004000	-0.004000	0
6218	1	6516.00	49.00	-49.00	0	1.471000	0.045000	-0.035000	0	1.335000	0.063000	-0.063000	0	0.0520	0.0790	-0.0790	0	0.54500	0.03000	-0.02700	0	4.228000	0.014000	-0.021000	0
6227	1	5948.00	74.00	-74.00	0	1.209000	0.047000	-0.035000	0	1.112000	0.055000	-0.061000	0	0.0900	0.1100	-0.1000	0	0.21748	0.04259	-0.03851	0	4.319000	0.020000	-0.030000	0
6233	1	5375.00	25.00	-25.00	0	2.690000	0.040000	-0.040000	0	1.440000	0.070000	-0.070000	0	0.1700	0.0700	-0.0700	0					3.700000	0.100000	-0.100000	0
6242	1	6279.00	51.00	-51.00	0	2.370000	0.170000	-0.170000	0	1.591000	0.070000	-0.093000	0	0.1900	0.0840	-0.0850	0	0.89209	0.06215	-0.06602	0	3.889000	0.051000	-0.050000	0
6246	1	5720.00	130.00	-130.00	0	1.520000	0.030000	-0.030000	0	1.239000	0.039000	-0.039000	0	0.3200	0.0900	-0.0900	0					4.166000	0.016000	-0.016000	0
6254	1	6003.00	54.00	-54.00	0	1.780000	0.210000	-0.210000	0	2.060000	0.750000	-0.750000	0	0.0500			0					4.170000	0.030000	-0.030000	0
6261	1	6236.00	54.00	-54.00	0	1.360000	0.064000	-0.053000	0	1.211000	0.043000	-0.046000	0	-0.0020	0.0860	-0.0850	0	0.40140	0.04420	-0.03967	0	4.253000	0.031000	-0.036000	0
6265	1	7454.00	49.00	-49.00	0	1.645000	0.060000	-0.055000	0	1.635000	0.066000	-0.061000	0	-0.0180	0.0740	-0.0720	0	0.87564	0.03445	-0.03303	0	4.220000	0.022000	-0.024000	0
6271	1	6670.00	120.00	-120.00	0	1.908000	0.042000	-0.035000	0	1.524000	0.069000	-0.068000	0	0.0900	0.1300	-0.1300	0	0.81291	0.04139	-0.04059	0	4.059900	0.009600	-0.014000	0
6275	1	7500.00	110.00	-110.00	0	1.830000	0.099000	-0.099000	0	1.620000	0.250000	-0.200000	0	-0.1200	0.5100	-0.5100	0	0.97772	0.05166	-0.05344	0	4.127000	0.029000	-0.029000	0
6278	1	6327.00	80.00	-80.00	0	1.930000	0.100000	-0.100000	0	1.540000	0.280000	-0.280000	0	0.0000			0					4.500000			0
6287	1	8720.00	250.00	-260.00	0	1.565000	0.057000	-0.064000	0	1.760000	0.140000	-0.190000	0	-0.2900	0.2200	-0.3600	0	1.10380	0.06938	-0.07038	0	4.290000	0.017000	-0.020000	0
6292	1	7598.00	81.00	-84.00	0	1.638000	0.034000	-0.034000	0	1.458000	0.029000	-0.028000	0	-0.4050	0.0320	-0.0330	0	0.90472	0.02827	-0.02965	0	4.173000	0.015000	-0.014000	0
6293	1	5899.00	49.00	-49.00	0	0.996000	0.015000	-0.015000	0	0.944000	0.060000	-0.054000	0	-0.1050	0.0780	-0.0770	0	0.03383	0.02002	-0.01973	0	4.417000	0.026000	-0.025000	0
6306	1	6426.00	93.00	-91.00	0	1.338000	0.032000	-0.030000	0	1.268000	0.063000	-0.063000	0	0.1380	0.0860	-0.0820	0	0.43933	0.03634	-0.03450	0	4.287000	0.014000	-0.014000	0
6311	1	6304.00	49.00	-49.00	0	1.700000	0.120000	-0.120000	0	1.960000	0.500000	-0.500000	0	0.0500			0					4.200000	0.030000	-0.030000	0
6318	1	6206.00	75.00	-75.00	0	1.603000	0.039000	-0.038000	0	1.201000	0.067000	-0.061000	0	-0.1160	0.0650	-0.0690	0	0.53529	0.03408	-0.03561	0	4.108000	0.014000	-0.014000	0
6326	1	6102.00	43.00	-43.00	0	1.730000	0.120000	-0.120000	0	1.420000	0.460000	-0.460000	0	-0.2800			0					4.070000	0.060000	-0.060000	0
6330	1	6272.00	61.00	-61.00	0	1.529000	0.143000	-0.137000	0	1.126000	0.058000	-0.058000	0	-0.2700	0.0600	-0.0600	0					4.120000	0.070000	-0.070000	0
6339	1	6768.00	7.00	-7.00	0	1.810000	0.070000	-0.070000	0	1.760000	0.250000	-0.250000	0	0.0000			0					4.500000			0
6345	1	5754.00	54.00	-54.00	0	1.460000	0.080000	-0.080000	0	0.810000	0.210000	-0.210000	0	0.2700			0					4.080000	0.050000	-0.050000	0
6350	1	10170.00	450.00	-450.00	0	2.362000	0.075000	-0.063000	0	2.520000	0.250000	-0.200000	0	-0.0300	0.2000	-0.2000	0	1.72428	0.09527	-0.10103	0	4.093000	0.014000	-0.014000	0
6355	1	27500.00	200.00	-500.00	0																	5.350000	0.050000	-0.050000	0
6356	1	27500.00	200.00	-500.00	0																	5.350000	0.050000	-0.050000	0
6357	1	27500.00	200.00	-500.00	0																	5.350000	0.050000	-0.050000	0
6358	1	6118.40	127.20	-121.20	0	1.574000	0.525000	-0.370000	0	1.220000	0.175000	-0.139000	0	0.0100	0.1530	-0.1740	0					4.092000	0.183000	-0.195000	0
6359	1	6091.00	164.00	-213.00	0	1.010000	0.100000	-0.100000	0	1.010000	0.120000	-0.120000	0	-0.0400	0.2200	-0.3000	0					4.420000	0.060000	-0.300000	0
6360	1	4829.00	102.00	-102.00	0	5.860000	0.240000	-0.220000	0	1.420000	0.041000	-0.041000	0	0.1200	0.1000	-0.1100	0	1.21484	0.03558	-0.03875	0	3.090000	0.320000	-0.330000	0
6361	1	6175.00	168.00	-194.00	0	1.010000	0.110000	-0.110000	0	0.980000	0.110000	-0.110000	0	-0.4200	0.2800	-0.3000	0					4.440000	0.070000	-0.270000	0
6365	1	6340.00	176.00	-199.00	0	1.240000	0.290000	-0.290000	0	1.070000	0.170000	-0.170000	0	-0.3800	0.2800	-0.3000	0					4.160000	0.220000	-0.250000	0
6370	1	5459.10	90.00	-85.20	0	0.894000	0.017000	-0.016000	0	0.966000	0.030000	-0.040000	0	0.1610	0.1160	-0.1150	0					4.520000	0.015000	-0.024000	0
6371	1	7067.00	192.00	-192.00	0					1.630000	0.150000	-0.120000	0	-0.0200	0.1500	-0.1500	0	0.99564	0.17168	-0.17609	0	4.000000	0.140000	-0.140000	0
6372	1	5975.30	110.20	-109.40	0	2.233000	0.054000	-0.056000	0	1.456000	0.069000	-0.150000	0	0.2520	0.1280	-0.1700	0					3.896000	0.032000	-0.050000	0
6373	1	6474.00	178.00	-267.00	0	1.260000	0.560000	-0.560000	0	1.040000	0.200000	-0.200000	0	-0.1600	0.2300	-0.3200	0					4.310000	0.100000	-0.330000	0
6374	1	6474.00	178.00	-267.00	0	1.260000	0.560000	-0.560000	0	1.040000	0.200000	-0.200000	0	-0.1600	0.2300	-0.3200	0					4.310000	0.100000	-0.330000	0
6375	1	6065.00	155.00	-180.00	0	1.030000	0.120000	-0.120000	0	0.980000	0.130000	-0.130000	0	-0.2800	0.2800	-0.3000	0					4.420000	0.080000	-0.260000	0
6385	1									0.480000	0.380000	-0.260000	0												
6388	1									0.410000	0.250000	-0.210000	0												
6393	1									0.087000	0.092000	-0.049000	0												
6395	1									0.540000	0.300000	-0.300000	0												
6398	1									0.450000	0.330000	-0.280000	0												
6399	1									0.039000	0.043000	-0.018000	0												
6404	1									0.490000	0.380000	-0.250000	0												
6407	1									0.073000	0.117000	-0.040000	0												
6411	1									0.730000	0.280000	-0.280000	0												
6412	1									0.500000	0.400000	-0.270000	0												
6414	1									0.640000	0.290000	-0.300000	0												
6415	1									0.064000	0.099000	-0.033000	0												
6417	1									0.760000	0.340000	-0.270000	0												
6418	1									0.340000	0.220000	-0.170000	0												
6421	1									0.630000	0.370000	-0.350000	0												
6422	1									0.190000	0.230000	-0.090000	0												
6423	1									0.320000	0.310000	-0.170000	0												
6427	1									0.370000	0.360000	-0.200000	0												
6428	1									0.570000	0.370000	-0.290000	0												
6430	1									0.330000	0.360000	-0.200000	0												
6431	1									0.410000	0.230000	-0.190000	0												
6433	1									0.360000	0.340000	-0.200000	0												
6434	1									0.400000	0.320000	-0.210000	0												
6435	1									0.460000	0.370000	-0.270000	0												
6436	1									1.140000	0.100000	-0.120000	0												
6438	1									0.510000	0.430000	-0.310000	0												
6439	1									0.100000	0.140000	-0.050000	0												
6442	1									0.290000	0.280000	-0.140000	0												
6444	1									0.087000	0.132000	-0.047000	0												
6446	1									0.290000	0.380000	-0.180000	0												
6447	1									0.219000	0.297000	-0.120000	0												
6450	1									1.090000	0.220000	-0.170000	0												
6453	1									0.193000	0.268000	-0.107000	0												
6455	1									0.650000	0.410000	-0.370000	0												
6458	1									0.470000	0.330000	-0.240000	0												
6465	1									0.094000	0.036000	-0.024000	0												
6470	1									0.690000	0.400000	-0.380000	0												
6472	1									0.660000	0.420000	-0.360000	0												
6476	1									0.700000	0.340000	-0.310000	0												
6479	1									0.210000	0.090000	-0.070000	0												
6480	1									0.700000	0.370000	-0.370000	0												
6483	1									0.320000	0.350000	-0.190000	0												
6485	1									0.090000	0.140000	-0.050000	0												
6487	1									0.740000	0.430000	-0.380000	0												
6491	1									0.280000	0.280000	-0.140000	0												
6492	1									0.760000	0.420000	-0.390000	0												
6493	1									0.280000	0.320000	-0.170000	0												
6494	1									0.300000	0.340000	-0.180000	0												
6496	1									0.390000	0.210000	-0.210000	0												
6504	1									0.480000	0.400000	-0.280000	0												
6508	1									0.250000	0.160000	-0.130000	0												
6509	1									0.790000	0.330000	-0.360000	0												
6511	1									0.610000	0.270000	-0.280000	0												
6512	1									0.740000	0.250000	-0.250000	0												
6517	1									0.310000	0.370000	-0.170000	0												
6523	1									0.340000	0.230000	-0.230000	0												
6524	1									0.470000	0.410000	-0.280000	0												
6525	1									0.810000	0.490000	-0.360000	0												
6527	1									0.490000	0.060000	-0.030000	0												
6533	1									0.490000	0.060000	-0.030000	0												
6539	1									0.560000	0.320000	-0.240000	0												
6551	1	5200.00			0					0.780000	0.290000	-0.260000	0												
6555	1									0.270000	0.120000	-0.090000	0												
6560	1									0.560000	0.320000	-0.300000	0												
6566	1									0.320000	0.390000	-0.210000	0												
6567	1									0.620000	0.250000	-0.260000	0												
6570	1									0.220000	0.120000	-0.070000	0												
6572	1									0.600000	0.370000	-0.290000	0												
6575	1									0.360000	0.320000	-0.200000	0												
6576	1									0.750000	0.260000	-0.270000	0												
6578	1									0.380000	0.300000	-0.200000	0												
6580	1									0.800000	0.310000	-0.280000	0												
6582	1									0.140000	0.190000	-0.070000	0												
6583	1									0.140000	0.190000	-0.070000	0												
6586	1									0.630000	0.330000	-0.330000	0												
6593	1									0.730000	0.320000	-0.300000	0												
6594	1									0.240000	0.260000	-0.130000	0												
6599	1									0.570000	0.320000	-0.290000	0												
6600	1									0.420000	0.250000	-0.250000	0												
6606	1									0.370000	0.190000	-0.190000	0												
6608	1									0.720000	0.320000	-0.380000	0												
6611	1									0.080000	0.130000	-0.040000	0												
6615	1	4570.00			0					0.580000	0.330000	-0.270000	0												
6619	1									0.130000	0.180000	-0.070000	0												
6621	1									0.480000	0.330000	-0.260000	0												
6623	1									0.370000	0.400000	-0.230000	0												
6627	1									0.140000	0.200000	-0.070000	0												
6629	1									0.200000	0.100000	-0.050000	0												
6631	1									0.200000	0.270000	-0.110000	0												
6633	1									0.368000	0.294000	-0.197000	0												
6635	1									0.630000	0.320000	-0.280000	0												
6636	1									0.530000	0.310000	-0.260000	0												
6638	1									0.180000	0.280000	-0.100000	0												
6639	1									0.540000	0.310000	-0.280000	0												
6640	1									0.580000	0.320000	-0.300000	0												
6642	1									0.790000	0.240000	-0.400000	0												
6648	1									0.790000	0.240000	-0.400000	0												
6649	1									0.670000	0.350000	-0.350000	0												
6652	1									0.200000	0.290000	-0.110000	0												
6654	1									0.710000	0.450000	-0.390000	0												
6658	1									0.630000	0.320000	-0.320000	0												
6659	1									0.440000	0.360000	-0.270000	0												
6661	1									0.470000	0.350000	-0.260000	0												
6670	1									0.720000	0.260000	-0.190000	0												
6671	1									0.610000	0.340000	-0.340000	0												
6674	1									0.220000	0.260000	-0.130000	0												
6675	1									0.480000	0.350000	-0.250000	0												
6677	1									0.570000	0.330000	-0.290000	0												
6679	1									0.170000	0.190000	-0.090000	0												
6683	1									0.170000	0.240000	-0.090000	0												
6685	1									0.110000	0.160000	-0.060000	0												
6686	1									0.510000	0.080000	-0.130000	0												
6690	1									0.720000	0.430000	-0.370000	0												
6691	1									0.730000	0.350000	-0.350000	0												
6693	1									0.103000	0.141000	-0.054000	0												
6695	1									0.680000	0.380000	-0.380000	0												
6696	1									0.090000	0.133000	-0.046000	0												
6697	1									0.090000	0.133000	-0.046000	0												
6698	1									0.055000	0.111000	-0.029000	0												
6700	1									0.069000	0.080000	-0.036000	0												
6701	1									0.770000	0.460000	-0.340000	0												
6705	1									0.320000	0.350000	-0.190000	0												
6707	1									0.670000	0.330000	-0.340000	0												
6709	1									0.120000	0.170000	-0.060000	0												
6710	1									0.510000	0.280000	-0.300000	0												
6712	1									0.480000	0.270000	-0.330000	0												
6713	1									0.069000	0.120000	-0.038000	0												
6715	1									0.610000	0.320000	-0.320000	0												
6716	1									0.220000	0.310000	-0.130000	0												
6717	1									0.260000	0.250000	-0.140000	0												
6720	1	4135.00	36.00	-36.00	0	0.619000	0.011000	-0.011000	0	0.629000	0.017000	-0.017000	0	-0.0100	0.0900	-0.0900	0	-0.99576	0.00052	-0.00052	0	5.070000	0.270000	-0.270000	0
6721	1	4135.00	36.00	-36.00	0	0.619000	0.011000	-0.011000	0	0.629000	0.017000	-0.017000	0	-0.0100	0.0900	-0.0900	0	-0.99576	0.00052	-0.00052	0	5.070000	0.270000	-0.270000	0
6734	1					1.400000	0.070000	-0.060000	0	1.500000	0.100000	-0.100000	0												
6746	1	5520.00	80.00	-80.00	0	1.130000	0.140000	-0.140000	0	0.990000	0.050000	-0.050000	0	0.2700	0.0900	-0.0900	0					4.320000	0.100000	-0.100000	0
6753	1	7650.00	250.00	-250.00	0	1.740000	0.040000	-0.040000	0	1.720000	0.100000	-0.100000	0	0.2000	0.2000	-0.2000	0					4.200000	0.500000	-0.500000	0
6771	1	6160.00	130.00	-130.00	0	1.667000	0.024000	-0.024000	0	1.407000	0.043000	-0.043000	0	0.4270	0.0690	-0.0690	0	0.62325	0.10103	-0.14613	0	4.110000	0.130000	-0.130000	0
6775	1	6160.00	130.00	-130.00	0	1.667000	0.024000	-0.024000	0	1.407000	0.043000	-0.043000	0	0.4270	0.0690	-0.0690	0	0.62325	0.10103	-0.14613	0	4.110000	0.130000	-0.130000	0
6782	1	5466.00	60.00	-60.00	0	0.897000	0.016000	-0.016000	0	0.990000	0.023000	-0.023000	0	0.2700	0.0600	-0.0600	0								
6786	1	5466.00	60.00	-60.00	0	0.897000	0.016000	-0.016000	0	0.990000	0.023000	-0.023000	0	0.2700	0.0600	-0.0600	0								
6791	1					0.972000			0	1.020000			0												
6799	1					0.972000			0	1.020000			0												
6811	1	5922.00	60.00	-60.00	0	1.143000	0.031000	-0.030000	0	1.076000	0.036000	-0.032000	0	0.1100	0.0400	-0.0400	0					4.300000	0.100000	-0.100000	0
6815	1	5922.00	60.00	-60.00	0	1.143000	0.031000	-0.030000	0	1.076000	0.036000	-0.032000	0	0.1100	0.0400	-0.0400	0					4.300000	0.100000	-0.100000	0
6830	1	5233.00	60.00	-60.00	0	0.835000	0.023000	-0.022000	0	0.901000	0.017000	-0.027000	0												
6837	1	4413.00	75.00	-69.00	0	0.667000	0.012000	-0.012000	0	0.681000	0.025000	-0.024000	0												
6842	1	3584.00	65.00	-65.00	0	0.450000	0.080000	-0.050000	0	0.460000	0.080000	-0.050000	0	0.0000	0.1000	-0.1000	0					4.800000	0.060000	-0.090000	0
6849	1	5545.00			0	0.860000	0.020000		0	0.950000	0.050000		0												
6857	1	5900.00	100.00	-100.00	0	1.200000	0.400000	-0.200000	0	0.910000	0.100000	-0.060000	0	-0.3700	0.0200	-0.0200	0					4.300000	0.200000	-0.200000	0
6866	1	6001.00	60.00	-60.00	0	1.255000	0.034000	-0.033000	0	0.858000	0.022000	-0.019000	0												
6874	1	6001.00	60.00	-60.00	0	1.255000	0.034000	-0.033000	0	0.858000	0.022000	-0.019000	0												
6881	1	6080.00	260.00	-170.00	0	1.200000	0.100000	-0.100000	0	1.200000	0.100000	-0.100000	0	-0.1200	0.1800	-0.1800	0					4.400000			0
6892	1	6080.00	260.00	-170.00	0	1.200000	0.100000	-0.100000	0	1.200000	0.100000	-0.100000	0	-0.1200	0.1800	-0.1800	0					4.400000			0
6905	1	6080.00	260.00	-170.00	0	1.200000	0.100000	-0.100000	0	1.200000	0.100000	-0.100000	0	-0.1200	0.1800	-0.1800	0					4.400000			0
6914	1	6080.00	260.00	-170.00	0	1.200000	0.100000	-0.100000	0	1.200000	0.100000	-0.100000	0	-0.1200	0.1800	-0.1800	0					4.400000			0
6920	1	6080.00	260.00	-170.00	0	1.200000	0.100000	-0.100000	0	1.200000	0.100000	-0.100000	0	-0.1200	0.1800	-0.1800	0					4.400000			0
6930	1									1.242000	0.096000	-0.097000	0												
6945	1									1.242000	0.096000	-0.097000	0												
6957	1	5830.00	100.00	-100.00	0	0.960000	0.050000	-0.060000	0	1.010000	0.070000	-0.160000	0	0.1600	0.0700	-0.0700	0					4.473000	0.027000	-0.034000	0
6962	1	3515.00	69.00	-69.00	0	0.400000	0.010000	-0.010000	0	0.410000	0.020000	-0.020000	0	0.1000	0.1000	-0.1000	0					4.770000	0.040000	-0.040000	0
6967	1	5050.28			0	0.966000	0.385000	-0.133000	0	0.859000	0.126000	-0.065000	0												
6968	1	27730.00	270.00	-270.00	0	0.203000	0.007000	-0.007000	0	0.496000	0.002000	-0.002000	0					1.36000	0.05500	-0.06300	0	5.520000	0.030000	-0.030000	0
6969	1	27730.00	270.00	-270.00	0	0.203000	0.007000	-0.007000	0	0.496000	0.002000	-0.002000	0					1.36000	0.05500	-0.06300	0	5.520000	0.030000	-0.030000	0
6973	1	5241.00	100.00	-100.00	0	0.874000	0.036000	-0.036000	0	0.879000	0.018000	-0.018000	0									4.499000	0.030000	-0.030000	0
6975	1	4324.00	70.00	-70.00	0	0.788000	0.049000	-0.049000	0	0.760000	0.025000	-0.025000	0	-0.0600	0.0900	-0.0900	0					4.523000	0.043000	-0.043000	0
6981	1	6182.00	58.00	-58.00	0	1.520000	0.140000	-0.140000	0	1.277000	0.050000	-0.050000	0	0.0228	0.0020	-0.0020	0	0.47900	0.07900	-0.09700	0	4.181000	0.066000	-0.066000	0
7004	1	6182.00	58.00	-58.00	0	1.520000	0.140000	-0.140000	0	1.277000	0.050000	-0.050000	0	0.0228	0.0020	-0.0020	0	0.47900	0.07900	-0.09700	0	4.181000	0.066000	-0.066000	0
7021	1	6182.00	58.00	-58.00	0	1.520000	0.140000	-0.140000	0	1.277000	0.050000	-0.050000	0	0.0228	0.0020	-0.0020	0	0.47900	0.07900	-0.09700	0	4.181000	0.066000	-0.066000	0
7031	1	6182.00	58.00	-58.00	0	1.520000	0.140000	-0.140000	0	1.277000	0.050000	-0.050000	0	0.0228	0.0020	-0.0020	0	0.47900	0.07900	-0.09700	0	4.181000	0.066000	-0.066000	0
7052	1	5295.00	150.00	-150.00	0	0.818000	0.026000	-0.025000	0	0.928000	0.031000	-0.031000	0	0.1200	0.1000	-0.1000	0					4.540000	0.150000	-0.150000	0
7054	1	5295.00	150.00	-150.00	0	0.818000	0.026000	-0.025000	0	0.928000	0.031000	-0.031000	0	0.1200	0.1000	-0.1000	0					4.540000	0.150000	-0.150000	0
7055	1	3551.00	59.00	-59.00	0					0.260000	0.030000	-0.030000	0	-0.1500	0.0100	-0.0100	0					3.440000	0.050000	-0.050000	0
7056	1	3920.00	70.00	-70.00	0									-0.0500	0.0100	-0.0100	0					4.400000	0.100000	-0.100000	0
7057	1																								
7064	1	5165.00	90.00	-90.00	0	0.907000	0.086000	-0.082000	0	0.892000	0.090000	-0.100000	0	0.2200	0.1300	-0.1300	0					4.470000	0.060000	-0.060000	0
7065	1	3550.00	50.00	-50.00	0	0.291000	0.025000	-0.025000	0	0.281000	0.014000	-0.014000	0	-0.8900			0								
7070	1	5708.00	28.00	-28.00	0	1.065000	0.009000	-0.009000	0	0.910000	0.021000	-0.021000	0	-0.1500	0.0400	-0.0400	0					4.344000	0.004000	-0.004000	0
7108	1	5708.00	28.00	-28.00	0	1.065000	0.009000	-0.009000	0	0.910000	0.021000	-0.021000	0	-0.1500	0.0400	-0.0400	0					4.344000	0.004000	-0.004000	0
7113	1	5708.00	28.00	-28.00	0	1.065000	0.009000	-0.009000	0	0.910000	0.021000	-0.021000	0	-0.1500	0.0400	-0.0400	0					4.344000	0.004000	-0.004000	0
7125	1	5837.00	100.00	-100.00	0	1.510000	0.050000	-0.050000	0	1.130000	0.050000	-0.050000	0	0.1000	0.0400	-0.0400	0	0.39445	0.01209	-0.01243	0	4.100000	0.100000	-0.100000	0
7142	1	5825.00	75.00	-75.00	0	1.490000	0.040000	-0.040000	0	1.080000	0.060000	-0.060000	0	0.0200	0.1000	-0.1000	0					4.125000	0.030000	-0.030000	0
7143	1	5825.00	75.00	-75.00	0	1.490000	0.040000	-0.040000	0	1.080000	0.060000	-0.060000	0	0.0200	0.1000	-0.1000	0					4.125000	0.030000	-0.030000	0
7157	1									1.097000	0.033500	-0.033500	0												
7161	1	6453.00	74.15	-73.42	0	1.510000	0.080000	-0.075000	0	1.400000	0.040000	-0.040000	0	0.3500	0.0550	-0.0510	0					4.230000	0.033000	-0.035000	0
7173	1	5491.00	66.16	-68.91	0	0.880000	0.094000	-0.056000	0	0.900000	0.043000	-0.045000	0	-0.0300	0.1390	-0.1700	0					4.520000	0.044000	-0.102000	0
7183	1	5376.00	123.00	-123.00	0	0.836475			0	0.930000			0					-0.27856			0	4.561640			0
7188	1	6144.00	47.25	-61.08	0	1.570000	0.048000	-0.040000	0	1.220000	0.051000	-0.050000	0	0.0400	0.0700	-0.0570	0					4.130000	0.015000	-0.014000	0
7201	1	6109.00	150.04	-195.29	0	1.170000	0.316000	-0.146000	0	1.110000	0.126000	-0.082000	0	0.0100	0.1400	-0.1720	0					4.350000	0.093000	-0.173000	0
7216	1	4972.00	52.30	-39.52	0	3.390000	0.282000	-0.216000	0	1.110000	0.185000	-0.122000	0	-0.0400	0.0230	-0.0310	0					3.430000	0.018000	-0.020000	0
7223	1	5782.00	68.03	-67.92	0	1.060000	0.148000	-0.104000	0	1.000000	0.037000	-0.035000	0	0.0200	0.0890	-0.1030	0					4.380000	0.092000	-0.106000	0
7237	1	5328.00	180.84	-112.84	0	0.740000	0.090000	-0.061000	0	0.780000	0.070000	-0.062000	0	-0.4000	0.2370	-0.1890	0					4.590000	0.045000	-0.077000	0
7240	1	4587.00	88.05	-98.48	0	0.700000	0.028000	-0.031000	0	0.730000	0.032000	-0.039000	0	0.0300	0.1520	-0.1600	0					4.620000	0.020000	-0.030000	0
7250	1	5066.00	79.91	-66.82	0	0.780000	0.032000	-0.026000	0	0.810000	0.033000	-0.034000	0	-0.0100	0.1020	-0.1020	0					4.560000	0.030000	-0.041000	0
7264	1	4027.00	41.14	-36.46	0	0.570000	0.020000	-0.022000	0	0.590000	0.023000	-0.029000	0	-0.1200	0.0910	-0.1070	0					4.700000	0.015000	-0.014000	0
7281	1	5667.00	50.00	-50.00	0	1.560000	0.200000	-0.200000	0	1.170000	0.070000	-0.050000	0	0.3300	0.0700	-0.0700	0					4.120000	0.110000	-0.090000	0
7290	1	5667.00	50.00	-50.00	0	1.560000	0.200000	-0.200000	0	1.170000	0.070000	-0.050000	0	0.3300	0.0700	-0.0700	0					4.120000	0.110000	-0.090000	0
7297	1	5253.00	67.75	-80.75	0	0.820000	0.054000	-0.045000	0	0.860000	0.039000	-0.044000	0	-0.0100	0.1550	-0.1640	0					4.550000	0.034000	-0.067000	0
7311	1	5416.00	95.50	-130.93	0	0.880000	0.089000	-0.054000	0	0.910000	0.044000	-0.044000	0	0.0800	0.1540	-0.1610	0					4.520000	0.042000	-0.092000	0
7313	1	5556.00	77.89	-67.52	0	0.910000	0.046000	-0.037000	0	0.950000	0.033000	-0.035000	0	0.0500	0.1090	-0.1020	0					4.500000	0.033000	-0.047000	0
7331	1	4954.00	77.29	-81.88	0	0.760000	0.033000	-0.031000	0	0.810000	0.035000	-0.040000	0	0.0400	0.1500	-0.1630	0					4.590000	0.020000	-0.042000	0
7337	1	5388.00	68.87	-66.36	0	0.840000	0.075000	-0.050000	0	0.880000	0.040000	-0.047000	0	-0.0600	0.1510	-0.1500	0					4.540000	0.039000	-0.092000	0
7354	1	6769.00	136.36	-197.14	0	1.810000	0.671000	-0.335000	0	1.490000	0.220000	-0.150000	0	0.0600	0.1340	-0.1510	0					4.090000	0.141000	-0.212000	0
7355	1	5821.00	177.41	-169.89	0	1.000000	0.170000	-0.104000	0	0.990000	0.079000	-0.069000	0	-0.0300	0.1370	-0.1820	0					4.440000	0.075000	-0.130000	0
7373	1	5821.00	177.41	-169.89	0	1.000000	0.170000	-0.104000	0	0.990000	0.079000	-0.069000	0	-0.0300	0.1370	-0.1820	0					4.440000	0.075000	-0.130000	0
7378	1	5473.00	93.16	-81.05	0	0.870000	0.031000	-0.027000	0	0.930000	0.035000	-0.035000	0	0.0400	0.1010	-0.1050	0					4.530000	0.021000	-0.027000	0
7389	1	5518.00	61.16	-57.64	0	0.880000	0.101000	-0.060000	0	0.910000	0.042000	-0.055000	0	-0.0500	0.1540	-0.1830	0					4.520000	0.044000	-0.108000	0
7403	1	4433.00	43.73	-45.09	0	0.670000	0.024000	-0.036000	0	0.700000	0.031000	-0.047000	0	0.0100	0.1750	-0.1780	0					4.640000	0.020000	-0.026000	0
7418	1	4909.00	98.00	-98.00	0	0.724000	0.018000	-0.018000	0	0.803000	0.021000	-0.021000	0	0.1100	0.0400	-0.0400	0								
7419	1	4909.00	98.00	-98.00	0	0.724000	0.018000	-0.018000	0	0.803000	0.021000	-0.021000	0	0.1100	0.0400	-0.0400	0								
7444	1	4909.00	98.00	-98.00	0	0.724000	0.018000	-0.018000	0	0.803000	0.021000	-0.021000	0	0.1100	0.0400	-0.0400	0								
7451	1	4909.00	98.00	-98.00	0	0.724000	0.018000	-0.018000	0	0.803000	0.021000	-0.021000	0	0.1100	0.0400	-0.0400	0								
7478	1	4909.00	98.00	-98.00	0	0.724000	0.018000	-0.018000	0	0.803000	0.021000	-0.021000	0	0.1100	0.0400	-0.0400	0								
7485	1	5227.00	66.71	-60.63	0	0.800000	0.020000	-0.022000	0	0.870000	0.029000	-0.033000	0	0.0000	0.1030	-0.1010	0					4.570000	0.016000	-0.021000	0
7498	1	5431.00	143.14	-143.99	0	0.860000	0.086000	-0.063000	0	0.890000	0.053000	-0.053000	0	-0.0500	0.1470	-0.1700	0					4.530000	0.047000	-0.092000	0
7500	1	4445.00	49.47	-51.77	0	0.680000	0.024000	-0.030000	0	0.710000	0.028000	-0.039000	0	0.0600	0.1570	-0.1750	0					4.640000	0.016000	-0.026000	0
7516	1	5494.00	75.28	-98.69	0	0.890000	0.101000	-0.053000	0	0.930000	0.042000	-0.045000	0	0.0500	0.1550	-0.1610	0					4.510000	0.043000	-0.104000	0
7527	1	5143.00	126.73	-76.37	0	0.780000	0.045000	-0.050000	0	0.810000	0.042000	-0.050000	0	-0.1000	0.1420	-0.1820	0					4.570000	0.036000	-0.055000	0
7539	1	6089.00	102.40	-95.52	0	1.130000	0.232000	-0.123000	0	1.090000	0.084000	-0.075000	0	-0.0300	0.1450	-0.1810	0					4.370000	0.082000	-0.141000	0
7543	1	4948.00	85.79	-89.37	0	0.750000	0.034000	-0.038000	0	0.790000	0.037000	-0.044000	0	-0.0200	0.1510	-0.1670	0					4.590000	0.023000	-0.042000	0
7558	1	5436.00	66.85	-58.48	0	0.820000	0.021000	-0.016000	0	0.910000	0.027000	-0.021000	0	-0.0600	0.1070	-0.0870	0					4.570000	0.009000	-0.009000	0
7563	1	5522.00	102.65	-78.23	0	0.870000	0.095000	-0.065000	0	0.900000	0.048000	-0.061000	0	-0.0900	0.1660	-0.1950	0					4.520000	0.049000	-0.100000	0
7575	1	5030.00	68.38	-91.81	0	0.770000	0.038000	-0.039000	0	0.820000	0.037000	-0.042000	0	0.0100	0.1630	-0.1720	0					4.580000	0.024000	-0.048000	0
7590	1	6047.00	50.00	-67.00	0	1.492000	0.024000	-0.022000	0	1.212000	0.024000	-0.033000	0	0.1500	0.0400	-0.0400	0					4.170000	0.020000	-0.020000	0
7604	1	6047.00	50.00	-67.00	0	1.492000	0.024000	-0.022000	0	1.212000	0.024000	-0.033000	0	0.1500	0.0400	-0.0400	0					4.170000	0.020000	-0.020000	0
7615	1	4983.00	78.38	-85.01	0	0.760000	0.035000	-0.037000	0	0.800000	0.036000	-0.044000	0	-0.0100	0.1540	-0.1610	0					4.590000	0.023000	-0.042000	0
7623	1	6011.00	125.91	-133.30	0	1.120000	0.268000	-0.129000	0	1.090000	0.095000	-0.070000	0	0.0300	0.1360	-0.1700	0					4.380000	0.084000	-0.166000	0
7637	1	4647.00	57.14	-84.37	0	0.710000	0.019000	-0.023000	0	0.770000	0.025000	-0.034000	0	0.1600	0.1030	-0.2110	0					4.620000	0.011000	-0.013000	0
7645	1	5547.00	59.76	-66.49	0	0.920000	0.150000	-0.060000	0	0.940000	0.039000	-0.044000	0	0.0600	0.1470	-0.1560	0					4.490000	0.052000	-0.141000	0
7653	1	5198.00	102.36	-86.25	0	0.800000	0.049000	-0.047000	0	0.830000	0.041000	-0.045000	0	-0.0600	0.1480	-0.1720	0					4.570000	0.034000	-0.058000	0
7667	1	5763.00	114.35	-121.15	0	0.970000	0.228000	-0.090000	0	0.980000	0.061000	-0.064000	0	-0.0300	0.1350	-0.1830	0					4.450000	0.072000	-0.169000	0
7675	1	5533.00	83.31	-69.58	0	0.890000	0.037000	-0.032000	0	0.950000	0.032000	-0.036000	0	0.0400	0.1050	-0.0990	0					4.520000	0.026000	-0.036000	0
7680	1	5105.00	96.95	-70.71	0	0.780000	0.039000	-0.042000	0	0.820000	0.040000	-0.045000	0	-0.0300	0.1390	-0.1640	0					4.570000	0.029000	-0.051000	0
7696	1	5335.00	253.32	-212.93	0	0.830000	0.089000	-0.061000	0	0.870000	0.071000	-0.058000	0	-0.0400	0.1580	-0.1760	0					4.550000	0.043000	-0.078000	0
7703	1	5159.00	82.00	-82.00	0	0.821000	0.055000	-0.039000	0	0.868000	0.035000	-0.049000	0	0.1600	0.1500	-0.1500	0					4.548000	0.032000	-0.063000	0
7709	1	4870.00	194.18	-173.27	0	0.740000	0.045000	-0.039000	0	0.790000	0.046000	-0.043000	0	0.0100	0.1500	-0.1640	0					4.600000	0.027000	-0.042000	0
7728	1	5711.00	74.00	-74.00	0	1.349000	0.223000	-0.223000	0													4.105000	0.100000	-0.100000	0
7729	1	5711.00	74.00	-74.00	0	1.349000	0.223000	-0.223000	0													4.105000	0.100000	-0.100000	0
7752	1	5711.00	74.00	-74.00	0	1.349000	0.223000	-0.223000	0													4.105000	0.100000	-0.100000	0
7758	1	5694.00	78.24	-65.65	0	0.960000	0.064000	-0.047000	0	0.980000	0.035000	-0.037000	0	0.0100	0.0940	-0.1020	0					4.470000	0.044000	-0.059000	0
7771	1	5957.00	107.73	-105.23	0	1.080000	0.227000	-0.106000	0	1.060000	0.070000	-0.066000	0	0.0100	0.1360	-0.1750	0					4.400000	0.078000	-0.152000	0
7778	1	4815.00	86.89	-79.62	0	0.720000	0.030000	-0.050000	0	0.750000	0.041000	-0.049000	0	-0.1000	0.1530	-0.1950	0					4.610000	0.030000	-0.034000	0
7787	1	5629.00	73.19	-67.58	0	0.900000	0.104000	-0.067000	0	0.920000	0.047000	-0.059000	0	-0.1100	0.1550	-0.1870	0					4.500000	0.050000	-0.109000	0
7803	1	5985.00	112.26	-124.51	0	1.110000	0.254000	-0.118000	0	1.080000	0.081000	-0.065000	0	0.0400	0.1370	-0.1630	0					4.380000	0.080000	-0.162000	0
7806	1	5301.00	56.01	-59.81	0	0.820000	0.056000	-0.046000	0	0.860000	0.038000	-0.046000	0	-0.0300	0.1460	-0.1630	0					4.550000	0.035000	-0.068000	0
7825	1	5913.00	72.81	-81.92	0	1.040000	0.071000	-0.055000	0	1.040000	0.037000	-0.042000	0	0.0000	0.0890	-0.0920	0					4.420000	0.044000	-0.059000	0
7827	1	5754.00	83.64	-75.60	0	1.130000	0.137000	-0.090000	0	1.080000	0.046000	-0.042000	0	0.2900	0.0650	-0.0620	0					4.370000	0.072000	-0.092000	0
7842	1	5754.00	83.64	-75.60	0	1.130000	0.137000	-0.090000	0	1.080000	0.046000	-0.042000	0	0.2900	0.0650	-0.0620	0					4.370000	0.072000	-0.092000	0
7854	1	4651.00	59.42	-62.38	0	0.700000	0.025000	-0.031000	0	0.750000	0.030000	-0.039000	0	0.0100	0.1490	-0.1600	0					4.620000	0.019000	-0.028000	0
7865	1	3864.00	42.03	-41.50	0	0.490000	0.026000	-0.025000	0	0.510000	0.026000	-0.026000	0	-0.3300	0.0830	-0.0780	0					4.770000	0.024000	-0.025000	0
7872	1	5933.00	60.00	-60.00	0	1.026000	0.025000	-0.024000	0	0.991000	0.032000	-0.033000	0	-0.0900	0.0400	-0.0400	0								
7885	1	5933.00	60.00	-60.00	0	1.026000	0.025000	-0.024000	0	0.991000	0.032000	-0.033000	0	-0.0900	0.0400	-0.0400	0								
7902	1	6010.00	90.67	-99.65	0	1.130000	0.290000	-0.119000	0	1.090000	0.082000	-0.067000	0	0.0300	0.1410	-0.1650	0					4.370000	0.082000	-0.176000	0
7916	1	6010.00	90.67	-99.65	0	1.130000	0.290000	-0.119000	0	1.090000	0.082000	-0.067000	0	0.0300	0.1410	-0.1650	0					4.370000	0.082000	-0.176000	0
7928	1	6675.00	270.59	-222.60	0	1.730000	0.622000	-0.338000	0	1.430000	0.221000	-0.159000	0	0.0400	0.1300	-0.1660	0					4.120000	0.139000	-0.208000	0
7932	1	5888.00	160.50	-173.26	0	1.030000	0.186000	-0.109000	0	1.030000	0.082000	-0.068000	0	0.0000	0.1500	-0.1750	0					4.420000	0.076000	-0.133000	0
7947	1	5818.00	139.00	-157.00	0	0.848000	0.199000	-0.071000	0	0.937000	0.090000	-0.121000	0	-0.2200	0.3000	-0.3000	0					4.554000	0.042000	-0.168000	0
7950	1	4529.00	81.74	-98.25	0	0.690000	0.030000	-0.026000	0	0.740000	0.032000	-0.035000	0	0.1000	0.1600	-0.1710	0					4.630000	0.017000	-0.028000	0
7963	1	6209.00	106.61	-147.02	0	1.340000	0.585000	-0.203000	0	1.220000	0.184000	-0.101000	0	0.0900	0.1430	-0.1380	0					4.260000	0.123000	-0.247000	0
7970	1	5723.00	76.28	-61.68	0	0.940000	0.045000	-0.038000	0	0.980000	0.034000	-0.038000	0	-0.0200	0.0980	-0.0990	0					4.490000	0.029000	-0.041000	0
7987	1	6127.00	199.75	-285.27	0	1.200000	0.508000	-0.206000	0	1.120000	0.197000	-0.115000	0	0.0200	0.1300	-0.1800	0					4.330000	0.125000	-0.246000	0
7998	1	5987.00	293.78	-296.99	0	1.100000	0.360000	-0.169000	0	1.070000	0.153000	-0.106000	0	0.0100	0.1320	-0.1810	0					4.380000	0.109000	-0.181000	0
8006	1	4644.00	89.85	-112.73	0	0.690000	0.029000	-0.041000	0	0.730000	0.039000	-0.053000	0	-0.0600	0.1780	-0.1710	0					4.630000	0.024000	-0.025000	0
8011	1	4906.00	81.53	-62.34	0	0.720000	0.038000	-0.060000	0	0.750000	0.044000	-0.057000	0	-0.1500	0.1600	-0.2360	0					4.610000	0.038000	-0.040000	0
8025	1	5858.00	114.00	-114.00	0	1.040000	0.170000	-0.170000	0	1.000000	0.060000	-0.060000	0	-0.1200	0.1100	-0.1100	0					4.407000	0.140000	-0.140000	0
8038	1	5858.00	114.00	-114.00	0	1.040000	0.170000	-0.170000	0	1.000000	0.060000	-0.060000	0	-0.1200	0.1100	-0.1100	0					4.407000	0.140000	-0.140000	0
8054	1	5858.00	114.00	-114.00	0	1.040000	0.170000	-0.170000	0	1.000000	0.060000	-0.060000	0	-0.1200	0.1100	-0.1100	0					4.407000	0.140000	-0.140000	0
8067	1	5858.00	114.00	-114.00	0	1.040000	0.170000	-0.170000	0	1.000000	0.060000	-0.060000	0	-0.1200	0.1100	-0.1100	0					4.407000	0.140000	-0.140000	0
8068	1	5797.00	180.98	-198.61	0	0.990000	0.187000	-0.109000	0	0.990000	0.082000	-0.073000	0	-0.0300	0.1550	-0.1920	0					4.440000	0.080000	-0.133000	0
8079	1	6067.00	71.81	-59.04	0	1.070000	0.055000	-0.047000	0	1.090000	0.036000	-0.042000	0	-0.0300	0.0960	-0.1010	0					4.420000	0.030000	-0.038000	0
8097	1	4597.00	61.91	-73.20	0	0.700000	0.023000	-0.026000	0	0.750000	0.029000	-0.038000	0	0.1100	0.1420	-0.1900	0					4.620000	0.014000	-0.023000	0
8104	1	5945.00	188.84	-155.38	0	1.140000	0.304000	-0.140000	0	1.090000	0.109000	-0.072000	0	0.0900	0.1460	-0.1330	0					4.370000	0.095000	-0.184000	0
8112	1	5153.00	80.62	-59.98	0	0.790000	0.021000	-0.021000	0	0.850000	0.030000	-0.033000	0	0.0000	0.1010	-0.0970	0					4.570000	0.016000	-0.020000	0
8116	1	5635.00	166.04	-202.38	0	0.930000	0.158000	-0.087000	0	0.940000	0.065000	-0.063000	0	-0.0100	0.1380	-0.1780	0					4.490000	0.065000	-0.134000	0
8132	1	5635.00	166.04	-202.38	0	0.930000	0.158000	-0.087000	0	0.940000	0.065000	-0.063000	0	-0.0100	0.1380	-0.1780	0					4.490000	0.065000	-0.134000	0
8142	1	5762.00	287.38	-209.47	0	0.980000	0.205000	-0.107000	0	0.980000	0.108000	-0.072000	0	-0.0300	0.1430	-0.1830	0					4.450000	0.080000	-0.138000	0
8147	1	5592.00	63.05	-65.87	0	0.930000	0.158000	-0.062000	0	0.950000	0.041000	-0.045000	0	0.0300	0.1320	-0.1720	0					4.490000	0.053000	-0.142000	0
8154	1	5594.00	75.00	-83.00	0	0.934000	0.127000	-0.054000	0	0.981000	0.048000	-0.066000	0	0.1600	0.1500	-0.1500	0					4.489000	0.038000	-0.113000	0
8164	1	5806.00	123.65	-169.98	0	1.010000	0.246000	-0.102000	0	1.010000	0.069000	-0.065000	0	0.0300	0.1420	-0.1760	0					4.430000	0.076000	-0.177000	0
8181	1	5722.00	88.79	-104.94	0	0.980000	0.175000	-0.079000	0	0.990000	0.051000	-0.052000	0	0.0400	0.1400	-0.1610	0					4.460000	0.060000	-0.147000	0
8189	1	5854.00	61.00	-61.00	0	1.447000	0.014000	-0.014000	0	1.238000	0.029000	-0.029000	0	0.3210	0.0650	-0.0650	0								
8211	1	5854.00	61.00	-61.00	0	1.447000	0.014000	-0.014000	0	1.238000	0.029000	-0.029000	0	0.3210	0.0650	-0.0650	0								
8226	1	5854.00	61.00	-61.00	0	1.447000	0.014000	-0.014000	0	1.238000	0.029000	-0.029000	0	0.3210	0.0650	-0.0650	0								
8230	1	5854.00	61.00	-61.00	0	1.447000	0.014000	-0.014000	0	1.238000	0.029000	-0.029000	0	0.3210	0.0650	-0.0650	0								
8245	1	6261.00	114.14	-114.36	0	1.320000	0.615000	-0.192000	0	1.210000	0.195000	-0.098000	0	0.0300	0.1320	-0.1750	0					4.270000	0.113000	-0.260000	0
8263	1	5215.00	78.36	-83.32	0	0.810000	0.025000	-0.027000	0	0.860000	0.033000	-0.041000	0	0.0100	0.1080	-0.1130	0					4.560000	0.021000	-0.030000	0
8272	1	6199.00	102.85	-123.19	0	1.320000	0.603000	-0.196000	0	1.200000	0.191000	-0.091000	0	0.0700	0.1290	-0.1320	0					4.270000	0.117000	-0.259000	0
8276	1	5792.00	252.91	-186.16	0	1.000000	0.212000	-0.109000	0	1.000000	0.095000	-0.066000	0	0.0000	0.1380	-0.1710	0					4.440000	0.082000	-0.148000	0
8291	1	5792.00	252.91	-186.16	0	1.000000	0.212000	-0.109000	0	1.000000	0.095000	-0.066000	0	0.0000	0.1380	-0.1710	0					4.440000	0.082000	-0.148000	0
8297	1	5509.00	82.00	-74.00	0	1.116000	0.169000	-0.186000	0	0.924000	0.062000	-0.043000	0	0.1600	0.1500	-0.1500	0					4.308000	0.156000	-0.104000	0
8302	1	4002.00	33.45	-33.56	0	0.570000	0.018000	-0.019000	0	0.600000	0.020000	-0.026000	0	-0.0600	0.0800	-0.0900	0					4.700000	0.014000	-0.014000	0
8311	1	3959.00	39.29	-38.69	0	0.540000	0.024000	-0.025000	0	0.560000	0.030000	-0.029000	0	-0.1700	0.1110	-0.1050	0					4.720000	0.020000	-0.018000	0
8319	1	4868.00	38.24	-45.61	0	0.740000	0.014000	-0.019000	0	0.790000	0.026000	-0.036000	0	-0.0100	0.1010	-0.1110	0					4.600000	0.010000	-0.018000	0
8333	1	5816.00	99.93	-113.54	0	1.020000	0.235000	-0.093000	0	1.020000	0.057000	-0.054000	0	0.0300	0.1260	-0.1600	0					4.430000	0.070000	-0.164000	0
8336	1	5612.00	100.22	-123.53	0	0.920000	0.120000	-0.071000	0	0.940000	0.048000	-0.054000	0	-0.0100	0.1420	-0.1860	0					4.490000	0.055000	-0.118000	0
8348	1	5758.00	90.64	-84.62	0	1.360000	0.267000	-0.229000	0	1.080000	0.119000	-0.062000	0	0.2100	0.0980	-0.1280	0					4.210000	0.143000	-0.125000	0
8362	1	5854.00	92.00	-92.00	0	2.192000	0.121000	-0.121000	0													3.895000	0.076000	-0.076000	0
8371	1	5854.00	92.00	-92.00	0	2.192000	0.121000	-0.121000	0													3.895000	0.076000	-0.076000	0
8380	1	5956.00	70.40	-87.98	0	1.160000	0.401000	-0.138000	0	1.100000	0.101000	-0.060000	0	0.0900	0.1470	-0.1430	0					4.350000	0.103000	-0.220000	0
8393	1	5345.00	67.90	-84.90	0	0.840000	0.075000	-0.049000	0	0.880000	0.039000	-0.043000	0	0.0100	0.1410	-0.1550	0					4.540000	0.038000	-0.091000	0
8403	1	5923.00	80.65	-64.28	0	1.140000	0.180000	-0.130000	0	1.030000	0.055000	-0.059000	0	-0.0600	0.1050	-0.1250	0					4.330000	0.107000	-0.102000	0
8410	1	5049.00	45.47	-46.43	0	0.770000	0.034000	-0.039000	0	0.810000	0.036000	-0.041000	0	-0.0200	0.1550	-0.1660	0					4.580000	0.024000	-0.046000	0
8420	1	6113.00	63.72	-75.56	0	1.280000	0.266000	-0.172000	0	1.120000	0.075000	-0.063000	0	-0.0200	0.0830	-0.1080	0					4.270000	0.122000	-0.133000	0
8430	1	6000.00	83.83	-89.90	0	1.140000	0.309000	-0.110000	0	1.110000	0.088000	-0.063000	0	0.0800	0.1450	-0.1580	0					4.370000	0.077000	-0.181000	0
8433	1	5816.00	122.00	-122.00	0	1.078300			0	1.050000			0					0.07867			0	4.393780			0
8446	1	4350.00	45.98	-34.14	0	0.660000	0.014000	-0.017000	0	0.700000	0.020000	-0.030000	0	0.0600	0.0940	-0.1290	0					4.650000	0.009000	-0.018000	0
8459	1	4350.00	45.98	-34.14	0	0.660000	0.014000	-0.017000	0	0.700000	0.020000	-0.030000	0	0.0600	0.0940	-0.1290	0					4.650000	0.009000	-0.018000	0
8470	1	5589.00	122.90	-191.41	0	0.940000	0.255000	-0.074000	0	0.960000	0.072000	-0.058000	0	0.0100	0.1530	-0.2550	0					4.480000	0.058000	-0.204000	0
8472	1	5975.00	64.37	-58.16	0	1.080000	0.084000	-0.061000	0	1.080000	0.030000	-0.034000	0	0.0500	0.0820	-0.0820	0					4.400000	0.047000	-0.063000	0
8483	1	3753.00	32.38	-32.55	0	0.490000	0.025000	-0.026000	0	0.520000	0.026000	-0.028000	0	-0.0900	0.0870	-0.0840	0					4.760000	0.025000	-0.021000	0
8501	1	5950.00	62.00	-62.00	0	1.387000	0.021000	-0.021000	0	1.094000	0.086000	-0.078000	0	-0.0200	0.0650	-0.0650	0								
8513	1	5950.00	62.00	-62.00	0	1.387000	0.021000	-0.021000	0	1.094000	0.086000	-0.078000	0	-0.0200	0.0650	-0.0650	0								
8523	1	5321.00	147.76	-145.36	0	0.820000	0.067000	-0.051000	0	0.860000	0.049000	-0.051000	0	-0.0400	0.1490	-0.1650	0					4.550000	0.038000	-0.070000	0
8535	1	5330.00	79.00	-79.00	0	1.013000	0.162000	-0.133000	0	0.869000	0.065000	-0.035000	0	0.1800	0.1500	-0.1000	0					4.366000	0.137000	-0.125000	0
8544	1	5851.00	286.31	-232.40	0	1.030000	0.252000	-0.130000	0	1.010000	0.125000	-0.079000	0	0.0000	0.1340	-0.1790	0					4.420000	0.094000	-0.156000	0
8551	1	5862.00	195.01	-156.05	0	1.000000	0.176000	-0.105000	0	0.990000	0.092000	-0.071000	0	-0.0900	0.1640	-0.1950	0					4.440000	0.075000	-0.128000	0
8568	1	6166.00	147.64	-138.45	0	1.200000	0.379000	-0.154000	0	1.130000	0.136000	-0.088000	0	-0.0100	0.1320	-0.2030	0					4.330000	0.097000	-0.198000	0
8572	1	6166.00	147.64	-138.45	0	1.200000	0.379000	-0.154000	0	1.130000	0.136000	-0.088000	0	-0.0100	0.1320	-0.2030	0					4.330000	0.097000	-0.198000	0
8582	1	6112.00	127.39	-187.65	0	1.210000	0.455000	-0.170000	0	1.140000	0.157000	-0.092000	0	0.0600	0.1350	-0.1480	0					4.330000	0.103000	-0.228000	0
8596	1	5658.00	206.29	-136.10	0	0.920000	0.144000	-0.086000	0	0.940000	0.071000	-0.066000	0	-0.0900	0.1580	-0.1950	0					4.480000	0.064000	-0.118000	0
8600	1	4306.00	53.07	-39.79	0	0.630000	0.024000	-0.025000	0	0.660000	0.034000	-0.027000	0	-0.1000	0.1320	-0.0980	0					4.660000	0.019000	-0.018000	0
8609	1	5211.00	77.13	-86.77	0	0.790000	0.050000	-0.053000	0	0.820000	0.044000	-0.056000	0	-0.1100	0.1700	-0.1760	0					4.570000	0.037000	-0.062000	0
8619	1	5794.00	204.81	-216.42	0	0.990000	0.177000	-0.107000	0	0.990000	0.096000	-0.073000	0	-0.0200	0.1410	-0.1730	0					4.450000	0.075000	-0.129000	0
8632	1	5837.00	92.89	-82.61	0	1.000000	0.145000	-0.079000	0	1.010000	0.050000	-0.057000	0	-0.0200	0.1430	-0.1770	0					4.450000	0.058000	-0.118000	0
8647	1	5663.00	55.00	-66.00	0	1.065000	0.017000	-0.022000	0	0.961000	0.025000	-0.025000	0									4.366000	0.014000	-0.016000	0
8658	1	5663.00	55.00	-66.00	0	1.065000	0.017000	-0.022000	0	0.961000	0.025000	-0.025000	0									4.366000	0.014000	-0.016000	0
8681	1	5663.00	55.00	-66.00	0	1.065000	0.017000	-0.022000	0	0.961000	0.025000	-0.025000	0									4.366000	0.014000	-0.016000	0
8701	1	5663.00	55.00	-66.00	0	1.065000	0.017000	-0.022000	0	0.961000	0.025000	-0.025000	0									4.366000	0.014000	-0.016000	0
8712	1	5663.00	55.00	-66.00	0	1.065000	0.017000	-0.022000	0	0.961000	0.025000	-0.025000	0									4.366000	0.014000	-0.016000	0
8731	1	5663.00	55.00	-66.00	0	1.065000	0.017000	-0.022000	0	0.961000	0.025000	-0.025000	0									4.366000	0.014000	-0.016000	0
8739	1	5960.00	153.00	-153.00	0	1.149000	0.228000	-0.228000	0													4.327000	0.150000	-0.150000	0
8760	1	5960.00	153.00	-153.00	0	1.149000	0.228000	-0.228000	0													4.327000	0.150000	-0.150000	0
8769	1	6247.00	128.56	-164.45	0	1.340000	0.630000	-0.216000	0	1.210000	0.204000	-0.109000	0	0.0500	0.1350	-0.1440	0					4.260000	0.124000	-0.259000	0
8773	1	5614.00	130.34	-168.73	0	0.910000	0.130000	-0.073000	0	0.940000	0.059000	-0.061000	0	-0.0400	0.1500	-0.1780	0					4.500000	0.053000	-0.119000	0
8789	1	5724.00	76.50	-71.34	0	0.940000	0.136000	-0.075000	0	0.960000	0.050000	-0.066000	0	-0.0800	0.1620	-0.2040	0					4.480000	0.056000	-0.121000	0
8794	1	6092.00	106.14	-106.64	0	1.150000	0.307000	-0.134000	0	1.110000	0.097000	-0.078000	0	-0.0100	0.1360	-0.1830	0					4.360000	0.089000	-0.174000	0
8811	1	6417.00	90.52	-84.06	0	1.410000	0.149000	-0.104000	0	1.300000	0.061000	-0.051000	0	0.1300	0.0970	-0.0990	0					4.250000	0.055000	-0.073000	0
8815	1	4299.00	41.81	-47.77	0	0.680000	0.014000	-0.016000	0	0.710000	0.022000	-0.027000	0	0.2800	0.0820	-0.1090	0					4.620000	0.017000	-0.014000	0
8831	1	6104.00	152.44	-185.27	0	1.170000	0.343000	-0.160000	0	1.110000	0.139000	-0.086000	0	0.0000	0.1250	-0.1710	0					4.350000	0.101000	-0.188000	0
8836	1	5268.00	104.99	-126.81	0	0.820000	0.056000	-0.044000	0	0.860000	0.043000	-0.046000	0	0.0100	0.1480	-0.1620	0					4.550000	0.033000	-0.066000	0
8846	1	5406.00	149.30	-105.10	0	0.840000	0.074000	-0.058000	0	0.880000	0.048000	-0.055000	0	-0.0900	0.1580	-0.1820	0					4.540000	0.041000	-0.079000	0
8853	1	5893.00	111.41	-163.52	0	1.060000	0.213000	-0.106000	0	1.050000	0.067000	-0.068000	0	0.0400	0.1410	-0.1470	0					4.410000	0.071000	-0.150000	0
8866	1	5952.00	74.00	-74.00	0	1.157000	0.143000	-0.143000	0													4.377000	0.100000	-0.100000	0
8878	1	5914.00	81.00	-82.00	0	1.145000	0.040000	-0.037000	0	1.118000	0.061000	-0.068000	0	0.2370	0.0580	-0.0590	0	0.15836	0.03197	-0.02771	0	4.369000	0.036000	-0.041000	0
8892	1	4781.00	88.04	-77.50	0	0.700000	0.040000	-0.049000	0	0.730000	0.046000	-0.051000	0	-0.1600	0.1850	-0.1880	0					4.620000	0.034000	-0.033000	0
8897	1	6077.00	143.77	-199.70	0	1.150000	0.310000	-0.149000	0	1.100000	0.127000	-0.087000	0	0.0200	0.1360	-0.1700	0					4.360000	0.092000	-0.173000	0
8910	1	6496.00	147.03	-147.28	0	1.540000	0.651000	-0.264000	0	1.340000	0.211000	-0.133000	0	0.0400	0.1250	-0.1530	0					4.190000	0.123000	-0.240000	0
8921	1	5931.00	80.28	-109.50	0	1.170000	0.468000	-0.145000	0	1.120000	0.133000	-0.073000	0	0.1800	0.1460	-0.1570	0					4.350000	0.097000	-0.248000	0
8929	1	5374.00	87.46	-77.65	0	0.830000	0.037000	-0.034000	0	0.870000	0.038000	-0.043000	0	-0.0800	0.1080	-0.1190	0					4.550000	0.029000	-0.040000	0
8945	1	8480.00	295.98	-217.88	0	1.730000	0.289000	-0.203000	0	1.600000	0.096000	-0.100000	0	-0.5100	0.1060	-0.1210	0					4.170000	0.085000	-0.109000	0
8951	1	5641.00	91.87	-133.14	0	0.930000	0.197000	-0.076000	0	0.950000	0.054000	-0.057000	0	0.0100	0.1390	-0.1780	0					4.480000	0.060000	-0.162000	0
8962	1	5612.00	82.98	-101.57	0	0.930000	0.134000	-0.063000	0	0.950000	0.044000	-0.049000	0	0.0300	0.1360	-0.1520	0					4.490000	0.051000	-0.121000	0
8975	1	5688.00	303.78	-268.88	0	0.970000	0.174000	-0.112000	0	0.960000	0.106000	-0.077000	0	0.0000	0.1380	-0.1680	0					4.460000	0.082000	-0.125000	0
8985	1	6083.00	177.40	-249.75	0	1.170000	0.383000	-0.182000	0	1.110000	0.141000	-0.108000	0	0.0300	0.1340	-0.1670	0					4.350000	0.110000	-0.213000	0
8997	1	5544.00	148.00	-148.00	0	0.841000	0.203000	-0.203000	0													4.506000	0.150000	-0.150000	0
8998	1	5544.00	148.00	-148.00	0	0.841000	0.203000	-0.203000	0													4.506000	0.150000	-0.150000	0
9018	1	4904.00	70.02	-67.83	0	0.740000	0.029000	-0.037000	0	0.780000	0.036000	-0.039000	0	-0.0400	0.1500	-0.1630	0					4.600000	0.023000	-0.040000	0
9021	1	6231.00	90.24	-72.86	0	1.590000	0.397000	-0.293000	0	1.290000	0.130000	-0.091000	0	0.1200	0.0920	-0.0860	0					4.140000	0.147000	-0.153000	0
9035	1	5544.00	73.22	-72.56	0	0.890000	0.114000	-0.056000	0	0.920000	0.040000	-0.052000	0	-0.0300	0.1440	-0.1780	0					4.510000	0.047000	-0.114000	0
9041	1	5500.00	75.39	-90.52	0	0.900000	0.128000	-0.057000	0	0.930000	0.040000	-0.044000	0	0.0500	0.1440	-0.1530	0					4.500000	0.051000	-0.129000	0
9053	1	3658.00	33.40	-26.65	0	0.340000	0.018000	-0.016000	0	0.350000	0.020000	-0.021000	0	-0.5900	0.0740	-0.0840	0					4.930000	0.018000	-0.020000	0
9062	1	5683.00	241.45	-131.51	0	0.940000	0.148000	-0.088000	0	0.950000	0.079000	-0.067000	0	-0.0900	0.1590	-0.1900	0					4.470000	0.069000	-0.118000	0
9072	1	5798.00	61.16	-55.36	0	0.930000	0.106000	-0.074000	0	0.920000	0.054000	-0.060000	0	-0.2600	0.1410	-0.1520	0					4.460000	0.069000	-0.097000	0
9083	1	5678.00	113.00	-102.00	0	0.921000	0.115000	-0.115000	0	0.794000	0.071000	-0.030000	0	-0.4000	0.1500	-0.1500	0					4.409000	0.132000	-0.088000	0
9094	1	5664.00	89.83	-137.31	0	0.950000	0.150000	-0.074000	0	0.970000	0.045000	-0.052000	0	0.0400	0.1270	-0.1550	0					4.470000	0.057000	-0.132000	0
9102	1	5543.00	95.27	-144.99	0	0.910000	0.132000	-0.063000	0	0.940000	0.044000	-0.051000	0	0.0400	0.1420	-0.1590	0					4.500000	0.048000	-0.128000	0
9107	1	5831.00	134.99	-114.35	0	1.000000	0.173000	-0.095000	0	1.000000	0.064000	-0.064000	0	-0.0400	0.1470	-0.1870	0					4.440000	0.068000	-0.140000	0
9118	1	5831.00	134.99	-114.35	0	1.000000	0.173000	-0.095000	0	1.000000	0.064000	-0.064000	0	-0.0400	0.1470	-0.1870	0					4.440000	0.068000	-0.140000	0
9126	1	4725.00	74.00	-74.00	0	0.690000	0.020000	-0.020000	0	0.750000	0.060000	-0.060000	0	0.0500	0.0700	-0.0700	0					4.636000	0.030000	-0.030000	0
9139	1	4725.00	74.00	-74.00	0	0.690000	0.020000	-0.020000	0	0.750000	0.060000	-0.060000	0	0.0500	0.0700	-0.0700	0					4.636000	0.030000	-0.030000	0
9157	1	5403.00	53.01	-51.42	0	0.810000	0.015000	-0.015000	0	0.900000	0.018000	-0.024000	0	-0.0600	0.0880	-0.0810	0					4.570000	0.008000	-0.008000	0
9165	1	5450.00	108.00	-108.00	0	0.842000	0.093000	-0.033000	0	0.944000	0.039000	-0.066000	0	0.1000	0.1500	-0.1500	0					4.563000	0.017000	-0.094000	0
9174	1	5450.00	108.00	-108.00	0	0.842000	0.093000	-0.033000	0	0.944000	0.039000	-0.066000	0	0.1000	0.1500	-0.1500	0					4.563000	0.017000	-0.094000	0
9188	1	5851.00	83.20	-114.89	0	1.040000	0.231000	-0.097000	0	1.030000	0.062000	-0.061000	0	0.0500	0.1480	-0.1740	0					4.420000	0.073000	-0.158000	0
9193	1	5298.00	54.24	-56.79	0	0.830000	0.061000	-0.049000	0	0.870000	0.041000	-0.048000	0	-0.0100	0.1620	-0.1700	0					4.550000	0.035000	-0.077000	0
9201	1	5569.00	157.93	-118.09	0	0.900000	0.101000	-0.062000	0	0.930000	0.053000	-0.055000	0	-0.0200	0.1380	-0.1600	0					4.500000	0.048000	-0.095000	0
9217	1	5281.00	169.66	-135.47	0	0.810000	0.063000	-0.056000	0	0.840000	0.049000	-0.052000	0	-0.1000	0.1580	-0.1790	0					4.560000	0.040000	-0.070000	0
9224	1	5656.00	66.40	-72.91	0	0.940000	0.168000	-0.068000	0	0.960000	0.042000	-0.048000	0	0.0200	0.1320	-0.1650	0					4.470000	0.057000	-0.147000	0
9232	1	4512.00	46.44	-47.76	0	0.680000	0.021000	-0.033000	0	0.720000	0.029000	-0.043000	0	0.0300	0.1550	-0.1710	0					4.630000	0.017000	-0.025000	0
9246	1	6807.00	117.84	-120.35	0	1.840000	0.691000	-0.332000	0	1.500000	0.226000	-0.140000	0	0.0500	0.1260	-0.1570	0					4.080000	0.141000	-0.210000	0
9255	1	5582.00	62.16	-65.24	0	0.920000	0.127000	-0.058000	0	0.950000	0.040000	-0.040000	0	0.0400	0.1350	-0.1530	0					4.490000	0.048000	-0.124000	0
9264	1	5550.00	105.36	-153.89	0	0.910000	0.124000	-0.061000	0	0.940000	0.044000	-0.050000	0	0.0500	0.1280	-0.1520	0					4.500000	0.050000	-0.118000	0
9274	1	4605.00	100.00	-100.00	0	0.667000	0.035000	-0.035000	0													4.650000	0.150000	-0.150000	0
9297	1					0.540000	0.060000	-0.060000	0	0.560000	0.060000	-0.060000	0									4.720000	0.070000	-0.070000	0
9306	1					0.540000	0.060000	-0.060000	0	0.560000	0.060000	-0.060000	0									4.720000	0.070000	-0.070000	0
9318	1	4850.00	53.07	-47.66	0	0.730000	0.029000	-0.043000	0	0.760000	0.037000	-0.045000	0	-0.0800	0.1490	-0.1800	0					4.610000	0.028000	-0.036000	0
9336	1	5791.00	58.41	-65.12	0	1.070000	0.146000	-0.099000	0	1.010000	0.033000	-0.035000	0	0.0400	0.0870	-0.0910	0					4.380000	0.091000	-0.101000	0
9339	1	5685.00	98.59	-132.10	0	0.960000	0.243000	-0.084000	0	0.970000	0.052000	-0.056000	0	0.0200	0.1240	-0.1710	0					4.460000	0.072000	-0.186000	0
9352	1	5053.00	192.88	-130.21	0	0.770000	0.051000	-0.043000	0	0.810000	0.049000	-0.046000	0	-0.0600	0.1500	-0.1710	0					4.580000	0.031000	-0.046000	0
9356	1	5053.00	192.88	-130.21	0	0.770000	0.051000	-0.043000	0	0.810000	0.049000	-0.046000	0	-0.0600	0.1500	-0.1710	0					4.580000	0.031000	-0.046000	0
9363	1	5753.00	91.93	-86.29	0	0.960000	0.141000	-0.074000	0	0.980000	0.050000	-0.056000	0	-0.0300	0.1410	-0.1780	0					4.470000	0.056000	-0.119000	0
9375	1	5064.00	161.02	-117.37	0	0.750000	0.051000	-0.053000	0	0.790000	0.048000	-0.054000	0	-0.1300	0.1770	-0.1930	0					4.590000	0.035000	-0.052000	0
9386	1	4692.00	45.94	-42.25	0	0.700000	0.023000	-0.040000	0	0.740000	0.031000	-0.039000	0	-0.0600	0.1430	-0.1580	0					4.620000	0.025000	-0.031000	0
9397	1	5941.00	84.81	-114.44	0	1.140000	0.350000	-0.130000	0	1.090000	0.088000	-0.061000	0	0.1100	0.1470	-0.1420	0					4.360000	0.090000	-0.205000	0
9400	1	5054.00	99.64	-98.31	0	0.770000	0.037000	-0.040000	0	0.810000	0.039000	-0.045000	0	-0.0200	0.1460	-0.1600	0					4.580000	0.027000	-0.048000	0
9413	1	5833.00	117.20	-177.03	0	1.010000	0.184000	-0.101000	0	1.020000	0.067000	-0.070000	0	0.0200	0.1490	-0.1680	0					4.430000	0.071000	-0.135000	0
9418	1	5979.00	132.00	-132.00	0	1.205000	0.230000	-0.230000	0													4.306000	0.150000	-0.150000	0
9430	1	5979.00	132.00	-132.00	0	1.205000	0.230000	-0.230000	0													4.306000	0.150000	-0.150000	0
9448	1	4754.00	80.38	-77.33	0	0.720000	0.027000	-0.032000	0	0.760000	0.034000	-0.037000	0	0.0100	0.1470	-0.1620	0					4.610000	0.020000	-0.033000	0
9453	1	5470.00	97.19	-93.64	0	0.850000	0.083000	-0.062000	0	0.880000	0.046000	-0.059000	0	-0.1100	0.1660	-0.1870	0					4.530000	0.046000	-0.092000	0
9464	1	3964.00	46.47	-45.68	0	0.530000	0.030000	-0.027000	0	0.550000	0.035000	-0.028000	0	-0.2500	0.1360	-0.1080	0					4.730000	0.023000	-0.023000	0
9471	1	5470.00	75.20	-93.55	0	0.880000	0.099000	-0.054000	0	0.910000	0.040000	-0.045000	0	0.0300	0.1260	-0.1640	0					4.520000	0.043000	-0.107000	0
9483	1	6327.00	317.30	-262.85	0	1.430000	0.647000	-0.295000	0	1.260000	0.246000	-0.162000	0	0.0400	0.1400	-0.1610	0					4.230000	0.151000	-0.244000	0
9488	1	6327.00	317.30	-262.85	0	1.430000	0.647000	-0.295000	0	1.260000	0.246000	-0.162000	0	0.0400	0.1400	-0.1610	0					4.230000	0.151000	-0.244000	0
9499	1	5842.00	115.89	-141.61	0	1.030000	0.223000	-0.101000	0	1.030000	0.065000	-0.060000	0	0.0400	0.1410	-0.1560	0					4.430000	0.069000	-0.163000	0
9504	1	5778.00	67.42	-59.01	0	1.000000	0.093000	-0.061000	0	1.000000	0.034000	-0.036000	0	0.0200	0.0960	-0.0950	0					4.440000	0.055000	-0.079000	0
9517	1	4679.00	54.66	-58.05	0	0.710000	0.025000	-0.029000	0	0.760000	0.029000	-0.038000	0	0.0500	0.1470	-0.1770	0					4.620000	0.015000	-0.031000	0
9528	1	6203.00	91.16	-81.11	0	1.950000	0.374000	-0.381000	0	1.410000	0.128000	-0.128000	0	0.1800	0.0960	-0.1000	0					4.010000	0.148000	-0.116000	0
9539	1	6217.00	147.74	-196.66	0	1.280000	0.555000	-0.195000	0	1.190000	0.175000	-0.108000	0	0.0400	0.1390	-0.1480	0					4.300000	0.110000	-0.251000	0
9551	1	6142.00	100.00	-100.00	0	1.454000	0.273000	-0.273000	0													4.196000	0.150000	-0.150000	0
9557	1	6142.00	100.00	-100.00	0	1.454000	0.273000	-0.273000	0													4.196000	0.150000	-0.150000	0
9570	1	5519.00	61.23	-63.44	0	0.890000	0.110000	-0.053000	0	0.920000	0.040000	-0.044000	0	0.0100	0.1270	-0.1630	0					4.510000	0.044000	-0.114000	0
9578	1	4253.00	55.15	-52.76	0	0.570000	0.026000	-0.028000	0	0.590000	0.034000	-0.035000	0	-0.3500	0.1330	-0.1480	0					4.700000	0.020000	-0.018000	0
9588	1	5390.00	61.74	-58.89	0	0.840000	0.074000	-0.046000	0	0.890000	0.036000	-0.043000	0	-0.0300	0.1480	-0.1490	0					4.540000	0.038000	-0.084000	0
9601	1	5225.00	83.00	-73.00	0	0.859000	0.063000	-0.051000	0	0.861000	0.050000	-0.041000	0	0.1400	0.1500	-0.1500	0					4.505000	0.054000	-0.054000	0
9604	1	6302.00	69.67	-63.95	0	1.350000	0.226000	-0.134000	0	1.220000	0.073000	-0.053000	0	0.0200	0.0790	-0.0850	0					4.260000	0.083000	-0.112000	0
9622	1	5183.00	80.28	-63.78	0	0.790000	0.022000	-0.023000	0	0.850000	0.031000	-0.037000	0	-0.0300	0.1050	-0.1050	0					4.570000	0.016000	-0.020000	0
9625	1	6080.00	97.21	-115.97	0	1.180000	0.393000	-0.142000	0	1.130000	0.117000	-0.076000	0	0.0500	0.1350	-0.1550	0					4.340000	0.092000	-0.204000	0
9635	1	6249.00	174.00	-217.00	0	1.076000	0.335000	-0.112000	0	1.130000	0.159000	-0.159000	0	-0.0400	0.2500	-0.3000	0					4.428000	0.054000	-0.202000	0
9645	1	5446.00	83.15	-87.62	0	0.860000	0.104000	-0.057000	0	0.900000	0.043000	-0.053000	0	-0.0200	0.1430	-0.1800	0					4.530000	0.044000	-0.112000	0
9657	1	4971.00	96.57	-125.10	0	0.750000	0.040000	-0.044000	0	0.790000	0.040000	-0.049000	0	-0.0500	0.1630	-0.1750	0					4.600000	0.026000	-0.043000	0
9661	1	5157.00	47.04	-55.91	0	0.820000	0.045000	-0.035000	0	0.870000	0.038000	-0.037000	0	0.1300	0.1520	-0.1670	0					4.560000	0.029000	-0.055000	0
9676	1	6191.00	80.54	-76.47	0	1.230000	0.059000	-0.053000	0	1.240000	0.038000	-0.036000	0	0.2600	0.0670	-0.0590	0					4.350000	0.027000	-0.031000	0
9684	1	6150.00	110.00	-110.00	0	1.606000	0.049000	-0.049000	0	1.129000	0.130000	-0.023000	0	-0.0400	0.1000	-0.1000	0					4.102000	0.019000	-0.019000	0
9700	1	6150.00	110.00	-110.00	0	1.606000	0.049000	-0.049000	0	1.129000	0.130000	-0.023000	0	-0.0400	0.1000	-0.1000	0					4.102000	0.019000	-0.019000	0
9709	1	5069.00	120.38	-96.50	0	0.760000	0.046000	-0.051000	0	0.800000	0.045000	-0.052000	0	-0.0900	0.1770	-0.1890	0					4.580000	0.033000	-0.050000	0
9726	1	7044.00	277.69	-199.09	0	1.950000	0.513000	-0.384000	0	1.580000	0.179000	-0.168000	0	-0.0100	0.1520	-0.1750	0					4.050000	0.146000	-0.154000	0
9728	1	5558.00	144.94	-137.66	0	0.890000	0.109000	-0.069000	0	0.920000	0.055000	-0.061000	0	-0.0400	0.1450	-0.1930	0					4.510000	0.051000	-0.104000	0
9741	1	5252.00	92.48	-116.76	0	0.820000	0.059000	-0.042000	0	0.860000	0.041000	-0.046000	0	0.0000	0.1480	-0.1640	0					4.550000	0.032000	-0.070000	0
9750	1	5936.00	117.34	-103.81	0	1.040000	0.196000	-0.099000	0	1.040000	0.068000	-0.073000	0	-0.0400	0.1480	-0.2050	0					4.420000	0.065000	-0.137000	0
9764	1	5453.00	66.21	-80.38	0	0.860000	0.071000	-0.059000	0	0.900000	0.042000	-0.050000	0	-0.0400	0.1530	-0.1780	0					4.530000	0.040000	-0.083000	0
9774	1	5844.00	264.61	-268.56	0	1.020000	0.256000	-0.128000	0	1.010000	0.111000	-0.084000	0	-0.0100	0.1380	-0.1650	0					4.420000	0.090000	-0.169000	0
9776	1	5712.00	62.98	-66.68	0	0.970000	0.071000	-0.051000	0	0.980000	0.034000	-0.035000	0	0.0200	0.0960	-0.1020	0					4.460000	0.047000	-0.066000	0
9791	1	4990.00	58.43	-68.54	0	0.750000	0.034000	-0.042000	0	0.800000	0.038000	-0.045000	0	-0.0500	0.1550	-0.1730	0					4.590000	0.027000	-0.045000	0
9801	1	5212.00	65.46	-65.67	0	0.810000	0.048000	-0.044000	0	0.840000	0.041000	-0.046000	0	-0.0300	0.1480	-0.1690	0					4.560000	0.031000	-0.064000	0
9808	1	5274.00	200.00	-200.00	0	1.094000	0.489000	-0.489000	0													4.321000	0.300000	-0.300000	0
9816	1	5274.00	200.00	-200.00	0	1.094000	0.489000	-0.489000	0													4.321000	0.300000	-0.300000	0
9829	1	6077.00	243.54	-226.98	0	1.140000	0.314000	-0.149000	0	1.090000	0.159000	-0.089000	0	0.0000	0.1360	-0.1780	0					4.360000	0.101000	-0.159000	0
9837	1	6176.00	82.26	-87.31	0	1.300000	0.539000	-0.208000	0	1.170000	0.173000	-0.095000	0	0.0300	0.1260	-0.1660	0					4.270000	0.132000	-0.236000	0
9849	1	6688.00	187.00	-281.00	0	1.347000	0.473000	-0.169000	0	1.336000	0.200000	-0.200000	0	0.0700	0.2500	-0.3500	0					4.304000	0.075000	-0.225000	0
9856	1	5924.00	202.44	-241.80	0	1.050000	0.261000	-0.130000	0	1.040000	0.110000	-0.090000	0	0.0100	0.1360	-0.1800	0					4.410000	0.087000	-0.161000	0
9865	1	5765.00	121.54	-176.40	0	0.990000	0.178000	-0.098000	0	1.000000	0.062000	-0.068000	0	0.0400	0.1440	-0.1660	0					4.450000	0.071000	-0.138000	0
9872	1	5983.00	110.01	-118.73	0	1.070000	0.195000	-0.109000	0	1.050000	0.074000	-0.069000	0	-0.0400	0.1460	-0.1820	0					4.410000	0.072000	-0.135000	0
9886	1	5622.00	67.70	-58.78	0	0.870000	0.020000	-0.018000	0	0.960000	0.020000	-0.024000	0	-0.0400	0.0920	-0.0860	0					4.540000	0.010000	-0.012000	0
9887	1	5635.00	68.42	-72.34	0	0.930000	0.148000	-0.064000	0	0.950000	0.045000	-0.052000	0	0.0000	0.1380	-0.1720	0					4.490000	0.051000	-0.136000	0
9897	1	5975.00	182.70	-129.11	0	1.090000	0.208000	-0.116000	0	1.060000	0.091000	-0.069000	0	-0.0100	0.1470	-0.1710	0					4.390000	0.081000	-0.131000	0
9913	1	5913.00	104.30	-106.82	0	1.060000	0.249000	-0.105000	0	1.040000	0.067000	-0.071000	0	0.0000	0.1300	-0.1950	0					4.400000	0.079000	-0.167000	0
9923	1	6012.00	121.95	-184.74	0	1.160000	0.342000	-0.149000	0	1.110000	0.105000	-0.084000	0	0.0800	0.1430	-0.1420	0					4.360000	0.093000	-0.203000	0
9934	1	5595.00	200.00	-200.00	0	0.839000	0.319000	-0.319000	0													4.567000	0.300000	-0.300000	0
9941	1	5595.00	200.00	-200.00	0	0.839000	0.319000	-0.319000	0													4.567000	0.300000	-0.300000	0
9950	1	4730.00	39.96	-39.65	0	0.720000	0.022000	-0.035000	0	0.760000	0.033000	-0.039000	0	-0.0200	0.1490	-0.1610	0					4.620000	0.020000	-0.030000	0
9959	1	5308.00	107.78	-83.33	0	0.810000	0.063000	-0.056000	0	0.850000	0.046000	-0.053000	0	-0.0800	0.1570	-0.1820	0					4.560000	0.039000	-0.073000	0
9966	1	5438.00	67.15	-57.17	0	0.830000	0.077000	-0.073000	0	0.860000	0.050000	-0.065000	0	-0.1600	0.1870	-0.1990	0					4.550000	0.048000	-0.091000	0
9982	1	5908.00	75.02	-61.06	0	1.210000	0.188000	-0.147000	0	1.080000	0.056000	-0.035000	0	0.1200	0.0740	-0.0760	0					4.310000	0.108000	-0.114000	0
9991	1	5590.00	97.14	-79.79	0	0.920000	0.059000	-0.047000	0	0.940000	0.039000	-0.041000	0	0.0000	0.1040	-0.1050	0					4.490000	0.044000	-0.060000	0
9998	1	4965.00	111.27	-80.25	0	0.710000	0.050000	-0.056000	0	0.740000	0.051000	-0.058000	0	-0.2500	0.1940	-0.2120	0					4.610000	0.039000	-0.043000	0
10011	1	5756.00	129.38	-149.10	0	0.970000	0.151000	-0.086000	0	0.980000	0.061000	-0.060000	0	0.0000	0.1300	-0.1660	0					4.460000	0.062000	-0.127000	0
10016	1	4708.00	63.31	-50.89	0	0.720000	0.013000	-0.014000	0	0.780000	0.021000	-0.025000	0	0.0600	0.0990	-0.0970	0					4.620000	0.007000	-0.009000	0
10022	1	5517.00	80.26	-98.45	0	0.900000	0.095000	-0.056000	0	0.930000	0.043000	-0.050000	0	0.0300	0.1570	-0.1710	0					4.500000	0.044000	-0.100000	0
10036	1	5889.00	84.29	-64.89	0	1.170000	0.210000	-0.161000	0	0.940000	0.104000	-0.061000	0	-0.2700	0.1160	-0.1280	0					4.270000	0.128000	-0.127000	0
10053	1	5947.00	100.00	-100.00	0	1.483000	0.025000	-0.029000	0	1.166000	0.051000	-0.054000	0	0.0700	0.0400	-0.0400	0					4.175000	0.015000	-0.011000	0
10068	1	4096.00	150.00	-150.00	0	0.534000	0.028000	-0.028000	0													4.732000	0.200000	-0.200000	0
10077	1	4096.00	150.00	-150.00	0	0.534000	0.028000	-0.028000	0													4.732000	0.200000	-0.200000	0
10085	1	4612.00	101.02	-139.97	0	0.700000	0.029000	-0.036000	0	0.740000	0.035000	-0.047000	0	0.0400	0.1560	-0.1960	0					4.630000	0.020000	-0.026000	0
10095	1	6177.00	146.30	-232.29	0	1.240000	0.464000	-0.190000	0	1.150000	0.169000	-0.110000	0	0.0300	0.1310	-0.1670	0					4.320000	0.107000	-0.228000	0
10106	1	5834.00	80.98	-131.48	0	1.040000	0.222000	-0.100000	0	1.030000	0.060000	-0.064000	0	0.0600	0.1470	-0.1600	0					4.420000	0.073000	-0.161000	0
10117	1	4105.00	43.70	-35.84	0	0.610000	0.015000	-0.017000	0	0.640000	0.018000	-0.023000	0	0.0100	0.0920	-0.0880	0					4.670000	0.013000	-0.014000	0
10131	1	5825.00	88.38	-121.08	0	1.030000	0.291000	-0.096000	0	1.030000	0.058000	-0.057000	0	0.0600	0.1270	-0.1450	0					4.420000	0.072000	-0.201000	0
10138	1	5226.00	84.83	-71.27	0	0.810000	0.051000	-0.046000	0	0.840000	0.041000	-0.049000	0	-0.0400	0.1620	-0.1650	0					4.560000	0.035000	-0.064000	0
10142	1	4877.00	55.23	-79.61	0	0.750000	0.027000	-0.027000	0	0.800000	0.029000	-0.035000	0	0.0700	0.1470	-0.1500	0					4.600000	0.016000	-0.040000	0
10158	1	5909.00	88.29	-99.94	0	1.060000	0.227000	-0.098000	0	1.060000	0.058000	-0.057000	0	0.0500	0.1450	-0.1550	0					4.410000	0.069000	-0.153000	0
10162	1	5001.00	110.88	-108.59	0	0.760000	0.039000	-0.042000	0	0.800000	0.039000	-0.045000	0	-0.0300	0.1480	-0.1730	0					4.590000	0.027000	-0.048000	0
10171	1	6210.00	71.25	-59.14	0	1.380000	0.288000	-0.161000	0	1.230000	0.087000	-0.050000	0	0.1200	0.0850	-0.0800	0					4.240000	0.100000	-0.132000	0
10180	1	5311.00	200.00	-200.00	0	0.701000	0.380000	-0.380000	0													4.646000	0.300000	-0.300000	0
10194	1	5311.00	200.00	-200.00	0	0.701000	0.380000	-0.380000	0													4.646000	0.300000	-0.300000	0
10203	1	5568.00	67.19	-91.62	0	0.920000	0.156000	-0.065000	0	0.940000	0.042000	-0.048000	0	0.0400	0.1380	-0.1660	0					4.490000	0.055000	-0.144000	0
10212	1	5705.00	123.21	-77.68	0	0.940000	0.132000	-0.079000	0	0.960000	0.055000	-0.066000	0	-0.0800	0.1650	-0.1940	0					4.480000	0.058000	-0.116000	0
10228	1	6051.00	144.84	-180.60	0	1.150000	0.309000	-0.141000	0	1.100000	0.112000	-0.079000	0	0.0300	0.1340	-0.1510	0					4.360000	0.094000	-0.178000	0
10234	1	6050.00	74.56	-81.73	0	1.210000	0.128000	-0.093000	0	1.140000	0.045000	-0.040000	0	0.1300	0.0760	-0.0830	0					4.330000	0.067000	-0.080000	0
10241	1	5130.00	48.18	-47.96	0	0.800000	0.043000	-0.032000	0	0.850000	0.033000	-0.038000	0	0.0500	0.1550	-0.1460	0					4.570000	0.027000	-0.055000	0
10253	1	5616.00	92.62	-130.14	0	0.930000	0.133000	-0.070000	0	0.950000	0.044000	-0.054000	0	0.0100	0.1390	-0.1600	0					4.480000	0.057000	-0.123000	0
10266	1	5743.00	73.65	-77.97	0	0.980000	0.147000	-0.074000	0	0.990000	0.042000	-0.046000	0	0.0300	0.1400	-0.1580	0					4.460000	0.057000	-0.127000	0
10274	1	5905.00	82.88	-103.67	0	1.080000	0.256000	-0.101000	0	1.060000	0.069000	-0.059000	0	0.0700	0.1440	-0.1620	0					4.400000	0.075000	-0.165000	0
10281	1	5986.00	91.33	-76.59	0	1.100000	0.112000	-0.085000	0	1.060000	0.048000	-0.048000	0	-0.0200	0.1000	-0.1110	0					4.380000	0.067000	-0.078000	0
10290	1	5944.00	91.26	-81.66	0	1.940000	0.504000	-0.404000	0	1.250000	0.142000	-0.117000	0	0.0500	0.1360	-0.0850	0					3.970000	0.148000	-0.191000	0
10302	1	6050.00	137.00	-137.00	0	1.216000	0.239000	-0.239000	0													4.299000	0.150000	-0.150000	0
10320	1	6050.00	137.00	-137.00	0	1.216000	0.239000	-0.239000	0													4.299000	0.150000	-0.150000	0
10325	1	6050.00	137.00	-137.00	0	1.216000	0.239000	-0.239000	0													4.299000	0.150000	-0.150000	0
10338	1	6050.00	137.00	-137.00	0	1.216000	0.239000	-0.239000	0													4.299000	0.150000	-0.150000	0
10353	1					0.949000			0	1.030000			0												
10363	1	5842.00	246.43	-266.34	0	0.990000	0.208000	-0.123000	0	1.000000	0.116000	-0.084000	0	-0.0400	0.1450	-0.1820	0					4.450000	0.083000	-0.138000	0
10372	1	5194.00	45.80	-51.51	0	0.820000	0.049000	-0.034000	0	0.870000	0.038000	-0.040000	0	0.0900	0.1560	-0.1630	0					4.550000	0.029000	-0.064000	0
10386	1	5239.00	71.00	-82.33	0	0.800000	0.048000	-0.049000	0	0.840000	0.042000	-0.046000	0	-0.0400	0.1470	-0.1760	0					4.560000	0.033000	-0.060000	0
10392	1	4870.00	49.87	-52.19	0	0.750000	0.028000	-0.031000	0	0.800000	0.032000	-0.039000	0	0.0400	0.1640	-0.1660	0					4.600000	0.017000	-0.039000	0
10399	1	6155.00	64.75	-56.71	0	1.220000	0.095000	-0.067000	0	1.180000	0.039000	-0.034000	0	0.1400	0.0810	-0.0820	0					4.340000	0.044000	-0.059000	0
10415	1	6140.00	133.40	-147.70	0	1.190000	0.397000	-0.152000	0	1.130000	0.136000	-0.093000	0	0.0100	0.1360	-0.1850	0					4.340000	0.097000	-0.199000	0
10427	1	5923.00	147.56	-124.19	0	1.020000	0.176000	-0.105000	0	1.020000	0.079000	-0.073000	0	-0.0800	0.1590	-0.2050	0					4.430000	0.072000	-0.129000	0
10437	1	5747.00	108.41	-151.11	0	0.950000	0.147000	-0.084000	0	0.970000	0.058000	-0.065000	0	-0.0400	0.1440	-0.1880	0					4.470000	0.060000	-0.125000	0
10440	1	5063.00	94.76	-81.19	0	0.740000	0.049000	-0.067000	0	0.780000	0.052000	-0.063000	0	-0.1800	0.1790	-0.2480	0					4.590000	0.043000	-0.049000	0
10457	1	3784.00	38.88	-38.61	0	0.510000	0.025000	-0.033000	0	0.540000	0.025000	-0.035000	0	-0.0600	0.0860	-0.1090	0					4.750000	0.029000	-0.023000	0
10462	1	6089.00	121.00	-121.00	0	1.264000	0.243000	-0.243000	0													4.277000	0.150000	-0.150000	0
10483	1	6089.00	121.00	-121.00	0	1.264000	0.243000	-0.243000	0													4.277000	0.150000	-0.150000	0
10489	1	5961.00	134.01	-116.25	0	1.080000	0.192000	-0.102000	0	1.060000	0.078000	-0.062000	0	0.0100	0.1430	-0.1530	0					4.400000	0.071000	-0.126000	0
10502	1	5778.00	80.33	-107.40	0	1.000000	0.202000	-0.082000	0	1.010000	0.055000	-0.047000	0	0.0600	0.1510	-0.1520	0					4.440000	0.063000	-0.151000	0
10510	1	5471.00	75.31	-111.90	0	0.890000	0.111000	-0.054000	0	0.920000	0.041000	-0.042000	0	0.0600	0.1470	-0.1540	0					4.510000	0.045000	-0.112000	0
10521	1	6198.00	139.13	-168.47	0	1.250000	0.518000	-0.183000	0	1.160000	0.178000	-0.100000	0	0.0200	0.1280	-0.1610	0					4.300000	0.109000	-0.233000	0
10527	1	4967.00	56.40	-63.05	0	0.760000	0.028000	-0.033000	0	0.800000	0.034000	-0.039000	0	0.0100	0.1430	-0.1580	0					4.590000	0.020000	-0.039000	0
10540	1	5541.00	78.94	-83.29	0	0.900000	0.122000	-0.057000	0	0.930000	0.043000	-0.052000	0	0.0100	0.1450	-0.1730	0					4.500000	0.048000	-0.120000	0
10553	1	5337.00	155.96	-154.20	0	0.820000	0.066000	-0.053000	0	0.860000	0.051000	-0.052000	0	-0.0900	0.1540	-0.1740	0					4.550000	0.038000	-0.068000	0
10563	1	5472.00	73.56	-109.10	0	0.900000	0.118000	-0.056000	0	0.940000	0.044000	-0.044000	0	0.1200	0.1590	-0.1580	0					4.500000	0.047000	-0.115000	0
10569	1	6386.00	341.26	-299.46	0	1.480000	0.650000	-0.317000	0	1.300000	0.243000	-0.181000	0	0.0500	0.1300	-0.1440	0					4.210000	0.153000	-0.242000	0
10578	1	6564.00	153.47	-198.42	0	1.570000	0.195000	-0.160000	0	1.400000	0.081000	-0.092000	0	0.2200	0.1290	-0.1720	0					4.200000	0.069000	-0.082000	0
10585	1	4984.00	100.00	-100.00	0	0.636000	0.030000	-0.030000	0													4.669000	0.150000	-0.150000	0
10592	1	4984.00	100.00	-100.00	0	0.636000	0.030000	-0.030000	0													4.669000	0.150000	-0.150000	0
10612	1	4984.00	100.00	-100.00	0	0.636000	0.030000	-0.030000	0													4.669000	0.150000	-0.150000	0
10617	1	5682.00	103.27	-116.70	0	0.960000	0.156000	-0.077000	0	0.980000	0.048000	-0.050000	0	0.0400	0.1380	-0.1590	0					4.470000	0.056000	-0.137000	0
10633	1	5261.00	180.72	-119.79	0	0.800000	0.063000	-0.052000	0	0.840000	0.051000	-0.058000	0	-0.0900	0.1530	-0.1850	0					4.560000	0.038000	-0.067000	0
10635	1	4895.00	84.63	-57.56	0	0.740000	0.029000	-0.038000	0	0.770000	0.036000	-0.039000	0	-0.0500	0.1290	-0.1690	0					4.600000	0.024000	-0.036000	0
10650	1	5667.00	113.87	-139.83	0	0.940000	0.148000	-0.075000	0	0.960000	0.053000	-0.056000	0	0.0100	0.1350	-0.1680	0					4.480000	0.058000	-0.128000	0
10654	1	6680.00	94.50	-106.27	0	1.770000	0.827000	-0.328000	0	1.460000	0.264000	-0.140000	0	0.0500	0.1430	-0.1650	0					4.100000	0.145000	-0.254000	0
10668	1	5306.00	77.49	-101.98	0	0.830000	0.061000	-0.046000	0	0.860000	0.041000	-0.043000	0	-0.0100	0.1430	-0.1600	0					4.550000	0.034000	-0.075000	0
10673	1	5306.00	77.49	-101.98	0	0.830000	0.061000	-0.046000	0	0.860000	0.041000	-0.043000	0	-0.0100	0.1430	-0.1600	0					4.550000	0.034000	-0.075000	0
10685	1	4611.00	49.69	-51.31	0	0.690000	0.023000	-0.037000	0	0.730000	0.031000	-0.044000	0	-0.0300	0.1580	-0.1630	0					4.630000	0.020000	-0.027000	0
10694	1	5303.00	116.55	-112.59	0	0.820000	0.063000	-0.047000	0	0.860000	0.043000	-0.047000	0	-0.0500	0.1410	-0.1560	0					4.550000	0.037000	-0.076000	0
10704	1	6149.00	83.25	-74.30	0	1.210000	0.063000	-0.054000	0	1.210000	0.039000	-0.040000	0	0.2400	0.0750	-0.0770	0					4.360000	0.029000	-0.036000	0
10716	1	6202.00	133.62	-201.72	0	1.280000	0.522000	-0.196000	0	1.190000	0.170000	-0.116000	0	0.0600	0.1310	-0.1530	0					4.290000	0.114000	-0.234000	0
10724	1	3810.00	150.00	-150.00	0	0.512000	0.021000	-0.021000	0													4.744000	0.200000	-0.200000	0
10744	1	3810.00	150.00	-150.00	0	0.512000	0.021000	-0.021000	0													4.744000	0.200000	-0.200000	0
10749	1	5717.00	71.36	-82.51	0	0.980000	0.224000	-0.081000	0	0.990000	0.047000	-0.051000	0	0.0400	0.1390	-0.1780	0					4.460000	0.064000	-0.179000	0
10761	1	5545.00	85.54	-95.15	0	0.890000	0.116000	-0.060000	0	0.920000	0.046000	-0.056000	0	-0.0400	0.1480	-0.1770	0					4.510000	0.048000	-0.120000	0
10767	1	5949.00	144.60	-218.38	0	1.090000	0.270000	-0.136000	0	1.060000	0.088000	-0.087000	0	0.0300	0.1370	-0.1610	0					4.380000	0.093000	-0.170000	0
10775	1	5850.00	65.89	-56.44	0	1.100000	0.150000	-0.129000	0	0.970000	0.062000	-0.057000	0	-0.1400	0.1470	-0.1450	0					4.330000	0.113000	-0.101000	0
10793	1	4985.00	53.00	-45.04	0	0.750000	0.032000	-0.051000	0	0.780000	0.039000	-0.050000	0	-0.1000	0.1490	-0.2030	0					4.590000	0.033000	-0.044000	0
10798	1	4985.00	53.00	-45.04	0	0.750000	0.032000	-0.051000	0	0.780000	0.039000	-0.050000	0	-0.1000	0.1490	-0.2030	0					4.590000	0.033000	-0.044000	0
10805	1	4985.00	53.00	-45.04	0	0.750000	0.032000	-0.051000	0	0.780000	0.039000	-0.050000	0	-0.1000	0.1490	-0.2030	0					4.590000	0.033000	-0.044000	0
10813	1	6018.00	134.73	-186.81	0	1.120000	0.306000	-0.137000	0	1.080000	0.097000	-0.086000	0	0.0200	0.1330	-0.1610	0					4.370000	0.088000	-0.179000	0
10824	1	6129.00	67.94	-69.29	0	1.360000	0.266000	-0.193000	0	1.170000	0.090000	-0.055000	0	0.0500	0.0920	-0.0770	0					4.230000	0.119000	-0.126000	0
10834	1	5502.00	168.32	-93.92	0	0.870000	0.096000	-0.067000	0	0.900000	0.056000	-0.053000	0	-0.0900	0.1470	-0.1770	0					4.520000	0.051000	-0.097000	0
10841	1	5839.00	79.16	-73.45	0	0.990000	0.146000	-0.084000	0	0.990000	0.052000	-0.060000	0	-0.0700	0.1450	-0.1820	0					4.450000	0.059000	-0.123000	0
10852	1	5053.00	113.64	-67.62	0	0.770000	0.035000	-0.042000	0	0.800000	0.041000	-0.047000	0	-0.0700	0.1440	-0.1690	0					4.580000	0.029000	-0.047000	0
10867	1	6239.00	94.00	-94.00	0	1.358000	0.024000	-0.024000	0													4.247000	0.036000	-0.036000	0
10874	1	6239.00	94.00	-94.00	0	1.358000	0.024000	-0.024000	0													4.247000	0.036000	-0.036000	0
10889	1	6239.00	94.00	-94.00	0	1.358000	0.024000	-0.024000	0													4.247000	0.036000	-0.036000	0
10910	1	5961.00	131.56	-192.48	0	1.080000	0.298000	-0.138000	0	1.060000	0.089000	-0.084000	0	0.0100	0.1360	-0.1830	0					4.390000	0.093000	-0.183000	0
10918	1	5006.00	48.34	-44.49	0	0.770000	0.034000	-0.032000	0	0.820000	0.032000	-0.038000	0	0.0300	0.1500	-0.1600	0					4.580000	0.021000	-0.044000	0
10924	1	5771.00	101.71	-103.42	0	0.980000	0.170000	-0.085000	0	0.990000	0.055000	-0.060000	0	-0.0200	0.1390	-0.1820	0					4.450000	0.064000	-0.141000	0
10930	1	5213.00	61.90	-74.37	0	0.800000	0.050000	-0.046000	0	0.840000	0.040000	-0.045000	0	-0.0300	0.1570	-0.1700	0					4.560000	0.033000	-0.063000	0
10940	1	5791.00	109.18	-145.15	0	0.980000	0.182000	-0.091000	0	0.990000	0.060000	-0.064000	0	-0.0200	0.1390	-0.1800	0					4.450000	0.065000	-0.143000	0
10956	1	4630.00	42.63	-41.20	0	0.690000	0.027000	-0.054000	0	0.710000	0.035000	-0.050000	0	-0.1000	0.1550	-0.2040	0					4.630000	0.033000	-0.030000	0
10965	1	5044.00	49.22	-50.99	0	0.760000	0.038000	-0.047000	0	0.800000	0.039000	-0.048000	0	-0.0700	0.1540	-0.1830	0					4.590000	0.029000	-0.050000	0
10969	1	4996.00	82.00	-74.00	0	0.831000	0.032000	-0.060000	0	0.791000	0.058000	-0.025000	0	0.1400	0.1500	-0.1500	0					4.497000	0.080000	-0.025000	0
10983	1	6096.00	119.67	-215.90	0	1.200000	0.373000	-0.173000	0	1.150000	0.110000	-0.106000	0	0.0700	0.1500	-0.1390	0					4.330000	0.102000	-0.198000	0
10994	1	5904.00	68.91	-79.21	0	1.090000	0.356000	-0.120000	0	1.060000	0.076000	-0.059000	0	0.0500	0.1400	-0.1660	0					4.380000	0.094000	-0.212000	0
10996	1	5998.00	88.20	-88.22	0	1.150000	0.321000	-0.125000	0	1.100000	0.085000	-0.058000	0	0.0700	0.1380	-0.1450	0					4.360000	0.090000	-0.182000	0
11017	1	6106.00	106.00	-106.00	0	1.359000	0.035000	-0.035000	0													4.265000	0.051000	-0.051000	0
11026	1	6106.00	106.00	-106.00	0	1.359000	0.035000	-0.035000	0													4.265000	0.051000	-0.051000	0
11043	1	6106.00	106.00	-106.00	0	1.359000	0.035000	-0.035000	0													4.265000	0.051000	-0.051000	0
11052	1	5047.00	40.17	-34.17	0	3.380000	0.304000	-0.414000	0	1.280000	0.014000	-0.106000	0	-0.0200	0.1110	-0.0200	0					3.490000	0.090000	-0.073000	0
11059	1	6143.00	81.37	-88.49	0	1.230000	0.183000	-0.129000	0	1.130000	0.059000	-0.055000	0	-0.0100	0.0800	-0.0940	0					4.310000	0.087000	-0.105000	0
11070	1	5926.00	95.26	-135.18	0	1.090000	0.268000	-0.110000	0	1.060000	0.077000	-0.066000	0	0.0600	0.1420	-0.1600	0					4.390000	0.080000	-0.171000	0
11083	1	5566.00	77.45	-71.25	0	0.910000	0.116000	-0.056000	0	0.940000	0.039000	-0.048000	0	0.0300	0.1320	-0.1570	0					4.500000	0.046000	-0.117000	0
11088	1	6179.00	54.41	-48.15	0	2.170000	0.132000	-0.124000	0	1.450000	0.058000	-0.046000	0	0.1100	0.0840	-0.0710	0					3.930000	0.038000	-0.037000	0
11099	1	6296.00	202.94	-214.87	0	1.360000	0.598000	-0.232000	0	1.230000	0.206000	-0.133000	0	0.0400	0.1310	-0.1600	0					4.260000	0.120000	-0.254000	0
11116	1	6188.00	65.25	-55.24	0	1.210000	0.138000	-0.096000	0	1.140000	0.050000	-0.046000	0	-0.0200	0.0840	-0.0960	0					4.330000	0.067000	-0.086000	0
11122	1	5578.00	82.21	-68.73	0	0.920000	0.062000	-0.047000	0	0.940000	0.038000	-0.043000	0	-0.0100	0.1050	-0.1110	0					4.490000	0.046000	-0.065000	0
11135	1	6074.00	112.24	-128.32	0	1.160000	0.352000	-0.131000	0	1.110000	0.114000	-0.076000	0	0.0200	0.1340	-0.1610	0					4.350000	0.087000	-0.190000	0
11142	1	6221.00	97.80	-110.44	0	1.330000	0.620000	-0.194000	0	1.210000	0.187000	-0.096000	0	0.0600	0.1340	-0.1410	0					4.260000	0.117000	-0.261000	0
11153	1	6072.00	75.00	-75.00	0	1.659000	0.038000	-0.038000	0	1.184000	0.074000	-0.074000	0												
11180	1	6072.00	75.00	-75.00	0	1.659000	0.038000	-0.038000	0	1.184000	0.074000	-0.074000	0												
11194	1	6227.00	121.69	-156.51	0	1.320000	0.586000	-0.199000	0	1.200000	0.183000	-0.108000	0	0.0400	0.1350	-0.1530	0					4.280000	0.113000	-0.255000	0
11203	1	5353.00	86.50	-93.58	0	0.830000	0.060000	-0.053000	0	0.870000	0.044000	-0.053000	0	-0.0400	0.1690	-0.1750	0					4.550000	0.038000	-0.075000	0
11211	1	5504.00	81.08	-78.70	0	0.890000	0.113000	-0.055000	0	0.920000	0.043000	-0.045000	0	0.0100	0.1370	-0.1680	0					4.510000	0.044000	-0.118000	0
11220	1	6175.00	183.18	-233.53	0	1.250000	0.511000	-0.198000	0	1.160000	0.178000	-0.114000	0	0.0400	0.1280	-0.1590	0					4.310000	0.115000	-0.242000	0
11222	1	5123.00	62.80	-83.53	0	0.790000	0.046000	-0.040000	0	0.840000	0.040000	-0.044000	0	0.0300	0.1700	-0.1750	0					4.570000	0.028000	-0.054000	0
11238	1	6170.00	67.21	-62.49	0	1.280000	0.125000	-0.090000	0	1.200000	0.048000	-0.043000	0	0.1600	0.0890	-0.0880	0					4.300000	0.059000	-0.071000	0
11245	1	5753.00	74.56	-79.20	0	0.980000	0.201000	-0.072000	0	1.000000	0.047000	-0.049000	0	0.0300	0.1380	-0.1550	0					4.450000	0.058000	-0.154000	0
11260	1	5715.00	93.97	-83.95	0	0.940000	0.126000	-0.074000	0	0.960000	0.050000	-0.059000	0	-0.0500	0.1470	-0.1830	0					4.480000	0.054000	-0.116000	0
11267	1	6132.00	87.95	-135.79	0	1.290000	0.537000	-0.170000	0	1.200000	0.162000	-0.084000	0	0.1400	0.1570	-0.1430	0					4.290000	0.103000	-0.244000	0
11273	1	6080.00	245.65	-268.17	0	1.170000	0.374000	-0.185000	0	1.100000	0.175000	-0.101000	0	0.0200	0.1340	-0.1530	0					4.350000	0.118000	-0.194000	0
11292	1	5770.00	83.00	-83.00	0	1.653000	0.009000	-0.012000	0	1.178000	0.021000	-0.030000	0	0.2900	0.1000	-0.1000	0								
11302	1	5770.00	83.00	-83.00	0	1.653000	0.009000	-0.012000	0	1.178000	0.021000	-0.030000	0	0.2900	0.1000	-0.1000	0								
11309	1	5770.00	83.00	-83.00	0	1.653000	0.009000	-0.012000	0	1.178000	0.021000	-0.030000	0	0.2900	0.1000	-0.1000	0								
11314	1	5660.00	114.11	-108.37	0	0.930000	0.128000	-0.070000	0	0.950000	0.051000	-0.049000	0	-0.0200	0.1310	-0.1740	0					4.490000	0.052000	-0.112000	0
11322	1	5216.00	81.36	-108.14	0	0.800000	0.048000	-0.047000	0	0.840000	0.043000	-0.046000	0	-0.0400	0.1420	-0.1690	0					4.560000	0.033000	-0.060000	0
11331	1	5556.00	63.00	-77.30	0	0.930000	0.142000	-0.064000	0	0.950000	0.044000	-0.044000	0	0.0800	0.1660	-0.1580	0					4.490000	0.054000	-0.133000	0
11346	1	6241.00	114.93	-99.80	0	1.280000	0.551000	-0.185000	0	1.180000	0.182000	-0.102000	0	0.0000	0.1200	-0.1900	0					4.290000	0.114000	-0.243000	0
11350	1	5776.00	152.50	-137.20	0	0.970000	0.162000	-0.088000	0	0.990000	0.072000	-0.060000	0	-0.0300	0.1400	-0.1800	0					4.460000	0.065000	-0.129000	0
11362	1	5486.00	70.55	-100.36	0	0.890000	0.101000	-0.055000	0	0.920000	0.042000	-0.045000	0	0.0400	0.1420	-0.1570	0					4.510000	0.044000	-0.104000	0
11366	1	5359.00	98.28	-120.32	0	0.830000	0.065000	-0.052000	0	0.870000	0.043000	-0.049000	0	-0.0400	0.1580	-0.1640	0					4.550000	0.037000	-0.078000	0
11379	1	5818.00	83.49	-92.17	0	0.990000	0.162000	-0.090000	0	0.990000	0.056000	-0.062000	0	-0.0400	0.1560	-0.1890	0					4.450000	0.066000	-0.129000	0
11385	1	6339.00	64.06	-65.86	0	2.000000	0.339000	-0.346000	0	1.450000	0.122000	-0.112000	0	0.1300	0.0900	-0.0820	0					4.000000	0.129000	-0.105000	0
11395	1	5609.00	92.88	-129.75	0	0.910000	0.131000	-0.064000	0	0.940000	0.045000	-0.057000	0	-0.0100	0.1390	-0.1740	0					4.500000	0.049000	-0.121000	0
11416	1	5884.00	75.00	-75.00	0	1.127000	0.033000	-0.033000	0													4.304000	0.053000	-0.053000	0
11429	1	5879.00	48.00	-51.00	0	1.170000	0.100000	-0.090000	0	1.000000	0.090000	-0.100000	0	0.0200	0.4600	-0.4600	0	0.15500	0.08800	-0.10200	0	4.290000	0.070000	-0.060000	0
11433	1	5884.00	75.00	-75.00	0	1.127000	0.033000	-0.033000	0													4.304000	0.053000	-0.053000	0
11449	1	6130.00	87.31	-108.91	0	1.790000	0.381000	-0.406000	0	1.290000	0.164000	-0.150000	0	0.0500	0.1020	-0.0640	0					4.040000	0.172000	-0.117000	0
11464	1	5188.00	55.60	-60.07	0	0.810000	0.049000	-0.037000	0	0.850000	0.036000	-0.042000	0	0.0100	0.1410	-0.1620	0					4.560000	0.028000	-0.062000	0
11468	1	5236.00	58.55	-77.09	0	0.820000	0.059000	-0.041000	0	0.860000	0.039000	-0.043000	0	0.0400	0.1570	-0.1680	0					4.550000	0.033000	-0.072000	0
11478	1	5771.00	85.68	-110.62	0	1.000000	0.237000	-0.088000	0	1.010000	0.051000	-0.054000	0	0.0400	0.1330	-0.1560	0					4.440000	0.069000	-0.172000	0
11489	1	5259.00	97.24	-121.88	0	0.810000	0.054000	-0.048000	0	0.850000	0.043000	-0.051000	0	-0.0500	0.1510	-0.1640	0					4.560000	0.034000	-0.063000	0
11494	1	5701.00	138.16	-175.79	0	0.960000	0.168000	-0.089000	0	0.970000	0.063000	-0.060000	0	0.0100	0.1200	-0.1600	0					4.470000	0.067000	-0.136000	0
11510	1	5727.00	140.59	-132.91	0	0.970000	0.220000	-0.087000	0	0.980000	0.065000	-0.057000	0	0.0000	0.1300	-0.1720	0					4.450000	0.070000	-0.168000	0
11518	1	5884.00	77.63	-103.16	0	1.080000	0.286000	-0.109000	0	1.060000	0.067000	-0.060000	0	0.0600	0.1450	-0.1470	0					4.390000	0.083000	-0.182000	0
11522	1	3468.00	33.65	-30.71	0	0.340000	0.030000	-0.033000	0	0.350000	0.038000	-0.037000	0	-0.1300	0.0780	-0.0740	0					4.920000	0.038000	-0.032000	0
11536	1	5235.00	99.72	-154.88	0	0.800000	0.055000	-0.051000	0	0.850000	0.048000	-0.050000	0	-0.0300	0.1620	-0.1700	0					4.560000	0.036000	-0.063000	0
11541	1	5685.00	74.00	-74.00	0	1.030000	0.100000	-0.100000	0	1.020000	0.060000	-0.060000	0	0.1200	0.0700	-0.0700	0					4.417000	0.080000	-0.080000	0
11564	1	5685.00	74.00	-74.00	0	1.030000	0.100000	-0.100000	0	1.020000	0.060000	-0.060000	0	0.1200	0.0700	-0.0700	0					4.417000	0.080000	-0.080000	0
11570	1	5549.00	136.60	-124.53	0	0.880000	0.095000	-0.068000	0	0.910000	0.054000	-0.058000	0	-0.0700	0.1510	-0.1830	0					4.510000	0.048000	-0.097000	0
11579	1	5748.00	87.26	-72.30	0	1.400000	0.297000	-0.296000	0	1.050000	0.083000	-0.058000	0	0.0900	0.1010	-0.0730	0					4.160000	0.181000	-0.136000	0
11594	1	5748.00	87.26	-72.30	0	1.400000	0.297000	-0.296000	0	1.050000	0.083000	-0.058000	0	0.0900	0.1010	-0.0730	0					4.160000	0.181000	-0.136000	0
11600	1	5616.00	124.00	-90.00	0	1.674000	0.275000	-0.378000	0	1.032000	0.107000	-0.097000	0	0.0400	0.1500	-0.1500	0					4.004000	0.202000	-0.093000	0
11605	1	5719.00	71.88	-58.57	0	0.920000	0.025000	-0.028000	0	0.990000	0.028000	-0.033000	0	-0.0200	0.0940	-0.0960	0					4.510000	0.017000	-0.018000	0
11623	1	5721.00	103.00	-126.00	0	0.905000	0.127000	-0.045000	0	0.983000	0.056000	-0.070000	0	0.0200	0.1500	-0.1500	0					4.517000	0.028000	-0.112000	0
11627	1	5453.00	82.15	-76.05	0	0.850000	0.025000	-0.025000	0	0.920000	0.031000	-0.034000	0	0.0000	0.0930	-0.1000	0					4.540000	0.017000	-0.022000	0
11635	1	4188.00	92.28	-113.71	0	0.590000	0.019000	-0.021000	0	0.600000	0.020000	-0.021000	0	-0.2200	0.0780	-0.0680	0					4.680000	0.019000	-0.022000	0
11652	1	4861.00	81.92	-112.47	0	0.750000	0.030000	-0.032000	0	0.800000	0.034000	-0.037000	0	0.0700	0.1570	-0.1650	0					4.600000	0.019000	-0.037000	0
11656	1	4818.00	143.00	-129.00	0	0.856000	0.089000	-0.089000	0	0.809000	0.047000	-0.042000	0	0.5600	0.0500	-0.3000	0					4.481000	0.078000	-0.585000	0
11665	1	5884.00	97.80	-96.34	0	1.120000	0.173000	-0.119000	0	1.040000	0.048000	-0.046000	0	0.0300	0.0840	-0.0840	0					4.360000	0.097000	-0.109000	0
11674	1	5144.00	84.20	-69.20	0	0.790000	0.040000	-0.037000	0	0.830000	0.035000	-0.043000	0	-0.0100	0.1330	-0.1560	0					4.570000	0.027000	-0.052000	0
11682	1	4598.00	63.77	-51.73	0	0.700000	0.023000	-0.032000	0	0.730000	0.028000	-0.037000	0	-0.0100	0.1410	-0.1460	0					4.620000	0.019000	-0.029000	0
11700	1	3655.00	45.46	-50.09	0	0.540000	0.018000	-0.018000	0	0.560000	0.015000	-0.019000	0	0.4400	0.0430	-0.0590	0					4.730000	0.018000	-0.020000	0
11710	1	6003.00	146.00	-146.00	0	1.178000	0.229000	-0.229000	0													4.310000	0.150000	-0.150000	0
11723	1	6003.00	146.00	-146.00	0	1.178000	0.229000	-0.229000	0													4.310000	0.150000	-0.150000	0
11739	1	6003.00	146.00	-146.00	0	1.178000	0.229000	-0.229000	0													4.310000	0.150000	-0.150000	0
11745	1	6023.00	82.47	-66.42	0	1.100000	0.149000	-0.103000	0	1.030000	0.057000	-0.055000	0	-0.1300	0.1160	-0.1170	0					4.370000	0.082000	-0.108000	0
11750	1	4817.00	51.95	-67.43	0	0.740000	0.028000	-0.025000	0	0.800000	0.030000	-0.036000	0	0.1000	0.1540	-0.1670	0					4.600000	0.015000	-0.037000	0
11762	1	4094.00	91.20	-86.13	0	0.530000	0.064000	-0.038000	0	0.540000	0.072000	-0.036000	0	-0.4500	0.2790	-0.1830	0					4.730000	0.037000	-0.046000	0
11776	1	4094.00	91.20	-86.13	0	0.530000	0.064000	-0.038000	0	0.540000	0.072000	-0.036000	0	-0.4500	0.2790	-0.1830	0					4.730000	0.037000	-0.046000	0
11785	1	3640.00	81.00	-90.00	0	0.503000	0.030000	-0.056000	0	0.513000	0.036000	-0.054000	0	0.2100	0.1500	-0.1500	0					4.744000	0.056000	-0.024000	0
11796	1	5488.00	151.55	-103.39	0	0.870000	0.106000	-0.066000	0	0.900000	0.052000	-0.056000	0	-0.0700	0.1510	-0.1840	0					4.520000	0.048000	-0.106000	0
11803	1	5704.00	169.00	-186.00	0	0.804000	0.194000	-0.077000	0	0.897000	0.088000	-0.107000	0	-0.3000	0.3000	-0.3000	0					4.575000	0.040000	-0.160000	0
11809	1	6169.00	74.24	-59.83	0	1.400000	0.304000	-0.215000	0	1.180000	0.111000	-0.064000	0	0.0200	0.0820	-0.0880	0					4.210000	0.135000	-0.131000	0
11820	1	4776.00	54.15	-70.56	0	0.730000	0.024000	-0.032000	0	0.780000	0.031000	-0.039000	0	0.0500	0.1520	-0.1760	0					4.610000	0.016000	-0.030000	0
11827	1	5550.00	82.37	-93.24	0	0.910000	0.126000	-0.063000	0	0.930000	0.041000	-0.050000	0	0.0100	0.1260	-0.1780	0					4.500000	0.052000	-0.124000	0
11842	1	6725.00	280.90	-196.41	0	1.740000	0.628000	-0.317000	0	1.450000	0.213000	-0.159000	0	0.0200	0.1290	-0.1680	0					4.120000	0.132000	-0.206000	0
11849	1	5885.00	115.84	-121.67	0	1.030000	0.248000	-0.108000	0	1.020000	0.071000	-0.071000	0	-0.0300	0.1460	-0.2000	0					4.420000	0.075000	-0.173000	0
11863	1	5780.00	91.61	-90.02	0	0.990000	0.201000	-0.090000	0	1.000000	0.058000	-0.059000	0	0.0000	0.1310	-0.1770	0					4.440000	0.068000	-0.155000	0
11866	1	4500.00	38.73	-38.83	0	0.690000	0.018000	-0.022000	0	0.720000	0.020000	-0.024000	0	0.0200	0.1230	-0.1070	0					4.620000	0.019000	-0.025000	0
11883	1	5736.00	100.00	-100.00	0	1.425000	0.236000	-0.236000	0													4.186000	0.150000	-0.150000	0
11894	1	5736.00	100.00	-100.00	0	1.425000	0.236000	-0.236000	0													4.186000	0.150000	-0.150000	0
11898	1	5608.00	83.00	-112.79	0	0.940000	0.226000	-0.070000	0	0.970000	0.047000	-0.051000	0	0.0800	0.1390	-0.1510	0					4.480000	0.057000	-0.185000	0
11911	1	4508.00	243.21	-204.59	0	0.690000	0.048000	-0.044000	0	0.720000	0.050000	-0.054000	0	0.0500	0.1550	-0.1600	0					4.630000	0.029000	-0.033000	0
11927	1	5581.00	83.36	-69.91	0	0.900000	0.036000	-0.032000	0	0.950000	0.033000	-0.038000	0	0.0000	0.0980	-0.1000	0					4.510000	0.027000	-0.034000	0
11929	1	5628.00	142.84	-162.16	0	0.920000	0.127000	-0.080000	0	0.940000	0.058000	-0.061000	0	-0.0400	0.1500	-0.1870	0					4.490000	0.059000	-0.116000	0
11947	1	5614.00	91.79	-87.50	0	0.910000	0.122000	-0.063000	0	0.940000	0.043000	-0.050000	0	-0.0300	0.1390	-0.1750	0					4.500000	0.050000	-0.118000	0
11948	1	4903.00	66.92	-62.59	0	0.740000	0.029000	-0.042000	0	0.770000	0.039000	-0.044000	0	-0.0700	0.1560	-0.1780	0					4.600000	0.026000	-0.039000	0
11964	1	5512.00	86.32	-66.78	0	1.300000	0.192000	-0.262000	0	0.940000	0.051000	-0.042000	0	0.0500	0.0820	-0.0500	0					4.180000	0.174000	-0.103000	0
11971	1	5512.00	86.32	-66.78	0	1.300000	0.192000	-0.262000	0	0.940000	0.051000	-0.042000	0	0.0500	0.0820	-0.0500	0					4.180000	0.174000	-0.103000	0
11979	1	4523.00	51.15	-50.38	0	0.670000	0.029000	-0.046000	0	0.700000	0.037000	-0.050000	0	-0.0900	0.1670	-0.1880	0					4.640000	0.029000	-0.027000	0
11994	1	5909.00	114.45	-138.71	0	1.050000	0.215000	-0.108000	0	1.040000	0.077000	-0.068000	0	0.0000	0.1550	-0.1770	0					4.410000	0.078000	-0.149000	0
12001	1	5586.00	51.01	-56.05	0	0.930000	0.064000	-0.050000	0	0.940000	0.034000	-0.036000	0	0.0100	0.1120	-0.1100	0					4.470000	0.051000	-0.064000	0
12018	1	5983.00	150.00	-150.00	0	1.176000	0.228000	-0.228000	0													4.310000	0.150000	-0.150000	0
12022	1	5983.00	150.00	-150.00	0	1.176000	0.228000	-0.228000	0													4.310000	0.150000	-0.150000	0
12035	1	6331.00	166.81	-219.14	0	1.420000	0.642000	-0.247000	0	1.270000	0.201000	-0.137000	0	0.0700	0.1460	-0.1390	0					4.240000	0.126000	-0.259000	0
12053	1	4662.00	43.09	-46.26	0	0.720000	0.019000	-0.019000	0	0.790000	0.022000	-0.033000	0	0.1900	0.1080	-0.1880	0					4.620000	0.009000	-0.016000	0
12057	1	5527.00	128.51	-178.84	0	0.900000	0.106000	-0.064000	0	0.930000	0.050000	-0.057000	0	0.0300	0.1370	-0.1570	0					4.510000	0.047000	-0.105000	0
12067	1	5759.00	107.08	-75.84	0	0.930000	0.113000	-0.084000	0	0.950000	0.059000	-0.078000	0	-0.1600	0.1860	-0.2140	0					4.480000	0.057000	-0.105000	0
12081	1	5981.00	78.95	-91.31	0	1.130000	0.306000	-0.120000	0	1.090000	0.088000	-0.065000	0	0.0600	0.1450	-0.1650	0					4.370000	0.085000	-0.183000	0
12093	1	6449.00	123.48	-141.28	0	1.550000	0.690000	-0.299000	0	1.320000	0.222000	-0.137000	0	0.0400	0.1290	-0.1680	0					4.180000	0.149000	-0.248000	0
12096	1	6133.00	118.39	-160.70	0	1.210000	0.427000	-0.155000	0	1.140000	0.149000	-0.084000	0	0.0400	0.1350	-0.1540	0					4.330000	0.098000	-0.214000	0
12113	1	5193.00	74.46	-55.99	0	0.790000	0.029000	-0.032000	0	0.820000	0.037000	-0.041000	0	-0.1100	0.1030	-0.1120	0					4.570000	0.027000	-0.037000	0
12118	1	5911.00	102.08	-101.96	0	1.040000	0.231000	-0.100000	0	1.040000	0.068000	-0.068000	0	-0.0100	0.1470	-0.1930	0					4.420000	0.070000	-0.157000	0
12129	1	6086.00	98.49	-194.89	0	1.280000	1.148000	-0.191000	0	1.160000	0.410000	-0.082000	0	0.0300	0.1580	-0.2260	0					4.290000	0.126000	-0.426000	0
12138	1	6090.00	120.00	-120.00	0	1.275000	0.244000	-0.244000	0													4.271000	0.150000	-0.150000	0
12150	1	6090.00	120.00	-120.00	0	1.275000	0.244000	-0.244000	0													4.271000	0.150000	-0.150000	0
12160	1	3827.00	45.42	-59.63	0	0.530000	0.031000	-0.050000	0	0.550000	0.032000	-0.052000	0	-0.0600	0.1200	-0.1600	0					4.740000	0.045000	-0.027000	0
12175	1	3827.00	45.42	-59.63	0	0.530000	0.031000	-0.050000	0	0.550000	0.032000	-0.052000	0	-0.0600	0.1200	-0.1600	0					4.740000	0.045000	-0.027000	0
12183	1	4439.00	82.58	-77.72	0	0.670000	0.026000	-0.036000	0	0.700000	0.031000	-0.043000	0	-0.0300	0.1560	-0.1610	0					4.640000	0.022000	-0.025000	0
12187	1	6118.00	107.49	-116.34	0	1.160000	0.327000	-0.141000	0	1.110000	0.112000	-0.080000	0	0.0000	0.1360	-0.1920	0					4.350000	0.091000	-0.180000	0
12198	1	4776.00	158.62	-111.78	0	0.720000	0.036000	-0.039000	0	0.760000	0.042000	-0.046000	0	-0.0600	0.1580	-0.1660	0					4.610000	0.026000	-0.032000	0
12210	1	6168.00	136.72	-202.44	0	1.240000	0.488000	-0.187000	0	1.160000	0.164000	-0.111000	0	0.0300	0.1330	-0.1560	0					4.310000	0.112000	-0.229000	0
12217	1	5352.00	68.59	-62.37	0	0.830000	0.056000	-0.045000	0	0.880000	0.038000	-0.042000	0	-0.0400	0.1370	-0.1500	0					4.550000	0.034000	-0.072000	0
12230	1	5106.00	65.11	-84.13	0	0.780000	0.041000	-0.038000	0	0.820000	0.038000	-0.042000	0	-0.0200	0.1420	-0.1580	0					4.580000	0.027000	-0.054000	0
12237	1	5597.00	92.01	-91.12	0	0.900000	0.134000	-0.069000	0	0.930000	0.054000	-0.062000	0	-0.0600	0.1490	-0.1960	0					4.500000	0.051000	-0.132000	0
12243	1	5181.00	58.32	-55.42	0	0.790000	0.045000	-0.050000	0	0.820000	0.041000	-0.049000	0	-0.0800	0.1530	-0.1790	0					4.570000	0.034000	-0.060000	0
12254	1	4709.00	46.37	-55.60	0	0.720000	0.023000	-0.023000	0	0.780000	0.027000	-0.036000	0	0.1100	0.1340	-0.1770	0					4.620000	0.012000	-0.026000	0
12266	1	6165.00	100.00	-100.00	0	1.355000	0.248000	-0.248000	0													4.244000	0.150000	-0.150000	0
12283	1	6165.00	100.00	-100.00	0	1.355000	0.248000	-0.248000	0													4.244000	0.150000	-0.150000	0
12291	1	6778.00	324.31	-343.47	0	1.830000	0.626000	-0.405000	0	1.510000	0.225000	-0.211000	0	0.0600	0.1410	-0.1600	0					4.090000	0.158000	-0.201000	0
12299	1	5131.00	55.23	-57.72	0	0.790000	0.041000	-0.039000	0	0.830000	0.036000	-0.040000	0	0.0000	0.1480	-0.1500	0					4.570000	0.029000	-0.057000	0
12309	1	4857.00	51.17	-72.62	0	0.740000	0.025000	-0.027000	0	0.800000	0.029000	-0.036000	0	0.0600	0.1490	-0.1530	0					4.600000	0.014000	-0.036000	0
12315	1	4839.00	102.94	-109.75	0	0.720000	0.035000	-0.043000	0	0.760000	0.040000	-0.049000	0	-0.0900	0.1630	-0.1740	0					4.610000	0.027000	-0.036000	0
12332	1	6805.00	136.21	-160.28	0	1.790000	0.625000	-0.306000	0	1.490000	0.209000	-0.138000	0	0.0400	0.1310	-0.1480	0					4.100000	0.128000	-0.204000	0
12337	1	5770.00	86.40	-88.36	0	1.050000	0.155000	-0.096000	0	1.000000	0.043000	-0.041000	0	0.0300	0.0890	-0.0970	0					4.390000	0.084000	-0.112000	0
12348	1	5770.00	86.40	-88.36	0	1.050000	0.155000	-0.096000	0	1.000000	0.043000	-0.041000	0	0.0300	0.0890	-0.0970	0					4.390000	0.084000	-0.112000	0
12353	1	4070.00	63.00	-54.22	0	0.600000	0.028000	-0.036000	0	0.620000	0.032000	-0.041000	0	-0.0200	0.1620	-0.1580	0					4.680000	0.026000	-0.023000	0
12369	1	4106.00	55.83	-57.12	0	0.600000	0.028000	-0.049000	0	0.620000	0.034000	-0.054000	0	-0.0600	0.1670	-0.2040	0					4.680000	0.033000	-0.024000	0
12379	1	5906.00	120.57	-160.03	0	1.080000	0.224000	-0.108000	0	1.070000	0.083000	-0.064000	0	0.1000	0.1480	-0.1390	0					4.400000	0.071000	-0.146000	0
12384	1	5761.00	132.70	-110.01	0	0.990000	0.150000	-0.083000	0	0.990000	0.060000	-0.055000	0	0.0000	0.1360	-0.1590	0					4.450000	0.060000	-0.128000	0
12400	1	5187.00	100.00	-100.00	0	0.802000	0.056000	-0.056000	0													4.553000	0.150000	-0.150000	0
12408	1	5187.00	100.00	-100.00	0	0.802000	0.056000	-0.056000	0													4.553000	0.150000	-0.150000	0
12422	1	6202.00	115.03	-131.46	0	1.290000	0.463000	-0.179000	0	1.190000	0.155000	-0.090000	0	0.0500	0.1390	-0.1410	0					4.290000	0.108000	-0.213000	0
12429	1	6202.00	115.03	-131.46	0	1.290000	0.463000	-0.179000	0	1.190000	0.155000	-0.090000	0	0.0500	0.1390	-0.1410	0					4.290000	0.108000	-0.213000	0
12444	1	5361.00	70.81	-74.06	0	0.830000	0.066000	-0.055000	0	0.870000	0.044000	-0.052000	0	-0.0700	0.1620	-0.1630	0					4.550000	0.039000	-0.081000	0
12448	1	5361.00	70.81	-74.06	0	0.830000	0.066000	-0.055000	0	0.870000	0.044000	-0.052000	0	-0.0700	0.1620	-0.1630	0					4.550000	0.039000	-0.081000	0
12454	1	5677.00	76.20	-103.14	0	0.970000	0.256000	-0.083000	0	0.980000	0.048000	-0.052000	0	0.0500	0.1260	-0.1630	0					4.460000	0.070000	-0.198000	0
12471	1	6299.00	169.62	-170.73	0	1.330000	0.620000	-0.203000	0	1.220000	0.203000	-0.115000	0	0.0300	0.1250	-0.1730	0					4.270000	0.115000	-0.260000	0
12479	1	5323.00	108.36	-85.42	0	0.810000	0.062000	-0.058000	0	0.850000	0.046000	-0.056000	0	-0.1300	0.1600	-0.1790	0					4.560000	0.041000	-0.075000	0
12489	1	6704.00	142.25	-207.96	0	1.780000	0.691000	-0.340000	0	1.470000	0.224000	-0.157000	0	0.0900	0.1370	-0.1430	0					4.110000	0.143000	-0.223000	0
12498	1	5659.00	64.10	-77.43	0	0.970000	0.183000	-0.073000	0	0.980000	0.045000	-0.045000	0	0.0700	0.1490	-0.1540	0					4.460000	0.060000	-0.153000	0
12508	1	5218.00	42.47	-53.61	0	0.820000	0.052000	-0.036000	0	0.860000	0.035000	-0.036000	0	0.0500	0.1360	-0.1400	0					4.550000	0.033000	-0.069000	0
12510	1	4407.00	93.22	-65.02	0	0.670000	0.021000	-0.019000	0	0.700000	0.021000	-0.019000	0	0.0300	0.1030	-0.0690	0					4.630000	0.020000	-0.023000	0
12527	1	5188.00	78.92	-114.14	0	0.790000	0.052000	-0.051000	0	0.830000	0.045000	-0.048000	0	-0.0400	0.1650	-0.1830	0					4.570000	0.035000	-0.061000	0
12530	1	3841.00	50.00	-51.00	0	0.535000	0.013000	-0.014000	0	0.535000	0.012000	-0.012000	0	-0.1800	0.1000	-0.1000	0	-1.25181	0.02996	-0.03218	0	4.710000	0.030000	-0.030000	0
12544	1	3841.00	50.00	-51.00	0	0.535000	0.013000	-0.014000	0	0.535000	0.012000	-0.012000	0	-0.1800	0.1000	-0.1000	0	-1.25181	0.02996	-0.03218	0	4.710000	0.030000	-0.030000	0
12572	1	3841.00	50.00	-51.00	0	0.535000	0.013000	-0.014000	0	0.535000	0.012000	-0.012000	0	-0.1800	0.1000	-0.1000	0	-1.25181	0.02996	-0.03218	0	4.710000	0.030000	-0.030000	0
12580	1	3841.00	50.00	-51.00	0	0.535000	0.013000	-0.014000	0	0.535000	0.012000	-0.012000	0	-0.1800	0.1000	-0.1000	0	-1.25181	0.02996	-0.03218	0	4.710000	0.030000	-0.030000	0
12583	1	5570.00	64.32	-82.20	0	0.940000	0.159000	-0.063000	0	0.960000	0.049000	-0.045000	0	0.1000	0.1590	-0.1490	0					4.480000	0.053000	-0.143000	0
12596	1	5747.00	83.75	-73.16	0	0.940000	0.112000	-0.073000	0	0.960000	0.049000	-0.068000	0	-0.1000	0.1610	-0.1950	0					4.480000	0.055000	-0.102000	0
12608	1	6161.00	92.38	-96.56	0	1.720000	0.352000	-0.308000	0	1.360000	0.123000	-0.097000	0	0.3000	0.0670	-0.0680	0					4.100000	0.139000	-0.127000	0
12613	1	6370.00	285.54	-259.89	0	1.440000	0.636000	-0.290000	0	1.260000	0.240000	-0.160000	0	0.0300	0.1300	-0.1730	0					4.230000	0.145000	-0.248000	0
12628	1	4919.00	158.66	-126.82	0	0.740000	0.042000	-0.041000	0	0.780000	0.042000	-0.048000	0	-0.0600	0.1730	-0.1680	0					4.600000	0.027000	-0.042000	0
12631	1	5732.00	65.47	-58.33	0	1.290000	0.297000	-0.195000	0	1.150000	0.097000	-0.049000	0	0.4100	0.0380	-0.0380	0					4.270000	0.129000	-0.143000	0
12639	1	5733.00	71.22	-88.00	0	1.030000	0.313000	-0.101000	0	1.020000	0.059000	-0.051000	0	0.1100	0.1550	-0.1350	0					4.410000	0.087000	-0.211000	0
12656	1	5046.00	67.56	-88.55	0	0.770000	0.038000	-0.033000	0	0.820000	0.035000	-0.039000	0	0.0200	0.1450	-0.1570	0					4.580000	0.024000	-0.047000	0
12668	1	4098.00	48.16	-51.90	0	0.610000	0.020000	-0.028000	0	0.630000	0.021000	-0.030000	0	0.0200	0.1100	-0.1070	0					4.670000	0.020000	-0.022000	0
12672	1	4098.00	48.16	-51.90	0	0.610000	0.020000	-0.028000	0	0.630000	0.021000	-0.030000	0	0.0200	0.1100	-0.1070	0					4.670000	0.020000	-0.022000	0
12685	1	4098.00	48.16	-51.90	0	0.610000	0.020000	-0.028000	0	0.630000	0.021000	-0.030000	0	0.0200	0.1100	-0.1070	0					4.670000	0.020000	-0.022000	0
12697	1	4098.00	48.16	-51.90	0	0.610000	0.020000	-0.028000	0	0.630000	0.021000	-0.030000	0	0.0200	0.1100	-0.1070	0					4.670000	0.020000	-0.022000	0
12709	1	5078.00	47.05	-46.72	0	0.740000	0.021000	-0.021000	0	0.810000	0.028000	-0.030000	0	-0.1400	0.0900	-0.0950	0					4.610000	0.012000	-0.011000	0
12719	1	5594.00	100.00	-100.00	0	1.300000	0.251000	-0.251000	0													4.247000	0.150000	-0.150000	0
12726	1	5594.00	100.00	-100.00	0	1.300000	0.251000	-0.251000	0													4.247000	0.150000	-0.150000	0
12743	1									1.078000	0.025500	-0.025500	0												
12749	1									1.078000	0.025500	-0.025500	0												
12750	1	5630.00	60.00	-60.00	0	1.045000	0.026000	-0.025000	0	1.078000	0.028000	-0.034000	0	0.3500	0.0400	-0.0400	0								
12751	1	5753.00	141.59	-169.25	0	0.980000	0.201000	-0.096000	0	0.980000	0.065000	-0.066000	0	-0.0100	0.1370	-0.1860	0					4.450000	0.069000	-0.155000	0
12766	1	5840.00	90.40	-77.55	0	1.100000	0.166000	-0.109000	0	1.030000	0.047000	-0.041000	0	0.0400	0.0950	-0.0920	0					4.360000	0.095000	-0.109000	0
12778	1	5479.00	80.63	-80.97	0	0.850000	0.089000	-0.066000	0	0.880000	0.046000	-0.055000	0	-0.1100	0.1590	-0.1770	0					4.530000	0.047000	-0.103000	0
12786	1	5697.00	65.18	-56.74	0	0.920000	0.049000	-0.044000	0	0.950000	0.041000	-0.046000	0	-0.0900	0.1130	-0.1250	0					4.500000	0.034000	-0.049000	0
12795	1	6481.00	65.36	-62.24	0	2.550000	0.346000	-0.391000	0	1.640000	0.091000	-0.124000	0	0.0600	0.0820	-0.0490	0					3.840000	0.111000	-0.085000	0
12806	1	6138.00	66.83	-60.63	0	1.230000	0.120000	-0.084000	0	1.170000	0.039000	-0.033000	0	0.1200	0.0730	-0.0680	0					4.330000	0.059000	-0.073000	0
12810	1	6195.00	181.71	-189.71	0	1.270000	0.462000	-0.181000	0	1.180000	0.170000	-0.101000	0	0.0400	0.1270	-0.1530	0					4.300000	0.103000	-0.217000	0
12823	1	6026.00	97.07	-95.81	0	1.120000	0.111000	-0.081000	0	1.090000	0.041000	-0.047000	0	0.0000	0.0780	-0.0830	0					4.370000	0.058000	-0.078000	0
12837	1	6126.00	115.41	-125.42	0	1.180000	0.371000	-0.140000	0	1.130000	0.118000	-0.081000	0	0.0100	0.1360	-0.1720	0					4.340000	0.091000	-0.192000	0
12839	1	6126.00	115.41	-125.42	0	1.180000	0.371000	-0.140000	0	1.130000	0.118000	-0.081000	0	0.0100	0.1360	-0.1720	0					4.340000	0.091000	-0.192000	0
12852	1	5735.00	112.36	-112.34	0	0.960000	0.156000	-0.078000	0	0.970000	0.056000	-0.058000	0	-0.0300	0.1340	-0.1730	0					4.470000	0.059000	-0.129000	0
12859	1	6395.00	60.00	-60.00	0	2.048000	0.112000	-0.084000	0	1.512000	0.043000	-0.043000	0	0.1200	0.0600	-0.0600	0	0.79900	0.04900	-0.05500	0	3.994000	0.028000	-0.036000	0
12875	1	6077.00	136.00	-136.00	0	1.288000	0.244000	-0.244000	0													4.272000	0.150000	-0.150000	0
12888	1	6077.00	136.00	-136.00	0	1.288000	0.244000	-0.244000	0													4.272000	0.150000	-0.150000	0
12899	1	5044.00	43.82	-45.77	0	0.780000	0.037000	-0.028000	0	0.830000	0.030000	-0.037000	0	0.0400	0.1470	-0.1430	0					4.580000	0.022000	-0.049000	0
12904	1	5964.00	104.96	-124.67	0	1.100000	0.234000	-0.116000	0	1.070000	0.072000	-0.064000	0	0.0400	0.1440	-0.1580	0					4.390000	0.078000	-0.157000	0
12915	1	5416.00	64.99	-74.47	0	0.870000	0.084000	-0.048000	0	0.900000	0.040000	-0.043000	0	0.0300	0.1420	-0.1530	0					4.530000	0.037000	-0.094000	0
12925	1	6060.00	144.25	-145.90	0	1.150000	0.288000	-0.133000	0	1.110000	0.098000	-0.070000	0	0.0300	0.1370	-0.1630	0					4.360000	0.088000	-0.162000	0
12937	1	5261.00	99.17	-104.59	0	0.800000	0.054000	-0.054000	0	0.840000	0.046000	-0.052000	0	-0.0900	0.1610	-0.1870	0					4.560000	0.038000	-0.065000	0
12945	1	5925.00	156.83	-211.16	0	1.070000	0.234000	-0.120000	0	1.050000	0.080000	-0.077000	0	0.0300	0.1390	-0.1460	0					4.400000	0.081000	-0.156000	0
12955	1	5892.00	61.02	-55.69	0	1.120000	0.177000	-0.110000	0	1.050000	0.038000	-0.038000	0	0.0400	0.0950	-0.0830	0					4.360000	0.094000	-0.114000	0
12959	1	6010.00	158.66	-154.68	0	1.150000	0.268000	-0.138000	0	1.100000	0.103000	-0.076000	0	0.0500	0.1420	-0.1420	0					4.360000	0.090000	-0.157000	0
12970	1	6170.00	99.15	-2360.24	0	1.350000	104.528000	-0.227000	0	1.210000	1.003000	-0.099000	0	0.0000	0.1470	-0.2190	0					4.250000	0.142000	-3.510000	0
12979	1	5160.00	76.61	-73.84	0	0.790000	0.041000	-0.038000	0	0.830000	0.038000	-0.045000	0	-0.0300	0.1470	-0.1550	0					4.570000	0.028000	-0.056000	0
12996	1	4910.00	100.00	-100.00	0	0.787000	0.044000	-0.044000	0													4.566000	0.150000	-0.150000	0
13005	1	4910.00	100.00	-100.00	0	0.787000	0.044000	-0.044000	0													4.566000	0.150000	-0.150000	0
13010	1	4092.00	100.24	-77.85	0	0.600000	0.031000	-0.035000	0	0.630000	0.036000	-0.039000	0	0.0100	0.1520	-0.1520	0					4.670000	0.026000	-0.023000	0
13020	1	5664.00	67.78	-68.48	0	0.920000	0.132000	-0.070000	0	0.950000	0.048000	-0.057000	0	-0.0400	0.1440	-0.1990	0					4.490000	0.052000	-0.122000	0
13029	1	5880.00	80.65	-68.91	0	1.270000	0.228000	-0.184000	0	1.060000	0.052000	-0.045000	0	0.0400	0.0860	-0.0890	0					4.250000	0.126000	-0.126000	0
13044	1	5196.00	117.54	-117.21	0	0.800000	0.051000	-0.049000	0	0.840000	0.045000	-0.051000	0	-0.0500	0.1670	-0.1700	0					4.570000	0.033000	-0.058000	0
13055	1	4951.00	74.11	-76.49	0	0.750000	0.032000	-0.036000	0	0.800000	0.035000	-0.043000	0	-0.0200	0.1540	-0.1660	0					4.590000	0.023000	-0.042000	0
13058	1	5267.00	55.51	-59.06	0	0.840000	0.059000	-0.038000	0	0.890000	0.036000	-0.038000	0	0.1200	0.1450	-0.1480	0					4.540000	0.032000	-0.072000	0
13069	1	6019.00	321.69	-283.99	0	1.150000	0.427000	-0.183000	0	1.090000	0.195000	-0.106000	0	0.0300	0.1320	-0.1550	0					4.350000	0.123000	-0.212000	0
13083	1	5839.00	93.84	-137.75	0	1.020000	0.201000	-0.092000	0	1.020000	0.060000	-0.063000	0	0.0200	0.1540	-0.1620	0					4.430000	0.068000	-0.146000	0
13087	1	4770.00	59.97	-63.35	0	0.720000	0.023000	-0.034000	0	0.770000	0.032000	-0.040000	0	0.0000	0.1500	-0.1670	0					4.610000	0.019000	-0.031000	0
13097	1	5796.00	113.94	-157.22	0	1.010000	0.225000	-0.100000	0	1.010000	0.063000	-0.067000	0	0.0400	0.1390	-0.1700	0					4.430000	0.075000	-0.158000	0
13112	1	5790.00	100.00	-100.00	0	1.269000	0.245000	-0.245000	0													4.262000	0.150000	-0.150000	0
13120	1	5790.00	100.00	-100.00	0	1.269000	0.245000	-0.245000	0													4.262000	0.150000	-0.150000	0
13132	1	5790.00	100.00	-100.00	0	1.269000	0.245000	-0.245000	0													4.262000	0.150000	-0.150000	0
13144	1	5187.00	207.12	-171.94	0	0.790000	0.069000	-0.057000	0	0.820000	0.055000	-0.058000	0	-0.1000	0.1670	-0.1940	0					4.570000	0.040000	-0.063000	0
13149	1	6335.00	73.18	-69.44	0	1.420000	0.293000	-0.162000	0	1.250000	0.094000	-0.063000	0	0.0500	0.0930	-0.0940	0					4.230000	0.091000	-0.129000	0
13159	1	6194.00	143.17	-121.64	0	1.230000	0.241000	-0.154000	0	1.150000	0.091000	-0.077000	0	0.0000	0.1360	-0.1650	0					4.320000	0.094000	-0.130000	0
13173	1	4939.00	85.32	-84.66	0	0.750000	0.031000	-0.037000	0	0.790000	0.035000	-0.043000	0	-0.0200	0.1440	-0.1710	0					4.590000	0.024000	-0.041000	0
13183	1	5838.00	94.69	-90.41	0	1.070000	0.139000	-0.093000	0	1.020000	0.046000	-0.041000	0	0.0100	0.0850	-0.0900	0					4.390000	0.082000	-0.096000	0
13194	1	5718.00	170.34	-173.56	0	0.950000	0.160000	-0.091000	0	0.970000	0.071000	-0.070000	0	-0.0300	0.1420	-0.1810	0					4.470000	0.066000	-0.130000	0
13197	1	5831.00	81.81	-107.42	0	1.020000	0.211000	-0.093000	0	1.020000	0.055000	-0.059000	0	0.0300	0.1390	-0.1670	0					4.430000	0.069000	-0.156000	0
13207	1	5793.00	120.55	-179.64	0	1.010000	0.202000	-0.101000	0	1.010000	0.065000	-0.066000	0	0.0600	0.1390	-0.1570	0					4.440000	0.072000	-0.152000	0
13220	1	6184.00	53.72	-58.83	0	1.360000	0.096000	-0.078000	0	1.280000	0.032000	-0.029000	0	0.3500	0.0540	-0.0540	0					4.280000	0.047000	-0.051000	0
13228	1	5902.00	68.85	-77.00	0	1.070000	0.285000	-0.100000	0	1.050000	0.062000	-0.058000	0	0.0400	0.1350	-0.1660	0					4.400000	0.078000	-0.184000	0
13233	1	5848.00	168.00	-168.00	0	1.359000	0.320000	-0.320000	0													4.202000	0.170000	-0.170000	0
13246	1	5848.00	168.00	-168.00	0	1.359000	0.320000	-0.320000	0													4.202000	0.170000	-0.170000	0
13255	1	4796.00	46.68	-59.94	0	0.720000	0.024000	-0.040000	0	0.770000	0.035000	-0.048000	0	-0.0300	0.2010	-0.1780	0					4.620000	0.022000	-0.022000	0
13260	1	5806.00	77.08	-100.35	0	1.030000	0.294000	-0.095000	0	1.030000	0.060000	-0.053000	0	0.0700	0.1390	-0.1410	0					4.420000	0.074000	-0.199000	0
13270	1	6031.00	121.96	-137.46	0	1.130000	0.295000	-0.127000	0	1.090000	0.089000	-0.070000	0	0.0200	0.1340	-0.1500	0					4.370000	0.085000	-0.174000	0
13282	1	6097.00	97.58	-116.39	0	1.190000	0.332000	-0.126000	0	1.140000	0.109000	-0.071000	0	0.0700	0.1400	-0.1380	0					4.340000	0.084000	-0.174000	0
13295	1	6291.00	88.58	-88.27	0	2.040000	0.368000	-0.342000	0	1.470000	0.127000	-0.118000	0	0.1900	0.0910	-0.0940	0					3.980000	0.125000	-0.109000	0
13299	1	6356.00	74.81	-65.48	0	1.320000	0.178000	-0.114000	0	1.210000	0.063000	-0.058000	0	-0.0300	0.0880	-0.0970	0					4.280000	0.072000	-0.091000	0
13307	1	5972.00	141.90	-172.48	0	1.090000	0.288000	-0.137000	0	1.060000	0.080000	-0.081000	0	-0.0100	0.1320	-0.1790	0					4.390000	0.093000	-0.179000	0
13317	1	5557.00	78.69	-80.38	0	0.900000	0.111000	-0.058000	0	0.930000	0.041000	-0.046000	0	-0.0200	0.1420	-0.1670	0					4.510000	0.045000	-0.111000	0
13329	1	5530.00	56.64	-67.02	0	0.960000	0.190000	-0.075000	0	0.970000	0.050000	-0.046000	0	0.2000	0.1340	-0.1750	0					4.460000	0.067000	-0.162000	0
13339	1	3578.00	54.92	-51.71	0	0.430000	0.040000	-0.051000	0	0.460000	0.041000	-0.056000	0	-0.0300	0.1120	-0.1260	0					4.830000	0.052000	-0.039000	0
13347	1	6075.00	131.00	-131.00	0	1.235000	0.237000	-0.237000	0													4.289000	0.150000	-0.150000	0
13360	1	6075.00	131.00	-131.00	0	1.235000	0.237000	-0.237000	0													4.289000	0.150000	-0.150000	0
13377	1	5698.00	66.72	-68.65	0	0.960000	0.174000	-0.070000	0	0.980000	0.042000	-0.048000	0	0.0400	0.1370	-0.1710	0					4.460000	0.056000	-0.141000	0
13383	1	5802.00	122.74	-150.60	0	1.000000	0.158000	-0.093000	0	1.000000	0.064000	-0.059000	0	0.0100	0.1450	-0.1660	0					4.450000	0.065000	-0.127000	0
13390	1	6394.00	77.00	-77.61	0	1.440000	0.126000	-0.095000	0	1.340000	0.054000	-0.051000	0	0.2600	0.0750	-0.0840	0					4.250000	0.047000	-0.060000	0
13406	1	6289.00	83.36	-68.31	0	1.270000	0.121000	-0.089000	0	1.190000	0.046000	-0.046000	0	0.0000	0.0770	-0.0800	0					4.300000	0.057000	-0.067000	0
13413	1	5810.00	85.52	-70.49	0	1.050000	0.123000	-0.080000	0	1.030000	0.041000	-0.035000	0	0.0600	0.1000	-0.0870	0					4.400000	0.069000	-0.093000	0
13420	1	6150.00	71.30	-60.88	0	1.260000	0.255000	-0.154000	0	1.130000	0.074000	-0.062000	0	-0.0300	0.0840	-0.1110	0					4.280000	0.108000	-0.127000	0
13436	1	4865.00	43.69	-52.46	0	0.750000	0.013000	-0.012000	0	0.810000	0.019000	-0.024000	0	0.1100	0.1020	-0.0970	0					4.600000	0.007000	-0.012000	0
13444	1	5722.00	108.69	-88.46	0	0.950000	0.159000	-0.071000	0	0.970000	0.050000	-0.059000	0	-0.0300	0.1300	-0.1830	0					4.470000	0.055000	-0.134000	0
13447	1	5774.00	89.88	-66.69	0	0.930000	0.117000	-0.083000	0	0.950000	0.058000	-0.073000	0	-0.1600	0.1760	-0.2100	0					4.490000	0.054000	-0.102000	0
13461	1	5979.00	98.77	-97.37	0	1.100000	0.233000	-0.109000	0	1.080000	0.072000	-0.063000	0	0.0400	0.1430	-0.1690	0					4.390000	0.076000	-0.151000	0
13474	1					1.850000	0.050000	-0.050000	0	1.320000	0.100000	-0.100000	0									4.020000	0.010000	-0.010000	0
13489	1					1.850000	0.050000	-0.050000	0	1.320000	0.100000	-0.100000	0									4.020000	0.010000	-0.010000	0
13496	1	4524.00	104.75	-94.04	0	0.680000	0.028000	-0.035000	0	0.710000	0.032000	-0.039000	0	-0.0200	0.1460	-0.1470	0					4.630000	0.023000	-0.027000	0
13503	1	5782.00	133.65	-186.17	0	0.990000	0.176000	-0.095000	0	1.000000	0.065000	-0.066000	0	0.0100	0.1350	-0.1640	0					4.450000	0.071000	-0.136000	0
13513	1	6101.00	90.21	-112.92	0	2.060000	0.279000	-0.256000	0	1.410000	0.112000	-0.140000	0	0.1400	0.0810	-0.0930	0					3.950000	0.083000	-0.072000	0
13526	1	5665.00	68.09	-70.11	0	0.940000	0.150000	-0.065000	0	0.970000	0.042000	-0.048000	0	0.0100	0.1260	-0.1640	0					4.480000	0.053000	-0.133000	0
13536	1	5448.00	59.86	-64.34	0	0.860000	0.083000	-0.049000	0	0.900000	0.042000	-0.048000	0	-0.0200	0.1470	-0.1690	0					4.530000	0.040000	-0.094000	0
13544	1	4075.00	61.23	-57.40	0	0.600000	0.026000	-0.038000	0	0.620000	0.028000	-0.042000	0	-0.0200	0.1340	-0.1670	0					4.680000	0.027000	-0.023000	0
13553	1	4231.00	68.40	-85.61	0	0.620000	0.035000	-0.074000	0	0.640000	0.049000	-0.083000	0	-0.0900	0.2120	-0.3360	0					4.670000	0.046000	-0.023000	0
13564	1	5866.00	137.28	-119.79	0	1.010000	0.152000	-0.100000	0	1.010000	0.068000	-0.069000	0	-0.0500	0.1540	-0.1890	0					4.430000	0.069000	-0.121000	0
13573	1	5653.00	119.66	-136.13	0	0.940000	0.139000	-0.071000	0	0.960000	0.053000	-0.053000	0	0.0200	0.1310	-0.1610	0					4.480000	0.055000	-0.126000	0
13584	1	4828.00	42.43	-40.76	0	0.740000	0.024000	-0.033000	0	0.780000	0.032000	-0.038000	0	0.0100	0.1500	-0.1610	0					4.610000	0.019000	-0.035000	0
13594	1	5948.00	100.00	-100.00	0	1.208000	0.226000	-0.226000	0													4.312000	0.150000	-0.150000	0
13599	1	5948.00	100.00	-100.00	0	1.208000	0.226000	-0.226000	0													4.312000	0.150000	-0.150000	0
13614	1	4422.00	43.62	-45.02	0	0.670000	0.023000	-0.040000	0	0.700000	0.032000	-0.047000	0	-0.0200	0.1800	-0.1720	0					4.640000	0.022000	-0.025000	0
13625	1	4919.00	49.81	-58.16	0	0.740000	0.031000	-0.041000	0	0.790000	0.036000	-0.046000	0	-0.0400	0.1740	-0.1740	0					4.600000	0.022000	-0.039000	0
13630	1	5756.00	144.59	-206.50	0	1.000000	0.208000	-0.101000	0	1.000000	0.070000	-0.066000	0	0.0600	0.1460	-0.1420	0					4.450000	0.069000	-0.159000	0
13643	1	5679.00	93.91	-125.80	0	0.950000	0.160000	-0.082000	0	0.960000	0.052000	-0.057000	0	0.0000	0.1470	-0.1910	0					4.470000	0.064000	-0.136000	0
13649	1	5828.00	112.18	-169.63	0	1.010000	0.174000	-0.093000	0	1.020000	0.064000	-0.064000	0	0.0300	0.1470	-0.1620	0					4.440000	0.066000	-0.134000	0
13659	1	5828.00	112.18	-169.63	0	1.010000	0.174000	-0.093000	0	1.020000	0.064000	-0.064000	0	0.0300	0.1470	-0.1620	0					4.440000	0.066000	-0.134000	0
13670	1	4726.00	60.73	-75.37	0	0.710000	0.026000	-0.042000	0	0.750000	0.036000	-0.049000	0	-0.0600	0.1740	-0.1750	0					4.620000	0.024000	-0.029000	0
13680	1	5884.00	144.58	-128.07	0	1.020000	0.175000	-0.105000	0	1.010000	0.074000	-0.069000	0	-0.0700	0.1490	-0.1960	0					4.430000	0.071000	-0.139000	0
13688	1	5332.00	179.19	-173.73	0	0.820000	0.072000	-0.059000	0	0.860000	0.055000	-0.057000	0	-0.0700	0.1590	-0.1870	0					4.550000	0.043000	-0.075000	0
13694	1	5893.00	162.90	-197.95	0	1.050000	0.181000	-0.114000	0	1.040000	0.083000	-0.075000	0	0.0300	0.1400	-0.1640	0					4.420000	0.075000	-0.128000	0
13706	1	5893.00	162.90	-197.95	0	1.050000	0.181000	-0.114000	0	1.040000	0.083000	-0.075000	0	0.0300	0.1400	-0.1640	0					4.420000	0.075000	-0.128000	0
13710	1	5794.00	78.00	-78.00	0	1.496000	0.245000	-0.299000	0	1.072000	0.112000	-0.084000	0	0.1400	0.1500	-0.1500	0					4.118000	0.182000	-0.098000	0
13719	1	5507.00	128.40	-170.81	0	0.890000	0.116000	-0.064000	0	0.920000	0.052000	-0.053000	0	0.0200	0.1400	-0.1710	0					4.510000	0.047000	-0.112000	0
13728	1	6012.00	100.00	-100.00	0	1.468000	0.289000	-0.289000	0													4.182000	0.150000	-0.150000	0
13744	1	6012.00	100.00	-100.00	0	1.468000	0.289000	-0.289000	0													4.182000	0.150000	-0.150000	0
13753	1	4961.00	84.41	-94.64	0	0.760000	0.030000	-0.035000	0	0.800000	0.036000	-0.043000	0	-0.0100	0.1440	-0.1600	0					4.590000	0.023000	-0.040000	0
13763	1	5660.00	86.53	-104.98	0	0.930000	0.137000	-0.068000	0	0.950000	0.047000	-0.061000	0	-0.0300	0.1430	-0.1880	0					4.480000	0.056000	-0.122000	0
13770	1	5533.00	83.00	-74.00	0	1.166000	0.174000	-0.212000	0	0.934000	0.063000	-0.045000	0	0.1600	0.1500	-0.1500	0					4.275000	0.168000	-0.112000	0
13776	1	6159.00	92.70	-114.64	0	1.250000	0.498000	-0.178000	0	1.160000	0.161000	-0.087000	0	0.0300	0.1290	-0.1470	0					4.310000	0.111000	-0.232000	0
13786	1	6046.00	77.17	-64.08	0	1.090000	0.078000	-0.059000	0	1.090000	0.037000	-0.041000	0	-0.0100	0.0920	-0.0970	0					4.400000	0.041000	-0.057000	0
13790	1	5870.00	115.73	-173.32	0	1.040000	0.202000	-0.106000	0	1.040000	0.065000	-0.071000	0	0.0400	0.1470	-0.1640	0					4.420000	0.070000	-0.145000	0
13802	1	6214.00	192.71	-203.22	0	1.280000	0.430000	-0.193000	0	1.180000	0.155000	-0.108000	0	0.0300	0.1290	-0.1630	0					4.290000	0.113000	-0.198000	0
13813	1	5663.00	68.09	-77.19	0	0.960000	0.203000	-0.069000	0	0.980000	0.043000	-0.046000	0	0.0600	0.1380	-0.1550	0					4.470000	0.057000	-0.167000	0
13816	1	5100.00	78.06	-73.51	0	0.780000	0.040000	-0.045000	0	0.810000	0.041000	-0.043000	0	-0.0600	0.1580	-0.1660	0					4.580000	0.029000	-0.051000	0
13823	1	5904.00	102.51	-137.72	0	1.060000	0.279000	-0.110000	0	1.040000	0.074000	-0.067000	0	0.0300	0.1360	-0.1780	0					4.410000	0.079000	-0.180000	0
13840	1	5796.00	74.44	-79.45	0	0.980000	0.156000	-0.078000	0	0.990000	0.050000	-0.060000	0	-0.0200	0.1430	-0.1870	0					4.450000	0.060000	-0.126000	0
13851	1	5272.00	200.00	-200.00	0	0.851000	0.413000	-0.413000	0													4.546000	0.300000	-0.300000	0
13852	1	5272.00	200.00	-200.00	0	0.851000	0.413000	-0.413000	0													4.546000	0.300000	-0.300000	0
13867	1	5172.00	52.20	-66.13	0	0.810000	0.048000	-0.038000	0	0.860000	0.038000	-0.044000	0	0.0700	0.1700	-0.1760	0					4.560000	0.030000	-0.059000	0
13873	1	5156.00	61.41	-70.65	0	0.810000	0.045000	-0.033000	0	0.850000	0.036000	-0.040000	0	0.0700	0.1460	-0.1550	0					4.560000	0.028000	-0.058000	0
13887	1	4908.00	52.54	-65.82	0	0.750000	0.029000	-0.031000	0	0.800000	0.032000	-0.036000	0	0.0400	0.1520	-0.1610	0					4.600000	0.019000	-0.040000	0
13895	1	5381.00	59.20	-59.31	0	0.840000	0.078000	-0.052000	0	0.880000	0.041000	-0.047000	0	-0.0400	0.1550	-0.1570	0					4.540000	0.038000	-0.093000	0
13903	1	6337.00	208.71	-223.77	0	1.400000	0.604000	-0.247000	0	1.250000	0.206000	-0.139000	0	0.0400	0.1320	-0.1590	0					4.240000	0.129000	-0.248000	0
13908	1	5730.00	204.01	-127.90	0	0.920000	0.129000	-0.086000	0	0.940000	0.076000	-0.073000	0	-0.1700	0.1810	-0.2120	0					4.490000	0.062000	-0.109000	0
13918	1	6087.00	92.28	-89.44	0	1.120000	0.073000	-0.064000	0	1.110000	0.041000	-0.042000	0	0.0200	0.0800	-0.0830	0					4.390000	0.040000	-0.053000	0
13932	1	5965.00	147.55	-160.68	0	1.120000	0.273000	-0.122000	0	1.080000	0.089000	-0.073000	0	0.0600	0.1380	-0.1410	0					4.380000	0.086000	-0.168000	0
13937	1	6541.00	230.55	-190.33	0	1.630000	0.647000	-0.324000	0	1.380000	0.208000	-0.160000	0	0.0400	0.1310	-0.1530	0					4.160000	0.145000	-0.232000	0
13944	1	5745.00	86.00	-77.00	0	3.955000	0.688000	-1.376000	0	1.801000	0.193000	-0.359000	0	0.4000	0.0500	-0.1500	0					3.499000	0.259000	-0.129000	0
13953	1	5820.00	71.05	-62.23	0	1.310000	0.294000	-0.255000	0	1.050000	0.068000	-0.050000	0	0.0600	0.0930	-0.0730	0					4.220000	0.168000	-0.152000	0
13961	1	5710.00	114.00	-91.00	0	1.524000	0.244000	-0.336000	0	1.003000	0.096000	-0.087000	0	0.0000	0.1500	-0.1500	0					4.073000	0.201000	-0.093000	0
13973	1	5655.00	76.91	-64.04	0	0.900000	0.106000	-0.073000	0	0.930000	0.048000	-0.061000	0	-0.1300	0.1740	-0.1920	0					4.510000	0.048000	-0.114000	0
13974	1	5565.53			0	0.957000	0.132000	-0.066000	0	0.977000	0.050000	-0.062000	0												
13978	1	5381.00	100.00	-100.00	0	0.953000	0.136000	-0.136000	0													4.465000	0.150000	-0.150000	0
13987	1	5381.00	100.00	-100.00	0	0.953000	0.136000	-0.136000	0													4.465000	0.150000	-0.150000	0
14001	1	5381.00	100.00	-100.00	0	0.953000	0.136000	-0.136000	0													4.465000	0.150000	-0.150000	0
14018	1	5515.00	193.53	-190.47	0	0.870000	0.107000	-0.071000	0	0.900000	0.065000	-0.057000	0	-0.0800	0.1560	-0.1790	0					4.520000	0.055000	-0.100000	0
14024	1	5728.00	84.52	-115.34	0	0.990000	0.219000	-0.083000	0	1.000000	0.049000	-0.051000	0	0.0600	0.1330	-0.1490	0					4.450000	0.064000	-0.164000	0
14028	1	5626.00	77.00	-77.00	0	1.389000	0.223000	-0.298000	0	0.991000	0.079000	-0.065000	0	0.1400	0.1500	-0.1500	0					4.149000	0.188000	-0.101000	0
14033	1	4712.00	54.27	-72.63	0	0.720000	0.023000	-0.030000	0	0.770000	0.029000	-0.040000	0	0.0600	0.1480	-0.1790	0					4.620000	0.015000	-0.028000	0
14042	1	5863.00	78.69	-82.85	0	1.290000	0.241000	-0.203000	0	1.060000	0.059000	-0.053000	0	0.0600	0.0940	-0.0710	0					4.240000	0.134000	-0.129000	0
14053	1	5659.00	86.94	-107.31	0	0.940000	0.133000	-0.073000	0	0.960000	0.048000	-0.055000	0	0.0100	0.1500	-0.1820	0					4.480000	0.056000	-0.122000	0
14058	1	5831.00	90.97	-139.38	0	1.040000	0.252000	-0.100000	0	1.030000	0.057000	-0.057000	0	0.0600	0.1330	-0.1460	0					4.420000	0.076000	-0.177000	0
14072	1	6182.00	140.35	-206.60	0	1.270000	0.517000	-0.202000	0	1.180000	0.175000	-0.112000	0	0.0500	0.1280	-0.1520	0					4.290000	0.116000	-0.238000	0
14077	1	5675.00	159.75	-169.00	0	0.950000	0.157000	-0.081000	0	0.960000	0.071000	-0.061000	0	0.0100	0.1340	-0.1720	0					4.470000	0.061000	-0.129000	0
14085	1	5256.00	60.36	-58.16	0	0.810000	0.051000	-0.041000	0	0.860000	0.038000	-0.042000	0	-0.0100	0.1410	-0.1560	0					4.560000	0.029000	-0.065000	0
14091	1	5097.00	77.02	-92.24	0	0.780000	0.039000	-0.040000	0	0.820000	0.038000	-0.043000	0	-0.0100	0.1490	-0.1690	0					4.580000	0.028000	-0.051000	0
14104	1	5515.00	122.00	-130.00	0	0.992000	0.058000	-0.070000	0	1.018000	0.044000	-0.052000	0	0.3600	0.0700	-0.0700	0	-0.08700	0.07800	-0.08800	0	4.460000	0.053000	-0.050000	0
14118	1	5560.00	100.00	-100.00	0	0.939000	0.136000	-0.136000	0													4.466000	0.150000	-0.150000	0
14128	1	5560.00	100.00	-100.00	0	0.939000	0.136000	-0.136000	0													4.466000	0.150000	-0.150000	0
14146	1	5560.00	100.00	-100.00	0	0.939000	0.136000	-0.136000	0													4.466000	0.150000	-0.150000	0
14156	1	5560.00	100.00	-100.00	0	0.939000	0.136000	-0.136000	0													4.466000	0.150000	-0.150000	0
14160	1	5528.00	122.00	-122.00	0	0.905339			0	0.970000			0					-0.16141			0	4.511220			0
14165	1	5845.00	122.09	-140.57	0	1.000000	0.177000	-0.104000	0	1.000000	0.067000	-0.068000	0	-0.0500	0.1560	-0.1850	0					4.440000	0.071000	-0.140000	0
14175	1	6229.00	111.62	-123.73	0	1.300000	0.539000	-0.181000	0	1.200000	0.173000	-0.093000	0	0.0400	0.1370	-0.1630	0					4.280000	0.106000	-0.242000	0
14179	1	6666.00	321.18	-272.08	0	1.720000	0.608000	-0.332000	0	1.440000	0.231000	-0.175000	0	0.0500	0.1380	-0.1500	0					4.130000	0.137000	-0.210000	0
14193	1	5069.00	95.03	-73.98	0	0.740000	0.049000	-0.071000	0	0.770000	0.049000	-0.066000	0	-0.1900	0.1790	-0.2590	0					4.590000	0.046000	-0.050000	0
14200	1	5393.00	102.27	-78.86	0	0.810000	0.078000	-0.066000	0	0.850000	0.055000	-0.063000	0	-0.1700	0.1800	-0.2040	0					4.550000	0.046000	-0.081000	0
14208	1	5686.00	65.36	-53.94	0	0.860000	0.023000	-0.029000	0	0.930000	0.031000	-0.037000	0	-0.1800	0.0990	-0.1110	0					4.540000	0.013000	-0.014000	0
14220	1	5676.00	104.55	-89.59	0	0.930000	0.116000	-0.069000	0	0.950000	0.051000	-0.058000	0	-0.0500	0.1530	-0.1790	0					4.490000	0.050000	-0.109000	0
14225	1	5410.00	63.43	-70.14	0	0.850000	0.086000	-0.056000	0	0.890000	0.041000	-0.046000	0	-0.0300	0.1500	-0.1730	0					4.530000	0.041000	-0.098000	0
14235	1	6158.00	294.77	-280.41	0	1.220000	0.484000	-0.226000	0	1.140000	0.224000	-0.122000	0	0.0100	0.1320	-0.1760	0					4.320000	0.137000	-0.223000	0
14241	1	5780.00	69.62	-80.25	0	0.990000	0.156000	-0.077000	0	1.000000	0.048000	-0.049000	0	0.0300	0.1380	-0.1620	0					4.450000	0.058000	-0.129000	0
14252	1	5460.00	200.00	-200.00	0	0.830000	0.411000	-0.411000	0													4.555000	0.300000	-0.300000	0
14266	1	5460.00	200.00	-200.00	0	0.830000	0.411000	-0.411000	0													4.555000	0.300000	-0.300000	0
14272	1	6200.00	177.72	-224.25	0	1.280000	0.464000	-0.203000	0	1.190000	0.154000	-0.120000	0	0.0400	0.1290	-0.1430	0					4.290000	0.114000	-0.219000	0
14283	1	6064.00	72.72	-86.89	0	1.290000	0.528000	-0.185000	0	1.170000	0.170000	-0.072000	0	0.1400	0.1520	-0.1400	0					4.280000	0.121000	-0.239000	0
14296	1	4372.00	59.14	-63.70	0	0.670000	0.017000	-0.058000	0	0.730000	0.022000	-0.095000	0	0.2000	0.1060	-0.3900	0					4.640000	0.018000	-0.009000	0
14303	1	5491.00	100.00	-100.00	0	0.950000	0.077000	-0.055000	0	0.943000	0.037000	-0.037000	0	0.1700	0.0600	-0.0600	0	-0.12901	0.07889	-0.06278	0	4.460000	0.100000	-0.100000	0
14310	1	5491.00	100.00	-100.00	0	0.950000	0.077000	-0.055000	0	0.943000	0.037000	-0.037000	0	0.1700	0.0600	-0.0600	0	-0.12901	0.07889	-0.06278	0	4.460000	0.100000	-0.100000	0
14317	1	6145.00	99.00	-80.00	0	1.289000	0.027000	-0.026000	0	1.196000	0.065000	-0.063000	0	0.1190	0.0800	-0.0750	0	0.32838	0.03146	-0.02518	0	4.295000	0.019000	-0.019000	0
14325	1	6145.00	99.00	-80.00	0	1.289000	0.027000	-0.026000	0	1.196000	0.065000	-0.063000	0	0.1190	0.0800	-0.0750	0	0.32838	0.03146	-0.02518	0	4.295000	0.019000	-0.019000	0
14334	1	6511.00	94.24	-81.34	0	1.410000	0.113000	-0.095000	0	1.300000	0.060000	-0.054000	0	0.0700	0.1100	-0.1090	0					4.260000	0.045000	-0.057000	0
14347	1	5904.00	92.11	-142.16	0	1.070000	0.225000	-0.116000	0	1.040000	0.074000	-0.064000	0	0.0300	0.1560	-0.1660	0					4.400000	0.083000	-0.151000	0
14360	1	7010.00	117.01	-113.20	0	1.950000	0.530000	-0.370000	0	1.580000	0.183000	-0.153000	0	0.0100	0.1440	-0.1520	0					4.060000	0.142000	-0.161000	0
14365	1	6846.00	320.29	-290.12	0	1.880000	0.609000	-0.376000	0	1.540000	0.210000	-0.182000	0	0.0600	0.1480	-0.1650	0					4.080000	0.148000	-0.187000	0
14370	1	6432.00	155.00	-214.00	0	1.345000	0.382000	-0.313000	0	1.060000	0.177000	-0.133000	0	-0.3400	0.2500	-0.3000	0					4.207000	0.190000	-0.171000	0
14372	1	5644.00	138.77	-112.71	0	0.910000	0.104000	-0.068000	0	0.940000	0.055000	-0.059000	0	-0.0700	0.1520	-0.1810	0					4.500000	0.051000	-0.099000	0
14383	1	5088.00	100.00	-100.00	0	0.724000	0.044000	-0.044000	0													4.605000	0.150000	-0.150000	0
14401	1	5088.00	100.00	-100.00	0	0.724000	0.044000	-0.044000	0													4.605000	0.150000	-0.150000	0
14410	1	4677.00	82.29	-71.28	0	0.710000	0.026000	-0.027000	0	0.760000	0.029000	-0.035000	0	0.0400	0.1440	-0.1520	0					4.610000	0.018000	-0.031000	0
14420	1	5042.00	73.64	-58.14	0	0.760000	0.022000	-0.025000	0	0.810000	0.033000	-0.036000	0	-0.0500	0.1080	-0.1070	0					4.590000	0.018000	-0.026000	0
14427	1	5706.00	131.97	-100.71	0	0.930000	0.121000	-0.071000	0	0.960000	0.055000	-0.058000	0	-0.0700	0.1570	-0.1750	0					4.490000	0.053000	-0.108000	0
14435	1	5708.00	150.00	-158.59	0	0.960000	0.161000	-0.089000	0	0.970000	0.070000	-0.062000	0	0.0000	0.1420	-0.1740	0					4.460000	0.065000	-0.131000	0
14444	1	6179.00	148.99	-210.53	0	1.250000	0.520000	-0.191000	0	1.170000	0.183000	-0.104000	0	0.0400	0.1350	-0.1600	0					4.310000	0.111000	-0.239000	0
14455	1	5748.00	70.33	-66.29	0	1.040000	0.055000	-0.042000	0	1.070000	0.033000	-0.034000	0	0.2700	0.0700	-0.0660	0					4.440000	0.032000	-0.044000	0
14459	1	4601.00	88.57	-73.91	0	0.690000	0.026000	-0.032000	0	0.730000	0.031000	-0.037000	0	-0.0100	0.1360	-0.1440	0					4.620000	0.021000	-0.028000	0
14475	1	6224.00	111.75	-166.75	0	1.320000	0.521000	-0.198000	0	1.210000	0.165000	-0.102000	0	0.0700	0.1420	-0.1440	0					4.270000	0.114000	-0.230000	0
14476	1	5857.00	88.96	-92.52	0	1.030000	0.168000	-0.088000	0	1.030000	0.056000	-0.056000	0	0.0300	0.1350	-0.1710	0					4.430000	0.066000	-0.129000	0
14489	1	5048.00	65.08	-97.92	0	0.770000	0.034000	-0.039000	0	0.810000	0.036000	-0.042000	0	-0.0300	0.1360	-0.1500	0					4.580000	0.024000	-0.049000	0
14501	1	5404.00	200.00	-200.00	0	0.892000	0.537000	-0.537000	0													4.446000	0.300000	-0.300000	0
14516	1	5404.00	200.00	-200.00	0	0.892000	0.537000	-0.537000	0													4.446000	0.300000	-0.300000	0
14521	1	5477.00	62.89	-65.13	0	0.880000	0.092000	-0.049000	0	0.920000	0.040000	-0.043000	0	0.0300	0.1410	-0.1660	0					4.520000	0.039000	-0.100000	0
14532	1	5477.00	62.89	-65.13	0	0.880000	0.092000	-0.049000	0	0.920000	0.040000	-0.043000	0	0.0300	0.1410	-0.1660	0					4.520000	0.039000	-0.100000	0
14542	1	5678.00	171.00	-188.00	0	1.303000	0.341000	-0.341000	0	1.015000	0.122000	-0.111000	0	0.2000	0.2000	-0.3000	0					4.215000	0.246000	-0.164000	0
14549	1	6260.00	161.61	-182.91	0	1.270000	0.548000	-0.206000	0	1.160000	0.201000	-0.115000	0	-0.0300	0.1330	-0.2170	0					4.290000	0.119000	-0.242000	0
14558	1	5559.00	129.54	-75.54	0	0.880000	0.113000	-0.069000	0	0.910000	0.055000	-0.056000	0	-0.1000	0.1590	-0.1750	0					4.510000	0.050000	-0.113000	0
14566	1	6431.00	243.97	-226.69	0	1.510000	0.651000	-0.296000	0	1.310000	0.216000	-0.150000	0	0.0300	0.1270	-0.1590	0					4.200000	0.144000	-0.243000	0
14575	1	5442.00	130.03	-110.47	0	0.860000	0.091000	-0.056000	0	0.900000	0.048000	-0.047000	0	-0.0100	0.1360	-0.1670	0					4.520000	0.044000	-0.096000	0
14583	1	6021.00	94.56	-92.04	0	1.110000	0.101000	-0.077000	0	1.080000	0.041000	-0.045000	0	0.0000	0.0780	-0.0820	0					4.380000	0.058000	-0.070000	0
14590	1	4434.00	69.95	-76.77	0	0.670000	0.026000	-0.036000	0	0.710000	0.035000	-0.049000	0	0.0500	0.1660	-0.1980	0					4.640000	0.018000	-0.022000	0
14598	1	5079.00	106.90	-78.80	0	0.770000	0.041000	-0.042000	0	0.810000	0.041000	-0.046000	0	-0.0800	0.1590	-0.1600	0					4.580000	0.028000	-0.050000	0
14603	1	5837.00	68.83	-71.61	0	1.030000	0.256000	-0.093000	0	1.030000	0.052000	-0.056000	0	0.0200	0.1370	-0.1670	0					4.420000	0.072000	-0.182000	0
14612	1	5176.00	55.53	-57.95	0	0.800000	0.046000	-0.043000	0	0.840000	0.039000	-0.045000	0	-0.0100	0.1560	-0.1710	0					4.570000	0.029000	-0.059000	0
14625	1	5690.00	108.00	-108.00	0	1.001000	0.190000	-0.190000	0													4.415000	0.150000	-0.150000	0
14633	1	5690.00	108.00	-108.00	0	1.001000	0.190000	-0.190000	0													4.415000	0.150000	-0.150000	0
14642	1	5769.00	78.25	-70.85	0	0.980000	0.082000	-0.059000	0	0.980000	0.040000	-0.044000	0	-0.0400	0.1040	-0.1150	0					4.450000	0.052000	-0.074000	0
14651	1	5769.00	78.25	-70.85	0	0.980000	0.082000	-0.059000	0	0.980000	0.040000	-0.044000	0	-0.0400	0.1040	-0.1150	0					4.450000	0.052000	-0.074000	0
14660	1	5769.00	78.25	-70.85	0	0.980000	0.082000	-0.059000	0	0.980000	0.040000	-0.044000	0	-0.0400	0.1040	-0.1150	0					4.450000	0.052000	-0.074000	0
14670	1	4540.00	69.37	-88.20	0	0.690000	0.025000	-0.030000	0	0.740000	0.030000	-0.044000	0	0.1000	0.1540	-0.1960	0					4.630000	0.015000	-0.022000	0
14681	1	5282.00	75.06	-78.58	0	0.810000	0.059000	-0.045000	0	0.860000	0.041000	-0.045000	0	-0.0400	0.1520	-0.1640	0					4.560000	0.032000	-0.070000	0
14689	1	5564.00	63.25	-63.29	0	0.990000	0.133000	-0.092000	0	0.940000	0.032000	-0.031000	0	0.0600	0.0840	-0.0780	0					4.410000	0.097000	-0.110000	0
14703	1	5564.00	63.25	-63.29	0	0.990000	0.133000	-0.092000	0	0.940000	0.032000	-0.031000	0	0.0600	0.0840	-0.0780	0					4.410000	0.097000	-0.110000	0
14707	1	5564.00	63.25	-63.29	0	0.990000	0.133000	-0.092000	0	0.940000	0.032000	-0.031000	0	0.0600	0.0840	-0.0780	0					4.410000	0.097000	-0.110000	0
14714	1	5564.00	63.25	-63.29	0	0.990000	0.133000	-0.092000	0	0.940000	0.032000	-0.031000	0	0.0600	0.0840	-0.0780	0					4.410000	0.097000	-0.110000	0
14725	1	6561.00	148.25	-171.68	0	1.650000	0.738000	-0.302000	0	1.390000	0.231000	-0.140000	0	0.0700	0.1370	-0.1440	0					4.140000	0.138000	-0.250000	0
14735	1	4886.00	73.93	-56.64	0	0.740000	0.016000	-0.019000	0	0.810000	0.024000	-0.029000	0	0.0200	0.1130	-0.1090	0					4.610000	0.009000	-0.011000	0
14744	1	5201.00	136.42	-84.36	0	0.800000	0.049000	-0.047000	0	0.840000	0.043000	-0.047000	0	-0.0600	0.1440	-0.1650	0					4.570000	0.034000	-0.059000	0
14753	1	5623.00	325.49	-260.22	0	0.930000	0.173000	-0.091000	0	0.950000	0.107000	-0.073000	0	0.0100	0.1440	-0.1690	0					4.480000	0.068000	-0.120000	0
14757	1	6078.00	94.46	-139.23	0	1.180000	0.360000	-0.141000	0	1.120000	0.102000	-0.078000	0	0.0400	0.1340	-0.1510	0					4.340000	0.092000	-0.192000	0
14768	1	5706.00	63.43	-77.25	0	0.970000	0.192000	-0.070000	0	0.990000	0.045000	-0.047000	0	0.0500	0.1380	-0.1570	0					4.460000	0.058000	-0.150000	0
14778	1	5324.00	103.58	-124.08	0	0.840000	0.069000	-0.048000	0	0.880000	0.043000	-0.048000	0	0.0200	0.1500	-0.1600	0					4.540000	0.039000	-0.080000	0
14789	1	4508.00	100.00	-100.00	0	0.620000	0.029000	-0.029000	0													4.684000	0.150000	-0.150000	0
14805	1	4508.00	100.00	-100.00	0	0.620000	0.029000	-0.029000	0													4.684000	0.150000	-0.150000	0
14815	1	5991.00	161.09	-159.37	0	1.110000	0.256000	-0.135000	0	1.070000	0.095000	-0.076000	0	0.0100	0.1200	-0.1840	0					4.380000	0.094000	-0.152000	0
14824	1	6136.00	242.35	-164.67	0	1.220000	0.419000	-0.176000	0	1.140000	0.172000	-0.088000	0	0.0100	0.1350	-0.1700	0					4.320000	0.109000	-0.200000	0
14834	1	5202.00	85.40	-75.40	0	0.780000	0.021000	-0.021000	0	0.850000	0.034000	-0.041000	0	-0.0700	0.1050	-0.1080	0					4.580000	0.012000	-0.013000	0
14838	1	5288.00	98.79	-66.74	0	0.810000	0.058000	-0.051000	0	0.850000	0.043000	-0.051000	0	-0.0900	0.1430	-0.1700	0					4.560000	0.036000	-0.070000	0
14852	1	5297.00	102.50	-97.44	0	0.810000	0.062000	-0.058000	0	0.840000	0.050000	-0.056000	0	-0.1000	0.1660	-0.1850	0					4.560000	0.040000	-0.071000	0
14853	1	5866.00	71.46	-82.62	0	1.060000	0.299000	-0.105000	0	1.040000	0.063000	-0.063000	0	0.0300	0.1410	-0.1740	0					4.400000	0.083000	-0.196000	0
14868	1	5608.00	69.12	-91.90	0	0.950000	0.188000	-0.069000	0	0.970000	0.046000	-0.046000	0	0.0800	0.1560	-0.1560	0					4.470000	0.058000	-0.155000	0
14877	1	6099.00	112.00	-191.52	0	1.170000	0.379000	-0.154000	0	1.110000	0.145000	-0.098000	0	0.0200	0.1370	-0.1730	0					4.340000	0.100000	-0.192000	0
14879	1	5101.00	59.21	-59.69	0	0.790000	0.040000	-0.037000	0	0.830000	0.035000	-0.044000	0	0.0000	0.1510	-0.1570	0					4.570000	0.025000	-0.053000	0
14894	1	5316.00	98.57	-97.87	0	0.820000	0.061000	-0.047000	0	0.860000	0.042000	-0.051000	0	-0.0400	0.1580	-0.1670	0					4.550000	0.034000	-0.076000	0
14907	1	5094.00	100.00	-100.00	0	0.807000	0.053000	-0.053000	0													4.552000	0.150000	-0.150000	0
14914	1	5094.00	100.00	-100.00	0	0.807000	0.053000	-0.053000	0													4.552000	0.150000	-0.150000	0
14920	1	5815.00	103.32	-136.29	0	1.020000	0.200000	-0.098000	0	1.020000	0.058000	-0.058000	0	0.0400	0.1410	-0.1540	0					4.430000	0.070000	-0.152000	0
14933	1	5957.00	196.63	-233.87	0	1.110000	0.268000	-0.148000	0	1.070000	0.115000	-0.086000	0	0.0400	0.1450	-0.1600	0					4.380000	0.095000	-0.167000	0
14945	1	5760.00	63.34	-73.97	0	1.050000	0.295000	-0.106000	0	1.020000	0.059000	-0.049000	0	0.1100	0.1470	-0.1420	0					4.410000	0.087000	-0.202000	0
14947	1	5765.00	100.22	-106.69	0	0.990000	0.153000	-0.082000	0	1.000000	0.053000	-0.052000	0	0.0200	0.1430	-0.1690	0					4.450000	0.063000	-0.126000	0
14957	1	5528.00	77.11	-90.36	0	0.900000	0.113000	-0.054000	0	0.930000	0.040000	-0.048000	0	0.0300	0.1420	-0.1590	0					4.500000	0.045000	-0.116000	0
14966	1	4940.00	81.88	-52.60	0	0.730000	0.037000	-0.063000	0	0.760000	0.044000	-0.058000	0	-0.1600	0.1610	-0.2350	0					4.600000	0.040000	-0.041000	0
14970	1	5254.00	97.81	-89.64	0	0.810000	0.057000	-0.050000	0	0.840000	0.044000	-0.046000	0	-0.0700	0.1440	-0.1600	0					4.560000	0.038000	-0.070000	0
14980	1	5655.00	149.03	-167.77	0	0.930000	0.126000	-0.073000	0	0.950000	0.055000	-0.062000	0	-0.0300	0.1410	-0.1600	0					4.490000	0.055000	-0.107000	0
14996	1	5956.00	69.05	-55.35	0	1.190000	0.183000	-0.130000	0	1.090000	0.045000	-0.036000	0	0.0900	0.0820	-0.0790	0					4.320000	0.097000	-0.111000	0
15002	1	6319.00	179.66	-219.91	0	1.400000	0.610000	-0.247000	0	1.250000	0.206000	-0.129000	0	0.0600	0.1320	-0.1390	0					4.240000	0.132000	-0.251000	0
15011	1	5774.00	125.00	-125.00	0	1.044000	0.200000	-0.200000	0													4.389000	0.150000	-0.150000	0
15022	1	5774.00	125.00	-125.00	0	1.044000	0.200000	-0.200000	0													4.389000	0.150000	-0.150000	0
15031	1	5866.00	81.11	-62.35	0	1.030000	0.101000	-0.068000	0	1.020000	0.042000	-0.043000	0	-0.0100	0.0950	-0.1130	0					4.420000	0.056000	-0.079000	0
15040	1	5550.00	289.64	-239.62	0	0.890000	0.150000	-0.081000	0	0.920000	0.089000	-0.070000	0	-0.0400	0.1460	-0.1720	0					4.500000	0.062000	-0.108000	0
15049	1	6297.00	339.05	-313.54	0	1.390000	0.623000	-0.300000	0	1.230000	0.251000	-0.159000	0	0.0400	0.1300	-0.1610	0					4.240000	0.155000	-0.246000	0
15066	1	5618.00	62.91	-70.62	0	0.950000	0.187000	-0.068000	0	0.970000	0.044000	-0.041000	0	0.0800	0.1380	-0.1410	0					4.470000	0.059000	-0.158000	0
15067	1	5808.00	84.07	-98.49	0	1.000000	0.182000	-0.083000	0	1.010000	0.051000	-0.053000	0	0.0200	0.1350	-0.1630	0					4.440000	0.062000	-0.139000	0
15080	1	5892.00	85.09	-107.29	0	1.080000	0.230000	-0.101000	0	1.060000	0.063000	-0.055000	0	0.0800	0.1380	-0.1530	0					4.400000	0.073000	-0.152000	0
15083	1	5667.00	140.13	-92.37	0	0.920000	0.138000	-0.073000	0	0.950000	0.055000	-0.063000	0	-0.0700	0.1550	-0.1890	0					4.490000	0.056000	-0.122000	0
15097	1	5876.00	104.99	-147.58	0	1.060000	0.284000	-0.114000	0	1.050000	0.074000	-0.067000	0	0.0500	0.1470	-0.1610	0					4.400000	0.082000	-0.185000	0
15102	1	4862.00	84.27	-75.08	0	0.740000	0.029000	-0.032000	0	0.780000	0.035000	-0.040000	0	0.0000	0.1490	-0.1640	0					4.600000	0.020000	-0.037000	0
15111	1	5545.00	73.20	-74.33	0	0.860000	0.085000	-0.071000	0	0.900000	0.051000	-0.067000	0	-0.1300	0.1720	-0.2000	0					4.530000	0.047000	-0.091000	0
15116	1	4584.00	61.63	-74.20	0	0.700000	0.022000	-0.027000	0	0.750000	0.027000	-0.043000	0	0.1100	0.1340	-0.2010	0					4.630000	0.013000	-0.020000	0
15130	1	4623.00	200.00	-200.00	0	0.624000	0.079000	-0.079000	0													4.660000	0.300000	-0.300000	0
15136	1	4623.00	200.00	-200.00	0	0.624000	0.079000	-0.079000	0													4.660000	0.300000	-0.300000	0
15147	1	4895.97			0	0.668000	0.054000	-0.059000	0	0.656000	0.073000	-0.049000	0												
15157	1	6228.00	75.22	-81.47	0	2.150000	0.296000	-0.302000	0	1.470000	0.110000	-0.110000	0	0.1200	0.0990	-0.0810	0					3.940000	0.100000	-0.083000	0
15166	1	6022.00	81.89	-66.79	0	1.230000	0.205000	-0.137000	0	1.120000	0.056000	-0.041000	0	0.0700	0.0840	-0.0830	0					4.310000	0.098000	-0.115000	0
15173	1	3208.00	24.62	-23.86	0	0.300000	0.023000	-0.025000	0	0.280000	0.030000	-0.028000	0	0.4800	0.0110	-0.0260	0					4.930000	0.033000	-0.024000	0
15179	1	5645.00	83.87	-81.55	0	0.910000	0.121000	-0.065000	0	0.940000	0.046000	-0.056000	0	-0.0700	0.1490	-0.1740	0					4.490000	0.052000	-0.113000	0
15191	1	6069.00	86.35	-93.46	0	1.130000	0.276000	-0.122000	0	1.100000	0.089000	-0.075000	0	0.0000	0.1400	-0.1960	0					4.370000	0.082000	-0.164000	0
15199	1	5538.00	111.30	-154.22	0	0.910000	0.117000	-0.063000	0	0.940000	0.047000	-0.052000	0	0.0800	0.1440	-0.1400	0					4.500000	0.048000	-0.112000	0
15206	1	6681.00	268.00	-299.60	0	1.750000	0.690000	-0.370000	0	1.450000	0.235000	-0.188000	0	0.0600	0.1330	-0.1520	0					4.120000	0.150000	-0.230000	0
15210	1	5933.00	79.13	-77.98	0	1.220000	0.194000	-0.153000	0	1.080000	0.061000	-0.043000	0	0.0700	0.0900	-0.0870	0					4.300000	0.111000	-0.113000	0
15224	1	5817.00	69.45	-56.87	0	0.990000	0.116000	-0.081000	0	0.960000	0.045000	-0.054000	0	-0.1400	0.1260	-0.1300	0					4.430000	0.075000	-0.099000	0
15231	1	6166.00	169.76	-232.41	0	1.250000	0.501000	-0.181000	0	1.180000	0.171000	-0.106000	0	0.0800	0.1490	-0.1450	0					4.320000	0.103000	-0.234000	0
15246	1	4625.00	100.00	-100.00	0	0.663000	0.034000	-0.034000	0													4.653000	0.150000	-0.150000	0
15253	1	4625.00	100.00	-100.00	0	0.663000	0.034000	-0.034000	0													4.653000	0.150000	-0.150000	0
15262	1	6053.00	122.92	-137.00	0	1.160000	0.342000	-0.142000	0	1.110000	0.105000	-0.074000	0	0.0300	0.1340	-0.1610	0					4.350000	0.093000	-0.191000	0
15274	1	6082.00	168.06	-232.08	0	1.160000	0.363000	-0.169000	0	1.100000	0.133000	-0.104000	0	0.0100	0.1360	-0.1750	0					4.350000	0.105000	-0.194000	0
15276	1	6213.00	223.89	-246.35	0	1.280000	0.574000	-0.227000	0	1.180000	0.202000	-0.124000	0	0.0400	0.1290	-0.1670	0					4.290000	0.126000	-0.249000	0
15288	1	4995.00	243.24	-219.42	0	0.770000	0.065000	-0.051000	0	0.810000	0.057000	-0.050000	0	0.0200	0.1700	-0.1680	0					4.590000	0.033000	-0.056000	0
15299	1	5946.00	94.80	-125.41	0	1.080000	0.263000	-0.107000	0	1.060000	0.074000	-0.065000	0	0.0300	0.1400	-0.1670	0					4.390000	0.079000	-0.166000	0
15305	1	5203.00	61.17	-66.07	0	0.800000	0.047000	-0.043000	0	0.840000	0.038000	-0.045000	0	-0.0200	0.1520	-0.1660	0					4.560000	0.030000	-0.061000	0
15314	1	5706.00	76.54	-66.32	0	0.920000	0.111000	-0.075000	0	0.950000	0.050000	-0.071000	0	-0.1100	0.1620	-0.2130	0					4.490000	0.053000	-0.104000	0
15324	1	6377.00	131.93	-114.19	0	1.390000	0.615000	-0.207000	0	1.250000	0.196000	-0.111000	0	0.0200	0.1250	-0.1840	0					4.240000	0.113000	-0.251000	0
15331	1	5940.00	75.00	-88.75	0	1.090000	0.309000	-0.105000	0	1.070000	0.068000	-0.062000	0	0.0400	0.1450	-0.1600	0					4.390000	0.081000	-0.186000	0
15343	1	5767.00	97.64	-125.25	0	0.990000	0.185000	-0.086000	0	0.990000	0.057000	-0.054000	0	0.0200	0.1330	-0.1590	0					4.450000	0.062000	-0.150000	0
15346	1	4450.00	150.00	-150.00	0	0.648900	0.001300	-0.001300	0	0.689700	0.003500	-0.003400	0	-0.3000	0.2000	-0.2000	0					4.652700	0.001700	-0.001600	0
15352	1	5471.00	115.00	-37.00	0	1.118000	0.015000	-0.045000	0									0.00432	0.02098	-0.02205	0				
15363	1	5471.00	115.00	-37.00	0	1.118000	0.015000	-0.045000	0									0.00432	0.02098	-0.02205	0				
15373	1	5471.00	115.00	-37.00	0	1.118000	0.015000	-0.045000	0									0.00432	0.02098	-0.02205	0				
15380	1	5214.00	66.69	-91.43	0	0.820000	0.053000	-0.036000	0	0.860000	0.036000	-0.039000	0	0.0700	0.1440	-0.1460	0					4.550000	0.031000	-0.065000	0
15384	1	5119.00	82.00	-82.00	0	0.834000	0.047000	-0.052000	0	0.818000	0.053000	-0.035000	0	0.1000	0.1500	-0.1500	0					4.508000	0.060000	-0.040000	0
15395	1	5869.00	90.84	-118.62	0	1.070000	0.308000	-0.115000	0	1.040000	0.065000	-0.060000	0	0.0500	0.1450	-0.1540	0					4.400000	0.086000	-0.202000	0
15402	1	6296.00	217.69	-152.70	0	1.360000	0.584000	-0.223000	0	1.220000	0.205000	-0.108000	0	0.0200	0.1190	-0.1680	0					4.250000	0.124000	-0.243000	0
15407	1	6241.00	116.66	-168.54	0	1.310000	0.476000	-0.178000	0	1.210000	0.153000	-0.101000	0	0.0700	0.1400	-0.1410	0					4.280000	0.104000	-0.214000	0
15414	1	4976.00	49.62	-51.36	0	0.760000	0.032000	-0.032000	0	0.810000	0.033000	-0.038000	0	0.0200	0.1510	-0.1640	0					4.590000	0.020000	-0.045000	0
15429	1	5280.00	56.11	-59.11	0	0.820000	0.057000	-0.046000	0	0.860000	0.038000	-0.043000	0	-0.0100	0.1500	-0.1570	0					4.550000	0.033000	-0.072000	0
15438	1	5422.00	59.86	-63.50	0	0.860000	0.076000	-0.051000	0	0.900000	0.041000	-0.045000	0	0.0100	0.1440	-0.1620	0					4.530000	0.037000	-0.089000	0
15449	1	6116.00	118.51	-199.25	0	1.210000	0.428000	-0.177000	0	1.140000	0.136000	-0.100000	0	0.0500	0.1350	-0.1460	0					4.330000	0.106000	-0.221000	0
15455	1	4992.00	119.01	-72.99	0	0.720000	0.050000	-0.067000	0	0.750000	0.052000	-0.065000	0	-0.2400	0.2010	-0.2390	0					4.610000	0.047000	-0.045000	0
15459	1	6132.00	88.96	-146.65	0	1.270000	0.513000	-0.173000	0	1.180000	0.161000	-0.087000	0	0.1000	0.1450	-0.1260	0					4.290000	0.110000	-0.233000	0
15471	1	5078.00	100.00	-100.00	0	0.806000	0.052000	-0.052000	0													4.553000	0.150000	-0.150000	0
15482	1	5078.00	100.00	-100.00	0	0.806000	0.052000	-0.052000	0													4.553000	0.150000	-0.150000	0
15500	1	5383.00	61.72	-82.73	0	0.870000	0.090000	-0.045000	0	0.910000	0.039000	-0.038000	0	0.1000	0.1540	-0.1450	0					4.520000	0.039000	-0.098000	0
15504	1	5295.00	185.00	-185.00	0	0.800000	0.133000	-0.082000	0	0.825000	0.096000	-0.078000	0	-0.1000	0.3000	-0.3000	0					4.548000	0.052000	-0.097000	0
15516	1	5605.00	89.65	-122.47	0	0.930000	0.166000	-0.074000	0	0.940000	0.044000	-0.053000	0	0.0100	0.1350	-0.1720	0					4.490000	0.059000	-0.144000	0
15519	1	5643.00	104.98	-130.31	0	0.940000	0.161000	-0.074000	0	0.960000	0.051000	-0.054000	0	0.0300	0.1400	-0.1660	0					4.480000	0.058000	-0.137000	0
15534	1	6005.00	92.89	-111.57	0	1.120000	0.239000	-0.125000	0	1.080000	0.082000	-0.070000	0	0.0100	0.1520	-0.1740	0					4.370000	0.088000	-0.145000	0
15535	1	5121.00	50.38	-46.14	0	0.760000	0.047000	-0.065000	0	0.790000	0.047000	-0.058000	0	-0.1700	0.1730	-0.2220	0					4.580000	0.041000	-0.054000	0
15549	1	5865.00	85.98	-105.58	0	1.050000	0.243000	-0.094000	0	1.040000	0.064000	-0.056000	0	0.0600	0.1470	-0.1590	0					4.420000	0.070000	-0.164000	0
15558	1	6266.00	93.46	-92.78	0	1.340000	0.621000	-0.194000	0	1.210000	0.194000	-0.097000	0	0.0200	0.1270	-0.1590	0					4.260000	0.119000	-0.258000	0
15560	1	6167.00	84.79	-77.96	0	1.220000	0.379000	-0.146000	0	1.150000	0.127000	-0.078000	0	0.0100	0.1230	-0.1650	0					4.320000	0.093000	-0.195000	0
15571	1	6620.00	213.78	-143.89	0	1.650000	0.677000	-0.292000	0	1.410000	0.216000	-0.148000	0	0.0400	0.1300	-0.1610	0					4.150000	0.129000	-0.234000	0
15578	1	5852.00	90.66	-80.99	0	1.000000	0.191000	-0.092000	0	1.000000	0.061000	-0.074000	0	-0.0700	0.1470	-0.2200	0					4.440000	0.070000	-0.143000	0
15589	1	5816.00	200.00	-200.00	0	0.958000	0.509000	-0.509000	0													4.436000	0.300000	-0.300000	0
15602	1	5816.00	200.00	-200.00	0	0.958000	0.509000	-0.509000	0													4.436000	0.300000	-0.300000	0
15615	1	6157.00	120.80	-167.55	0	1.230000	0.483000	-0.181000	0	1.150000	0.159000	-0.102000	0	0.0300	0.1340	-0.1560	0					4.310000	0.111000	-0.225000	0
15625	1	6158.00	276.88	-219.74	0	1.240000	0.456000	-0.200000	0	1.150000	0.204000	-0.108000	0	0.0300	0.1330	-0.1600	0					4.310000	0.119000	-0.214000	0
15630	1	6436.00	154.47	-172.76	0	1.500000	0.686000	-0.255000	0	1.310000	0.220000	-0.129000	0	0.0400	0.1330	-0.1450	0					4.200000	0.127000	-0.256000	0
15639	1	5772.00	140.28	-187.15	0	1.000000	0.232000	-0.106000	0	1.000000	0.071000	-0.068000	0	0.0400	0.1430	-0.1710	0					4.440000	0.073000	-0.178000	0
15650	1	3768.00	42.00	-44.00	0	0.552000	0.014000	-0.013000	0	0.541000	0.012000	-0.012000	0	0.2690	0.0660	-0.0680	0					4.685000	0.011000	-0.012000	0
15659	1	5677.00	107.40	-162.14	0	0.940000	0.133000	-0.081000	0	0.960000	0.057000	-0.063000	0	0.0100	0.1340	-0.1890	0					4.480000	0.059000	-0.118000	0
15665	1	6826.00	286.40	-316.80	0	1.850000	0.597000	-0.389000	0	1.510000	0.210000	-0.196000	0	0.0400	0.1270	-0.1470	0					4.080000	0.155000	-0.191000	0
15672	1	5445.00	93.89	-121.15	0	0.840000	0.087000	-0.065000	0	0.870000	0.048000	-0.056000	0	-0.1000	0.1610	-0.1770	0					4.540000	0.047000	-0.101000	0
15677	1	3724.00	65.64	-48.58	0	0.520000	0.039000	-0.028000	0	0.550000	0.041000	-0.028000	0	0.1700	0.1040	-0.1070	0					4.740000	0.026000	-0.031000	0
15686	1	5776.00	68.39	-74.65	0	1.010000	0.187000	-0.083000	0	1.010000	0.047000	-0.052000	0	0.0500	0.1470	-0.1560	0					4.440000	0.066000	-0.142000	0
15697	1	5776.00	200.00	-200.00	0	0.917000	0.380000	-0.380000	0													4.524000	0.300000	-0.300000	0
15702	1	5776.00	200.00	-200.00	0	0.917000	0.380000	-0.380000	0													4.524000	0.300000	-0.300000	0
15711	1	4736.00	97.30	-64.28	0	0.630000	0.051000	-0.024000	0	0.660000	0.051000	-0.027000	0	-0.4600	0.2250	-0.1050	0					4.660000	0.025000	-0.038000	0
15713	1	5679.00	101.54	-148.91	0	0.950000	0.131000	-0.080000	0	0.970000	0.052000	-0.056000	0	0.0400	0.1510	-0.1700	0					4.470000	0.059000	-0.115000	0
15719	1	6137.00	159.61	-176.47	0	1.190000	0.403000	-0.169000	0	1.120000	0.141000	-0.097000	0	0.0000	0.1310	-0.1940	0					4.330000	0.108000	-0.205000	0
15730	1	6256.00	119.67	-118.36	0	1.320000	0.541000	-0.184000	0	1.200000	0.173000	-0.093000	0	0.0200	0.1280	-0.1630	0					4.270000	0.109000	-0.239000	0
15737	1	5474.00	149.64	-144.37	0	0.890000	0.098000	-0.064000	0	0.920000	0.051000	-0.050000	0	0.0200	0.1470	-0.1620	0					4.510000	0.047000	-0.101000	0
15739	1	5347.00	51.14	-53.97	0	0.850000	0.077000	-0.045000	0	0.890000	0.040000	-0.041000	0	0.0600	0.1610	-0.1580	0					4.530000	0.040000	-0.086000	0
15747	1	5797.00	171.84	-166.58	0	1.020000	0.233000	-0.109000	0	1.010000	0.076000	-0.061000	0	0.0300	0.1300	-0.1550	0					4.430000	0.077000	-0.167000	0
15758	1	5789.00	79.58	-94.94	0	1.020000	0.202000	-0.087000	0	1.020000	0.059000	-0.051000	0	0.0700	0.1530	-0.1580	0					4.430000	0.064000	-0.152000	0
15762	1	5710.00	96.70	-111.43	0	0.950000	0.166000	-0.079000	0	0.970000	0.049000	-0.059000	0	-0.0100	0.1410	-0.1880	0					4.470000	0.057000	-0.142000	0
15772	1	6150.00	91.49	-82.94	0	1.180000	0.344000	-0.139000	0	1.120000	0.113000	-0.077000	0	-0.0300	0.1360	-0.1840	0					4.340000	0.088000	-0.183000	0
15781	1	5888.00	113.00	-113.00	0	1.148000	0.219000	-0.219000	0													4.331000	0.150000	-0.150000	0
15793	1	5888.00	113.00	-113.00	0	1.148000	0.219000	-0.219000	0													4.331000	0.150000	-0.150000	0
15801	1	5888.00	113.00	-113.00	0	1.148000	0.219000	-0.219000	0													4.331000	0.150000	-0.150000	0
15815	1	5888.00	106.00	-117.00	0	1.097000	0.179000	-0.146000	0	0.966000	0.075000	-0.068000	0	-0.1000	0.1500	-0.1500	0					4.342000	0.115000	-0.115000	0
15825	1	6324.00	102.05	-142.31	0	1.430000	0.650000	-0.211000	0	1.270000	0.207000	-0.097000	0	0.1000	0.1520	-0.1320	0					4.230000	0.115000	-0.260000	0
15830	1	6152.00	173.97	-233.57	0	1.190000	0.404000	-0.192000	0	1.120000	0.162000	-0.118000	0	-0.0200	0.1350	-0.2070	0					4.340000	0.110000	-0.208000	0
15839	1	6152.00	173.97	-233.57	0	1.190000	0.404000	-0.192000	0	1.120000	0.162000	-0.118000	0	-0.0200	0.1350	-0.2070	0					4.340000	0.110000	-0.208000	0
15840	1	5355.00	178.89	-191.86	0	0.840000	0.085000	-0.059000	0	0.880000	0.056000	-0.053000	0	-0.0100	0.1430	-0.1670	0					4.540000	0.043000	-0.085000	0
15850	1	5355.00	178.89	-191.86	0	0.840000	0.085000	-0.059000	0	0.880000	0.056000	-0.053000	0	-0.0100	0.1430	-0.1670	0					4.540000	0.043000	-0.085000	0
15860	1	4916.00	110.00	-110.00	0	0.855000	0.044000	-0.044000	0	0.845000	0.025000	-0.025000	0									4.502000	0.035000	-0.035000	0
15865	1	5499.00	66.43	-63.10	0	0.860000	0.088000	-0.063000	0	0.890000	0.048000	-0.052000	0	-0.1000	0.1670	-0.1770	0					4.530000	0.043000	-0.098000	0
15869	1	5812.00	119.73	-151.42	0	1.020000	0.244000	-0.100000	0	1.020000	0.064000	-0.061000	0	0.0400	0.1380	-0.1580	0					4.430000	0.071000	-0.172000	0
15877	1	3299.00	36.22	-41.07	0	0.260000	0.054000	-0.050000	0	0.240000	0.064000	-0.058000	0	0.0400	0.1270	-0.1310	0					5.010000	0.072000	-0.067000	0
15881	1	6210.00	100.00	-100.00	0	1.790300	0.005500	-0.005500	0	1.220700	0.011200	-0.011200	0	-0.1400	0.0500	-0.0500	0					4.018000	0.002000	-0.002000	0
15888	1	3240.00	61.00	-61.00	0	0.231700	0.004900	-0.004900	0	0.197700	0.005100	-0.005100	0	-0.1500	0.1100	-0.1100	0	-2.28735	0.01652	-0.01717	0	5.004000	0.021000	-0.021000	0
15890	1	3240.00	61.00	-61.00	0	0.231700	0.004900	-0.004900	0	0.197700	0.005100	-0.005100	0	-0.1500	0.1100	-0.1100	0	-2.28735	0.01652	-0.01717	0	5.004000	0.021000	-0.021000	0
15902	1	5211.00	200.00	-200.00	0	0.770000	0.467000	-0.467000	0													4.542000	0.300000	-0.300000	0
15913	1	5211.00	200.00	-200.00	0	0.770000	0.467000	-0.467000	0													4.542000	0.300000	-0.300000	0
15926	1	3410.00	56.00	-46.00	0	0.334000	0.039000	-0.032000	0	0.326000	0.047000	-0.039000	0	-0.1100			0	-1.87100	0.12300	-0.10700	0				
15934	1	3713.00	57.00	-53.00	0	0.503000	0.030000	-0.027000	0	0.522000	0.033000	-0.031000	0	-0.1600			0	-1.36800	0.06900	-0.06400	0				
15940	1	3638.00	51.00	-51.00	0	0.382000	0.036000	-0.040000	0	0.404000	0.040000	-0.047000	0	-0.3000	0.1200	-0.1200	0	-1.63800	0.09300	-0.12200	0	4.878000	0.046000	-0.036000	0
15950	1	4807.00	100.00	-100.00	0	0.693000	0.030000	-0.024000	0	0.719000	0.035000	-0.029000	0	-0.1800	0.1000	-0.1000	0	-0.63600	0.07100	-0.06600	0	4.618000	0.017000	-0.031000	0
15951	1	5597.00	95.00	-93.00	0	1.179000	0.026000	-0.023000	0	1.011000	0.056000	-0.052000	0	-0.0880	0.0970	-0.0950	0	0.08991	0.04043	-0.04069	0	4.300100	0.009900	-0.012000	0
15954	1	6148.00	71.00	-71.00	0	1.030000	0.020000	-0.020000	0	1.030000	0.040000	-0.040000	0	-0.2400	0.0500	-0.0500	0								
15972	1					1.100000	0.130000	-0.130000	0	1.030000	0.040000	-0.040000	0												
15974	1					1.100000	0.130000	-0.130000	0	1.030000	0.040000	-0.040000	0												
15984	1	5413.00	200.00	-200.00	0	0.742000	0.382000	-0.382000	0													4.619000	0.300000	-0.300000	0
15993	1	5413.00	200.00	-200.00	0	0.742000	0.382000	-0.382000	0													4.619000	0.300000	-0.300000	0
16008	1	5350.00	71.67	-85.65	0	0.830000	0.064000	-0.048000	0	0.880000	0.040000	-0.050000	0	-0.0300	0.1500	-0.1680	0					4.550000	0.035000	-0.080000	0
16011	1					1.491000	0.072000	-0.072000	0	1.136600	0.072800	-0.072800	0												
16012	1	5100.00	100.00	-100.00	0	0.762000	0.010000	-0.010000	0	0.841000	0.022000	-0.022000	0	-0.1200	0.1000	-0.1000	0					4.660000	0.100000	-0.100000	0
16017	1	3844.00	157.00	-157.00	0	0.628590	0.019505	-0.019505	0	0.610816	0.020743	-0.020743	0					-1.10944	0.08866	-0.11153	0	4.627240	0.012206	-0.012206	0
16021	1	5735.81	24.04	-24.04	0									0.3698	0.0224	-0.0224	0								
16029	1	5049.84	27.73	-27.73	0	0.777785			0	0.842000			0	-0.0130	0.0260	-0.0260	0	-0.45048			0	4.581660			0
16043	1	6293.00	123.00	-123.00	0	1.145860			0	1.230000			0					0.26839			0	4.409710			0
16048	1	6293.00	123.00	-123.00	0	1.145860			0	1.230000			0					0.26839			0	4.409710			0
16059	1	5941.54	26.58	-26.58	0	1.087510			0	1.090000			0	-0.2603	0.0247	-0.0247	0	0.12316			0	4.402630			0
16065	1	5542.00	123.00	-123.00	0	1.017380			0	0.980000			0					-0.05567			0	4.414330			0
16072	1	4303.00	122.00	-122.00	0	0.714145			0	0.670000			0					-0.80265			0	4.556570			0
16083	1	4224.00	84.00	-84.00	0	0.603000	0.027000	-0.030000	0	0.609000	0.033000	-0.033000	0	-0.2000	0.1500	-0.1500	0					4.662000	0.025000	-0.020000	0
16086	1	4224.00	84.00	-84.00	0	0.603000	0.027000	-0.030000	0	0.609000	0.033000	-0.033000	0	-0.2000	0.1500	-0.1500	0					4.662000	0.025000	-0.020000	0
16097	1	4884.00	69.00	-75.00	0	0.749000	0.020000	-0.020000	0	0.777000	0.034000	-0.031000	0	0.0200	0.0670	-0.0670	0	-0.53910	0.02482	-0.03115	0	4.579000	0.027000	-0.025000	0
16115	1	4884.00	69.00	-75.00	0	0.749000	0.020000	-0.020000	0	0.777000	0.034000	-0.031000	0	0.0200	0.0670	-0.0670	0	-0.53910	0.02482	-0.03115	0	4.579000	0.027000	-0.025000	0
16124	1	4884.00	69.00	-75.00	0	0.749000	0.020000	-0.020000	0	0.777000	0.034000	-0.031000	0	0.0200	0.0670	-0.0670	0	-0.53910	0.02482	-0.03115	0	4.579000	0.027000	-0.025000	0
16139	1	4884.00	69.00	-75.00	0	0.749000	0.020000	-0.020000	0	0.777000	0.034000	-0.031000	0	0.0200	0.0670	-0.0670	0	-0.53910	0.02482	-0.03115	0	4.579000	0.027000	-0.025000	0
16144	1	5838.00	122.00	-122.00	0	1.518890			0	1.050000			0					0.38280			0	4.096200			0
16158	1	5135.55	121.59	-130.34	0	0.929771	0.055250	-0.057514	0	0.866000	0.129148	-0.088845	0	0.2502	0.0125	-0.0125	0	-0.26621	0.01179	-0.01702	0	4.438830	0.098223	-0.080417	0
16167	1	6131.95	129.60	-113.80	0	1.088410	0.053536	-0.056836	0	1.160000	0.194259	-0.129449	0	-0.2500	0.0470	-0.0470	0	0.17867	0.02736	-0.01924	0	4.428940	0.087202	-0.081897	0
16176	1	6014.95	28.29	-28.29	0	1.131660			0	1.110000			0	0.2280	0.0260	-0.0260	0	0.17906			0	4.375960			0
16184	1	5473.91	132.70	-132.70	0	0.877273			0	0.960000			0	0.0562	0.0143	-0.0143	0	-0.20584			0	4.534070			0
16192	1	5853.19	19.54	-19.54	0	1.128650			0	1.060000			0	0.2537	0.0183	-0.0183	0	0.12938			0	4.358260			0
16198	1	5878.30	19.30	-19.30	0	1.060660	0.054277	-0.054277	0					0.1350	0.0180	-0.0180	0								
16203	1	6013.72	33.11	-33.11	0	1.249590			0	1.110000			0	0.1080	0.0310	-0.0310	0	0.26480			0	4.289860			0
16215	1	5754.00	123.00	-123.00	0	0.834976			0	1.030000			0					-0.16208			0	4.607560			0
16223	1	5501.00	122.00	-122.00	0	0.873196			0	0.960000			0					-0.20132			0	4.538120			0
16237	1	6282.00	200.00	-200.00	0	1.107000	0.496000	-0.496000	0													4.422000	0.300000	-0.300000	0
16248	1	6282.00	200.00	-200.00	0	1.107000	0.496000	-0.496000	0													4.422000	0.300000	-0.300000	0
16254	1	5021.00	122.00	-122.00	0	0.723259			0	0.834000			0					-0.52356			0	4.640650			0
16263	1	5756.40	67.99	-67.99	0									0.1064	0.0655	-0.0655	0								
16267	1	5619.12	224.88	-224.88	0	0.842301			0	0.990000			0	-0.0480	0.2110	-0.2110	0	-0.19570			0	4.582770			0
16279	1	5429.00	122.00	-122.00	0	0.900327			0	0.950000			0					-0.19763			0	4.506990			0
16288	1	4706.54	101.16	-101.16	0	0.666755			0	0.750000			0	0.1267	0.0140	-0.0140	0	-0.70657			0	4.665200			0
16295	1	5484.00	123.00	-123.00	0	0.835451			0	0.960000			0					-0.24507			0	4.576500			0
16301	1	5714.96	119.69	-119.69	0	1.199510			0	1.020000			0	0.0775	0.0123	-0.0123	0	0.14075			0	4.288660			0
16310	1	4132.00	122.00	-122.00	0	0.726119			0	0.650000			0					-0.85865			0	4.528970			0
16316	1	4632.11	44.21	-44.21	0									-0.0460	0.0420	-0.0420	0								
16325	1	5731.43	120.33	-132.73	0	0.996208	0.054823	-0.044689	0	1.023000	0.084746	-0.169567	0	-0.1455	0.0087	-0.0087	0	-0.01555	0.01249	-0.01198	0	4.451240	0.078561	-0.075968	0
16334	1	4997.00	100.00	-100.00	0	0.763000	0.046000	-0.046000	0													4.582000	0.150000	-0.150000	0
16347	1	4997.00	100.00	-100.00	0	0.763000	0.046000	-0.046000	0													4.582000	0.150000	-0.150000	0
16360	1	4997.00	100.00	-100.00	0	0.763000	0.046000	-0.046000	0													4.582000	0.150000	-0.150000	0
16369	1	4997.00	100.00	-100.00	0	0.763000	0.046000	-0.046000	0													4.582000	0.150000	-0.150000	0
16387	1	4997.00	100.00	-100.00	0	0.763000	0.046000	-0.046000	0													4.582000	0.150000	-0.150000	0
16392	1	5404.00	122.00	-122.00	0	0.862346			0	0.940000			0					-0.24308			0	4.539830			0
16402	1	6000.00	122.00	-122.00	0	1.131520			0	1.110000			0					0.17462			0	4.376070			0
16406	1	5146.00	122.00	-122.00	0	0.866139			0	0.870000			0					-0.32425			0	4.502410			0
16416	1	5432.34	44.83	-44.83	0	0.878295			0	0.950000			0	0.0260	0.0430	-0.0430	0	-0.21808			0	4.528510			0
16420	1	5553.00	74.00	-74.00	0	1.098000	0.161000	-0.161000	0	0.941000	0.062000	-0.048000	0	0.1600	0.1500	-0.1500	0					4.330000	0.137000	-0.100000	0
16429	1	4954.00	122.00	-122.00	0	0.756284			0	0.820000			0					-0.50811			0	4.594510			0
16435	1	5473.19	123.22	-123.22	0	0.987155			0	0.960000			0	-0.0347	0.0131	-0.0131	0	-0.10357			0	4.431570			0
16445	1	5712.00	122.00	-122.00	0	1.198110			0	1.020000			0					0.13884			0	4.289680			0
16448	1	4681.53	150.05	-129.91	0	0.772344	0.057624	-0.072768	0	0.747000	0.098479	-0.088705	0	0.0341	0.0323	-0.0323	0	-0.58813	0.01860	-0.02285	0	4.535770	0.118365	-0.087181	0
16459	1	4975.03	129.64	-121.74	0	0.741698	0.051109	-0.046554	0	0.822000	0.114858	-0.077645	0	0.0800	0.0570	-0.0570	0	-0.51767	0.01918	-0.01489	0	4.612490	0.074850	-0.102957	0
16467	1	5575.53	31.15	-31.15	0									0.2250	0.0290	-0.0290	0								
16473	1	5781.00	85.00	-85.00	0	1.010340			0	1.040000			0	0.2600	0.1000	-0.1000	0	0.01164			0	4.446160			0
16487	1	5679.00	57.00	-57.00	0	1.035000	0.058000	-0.058000	0													4.445000	0.100000	-0.100000	0
16496	1	5679.00	57.00	-57.00	0	1.035000	0.058000	-0.058000	0													4.445000	0.100000	-0.100000	0
16513	1	6031.00	122.00	-122.00	0	1.093700			0	1.120000			0					0.15405			0	4.409490			0
16518	1	5146.00	25.00	-25.00	0	0.840217			0	0.870000			0	0.0300	0.1000	-0.1000	0	-0.35064			0	4.528800			0
16529	1	5093.00	122.00	-122.00	0	0.725742			0	0.850000			0					-0.49585			0	4.645920			0
16536	1	5746.00	87.00	-88.00	0	1.697000	0.059000	-0.058000	0	1.132000	0.040000	-0.050000	0	0.1960	0.0580	-0.0580	0	0.45179	0.02533	-0.03018	0	4.031000	0.031000	-0.032000	0
16537	1	6312.00	215.00	-152.00	0	1.259000	0.032000	-0.051000	0	1.139000	0.087000	-0.081000	0	-0.2000	0.1500	-0.1500	0	0.35411	0.05751	-0.04876	0	4.298000	0.043000	-0.047000	0
16541	1	6312.00	215.00	-152.00	0	1.259000	0.032000	-0.051000	0	1.139000	0.087000	-0.081000	0	-0.2000	0.1500	-0.1500	0	0.35411	0.05751	-0.04876	0	4.298000	0.043000	-0.047000	0
16542	1	6157.00	231.00	-202.00	0	1.117000	0.064000	-0.064000	0	1.088000	0.072000	-0.072000	0	0.0000	0.2000	-0.2000	0	0.18200	0.08200	-0.08200	0	4.370000	0.040000	-0.050000	0
16543	1	5918.00	106.00	-130.00	0	1.043000	0.158000	-0.092000	0	1.003000	0.072000	-0.064000	0	-0.0400	0.1500	-0.1500	0					4.403000	0.080000	-0.120000	0
16561	1	5642.00	200.00	-200.00	0	0.839000	0.376000	-0.376000	0													4.566000	0.300000	-0.300000	0
16572	1	5642.00	200.00	-200.00	0	0.839000	0.376000	-0.376000	0													4.566000	0.300000	-0.300000	0
16582	1	5642.00	200.00	-200.00	0	0.839000	0.376000	-0.376000	0													4.566000	0.300000	-0.300000	0
16591	1	5650.00	101.00	-112.00	0	0.899000	0.114000	-0.057000	0	0.932000	0.051000	-0.068000	0	-0.0400	0.1500	-0.1500	0					4.500000	0.045000	-0.105000	0
16603	1	5706.00	114.00	-103.00	0	1.034000	0.148000	-0.121000	0	0.940000	0.073000	-0.055000	0	0.0000	0.1500	-0.1500	0					4.382000	0.099000	-0.110000	0
16614	1	3732.00	75.00	-83.00	0	0.509000	0.034000	-0.050000	0	0.515000	0.039000	-0.042000	0	0.0200	0.1500	-0.1500	0					4.736000	0.052000	-0.024000	0
16618	1	6477.00	103.00	-116.00	0	1.459000	0.058000	-0.086000	0	1.300000	0.059000	-0.072000	0	0.1000	0.1000	-0.1500	0					4.224000	0.033000	-0.027000	0
16631	1	6150.00	73.00	-85.00	0	2.086000	0.098000	-0.147000	0	1.448000	0.059000	-0.148000	0	0.2200	0.1500	-0.1500	0					3.960000	0.030000	-0.027000	0
16637	1	6212.00	111.00	-136.00	0	1.209000	0.210000	-0.140000	0	1.082000	0.103000	-0.066000	0	-0.0400	0.1500	-0.1500	0					4.309000	0.095000	-0.116000	0
16644	1	4894.00	97.00	-97.00	0	0.684000	0.041000	-0.031000	0	0.753000	0.032000	-0.059000	0	-0.2400	0.1500	-0.1500	0					4.637000	0.015000	-0.042000	0
16656	1	6200.00	124.00	-124.00	0	1.640000	0.281000	-0.343000	0	1.158000	0.140000	-0.105000	0	-0.0600	0.1500	-0.1500	0					4.072000	0.188000	-0.101000	0
16666	1	5731.00	103.00	-115.00	0	0.906000	0.119000	-0.080000	0	0.846000	0.065000	-0.049000	0	-0.3200	0.1500	-0.1500	0					4.451000	0.095000	-0.095000	0
16668	1	5687.00	114.00	-103.00	0	1.775000	0.283000	-0.460000	0	1.080000	0.123000	-0.123000	0	0.0400	0.2000	-0.1500	0					3.973000	0.210000	-0.090000	0
16688	1	5526.00	100.00	-100.00	0	1.085000	0.191000	-0.191000	0													4.375000	0.150000	-0.150000	0
16697	1	5526.00	100.00	-100.00	0	1.085000	0.191000	-0.191000	0													4.375000	0.150000	-0.150000	0
16705	1	5526.00	100.00	-100.00	0	1.085000	0.191000	-0.191000	0													4.375000	0.150000	-0.150000	0
16719	1	5526.00	100.00	-100.00	0	1.085000	0.191000	-0.191000	0													4.375000	0.150000	-0.150000	0
16728	1	5573.00	149.00	-166.00	0	0.839000	0.201000	-0.067000	0	0.939000	0.081000	-0.112000	0	-0.0400	0.3000	-0.3000	0					4.562000	0.030000	-0.170000	0
16732	1	5351.00	159.00	-159.00	0	0.796000	0.143000	-0.061000	0	0.890000	0.070000	-0.096000	0	-0.0400	0.3000	-0.3000	0					4.582000	0.030000	-0.120000	0
16743	1	5506.00	166.00	-166.00	0	0.788000	0.176000	-0.070000	0	0.876000	0.083000	-0.102000	0	-0.2000	0.3000	-0.3000	0					4.584000	0.036000	-0.144000	0
16753	1	6072.00	182.00	-182.00	0	1.010000	0.308000	-0.132000	0	0.960000	0.142000	-0.103000	0	-0.3000	0.3000	-0.3000	0					4.411000	0.105000	-0.195000	0
16761	1	6092.00	181.00	-200.00	0	0.943000	0.289000	-0.096000	0	1.016000	0.125000	-0.139000	0	-0.2200	0.3000	-0.3000	0					4.496000	0.052000	-0.221000	0
16772	1	6020.00	108.00	-133.00	0	1.085000	0.180000	-0.103000	0	1.049000	0.086000	-0.070000	0	0.0000	0.1500	-0.1500	0					4.389000	0.066000	-0.123000	0
16775	1	5316.00	106.00	-106.00	0	0.804000	0.077000	-0.038000	0	0.876000	0.037000	-0.063000	0	0.0000	0.1500	-0.1500	0					4.570000	0.020000	-0.080000	0
16787	1	5349.00	167.00	-167.00	0	0.820000	0.141000	-0.082000	0	0.824000	0.096000	-0.078000	0	-0.1200	0.3000	-0.3000	0					4.526000	0.063000	-0.108000	0
16796	1	5170.00	155.00	-155.00	0	0.807000	0.111000	-0.060000	0	0.891000	0.053000	-0.084000	0	0.1800	0.2000	-0.3000	0					4.574000	0.026000	-0.097000	0
16798	1	3837.00	481.00	-259.00	0	0.517000	0.114000	-0.114000	0	0.544000	0.114000	-0.114000	0	-0.0600	0.1500	-0.1500	0					4.747000	0.105000	-0.094000	0
16814	1	6031.00	200.00	-200.00	0	0.949000	0.473000	-0.473000	0													4.404000	0.300000	-0.300000	0
16822	1	6031.00	200.00	-200.00	0	0.949000	0.473000	-0.473000	0													4.404000	0.300000	-0.300000	0
16835	1	5942.00	176.00	-193.00	0	1.142000	0.333000	-0.222000	0	1.009000	0.152000	-0.124000	0	-0.0400	0.2500	-0.3000	0					4.327000	0.136000	-0.187000	0
16839	1	4859.00	97.00	-97.00	0	0.720000	0.047000	-0.029000	0	0.781000	0.034000	-0.049000	0	0.0000	0.1500	-0.1500	0					4.612000	0.015000	-0.045000	0
16845	1	5821.00	79.00	-79.00	0	1.494000	0.244000	-0.326000	0	1.043000	0.107000	-0.080000	0	0.0400	0.1500	-0.1500	0					4.108000	0.182000	-0.098000	0
16858	1	6320.00	75.00	-88.00	0	1.252000	0.212000	-0.085000	0	1.273000	0.077000	-0.085000	0	0.2400	0.1500	-0.2000	0					4.347000	0.032000	-0.120000	0
16866	1	6061.00	180.00	-198.00	0	0.970000	0.300000	-0.100000	0	1.050000	0.142000	-0.142000	0	-0.1000	0.2500	-0.3000	0					4.486000	0.050000	-0.200000	0
16870	1	3975.00	71.00	-87.00	0	0.509000	0.037000	-0.037000	0	0.535000	0.030000	-0.041000	0	-0.3400	0.1500	-0.1500	0					4.753000	0.031000	-0.038000	0
16881	1	6085.00	182.00	-200.00	0	0.973000	0.302000	-0.121000	0	0.976000	0.129000	-0.116000	0	-0.2800	0.3000	-0.3000	0					4.451000	0.081000	-0.202000	0
16889	1	5043.00	164.00	-149.00	0	0.881000	0.090000	-0.099000	0	0.834000	0.068000	-0.055000	0	0.3000	0.1500	-0.3000	0					4.470000	0.104000	-0.095000	0
16898	1	6063.00	190.00	-232.00	0	1.001000	0.318000	-0.106000	0	1.079000	0.145000	-0.145000	0	-0.0200	0.2500	-0.3000	0					4.470000	0.054000	-0.216000	0
16904	1	5757.00	155.00	-155.00	0	0.762000	0.168000	-0.056000	0	0.865000	0.087000	-0.096000	0	-0.5000	0.3500	-0.2500	0					4.597000	0.036000	-0.144000	0
16911	1	4880.00	126.00	-126.00	0	0.622000	0.032000	-0.032000	0													4.679000	0.150000	-0.150000	0
16928	1	4880.00	126.00	-126.00	0	0.622000	0.032000	-0.032000	0													4.679000	0.150000	-0.150000	0
16938	1	4880.00	126.00	-126.00	0	0.622000	0.032000	-0.032000	0													4.679000	0.150000	-0.150000	0
16949	1	5705.00	76.00	-76.00	0	0.905000	0.121000	-0.052000	0	0.943000	0.052000	-0.063000	0	-0.0600	0.1500	-0.1500	0					4.499000	0.045000	-0.113000	0
16959	1	3683.00	73.00	-88.00	0	0.424000	0.045000	-0.055000	0	0.454000	0.037000	-0.064000	0	-0.2200	0.1500	-0.1500	0					4.840000	0.050000	-0.055000	0
16966	1	5776.00	138.00	-155.00	0	0.849000	0.236000	-0.079000	0	0.939000	0.098000	-0.120000	0	-0.1800	0.3000	-0.3000	0					4.554000	0.035000	-0.196000	0
16970	1	5855.00	105.00	-117.00	0	1.613000	0.255000	-0.351000	0	1.266000	0.098000	-0.147000	0	0.4000	0.0500	-0.1500	0					4.125000	0.168000	-0.112000	0
16980	1	5986.00	179.00	-215.00	0	0.850000	0.234000	-0.094000	0	0.886000	0.099000	-0.099000	0	-0.5000	0.3000	-0.3000	0					4.527000	0.060000	-0.192000	0
16991	1	5611.00	84.00	-75.00	0	1.400000	0.231000	-0.283000	0	0.995000	0.074000	-0.066000	0	0.1600	0.1500	-0.1500	0					4.144000	0.195000	-0.105000	0
16994	1	6018.00	120.00	-120.00	0	1.286000	0.207000	-0.207000	0	1.090000	0.100000	-0.082000	0	0.0600	0.1500	-0.1500	0					4.257000	0.137000	-0.112000	0
17005	1	5477.00	172.00	-191.00	0	0.865000	0.173000	-0.074000	0	0.983000	0.065000	-0.115000	0	0.2100	0.2000	-0.3000	0					4.557000	0.027000	-0.153000	0
17011	1	5774.00	172.00	-189.00	0	0.864000	0.249000	-0.083000	0	0.916000	0.110000	-0.100000	0	-0.2200	0.3000	-0.3000	0					4.526000	0.048000	-0.192000	0
17024	1	3957.00	71.00	-87.00	0	0.553000	0.027000	-0.039000	0	0.551000	0.035000	-0.035000	0	-0.1600	0.1500	-0.1500	0					4.693000	0.042000	-0.018000	0
17032	1	6064.00	200.00	-200.00	0	1.010000	0.504000	-0.504000	0													4.472000	0.300000	-0.300000	0
17042	1	6064.00	200.00	-200.00	0	1.010000	0.504000	-0.504000	0													4.472000	0.300000	-0.300000	0
17056	1	5644.00	76.00	-84.00	0	0.969000	0.142000	-0.066000	0	0.981000	0.056000	-0.056000	0	0.1400	0.1500	-0.1500	0					4.457000	0.051000	-0.110000	0
17059	1	6052.00	163.00	-199.00	0	0.967000	0.304000	-0.121000	0	0.974000	0.130000	-0.117000	0	-0.2600	0.3000	-0.3000	0					4.456000	0.070000	-0.210000	0
17070	1	5446.00	162.00	-162.00	0	0.821000	0.157000	-0.085000	0	0.824000	0.096000	-0.080000	0	-0.2000	0.3000	-0.3000	0					4.525000	0.072000	-0.126000	0
17078	1	5180.00	155.00	-155.00	0	0.769000	0.111000	-0.056000	0	0.860000	0.057000	-0.092000	0	0.0000	0.2500	-0.3000	0					4.597000	0.026000	-0.097000	0
17084	1	4723.00	167.00	-167.00	0	0.747000	0.046000	-0.069000	0	0.734000	0.070000	-0.058000	0	0.0800	0.2500	-0.3000	0					4.557000	0.063000	-0.032000	0
17093	1	6086.00	182.00	-200.00	0	0.921000	0.288000	-0.096000	0	1.003000	0.129000	-0.129000	0	-0.2600	0.3000	-0.3000	0					4.511000	0.052000	-0.221000	0
17103	1	4915.00	78.00	-88.00	0	0.812000	0.027000	-0.058000	0	0.781000	0.051000	-0.025000	0	0.1600	0.1500	-0.1500	0					4.512000	0.072000	-0.022000	0
17109	1	5288.00	159.00	-143.00	0	0.740000	0.112000	-0.060000	0	0.828000	0.070000	-0.096000	0	-0.2400	0.3000	-0.3000	0					4.613000	0.036000	-0.090000	0
17115	1	5557.00	83.00	-72.00	0	1.616000	0.254000	-0.413000	0	1.035000	0.085000	-0.094000	0	0.1600	0.1500	-0.1000	0					4.037000	0.210000	-0.090000	0
17120	1	5017.00	151.00	-151.00	0	0.797000	0.078000	-0.086000	0	0.760000	0.095000	-0.055000	0	-0.0200	0.3000	-0.3000	0					4.516000	0.088000	-0.088000	0
17138	1	5232.00	200.00	-200.00	0	0.891000	0.456000	-0.456000	0													4.474000	0.300000	-0.300000	0
17148	1	5232.00	200.00	-200.00	0	0.891000	0.456000	-0.456000	0													4.474000	0.300000	-0.300000	0
17165	1	5232.00	200.00	-200.00	0	0.891000	0.456000	-0.456000	0													4.474000	0.300000	-0.300000	0
17168	1	5295.00	75.86	-115.45	0	0.830000	0.067000	-0.047000	0	0.870000	0.041000	-0.048000	0	0.0300	0.1490	-0.1710	0					4.550000	0.036000	-0.076000	0
17178	1	5229.00	78.00	-78.00	0	0.903000	0.056000	-0.088000	0	0.821000	0.059000	-0.032000	0	0.0800	0.1500	-0.1500	0					4.441000	0.105000	-0.042000	0
17185	1	3871.00	77.00	-84.00	0	0.532000	0.042000	-0.027000	0	0.573000	0.031000	-0.038000	0	0.0700	0.1500	-0.1500	0					4.744000	0.021000	-0.053000	0
17199	1	6572.00	160.00	-251.00	0	1.238000	0.390000	-0.139000	0	1.298000	0.163000	-0.200000	0	0.0700	0.2000	-0.3500	0					4.365000	0.065000	-0.208000	0
17206	1	5897.00	105.00	-117.00	0	1.259000	0.204000	-0.224000	0	1.026000	0.093000	-0.069000	0	0.0200	0.1500	-0.1500	0					4.250000	0.156000	-0.104000	0
17212	1	6461.00	158.00	-225.00	0	1.131000	0.363000	-0.121000	0	1.162000	0.164000	-0.164000	0	-0.1400	0.2500	-0.3000	0					4.396000	0.067000	-0.202000	0
17222	1	5692.00	173.00	-173.00	0	1.064000	0.311000	-0.191000	0	0.946000	0.125000	-0.091000	0	0.0400	0.2500	-0.3000	0					4.360000	0.132000	-0.198000	0
17230	1	5868.00	105.00	-117.00	0	1.042000	0.144000	-0.129000	0	0.915000	0.066000	-0.059000	0	-0.2200	0.1500	-0.1500	0					4.363000	0.115000	-0.103000	0
17233	1	5243.00	84.00	-73.00	0	0.831000	0.069000	-0.040000	0	0.887000	0.037000	-0.050000	0	0.1400	0.1500	-0.1500	0					4.547000	0.028000	-0.077000	0
17241	1	6050.00	190.00	-232.00	0	1.572000	0.459000	-0.459000	0	1.240000	0.170000	-0.227000	0	0.1400	0.2000	-0.3000	0					4.137000	0.252000	-0.168000	0
17250	1	6071.00	134.00	-134.00	0	1.295000	0.232000	-0.211000	0	1.061000	0.109000	-0.073000	0	-0.0600	0.1500	-0.1500	0					4.239000	0.143000	-0.117000	0
17265	1	5732.00	60.00	-60.00	0	1.324000	0.053000	-0.051000	0	0.921000	0.025000	-0.023000	0	-0.1100	0.0400	-0.0400	0					4.100000	0.100000	-0.100000	0
17277	1	5732.00	60.00	-60.00	0	1.324000	0.053000	-0.051000	0	0.921000	0.025000	-0.023000	0	-0.1100	0.0400	-0.0400	0					4.100000	0.100000	-0.100000	0
17288	1	5602.00	166.00	-150.00	0	1.009000	0.269000	-0.145000	0	0.941000	0.104000	-0.085000	0	0.1000	0.2500	-0.3000	0					4.404000	0.116000	-0.188000	0
17292	1	5661.00	101.00	-112.00	0	0.934000	0.124000	-0.072000	0	0.941000	0.057000	-0.063000	0	0.0000	0.1500	-0.1500	0					4.471000	0.056000	-0.112000	0
17305	1	5541.00	100.00	-111.00	0	0.934000	0.117000	-0.068000	0	0.942000	0.053000	-0.059000	0	0.1200	0.1500	-0.1500	0					4.472000	0.056000	-0.104000	0
17310	1	6183.00	110.00	-134.00	0	1.300000	0.219000	-0.128000	0	1.241000	0.088000	-0.088000	0	0.2600	0.1500	-0.1500	0					4.301000	0.066000	-0.114000	0
17319	1	6214.00	173.00	-217.00	0	1.122000	0.384000	-0.153000	0	1.101000	0.173000	-0.126000	0	-0.0200	0.2500	-0.3000	0					4.382000	0.087000	-0.217000	0
17333	1	5818.00	69.00	-86.00	0	1.647000	0.252000	-0.378000	0	1.149000	0.128000	-0.105000	0	0.2400	0.1500	-0.1000	0					4.065000	0.202000	-0.081000	0
17335	1	5872.00	70.00	-79.00	0	1.153000	0.185000	-0.135000	0	1.041000	0.082000	-0.059000	0	0.1000	0.1500	-0.1500	0					4.332000	0.103000	-0.115000	0
17352	1	5771.00	104.00	-115.00	0	1.068000	0.161000	-0.120000	0	0.984000	0.072000	-0.065000	0	0.0600	0.1500	-0.1500	0					4.374000	0.105000	-0.105000	0
17360	1	6310.00	168.00	-205.00	0	1.095000	0.313000	-0.134000	0	1.143000	0.157000	-0.157000	0	-0.0600	0.2500	-0.3000	0					4.417000	0.065000	-0.195000	0
17368	1	5730.00	77.00	-86.00	0	1.056000	0.161000	-0.094000	0	1.008000	0.061000	-0.061000	0	0.1600	0.1500	-0.1500	0					4.394000	0.080000	-0.120000	0
17371	1	5676.00	200.00	-200.00	0	1.066000	0.454000	-0.454000	0													4.334000	0.300000	-0.300000	0
17391	1	5676.00	200.00	-200.00	0	1.066000	0.454000	-0.454000	0													4.334000	0.300000	-0.300000	0
17400	1	5676.00	200.00	-200.00	0	1.066000	0.454000	-0.454000	0													4.334000	0.300000	-0.300000	0
17404	1	5403.00	107.00	-107.00	0	0.868000	0.080000	-0.058000	0	0.868000	0.054000	-0.048000	0	0.0000	0.1500	-0.1500	0					4.500000	0.058000	-0.071000	0
17419	1	5568.00	166.00	-183.00	0	0.957000	0.237000	-0.079000	0	1.053000	0.084000	-0.115000	0	0.4400	0.0500	-0.3000	0					4.499000	0.044000	-0.187000	0
17428	1	4931.00	98.00	-98.00	0	0.734000	0.048000	-0.030000	0	0.794000	0.035000	-0.050000	0	0.0000	0.1500	-0.1500	0					4.605000	0.018000	-0.049000	0
17436	1	5129.00	153.00	-138.00	0	1.781000	0.909000	-1.111000	0	0.887000	0.117000	-0.157000	0	-0.1600	0.3000	-0.3000	0					3.884000	0.707000	-0.303000	0
17445	1	5442.00	164.00	-164.00	0	0.974000	0.248000	-0.133000	0	0.887000	0.101000	-0.074000	0	0.1000	0.2500	-0.3000	0					4.409000	0.135000	-0.180000	0
17446	1	5618.00	112.00	-101.00	0	0.996000	0.133000	-0.109000	0	0.911000	0.068000	-0.046000	0	0.0000	0.1500	-0.1500	0					4.401000	0.100000	-0.100000	0
17455	1	5808.00	78.00	-78.00	0	1.397000	0.228000	-0.254000	0	1.058000	0.105000	-0.073000	0	0.1400	0.1500	-0.1500	0					4.172000	0.162000	-0.108000	0
17470	1	6060.00	163.00	-181.00	0	0.925000	0.262000	-0.087000	0	1.008000	0.117000	-0.130000	0	-0.2200	0.2500	-0.3500	0					4.509000	0.048000	-0.192000	0
17478	1	4786.00	130.00	-144.00	0	0.704000	0.054000	-0.066000	0	0.686000	0.079000	-0.053000	0	-0.2000	0.3000	-0.3000	0					4.579000	0.060000	-0.030000	0
17480	1	5436.00	81.00	-81.00	0	0.888000	0.104000	-0.052000	0	0.920000	0.046000	-0.051000	0	0.1200	0.1500	-0.1500	0					4.505000	0.039000	-0.097000	0
17488	1	5302.00	200.00	-200.00	0	0.759000	0.307000	-0.307000	0													4.613000	0.300000	-0.300000	0
17511	1	5302.00	200.00	-200.00	0	0.759000	0.307000	-0.307000	0													4.613000	0.300000	-0.300000	0
17513	1	5866.00	105.00	-117.00	0	1.367000	0.209000	-0.256000	0	1.020000	0.093000	-0.078000	0	0.0000	0.1500	-0.1500	0					4.175000	0.182000	-0.098000	0
17528	1	5887.00	105.00	-129.00	0	1.177000	0.186000	-0.186000	0	0.985000	0.078000	-0.064000	0	-0.0600	0.1500	-0.1500	0					4.290000	0.138000	-0.113000	0
17536	1	5229.00	183.00	-183.00	0	1.005000	0.328000	-0.177000	0	0.878000	0.081000	-0.061000	0	0.3200	0.1500	-0.2500	0					4.378000	0.160000	-0.240000	0
17544	1	5191.00	155.00	-155.00	0	0.764000	0.109000	-0.058000	0	0.850000	0.068000	-0.093000	0	-0.0600	0.3000	-0.3000	0					4.597000	0.030000	-0.090000	0
17545	1	5052.00	151.00	-151.00	0	0.816000	0.078000	-0.095000	0	0.773000	0.087000	-0.055000	0	0.0200	0.2500	-0.3000	0					4.503000	0.088000	-0.072000	0
17557	1	4500.00	123.00	-137.00	0	0.688000	0.048000	-0.040000	0	0.768000	0.024000	-0.067000	0	0.2800	0.1500	-0.3000	0					4.638000	0.018000	-0.049000	0
17561	1	6036.00	162.00	-198.00	0	0.949000	0.292000	-0.097000	0	1.018000	0.141000	-0.141000	0	-0.1600	0.3000	-0.3500	0					4.491000	0.052000	-0.208000	0
17572	1	6244.00	169.00	-225.00	0	1.009000	0.335000	-0.112000	0	1.069000	0.144000	-0.144000	0	-0.2000	0.2500	-0.3500	0					4.460000	0.054000	-0.216000	0
17582	1	3967.00	79.00	-79.00	0	0.587000	0.026000	-0.035000	0	0.593000	0.034000	-0.034000	0	0.0600	0.1500	-0.1500	0					4.674000	0.032000	-0.017000	0
17592	1	5831.00	157.00	-192.00	0	0.921000	0.256000	-0.092000	0	1.016000	0.116000	-0.127000	0	0.0000	0.2500	-0.3000	0					4.517000	0.048000	-0.204000	0
17599	1	5345.00	100.00	-100.00	0	1.108000	0.051000	-0.051000	0	0.972000	0.042000	-0.042000	0	0.1900	0.0600	-0.0600	0	-0.03100	0.03500	-0.03500	0	4.310000	0.120000	-0.120000	0
17614	1	5345.00	100.00	-100.00	0	1.108000	0.051000	-0.051000	0	0.972000	0.042000	-0.042000	0	0.1900	0.0600	-0.0600	0	-0.03100	0.03500	-0.03500	0	4.310000	0.120000	-0.120000	0
17627	1	5345.00	100.00	-100.00	0	1.108000	0.051000	-0.051000	0	0.972000	0.042000	-0.042000	0	0.1900	0.0600	-0.0600	0	-0.03100	0.03500	-0.03500	0	4.310000	0.120000	-0.120000	0
17649	1	5731.00	200.00	-200.00	0	1.063000	0.471000	-0.471000	0													4.343000	0.300000	-0.300000	0
17654	1	5731.00	200.00	-200.00	0	1.063000	0.471000	-0.471000	0													4.343000	0.300000	-0.300000	0
17666	1	5343.00	85.00	-74.00	0	2.506000	0.468000	-0.870000	0	1.330000	0.146000	-0.341000	0	0.0800	0.1500	-0.1500	0					3.764000	0.238000	-0.102000	0
17672	1	5738.00	156.00	-173.00	0	0.981000	0.281000	-0.141000	0	0.936000	0.114000	-0.093000	0	-0.0600	0.3000	-0.3000	0					4.426000	0.101000	-0.188000	0
17685	1	5738.00	156.00	-173.00	0	0.981000	0.281000	-0.141000	0	0.936000	0.114000	-0.093000	0	-0.0600	0.3000	-0.3000	0					4.426000	0.101000	-0.188000	0
17688	1	4245.00	85.00	-85.00	0	0.637000	0.026000	-0.032000	0	0.649000	0.032000	-0.032000	0	0.0000	0.1500	-0.1500	0					4.641000	0.027000	-0.020000	0
17695	1	4245.00	85.00	-85.00	0	0.637000	0.026000	-0.032000	0	0.649000	0.032000	-0.032000	0	0.0000	0.1500	-0.1500	0					4.641000	0.027000	-0.020000	0
17702	1	5109.00	169.00	-138.00	0	1.671000	0.775000	-0.947000	0	0.929000	0.103000	-0.126000	0	0.1000	0.2500	-0.2500	0					3.960000	0.616000	-0.264000	0
17710	1	3867.00	77.00	-84.00	0	0.552000	0.033000	-0.033000	0	0.581000	0.028000	-0.038000	0	0.1000	0.1500	-0.1500	0					4.718000	0.027000	-0.033000	0
17725	1	5311.00	175.00	-159.00	0	0.788000	0.132000	-0.066000	0	0.884000	0.070000	-0.104000	0	-0.0400	0.3000	-0.3000	0					4.588000	0.030000	-0.112000	0
17730	1	6455.00	175.00	-214.00	0	1.496000	0.421000	-0.421000	0	1.087000	0.174000	-0.139000	0	-0.3600	0.2500	-0.3000	0					4.125000	0.252000	-0.168000	0
17741	1	5530.00	165.00	-165.00	0	0.892000	0.217000	-0.145000	0	0.773000	0.123000	-0.057000	0	-0.3400	0.3500	-0.3000	0					4.425000	0.153000	-0.187000	0
17742	1	4901.00	78.00	-78.00	0	0.716000	0.054000	-0.021000	0	0.807000	0.028000	-0.056000	0	0.0400	0.1500	-0.1500	0					4.618000	0.012000	-0.054000	0
17760	1	5333.00	200.00	-200.00	0	0.749000	0.367000	-0.367000	0													4.619000	0.300000	-0.300000	0
17764	1	5333.00	200.00	-200.00	0	0.749000	0.367000	-0.367000	0													4.619000	0.300000	-0.300000	0
17775	1	5492.00	82.00	-74.00	0	1.016000	0.131000	-0.108000	0	0.921000	0.057000	-0.042000	0	0.1600	0.1500	-0.1500	0					4.389000	0.105000	-0.095000	0
17782	1	5561.00	83.00	-75.00	0	1.190000	0.177000	-0.216000	0	0.946000	0.068000	-0.045000	0	0.1600	0.1500	-0.1500	0					4.263000	0.168000	-0.112000	0
17793	1	6174.00	173.00	-260.00	0	1.103000	0.358000	-0.128000	0	1.162000	0.158000	-0.158000	0	0.1000	0.2500	-0.3000	0					4.417000	0.054000	-0.216000	0
17800	1	5167.00	103.00	-103.00	0	0.787000	0.053000	-0.043000	0	0.812000	0.046000	-0.046000	0	-0.0400	0.1500	-0.1500	0					4.555000	0.036000	-0.050000	0
17804	1	4922.00	169.00	-169.00	0	0.823000	0.062000	-0.085000	0	0.790000	0.073000	-0.054000	0	0.2000	0.2000	-0.3000	0					4.505000	0.084000	-0.056000	0
17813	1	4922.00	169.00	-169.00	0	0.823000	0.062000	-0.085000	0	0.790000	0.073000	-0.054000	0	0.2000	0.2000	-0.3000	0					4.505000	0.084000	-0.056000	0
17821	1	5516.00	166.00	-166.00	0	0.967000	0.261000	-0.161000	0	0.856000	0.120000	-0.074000	0	-0.0600	0.3000	-0.3000	0					4.399000	0.144000	-0.176000	0
17828	1	5051.00	111.00	-90.00	0	0.706000	0.047000	-0.030000	0	0.786000	0.033000	-0.062000	0	-0.2400	0.1500	-0.1500	0					4.628000	0.017000	-0.052000	0
17836	1	5316.00	85.00	-74.00	0	0.915000	0.074000	-0.074000	0	0.878000	0.050000	-0.041000	0	0.1600	0.1500	-0.1500	0					4.459000	0.077000	-0.063000	0
17844	1	6047.00	180.00	-180.00	0	1.129000	0.338000	-0.182000	0	1.021000	0.153000	-0.126000	0	-0.0800	0.2500	-0.3000	0					4.343000	0.128000	-0.192000	0
17858	1	6090.00	169.00	-232.00	0	1.071000	0.292000	-0.125000	0	1.173000	0.121000	-0.181000	0	0.2100	0.2000	-0.3500	0					4.447000	0.060000	-0.192000	0
17863	1	6250.00	200.00	-200.00	0	1.146000	0.512000	-0.512000	0													4.401000	0.300000	-0.300000	0
17872	1	6250.00	200.00	-200.00	0	1.146000	0.512000	-0.512000	0													4.401000	0.300000	-0.300000	0
17885	1	5841.00	182.00	-223.00	0	0.931000	0.257000	-0.086000	0	1.047000	0.112000	-0.137000	0	0.0700	0.2500	-0.3000	0					4.520000	0.046000	-0.184000	0
17898	1	5475.00	73.00	-82.00	0	0.884000	0.112000	-0.042000	0	0.946000	0.044000	-0.058000	0	0.1400	0.1500	-0.1500	0					4.521000	0.028000	-0.105000	0
17905	1	5165.00	153.00	-138.00	0	0.702000	0.096000	-0.052000	0	0.782000	0.066000	-0.088000	0	-0.3200	0.3000	-0.3000	0					4.633000	0.033000	-0.082000	0
17908	1	6000.00	108.00	-133.00	0	1.126000	0.195000	-0.105000	0	1.068000	0.086000	-0.070000	0	0.0600	0.1500	-0.1500	0					4.363000	0.080000	-0.120000	0
17917	1	6002.00	71.00	-89.00	0	1.081000	0.171000	-0.061000	0	1.135000	0.062000	-0.070000	0	0.2000	0.1500	-0.1500	0					4.424000	0.032000	-0.120000	0
17927	1	5123.00	82.00	-82.00	0	0.847000	0.044000	-0.055000	0	0.828000	0.048000	-0.035000	0	0.1400	0.1500	-0.1500	0					4.501000	0.066000	-0.038000	0
17932	1	3821.00	76.00	-84.00	0	0.486000	0.034000	-0.047000	0	0.490000	0.040000	-0.040000	0	-0.2800	0.1500	-0.1500	0					4.755000	0.056000	-0.028000	0
17939	1	5423.00	108.00	-97.00	0	1.404000	0.210000	-0.490000	0	0.915000	0.049000	-0.061000	0	0.0800	0.1500	-0.1000	0					4.105000	0.360000	-0.112000	0
17947	1	5806.00	69.00	-87.00	0	0.899000	0.084000	-0.045000	0	0.996000	0.046000	-0.066000	0	-0.0400	0.1500	-0.1500	0					4.528000	0.023000	-0.068000	0
17959	1	5230.00	158.00	-158.00	0	0.777000	0.122000	-0.056000	0	0.873000	0.062000	-0.101000	0	0.0000	0.3000	-0.3000	0					4.594000	0.032000	-0.104000	0
17964	1	5888.00	200.00	-200.00	0	0.958000	0.414000	-0.414000	0													4.502000	0.300000	-0.300000	0
17976	1	5888.00	200.00	-200.00	0	0.958000	0.414000	-0.414000	0													4.502000	0.300000	-0.300000	0
17987	1	6160.00	123.00	-123.00	0	2.046000	0.352000	-0.527000	0	1.443000	0.129000	-0.193000	0	0.2400	0.1500	-0.1500	0					3.976000	0.180000	-0.105000	0
17998	1	6063.00	181.00	-217.00	0	1.012000	0.302000	-0.101000	0	1.117000	0.130000	-0.145000	0	0.0700	0.2500	-0.3000	0					4.476000	0.048000	-0.192000	0
18006	1	5242.00	157.00	-157.00	0	0.722000	0.096000	-0.078000	0	0.684000	0.098000	-0.042000	0	-0.5400	0.3000	-0.3000	0					4.556000	0.090000	-0.099000	0
18015	1	6164.00	110.00	-135.00	0	1.446000	0.248000	-0.203000	0	1.286000	0.081000	-0.090000	0	0.3800	0.0500	-0.1500	0					4.227000	0.110000	-0.110000	0
18025	1	4821.00	76.00	-76.00	0	0.788000	0.028000	-0.051000	0	0.765000	0.051000	-0.028000	0	0.1600	0.1500	-0.1500	0					4.529000	0.060000	-0.020000	0
18030	1	4821.00	76.00	-76.00	0	0.788000	0.028000	-0.051000	0	0.765000	0.051000	-0.028000	0	0.1600	0.1500	-0.1500	0					4.529000	0.060000	-0.020000	0
18038	1	5903.00	158.00	-175.00	0	0.961000	0.278000	-0.139000	0	0.922000	0.119000	-0.097000	0	-0.2600	0.3000	-0.3000	0					4.437000	0.101000	-0.188000	0
18041	1	6123.00	190.00	-232.00	0	0.987000	0.317000	-0.106000	0	1.053000	0.140000	-0.140000	0	-0.1400	0.2500	-0.3500	0					4.472000	0.054000	-0.216000	0
18048	1	5966.00	186.00	-207.00	0	0.961000	0.299000	-0.100000	0	1.049000	0.126000	-0.140000	0	-0.0200	0.2500	-0.3500	0					4.493000	0.040000	-0.216000	0
18055	1	5877.00	116.00	-116.00	0	1.963000	0.273000	-0.507000	0	1.187000	0.133000	-0.147000	0	0.0400	0.1500	-0.1500	0					3.927000	0.203000	-0.087000	0
18062	1	5926.00	176.00	-211.00	0	0.939000	0.282000	-0.094000	0	1.030000	0.127000	-0.140000	0	-0.0400	0.2500	-0.3000	0					4.506000	0.052000	-0.208000	0
18079	1	5788.00	200.00	-200.00	0	0.873000	0.490000	-0.490000	0													4.510000	0.300000	-0.300000	0
18093	1	5788.00	200.00	-200.00	0	0.873000	0.490000	-0.490000	0													4.510000	0.300000	-0.300000	0
18107	1	5788.00	200.00	-200.00	0	0.873000	0.490000	-0.490000	0													4.510000	0.300000	-0.300000	0
18114	1	4898.00	78.00	-88.00	0	0.803000	0.028000	-0.060000	0	0.774000	0.048000	-0.028000	0	0.1400	0.1500	-0.1500	0					4.518000	0.068000	-0.018000	0
18118	1	5190.00	85.00	-77.00	0	0.899000	0.051000	-0.083000	0	0.823000	0.064000	-0.032000	0	0.1200	0.1500	-0.1500	0					4.446000	0.105000	-0.042000	0
18131	1	5970.00	184.00	-205.00	0	1.131000	0.335000	-0.180000	0	1.057000	0.152000	-0.124000	0	0.0600	0.2500	-0.3000	0					4.355000	0.112000	-0.192000	0
18137	1	5422.00	119.00	-98.00	0	1.782000	0.344000	-0.344000	0	1.020000	0.133000	-0.089000	0	0.0200	0.1500	-0.1500	0					3.945000	0.162000	-0.108000	0
18142	1	5776.00	181.00	-201.00	0	0.849000	0.209000	-0.075000	0	0.939000	0.098000	-0.120000	0	-0.1800	0.3000	-0.3000	0					4.554000	0.042000	-0.168000	0
18154	1	4703.00	74.00	-84.00	0	0.701000	0.027000	-0.041000	0	0.686000	0.050000	-0.025000	0	-0.1400	0.1500	-0.1500	0					4.582000	0.049000	-0.017000	0
18156	1	4825.00	96.00	-96.00	0	0.732000	0.043000	-0.029000	0	0.785000	0.035000	-0.042000	0	0.0800	0.1500	-0.1500	0					4.603000	0.018000	-0.045000	0
18171	1	6122.00	190.00	-232.00	0	0.964000	0.309000	-0.097000	0	1.041000	0.140000	-0.140000	0	-0.1800	0.3000	-0.3000	0					4.487000	0.052000	-0.208000	0
18178	1	4847.00	97.00	-97.00	0	0.737000	0.037000	-0.037000	0	0.756000	0.042000	-0.034000	0	0.0000	0.1500	-0.1500	0					4.581000	0.033000	-0.030000	0
18185	1	4806.00	144.00	-129.00	0	0.729000	0.051000	-0.070000	0	0.709000	0.080000	-0.058000	0	-0.1000	0.3000	-0.3000	0					4.564000	0.065000	-0.030000	0
18193	1	5208.00	200.00	-200.00	0	0.806000	0.460000	-0.460000	0													4.545000	0.300000	-0.300000	0
18204	1	5208.00	200.00	-200.00	0	0.806000	0.460000	-0.460000	0													4.545000	0.300000	-0.300000	0
18212	1	4239.00	84.00	-84.00	0	0.600000	0.028000	-0.031000	0	0.611000	0.033000	-0.033000	0	-0.2200	0.1500	-0.1500	0					4.667000	0.025000	-0.022000	0
18224	1	5982.00	167.00	-188.00	0	0.879000	0.257000	-0.086000	0	0.967000	0.118000	-0.129000	0	-0.2800	0.3000	-0.3000	0					4.535000	0.048000	-0.204000	0
18228	1	5237.00	157.00	-157.00	0	0.826000	0.124000	-0.057000	0	0.927000	0.046000	-0.093000	0	0.2400	0.2000	-0.3000	0					4.572000	0.028000	-0.112000	0
18234	1	4821.00	76.00	-76.00	0	0.788000	0.027000	-0.046000	0	0.765000	0.051000	-0.028000	0	0.1600	0.1500	-0.1500	0					4.529000	0.060000	-0.020000	0
18247	1	5026.00	100.00	-100.00	0	0.759000	0.050000	-0.034000	0	0.800000	0.038000	-0.048000	0	0.0000	0.1500	-0.1500	0					4.580000	0.024000	-0.048000	0
18251	1	3460.00	69.00	-83.00	0	0.356000	0.057000	-0.057000	0	0.385000	0.055000	-0.076000	0	0.0700	0.1500	-0.1500	0					4.920000	0.058000	-0.071000	0
18260	1	4948.00	79.00	-79.00	0	0.816000	0.031000	-0.054000	0	0.782000	0.059000	-0.025000	0	0.1400	0.1500	-0.1500	0					4.508000	0.072000	-0.023000	0
18270	1	6074.00	181.00	-181.00	0	1.005000	0.270000	-0.180000	0	0.873000	0.108000	-0.081000	0	-0.5400	0.3000	-0.3000	0					4.375000	0.149000	-0.182000	0
18277	1	4939.00	79.00	-79.00	0	0.819000	0.032000	-0.055000	0	0.785000	0.053000	-0.028000	0	0.1600	0.1500	-0.1500	0					4.506000	0.072000	-0.022000	0
18287	1	5887.00	70.00	-79.00	0	1.235000	0.213000	-0.175000	0	1.090000	0.070000	-0.078000	0	0.1600	0.1500	-0.1500	0					4.292000	0.120000	-0.120000	0
18290	1	5887.00	70.00	-79.00	0	1.235000	0.213000	-0.175000	0	1.090000	0.070000	-0.078000	0	0.1600	0.1500	-0.1500	0					4.292000	0.120000	-0.120000	0
18299	1	3788.00	54.00	-54.00	0	0.472000	0.052000	-0.052000	0	0.478000	0.055000	-0.055000	0	-0.2800	0.1000	-0.1000	0	-1.38500	0.08600	-0.10700	0	4.770000	0.069000	-0.069000	0
18311	1	3788.00	54.00	-54.00	0	0.472000	0.052000	-0.052000	0	0.478000	0.055000	-0.055000	0	-0.2800	0.1000	-0.1000	0	-1.38500	0.08600	-0.10700	0	4.770000	0.069000	-0.069000	0
18330	1	3788.00	54.00	-54.00	0	0.472000	0.052000	-0.052000	0	0.478000	0.055000	-0.055000	0	-0.2800	0.1000	-0.1000	0	-1.38500	0.08600	-0.10700	0	4.770000	0.069000	-0.069000	0
18354	1	3788.00	54.00	-54.00	0	0.472000	0.052000	-0.052000	0	0.478000	0.055000	-0.055000	0	-0.2800	0.1000	-0.1000	0	-1.38500	0.08600	-0.10700	0	4.770000	0.069000	-0.069000	0
18361	1	3755.00	90.00	-90.00	0	0.523000	0.023000	-0.021000	0	0.544000	0.024000	-0.021000	0	-0.2600	0.1200	-0.1200	0	-1.26000	0.07900	-0.05000	0	4.736000	0.020000	-0.019000	0
18375	1	5420.00	108.00	-97.00	0	0.868000	0.090000	-0.052000	0	0.874000	0.055000	-0.051000	0	0.0000	0.1500	-0.1500	0					4.502000	0.058000	-0.078000	0
18389	1	5855.00	104.00	-116.00	0	1.373000	0.235000	-0.259000	0	1.161000	0.081000	-0.111000	0	0.2600	0.1500	-0.1500	0					4.227000	0.143000	-0.117000	0
18393	1	5644.00	152.00	-152.00	0	0.806000	0.182000	-0.061000	0	0.900000	0.088000	-0.107000	0	-0.2400	0.3000	-0.3000	0					4.575000	0.036000	-0.144000	0
18400	1	5871.00	70.00	-88.00	0	0.983000	0.143000	-0.045000	0	1.097000	0.045000	-0.076000	0	0.2100	0.1500	-0.1500	0					4.493000	0.019000	-0.110000	0
18409	1	5854.00	105.00	-128.00	0	0.979000	0.148000	-0.064000	0	1.030000	0.063000	-0.076000	0	0.0600	0.1500	-0.1500	0					4.469000	0.040000	-0.120000	0
18418	1	5420.00	177.00	-161.00	0	0.871000	0.180000	-0.097000	0	0.849000	0.098000	-0.073000	0	-0.0600	0.3000	-0.3000	0					4.487000	0.077000	-0.143000	0
18427	1	5791.00	78.00	-86.00	0	1.083000	0.172000	-0.100000	0	1.030000	0.068000	-0.062000	0	0.1600	0.1500	-0.1500	0					4.381000	0.080000	-0.120000	0
18433	1	5693.00	136.00	-153.00	0	0.816000	0.210000	-0.070000	0	0.911000	0.090000	-0.100000	0	-0.2400	0.3000	-0.3000	0					4.570000	0.032000	-0.179000	0
18439	1	4658.00	93.00	-93.00	0	0.686000	0.042000	-0.025000	0	0.743000	0.032000	-0.043000	0	0.0000	0.1500	-0.1500	0					4.632000	0.015000	-0.042000	0
18451	1	5808.00	105.00	-128.00	0	0.902000	0.138000	-0.046000	0	0.987000	0.049000	-0.078000	0	-0.0600	0.1500	-0.1500	0					4.522000	0.030000	-0.120000	0
18455	1	5808.00	105.00	-128.00	0	0.902000	0.138000	-0.046000	0	0.987000	0.049000	-0.078000	0	-0.0600	0.1500	-0.1500	0					4.522000	0.030000	-0.120000	0
18470	1	6105.00	129.00	-129.00	0	1.287000	0.247000	-0.247000	0													4.274000	0.150000	-0.150000	0
18478	1	6105.00	129.00	-129.00	0	1.287000	0.247000	-0.247000	0													4.274000	0.150000	-0.150000	0
18495	1	5508.00	99.00	-110.00	0	0.840000	0.107000	-0.027000	0	0.955000	0.045000	-0.067000	0	0.0700	0.1500	-0.1500	0					4.569000	0.012000	-0.108000	0
18499	1	5741.00	154.00	-188.00	0	0.946000	0.279000	-0.093000	0	1.020000	0.111000	-0.122000	0	0.1200	0.2500	-0.3000	0					4.495000	0.052000	-0.208000	0
18508	1	5223.00	183.00	-183.00	0	0.885000	0.147000	-0.079000	0	0.913000	0.061000	-0.081000	0	0.3200	0.1000	-0.3000	0					4.505000	0.054000	-0.117000	0
18510	1	5151.00	154.00	-138.00	0	0.792000	0.106000	-0.053000	0	0.903000	0.046000	-0.092000	0	0.2100	0.2000	-0.3000	0					4.592000	0.024000	-0.102000	0
18523	1	4701.00	74.00	-84.00	0	0.775000	0.022000	-0.044000	0	0.758000	0.040000	-0.028000	0	0.2400	0.1500	-0.1500	0					4.540000	0.052000	-0.016000	0
18528	1	6161.00	166.00	-203.00	0	0.862000	0.243000	-0.076000	0	0.950000	0.095000	-0.116000	0	-0.5000	0.3000	-0.3000	0					4.545000	0.046000	-0.196000	0
18541	1	6104.00	57.00	-57.00	0	1.477000	0.021000	-0.022000	0	1.187000	0.075000	-0.088000	0	0.0100	0.0600	-0.0600	0								
18548	1	5615.00	101.00	-123.00	0	0.936000	0.132000	-0.047000	0	1.022000	0.043000	-0.074000	0	0.2400	0.1500	-0.1500	0					4.505000	0.030000	-0.120000	0
18552	1	5918.00	187.00	-208.00	0	0.865000	0.258000	-0.086000	0	0.956000	0.119000	-0.119000	0	-0.2600	0.3000	-0.3000	0					4.544000	0.036000	-0.204000	0
18558	1	5865.00	117.00	-105.00	0	1.388000	0.233000	-0.284000	0	1.023000	0.098000	-0.080000	0	0.0000	0.1500	-0.1500	0					4.163000	0.182000	-0.098000	0
18573	1	6021.00	200.00	-200.00	0	1.141000	0.514000	-0.514000	0													4.346000	0.300000	-0.300000	0
18587	1	6021.00	200.00	-200.00	0	1.141000	0.514000	-0.514000	0													4.346000	0.300000	-0.300000	0
18592	1	4380.00	130.00	-143.00	0	0.530000	0.041000	-0.045000	0	0.524000	0.045000	-0.034000	0	-0.9200	0.3000	-0.3000	0					4.710000	0.059000	-0.032000	0
18598	1	5135.00	84.00	-77.00	0	0.874000	0.044000	-0.076000	0	0.812000	0.061000	-0.031000	0	0.1200	0.1500	-0.1500	0					4.464000	0.090000	-0.036000	0
18604	1	5691.00	77.00	-77.00	0	1.458000	0.265000	-0.383000	0	1.068000	0.093000	-0.076000	0	0.2600	0.1500	-0.1500	0					4.139000	0.231000	-0.116000	0
18616	1	6208.00	194.00	-259.00	0	1.024000	0.314000	-0.126000	0	1.086000	0.141000	-0.155000	0	-0.1200	0.2500	-0.3500	0					4.454000	0.052000	-0.195000	0
18625	1	5984.00	188.00	-188.00	0	0.906000	0.279000	-0.093000	0	0.993000	0.131000	-0.131000	0	-0.2000	0.3000	-0.3000	0					4.521000	0.039000	-0.221000	0
18634	1	5591.00	150.00	-166.00	0	0.860000	0.222000	-0.074000	0	0.977000	0.085000	-0.113000	0	0.0700	0.2500	-0.3000	0					4.559000	0.033000	-0.187000	0
18641	1	5745.00	181.00	-201.00	0	0.837000	0.209000	-0.075000	0	0.928000	0.100000	-0.110000	0	-0.2000	0.3000	-0.3000	0					4.559000	0.042000	-0.168000	0
18650	1	5749.00	153.00	-170.00	0	0.864000	0.194000	-0.069000	0	0.961000	0.092000	-0.127000	0	-0.1000	0.2500	-0.3000	0					4.547000	0.040000	-0.160000	0
18655	1	5557.00	122.00	-78.00	0	1.249000	0.212000	-0.283000	0	0.897000	0.075000	-0.038000	0	0.0000	0.1500	-0.1500	0					4.198000	0.208000	-0.112000	0
18663	1	5646.00	186.00	-186.00	0	0.817000	0.203000	-0.087000	0	0.864000	0.097000	-0.088000	0	-0.2800	0.3000	-0.3000	0					4.550000	0.053000	-0.158000	0
18675	1	5235.00	200.00	-200.00	0	0.750000	0.376000	-0.376000	0													4.619000	0.300000	-0.300000	0
18680	1	5235.00	200.00	-200.00	0	0.750000	0.376000	-0.376000	0													4.619000	0.300000	-0.300000	0
18691	1	6046.00	121.00	-133.00	0	1.396000	0.238000	-0.290000	0	1.024000	0.100000	-0.073000	0	-0.1600	0.2000	-0.1500	0					4.158000	0.174000	-0.101000	0
18705	1	5516.00	149.00	-149.00	0	0.827000	0.187000	-0.080000	0	0.873000	0.092000	-0.092000	0	-0.1400	0.3000	-0.3000	0					4.544000	0.048000	-0.143000	0
18709	1	5383.00	159.00	-159.00	0	0.759000	0.132000	-0.057000	0	0.851000	0.078000	-0.096000	0	-0.2200	0.3000	-0.3000	0					4.603000	0.035000	-0.112000	0
18715	1	5633.00	76.00	-76.00	0	1.162000	0.179000	-0.179000	0	0.973000	0.068000	-0.056000	0	0.1600	0.1500	-0.1500	0					4.296000	0.150000	-0.113000	0
18722	1	5772.00	156.00	-173.00	0	0.901000	0.275000	-0.086000	0	0.999000	0.114000	-0.125000	0	0.0000	0.2500	-0.3000	0					4.528000	0.038000	-0.212000	0
18727	1	5772.00	156.00	-173.00	0	0.901000	0.275000	-0.086000	0	0.999000	0.114000	-0.125000	0	0.0000	0.2500	-0.3000	0					4.528000	0.038000	-0.212000	0
18739	1	5076.00	166.00	-151.00	0	0.763000	0.099000	-0.050000	0	0.860000	0.049000	-0.085000	0	0.1000	0.2500	-0.3000	0					4.598000	0.022000	-0.088000	0
18746	1	6122.00	192.00	-235.00	0	0.996000	0.312000	-0.104000	0	1.070000	0.137000	-0.150000	0	-0.1000	0.3000	-0.3000	0					4.471000	0.052000	-0.208000	0
18754	1	5165.00	170.00	-154.00	0	0.761000	0.119000	-0.055000	0	0.859000	0.064000	-0.085000	0	0.0200	0.2500	-0.3000	0					4.599000	0.026000	-0.097000	0
18762	1	5702.00	189.00	-172.00	0	1.125000	0.347000	-0.284000	0	0.837000	0.130000	-0.070000	0	-0.2800	0.3000	-0.3000	0					4.258000	0.253000	-0.207000	0
18769	1	4791.00	143.00	-129.00	0	0.742000	0.054000	-0.059000	0	0.759000	0.061000	-0.061000	0	0.0700	0.2500	-0.3000	0					4.577000	0.045000	-0.036000	0
18778	1	5541.00	60.00	-60.00	0	0.859000	0.018000	-0.018000	0	0.936000	0.040000	-0.040000	0	-0.1300	0.0600	-0.0600	0								
18789	1	5544.00	20.00	-20.00	0	0.859000	0.018000	-0.018000	0	0.936000	0.040000	-0.040000	0	-0.0800	0.0200	-0.0200	0					4.510000	0.030000	-0.030000	0
18790	1	5544.00	20.00	-20.00	0	0.859000	0.018000	-0.018000	0	0.936000	0.040000	-0.040000	0	-0.0800	0.0200	-0.0200	0					4.510000	0.030000	-0.030000	0
18793	1	5106.00	100.00	-100.00	0	0.795000	0.049000	-0.049000	0													4.561000	0.150000	-0.150000	0
18805	1	5106.00	100.00	-100.00	0	0.795000	0.049000	-0.049000	0													4.561000	0.150000	-0.150000	0
18815	1	6173.00	193.00	-236.00	0	1.041000	0.341000	-0.114000	0	1.104000	0.146000	-0.146000	0	-0.0400	0.2500	-0.3000	0					4.447000	0.056000	-0.224000	0
18825	1	5696.00	77.00	-77.00	0	0.921000	0.136000	-0.043000	0	1.022000	0.047000	-0.067000	0	0.1400	0.1500	-0.1500	0					4.519000	0.021000	-0.119000	0
18830	1	3729.00	75.00	-67.00	0	0.514000	0.029000	-0.037000	0	0.520000	0.037000	-0.030000	0	0.0600	0.1500	-0.1500	0					4.733000	0.039000	-0.021000	0
18836	1	6347.00	170.00	-207.00	0	0.996000	0.319000	-0.106000	0	1.053000	0.146000	-0.146000	0	-0.3400	0.2500	-0.3000	0					4.464000	0.054000	-0.216000	0
18845	1	3805.00	61.00	-76.00	0	0.497000	0.028000	-0.028000	0	0.526000	0.022000	-0.032000	0	-0.1000	0.1000	-0.1000	0					4.767000	0.025000	-0.035000	0
18853	1	5788.00	78.00	-86.00	0	1.015000	0.161000	-0.069000	0	1.038000	0.056000	-0.068000	0	0.1600	0.1500	-0.1500	0					4.442000	0.051000	-0.119000	0
18861	1	5868.00	140.00	-175.00	0	0.894000	0.231000	-0.077000	0	0.987000	0.104000	-0.116000	0	-0.1200	0.3000	-0.3000	0					4.530000	0.042000	-0.179000	0
18869	1	5159.00	153.00	-153.00	0	0.800000	0.088000	-0.088000	0	0.752000	0.106000	-0.057000	0	-0.1600	0.3000	-0.3000	0					4.508000	0.093000	-0.085000	0
18880	1	5159.00	153.00	-153.00	0	0.800000	0.088000	-0.088000	0	0.752000	0.106000	-0.057000	0	-0.1600	0.3000	-0.3000	0					4.508000	0.093000	-0.085000	0
18882	1	4935.00	147.00	-133.00	0	0.685000	0.061000	-0.068000	0	0.663000	0.088000	-0.044000	0	-0.4200	0.3500	-0.3000	0					4.589000	0.066000	-0.039000	0
18896	1	5282.00	200.00	-200.00	0	0.789000	0.390000	-0.390000	0													4.594000	0.300000	-0.300000	0
18904	1	5282.00	200.00	-200.00	0	0.789000	0.390000	-0.390000	0													4.594000	0.300000	-0.300000	0
18912	1	5215.00	102.70	-87.77	0	0.800000	0.052000	-0.043000	0	0.840000	0.042000	-0.046000	0	-0.0500	0.1570	-0.1700	0					4.560000	0.033000	-0.065000	0
18921	1	4234.00	128.00	-141.00	0	0.639000	0.036000	-0.056000	0	0.636000	0.056000	-0.056000	0	-0.0200	0.3000	-0.3000	0					4.630000	0.049000	-0.021000	0
18931	1	5721.00	102.00	-113.00	0	0.972000	0.135000	-0.079000	0	0.954000	0.063000	-0.063000	0	0.0000	0.1500	-0.1500	0					4.442000	0.072000	-0.117000	0
18937	1	5734.00	104.00	-115.00	0	0.962000	0.137000	-0.074000	0	0.977000	0.062000	-0.068000	0	0.0400	0.1500	-0.1500	0					4.462000	0.051000	-0.119000	0
18944	1	6214.00	186.00	-224.00	0	1.076000	0.353000	-0.118000	0	1.169000	0.141000	-0.173000	0	0.0700	0.2500	-0.3500	0					4.442000	0.054000	-0.216000	0
18948	1	5982.00	189.00	-232.00	0	0.960000	0.270000	-0.108000	0	1.047000	0.126000	-0.139000	0	-0.0400	0.2500	-0.3500	0					4.493000	0.048000	-0.192000	0
18959	1	6020.00	211.00	-211.00	0	1.057000	0.341000	-0.146000	0	1.030000	0.145000	-0.130000	0	-0.0600	0.2500	-0.3000	0					4.403000	0.087000	-0.203000	0
18963	1	6246.00	173.00	-260.00	0	1.092000	0.365000	-0.122000	0	1.180000	0.158000	-0.173000	0	0.0700	0.2500	-0.3000	0					4.433000	0.054000	-0.216000	0
18971	1	5530.00	166.00	-166.00	0	0.788000	0.176000	-0.070000	0	0.882000	0.083000	-0.102000	0	-0.2200	0.3000	-0.3000	0					4.586000	0.036000	-0.144000	0
18974	1	5889.00	186.00	-206.00	0	0.924000	0.268000	-0.115000	0	0.967000	0.120000	-0.120000	0	-0.1600	0.3000	-0.3000	0					4.492000	0.065000	-0.208000	0
18981	1	5513.00	166.00	-166.00	0	0.818000	0.187000	-0.080000	0	0.868000	0.092000	-0.092000	0	-0.1600	0.3000	-0.3000	0					4.551000	0.048000	-0.143000	0
18990	1	5479.00	100.00	-100.00	0	1.007000	0.164000	-0.164000	0													4.428000	0.150000	-0.150000	0
18999	1	5479.00	100.00	-100.00	0	1.007000	0.164000	-0.164000	0													4.428000	0.150000	-0.150000	0
19017	1	5487.00	66.16	-60.56	0	0.940000	0.076000	-0.057000	0	0.940000	0.034000	-0.033000	0	0.1300	0.0870	-0.0960	0					4.460000	0.062000	-0.074000	0
19022	1	6277.00	170.00	-208.00	0	1.161000	0.400000	-0.133000	0	1.239000	0.168000	-0.168000	0	0.2100	0.2000	-0.3000	0					4.402000	0.056000	-0.224000	0
19035	1	6120.00	195.00	-217.00	0	2.000000	0.467000	-0.801000	0	1.251000	0.190000	-0.233000	0	0.0200	0.2500	-0.3000	0					3.934000	0.398000	-0.133000	0
19040	1	6120.00	195.00	-217.00	0	2.000000	0.467000	-0.801000	0	1.251000	0.190000	-0.233000	0	0.0200	0.2500	-0.3000	0					3.934000	0.398000	-0.133000	0
19048	1	5931.00	161.00	-178.00	0	0.863000	0.231000	-0.077000	0	0.953000	0.109000	-0.119000	0	-0.2800	0.3000	-0.3000	0					4.545000	0.044000	-0.187000	0
19052	1	5881.00	79.00	-79.00	0	1.294000	0.207000	-0.228000	0	1.109000	0.070000	-0.093000	0	0.1600	0.1500	-0.1500	0					4.259000	0.137000	-0.112000	0
19061	1	5726.00	86.00	-78.00	0	1.285000	0.215000	-0.236000	0	1.018000	0.081000	-0.065000	0	0.1600	0.1500	-0.1500	0					4.228000	0.162000	-0.108000	0
19064	1	5856.00	79.00	-79.00	0	1.092000	0.180000	-0.097000	0	1.057000	0.070000	-0.064000	0	0.1600	0.1500	-0.1500	0					4.386000	0.066000	-0.123000	0
19073	1	5256.00	184.00	-184.00	0	0.832000	0.129000	-0.105000	0	0.768000	0.114000	-0.057000	0	-0.1600	0.3500	-0.3000	0					4.483000	0.104000	-0.127000	0
19080	1	6056.00	81.00	-81.00	0	2.481000	0.343000	-0.859000	0	1.408000	0.151000	-0.226000	0	0.1400	0.1500	-0.1000	0					3.797000	0.285000	-0.095000	0
19086	1	5720.00	60.00	-60.00	0	0.920000	0.040000	-0.040000	0	1.010000	0.030000	-0.030000	0	0.1200	0.0200	-0.0200	0	-0.09151	0.01579	-0.01639	0				
19099	1	5786.00	115.00	-104.00	0	1.471000	0.233000	-0.321000	0	1.006000	0.098000	-0.080000	0	-0.0200	0.1500	-0.1500	0					4.106000	0.188000	-0.101000	0
19112	1	6335.00	200.00	-200.00	0	1.147000	0.515000	-0.515000	0													4.403000	0.300000	-0.300000	0
19122	1	6335.00	200.00	-200.00	0	1.147000	0.515000	-0.515000	0													4.403000	0.300000	-0.300000	0
19129	1	5083.00	152.00	-152.00	0	0.844000	0.083000	-0.074000	0	0.844000	0.058000	-0.065000	0	0.2200	0.2000	-0.3000	0					4.512000	0.063000	-0.070000	0
19138	1	6167.00	111.00	-136.00	0	1.221000	0.217000	-0.133000	0	1.174000	0.086000	-0.096000	0	0.1200	0.1500	-0.1500	0					4.333000	0.076000	-0.123000	0
19146	1	5278.00	73.00	-84.00	0	0.815000	0.080000	-0.029000	0	0.911000	0.033000	-0.060000	0	0.1400	0.1500	-0.1500	0					4.576000	0.015000	-0.090000	0
19147	1	5661.00	76.00	-84.00	0	1.008000	0.141000	-0.094000	0	0.964000	0.060000	-0.054000	0	0.1000	0.1500	-0.1500	0					4.415000	0.076000	-0.114000	0
19156	1	5925.00	107.00	-119.00	0	1.035000	0.157000	-0.105000	0	0.968000	0.067000	-0.067000	0	-0.1400	0.1500	-0.1500	0					4.394000	0.084000	-0.116000	0
19166	1	5570.00	166.00	-149.00	0	0.899000	0.217000	-0.117000	0	0.845000	0.111000	-0.074000	0	-0.1800	0.3000	-0.3000	0					4.458000	0.104000	-0.169000	0
19171	1	6501.00	179.00	-247.00	0	1.854000	0.578000	-0.578000	0	1.419000	0.210000	-0.256000	0	0.1000	0.2500	-0.3000	0					4.054000	0.231000	-0.189000	0
19176	1	6457.00	179.00	-246.00	0	1.196000	0.428000	-0.143000	0	1.190000	0.181000	-0.163000	0	-0.0600	0.2500	-0.3000	0					4.358000	0.072000	-0.217000	0
19188	1	4522.00	136.00	-136.00	0	0.655000	0.052000	-0.058000	0	0.646000	0.071000	-0.051000	0	-0.2200	0.3000	-0.3000	0					4.615000	0.049000	-0.025000	0
19195	1	4353.00	118.00	-131.00	0	0.603000	0.060000	-0.040000	0	0.648000	0.056000	-0.062000	0	-0.1800	0.3000	-0.3000	0					4.681000	0.028000	-0.048000	0
19202	1	6089.00	200.00	-200.00	0	1.025000	0.537000	-0.537000	0													4.415000	0.300000	-0.300000	0
19214	1	6089.00	200.00	-200.00	0	1.025000	0.537000	-0.537000	0													4.415000	0.300000	-0.300000	0
19230	1	6089.00	200.00	-200.00	0	1.025000	0.537000	-0.537000	0													4.415000	0.300000	-0.300000	0
19236	1	5431.00	162.00	-162.00	0	0.717000	0.120000	-0.055000	0	0.802000	0.074000	-0.090000	0	-0.4400	0.3000	-0.3000	0					4.623000	0.035000	-0.105000	0
19240	1	6404.00	173.00	-192.00	0	1.142000	0.327000	-0.140000	0	1.175000	0.157000	-0.157000	0	-0.0600	0.2500	-0.3000	0					4.393000	0.060000	-0.180000	0
19247	1	5834.00	157.00	-174.00	0	0.797000	0.213000	-0.071000	0	0.852000	0.095000	-0.086000	0	-0.5000	0.3000	-0.3000	0					4.566000	0.042000	-0.168000	0
19255	1	6032.00	168.00	-210.00	0	0.973000	0.315000	-0.105000	0	1.055000	0.139000	-0.139000	0	-0.0600	0.2500	-0.3000	0					4.485000	0.054000	-0.216000	0
19259	1	5585.00	175.00	-194.00	0	0.972000	0.235000	-0.084000	0	1.064000	0.084000	-0.126000	0	0.4800	0.0500	-0.3000	0					4.490000	0.044000	-0.176000	0
19267	1	4991.00	149.00	-134.00	0	0.804000	0.069000	-0.089000	0	0.767000	0.087000	-0.060000	0	0.0400	0.2500	-0.3000	0					4.513000	0.082000	-0.060000	0
19270	1	5505.00	164.00	-164.00	0	0.873000	0.195000	-0.090000	0	0.887000	0.091000	-0.082000	0	-0.0400	0.3000	-0.3000	0					4.503000	0.063000	-0.158000	0
19281	1	6040.00	201.00	-201.00	0	1.686000	0.413000	-0.709000	0	0.984000	0.137000	-0.137000	0	-0.4400	0.3000	-0.3000	0					3.978000	0.458000	-0.153000	0
19284	1	3872.00	77.00	-84.00	0	0.557000	0.033000	-0.033000	0	0.585000	0.028000	-0.038000	0	0.1200	0.1500	-0.1500	0					4.714000	0.027000	-0.030000	0
19291	1	6028.00	81.00	-81.00	0	1.454000	0.251000	-0.276000	0	1.194000	0.087000	-0.109000	0	0.1400	0.1500	-0.1500	0					4.189000	0.149000	-0.122000	0
19303	1	5329.00	200.00	-200.00	0	0.775000	0.284000	-0.284000	0													4.603000	0.300000	-0.300000	0
19312	1	5329.00	200.00	-200.00	0	0.775000	0.284000	-0.284000	0													4.603000	0.300000	-0.300000	0
19318	1	5455.00	162.00	-162.00	0	0.852000	0.190000	-0.127000	0	0.759000	0.122000	-0.052000	0	-0.3400	0.3500	-0.3000	0					4.457000	0.124000	-0.170000	0
19328	1	5468.00	81.00	-65.00	0	1.306000	0.230000	-0.306000	0	0.923000	0.065000	-0.038000	0	0.1400	0.1500	-0.1000	0					4.171000	0.231000	-0.116000	0
19333	1	5973.00	120.00	-108.00	0	1.305000	0.193000	-0.266000	0	0.922000	0.074000	-0.067000	0	-0.3400	0.1500	-0.1500	0					4.171000	0.188000	-0.101000	0
19337	1	4858.00	161.00	-161.00	0	0.707000	0.080000	-0.049000	0	0.786000	0.054000	-0.081000	0	-0.0200	0.3000	-0.3000	0					4.622000	0.027000	-0.059000	0
19345	1	5840.00	174.00	-174.00	0	0.849000	0.254000	-0.079000	0	0.942000	0.110000	-0.110000	0	-0.2400	0.3000	-0.3000	0					4.553000	0.036000	-0.204000	0
19352	1	5825.00	105.00	-117.00	0	1.291000	0.220000	-0.220000	0	1.049000	0.098000	-0.071000	0	0.1400	0.1500	-0.1500	0					4.237000	0.156000	-0.104000	0
19357	1	4391.00	118.00	-131.00	0	0.682000	0.032000	-0.060000	0	0.671000	0.057000	-0.052000	0	0.0400	0.2500	-0.3000	0					4.598000	0.053000	-0.018000	0
19363	1	4904.00	148.00	-148.00	0	0.772000	0.060000	-0.080000	0	0.745000	0.085000	-0.054000	0	0.0000	0.3000	-0.3000	0					4.535000	0.078000	-0.048000	0
19371	1	5749.00	153.00	-170.00	0	0.864000	0.234000	-0.078000	0	0.961000	0.095000	-0.116000	0	-0.1000	0.3000	-0.3000	0					4.547000	0.033000	-0.187000	0
19376	1	5071.00	153.00	-138.00	0	0.811000	0.080000	-0.088000	0	0.768000	0.095000	-0.059000	0	-0.0200	0.3000	-0.3000	0					4.505000	0.088000	-0.072000	0
19385	1	5128.00	100.00	-100.00	0	0.782000	0.056000	-0.056000	0													4.566000	0.150000	-0.150000	0
19403	1	5128.00	100.00	-100.00	0	0.782000	0.056000	-0.056000	0													4.566000	0.150000	-0.150000	0
19410	1	5132.00	102.00	-102.00	0	0.770000	0.054000	-0.040000	0	0.805000	0.045000	-0.045000	0	-0.0600	0.1500	-0.1500	0					4.571000	0.032000	-0.052000	0
19414	1	6371.00	169.00	-207.00	0	1.072000	0.312000	-0.134000	0	1.117000	0.154000	-0.154000	0	-0.1800	0.2500	-0.3000	0					4.426000	0.065000	-0.195000	0
19422	1	5401.00	159.00	-159.00	0	0.777000	0.132000	-0.066000	0	0.871000	0.070000	-0.104000	0	-0.1600	0.3000	-0.3000	0					4.593000	0.035000	-0.112000	0
19427	1	5700.00	77.00	-77.00	0	1.006000	0.148000	-0.079000	0	1.003000	0.056000	-0.062000	0	0.1600	0.1500	-0.1500	0					4.434000	0.063000	-0.117000	0
19434	1	5726.00	170.00	-170.00	0	0.979000	0.270000	-0.146000	0	0.915000	0.116000	-0.085000	0	-0.1000	0.3000	-0.3000	0					4.418000	0.101000	-0.188000	0
19441	1	4803.00	170.00	-170.00	0	0.698000	0.074000	-0.056000	0	0.752000	0.061000	-0.075000	0	-0.0800	0.3000	-0.3000	0					4.623000	0.032000	-0.054000	0
19450	1	5852.00	140.00	-158.00	0	0.837000	0.223000	-0.074000	0	0.928000	0.099000	-0.109000	0	-0.3000	0.3000	-0.3000	0					4.559000	0.035000	-0.184000	0
19453	1	5009.00	74.00	-82.00	0	0.840000	0.032000	-0.064000	0	0.797000	0.054000	-0.029000	0	0.1600	0.1500	-0.1500	0					4.491000	0.077000	-0.028000	0
19461	1	4970.00	164.00	-134.00	0	1.806000	1.020000	-1.020000	0	0.996000	0.213000	-0.174000	0	0.3200	0.1000	-0.3000	0					3.924000	0.624000	-0.336000	0
19467	1	5008.00	192.00	-174.00	0	0.788000	0.082000	-0.067000	0	0.844000	0.055000	-0.080000	0	0.1800	0.2000	-0.3000	0					4.572000	0.033000	-0.066000	0
19470	1	6046.00	190.00	-211.00	0	1.007000	0.318000	-0.106000	0	1.111000	0.130000	-0.159000	0	0.0700	0.2500	-0.3000	0					4.478000	0.054000	-0.216000	0
19486	1	6004.00	102.00	-102.00	0	1.120000	0.033000	-0.033000	0													4.304000	0.053000	-0.053000	0
19500	1	6004.00	102.00	-102.00	0	1.120000	0.033000	-0.033000	0													4.304000	0.053000	-0.053000	0
19513	1	6004.00	102.00	-102.00	0	1.120000	0.033000	-0.033000	0													4.304000	0.053000	-0.053000	0
19519	1	6004.00	102.00	-102.00	0	1.120000	0.033000	-0.033000	0													4.304000	0.053000	-0.053000	0
19537	1	5818.00	27.00	-27.00	0	1.384000	0.050000	-0.050000	0	1.120000	0.030000	-0.030000	0	0.2300	0.0100	-0.0100	0	0.29447	0.01516	-0.01571	0	4.200000	0.040000	-0.040000	0
19542	1	5818.00	27.00	-27.00	0	1.384000	0.050000	-0.050000	0	1.120000	0.030000	-0.030000	0	0.2300	0.0100	-0.0100	0	0.29447	0.01516	-0.01571	0	4.200000	0.040000	-0.040000	0
19545	1	5712.00	77.00	-77.00	0	1.082000	0.173000	-0.130000	0	0.976000	0.073000	-0.055000	0	0.1000	0.1500	-0.1500	0					4.359000	0.110000	-0.110000	0
19555	1	4805.00	144.00	-144.00	0	0.688000	0.079000	-0.045000	0	0.769000	0.053000	-0.079000	0	-0.0600	0.3000	-0.3000	0					4.633000	0.027000	-0.059000	0
19561	1	5251.00	158.00	-158.00	0	0.778000	0.112000	-0.060000	0	0.869000	0.060000	-0.095000	0	-0.0400	0.3000	-0.3000	0					4.592000	0.032000	-0.097000	0
19572	1	5942.00	176.00	-193.00	0	0.938000	0.282000	-0.094000	0	1.028000	0.127000	-0.140000	0	-0.0600	0.2500	-0.3000	0					4.506000	0.039000	-0.208000	0
19588	1	5574.00	100.00	-100.00	0	0.940000	0.139000	-0.139000	0													4.467000	0.150000	-0.150000	0
19596	1	5574.00	100.00	-100.00	0	0.940000	0.139000	-0.139000	0													4.467000	0.150000	-0.150000	0
19606	1	5636.00	74.56	-63.58	0	0.930000	0.048000	-0.038000	0	0.970000	0.035000	-0.033000	0	0.0400	0.0990	-0.0990	0					4.490000	0.034000	-0.048000	0
19615	1	5819.00	69.00	-87.00	0	0.990000	0.163000	-0.054000	0	1.049000	0.059000	-0.073000	0	0.1400	0.1500	-0.1500	0					4.468000	0.032000	-0.128000	0
19622	1	5874.00	87.00	-79.00	0	3.006000	0.572000	-1.335000	0	1.519000	0.150000	-0.376000	0	0.1200	0.1500	-0.1500	0					3.664000	0.375000	-0.125000	0
19629	1	6202.00	99.00	-149.00	0	1.122000	0.205000	-0.058000	0	1.213000	0.076000	-0.093000	0	0.2100	0.1500	-0.1500	0					4.422000	0.026000	-0.136000	0
19632	1	5135.00	84.00	-76.00	0	0.874000	0.048000	-0.069000	0	0.812000	0.058000	-0.029000	0	0.1200	0.1500	-0.1500	0					4.464000	0.084000	-0.039000	0
19638	1	3638.00	72.00	-87.00	0	0.420000	0.046000	-0.056000	0	0.450000	0.043000	-0.059000	0	-0.1400	0.1500	-0.1500	0					4.844000	0.049000	-0.055000	0
19645	1	5370.00	85.00	-75.00	0	0.966000	0.105000	-0.095000	0	0.877000	0.064000	-0.037000	0	0.1400	0.1500	-0.1500	0					4.411000	0.104000	-0.076000	0
19655	1	5549.00	163.00	-163.00	0	0.732000	0.137000	-0.059000	0	0.776000	0.089000	-0.065000	0	-0.5400	0.3000	-0.3000	0					4.600000	0.045000	-0.113000	0
19662	1	4769.00	172.00	-172.00	0	0.714000	0.068000	-0.049000	0	0.799000	0.041000	-0.081000	0	0.1200	0.2500	-0.3000	0					4.622000	0.024000	-0.060000	0
19664	1	4769.00	172.00	-172.00	0	0.714000	0.068000	-0.049000	0	0.799000	0.041000	-0.081000	0	0.1200	0.2500	-0.3000	0					4.622000	0.024000	-0.060000	0
19675	1	4769.00	172.00	-172.00	0	0.714000	0.068000	-0.049000	0	0.799000	0.041000	-0.081000	0	0.1200	0.2500	-0.3000	0					4.622000	0.024000	-0.060000	0
19680	1	4769.00	172.00	-172.00	0	0.714000	0.068000	-0.049000	0	0.799000	0.041000	-0.081000	0	0.1200	0.2500	-0.3000	0					4.622000	0.024000	-0.060000	0
19690	1	6033.00	183.00	-183.00	0	1.788000	0.351000	-0.571000	0	1.127000	0.189000	-0.172000	0	-0.1000	0.3000	-0.3000	0					3.985000	0.266000	-0.114000	0
19698	1	6032.00	189.00	-232.00	0	1.060000	0.312000	-0.168000	0	0.999000	0.153000	-0.126000	0	-0.1400	0.3000	-0.3000	0					4.387000	0.108000	-0.201000	0
19710	1	5644.00	117.00	-117.00	0	0.967000	0.173000	-0.173000	0													4.438000	0.150000	-0.150000	0
19722	1	5644.00	117.00	-117.00	0	0.967000	0.173000	-0.173000	0													4.438000	0.150000	-0.150000	0
19732	1	5751.00	103.00	-114.00	0	1.071000	0.177000	-0.109000	0	1.028000	0.074000	-0.067000	0	0.2100	0.1500	-0.1500	0					4.391000	0.080000	-0.120000	0
19741	1	5751.00	103.00	-114.00	0	1.071000	0.177000	-0.109000	0	1.028000	0.074000	-0.067000	0	0.2100	0.1500	-0.1500	0					4.391000	0.080000	-0.120000	0
19743	1	5478.00	82.00	-74.00	0	1.053000	0.147000	-0.147000	0	0.914000	0.061000	-0.042000	0	0.1600	0.1500	-0.1500	0					4.354000	0.132000	-0.096000	0
19752	1	5478.00	82.00	-74.00	0	1.053000	0.147000	-0.147000	0	0.914000	0.061000	-0.042000	0	0.1600	0.1500	-0.1500	0					4.354000	0.132000	-0.096000	0
19761	1	5383.00	107.00	-107.00	0	0.842000	0.084000	-0.045000	0	0.874000	0.048000	-0.054000	0	0.0000	0.1500	-0.1500	0					4.528000	0.042000	-0.078000	0
19772	1	5159.00	171.00	-155.00	0	3.062000	0.943000	-2.200000	0	1.373000	0.205000	-0.512000	0	-0.0400	0.3000	-0.3000	0					3.604000	0.863000	-0.230000	0
19775	1	5495.00	74.00	-82.00	0	0.961000	0.115000	-0.086000	0	0.932000	0.052000	-0.047000	0	0.1600	0.1500	-0.1500	0					4.442000	0.072000	-0.099000	0
19791	1	5029.00	192.00	-174.00	0	0.930000	0.481000	-0.144000	0	0.847000	0.068000	-0.049000	0	0.4800	0.0500	-0.2500	0					4.429000	0.130000	-0.416000	0
19792	1	4580.00	92.00	-92.00	0	0.675000	0.046000	-0.021000	0	0.748000	0.027000	-0.043000	0	0.0800	0.1500	-0.1500	0					4.641000	0.012000	-0.045000	0
19809	1	4580.00	92.00	-92.00	0	0.675000	0.046000	-0.021000	0	0.748000	0.027000	-0.043000	0	0.0800	0.1500	-0.1500	0					4.641000	0.012000	-0.045000	0
19815	1	6215.00	194.00	-259.00	0	1.052000	0.332000	-0.133000	0	1.111000	0.153000	-0.153000	0	-0.0600	0.2500	-0.3500	0					4.440000	0.065000	-0.208000	0
19817	1	5640.00	101.00	-113.00	0	0.921000	0.131000	-0.061000	0	0.962000	0.054000	-0.068000	0	0.0600	0.1500	-0.1500	0					4.492000	0.045000	-0.113000	0
19825	1	4406.00	154.00	-170.00	0	0.628000	0.051000	-0.056000	0	0.632000	0.063000	-0.057000	0	-0.2400	0.3000	-0.3000	0					4.643000	0.044000	-0.032000	0
19834	1	5495.00	50.00	-50.00	0	0.916400	0.008700	-0.007700	0	0.929000	0.053000	-0.053000	0	0.0700	0.0800	-0.0800	0								
19847	1	5495.00	50.00	-50.00	0	0.916400	0.008700	-0.007700	0	0.929000	0.053000	-0.053000	0	0.0700	0.0800	-0.0800	0								
19871	1	5495.00	50.00	-50.00	0	0.916400	0.008700	-0.007700	0	0.929000	0.053000	-0.053000	0	0.0700	0.0800	-0.0800	0								
19875	1	5495.00	50.00	-50.00	0	0.916400	0.008700	-0.007700	0	0.929000	0.053000	-0.053000	0	0.0700	0.0800	-0.0800	0								
19899	1	5495.00	50.00	-50.00	0	0.916400	0.008700	-0.007700	0	0.929000	0.053000	-0.053000	0	0.0700	0.0800	-0.0800	0								
19904	1	5495.00	50.00	-50.00	0	0.963900	0.017700	-0.017700	0	0.948000	0.051000	-0.051000	0	0.0700	0.0800	-0.0800	0					4.446000	0.010000	-0.010000	0
19908	1	5678.00	100.00	-100.00	0	0.944000	0.158000	-0.158000	0													4.454000	0.150000	-0.150000	0
19922	1	5678.00	100.00	-100.00	0	0.944000	0.158000	-0.158000	0													4.454000	0.150000	-0.150000	0
19933	1	3757.00	74.00	-82.00	0	0.576000	0.022000	-0.036000	0	0.581000	0.029000	-0.029000	0	0.4800	0.0500	-0.1500	0					4.681000	0.039000	-0.015000	0
19940	1	3757.00	74.00	-82.00	0	0.576000	0.022000	-0.036000	0	0.581000	0.029000	-0.029000	0	0.4800	0.0500	-0.1500	0					4.681000	0.039000	-0.015000	0
19950	1	5081.00	166.00	-136.00	0	0.770000	0.095000	-0.055000	0	0.864000	0.049000	-0.085000	0	0.1200	0.2500	-0.3000	0					4.596000	0.028000	-0.083000	0
19957	1	5081.00	166.00	-136.00	0	0.770000	0.095000	-0.055000	0	0.864000	0.049000	-0.085000	0	0.1200	0.2500	-0.3000	0					4.596000	0.028000	-0.083000	0
19970	1	6065.00	117.00	-117.00	0	1.229000	0.240000	-0.240000	0													4.294000	0.150000	-0.150000	0
19981	1	6065.00	117.00	-117.00	0	1.229000	0.240000	-0.240000	0													4.294000	0.150000	-0.150000	0
19991	1	4668.00	100.00	-100.00	0	0.667000	0.034000	-0.034000	0													4.650000	0.150000	-0.150000	0
20004	1	4668.00	100.00	-100.00	0	0.667000	0.034000	-0.034000	0													4.650000	0.150000	-0.150000	0
20009	1	5821.00	100.00	-100.00	0	1.114000	0.213000	-0.213000	0													4.358000	0.150000	-0.150000	0
20028	1	5821.00	100.00	-100.00	0	1.114000	0.213000	-0.213000	0													4.358000	0.150000	-0.150000	0
20039	1	5821.00	100.00	-100.00	0	1.114000	0.213000	-0.213000	0													4.358000	0.150000	-0.150000	0
20048	1	5812.00	100.00	-100.00	0	1.238000	0.263000	-0.263000	0													4.269000	0.160000	-0.160000	0
20062	1	5812.00	100.00	-100.00	0	1.238000	0.263000	-0.263000	0													4.269000	0.160000	-0.160000	0
20077	1	4321.00	100.00	-100.00	0	0.546000	0.022000	-0.022000	0													4.735000	0.150000	-0.150000	0
20089	1	4321.00	100.00	-100.00	0	0.546000	0.022000	-0.022000	0													4.735000	0.150000	-0.150000	0
20106	1	5764.00	100.00	-100.00	0	1.185000	0.228000	-0.228000	0													4.311000	0.150000	-0.150000	0
20111	1	5764.00	100.00	-100.00	0	1.185000	0.228000	-0.228000	0													4.311000	0.150000	-0.150000	0
20130	1	5764.00	100.00	-100.00	0	1.185000	0.228000	-0.228000	0													4.311000	0.150000	-0.150000	0
20133	1	5920.00	116.00	-116.00	0	1.588000	0.302000	-0.302000	0													4.129000	0.150000	-0.150000	0
20148	1	5920.00	116.00	-116.00	0	1.588000	0.302000	-0.302000	0													4.129000	0.150000	-0.150000	0
20163	1	5920.00	116.00	-116.00	0	1.588000	0.302000	-0.302000	0													4.129000	0.150000	-0.150000	0
20167	1	6092.00	100.00	-100.00	0	1.314000	0.243000	-0.243000	0													4.265000	0.150000	-0.150000	0
20182	1	6092.00	100.00	-100.00	0	1.314000	0.243000	-0.243000	0													4.265000	0.150000	-0.150000	0
20197	1	6092.00	100.00	-100.00	0	1.314000	0.243000	-0.243000	0													4.265000	0.150000	-0.150000	0
20204	1	6092.00	100.00	-100.00	0	1.314000	0.243000	-0.243000	0													4.265000	0.150000	-0.150000	0
20219	1	5513.00	100.00	-100.00	0	0.935000	0.138000	-0.138000	0													4.472000	0.150000	-0.150000	0
20232	1	5513.00	100.00	-100.00	0	0.935000	0.138000	-0.138000	0													4.472000	0.150000	-0.150000	0
20244	1	6305.00	50.00	-50.00	0	1.902000	0.018000	-0.012000	0	1.408000	0.021000	-0.030000	0	-0.0300	0.1000	-0.1000	0								
20260	1	4559.00	100.00	-100.00	0	0.650000	0.033000	-0.033000	0													4.663000	0.150000	-0.150000	0
20275	1	4559.00	100.00	-100.00	0	0.650000	0.033000	-0.033000	0													4.663000	0.150000	-0.150000	0
20288	1	5123.00	100.00	-100.00	0	0.816000	0.054000	-0.054000	0													4.547000	0.150000	-0.150000	0
20295	1	5123.00	100.00	-100.00	0	0.816000	0.054000	-0.054000	0													4.547000	0.150000	-0.150000	0
20307	1	5852.00	100.00	-100.00	0	1.455000	0.272000	-0.272000	0													4.182000	0.150000	-0.150000	0
20320	1	5852.00	100.00	-100.00	0	1.455000	0.272000	-0.272000	0													4.182000	0.150000	-0.150000	0
20335	1	5696.00	100.00	-100.00	0	1.195000	0.223000	-0.223000	0													4.310000	0.150000	-0.150000	0
20339	1	5696.00	100.00	-100.00	0	1.195000	0.223000	-0.223000	0													4.310000	0.150000	-0.150000	0
20351	1	6169.00	100.00	-100.00	0	1.352000	0.252000	-0.252000	0													4.249000	0.150000	-0.150000	0
20370	1	6169.00	100.00	-100.00	0	1.352000	0.252000	-0.252000	0													4.249000	0.150000	-0.150000	0
20381	1	5739.00	164.00	-164.00	0	1.027000	0.236000	-0.236000	0													4.364000	0.150000	-0.150000	0
20394	1	5739.00	164.00	-164.00	0	1.027000	0.236000	-0.236000	0													4.364000	0.150000	-0.150000	0
20400	1	5739.00	164.00	-164.00	0	1.027000	0.236000	-0.236000	0													4.364000	0.150000	-0.150000	0
20411	1	5739.00	164.00	-164.00	0	1.027000	0.236000	-0.236000	0													4.364000	0.150000	-0.150000	0
20430	1	6091.00	120.00	-120.00	0	1.260000	0.243000	-0.243000	0													4.280000	0.150000	-0.150000	0
20440	1	6091.00	120.00	-120.00	0	1.260000	0.243000	-0.243000	0													4.280000	0.150000	-0.150000	0
20453	1	6171.00	109.00	-109.00	0	1.799000	0.256000	-0.256000	0													4.030000	0.180000	-0.180000	0
20466	1	6171.00	109.00	-109.00	0	1.799000	0.256000	-0.256000	0													4.030000	0.180000	-0.180000	0
20474	1	6341.00	96.97	-88.10	0	1.760000	0.463000	-0.369000	0	1.370000	0.157000	-0.124000	0	0.0900	0.1230	-0.0840	0					4.080000	0.165000	-0.157000	0
20479	1	5502.00	74.00	-74.00	0	1.063000	0.083000	-0.083000	0													4.391000	0.060000	-0.060000	0
20495	1	5502.00	74.00	-74.00	0	1.063000	0.083000	-0.083000	0													4.391000	0.060000	-0.060000	0
20503	1	5542.00	83.80	-66.18	0	1.020000	0.101000	-0.070000	0	1.010000	0.038000	-0.037000	0	0.3100	0.0660	-0.0680	0					4.420000	0.065000	-0.085000	0
20521	1	5786.00	100.00	-100.00	0	1.491000	0.249000	-0.249000	0													4.157000	0.150000	-0.150000	0
20526	1	5786.00	100.00	-100.00	0	1.491000	0.249000	-0.249000	0													4.157000	0.150000	-0.150000	0
20543	1	5786.00	100.00	-100.00	0	1.491000	0.249000	-0.249000	0													4.157000	0.150000	-0.150000	0
20559	1	5596.00	61.00	-61.00	0	0.869000	0.011000	-0.011000	0	0.857000	0.051000	-0.043000	0	-0.2550	0.0650	-0.0650	0								
20575	1	4632.00	100.00	-100.00	0	0.666000	0.034000	-0.034000	0													4.652000	0.150000	-0.150000	0
20577	1	4632.00	100.00	-100.00	0	0.666000	0.034000	-0.034000	0													4.652000	0.150000	-0.150000	0
20600	1	4632.00	100.00	-100.00	0	0.666000	0.034000	-0.034000	0													4.652000	0.150000	-0.150000	0
20608	1	4632.00	100.00	-100.00	0	0.666000	0.034000	-0.034000	0													4.652000	0.150000	-0.150000	0
20622	1	5243.00	100.00	-100.00	0	0.821000	0.075000	-0.075000	0													4.543000	0.150000	-0.150000	0
20636	1	5243.00	100.00	-100.00	0	0.821000	0.075000	-0.075000	0													4.543000	0.150000	-0.150000	0
20656	1	5243.00	100.00	-100.00	0	0.821000	0.075000	-0.075000	0													4.543000	0.150000	-0.150000	0
20668	1	5243.00	100.00	-100.00	0	0.821000	0.075000	-0.075000	0													4.543000	0.150000	-0.150000	0
20677	1	5433.00	200.00	-200.00	0	0.869000	0.380000	-0.380000	0													4.551000	0.300000	-0.300000	0
20693	1	5433.00	200.00	-200.00	0	0.869000	0.380000	-0.380000	0													4.551000	0.300000	-0.300000	0
20700	1	5433.00	200.00	-200.00	0	0.869000	0.380000	-0.380000	0													4.551000	0.300000	-0.300000	0
20710	1					1.720000	0.070000	-0.140000	0	1.125000	0.094000	-0.073000	0												
20730	1					1.720000	0.070000	-0.140000	0	1.125000	0.094000	-0.073000	0												
20736	1					1.720000	0.070000	-0.140000	0	1.125000	0.094000	-0.073000	0												
20754	1					1.720000	0.070000	-0.140000	0	1.125000	0.094000	-0.073000	0												
20766	1	5018.00	100.00	-100.00	0	0.676000	0.038000	-0.038000	0													4.639000	0.150000	-0.150000	0
20772	1	5018.00	100.00	-100.00	0	0.676000	0.038000	-0.038000	0													4.639000	0.150000	-0.150000	0
20792	1	5018.00	100.00	-100.00	0	0.676000	0.038000	-0.038000	0													4.639000	0.150000	-0.150000	0
20800	1	5018.00	100.00	-100.00	0	0.676000	0.038000	-0.038000	0													4.639000	0.150000	-0.150000	0
20812	1	3682.00	150.00	-150.00	0	0.480000	0.020000	-0.020000	0													4.783000	0.200000	-0.200000	0
20830	1	3682.00	150.00	-150.00	0	0.480000	0.020000	-0.020000	0													4.783000	0.200000	-0.200000	0
20839	1	5571.00	200.00	-200.00	0	0.802000	0.318000	-0.318000	0													4.586000	0.300000	-0.300000	0
20855	1	5571.00	200.00	-200.00	0	0.802000	0.318000	-0.318000	0													4.586000	0.300000	-0.300000	0
20864	1	5571.00	200.00	-200.00	0	0.802000	0.318000	-0.318000	0													4.586000	0.300000	-0.300000	0
20879	1	5854.00	200.00	-200.00	0	1.091000	0.547000	-0.547000	0													4.401000	0.300000	-0.300000	0
20889	1	5854.00	200.00	-200.00	0	1.091000	0.547000	-0.547000	0													4.401000	0.300000	-0.300000	0
20900	1	6043.00	200.00	-200.00	0	1.014000	0.465000	-0.465000	0													4.467000	0.300000	-0.300000	0
20909	1	6043.00	200.00	-200.00	0	1.014000	0.465000	-0.465000	0													4.467000	0.300000	-0.300000	0
20923	1	6043.00	200.00	-200.00	0	1.014000	0.465000	-0.465000	0													4.467000	0.300000	-0.300000	0
20940	1	5120.00	200.00	-200.00	0	0.728000	0.257000	-0.257000	0													4.633000	0.300000	-0.300000	0
20951	1	5120.00	200.00	-200.00	0	0.728000	0.257000	-0.257000	0													4.633000	0.300000	-0.300000	0
20964	1	5120.00	200.00	-200.00	0	0.728000	0.257000	-0.257000	0													4.633000	0.300000	-0.300000	0
20968	1	5828.00	100.00	-100.00	0	1.548000	0.048000	-0.048000	0	1.078000	0.077000	-0.077000	0												
20984	1	5828.00	100.00	-100.00	0	1.548000	0.048000	-0.048000	0	1.078000	0.077000	-0.077000	0												
21000	1	5828.00	100.00	-100.00	0	1.548000	0.048000	-0.048000	0	1.078000	0.077000	-0.077000	0												
21016	1	5588.00	200.00	-200.00	0	0.817000	0.415000	-0.415000	0													4.551000	0.300000	-0.300000	0
21027	1	5588.00	200.00	-200.00	0	0.817000	0.415000	-0.415000	0													4.551000	0.300000	-0.300000	0
21047	1	3767.00	150.00	-150.00	0	0.490000	0.021000	-0.021000	0													4.779000	0.200000	-0.200000	0
21061	1	3767.00	150.00	-150.00	0	0.490000	0.021000	-0.021000	0													4.779000	0.200000	-0.200000	0
21073	1	5847.00	200.00	-200.00	0	0.968000	0.460000	-0.460000	0													4.495000	0.300000	-0.300000	0
21078	1	5847.00	200.00	-200.00	0	0.968000	0.460000	-0.460000	0													4.495000	0.300000	-0.300000	0
21089	1	5360.00	200.00	-200.00	0	0.758000	0.206000	-0.206000	0													4.614000	0.300000	-0.300000	0
21107	1	5360.00	200.00	-200.00	0	0.758000	0.206000	-0.206000	0													4.614000	0.300000	-0.300000	0
21113	1	6224.00	200.00	-200.00	0	1.113000	0.495000	-0.495000	0													4.421000	0.300000	-0.300000	0
21131	1	6224.00	200.00	-200.00	0	1.113000	0.495000	-0.495000	0													4.421000	0.300000	-0.300000	0
21134	1	4255.00	100.00	-100.00	0	0.554000	0.021000	-0.021000	0													4.730000	0.150000	-0.150000	0
21150	1	4255.00	100.00	-100.00	0	0.554000	0.021000	-0.021000	0													4.730000	0.150000	-0.150000	0
21171	1	4255.00	100.00	-100.00	0	0.554000	0.021000	-0.021000	0													4.730000	0.150000	-0.150000	0
21193	1	4255.00	100.00	-100.00	0	0.554000	0.021000	-0.021000	0													4.730000	0.150000	-0.150000	0
21199	1	3750.00	150.00	-150.00	0	0.510000	0.019000	-0.019000	0													4.753000	0.200000	-0.200000	0
21214	1	3750.00	150.00	-150.00	0	0.510000	0.019000	-0.019000	0													4.753000	0.200000	-0.200000	0
21229	1	4861.00	200.00	-200.00	0	0.725000	0.383000	-0.383000	0													4.583000	0.300000	-0.300000	0
21235	1	4861.00	200.00	-200.00	0	0.725000	0.383000	-0.383000	0													4.583000	0.300000	-0.300000	0
21255	1	5751.00	100.00	-100.00	0	1.430000	0.264000	-0.264000	0													4.194000	0.150000	-0.150000	0
21258	1	5751.00	100.00	-100.00	0	1.430000	0.264000	-0.264000	0													4.194000	0.150000	-0.150000	0
21271	1	5751.00	100.00	-100.00	0	1.430000	0.264000	-0.264000	0													4.194000	0.150000	-0.150000	0
21291	1					0.960000	0.410000	-0.080000	0	1.060000	0.170000	-0.120000	0									4.490000	0.040000	-0.300000	0
21303	1					0.960000	0.410000	-0.080000	0	1.060000	0.170000	-0.120000	0									4.490000	0.040000	-0.300000	0
21319	1	4914.00	100.00	-100.00	0	0.763000	0.044000	-0.044000	0													4.583000	0.150000	-0.150000	0
21322	1	4914.00	100.00	-100.00	0	0.763000	0.044000	-0.044000	0													4.583000	0.150000	-0.150000	0
21335	1	6028.00	116.00	-116.00	0	1.099000	0.039000	-0.039000	0	1.060000	0.069000	-0.069000	0												
21358	1	6028.00	116.00	-116.00	0	1.099000	0.039000	-0.039000	0	1.060000	0.069000	-0.069000	0												
21364	1	5897.00	219.00	-219.00	0	1.289000	0.291000	-0.291000	0													4.200000	0.150000	-0.150000	0
21382	1	5897.00	219.00	-219.00	0	1.289000	0.291000	-0.291000	0													4.200000	0.150000	-0.150000	0
21389	1	4985.00	200.00	-200.00	0	0.739000	0.299000	-0.299000	0													4.626000	0.300000	-0.300000	0
21405	1	4985.00	200.00	-200.00	0	0.739000	0.299000	-0.299000	0													4.626000	0.300000	-0.300000	0
21411	1	4699.00	200.00	-200.00	0	0.668000	0.289000	-0.289000	0													4.627000	0.300000	-0.300000	0
21425	1	4699.00	200.00	-200.00	0	0.668000	0.289000	-0.289000	0													4.627000	0.300000	-0.300000	0
21437	1	5020.00	200.00	-200.00	0	0.850000	0.522000	-0.522000	0													4.492000	0.300000	-0.300000	0
21444	1	5020.00	200.00	-200.00	0	0.850000	0.522000	-0.522000	0													4.492000	0.300000	-0.300000	0
21464	1	5228.00	200.00	-200.00	0	0.842000	0.398000	-0.398000	0													4.565000	0.300000	-0.300000	0
21470	1	5228.00	200.00	-200.00	0	0.842000	0.398000	-0.398000	0													4.565000	0.300000	-0.300000	0
21481	1	5554.00	200.00	-200.00	0	0.803000	0.338000	-0.338000	0													4.585000	0.300000	-0.300000	0
21499	1	5554.00	200.00	-200.00	0	0.803000	0.338000	-0.338000	0													4.585000	0.300000	-0.300000	0
21509	1	5554.00	200.00	-200.00	0	0.803000	0.338000	-0.338000	0													4.585000	0.300000	-0.300000	0
21525	1	5100.00	100.00	-100.00	0	0.795000	0.053000	-0.053000	0													4.560000	0.150000	-0.150000	0
21534	1	5100.00	100.00	-100.00	0	0.795000	0.053000	-0.053000	0													4.560000	0.150000	-0.150000	0
21547	1	5100.00	100.00	-100.00	0	0.795000	0.053000	-0.053000	0													4.560000	0.150000	-0.150000	0
21559	1	5174.00	72.87	-76.02	0	0.800000	0.021000	-0.020000	0	0.860000	0.030000	-0.032000	0	0.0500	0.1060	-0.0980	0					4.570000	0.016000	-0.021000	0
21567	1	5206.00	200.00	-200.00	0	0.831000	0.422000	-0.422000	0													4.557000	0.300000	-0.300000	0
21590	1	5206.00	200.00	-200.00	0	0.831000	0.422000	-0.422000	0													4.557000	0.300000	-0.300000	0
21594	1	5100.00	200.00	-200.00	0	0.768000	0.214000	-0.214000	0													4.608000	0.300000	-0.300000	0
21610	1	5100.00	200.00	-200.00	0	0.768000	0.214000	-0.214000	0													4.608000	0.300000	-0.300000	0
21616	1	5100.00	200.00	-200.00	0	0.768000	0.214000	-0.214000	0													4.608000	0.300000	-0.300000	0
21627	1	5190.00	161.00	-161.00	0	0.831000	0.099000	-0.099000	0													4.573000	0.200000	-0.200000	0
21641	1	5190.00	161.00	-161.00	0	0.831000	0.099000	-0.099000	0													4.573000	0.200000	-0.200000	0
21651	1	3568.00	150.00	-150.00	0	0.482000	0.018000	-0.018000	0													4.777000	0.200000	-0.200000	0
21674	1	3568.00	150.00	-150.00	0	0.482000	0.018000	-0.018000	0													4.777000	0.200000	-0.200000	0
21696	1	3568.00	150.00	-150.00	0	0.482000	0.018000	-0.018000	0													4.777000	0.200000	-0.200000	0
21708	1					1.316000	0.016000	-0.015000	0	1.165000	0.027000	-0.029000	0												
21735	1					1.316000	0.016000	-0.015000	0	1.165000	0.027000	-0.029000	0												
21741	1					1.316000	0.016000	-0.015000	0	1.165000	0.027000	-0.029000	0												
21748	1	5160.00	200.00	-200.00	0	0.805000	0.462000	-0.462000	0													4.565000	0.300000	-0.300000	0
21761	1	5160.00	200.00	-200.00	0	0.805000	0.462000	-0.462000	0													4.565000	0.300000	-0.300000	0
21766	1	5160.00	200.00	-200.00	0	0.805000	0.462000	-0.462000	0													4.565000	0.300000	-0.300000	0
21779	1	5526.00	100.00	-100.00	0	0.890000	0.155000	-0.155000	0													4.486000	0.150000	-0.150000	0
21792	1	5526.00	100.00	-100.00	0	0.890000	0.155000	-0.155000	0													4.486000	0.150000	-0.150000	0
21808	1	5526.00	100.00	-100.00	0	0.890000	0.155000	-0.155000	0													4.486000	0.150000	-0.150000	0
21820	1	5526.00	100.00	-100.00	0	0.890000	0.155000	-0.155000	0													4.486000	0.150000	-0.150000	0
21834	1	4208.00	150.00	-150.00	0	0.549000	0.032000	-0.032000	0													4.721000	0.200000	-0.200000	0
21841	1	4208.00	150.00	-150.00	0	0.549000	0.032000	-0.032000	0													4.721000	0.200000	-0.200000	0
21847	1	5208.00	200.00	-200.00	0	0.786000	0.322000	-0.322000	0													4.595000	0.300000	-0.300000	0
21863	1	5208.00	200.00	-200.00	0	0.786000	0.322000	-0.322000	0													4.595000	0.300000	-0.300000	0
21871	1	5208.00	200.00	-200.00	0	0.786000	0.322000	-0.322000	0													4.595000	0.300000	-0.300000	0
21888	1	5957.00	200.00	-200.00	0	0.910000	0.433000	-0.433000	0													4.524000	0.300000	-0.300000	0
21901	1	5957.00	200.00	-200.00	0	0.910000	0.433000	-0.433000	0													4.524000	0.300000	-0.300000	0
21911	1	5957.00	200.00	-200.00	0	0.910000	0.433000	-0.433000	0													4.524000	0.300000	-0.300000	0
21920	1	5573.00	200.00	-200.00	0	0.933000	0.368000	-0.368000	0													4.516000	0.300000	-0.300000	0
21940	1	5573.00	200.00	-200.00	0	0.933000	0.368000	-0.368000	0													4.516000	0.300000	-0.300000	0
21943	1	5431.00	93.33	-139.79	0	0.860000	0.075000	-0.057000	0	0.900000	0.043000	-0.054000	0	0.0200	0.1450	-0.1810	0					4.530000	0.042000	-0.084000	0
21956	1	5551.00	111.00	-111.00	0	1.301000	0.316000	-0.316000	0													4.223000	0.190000	-0.190000	0
21971	1	5551.00	111.00	-111.00	0	1.301000	0.316000	-0.316000	0													4.223000	0.190000	-0.190000	0
21972	1	5551.00	111.00	-111.00	0	1.301000	0.316000	-0.316000	0													4.223000	0.190000	-0.190000	0
21990	1	5551.00	111.00	-111.00	0	1.301000	0.316000	-0.316000	0													4.223000	0.190000	-0.190000	0
21996	1	5180.00	200.00	-200.00	0	1.037000	0.518000	-0.518000	0													4.360000	0.300000	-0.300000	0
22012	1	5180.00	200.00	-200.00	0	1.037000	0.518000	-0.518000	0													4.360000	0.300000	-0.300000	0
22020	1	5180.00	200.00	-200.00	0	1.037000	0.518000	-0.518000	0													4.360000	0.300000	-0.300000	0
22038	1	4942.00	200.00	-200.00	0	0.915000	0.611000	-0.611000	0													4.441000	0.300000	-0.300000	0
22049	1	4942.00	200.00	-200.00	0	0.915000	0.611000	-0.611000	0													4.441000	0.300000	-0.300000	0
22052	1	5938.00	200.00	-200.00	0	0.898000	0.435000	-0.435000	0													4.532000	0.300000	-0.300000	0
22069	1	5938.00	200.00	-200.00	0	0.898000	0.435000	-0.435000	0													4.532000	0.300000	-0.300000	0
22080	1	3914.00	119.00	-119.00	0	0.512000	0.017000	-0.017000	0	0.544000	0.025000	-0.025000	0	-0.1300	0.1300	-0.1300	0								
22098	1	3914.00	119.00	-119.00	0	0.512000	0.017000	-0.017000	0	0.544000	0.025000	-0.025000	0	-0.1300	0.1300	-0.1300	0								
22115	1	4486.00	116.00	-116.00	0	0.571000	0.027000	-0.027000	0													4.733000	0.200000	-0.200000	0
22126	1	4486.00	116.00	-116.00	0	0.571000	0.027000	-0.027000	0													4.733000	0.200000	-0.200000	0
22147	1	5250.00	257.00	-257.00	0	0.862000	0.233000	-0.233000	0													4.494000	0.200000	-0.200000	0
22148	1	5250.00	257.00	-257.00	0	0.862000	0.233000	-0.233000	0													4.494000	0.200000	-0.200000	0
22165	1	5098.00	100.00	-100.00	0	0.794000	0.050000	-0.050000	0													4.561000	0.150000	-0.150000	0
22173	1	5098.00	100.00	-100.00	0	0.794000	0.050000	-0.050000	0													4.561000	0.150000	-0.150000	0
22192	1	5841.00	200.00	-200.00	0	0.881000	0.361000	-0.361000	0													4.541000	0.300000	-0.300000	0
22200	1	5841.00	200.00	-200.00	0	0.881000	0.361000	-0.361000	0													4.541000	0.300000	-0.300000	0
22211	1	5265.00	200.00	-200.00	0	0.785000	0.427000	-0.427000	0													4.576000	0.300000	-0.300000	0
22225	1	5265.00	200.00	-200.00	0	0.785000	0.427000	-0.427000	0													4.576000	0.300000	-0.300000	0
22238	1	6158.00	100.00	-100.00	0	1.550000	0.314000	-0.314000	0													4.147000	0.150000	-0.150000	0
22252	1	6158.00	100.00	-100.00	0	1.550000	0.314000	-0.314000	0													4.147000	0.150000	-0.150000	0
22263	1	5835.00	118.00	-118.00	0	1.103000	0.228000	-0.228000	0													4.326000	0.150000	-0.150000	0
22274	1	5835.00	118.00	-118.00	0	1.103000	0.228000	-0.228000	0													4.326000	0.150000	-0.150000	0
22286	1	5835.00	118.00	-118.00	0	1.103000	0.228000	-0.228000	0													4.326000	0.150000	-0.150000	0
22291	1	5835.00	118.00	-118.00	0	1.103000	0.228000	-0.228000	0													4.326000	0.150000	-0.150000	0
22309	1	5885.00	250.00	-250.00	0	1.028000	0.498000	-0.498000	0													4.453000	0.300000	-0.300000	0
22314	1	5885.00	250.00	-250.00	0	1.028000	0.498000	-0.498000	0													4.453000	0.300000	-0.300000	0
22334	1	4258.00	100.00	-100.00	0	0.555000	0.021000	-0.021000	0													4.729000	0.150000	-0.150000	0
22354	1	4258.00	100.00	-100.00	0	0.555000	0.021000	-0.021000	0													4.729000	0.150000	-0.150000	0
22368	1	4258.00	100.00	-100.00	0	0.555000	0.021000	-0.021000	0													4.729000	0.150000	-0.150000	0
22374	1	6081.00	100.00	-100.00	0	1.274000	0.234000	-0.234000	0													4.287000	0.150000	-0.150000	0
22385	1	6081.00	100.00	-100.00	0	1.274000	0.234000	-0.234000	0													4.287000	0.150000	-0.150000	0
22397	1	5847.00	250.00	-250.00	0	0.959000	0.429000	-0.429000	0													4.500000	0.300000	-0.300000	0
22407	1	5847.00	250.00	-250.00	0	0.959000	0.429000	-0.429000	0													4.500000	0.300000	-0.300000	0
22425	1	5400.00	60.00	-60.00	0	0.590000	0.150000	-0.150000	0	0.650000	0.160000	-0.160000	0	0.4100	0.0400	-0.0400	0					5.400000	0.200000	-0.200000	0
22434	1	5400.00	60.00	-60.00	0	0.590000	0.150000	-0.150000	0	0.650000	0.160000	-0.160000	0	0.4100	0.0400	-0.0400	0					5.400000	0.200000	-0.200000	0
22445	1	5251.00	105.00	-105.00	0	0.817000	0.080000	-0.029000	0	0.926000	0.032000	-0.064000	0	0.2100	0.1500	-0.1500	0					4.581000	0.010000	-0.085000	0
22458	1	6067.00	100.00	-100.00	0	1.461000	0.284000	-0.284000	0													4.196000	0.150000	-0.150000	0
22466	1	6067.00	100.00	-100.00	0	1.461000	0.284000	-0.284000	0													4.196000	0.150000	-0.150000	0
22478	1	5555.00	60.07	-59.33	0	0.870000	0.046000	-0.042000	0	0.900000	0.041000	-0.045000	0	-0.1300	0.1210	-0.1220	0					4.520000	0.035000	-0.050000	0
22494	1	5555.00	60.07	-59.33	0	0.870000	0.046000	-0.042000	0	0.900000	0.041000	-0.045000	0	-0.1300	0.1210	-0.1220	0					4.520000	0.035000	-0.050000	0
22506	1	5555.00	60.07	-59.33	0	0.870000	0.046000	-0.042000	0	0.900000	0.041000	-0.045000	0	-0.1300	0.1210	-0.1220	0					4.520000	0.035000	-0.050000	0
22511	1	5297.00	200.00	-200.00	0	0.929000	0.497000	-0.497000	0													4.426000	0.300000	-0.300000	0
22522	1	5297.00	200.00	-200.00	0	0.929000	0.497000	-0.497000	0													4.426000	0.300000	-0.300000	0
22543	1	5297.00	200.00	-200.00	0	0.929000	0.497000	-0.497000	0													4.426000	0.300000	-0.300000	0
22556	1	5626.00	200.00	-200.00	0	0.815000	0.464000	-0.464000	0													4.514000	0.300000	-0.300000	0
22565	1	5626.00	200.00	-200.00	0	0.815000	0.464000	-0.464000	0													4.514000	0.300000	-0.300000	0
22576	1	6023.00	200.00	-200.00	0	1.007000	0.541000	-0.541000	0													4.440000	0.300000	-0.300000	0
22582	1	6023.00	200.00	-200.00	0	1.007000	0.541000	-0.541000	0													4.440000	0.300000	-0.300000	0
22596	1	6165.00	100.00	-100.00	0	1.383000	0.258000	-0.258000	0													4.229000	0.150000	-0.150000	0
22612	1	6165.00	100.00	-100.00	0	1.383000	0.258000	-0.258000	0													4.229000	0.150000	-0.150000	0
22623	1	6165.00	100.00	-100.00	0	1.383000	0.258000	-0.258000	0													4.229000	0.150000	-0.150000	0
22629	1	6105.00	200.00	-200.00	0	1.046000	0.485000	-0.485000	0													4.453000	0.300000	-0.300000	0
22650	1					1.030000	0.450000	-0.100000	0	1.100000	0.220000	-0.140000	0									4.460000	0.050000	-0.300000	0
22651	1					1.030000	0.450000	-0.100000	0	1.100000	0.220000	-0.140000	0									4.460000	0.050000	-0.300000	0
22671	1					1.690000	0.420000	-0.360000	0	1.120000	0.190000	-0.110000	0									4.030000	0.170000	-0.130000	0
22687	1					1.690000	0.420000	-0.360000	0	1.120000	0.190000	-0.110000	0									4.030000	0.170000	-0.130000	0
22695	1	4965.00	54.00	-54.00	0	2.861000	0.060000	-0.060000	0	1.227000	0.061000	-0.061000	0	0.2200	0.0400	-0.0400	0	0.64933	0.05223	-0.05939	0	3.580000	0.095000	-0.095000	0
22708	1	4965.00	54.00	-54.00	0	2.861000	0.060000	-0.060000	0	1.227000	0.061000	-0.061000	0	0.2200	0.0400	-0.0400	0	0.64933	0.05223	-0.05939	0	3.580000	0.095000	-0.095000	0
22732	1	6363.00	259.00	-259.00	0	1.746000	0.315000	-0.315000	0													4.051000	0.150000	-0.150000	0
22739	1					1.070000	0.430000	-0.100000	0	1.100000	0.160000	-0.130000	0									4.420000	0.050000	-0.280000	0
22746	1					1.070000	0.430000	-0.100000	0	1.100000	0.160000	-0.130000	0									4.420000	0.050000	-0.280000	0
22757	1					1.430000	0.064000	-0.064000	0	1.164000	0.134000	-0.134000	0												
22760	1	4499.30	74.90	-74.90	0	0.664000	0.013000	-0.013000	0	0.684000	0.026000	-0.026000	0												
22782	1	4499.30	74.90	-74.90	0	0.664000	0.013000	-0.013000	0	0.684000	0.026000	-0.026000	0												
22800	1	5744.00	200.00	-200.00	0	0.886000	0.426000	-0.426000	0													4.537000	0.300000	-0.300000	0
22802	1	5744.00	200.00	-200.00	0	0.886000	0.426000	-0.426000	0													4.537000	0.300000	-0.300000	0
22822	1	5723.00	200.00	-200.00	0	0.899000	0.347000	-0.347000	0													4.531000	0.300000	-0.300000	0
22832	1	5723.00	200.00	-200.00	0	0.899000	0.347000	-0.347000	0													4.531000	0.300000	-0.300000	0
22845	1	5717.00	156.00	-173.00	0	0.884000	0.230000	-0.077000	0	0.984000	0.102000	-0.114000	0	0.0000	0.2500	-0.3000	0					4.538000	0.044000	-0.187000	0
22854	1	5602.00	155.00	-155.00	0	0.904000	0.215000	-0.215000	0													4.459000	0.150000	-0.150000	0
22867	1	5602.00	155.00	-155.00	0	0.904000	0.215000	-0.215000	0													4.459000	0.150000	-0.150000	0
22882	1					0.890000	0.360000	-0.070000	0	0.970000	0.100000	-0.120000	0									4.530000	0.030000	-0.300000	0
22886	1					0.890000	0.360000	-0.070000	0	0.970000	0.100000	-0.120000	0									4.530000	0.030000	-0.300000	0
22905	1	4351.00	100.00	-100.00	0	0.566000	0.024000	-0.024000	0													4.721000	0.150000	-0.150000	0
22914	1	4351.00	100.00	-100.00	0	0.566000	0.024000	-0.024000	0													4.721000	0.150000	-0.150000	0
22924	1	5615.00	200.00	-200.00	0	0.814000	0.356000	-0.356000	0													4.580000	0.300000	-0.300000	0
22934	1	5615.00	200.00	-200.00	0	0.814000	0.356000	-0.356000	0													4.580000	0.300000	-0.300000	0
22951	1	5411.00	200.00	-200.00	0	0.808000	0.348000	-0.348000	0													4.584000	0.300000	-0.300000	0
22961	1	5411.00	200.00	-200.00	0	0.808000	0.348000	-0.348000	0													4.584000	0.300000	-0.300000	0
22969	1	5580.00	131.00	-131.00	0	0.863000	0.167000	-0.167000	0													4.495000	0.150000	-0.150000	0
22984	1	5580.00	131.00	-131.00	0	0.863000	0.167000	-0.167000	0													4.495000	0.150000	-0.150000	0
22989	1	5580.00	131.00	-131.00	0	0.863000	0.167000	-0.167000	0													4.495000	0.150000	-0.150000	0
23008	1	5580.00	131.00	-131.00	0	0.863000	0.167000	-0.167000	0													4.495000	0.150000	-0.150000	0
23014	1	5806.00	200.00	-200.00	0	1.032000	0.466000	-0.466000	0													4.402000	0.300000	-0.300000	0
23029	1	5806.00	200.00	-200.00	0	1.032000	0.466000	-0.466000	0													4.402000	0.300000	-0.300000	0
23046	1	5918.00	250.00	-250.00	0	1.091000	0.518000	-0.518000	0													4.353000	0.300000	-0.300000	0
23048	1	5918.00	250.00	-250.00	0	1.091000	0.518000	-0.518000	0													4.353000	0.300000	-0.300000	0
23065	1	5918.00	250.00	-250.00	0	1.091000	0.518000	-0.518000	0													4.353000	0.300000	-0.300000	0
23075	1	5990.00	38.00	-38.00	0	1.000000	0.020000	-0.020000	0	1.080000	0.020000	-0.020000	0	0.0500	0.0400	-0.0400	0	0.06100	0.02200	-0.02300	0	4.470000	0.010000	-0.010000	0
23090	1	5990.00	38.00	-38.00	0	1.000000	0.020000	-0.020000	0	1.080000	0.020000	-0.020000	0	0.0500	0.0400	-0.0400	0	0.06100	0.02200	-0.02300	0	4.470000	0.010000	-0.010000	0
23102	1	5990.00	38.00	-38.00	0	1.000000	0.020000	-0.020000	0	1.080000	0.020000	-0.020000	0	0.0500	0.0400	-0.0400	0	0.06100	0.02200	-0.02300	0	4.470000	0.010000	-0.010000	0
23105	1					0.985000	0.015000	-0.009000	0	1.061000	0.011000	-0.035000	0												
23113	1	5378.00	60.00	-60.00	0	0.732000	0.033000	-0.031000	0	0.761000	0.024000	-0.028000	0	-0.4400	0.0400	-0.0400	0					4.600000	0.100000	-0.100000	0
23126	1	5378.00	60.00	-60.00	0	0.732000	0.033000	-0.031000	0	0.761000	0.024000	-0.028000	0	-0.4400	0.0400	-0.0400	0					4.600000	0.100000	-0.100000	0
23143	1	5147.00	200.00	-200.00	0	0.743000	0.382000	-0.382000	0													4.622000	0.300000	-0.300000	0
23146	1	5147.00	200.00	-200.00	0	0.743000	0.382000	-0.382000	0													4.622000	0.300000	-0.300000	0
23163	1	5142.00	153.00	-153.00	0	0.755000	0.097000	-0.065000	0	0.840000	0.065000	-0.090000	0	-0.0600	0.3000	-0.3000	0					4.602000	0.033000	-0.083000	0
23164	1	6002.00	200.00	-200.00	0	1.016000	0.441000	-0.441000	0													4.472000	0.300000	-0.300000	0
23185	1	6002.00	200.00	-200.00	0	1.016000	0.441000	-0.441000	0													4.472000	0.300000	-0.300000	0
23192	1	5299.00	100.00	-100.00	0	0.826000	0.073000	-0.073000	0													4.536000	0.150000	-0.150000	0
23198	1	5299.00	100.00	-100.00	0	0.826000	0.073000	-0.073000	0													4.536000	0.150000	-0.150000	0
23213	1	5299.00	100.00	-100.00	0	0.826000	0.073000	-0.073000	0													4.536000	0.150000	-0.150000	0
23224	1	5299.00	100.00	-100.00	0	0.826000	0.073000	-0.073000	0													4.536000	0.150000	-0.150000	0
23236	1	5299.00	100.00	-100.00	0	0.826000	0.073000	-0.073000	0													4.536000	0.150000	-0.150000	0
23250	1	5804.00	200.00	-200.00	0	0.957000	0.398000	-0.398000	0													4.504000	0.300000	-0.300000	0
23256	1	5804.00	200.00	-200.00	0	0.957000	0.398000	-0.398000	0													4.504000	0.300000	-0.300000	0
23268	1	5913.00	200.00	-200.00	0	0.976000	0.455000	-0.455000	0													4.491000	0.300000	-0.300000	0
23283	1	5913.00	200.00	-200.00	0	0.976000	0.455000	-0.455000	0													4.491000	0.300000	-0.300000	0
23296	1	5603.00	200.00	-200.00	0	0.898000	0.473000	-0.473000	0													4.444000	0.300000	-0.300000	0
23307	1	5603.00	200.00	-200.00	0	0.898000	0.473000	-0.473000	0													4.444000	0.300000	-0.300000	0
23324	1	5603.00	200.00	-200.00	0	0.898000	0.473000	-0.473000	0													4.444000	0.300000	-0.300000	0
23338	1	3740.00	130.00	-130.00	0	0.480000	0.066000	-0.087000	0	0.498000	0.067000	-0.087000	0	-0.0800	0.2800	-0.3000	0					4.774000	0.091000	-0.059000	0
23353	1	3740.00	130.00	-130.00	0	0.480000	0.066000	-0.087000	0	0.498000	0.067000	-0.087000	0	-0.0800	0.2800	-0.3000	0					4.774000	0.091000	-0.059000	0
23362	1	3740.00	130.00	-130.00	0	0.480000	0.066000	-0.087000	0	0.498000	0.067000	-0.087000	0	-0.0800	0.2800	-0.3000	0					4.774000	0.091000	-0.059000	0
23380	1	3740.00	130.00	-130.00	0	0.480000	0.066000	-0.087000	0	0.498000	0.067000	-0.087000	0	-0.0800	0.2800	-0.3000	0					4.774000	0.091000	-0.059000	0
23390	1	3740.00	130.00	-130.00	0	0.480000	0.066000	-0.087000	0	0.498000	0.067000	-0.087000	0	-0.0800	0.2800	-0.3000	0					4.774000	0.091000	-0.059000	0
23399	1	5619.00	100.00	-100.00	0	0.915000	0.165000	-0.165000	0													4.468000	0.150000	-0.150000	0
23411	1	5619.00	100.00	-100.00	0	0.915000	0.165000	-0.165000	0													4.468000	0.150000	-0.150000	0
23425	1	5618.00	112.00	-112.00	0	0.897000	0.099000	-0.081000	0	0.846000	0.059000	-0.049000	0	-0.2200	0.1500	-0.1500	0					4.460000	0.081000	-0.090000	0
23428	1	4465.00	100.00	-100.00	0	0.582000	0.025000	-0.025000	0													4.709000	0.150000	-0.150000	0
23447	1	4465.00	100.00	-100.00	0	0.582000	0.025000	-0.025000	0													4.709000	0.150000	-0.150000	0
23453	1	4465.00	100.00	-100.00	0	0.582000	0.025000	-0.025000	0													4.709000	0.150000	-0.150000	0
23468	1	5617.00	112.00	-112.00	0	1.032000	0.208000	-0.208000	0													4.394000	0.150000	-0.150000	0
23480	1	5617.00	112.00	-112.00	0	1.032000	0.208000	-0.208000	0													4.394000	0.150000	-0.150000	0
23486	1	5617.00	112.00	-112.00	0	1.032000	0.208000	-0.208000	0													4.394000	0.150000	-0.150000	0
23499	1	5617.00	112.00	-112.00	0	1.032000	0.208000	-0.208000	0													4.394000	0.150000	-0.150000	0
23513	1	5498.00	54.00	-54.00	0	0.950000	0.120000	-0.120000	0	0.990000	0.080000	-0.080000	0	0.1800	0.2700	-0.2700	0					4.770000	0.230000	-0.230000	0
23523	1	5498.00	54.00	-54.00	0	0.950000	0.120000	-0.120000	0	0.990000	0.080000	-0.080000	0	0.1800	0.2700	-0.2700	0					4.770000	0.230000	-0.230000	0
23541	1	5498.00	54.00	-54.00	0	0.950000	0.120000	-0.120000	0	0.990000	0.080000	-0.080000	0	0.1800	0.2700	-0.2700	0					4.770000	0.230000	-0.230000	0
23547	1	5986.00	200.00	-200.00	0	0.900000	0.410000	-0.410000	0													4.532000	0.300000	-0.300000	0
23555	1	5986.00	200.00	-200.00	0	0.900000	0.410000	-0.410000	0													4.532000	0.300000	-0.300000	0
23564	1	5815.00	200.00	-200.00	0	0.900000	0.481000	-0.481000	0													4.525000	0.300000	-0.300000	0
23580	1	5815.00	200.00	-200.00	0	0.900000	0.481000	-0.481000	0													4.525000	0.300000	-0.300000	0
23588	1	5815.00	200.00	-200.00	0	0.900000	0.481000	-0.481000	0													4.525000	0.300000	-0.300000	0
23599	1	5740.00	107.00	-107.00	0	1.220000	0.249000	-0.249000	0													4.286000	0.150000	-0.150000	0
23611	1	5740.00	107.00	-107.00	0	1.220000	0.249000	-0.249000	0													4.286000	0.150000	-0.150000	0
23627	1	3944.00	150.00	-150.00	0	0.485000	0.025000	-0.025000	0													4.768000	0.200000	-0.200000	0
23644	1	3944.00	150.00	-150.00	0	0.485000	0.025000	-0.025000	0													4.768000	0.200000	-0.200000	0
23658	1	4731.00	100.00	-100.00	0	0.687000	0.037000	-0.037000	0													4.635000	0.150000	-0.150000	0
23665	1	4731.00	100.00	-100.00	0	0.687000	0.037000	-0.037000	0													4.635000	0.150000	-0.150000	0
23675	1	4731.00	100.00	-100.00	0	0.687000	0.037000	-0.037000	0													4.635000	0.150000	-0.150000	0
23691	1	4817.00	68.10	-46.95	0	0.730000	0.013000	-0.017000	0	0.800000	0.020000	-0.026000	0	0.0500	0.1150	-0.1070	0					4.610000	0.008000	-0.008000	0
23706	1					0.800000	0.200000	-0.080000	0	0.760000	0.130000	-0.060000	0									4.510000	0.070000	-0.260000	0
23721	1					0.800000	0.200000	-0.080000	0	0.760000	0.130000	-0.060000	0									4.510000	0.070000	-0.260000	0
23737	1	5090.00	101.00	-101.00	0	0.792000	0.025000	-0.025000	0	0.827000	0.046000	-0.046000	0												
23742	1	4974.00	123.00	-123.00	0	0.827279			0	0.820000			0					-0.42318			0	4.516580			0
23753	1	4954.00	100.00	-100.00	0	0.719000	0.041000	-0.041000	0													4.611000	0.150000	-0.150000	0
23759	1	4954.00	100.00	-100.00	0	0.719000	0.041000	-0.041000	0													4.611000	0.150000	-0.150000	0
23770	1	4954.00	100.00	-100.00	0	0.719000	0.041000	-0.041000	0													4.611000	0.150000	-0.150000	0
23786	1	4954.00	100.00	-100.00	0	0.719000	0.041000	-0.041000	0													4.611000	0.150000	-0.150000	0
23797	1	5367.00	94.00	-94.00	0	0.814000	0.024000	-0.024000	0	0.907000	0.034000	-0.034000	0	0.1900	0.1000	-0.1000	0								
23810	1	5367.00	94.00	-94.00	0	0.814000	0.024000	-0.024000	0	0.907000	0.034000	-0.034000	0	0.1900	0.1000	-0.1000	0								
23824	1	5895.00	200.00	-200.00	0	0.941000	0.452000	-0.452000	0													4.508000	0.300000	-0.300000	0
23840	1	5895.00	200.00	-200.00	0	0.941000	0.452000	-0.452000	0													4.508000	0.300000	-0.300000	0
23847	1	4713.00	100.00	-100.00	0	0.721000	0.040000	-0.040000	0													4.612000	0.150000	-0.150000	0
23858	1	4713.00	100.00	-100.00	0	0.721000	0.040000	-0.040000	0													4.612000	0.150000	-0.150000	0
23875	1	6340.00	200.00	-200.00	0	1.220000	0.240000	-0.240000	0	1.210000	0.170000	-0.170000	0	-0.0760	0.4000	-0.4000	0					4.696000	0.300000	-0.300000	0
23896	1	6340.00	200.00	-200.00	0	1.220000	0.240000	-0.240000	0	1.210000	0.170000	-0.170000	0	-0.0760	0.4000	-0.4000	0					4.696000	0.300000	-0.300000	0
23908	1	6340.00	200.00	-200.00	0	1.220000	0.240000	-0.240000	0	1.210000	0.170000	-0.170000	0	-0.0760	0.4000	-0.4000	0					4.696000	0.300000	-0.300000	0
23914	1	5797.00	200.00	-200.00	0	0.876000	0.406000	-0.406000	0													4.521000	0.300000	-0.300000	0
23923	1	5797.00	200.00	-200.00	0	0.876000	0.406000	-0.406000	0													4.521000	0.300000	-0.300000	0
23938	1	5797.00	200.00	-200.00	0	0.876000	0.406000	-0.406000	0													4.521000	0.300000	-0.300000	0
23952	1	5905.00	131.00	-131.00	0	1.188000	0.230000	-0.230000	0													4.308000	0.150000	-0.150000	0
23961	1	5905.00	131.00	-131.00	0	1.188000	0.230000	-0.230000	0													4.308000	0.150000	-0.150000	0
23976	1	5903.00	106.00	-117.00	0	1.156000	0.185000	-0.166000	0	0.974000	0.082000	-0.062000	0	-0.1000	0.1500	-0.1500	0					4.300000	0.150000	-0.100000	0
23981	1	6115.00	100.00	-100.00	0	1.467000	0.283000	-0.283000	0													4.191000	0.150000	-0.150000	0
23999	1	6115.00	100.00	-100.00	0	1.467000	0.283000	-0.283000	0													4.191000	0.150000	-0.150000	0
24010	1	5727.00	100.00	-100.00	0	1.536000	0.162000	-0.162000	0													4.127000	0.150000	-0.150000	0
24015	1	5727.00	100.00	-100.00	0	1.536000	0.162000	-0.162000	0													4.127000	0.150000	-0.150000	0
24024	1	5378.00	100.00	-100.00	0	0.950000	0.135000	-0.135000	0													4.465000	0.150000	-0.150000	0
24039	1	5378.00	100.00	-100.00	0	0.950000	0.135000	-0.135000	0													4.465000	0.150000	-0.150000	0
24049	1	5796.00	108.00	-108.00	0	1.037000	0.202000	-0.202000	0													4.377000	0.150000	-0.150000	0
24068	1	5796.00	108.00	-108.00	0	1.037000	0.202000	-0.202000	0													4.377000	0.150000	-0.150000	0
24071	1	4204.00	200.00	-200.00	0	0.520000	0.052000	-0.052000	0													4.743000	0.300000	-0.300000	0
24089	1	4204.00	200.00	-200.00	0	0.520000	0.052000	-0.052000	0													4.743000	0.300000	-0.300000	0
24095	1	5497.00	200.00	-200.00	0	0.941000	0.429000	-0.429000	0													4.493000	0.300000	-0.300000	0
24111	1	5497.00	200.00	-200.00	0	0.941000	0.429000	-0.429000	0													4.493000	0.300000	-0.300000	0
24122	1	5746.00	100.00	-100.00	0	1.189000	0.210000	-0.210000	0													4.325000	0.150000	-0.150000	0
24130	1	5746.00	100.00	-100.00	0	1.189000	0.210000	-0.210000	0													4.325000	0.150000	-0.150000	0
24149	1	5526.00	100.00	-100.00	0	0.903000	0.125000	-0.125000	0													4.487000	0.150000	-0.150000	0
24151	1	5526.00	100.00	-100.00	0	0.903000	0.125000	-0.125000	0													4.487000	0.150000	-0.150000	0
24163	1	5526.00	100.00	-100.00	0	0.903000	0.125000	-0.125000	0													4.487000	0.150000	-0.150000	0
24180	1	3900.00	200.00	-200.00	0	0.530000	0.040000	-0.040000	0	0.580000	0.050000	-0.050000	0	0.0000	0.4000	-0.4000	0					4.640000	0.300000	-0.300000	0
24204	1	3900.00	200.00	-200.00	0	0.530000	0.040000	-0.040000	0	0.580000	0.050000	-0.050000	0	0.0000	0.4000	-0.4000	0					4.640000	0.300000	-0.300000	0
24226	1	3900.00	200.00	-200.00	0	0.530000	0.040000	-0.040000	0	0.580000	0.050000	-0.050000	0	0.0000	0.4000	-0.4000	0					4.640000	0.300000	-0.300000	0
24237	1	3900.00	200.00	-200.00	0	0.530000	0.040000	-0.040000	0	0.580000	0.050000	-0.050000	0	0.0000	0.4000	-0.4000	0					4.640000	0.300000	-0.300000	0
24255	1	3900.00	200.00	-200.00	0	0.530000	0.040000	-0.040000	0	0.580000	0.050000	-0.050000	0	0.0000	0.4000	-0.4000	0					4.640000	0.300000	-0.300000	0
24267	1	6435.00	200.00	-200.00	0	1.108000	0.519000	-0.519000	0													4.419000	0.300000	-0.300000	0
24278	1	6435.00	200.00	-200.00	0	1.108000	0.519000	-0.519000	0													4.419000	0.300000	-0.300000	0
24288	1	5740.00	100.00	-100.00	0	1.194000	0.230000	-0.230000	0													4.302000	0.150000	-0.150000	0
24297	1	5740.00	100.00	-100.00	0	1.194000	0.230000	-0.230000	0													4.302000	0.150000	-0.150000	0
24312	1	5388.00	100.00	-100.00	0	0.890000	0.096000	-0.096000	0													4.501000	0.150000	-0.150000	0
24329	1	5388.00	100.00	-100.00	0	0.890000	0.096000	-0.096000	0													4.501000	0.150000	-0.150000	0
24333	1	6004.00	71.00	-71.00	0	1.120000	0.020000	-0.018000	0	1.015000	0.072000	-0.070000	0	-0.1400	0.0500	-0.0500	0								
24351	1	6004.00	71.00	-71.00	0	1.120000	0.020000	-0.018000	0	1.015000	0.072000	-0.070000	0	-0.1400	0.0500	-0.0500	0								
24367	1	5194.00	100.00	-100.00	0	0.840000	0.072000	-0.072000	0													4.530000	0.150000	-0.150000	0
24375	1	5194.00	100.00	-100.00	0	0.840000	0.072000	-0.072000	0													4.530000	0.150000	-0.150000	0
24383	1	5191.00	103.00	-103.00	0	0.826000	0.061000	-0.050000	0	0.844000	0.049000	-0.044000	0	0.0800	0.1500	-0.1500	0					4.530000	0.044000	-0.055000	0
24397	1	5752.00	200.00	-200.00	0	1.003000	0.497000	-0.497000	0													4.411000	0.300000	-0.300000	0
24414	1	5752.00	200.00	-200.00	0	1.003000	0.497000	-0.497000	0													4.411000	0.300000	-0.300000	0
24420	1	5752.00	200.00	-200.00	0	1.003000	0.497000	-0.497000	0													4.411000	0.300000	-0.300000	0
24439	1	5105.00	100.00	-100.00	0	0.801000	0.052000	-0.052000	0													4.556000	0.150000	-0.150000	0
24453	1	5105.00	100.00	-100.00	0	0.801000	0.052000	-0.052000	0													4.556000	0.150000	-0.150000	0
24461	1	5105.00	100.00	-100.00	0	0.801000	0.052000	-0.052000	0													4.556000	0.150000	-0.150000	0
24472	1	3799.00	100.00	-100.00	0	0.492000	0.016000	-0.016000	0													4.758000	0.100000	-0.100000	0
24487	1	3799.00	100.00	-100.00	0	0.492000	0.016000	-0.016000	0													4.758000	0.100000	-0.100000	0
24501	1	3799.00	100.00	-100.00	0	0.492000	0.016000	-0.016000	0													4.758000	0.100000	-0.100000	0
24522	1					1.060000	0.440000	-0.110000	0	1.150000	0.220000	-0.160000	0									4.440000	0.050000	-0.270000	0
24530	1					1.060000	0.440000	-0.110000	0	1.150000	0.220000	-0.160000	0									4.440000	0.050000	-0.270000	0
24538	1	4257.00	200.00	-200.00	0	0.523000	0.052000	-0.052000	0													4.740000	0.300000	-0.300000	0
24552	1	4257.00	200.00	-200.00	0	0.523000	0.052000	-0.052000	0													4.740000	0.300000	-0.300000	0
24569	1	5904.00	47.00	-47.00	0	1.820000	0.140000	-0.180000	0	1.291000	0.063000	-0.121000	0	0.0250	0.0019	-0.0019	0	0.55600	0.08000	-0.08000	0	4.027000	0.056000	-0.056000	0
24580	1	5904.00	47.00	-47.00	0	1.820000	0.140000	-0.180000	0	1.291000	0.063000	-0.121000	0	0.0250	0.0019	-0.0019	0	0.55600	0.08000	-0.08000	0	4.027000	0.056000	-0.056000	0
24596	1	5904.00	47.00	-47.00	0	1.820000	0.140000	-0.180000	0	1.291000	0.063000	-0.121000	0	0.0250	0.0019	-0.0019	0	0.55600	0.08000	-0.08000	0	4.027000	0.056000	-0.056000	0
24601	1	5904.00	47.00	-47.00	0	1.820000	0.140000	-0.180000	0	1.291000	0.063000	-0.121000	0	0.0250	0.0019	-0.0019	0	0.55600	0.08000	-0.08000	0	4.027000	0.056000	-0.056000	0
24625	1	5904.00	47.00	-47.00	0	1.820000	0.140000	-0.180000	0	1.291000	0.063000	-0.121000	0	0.0250	0.0019	-0.0019	0	0.55600	0.08000	-0.08000	0	4.027000	0.056000	-0.056000	0
24631	1	5117.00	200.00	-200.00	0	0.722000	0.267000	-0.267000	0													4.636000	0.300000	-0.300000	0
24640	1	5117.00	200.00	-200.00	0	0.722000	0.267000	-0.267000	0													4.636000	0.300000	-0.300000	0
24653	1	4347.00	200.00	-200.00	0	0.492000	0.047000	-0.047000	0													4.768000	0.300000	-0.300000	0
24663	1	4347.00	200.00	-200.00	0	0.492000	0.047000	-0.047000	0													4.768000	0.300000	-0.300000	0
24681	1	4347.00	200.00	-200.00	0	0.492000	0.047000	-0.047000	0													4.768000	0.300000	-0.300000	0
24690	1	4955.00	100.00	-100.00	0	0.720000	0.041000	-0.041000	0													4.611000	0.150000	-0.150000	0
24702	1	4955.00	100.00	-100.00	0	0.720000	0.041000	-0.041000	0													4.611000	0.150000	-0.150000	0
24715	1	4955.00	100.00	-100.00	0	0.720000	0.041000	-0.041000	0													4.611000	0.150000	-0.150000	0
24726	1	4259.00	200.00	-200.00	0	0.534000	0.054000	-0.054000	0													4.732000	0.300000	-0.300000	0
24730	1	4259.00	200.00	-200.00	0	0.534000	0.054000	-0.054000	0													4.732000	0.300000	-0.300000	0
24752	1	5828.00	100.00	-100.00	0	1.068000	0.194000	-0.194000	0													4.385000	0.150000	-0.150000	0
24760	1	5828.00	100.00	-100.00	0	1.068000	0.194000	-0.194000	0													4.385000	0.150000	-0.150000	0
24769	1	5828.00	100.00	-100.00	0	1.068000	0.194000	-0.194000	0													4.385000	0.150000	-0.150000	0
24786	1	5877.00	112.00	-112.00	0	1.854000	0.350000	-0.350000	0													4.017000	0.160000	-0.160000	0
24793	1	5877.00	112.00	-112.00	0	1.854000	0.350000	-0.350000	0													4.017000	0.160000	-0.160000	0
24808	1	5867.00	100.00	-100.00	0	1.304000	0.230000	-0.230000	0													4.264000	0.150000	-0.150000	0
24816	1	5867.00	100.00	-100.00	0	1.304000	0.230000	-0.230000	0													4.264000	0.150000	-0.150000	0
24829	1	5867.00	100.00	-100.00	0	1.304000	0.230000	-0.230000	0													4.264000	0.150000	-0.150000	0
24838	1	5684.00	175.00	-175.00	0	1.761000	0.485000	-0.485000	0													4.004000	0.250000	-0.250000	0
24855	1	5684.00	175.00	-175.00	0	1.761000	0.485000	-0.485000	0													4.004000	0.250000	-0.250000	0
24863	1	5923.00	77.00	-77.00	0	1.735000	0.082000	-0.082000	0													4.017000	0.073000	-0.073000	0
24880	1	5923.00	77.00	-77.00	0	1.735000	0.082000	-0.082000	0													4.017000	0.073000	-0.073000	0
24889	1	5923.00	77.00	-77.00	0	1.735000	0.082000	-0.082000	0													4.017000	0.073000	-0.073000	0
24909	1					1.735000			0	1.140000			0												
24918	1	5631.00	200.00	-200.00	0	0.802000	0.362000	-0.362000	0													4.586000	0.300000	-0.300000	0
24932	1	5631.00	200.00	-200.00	0	0.802000	0.362000	-0.362000	0													4.586000	0.300000	-0.300000	0
24940	1	5631.00	200.00	-200.00	0	0.802000	0.362000	-0.362000	0													4.586000	0.300000	-0.300000	0
24950	1	5913.00	130.00	-130.00	0	1.161800	0.002700	-0.003100	0	1.047900	0.003300	-0.003000	0	-0.0700	0.1500	-0.1500	0	0.17300	0.03600	-0.04000	0	4.328400	0.002300	-0.001900	0
24953	1	6620.00	376.00	-376.00	0	1.850000	0.416000	-0.416000	0													4.063000	0.150000	-0.150000	0
24963	1	6620.00	376.00	-376.00	0	1.850000	0.416000	-0.416000	0													4.063000	0.150000	-0.150000	0
24976	1	6012.00	200.00	-200.00	0	1.024000	0.519000	-0.519000	0													4.437000	0.300000	-0.300000	0
24984	1	6012.00	200.00	-200.00	0	1.024000	0.519000	-0.519000	0													4.437000	0.300000	-0.300000	0
24999	1	6012.00	200.00	-200.00	0	1.024000	0.519000	-0.519000	0													4.437000	0.300000	-0.300000	0
25011	1	6012.00	200.00	-200.00	0	1.024000	0.519000	-0.519000	0													4.437000	0.300000	-0.300000	0
25026	1	6175.00	100.00	-100.00	0	1.472000	0.257000	-0.257000	0													4.187000	0.150000	-0.150000	0
25029	1	6175.00	100.00	-100.00	0	1.472000	0.257000	-0.257000	0													4.187000	0.150000	-0.150000	0
25038	1	6175.00	100.00	-100.00	0	1.472000	0.257000	-0.257000	0													4.187000	0.150000	-0.150000	0
25056	1	6366.00	76.03	-66.63	0	1.340000	0.115000	-0.082000	0	1.260000	0.047000	-0.040000	0	0.1200	0.0900	-0.0910	0					4.280000	0.046000	-0.062000	0
25068	1	5807.00	100.00	-100.00	0	1.433000	0.261000	-0.261000	0													4.184000	0.150000	-0.150000	0
25075	1	5807.00	100.00	-100.00	0	1.433000	0.261000	-0.261000	0													4.184000	0.150000	-0.150000	0
25081	1	5774.00	200.00	-200.00	0	0.976000	0.454000	-0.454000	0													4.451000	0.300000	-0.300000	0
25096	1	5774.00	200.00	-200.00	0	0.976000	0.454000	-0.454000	0													4.451000	0.300000	-0.300000	0
25111	1	4504.00	100.00	-100.00	0	0.623000	0.029000	-0.029000	0													4.683000	0.150000	-0.150000	0
25121	1	4504.00	100.00	-100.00	0	0.623000	0.029000	-0.029000	0													4.683000	0.150000	-0.150000	0
25137	1	6033.00	200.00	-200.00	0	1.021000	0.476000	-0.476000	0													4.464000	0.300000	-0.300000	0
25151	1	6033.00	200.00	-200.00	0	1.021000	0.476000	-0.476000	0													4.464000	0.300000	-0.300000	0
25158	1	6088.00	200.00	-200.00	0	1.005000	0.464000	-0.464000	0													4.472000	0.300000	-0.300000	0
25173	1	6088.00	200.00	-200.00	0	1.005000	0.464000	-0.464000	0													4.472000	0.300000	-0.300000	0
25182	1	5592.00	75.00	-75.00	0	1.451000	0.211000	-0.342000	0	1.000000	0.072000	-0.072000	0	0.1600	0.1500	-0.1500	0					4.115000	0.195000	-0.090000	0
25191	1	6177.00	100.00	-100.00	0	1.359000	0.251000	-0.251000	0													4.244000	0.150000	-0.150000	0
25199	1	6177.00	100.00	-100.00	0	1.359000	0.251000	-0.251000	0													4.244000	0.150000	-0.150000	0
25216	1	5956.00	200.00	-200.00	0	0.927000	0.349000	-0.349000	0													4.518000	0.300000	-0.300000	0
25228	1	5956.00	200.00	-200.00	0	0.927000	0.349000	-0.349000	0													4.518000	0.300000	-0.300000	0
25233	1	5606.00	150.00	-150.00	0	1.028400	0.002000	-0.001900	0	0.887700	0.005100	-0.005300	0	-0.3400	0.2000	-0.2000	0	-0.02700	0.04400	-0.04900	0	4.362300	0.002000	-0.002000	0
25242	1	6186.00	100.00	-100.00	0	1.534000	0.306000	-0.306000	0													4.150000	0.170000	-0.170000	0
25247	1					1.250000	0.570000	-0.240000	0	1.000000	0.200000	-0.120000	0									4.240000	0.180000	-0.250000	0
25269	1					1.250000	0.570000	-0.240000	0	1.000000	0.200000	-0.120000	0									4.240000	0.180000	-0.250000	0
25279	1	5643.00	200.00	-200.00	0	0.854000	0.414000	-0.414000	0													4.556000	0.300000	-0.300000	0
25289	1	5643.00	200.00	-200.00	0	0.854000	0.414000	-0.414000	0													4.556000	0.300000	-0.300000	0
25305	1	5225.00	61.31	-57.95	0	0.780000	0.050000	-0.066000	0	0.810000	0.047000	-0.063000	0	-0.1600	0.1580	-0.2270	0					4.580000	0.042000	-0.063000	0
25314	1	5212.00	100.00	-100.00	0	0.781000	0.053000	-0.053000	0													4.566000	0.150000	-0.150000	0
25325	1	5212.00	100.00	-100.00	0	0.781000	0.053000	-0.053000	0													4.566000	0.150000	-0.150000	0
25333	1	5208.00	103.00	-103.00	0	0.772000	0.055000	-0.041000	0	0.796000	0.046000	-0.046000	0	-0.1400	0.1500	-0.1500	0					4.563000	0.036000	-0.052000	0
25347	1	3903.00	100.00	-100.00	0	0.504000	0.016000	-0.016000	0													4.751000	0.100000	-0.100000	0
25362	1	3903.00	100.00	-100.00	0	0.504000	0.016000	-0.016000	0													4.751000	0.100000	-0.100000	0
25374	1	4648.00	200.00	-200.00	0	0.674000	0.210000	-0.210000	0													4.627000	0.300000	-0.300000	0
25379	1	4648.00	200.00	-200.00	0	0.674000	0.210000	-0.210000	0													4.627000	0.300000	-0.300000	0
25391	1	4648.00	200.00	-200.00	0	0.674000	0.210000	-0.210000	0													4.627000	0.300000	-0.300000	0
25401	1	6184.00	250.00	-250.00	0	1.066000	0.478000	-0.478000	0													4.441000	0.300000	-0.300000	0
25417	1	6184.00	250.00	-250.00	0	1.066000	0.478000	-0.478000	0													4.441000	0.300000	-0.300000	0
25432	1	6133.00	100.00	-100.00	0	1.335000	0.243000	-0.243000	0													4.256000	0.150000	-0.150000	0
25443	1	6133.00	100.00	-100.00	0	1.335000	0.243000	-0.243000	0													4.256000	0.150000	-0.150000	0
25451	1	5036.00	200.00	-200.00	0	0.834000	0.487000	-0.487000	0													4.503000	0.300000	-0.300000	0
25466	1	5036.00	200.00	-200.00	0	0.834000	0.487000	-0.487000	0													4.503000	0.300000	-0.300000	0
25468	1	5036.00	200.00	-200.00	0	0.834000	0.487000	-0.487000	0													4.503000	0.300000	-0.300000	0
25483	1	5908.00	200.00	-200.00	0	0.954000	0.476000	-0.476000	0													4.504000	0.300000	-0.300000	0
25496	1	5908.00	200.00	-200.00	0	0.954000	0.476000	-0.476000	0													4.504000	0.300000	-0.300000	0
25508	1	6248.00	250.00	-250.00	0	1.086000	0.503000	-0.503000	0													4.429000	0.300000	-0.300000	0
25516	1	6248.00	250.00	-250.00	0	1.086000	0.503000	-0.503000	0													4.429000	0.300000	-0.300000	0
25533	1	6248.00	250.00	-250.00	0	1.086000	0.503000	-0.503000	0													4.429000	0.300000	-0.300000	0
25537	1	5979.00	60.00	-60.00	0	1.634000	0.042000	-0.040000	0	1.034000	0.022000	-0.022000	0	-0.1800	0.0400	-0.0400	0					4.100000	0.100000	-0.100000	0
25561	1	5979.00	60.00	-60.00	0	1.634000	0.042000	-0.040000	0	1.034000	0.022000	-0.022000	0	-0.1800	0.0400	-0.0400	0					4.100000	0.100000	-0.100000	0
25571	1	6053.00	200.00	-200.00	0	1.058000	0.501000	-0.501000	0													4.423000	0.300000	-0.300000	0
25588	1	6053.00	200.00	-200.00	0	1.058000	0.501000	-0.501000	0													4.423000	0.300000	-0.300000	0
25597	1	6169.00	100.00	-100.00	0	1.343000	0.255000	-0.255000	0													4.254000	0.150000	-0.150000	0
25600	1	6169.00	100.00	-100.00	0	1.343000	0.255000	-0.255000	0													4.254000	0.150000	-0.150000	0
25615	1	5788.00	200.00	-200.00	0	0.722000	0.304000	-0.304000	0													4.639000	0.300000	-0.300000	0
25632	1	5788.00	200.00	-200.00	0	0.722000	0.304000	-0.304000	0													4.639000	0.300000	-0.300000	0
25641	1	5593.00	100.00	-100.00	0	1.485000	0.231000	-0.231000	0													4.152000	0.150000	-0.150000	0
25654	1	5593.00	100.00	-100.00	0	1.485000	0.231000	-0.231000	0													4.152000	0.150000	-0.150000	0
25660	1	5593.00	100.00	-100.00	0	1.485000	0.231000	-0.231000	0													4.152000	0.150000	-0.150000	0
25674	1	6108.00	125.00	-125.00	0	1.284000	0.249000	-0.249000	0													4.273000	0.150000	-0.150000	0
25684	1	6108.00	125.00	-125.00	0	1.284000	0.249000	-0.249000	0													4.273000	0.150000	-0.150000	0
25696	1	6012.00	200.00	-200.00	0	1.048000	0.487000	-0.487000	0													4.434000	0.300000	-0.300000	0
25711	1	6012.00	200.00	-200.00	0	1.048000	0.487000	-0.487000	0													4.434000	0.300000	-0.300000	0
25712	1	6209.00	200.00	-200.00	0	1.048000	0.470000	-0.470000	0													4.452000	0.300000	-0.300000	0
25725	1	6209.00	200.00	-200.00	0	1.048000	0.470000	-0.470000	0													4.452000	0.300000	-0.300000	0
25738	1	4710.00	100.00	-100.00	0	0.695000	0.037000	-0.037000	0													4.631000	0.150000	-0.150000	0
25750	1	4710.00	100.00	-100.00	0	0.695000	0.037000	-0.037000	0													4.631000	0.150000	-0.150000	0
25760	1	5502.00	206.00	-206.00	0	2.019000	0.559000	-0.559000	0													3.903000	0.350000	-0.350000	0
25772	1	5502.00	206.00	-206.00	0	2.019000	0.559000	-0.559000	0													3.903000	0.350000	-0.350000	0
25783	1	3591.00	100.00	-100.00	0	0.471000	0.014000	-0.014000	0													4.785000	0.100000	-0.100000	0
25800	1	3591.00	100.00	-100.00	0	0.471000	0.014000	-0.014000	0													4.785000	0.100000	-0.100000	0
25816	1	5357.00	68.00	-68.00	0	0.789000	0.006400	-0.005600	0	0.790000	0.033000	-0.030000	0	-0.3600	0.0500	-0.0500	0								
25831	1	5357.00	68.00	-68.00	0	0.789000	0.006400	-0.005600	0	0.790000	0.033000	-0.030000	0	-0.3600	0.0500	-0.0500	0								
25840	1	5357.00	68.00	-68.00	0	0.789000	0.006400	-0.005600	0	0.790000	0.033000	-0.030000	0	-0.3600	0.0500	-0.0500	0								
25855	1					0.772000			0	0.800000			0												
25870	1	5852.00	200.00	-200.00	0	0.900000	0.416000	-0.416000	0													4.531000	0.300000	-0.300000	0
25880	1	5852.00	200.00	-200.00	0	0.900000	0.416000	-0.416000	0													4.531000	0.300000	-0.300000	0
25884	1	5666.00	146.00	-146.00	0	0.992000	0.249000	-0.249000	0													4.390000	0.150000	-0.150000	0
25903	1	5666.00	146.00	-146.00	0	0.992000	0.249000	-0.249000	0													4.390000	0.150000	-0.150000	0
25911	1	6509.00	200.00	-200.00	0	1.137000	0.488000	-0.488000	0													4.405000	0.300000	-0.300000	0
25919	1	6509.00	200.00	-200.00	0	1.137000	0.488000	-0.488000	0													4.405000	0.300000	-0.300000	0
25929	1	6509.00	200.00	-200.00	0	1.137000	0.488000	-0.488000	0													4.405000	0.300000	-0.300000	0
25944	1	5787.00	200.00	-200.00	0	0.845000	0.418000	-0.418000	0													4.562000	0.300000	-0.300000	0
25947	1	5787.00	200.00	-200.00	0	0.845000	0.418000	-0.418000	0													4.562000	0.300000	-0.300000	0
25966	1	5977.00	200.00	-200.00	0	0.911000	0.474000	-0.474000	0													4.479000	0.300000	-0.300000	0
25979	1	5977.00	200.00	-200.00	0	0.911000	0.474000	-0.474000	0													4.479000	0.300000	-0.300000	0
25983	1	5977.00	200.00	-200.00	0	0.911000	0.474000	-0.474000	0													4.479000	0.300000	-0.300000	0
25996	1	5826.00	200.00	-200.00	0	0.837000	0.291000	-0.291000	0													4.567000	0.300000	-0.300000	0
26011	1	5826.00	200.00	-200.00	0	0.837000	0.291000	-0.291000	0													4.567000	0.300000	-0.300000	0
26023	1	5900.00	100.00	-100.00	0	1.175000	0.234000	-0.234000	0													4.303000	0.150000	-0.150000	0
26034	1	5900.00	100.00	-100.00	0	1.175000	0.234000	-0.234000	0													4.303000	0.150000	-0.150000	0
26039	1	5949.00	128.00	-128.00	0	1.224000	0.229000	-0.229000	0													4.303000	0.150000	-0.150000	0
26049	1	5949.00	128.00	-128.00	0	1.224000	0.229000	-0.229000	0													4.303000	0.150000	-0.150000	0
26066	1	4661.00	100.00	-100.00	0	0.671000	0.035000	-0.035000	0													4.647000	0.150000	-0.150000	0
26070	1	4661.00	100.00	-100.00	0	0.671000	0.035000	-0.035000	0													4.647000	0.150000	-0.150000	0
26086	1	6054.00	100.00	-100.00	0	1.306000	0.237000	-0.237000	0													4.273000	0.150000	-0.150000	0
26101	1	6054.00	100.00	-100.00	0	1.306000	0.237000	-0.237000	0													4.273000	0.150000	-0.150000	0
26102	1	5623.00	50.00	-50.00	0	1.752000	0.031000	-0.034000	0	0.941000	0.055000	-0.059000	0	-0.1100	0.0800	-0.0800	0					3.926000	0.011000	-0.011000	0
26105	1	6045.00	147.00	-147.00	0	1.224000	0.242000	-0.242000	0													4.293000	0.150000	-0.150000	0
26114	1	6045.00	147.00	-147.00	0	1.224000	0.242000	-0.242000	0													4.293000	0.150000	-0.150000	0
26130	1	6152.00	100.00	-100.00	0	1.568000	0.350000	-0.350000	0													4.120000	0.180000	-0.180000	0
26140	1	6152.00	100.00	-100.00	0	1.568000	0.350000	-0.350000	0													4.120000	0.180000	-0.180000	0
26152	1	6197.00	135.00	-111.00	0	2.188000	0.336000	-0.576000	0	1.198000	0.144000	-0.159000	0	-0.3200	0.1500	-0.1500	0					3.837000	0.233000	-0.093000	0
26160	1	5600.00	200.00	-200.00	0	0.945000	0.452000	-0.452000	0													4.401000	0.300000	-0.300000	0
26177	1	5600.00	200.00	-200.00	0	0.945000	0.452000	-0.452000	0													4.401000	0.300000	-0.300000	0
26183	1	4710.00	200.00	-200.00	0	0.672000	0.265000	-0.265000	0													4.624000	0.300000	-0.300000	0
26196	1	4710.00	200.00	-200.00	0	0.672000	0.265000	-0.265000	0													4.624000	0.300000	-0.300000	0
26208	1	5577.00	145.00	-145.00	0	0.882000	0.251000	-0.251000	0													4.475000	0.150000	-0.150000	0
26214	1	5577.00	145.00	-145.00	0	0.882000	0.251000	-0.251000	0													4.475000	0.150000	-0.150000	0
26232	1	6326.00	250.00	-250.00	0	1.126000	0.564000	-0.564000	0													4.412000	0.300000	-0.300000	0
26242	1	6326.00	250.00	-250.00	0	1.126000	0.564000	-0.564000	0													4.412000	0.300000	-0.300000	0
26247	1	5829.00	122.00	-122.00	0	1.157000			0	1.050000			0					0.14374			0	4.332590			0
26257	1	5178.00	200.00	-200.00	0	0.767000	0.429000	-0.429000	0													4.558000	0.300000	-0.300000	0
26266	1	5178.00	200.00	-200.00	0	0.767000	0.429000	-0.429000	0													4.558000	0.300000	-0.300000	0
26278	1	5774.00	154.00	-154.00	0	1.046000	0.240000	-0.240000	0													4.353000	0.150000	-0.150000	0
26293	1	5774.00	154.00	-154.00	0	1.046000	0.240000	-0.240000	0													4.353000	0.150000	-0.150000	0
26300	1	4498.00	200.00	-200.00	0	0.586000	0.069000	-0.069000	0													4.690000	0.300000	-0.300000	0
26308	1	4498.00	200.00	-200.00	0	0.586000	0.069000	-0.069000	0													4.690000	0.300000	-0.300000	0
26317	1	5376.00	250.00	-250.00	0	0.792000	0.402000	-0.402000	0													4.570000	0.300000	-0.300000	0
26331	1	5376.00	250.00	-250.00	0	0.792000	0.402000	-0.402000	0													4.570000	0.300000	-0.300000	0
26349	1	6350.00	100.00	-100.00	0	1.400000	0.100000	-0.100000	0	1.290000	0.060000	-0.070000	0	0.1000	0.1400	-0.1400	0					4.400000	0.150000	-0.150000	0
26356	1	5166.00	100.00	-100.00	0	0.776000	0.053000	-0.053000	0													4.569000	0.150000	-0.150000	0
26371	1	5166.00	100.00	-100.00	0	0.776000	0.053000	-0.053000	0													4.569000	0.150000	-0.150000	0
26373	1	5038.00	57.00	-57.00	0	2.879000	0.318000	-0.318000	0	1.270000	0.081000	-0.081000	0	0.0400	0.0200	-0.0200	0	0.66276	0.11103	-0.14954	0	3.620000	0.050000	-0.050000	0
26394	1	5038.00	57.00	-57.00	0	2.879000	0.318000	-0.318000	0	1.270000	0.081000	-0.081000	0	0.0400	0.0200	-0.0200	0	0.66276	0.11103	-0.14954	0	3.620000	0.050000	-0.050000	0
26404	1	5938.00	226.00	-226.00	0	1.129000	0.231000	-0.231000	0													4.323000	0.150000	-0.150000	0
26409	1	5938.00	226.00	-226.00	0	1.129000	0.231000	-0.231000	0													4.323000	0.150000	-0.150000	0
26420	1	6189.00	100.00	-100.00	0	1.382000	0.263000	-0.263000	0													4.233000	0.150000	-0.150000	0
26437	1	6189.00	100.00	-100.00	0	1.382000	0.263000	-0.263000	0													4.233000	0.150000	-0.150000	0
26442	1	6402.00	200.00	-200.00	0	1.132000	0.580000	-0.580000	0													4.408000	0.300000	-0.300000	0
26451	1	6402.00	200.00	-200.00	0	1.132000	0.580000	-0.580000	0													4.408000	0.300000	-0.300000	0
26468	1	6398.00	157.00	-224.00	0	1.101000	0.370000	-0.123000	0	1.141000	0.169000	-0.152000	0	-0.1400	0.2500	-0.3000	0					4.411000	0.056000	-0.210000	0
26471	1	4262.00	100.00	-100.00	0	0.556000	0.022000	-0.022000	0													4.729000	0.150000	-0.150000	0
26489	1	4262.00	100.00	-100.00	0	0.556000	0.022000	-0.022000	0													4.729000	0.150000	-0.150000	0
26500	1					1.060000	0.390000	-0.200000	0	0.850000	0.130000	-0.060000	0									4.320000	0.180000	-0.230000	0
26516	1					1.060000	0.390000	-0.200000	0	0.850000	0.130000	-0.060000	0									4.320000	0.180000	-0.230000	0
26525	1	5307.00	100.00	-100.00	0	0.767000	0.066000	-0.066000	0													4.572000	0.150000	-0.150000	0
26534	1	5307.00	100.00	-100.00	0	0.767000	0.066000	-0.066000	0													4.572000	0.150000	-0.150000	0
26544	1	4493.00	100.00	-100.00	0	0.613000	0.028000	-0.028000	0													4.689000	0.150000	-0.150000	0
26553	1	4493.00	100.00	-100.00	0	0.613000	0.028000	-0.028000	0													4.689000	0.150000	-0.150000	0
26572	1	4557.00	54.30	-39.23	0	0.670000	0.017000	-0.018000	0	0.720000	0.024000	-0.028000	0	-0.0600	0.1080	-0.0860	0					4.640000	0.011000	-0.009000	0
26579	1	5502.00	200.00	-200.00	0	0.680000	0.363000	-0.363000	0													4.620000	0.300000	-0.300000	0
26587	1	5502.00	200.00	-200.00	0	0.680000	0.363000	-0.363000	0													4.620000	0.300000	-0.300000	0
26595	1	5502.00	200.00	-200.00	0	0.680000	0.363000	-0.363000	0													4.620000	0.300000	-0.300000	0
26609	1	5857.00	120.00	-120.00	0	1.487000	0.071000	-0.084000	0	1.223000	0.053000	-0.091000	0	0.1700	0.0600	-0.0600	0	0.35400	0.11100	-0.10400	0	4.170000	0.040000	-0.040000	0
26622	1	6510.00	100.00	-100.00	0	2.130000	0.060000	-0.060000	0	1.480000	0.060000	-0.060000	0	0.1000	0.1500	-0.1000	0					3.940000	0.320000	-0.320000	0
26631	1	5886.00	100.00	-100.00	0	1.145000	0.208000	-0.208000	0													4.350000	0.150000	-0.150000	0
26642	1	5886.00	100.00	-100.00	0	1.145000	0.208000	-0.208000	0													4.350000	0.150000	-0.150000	0
26656	1	6117.00	100.00	-100.00	0	1.333000	0.244000	-0.244000	0													4.254000	0.150000	-0.150000	0
26664	1	6117.00	100.00	-100.00	0	1.333000	0.244000	-0.244000	0													4.254000	0.150000	-0.150000	0
26680	1	6184.00	88.34	-71.63	0	1.290000	0.222000	-0.134000	0	1.170000	0.068000	-0.053000	0	0.0200	0.0850	-0.0870	0					4.280000	0.089000	-0.113000	0
26686	1	6090.00	120.00	-120.00	0	1.264000	0.244000	-0.244000	0													4.278000	0.150000	-0.150000	0
26699	1	6090.00	120.00	-120.00	0	1.264000	0.244000	-0.244000	0													4.278000	0.150000	-0.150000	0
26714	1	6090.00	120.00	-120.00	0	1.264000	0.244000	-0.244000	0													4.278000	0.150000	-0.150000	0
26725	1	6090.00	120.00	-120.00	0	1.264000	0.244000	-0.244000	0													4.278000	0.150000	-0.150000	0
26735	1	6090.00	100.00	-100.00	0	1.329000	0.236000	-0.236000	0													4.266000	0.150000	-0.150000	0
26747	1	6090.00	100.00	-100.00	0	1.329000	0.236000	-0.236000	0													4.266000	0.150000	-0.150000	0
26760	1	6209.00	72.84	-65.18	0	1.450000	0.270000	-0.184000	0	1.250000	0.088000	-0.059000	0	0.1600	0.0880	-0.0880	0					4.210000	0.105000	-0.119000	0
26770	1	5654.00	200.00	-200.00	0	0.884000	0.331000	-0.331000	0													4.543000	0.300000	-0.300000	0
26779	1	5654.00	200.00	-200.00	0	0.884000	0.331000	-0.331000	0													4.543000	0.300000	-0.300000	0
26792	1	5818.00	250.00	-250.00	0	0.893000	0.425000	-0.425000	0													4.536000	0.300000	-0.300000	0
26802	1	5818.00	250.00	-250.00	0	0.893000	0.425000	-0.425000	0													4.536000	0.300000	-0.300000	0
26806	1	5538.00	75.00	-75.00	0	1.070000	0.020000	-0.020000	0	1.070000	0.060000	-0.060000	0	0.1800	0.0700	-0.0700	0					4.409000	0.020000	-0.020000	0
26822	1	5538.00	75.00	-75.00	0	1.070000	0.020000	-0.020000	0	1.070000	0.060000	-0.060000	0	0.1800	0.0700	-0.0700	0					4.409000	0.020000	-0.020000	0
26832	1	5487.00	100.00	-100.00	0	1.040000	0.050000	-0.050000	0	0.990000	0.050000	-0.050000	0	0.3500	0.0500	-0.0500	0	-0.10791	0.02698	-0.02877	0	4.300000	0.100000	-0.100000	0
26843	1	5476.00	75.00	-75.00	0	1.010000	0.070000	-0.070000	0	1.000000	0.060000	-0.060000	0	0.3300	0.0700	-0.0700	0					4.426000	0.060000	-0.060000	0
26851	1	6104.00	74.00	-74.00	0	1.230000	0.030000	-0.030000	0	1.080000	0.070000	-0.070000	0	-0.2000	0.1000	-0.1000	0					4.294000	0.030000	-0.030000	0
26859	1	5421.00	64.00	-64.00	0	0.897000	0.012000	-0.011000	0	0.913000	0.050000	-0.048000	0	0.0500	0.0700	-0.0700	0								
26882	1	5750.00	100.00	-100.00	0	1.290000	0.020000	-0.020000	0	1.150000	0.040000	-0.040000	0	0.3800	0.1100	-0.1100	0					4.278000	0.005000	-0.005000	0
26893	1	6273.00	140.00	-140.00	0	1.352000	0.010000	-0.010000	0	1.214000	0.033000	-0.033000	0	0.0100	0.1000	-0.1000	0	0.43500	0.02800	-0.03000	0	4.261000	0.007000	-0.007000	0
26909	1					0.820000	0.018000	-0.018000	0	0.870000	0.039000	-0.039000	0												
26924	1					0.820000	0.018000	-0.018000	0	0.870000	0.039000	-0.039000	0												
26930	1					0.820000	0.018000	-0.018000	0	0.870000	0.039000	-0.039000	0												
26935	1					0.820000	0.018000	-0.018000	0	0.870000	0.039000	-0.039000	0												
26947	1	5750.00	90.00	-90.00	0	1.287000	0.035000	-0.035000	0	1.167000	0.091000	-0.091000	0	0.2700	0.1200	-0.1200	0					4.300000	0.070000	-0.070000	0
26950	1	4700.00			0	0.776100	0.008800	-0.009600	0	0.820000	0.015000	-0.014000	0	-0.2000			0					4.572100	0.010800	-0.008600	0
26960	1					0.946000			0	0.890000			0												
26963	1					0.946000			0	0.890000			0												
26973	1					0.643000			0	0.670000			0												
26990	1					0.643000			0	0.670000			0												
26992	1					1.075000			0	1.000000			0												
27013	1					1.075000			0	1.000000			0												
27014	1	5670.00	114.00	-114.00	0	1.022000	0.148000	-0.108000	0	0.949000	0.067000	-0.055000	0	0.0600	0.1500	-0.1500	0					4.397000	0.095000	-0.105000	0
27028	1					0.806000			0	0.900000			0												
27040	1					0.806000			0	0.900000			0												
27051	1	5820.00	100.00	-100.00	0	1.090000	0.140000	-0.140000	0	0.980000	0.080000	-0.080000	0	-0.0500	0.1000	-0.1000	0					4.350000	0.100000	-0.100000	0
27055	1	5822.00	105.00	-116.00	0	1.081000	0.162000	-0.132000	0	0.957000	0.078000	-0.056000	0	-0.0600	0.1500	-0.1500	0					4.351000	0.115000	-0.115000	0
27069	1	6430.00	79.00	-79.00	0	1.740000	0.070000	-0.070000	0	1.390000	0.080000	-0.070000	0	0.1760	0.0700	-0.0700	0					4.100000	0.120000	-0.120000	0
27076	1	6430.00	79.00	-79.00	0	1.740000	0.070000	-0.070000	0	1.390000	0.080000	-0.070000	0	0.1760	0.0700	-0.0700	0					4.100000	0.120000	-0.120000	0
27085	1	3068.00	174.00	-174.00	0	0.170000	0.040000	-0.040000	0	0.130000	0.050000	-0.050000	0	-0.3300	0.1200	-0.1200	0	-2.62000	0.30000	-0.30000	0				
27100	1	3068.00	174.00	-174.00	0	0.170000	0.040000	-0.040000	0	0.130000	0.050000	-0.050000	0	-0.3300	0.1200	-0.1200	0	-2.62000	0.30000	-0.30000	0				
27109	1	3068.00	174.00	-174.00	0	0.170000	0.040000	-0.040000	0	0.130000	0.050000	-0.050000	0	-0.3300	0.1200	-0.1200	0	-2.62000	0.30000	-0.30000	0				
27114	1	5308.00	50.00	-50.00	0	0.757000	0.029000	-0.029000	0	0.794000	0.030000	-0.030000	0	-0.2500	0.0800	-0.0800	0	-0.39800	0.06100	-0.07100	0	4.610000	0.100000	-0.100000	0
27124	1	5972.00	84.00	-84.00	0	1.240000	0.120000	-0.120000	0	1.150000	0.060000	-0.060000	0	0.2300	0.0900	-0.0900	0	0.24000	0.08000	-0.10000	0	4.310000	0.073000	-0.073000	0
27140	1	5560.00	80.00	-80.00	0	0.950000	0.040000	-0.040000	0	0.850000	0.040000	-0.040000	0	-0.1000	0.0500	-0.0500	0					4.410000	0.040000	-0.040000	0
27162	1	5460.00	81.00	-81.00	0	0.940000	0.056000	-0.056000	0	1.010000	0.054000	-0.054000	0	0.4400	0.1400	-0.1400	0	-0.15000	0.06000	-0.07000	0	4.500000	0.050000	-0.050000	0
27164	1	5460.00	81.00	-81.00	0	0.940000	0.056000	-0.056000	0	1.010000	0.054000	-0.054000	0	0.4400	0.1400	-0.1400	0	-0.15000	0.06000	-0.07000	0	4.500000	0.050000	-0.050000	0
27168	1	5170.00	70.00	-70.00	0	0.860000	0.020000	-0.020000	0	0.930000	0.050000	-0.050000	0	0.2400	0.1100	-0.1100	0	-0.32300	0.03100	-0.03100	0	4.535000	0.010000	-0.010000	0
27186	1	5725.00	90.00	-90.00	0	0.920000	0.020000	-0.020000	0	0.910000	0.060000	-0.060000	0	-0.2100	0.0800	-0.0800	0	-0.08900	0.04200	-0.04200	0	4.471000	0.011000	-0.011000	0
27195	1	5800.00	70.00	-70.00	0	1.350000	0.200000	-0.200000	0	0.960000	0.060000	-0.060000	0	-0.1900	0.0700	-0.0700	0	0.29000	0.13000	-0.13000	0	4.140000	0.120000	-0.120000	0
27212	1	5150.00	100.00	-100.00	0	0.800000	0.020000	-0.020000	0	0.870000	0.050000	-0.050000	0	0.0900	0.1700	-0.1700	0	-0.39000	0.05000	-0.05000	0	4.571000	0.011000	-0.011000	0
27231	1	6041.00	143.00	-143.00	0	1.420000	0.070000	-0.070000	0	1.320000	0.090000	-0.090000	0	0.3300	0.1100	-0.1100	0					4.260000	0.050000	-0.050000	0
27240	1	5884.00	75.00	-75.00	0	1.485000	0.266000	-0.234000	0	1.166000	0.134000	-0.095000	0	0.2000	0.1000	-0.1000	0					4.150000	0.150000	-0.150000	0
27251	1	5884.00	75.00	-75.00	0	1.485000	0.266000	-0.234000	0	1.166000	0.134000	-0.095000	0	0.2000	0.1000	-0.1000	0					4.150000	0.150000	-0.150000	0
27261	1	6004.00	75.00	-75.00	0	1.092000	0.191000	-0.109000	0	1.071000	0.059000	-0.037000	0	0.0700	0.1000	-0.1000	0					4.400000	0.150000	-0.150000	0
27267	1	6004.00	75.00	-75.00	0	1.092000	0.191000	-0.109000	0	1.071000	0.059000	-0.037000	0	0.0700	0.1000	-0.1000	0					4.400000	0.150000	-0.150000	0
27283	1	6004.00	75.00	-75.00	0	1.092000	0.191000	-0.109000	0	1.071000	0.059000	-0.037000	0	0.0700	0.1000	-0.1000	0					4.400000	0.150000	-0.150000	0
27288	1	4995.00	78.00	-78.00	0	4.060000	0.120000	-0.080000	0	1.320000	0.100000	-0.070000	0	-0.0700	0.1000	-0.1000	0					3.345000	0.006000	-0.006000	0
27298	1	4995.00	78.00	-78.00	0	4.060000	0.120000	-0.080000	0	1.320000	0.100000	-0.070000	0	-0.0700	0.1000	-0.1000	0					3.345000	0.006000	-0.006000	0
27299	1	6360.00	140.00	-140.00	0	2.260000	0.250000	-0.250000	0	1.460000	0.170000	-0.170000	0	-0.0100	0.2000	-0.2000	0	0.88000	0.11000	-0.11000	0	3.892000	0.056000	-0.056000	0
27313	1	5977.00	95.00	-95.00	0	1.380000	0.130000	-0.130000	0	1.198000	0.093000	-0.093000	0	0.2500	0.1400	-0.1400	0	0.33000	0.11000	-0.11000	0	4.242000	0.055000	-0.055000	0
27328	1	6161.00	94.00	-94.00	0	3.210000	0.300000	-0.300000	0	1.538000	0.088000	-0.088000	0	-0.1800	0.1100	-0.1100	0	1.12900	0.08900	-0.08900	0	3.613000	0.047000	-0.070000	0
27337	1	4651.00	100.00	-100.00	0	0.697000	0.028000	-0.023000	0	0.729000	0.033000	-0.029000	0	0.0100	0.1000	-0.1000	0	-0.70100	0.07800	-0.05800	0	4.619000	0.015000	-0.028000	0
27353	1	4685.00	202.10	-161.22	0	0.710000	0.042000	-0.035000	0	0.750000	0.045000	-0.042000	0	0.0200	0.1480	-0.1640	0					4.620000	0.023000	-0.035000	0
27361	1	4551.00	100.00	-100.00	0	0.680000	0.026000	-0.024000	0	0.707000	0.033000	-0.027000	0	0.0000	0.1000	-0.1000	0	-0.76200	0.08000	-0.05900	0	4.629000	0.015000	-0.026000	0
27367	1	3748.00	112.00	-112.00	0	0.520000	0.038000	-0.061000	0	0.544000	0.041000	-0.061000	0	0.1600	0.1400	-0.1400	0	-1.35700	0.14200	-0.13800	0	4.740000	0.059000	-0.029000	0
27379	1	5431.00	100.00	-100.00	0	0.866000	0.076000	-0.040000	0	0.884000	0.044000	-0.038000	0	0.0200	0.1000	-0.1000	0	-0.23600	0.10200	-0.06300	0	4.514000	0.035000	-0.073000	0
27390	1	5800.00	100.00	-100.00	0	1.350000	0.080000	-0.080000	0	1.120000	0.080000	-0.080000	0	0.1500	0.1000	-0.1000	0					4.220000	0.040000	-0.040000	0
27405	1	4134.00	154.00	-154.00	0	0.559000	0.029000	-0.054000	0	0.575000	0.043000	-0.047000	0	-0.3000	0.1500	-0.1500	0	-1.10200	0.11100	-0.14200	0	4.706000	0.049000	-0.016000	0
27420	1	4340.00	177.00	-177.00	0	0.550000	0.038000	-0.054000	0	0.572000	0.049000	-0.053000	0	-0.5700	0.1800	-0.1800	0	-1.05100	0.15400	-0.15000	0	4.715000	0.047000	-0.024000	0
27430	1	4402.00	100.00	-100.00	0	0.598000	0.023000	-0.024000	0	0.609000	0.030000	-0.026000	0	-0.3700	0.1000	-0.1000	0	-0.93200	0.08100	-0.06400	0	4.673000	0.018000	-0.021000	0
27438	1	4723.00	100.00	-100.00	0	0.706000	0.028000	-0.024000	0	0.738000	0.033000	-0.029000	0	-0.0100	0.1000	-0.1000	0	-0.66400	0.07900	-0.05800	0	4.614000	0.016000	-0.029000	0
27443	1	5046.00	74.00	-74.00	0	0.752000	0.014000	-0.014000	0	0.758000	0.043000	-0.043000	0	-0.5500	0.0700	-0.0700	0					4.562500	0.009500	-0.009500	0
27460	1	5046.00	74.00	-74.00	0	0.752000	0.014000	-0.014000	0	0.758000	0.043000	-0.043000	0	-0.5500	0.0700	-0.0700	0					4.562500	0.009500	-0.009500	0
27464	1	5046.00	74.00	-74.00	0	0.752000	0.014000	-0.014000	0	0.758000	0.043000	-0.043000	0	-0.5500	0.0700	-0.0700	0					4.562500	0.009500	-0.009500	0
27481	1	5046.00	74.00	-74.00	0	0.752000	0.014000	-0.014000	0	0.758000	0.043000	-0.043000	0	-0.5500	0.0700	-0.0700	0					4.562500	0.009500	-0.009500	0
27483	1	5046.00	74.00	-74.00	0	0.752000	0.014000	-0.014000	0	0.758000	0.043000	-0.043000	0	-0.5500	0.0700	-0.0700	0					4.562500	0.009500	-0.009500	0
27503	1	3157.00	60.00	-60.00	0	0.210000	0.030000	-0.030000	0	0.180000	0.040000	-0.040000	0	0.2700	0.1300	-0.1300	0								
27508	1	3157.00	60.00	-60.00	0	0.210000	0.030000	-0.030000	0	0.180000	0.040000	-0.040000	0	0.2700	0.1300	-0.1300	0								
27520	1	3157.00	60.00	-60.00	0	0.210000	0.030000	-0.030000	0	0.180000	0.040000	-0.040000	0	0.2700	0.1300	-0.1300	0								
27530	1	3359.00	60.00	-60.00	0	0.240000	0.040000	-0.040000	0	0.220000	0.050000	-0.050000	0	-0.3000	0.1200	-0.1200	0								
27544	1	3359.00	60.00	-60.00	0	0.240000	0.040000	-0.040000	0	0.220000	0.050000	-0.050000	0	-0.3000	0.1200	-0.1200	0								
27553	1	3359.00	60.00	-60.00	0	0.240000	0.040000	-0.040000	0	0.220000	0.050000	-0.050000	0	-0.3000	0.1200	-0.1200	0								
27569	1	5493.00	62.00	-62.00	0	1.050000	0.190000	-0.190000	0	1.000000	0.210000	-0.210000	0	0.0700	0.0500	-0.0500	0					4.400000	0.100000	-0.100000	0
27571	1					1.400000	0.070000	-0.060000	0	1.500000	0.100000	-0.100000	0												
27577	1	5649.18	124.08	-124.08	0									-0.1651	0.0124	-0.0124	0								
27590	1	5649.18	124.08	-124.08	0									-0.1651	0.0124	-0.0124	0								
27602	1	3820.00	90.00	-90.00	0	0.550000	0.110000	-0.110000	0	0.590000	0.060000	-0.060000	0	0.2800	0.1400	-0.1400	0					4.700000	0.200000	-0.200000	0
27616	1	6197.21	130.15	-187.39	0	1.641620	0.080191	-0.106909	0	1.190000	0.197747	-0.142064	0	0.1278	0.0137	-0.0137	0	0.55403	0.02028	-0.01757	0	4.083070	0.108596	-0.083447	0
27632	1	6197.21	130.15	-187.39	0	1.641620	0.080191	-0.106909	0	1.190000	0.197747	-0.142064	0	0.1278	0.0137	-0.0137	0	0.55403	0.02028	-0.01757	0	4.083070	0.108596	-0.083447	0
27648	1	6197.21	130.15	-187.39	0	1.641620	0.080191	-0.106909	0	1.190000	0.197747	-0.142064	0	0.1278	0.0137	-0.0137	0	0.55403	0.02028	-0.01757	0	4.083070	0.108596	-0.083447	0
27649	1	29564.00			0	0.203000	0.001000	-0.001000	0	0.480000			0									5.508000	0.012000	-0.012000	0
27650	1	29564.00			0	0.203000	0.001000	-0.001000	0	0.480000			0									5.508000	0.012000	-0.012000	0
27651	1	5757.00	85.00	-85.00	0	1.110000	0.150000	-0.090000	0	1.037000	0.054000	-0.047000	0	0.2100	0.0900	-0.0900	0					4.320000	0.090000	-0.090000	0
27657	1	5527.00	100.00	-100.00	0	0.833000	0.011000	-0.011000	0	0.944000	0.010000	-0.010000	0	0.0900	0.1000	-0.1000	0					4.571000	0.015000	-0.015000	0
27662	1	5687.00	49.00	-49.00	0	1.066000	0.012000	-0.012000	0	1.030000	0.040000	-0.030000	0	0.3200	0.0800	-0.0800	0								
27673	1	5687.00	49.00	-49.00	0	1.066000	0.012000	-0.012000	0	1.030000	0.040000	-0.030000	0	0.3200	0.0800	-0.0800	0								
27677	1	5687.00	49.00	-49.00	0	1.066000	0.012000	-0.012000	0	1.030000	0.040000	-0.030000	0	0.3200	0.0800	-0.0800	0								
27679	1	6474.00	159.00	-250.00	0	1.242000	0.380000	-0.205000	0	1.148000	0.192000	-0.157000	0	-0.1600	0.2500	-0.3000	0					4.311000	0.108000	-0.201000	0
27689	1	6117.21	28.31	-28.31	0	2.215620			0	1.150000			0	0.1436	0.0273	-0.0273	0	0.79190			0	3.807780			0
27703	1	5155.00	105.00	-105.00	0	0.938000	0.038000	-0.039000	0	0.902000	0.040000	-0.038000	0	0.4100	0.1000	-0.1000	0	-0.25500	0.05700	-0.05800	0	4.447000	0.040000	-0.035000	0
27705	1	5155.00	105.00	-105.00	0	0.938000	0.038000	-0.039000	0	0.902000	0.040000	-0.038000	0	0.4100	0.1000	-0.1000	0	-0.25500	0.05700	-0.05800	0	4.447000	0.040000	-0.035000	0
27716	1	5309.00	200.00	-200.00	0	0.790000	0.441000	-0.441000	0													4.583000	0.300000	-0.300000	0
27719	1	6146.00	82.66	-114.05	0	1.260000	0.487000	-0.170000	0	1.170000	0.155000	-0.086000	0	0.0600	0.1410	-0.1360	0					4.300000	0.107000	-0.223000	0
27725	1	5634.00	43.20	-45.60	0	0.910000	0.021000	-0.020000	0	0.980000	0.023000	-0.029000	0	0.0400	0.0890	-0.0920	0					4.510000	0.015000	-0.018000	0
27742	1	7500.00	300.00	-300.00	0	1.570000	0.080000	-0.060000	0	1.590000	0.080000	-0.080000	0	0.0500	0.1100	-0.1100	0					4.220000	0.040000	-0.040000	0
27754	1	7500.00	300.00	-300.00	0	1.570000	0.080000	-0.060000	0	1.590000	0.080000	-0.080000	0	0.0500	0.1100	-0.1100	0					4.220000	0.040000	-0.040000	0
27757	1	5661.00	105.05	-99.18	0	0.900000	0.127000	-0.083000	0	0.870000	0.054000	-0.053000	0	-0.2800	0.1240	-0.1160	0					4.470000	0.082000	-0.119000	0
27775	1	5933.00	67.87	-54.45	0	1.590000	0.072000	-0.063000	0	1.210000	0.067000	-0.079000	0	0.1900	0.0740	-0.0710	0					4.110000	0.022000	-0.022000	0
27788	1	6310.00	63.38	-60.38	0	1.290000	0.107000	-0.071000	0	1.230000	0.039000	-0.034000	0	0.0900	0.0820	-0.0820	0					4.310000	0.044000	-0.061000	0
27796	1	5927.00	77.35	-68.52	0	1.050000	0.080000	-0.061000	0	1.040000	0.039000	-0.039000	0	-0.0100	0.0920	-0.0910	0					4.420000	0.047000	-0.066000	0
27806	1	5927.00	77.35	-68.52	0	1.050000	0.080000	-0.061000	0	1.040000	0.039000	-0.039000	0	-0.0100	0.0920	-0.0910	0					4.420000	0.047000	-0.066000	0
27815	1	5809.00	68.69	-60.25	0	1.370000	0.037000	-0.033000	0	1.050000	0.033000	-0.029000	0	0.0600	0.0720	-0.0490	0					4.180000	0.016000	-0.016000	0
27823	1	5498.00	60.91	-68.06	0	0.870000	0.021000	-0.019000	0	0.960000	0.023000	-0.025000	0	0.1000	0.0860	-0.0840	0					4.540000	0.014000	-0.015000	0
27830	1					0.936000	0.005000	-0.005000	0	0.957000	0.013000	-0.015000	0												
27832	1					0.936000	0.005000	-0.005000	0	0.957000	0.013000	-0.015000	0												
27834	1					0.936000	0.005000	-0.005000	0	0.957000	0.013000	-0.015000	0												
27840	1	6733.00	288.74	-288.80	0	1.800000	0.652000	-0.356000	0	1.490000	0.222000	-0.182000	0	0.0700	0.1440	-0.1560	0					4.100000	0.142000	-0.213000	0
27848	1	4996.00	82.76	-84.63	0	0.780000	0.016000	-0.015000	0	0.850000	0.025000	-0.029000	0	0.1600	0.0930	-0.0980	0					4.590000	0.008000	-0.009000	0
27858	1	5816.00	74.23	-91.94	0	1.340000	0.260000	-0.220000	0	1.060000	0.073000	-0.055000	0	0.1200	0.0930	-0.0840	0					4.210000	0.143000	-0.127000	0
27871	1	5785.00	92.56	-97.56	0	1.080000	0.171000	-0.123000	0	0.990000	0.049000	-0.050000	0	-0.0100	0.0880	-0.1270	0					4.360000	0.109000	-0.114000	0
27885	1	5009.00	85.00	-77.64	0	0.790000	0.017000	-0.015000	0	0.860000	0.027000	-0.028000	0	0.2100	0.0810	-0.0920	0					4.580000	0.009000	-0.009000	0
27890	1	5837.00	101.08	-99.97	0	1.090000	0.157000	-0.103000	0	1.030000	0.049000	-0.045000	0	0.0400	0.0900	-0.0990	0					4.380000	0.088000	-0.104000	0
27898	1	5240.00	49.30	-41.14	0	0.790000	0.018000	-0.022000	0	0.870000	0.025000	-0.031000	0	-0.0400	0.1120	-0.1000	0					4.580000	0.012000	-0.011000	0
27905	1	5210.00	69.43	-70.31	0	0.800000	0.025000	-0.023000	0	0.850000	0.030000	-0.037000	0	-0.0300	0.1050	-0.1070	0					4.560000	0.022000	-0.027000	0
27921	1	5247.00	73.63	-57.40	0	0.810000	0.025000	-0.024000	0	0.860000	0.032000	-0.036000	0	-0.0200	0.1020	-0.1070	0					4.560000	0.021000	-0.026000	0
27924	1	5194.00	73.00	-73.00	0	0.890000	0.050000	-0.050000	0	0.880000	0.060000	-0.060000	0	0.1700	0.0700	-0.0700	0					4.487000	0.050000	-0.050000	0
27944	1	5194.00	73.00	-73.00	0	0.890000	0.050000	-0.050000	0	0.880000	0.060000	-0.060000	0	0.1700	0.0700	-0.0700	0					4.487000	0.050000	-0.050000	0
27957	1	5194.00	73.00	-73.00	0	0.890000	0.050000	-0.050000	0	0.880000	0.060000	-0.060000	0	0.1700	0.0700	-0.0700	0					4.487000	0.050000	-0.050000	0
27967	1	5194.00	73.00	-73.00	0	0.890000	0.050000	-0.050000	0	0.880000	0.060000	-0.060000	0	0.1700	0.0700	-0.0700	0					4.487000	0.050000	-0.050000	0
27969	1									0.916000	0.021500	-0.021500	0												
27977	1	6322.00	71.60	-65.00	0	1.340000	0.140000	-0.100000	0	1.250000	0.050000	-0.042000	0	0.1100	0.0940	-0.0910	0					4.280000	0.058000	-0.075000	0
27985	1	5802.00	73.64	-66.20	0	1.090000	0.161000	-0.113000	0	1.010000	0.039000	-0.035000	0	0.0300	0.0870	-0.0910	0					4.360000	0.101000	-0.110000	0
27996	1	4871.00	63.64	-61.54	0	0.720000	0.025000	-0.027000	0	0.750000	0.036000	-0.039000	0	-0.1300	0.1100	-0.1180	0					4.600000	0.022000	-0.030000	0
28011	1	6346.00	79.71	-73.37	0	1.470000	0.312000	-0.190000	0	1.280000	0.095000	-0.067000	0	0.0900	0.0910	-0.0890	0					4.210000	0.103000	-0.135000	0
28016	1	5668.00	54.61	-48.74	0	0.870000	0.020000	-0.020000	0	0.960000	0.023000	-0.026000	0	-0.1000	0.0900	-0.0850	0					4.540000	0.011000	-0.012000	0
28031	1	5958.00	105.05	-153.72	0	1.090000	0.256000	-0.123000	0	1.070000	0.082000	-0.073000	0	0.0400	0.1470	-0.1610	0					4.390000	0.085000	-0.163000	0
28048	1	5444.00	89.78	-77.87	0	0.880000	0.053000	-0.041000	0	0.910000	0.036000	-0.041000	0	0.0000	0.0990	-0.1050	0					4.510000	0.042000	-0.057000	0
28049	1	5444.00	89.78	-77.87	0	0.880000	0.053000	-0.041000	0	0.910000	0.036000	-0.041000	0	0.0000	0.0990	-0.1050	0					4.510000	0.042000	-0.057000	0
28061	1	5422.00	108.00	-108.00	0	0.887000	0.090000	-0.067000	0	0.874000	0.055000	-0.046000	0	0.0200	0.1500	-0.1500	0					4.484000	0.063000	-0.077000	0
28072	1	5014.00	70.48	-58.34	0	0.760000	0.017000	-0.020000	0	0.820000	0.026000	-0.033000	0	0.0000	0.1050	-0.1000	0					4.590000	0.011000	-0.015000	0
28083	1	4095.60	74.70	-74.70	0	0.618000	0.020000	-0.020000	0	0.607000	0.014000	-0.014000	0												
28111	1	4095.60	74.70	-74.70	0	0.618000	0.020000	-0.020000	0	0.607000	0.014000	-0.014000	0												
28119	1	4252.00	100.00	-100.00	0	0.559000	0.021000	-0.021000	0													4.727000	0.150000	-0.150000	0
28131	1	4252.00	100.00	-100.00	0	0.559000	0.021000	-0.021000	0													4.727000	0.150000	-0.150000	0
28151	1	6045.00	142.42	-126.76	0	1.120000	0.316000	-0.133000	0	1.080000	0.105000	-0.075000	0	-0.0200	0.1320	-0.1770	0					4.370000	0.090000	-0.185000	0
28155	1	5582.00	53.81	-61.11	0	1.030000	0.092000	-0.059000	0	1.040000	0.026000	-0.028000	0	0.3700	0.0490	-0.0530	0					4.420000	0.053000	-0.074000	0
28168	1	6457.00	210.24	-229.75	0	1.540000	0.509000	-0.260000	0	1.360000	0.159000	-0.143000	0	0.1100	0.1530	-0.1330	0					4.190000	0.117000	-0.199000	0
28175	1	5346.00	128.17	-91.17	0	0.830000	0.067000	-0.054000	0	0.860000	0.044000	-0.052000	0	-0.0700	0.1530	-0.1730	0					4.550000	0.036000	-0.079000	0
28189	1	5392.00	80.00	-72.00	0	1.087000	0.224000	-0.184000	0	0.888000	0.061000	-0.035000	0	0.1800	0.1500	-0.1000	0					4.314000	0.165000	-0.150000	0
28195	1	5293.00	81.95	-98.03	0	0.820000	0.063000	-0.049000	0	0.860000	0.042000	-0.047000	0	-0.0300	0.1490	-0.1720	0					4.550000	0.037000	-0.074000	0
28209	1	5834.00	110.98	-141.15	0	1.110000	0.291000	-0.121000	0	1.090000	0.095000	-0.064000	0	0.2400	0.1130	-0.1750	0					4.390000	0.080000	-0.180000	0
28212	1	5744.00	144.47	-96.94	0	0.960000	0.159000	-0.078000	0	0.980000	0.060000	-0.058000	0	-0.0400	0.1450	-0.1750	0					4.470000	0.059000	-0.127000	0
28221	1	5312.00	140.65	-145.28	0	0.830000	0.069000	-0.049000	0	0.870000	0.046000	-0.051000	0	0.0000	0.1480	-0.1730	0					4.550000	0.037000	-0.078000	0
28235	1	6297.00	60.00	-60.00	0	1.793000	0.043000	-0.062000	0	1.374000	0.040000	-0.059000	0	0.0400	0.0600	-0.0600	0					3.960000	0.100000	-0.100000	0
28249	1	6225.00	66.00	-66.00	0	1.580000	0.020000	-0.020000	0	1.240000	0.050000	-0.050000	0	0.0300	0.0600	-0.0600	0					4.132000	0.005000	-0.005000	0
28260	1	6225.00	66.00	-66.00	0	1.580000	0.020000	-0.020000	0	1.240000	0.050000	-0.050000	0	0.0300	0.0600	-0.0600	0					4.132000	0.005000	-0.005000	0
28283	1	5813.00	100.75	-97.30	0	1.030000	0.096000	-0.069000	0	1.020000	0.045000	-0.044000	0	0.0300	0.0920	-0.1010	0					4.420000	0.057000	-0.076000	0
28286	1	5904.00	207.83	-126.78	0	1.040000	0.167000	-0.099000	0	1.030000	0.081000	-0.062000	0	-0.0300	0.1400	-0.1710	0					4.420000	0.071000	-0.112000	0
28294	1	5794.00	78.00	-78.00	0	1.216000	0.201000	-0.183000	0	1.032000	0.079000	-0.063000	0	0.1400	0.1500	-0.1500	0					4.282000	0.137000	-0.112000	0
28305	1	6125.00	113.77	-154.49	0	1.220000	0.373000	-0.156000	0	1.150000	0.126000	-0.088000	0	0.0500	0.1380	-0.1550	0					4.330000	0.096000	-0.188000	0
28319	1	3519.00	19.31	-19.67	0	0.330000	0.016000	-0.016000	0	0.330000	0.020000	-0.020000	0	-0.3100	0.0510	-0.0470	0					4.940000	0.018000	-0.017000	0
28326	1	3931.00	48.32	-40.61	0	0.530000	0.021000	-0.018000	0	0.550000	0.023000	-0.023000	0	-0.1900	0.0890	-0.0840	0					4.730000	0.016000	-0.017000	0
28337	1	6236.00	57.77	-58.08	0	1.190000	0.024000	-0.023000	0	1.190000	0.028000	-0.033000	0	0.0900	0.0810	-0.0860	0					4.360000	0.011000	-0.012000	0
28348	1	6113.00	66.08	-67.92	0	1.320000	0.237000	-0.169000	0	1.160000	0.070000	-0.048000	0	0.0600	0.0810	-0.0760	0					4.260000	0.112000	-0.119000	0
28364	1	6025.00	95.04	-99.94	0	1.250000	0.196000	-0.124000	0	1.160000	0.064000	-0.054000	0	0.1800	0.0910	-0.0870	0					4.300000	0.086000	-0.109000	0
28368	1	6060.00	69.98	-63.40	0	1.200000	0.027000	-0.028000	0	1.100000	0.035000	-0.039000	0	0.0100	0.0830	-0.0830	0					4.320000	0.013000	-0.012000	0
28386	1	6018.00	107.00	-107.00	0	0.940000	0.500000	-0.500000	0	1.040000	0.120000	-0.120000	0									4.510000	0.300000	-0.300000	0
28401	1	6018.00	107.00	-107.00	0	0.940000	0.500000	-0.500000	0	1.040000	0.120000	-0.120000	0									4.510000	0.300000	-0.300000	0
28427	1	6018.00	107.00	-107.00	0	0.940000	0.500000	-0.500000	0	1.040000	0.120000	-0.120000	0									4.510000	0.300000	-0.300000	0
28432	1	5674.00			0	0.870000	0.040000	-0.040000	0	0.960000	0.050000	-0.050000	0	0.0470			0								
28443	1	5746.00	66.60	-58.76	0	1.410000	0.057000	-0.047000	0	0.910000	0.061000	-0.051000	0	-0.3500	0.0950	-0.0790	0					4.090000	0.014000	-0.013000	0
28453	1	5770.00	52.35	-56.66	0	1.200000	0.322000	-0.189000	0	1.000000	0.059000	-0.061000	0	0.0100	0.0710	-0.1530	0					4.280000	0.137000	-0.175000	0
28462	1	5866.00	105.00	-105.00	0	1.417000	0.219000	-0.301000	0	0.958000	0.083000	-0.075000	0	-0.2000	0.1500	-0.1500	0					4.117000	0.195000	-0.105000	0
28466	1	5997.00	75.84	-67.77	0	1.300000	0.236000	-0.151000	0	1.170000	0.074000	-0.052000	0	0.2200	0.0820	-0.0760	0					4.280000	0.104000	-0.120000	0
28479	1	5849.00	61.71	-55.43	0	1.060000	0.147000	-0.096000	0	1.020000	0.038000	-0.043000	0	-0.0100	0.0960	-0.1120	0					4.390000	0.086000	-0.106000	0
28491	1	6106.00	72.75	-68.20	0	1.440000	0.228000	-0.159000	0	1.280000	0.071000	-0.050000	0	0.3600	0.0670	-0.0710	0					4.230000	0.090000	-0.105000	0
28502	1	5293.00	49.66	-61.29	0	0.830000	0.033000	-0.025000	0	0.900000	0.031000	-0.033000	0	0.0800	0.1390	-0.1120	0					4.550000	0.022000	-0.034000	0
28509	1	7099.00	172.50	-234.72	0	2.020000	0.504000	-0.405000	0	1.620000	0.176000	-0.172000	0	0.0100	0.1570	-0.1590	0					4.040000	0.143000	-0.152000	0
28517	1	5690.00	85.16	-68.99	0	0.980000	0.118000	-0.082000	0	0.950000	0.043000	-0.043000	0	-0.0600	0.1060	-0.1150	0					4.430000	0.079000	-0.101000	0
28526	1	5842.00	57.63	-51.77	0	0.880000	0.019000	-0.019000	0	0.960000	0.019000	-0.024000	0	-0.2300	0.0790	-0.0830	0					4.530000	0.010000	-0.011000	0
28546	1	5260.00	74.38	-70.24	0	0.800000	0.014000	-0.015000	0	0.890000	0.020000	-0.028000	0	0.0100	0.0920	-0.0910	0					4.580000	0.007000	-0.008000	0
28552	1	4075.00			0	0.520000			0	0.540000			0									4.740000			0
28569	1	4075.00			0	0.520000			0	0.540000			0									4.740000			0
28584	1	4263.00	100.00	-100.00	0	0.556000	0.021000	-0.021000	0													4.729000	0.150000	-0.150000	0
28602	1	6112.00	68.96	-60.87	0	1.090000	0.054000	-0.050000	0	1.100000	0.036000	-0.043000	0	-0.0300	0.0940	-0.0990	0					4.410000	0.032000	-0.034000	0
28609	1	6112.00	68.96	-60.87	0	1.090000	0.054000	-0.050000	0	1.100000	0.036000	-0.043000	0	-0.0300	0.0940	-0.0990	0					4.410000	0.032000	-0.034000	0
28622	1	6406.00	90.67	-86.67	0	1.460000	0.143000	-0.106000	0	1.340000	0.063000	-0.055000	0	0.2500	0.0780	-0.0840	0					4.240000	0.052000	-0.070000	0
28629	1	6392.00	72.53	-64.51	0	1.980000	0.431000	-0.346000	0	1.540000	0.141000	-0.109000	0	0.4100	0.0380	-0.0390	0					4.040000	0.134000	-0.134000	0
28644	1	5515.00	51.74	-48.73	0	0.860000	0.024000	-0.026000	0	0.930000	0.028000	-0.034000	0	-0.0300	0.0950	-0.1090	0					4.540000	0.015000	-0.023000	0
28658	1	6014.00	75.23	-86.17	0	1.100000	0.079000	-0.064000	0	1.090000	0.035000	-0.042000	0	0.0200	0.0810	-0.0810	0					4.390000	0.047000	-0.061000	0
28665	1	6014.00	75.23	-86.17	0	1.100000	0.079000	-0.064000	0	1.090000	0.035000	-0.042000	0	0.0200	0.0810	-0.0810	0					4.390000	0.047000	-0.061000	0
28676	1	5573.00	77.72	-79.46	0	1.150000	0.162000	-0.185000	0	0.950000	0.039000	-0.036000	0	0.1100	0.0850	-0.0820	0					4.290000	0.155000	-0.102000	0
28692	1	5894.00	80.86	-84.44	0	1.140000	0.068000	-0.058000	0	1.150000	0.037000	-0.041000	0	0.3400	0.0700	-0.0690	0					4.380000	0.036000	-0.046000	0
28703	1	6388.00	115.33	-136.67	0	1.450000	0.687000	-0.237000	0	1.280000	0.216000	-0.117000	0	0.0300	0.1220	-0.1600	0					4.220000	0.125000	-0.263000	0
28709	1	5807.00	96.43	-81.11	0	1.060000	0.146000	-0.095000	0	1.010000	0.044000	-0.042000	0	0.0200	0.0900	-0.0980	0					4.390000	0.086000	-0.103000	0
28723	1	6087.00	70.08	-64.04	0	1.140000	0.149000	-0.103000	0	1.070000	0.056000	-0.057000	0	-0.1000	0.1150	-0.1220	0					4.350000	0.081000	-0.095000	0
28733	1	6087.00	70.08	-64.04	0	1.140000	0.149000	-0.103000	0	1.070000	0.056000	-0.057000	0	-0.1000	0.1150	-0.1220	0					4.350000	0.081000	-0.095000	0
28737	1	6078.00	121.00	-133.00	0	1.189000	0.197000	-0.178000	0	1.005000	0.091000	-0.063000	0	-0.1600	0.1500	-0.1500	0					4.290000	0.137000	-0.112000	0
28742	1	5858.00			0	0.890000			0	0.980000			0									4.530000			0
28764	1	5858.00			0	0.890000			0	0.980000			0									4.530000			0
28777	1	6085.00	200.00	-200.00	0	0.958000	0.466000	-0.466000	0													4.498000	0.300000	-0.300000	0
28784	1	5697.00	56.57	-50.16	0	0.890000	0.025000	-0.025000	0	0.970000	0.029000	-0.031000	0	-0.0800	0.0980	-0.0930	0					4.530000	0.015000	-0.015000	0
28794	1	4893.00	47.74	-49.34	0	0.750000	0.022000	-0.023000	0	0.780000	0.031000	-0.032000	0	-0.0300	0.1030	-0.1060	0					4.580000	0.027000	-0.031000	0
28807	1	5192.00	82.80	-82.15	0	0.790000	0.019000	-0.020000	0	0.870000	0.027000	-0.029000	0	0.0000	0.1070	-0.1050	0					4.580000	0.010000	-0.010000	0
28823	1	4758.00	53.50	-40.01	0	0.720000	0.014000	-0.017000	0	0.780000	0.023000	-0.029000	0	0.0100	0.1040	-0.1010	0					4.610000	0.008000	-0.011000	0
28834	1	5884.00	73.37	-76.49	0	0.980000	0.029000	-0.030000	0	1.050000	0.030000	-0.030000	0	0.0100	0.0800	-0.0810	0					4.480000	0.017000	-0.017000	0
28836	1	5936.00	94.00	-130.00	0	0.965000	0.139000	-0.050000	0	1.075000	0.053000	-0.090000	0	0.0700	0.1500	-0.1500	0					4.501000	0.019000	-0.110000	0
28851	1	6123.00	74.81	-69.56	0	1.270000	0.177000	-0.114000	0	1.180000	0.057000	-0.042000	0	0.1300	0.0820	-0.0750	0					4.300000	0.078000	-0.097000	0
28860	1	5524.00	91.48	-143.16	0	0.890000	0.109000	-0.064000	0	0.920000	0.046000	-0.057000	0	0.0000	0.1470	-0.1780	0					4.510000	0.050000	-0.109000	0
28870	1	5763.00	62.32	-50.52	0	0.990000	0.029000	-0.028000	0	1.070000	0.025000	-0.027000	0	0.2300	0.0620	-0.0570	0					4.470000	0.017000	-0.018000	0
28878	1	5534.00	61.00	-61.00	0	0.871700	0.006400	-0.006100	0	0.892000	0.051000	-0.035000	0	-0.0900	0.0650	-0.0650	0								
28891	1	5820.00	80.00	-80.00	0	0.952000	0.018000	-0.018000	0	1.048000	0.042000	-0.042000	0	-0.0100	0.0700	-0.0700	0					4.502000	0.014000	-0.014000	0
28902	1	5820.00	80.00	-80.00	0	0.952000	0.018000	-0.018000	0	1.048000	0.042000	-0.042000	0	-0.0100	0.0700	-0.0700	0					4.502000	0.014000	-0.014000	0
28908	1	3705.00			0	0.500000			0	0.510000			0									4.750000			0
28927	1	3705.00			0	0.500000			0	0.510000			0									4.750000			0
28949	1	4252.00	100.00	-100.00	0	0.554000	0.021000	-0.021000	0													4.730000	0.150000	-0.150000	0
28959	1	5946.00	77.07	-63.84	0	1.080000	0.149000	-0.102000	0	1.020000	0.055000	-0.054000	0	-0.1000	0.1110	-0.1240	0					4.380000	0.087000	-0.107000	0
28963	1	6166.00	102.75	-99.75	0	2.060000	0.324000	-0.328000	0	1.410000	0.121000	-0.163000	0	0.0700	0.1040	-0.0570	0					3.960000	0.109000	-0.088000	0
28982	1	5526.00	76.12	-59.55	0	0.900000	0.055000	-0.041000	0	0.930000	0.035000	-0.037000	0	0.0200	0.1020	-0.1020	0					4.500000	0.039000	-0.058000	0
28986	1	4671.00	85.64	-76.72	0	0.670000	0.032000	-0.025000	0	0.700000	0.051000	-0.044000	0	-0.1900	0.1480	-0.1090	0					4.630000	0.022000	-0.020000	0
29000	1	6206.00	68.10	-58.72	0	1.220000	0.107000	-0.076000	0	1.160000	0.039000	-0.038000	0	0.0200	0.0780	-0.0770	0					4.330000	0.050000	-0.068000	0
29016	1	5882.00	77.41	-64.41	0	1.070000	0.118000	-0.079000	0	1.040000	0.038000	-0.038000	0	0.0300	0.0900	-0.0890	0					4.390000	0.067000	-0.088000	0
29024	1	5967.00	92.74	-130.13	0	1.150000	0.317000	-0.127000	0	1.110000	0.107000	-0.072000	0	0.1400	0.1560	-0.1530	0					4.360000	0.085000	-0.179000	0
29028	1	4828.00	40.10	-46.81	0	0.730000	0.023000	-0.036000	0	0.780000	0.032000	-0.041000	0	0.0100	0.1610	-0.1790	0					4.610000	0.018000	-0.034000	0
29041	1	5535.00	265.27	-230.38	0	0.900000	0.164000	-0.082000	0	0.930000	0.088000	-0.067000	0	0.0000	0.1350	-0.1690	0					4.500000	0.062000	-0.127000	0
29052	1	5360.00	66.88	-72.90	0	0.840000	0.073000	-0.050000	0	0.880000	0.039000	-0.047000	0	-0.0300	0.1470	-0.1660	0					4.540000	0.037000	-0.087000	0
29062	1	5360.00	66.88	-72.90	0	0.840000	0.073000	-0.050000	0	0.880000	0.039000	-0.047000	0	-0.0300	0.1470	-0.1660	0					4.540000	0.037000	-0.087000	0
29069	1	5312.00	79.00	-79.00	0	0.986000	0.107000	-0.117000	0	0.859000	0.060000	-0.033000	0	0.1600	0.1500	-0.1500	0					4.384000	0.137000	-0.074000	0
29084	1	4362.00			0	0.580000			0	0.620000			0									4.700000			0
29090	1	4362.00			0	0.580000			0	0.620000			0									4.700000			0
29103	1	4503.00	100.00	-100.00	0	0.619000	0.028000	-0.028000	0													4.684000	0.150000	-0.150000	0
29111	1	4503.00	100.00	-100.00	0	0.619000	0.028000	-0.028000	0													4.684000	0.150000	-0.150000	0
29127	1	4503.00	100.00	-100.00	0	0.619000	0.028000	-0.028000	0													4.684000	0.150000	-0.150000	0
29139	1	5322.00	98.03	-122.84	0	0.830000	0.064000	-0.050000	0	0.870000	0.045000	-0.052000	0	-0.0200	0.1520	-0.1760	0					4.550000	0.037000	-0.072000	0
29150	1	4286.00	37.81	-34.92	0	0.630000	0.022000	-0.020000	0	0.650000	0.030000	-0.027000	0	-0.0900	0.1130	-0.0940	0					4.660000	0.015000	-0.013000	0
29155	1	5863.00	103.85	-100.72	0	1.040000	0.217000	-0.100000	0	1.030000	0.057000	-0.062000	0	0.0100	0.1310	-0.1710	0					4.420000	0.072000	-0.158000	0
29162	1	5191.00	76.00	-78.00	0	0.902000	0.026000	-0.021000	0	0.889000	0.046000	-0.036000	0	0.1520	0.0580	-0.0580	0	-0.27084	0.03201	-0.03456	0	4.480000	0.019000	-0.027000	0
29174	1	5191.00	76.00	-78.00	0	0.902000	0.026000	-0.021000	0	0.889000	0.046000	-0.036000	0	0.1520	0.0580	-0.0580	0	-0.27084	0.03201	-0.03456	0	4.480000	0.019000	-0.027000	0
29187	1	5447.00	76.54	-66.56	0	0.920000	0.058000	-0.044000	0	0.930000	0.038000	-0.033000	0	0.1400	0.0980	-0.0950	0					4.490000	0.046000	-0.061000	0
29195	1	5894.00	117.98	-162.81	0	1.040000	0.206000	-0.104000	0	1.030000	0.070000	-0.067000	0	0.0000	0.1400	-0.1730	0					4.420000	0.072000	-0.148000	0
29207	1	5740.00	57.53	-49.06	0	0.980000	0.083000	-0.049000	0	1.000000	0.033000	-0.035000	0	0.0300	0.1010	-0.1010	0					4.460000	0.045000	-0.072000	0
29218	1	6068.00	151.79	-199.33	0	1.160000	0.348000	-0.162000	0	1.110000	0.125000	-0.092000	0	0.0200	0.1290	-0.1600	0					4.350000	0.103000	-0.190000	0
29228	1	5242.00	93.27	-66.35	0	0.810000	0.050000	-0.046000	0	0.850000	0.041000	-0.047000	0	-0.0600	0.1470	-0.1700	0					4.560000	0.032000	-0.064000	0
29240	1	5630.00	200.63	-197.22	0	0.950000	0.168000	-0.092000	0	0.960000	0.073000	-0.064000	0	0.0300	0.1360	-0.1520	0					4.470000	0.069000	-0.133000	0
29253	1	4840.00	97.00	-97.00	0	4.230000	0.150000	-0.150000	0	1.320000	0.130000	-0.130000	0	0.2000	0.1600	-0.1600	0					3.310000	0.010000	-0.010000	0
29276	1	4840.00	97.00	-97.00	0	4.230000	0.150000	-0.150000	0	1.320000	0.130000	-0.130000	0	0.2000	0.1600	-0.1600	0					3.310000	0.010000	-0.010000	0
29279	1	4819.44	74.95	-74.95	0	4.217990			0					0.3631	0.0064	-0.0064	0								
29290	1	3556.00	30.41	-23.60	0	0.330000	0.016000	-0.018000	0	0.340000	0.021000	-0.021000	0	-0.3900	0.0590	-0.0600	0					4.940000	0.021000	-0.017000	0
29298	1	5646.00	175.40	-189.65	0	0.940000	0.164000	-0.082000	0	0.960000	0.068000	-0.059000	0	0.0200	0.1420	-0.1660	0					4.480000	0.061000	-0.136000	0
29306	1	5646.00	175.40	-189.65	0	0.940000	0.164000	-0.082000	0	0.960000	0.068000	-0.059000	0	0.0200	0.1420	-0.1660	0					4.480000	0.061000	-0.136000	0
29314	1	5575.00	83.81	-85.33	0	0.900000	0.111000	-0.063000	0	0.930000	0.046000	-0.053000	0	-0.0400	0.1540	-0.1810	0					4.500000	0.047000	-0.113000	0
29324	1	5066.00	80.00	-61.96	0	0.770000	0.038000	-0.048000	0	0.800000	0.043000	-0.047000	0	-0.0800	0.1460	-0.1840	0					4.580000	0.031000	-0.052000	0
29341	1	5626.00	144.83	-126.35	0	0.920000	0.130000	-0.071000	0	0.950000	0.058000	-0.062000	0	-0.0100	0.1410	-0.1780	0					4.490000	0.055000	-0.112000	0
29349	1	5735.00	80.65	-75.30	0	0.950000	0.132000	-0.070000	0	0.980000	0.043000	-0.055000	0	-0.0200	0.1400	-0.1730	0					4.470000	0.054000	-0.115000	0
29359	1	5132.00	59.73	-80.24	0	0.790000	0.041000	-0.042000	0	0.830000	0.039000	-0.046000	0	-0.0100	0.1620	-0.1730	0					4.570000	0.028000	-0.054000	0
29363	1	5148.00	106.09	-92.59	0	0.790000	0.045000	-0.036000	0	0.840000	0.038000	-0.043000	0	0.0000	0.1420	-0.1520	0					4.570000	0.028000	-0.053000	0
29377	1	3768.00	40.66	-39.79	0	0.530000	0.017000	-0.016000	0	0.550000	0.019000	-0.018000	0	0.1100	0.0770	-0.0760	0					4.730000	0.015000	-0.014000	0
29383	1	5616.00	66.28	-55.02	0	0.930000	0.065000	-0.046000	0	0.950000	0.033000	-0.035000	0	0.0100	0.1030	-0.1000	0					4.480000	0.046000	-0.065000	0
29394	1	5187.90	90.80	-90.80	0	0.826000	0.019000	-0.019000	0	0.859000	0.049000	-0.049000	0												
29419	1	5187.90	90.80	-90.80	0	0.826000	0.019000	-0.019000	0	0.859000	0.049000	-0.049000	0												
29428	1	5496.00	71.37	-88.25	0	0.900000	0.125000	-0.055000	0	0.930000	0.042000	-0.045000	0	0.0600	0.1400	-0.1590	0					4.500000	0.048000	-0.123000	0
29433	1	5527.00	75.23	-79.46	0	0.900000	0.109000	-0.054000	0	0.930000	0.040000	-0.045000	0	0.0100	0.1370	-0.1620	0					4.510000	0.046000	-0.109000	0
29444	1	5212.00	89.47	-77.65	0	0.790000	0.052000	-0.051000	0	0.830000	0.044000	-0.053000	0	-0.1000	0.1550	-0.1910	0					4.570000	0.036000	-0.062000	0
29459	1	5746.00	59.48	-51.43	0	1.020000	0.131000	-0.083000	0	0.990000	0.032000	-0.036000	0	0.0200	0.0980	-0.0990	0					4.410000	0.079000	-0.102000	0
29468	1	5612.00	116.01	-108.40	0	0.910000	0.122000	-0.061000	0	0.950000	0.048000	-0.054000	0	-0.0100	0.1370	-0.1640	0					4.500000	0.048000	-0.113000	0
29473	1	5710.00	114.70	-145.72	0	0.950000	0.125000	-0.078000	0	0.970000	0.055000	-0.057000	0	0.0000	0.1370	-0.1730	0					4.470000	0.055000	-0.110000	0
29489	1	5672.00	95.54	-141.61	0	0.970000	0.245000	-0.083000	0	0.990000	0.052000	-0.055000	0	0.0900	0.1500	-0.1520	0					4.460000	0.061000	-0.191000	0
29497	1	4984.00	52.11	-41.61	0	0.730000	0.031000	-0.040000	0	0.780000	0.035000	-0.042000	0	-0.1400	0.1290	-0.1500	0					4.610000	0.028000	-0.032000	0
29508	1	5334.00	117.14	-106.87	0	0.830000	0.068000	-0.052000	0	0.870000	0.045000	-0.049000	0	-0.0300	0.1510	-0.1800	0					4.540000	0.038000	-0.077000	0
29520	1	5636.00	135.41	-185.60	0	0.960000	0.164000	-0.084000	0	0.990000	0.061000	-0.057000	0	0.1300	0.1490	-0.1440	0					4.470000	0.061000	-0.135000	0
29524	1	5843.00			0	1.030000			0	0.950000			0									4.390000			0
29546	1	5843.00			0	1.030000			0	0.950000			0									4.390000			0
29563	1	6099.00	200.00	-200.00	0	1.127000	0.526000	-0.526000	0													4.372000	0.300000	-0.300000	0
29566	1	6100.00	193.00	-214.00	0	1.083000	0.350000	-0.150000	0	1.017000	0.167000	-0.125000	0	-0.1200	0.2500	-0.3000	0					4.376000	0.105000	-0.195000	0
29579	1	4298.00	49.14	-38.09	0	0.640000	0.017000	-0.022000	0	0.670000	0.025000	-0.028000	0	-0.0600	0.1130	-0.0900	0					4.660000	0.013000	-0.013000	0
29593	1	5772.00	199.71	-191.78	0	1.000000	0.209000	-0.108000	0	1.000000	0.079000	-0.067000	0	0.0300	0.1300	-0.1540	0					4.440000	0.078000	-0.154000	0
29594	1	5564.00	218.22	-211.72	0	0.910000	0.134000	-0.083000	0	0.930000	0.070000	-0.066000	0	0.0100	0.1400	-0.1650	0					4.490000	0.062000	-0.114000	0
29604	1	5523.00	76.28	-106.08	0	0.910000	0.114000	-0.057000	0	0.940000	0.040000	-0.045000	0	0.0700	0.1490	-0.1480	0					4.500000	0.047000	-0.118000	0
29621	1	6195.00	110.21	-104.28	0	1.240000	0.462000	-0.154000	0	1.170000	0.151000	-0.085000	0	0.0200	0.1350	-0.1610	0					4.310000	0.095000	-0.218000	0
29628	1	5593.00	85.61	-77.08	0	0.930000	0.180000	-0.061000	0	0.960000	0.056000	-0.049000	0	0.0300	0.1500	-0.1370	0					4.490000	0.053000	-0.156000	0
29644	1	5575.00	149.33	-103.88	0	0.920000	0.119000	-0.066000	0	0.940000	0.054000	-0.051000	0	0.0000	0.1420	-0.1670	0					4.500000	0.053000	-0.114000	0
29648	1	5549.00	77.03	-70.06	0	0.890000	0.123000	-0.064000	0	0.920000	0.045000	-0.054000	0	-0.0500	0.1440	-0.1840	0					4.510000	0.047000	-0.127000	0
29658	1	5835.00	73.84	-83.13	0	1.000000	0.187000	-0.084000	0	1.010000	0.053000	-0.066000	0	0.0000	0.1390	-0.1980	0					4.440000	0.062000	-0.143000	0
29669	1	5296.00	61.13	-62.17	0	0.830000	0.057000	-0.040000	0	0.880000	0.034000	-0.041000	0	0.0100	0.1430	-0.1420	0					4.550000	0.031000	-0.074000	0
29677	1	5372.00	160.00	-160.00	0	0.916000	0.194000	-0.129000	0	0.832000	0.108000	-0.063000	0	-0.0200	0.3000	-0.3000	0					4.434000	0.112000	-0.154000	0
29692	1	6074.00			0	0.940000			0	1.040000			0									4.510000			0
29697	1	6074.00			0	0.940000			0	1.040000			0									4.510000			0
29713	1	6000.00	107.67	-147.47	0	1.150000	0.311000	-0.140000	0	1.100000	0.094000	-0.078000	0	0.0700	0.1400	-0.1440	0					4.350000	0.098000	-0.173000	0
29725	1	5677.00	66.16	-71.43	0	0.940000	0.128000	-0.062000	0	0.970000	0.039000	-0.045000	0	0.0100	0.1300	-0.1570	0					4.480000	0.051000	-0.111000	0
29735	1	5913.00	83.30	-74.23	0	1.040000	0.251000	-0.100000	0	1.040000	0.062000	-0.071000	0	-0.0300	0.1440	-0.1930	0					4.420000	0.071000	-0.170000	0
29742	1	5967.00	96.47	-113.06	0	1.100000	0.263000	-0.109000	0	1.080000	0.080000	-0.067000	0	0.0400	0.1420	-0.1560	0					4.390000	0.075000	-0.160000	0
29749	1	5485.00	80.49	-94.00	0	0.870000	0.082000	-0.057000	0	0.910000	0.042000	-0.050000	0	-0.0300	0.1440	-0.1710	0					4.520000	0.042000	-0.089000	0
29766	1					0.821000	0.242000	-0.242000	0	0.930000	0.059000	-0.059000	0												
29769	1					0.821000	0.242000	-0.242000	0	0.930000	0.059000	-0.059000	0												
29781	1	6267.00	109.70	-108.73	0	1.320000	0.623000	-0.180000	0	1.210000	0.186000	-0.098000	0	0.0300	0.1290	-0.1530	0					4.270000	0.104000	-0.269000	0
29792	1	5683.00	69.29	-59.31	0	0.950000	0.060000	-0.047000	0	0.970000	0.035000	-0.038000	0	-0.0100	0.0970	-0.1020	0					4.470000	0.043000	-0.058000	0
29801	1	5307.00	87.96	-72.88	0	0.860000	0.063000	-0.045000	0	0.870000	0.036000	-0.035000	0	0.0200	0.1030	-0.1050	0					4.510000	0.053000	-0.066000	0
29808	1	5245.00	74.00	-74.00	0	0.900316			0	0.900000			0	0.0300	0.0700	-0.0700	0	-0.25753			0	4.483520			0
29818	1	5127.00	78.75	-90.28	0	0.790000	0.040000	-0.036000	0	0.830000	0.038000	-0.043000	0	-0.0200	0.1400	-0.1480	0					4.570000	0.027000	-0.055000	0
29824	1	5647.00	44.00	-44.00	0	1.391000	0.017000	-0.034000	0	1.209000	0.044000	-0.038000	0	0.3400	0.0400	-0.0400	0					4.236000	0.011000	-0.011000	0
29854	1	5905.00	144.00	-144.00	0	1.257000	0.094000	-0.094000	0	1.041000	0.077000	-0.077000	0	-0.0900	0.1000	-0.1000	0								
29867	1	5905.00	144.00	-144.00	0	1.257000	0.094000	-0.094000	0	1.041000	0.077000	-0.077000	0	-0.0900	0.1000	-0.1000	0								
29877	1	5905.00	144.00	-144.00	0	1.257000	0.094000	-0.094000	0	1.041000	0.077000	-0.077000	0	-0.0900	0.1000	-0.1000	0								
29890	1	5279.00	104.56	-92.37	0	0.810000	0.059000	-0.057000	0	0.840000	0.046000	-0.054000	0	-0.0900	0.1590	-0.1800	0					4.560000	0.038000	-0.069000	0
29905	1	5160.00	61.57	-46.75	0	0.790000	0.019000	-0.021000	0	0.850000	0.027000	-0.033000	0	-0.0200	0.0960	-0.1030	0					4.570000	0.015000	-0.022000	0
29911	1	6062.00	218.54	-238.63	0	1.130000	0.351000	-0.171000	0	1.080000	0.144000	-0.097000	0	-0.0200	0.1470	-0.1870	0					4.370000	0.111000	-0.188000	0
29919	1	5808.00	90.04	-142.55	0	1.010000	0.225000	-0.098000	0	1.010000	0.063000	-0.063000	0	0.0300	0.1340	-0.1660	0					4.430000	0.073000	-0.159000	0
29934	1	5808.00	90.04	-142.55	0	1.010000	0.225000	-0.098000	0	1.010000	0.063000	-0.063000	0	0.0300	0.1340	-0.1660	0					4.430000	0.073000	-0.159000	0
29946	1	5808.00	90.04	-142.55	0	1.010000	0.225000	-0.098000	0	1.010000	0.063000	-0.063000	0	0.0300	0.1340	-0.1660	0					4.430000	0.073000	-0.159000	0
29954	1	5890.00	174.40	-159.73	0	1.030000	0.192000	-0.108000	0	1.020000	0.084000	-0.069000	0	-0.0200	0.1420	-0.1820	0					4.420000	0.073000	-0.144000	0
29964	1	5462.00	67.28	-73.73	0	0.880000	0.096000	-0.051000	0	0.910000	0.040000	-0.040000	0	0.0200	0.1350	-0.1650	0					4.520000	0.040000	-0.109000	0
29980	1	5462.00	67.28	-73.73	0	0.880000	0.096000	-0.051000	0	0.910000	0.040000	-0.040000	0	0.0200	0.1350	-0.1650	0					4.520000	0.040000	-0.109000	0
29990	1	6161.00	194.78	-227.56	0	1.220000	0.451000	-0.182000	0	1.130000	0.175000	-0.104000	0	0.0100	0.1330	-0.1750	0					4.320000	0.108000	-0.217000	0
29994	1	5196.00	94.48	-118.36	0	0.800000	0.048000	-0.044000	0	0.840000	0.041000	-0.045000	0	-0.0200	0.1460	-0.1580	0					4.560000	0.032000	-0.058000	0
30003	1	5244.00	203.00	-184.00	0	0.888000	0.197000	-0.131000	0	0.808000	0.112000	-0.060000	0	0.0200	0.3000	-0.2500	0					4.449000	0.112000	-0.192000	0
30013	1	5820.00	226.58	-187.94	0	1.010000	0.199000	-0.113000	0	1.000000	0.093000	-0.069000	0	-0.0200	0.1420	-0.1720	0					4.430000	0.082000	-0.136000	0
30029	1	5971.00	125.14	-171.10	0	1.140000	0.351000	-0.145000	0	1.090000	0.086000	-0.077000	0	0.0600	0.1430	-0.1550	0					4.360000	0.098000	-0.206000	0
30031	1	4017.00	68.00	-150.00	0	0.620000	0.020000	-0.050000	0	0.635000	0.037000	-0.037000	0	0.0300	0.1400	-0.1400	0								
30046	1	5943.00	91.96	-127.26	0	1.130000	0.312000	-0.120000	0	1.100000	0.087000	-0.066000	0	0.1200	0.1480	-0.1430	0					4.370000	0.085000	-0.186000	0
30061	1	5943.00	91.96	-127.26	0	1.130000	0.312000	-0.120000	0	1.100000	0.087000	-0.066000	0	0.1200	0.1480	-0.1430	0					4.370000	0.085000	-0.186000	0
30071	1	5761.00	64.93	-69.42	0	1.010000	0.243000	-0.086000	0	1.010000	0.051000	-0.053000	0	0.0600	0.1550	-0.1650	0					4.430000	0.069000	-0.175000	0
30077	1	5693.00	92.70	-129.13	0	0.960000	0.170000	-0.077000	0	0.980000	0.048000	-0.054000	0	0.0400	0.1370	-0.1550	0					4.460000	0.061000	-0.141000	0
30088	1	5723.00	68.68	-67.42	0	0.960000	0.165000	-0.071000	0	0.980000	0.047000	-0.053000	0	-0.0100	0.1390	-0.1830	0					4.470000	0.054000	-0.140000	0
30097	1	5268.00	186.36	-125.95	0	0.810000	0.067000	-0.050000	0	0.850000	0.051000	-0.054000	0	-0.0700	0.1500	-0.1690	0					4.550000	0.038000	-0.067000	0
30104	1	4655.00	41.24	-43.29	0	0.690000	0.026000	-0.038000	0	0.730000	0.035000	-0.045000	0	-0.0700	0.1640	-0.1640	0					4.620000	0.024000	-0.027000	0
30121	1	5753.00	133.18	-101.52	0	0.970000	0.132000	-0.076000	0	0.980000	0.058000	-0.054000	0	-0.0200	0.1390	-0.1620	0					4.460000	0.058000	-0.112000	0
30129	1	5753.00	133.18	-101.52	0	0.970000	0.132000	-0.076000	0	0.980000	0.058000	-0.054000	0	-0.0200	0.1390	-0.1620	0					4.460000	0.058000	-0.112000	0
30137	1	6004.00	181.00	-199.00	0	0.977000	0.302000	-0.101000	0	1.061000	0.134000	-0.134000	0	-0.0200	0.2500	-0.3000	0					4.484000	0.052000	-0.208000	0
30139	1	3712.00	33.92	-33.35	0	0.480000	0.024000	-0.026000	0	0.510000	0.024000	-0.028000	0	-0.0700	0.0770	-0.0820	0					4.770000	0.024000	-0.022000	0
30152	1	5860.00	67.09	-79.66	0	1.080000	0.325000	-0.113000	0	1.050000	0.070000	-0.054000	0	0.0800	0.1540	-0.1470	0					4.390000	0.088000	-0.206000	0
30169	1	5980.00	106.44	-113.14	0	1.110000	0.226000	-0.108000	0	1.090000	0.072000	-0.061000	0	0.0500	0.1360	-0.1460	0					4.380000	0.076000	-0.147000	0
30181	1	5980.00	106.44	-113.14	0	1.110000	0.226000	-0.108000	0	1.090000	0.072000	-0.061000	0	0.0500	0.1360	-0.1460	0					4.380000	0.076000	-0.147000	0
30187	1	6122.00	169.00	-190.00	0	0.964000	0.303000	-0.101000	0	1.041000	0.139000	-0.139000	0	-0.1800	0.2500	-0.3500	0					4.487000	0.052000	-0.208000	0
30198	1	4925.00	70.00	-70.00	0	0.640000	0.020000	-0.020000	0	0.690000	0.020000	-0.020000	0	-0.3700	0.0400	-0.0400	0	-0.67800	0.04000	-0.04300	0	4.680000	0.040000	-0.040000	0
30214	1	4925.00	70.00	-70.00	0	0.640000	0.020000	-0.020000	0	0.690000	0.020000	-0.020000	0	-0.3700	0.0400	-0.0400	0	-0.67800	0.04000	-0.04300	0	4.680000	0.040000	-0.040000	0
30222	1	4925.00	70.00	-70.00	0	0.640000	0.020000	-0.020000	0	0.690000	0.020000	-0.020000	0	-0.3700	0.0400	-0.0400	0	-0.67800	0.04000	-0.04300	0	4.680000	0.040000	-0.040000	0
30228	1	4925.00	70.00	-70.00	0	0.640000	0.020000	-0.020000	0	0.690000	0.020000	-0.020000	0	-0.3700	0.0400	-0.0400	0	-0.67800	0.04000	-0.04300	0	4.680000	0.040000	-0.040000	0
30253	1	4925.00	70.00	-70.00	0	0.640000	0.020000	-0.020000	0	0.690000	0.020000	-0.020000	0	-0.3700	0.0400	-0.0400	0	-0.67800	0.04000	-0.04300	0	4.680000	0.040000	-0.040000	0
30263	1	6155.00	120.88	-147.72	0	1.220000	0.450000	-0.157000	0	1.150000	0.150000	-0.082000	0	0.0300	0.1410	-0.1570	0					4.330000	0.097000	-0.221000	0
30264	1	4521.00	73.87	-51.47	0	0.680000	0.020000	-0.024000	0	0.720000	0.024000	-0.028000	0	-0.0200	0.1110	-0.1020	0					4.630000	0.015000	-0.023000	0
30276	1	4201.00	46.67	-36.96	0	0.610000	0.021000	-0.021000	0	0.640000	0.027000	-0.025000	0	-0.0900	0.0950	-0.0920	0					4.670000	0.016000	-0.016000	0
30290	1	5443.00	103.28	-85.59	0	0.860000	0.096000	-0.057000	0	0.900000	0.042000	-0.049000	0	-0.0300	0.1500	-0.1750	0					4.530000	0.045000	-0.101000	0
30298	1	6117.00	70.67	-63.28	0	1.180000	0.167000	-0.113000	0	1.100000	0.054000	-0.056000	0	-0.0600	0.1040	-0.1140	0					4.330000	0.082000	-0.105000	0
30310	1	5789.00	46.81	-43.94	0	0.960000	0.025000	-0.020000	0	1.040000	0.024000	-0.020000	0	0.1000	0.0870	-0.0850	0					4.490000	0.013000	-0.015000	0
30323	1	5789.00	46.81	-43.94	0	0.960000	0.025000	-0.020000	0	1.040000	0.024000	-0.020000	0	0.1000	0.0870	-0.0850	0					4.490000	0.013000	-0.015000	0
30335	1	5813.00	93.83	-94.62	0	1.050000	0.124000	-0.089000	0	1.010000	0.046000	-0.044000	0	0.0100	0.0920	-0.1040	0					4.400000	0.080000	-0.092000	0
30338	1	6424.00	160.13	-213.39	0	1.490000	0.640000	-0.270000	0	1.300000	0.210000	-0.137000	0	0.0500	0.1260	-0.1420	0					4.210000	0.133000	-0.248000	0
30357	1	5444.00	71.98	-60.20	0	0.840000	0.019000	-0.021000	0	0.930000	0.027000	-0.028000	0	0.0100	0.0930	-0.1040	0					4.550000	0.011000	-0.011000	0
30371	1	5576.00	50.00	-50.00	0	0.901000	0.027000	-0.022000	0	0.984000	0.035000	-0.040000	0	0.0500	0.0800	-0.0800	0	-0.15700	0.04500	-0.03800	0	4.520000	0.020000	-0.020000	0
30381	1	5829.00	97.42	-98.87	0	1.040000	0.110000	-0.077000	0	1.020000	0.043000	-0.045000	0	0.0300	0.0930	-0.0950	0					4.420000	0.062000	-0.086000	0
30394	1	6185.00	85.62	-75.47	0	1.330000	0.145000	-0.103000	0	1.240000	0.053000	-0.050000	0	0.2300	0.0830	-0.0790	0					4.280000	0.062000	-0.076000	0
30401	1	5322.00	89.61	-82.67	0	0.840000	0.024000	-0.022000	0	0.910000	0.032000	-0.030000	0	0.1100	0.0900	-0.0910	0					4.550000	0.017000	-0.020000	0
30412	1	5899.00	86.22	-91.57	0	1.150000	0.215000	-0.144000	0	1.020000	0.064000	-0.063000	0	-0.0500	0.1040	-0.1260	0					4.320000	0.117000	-0.121000	0
30421	1	5877.00	105.00	-129.00	0	1.265000	0.199000	-0.243000	0	0.997000	0.089000	-0.073000	0	-0.0400	0.1500	-0.1500	0					4.233000	0.162000	-0.108000	0
30430	1	6075.00	86.22	-77.53	0	1.240000	0.193000	-0.161000	0	1.030000	0.085000	-0.066000	0	-0.1800	0.1320	-0.1290	0					4.260000	0.119000	-0.102000	0
30435	1	6174.00	70.40	-82.75	0	1.510000	0.198000	-0.155000	0	1.330000	0.063000	-0.053000	0	0.4100	0.0370	-0.0380	0					4.200000	0.081000	-0.086000	0
30445	1	5203.00	56.47	-72.86	0	0.800000	0.023000	-0.023000	0	0.850000	0.032000	-0.040000	0	-0.0200	0.1080	-0.1090	0					4.560000	0.021000	-0.025000	0
30458	1	6096.00	46.96	-44.44	0	2.560000	0.267000	-0.299000	0	1.640000	0.071000	-0.096000	0	0.3800	0.0520	-0.0530	0					3.840000	0.082000	-0.067000	0
30471	1	5382.00	50.10	-59.39	0	0.930000	0.286000	-0.091000	0	0.880000	0.044000	-0.036000	0	0.0400	0.1050	-0.1230	0					4.430000	0.107000	-0.200000	0
30482	1	5896.00	76.96	-59.62	0	1.290000	0.256000	-0.179000	0	1.140000	0.085000	-0.057000	0	0.2300	0.0780	-0.0730	0					4.270000	0.122000	-0.130000	0
30498	1	5653.00	72.44	-62.83	0	0.940000	0.030000	-0.025000	0	1.010000	0.030000	-0.029000	0	0.1500	0.0780	-0.0840	0					4.500000	0.018000	-0.022000	0
30502	1	5713.00	81.57	-83.52	0	1.130000	0.192000	-0.141000	0	1.020000	0.049000	-0.041000	0	0.1500	0.0940	-0.0910	0					4.330000	0.122000	-0.120000	0
30516	1	6570.00	133.26	-201.09	0	1.660000	0.743000	-0.321000	0	1.400000	0.229000	-0.157000	0	0.0600	0.1300	-0.1380	0					4.140000	0.147000	-0.247000	0
30526	1	4908.00	45.26	-47.77	0	2.520000	0.081000	-0.065000	0	1.000000	0.066000	-0.041000	0	0.1300	0.0780	-0.1110	0					3.640000	0.011000	-0.011000	0
30537	1	6747.00	156.03	-238.58	0	1.810000	0.668000	-0.349000	0	1.490000	0.221000	-0.165000	0	0.0800	0.1400	-0.1490	0					4.090000	0.145000	-0.213000	0
30554	1	6170.00	144.24	-162.10	0	1.210000	0.363000	-0.163000	0	1.130000	0.144000	-0.087000	0	-0.0100	0.1270	-0.1890	0					4.330000	0.100000	-0.193000	0
30562	1	5634.00	117.96	-139.42	0	0.910000	0.133000	-0.078000	0	0.930000	0.057000	-0.061000	0	-0.0700	0.1620	-0.1920	0					4.490000	0.059000	-0.123000	0
30568	1	6020.00	81.21	-72.51	0	1.070000	0.130000	-0.092000	0	1.030000	0.055000	-0.054000	0	-0.1400	0.1170	-0.1200	0					4.390000	0.074000	-0.097000	0
30580	1	5906.74	37.53	-37.53	0	1.545710			0	1.070000			0	-0.4146	0.0358	-0.0358	0	0.41834			0	4.089190			0
30587	1	5741.00	54.98	-51.62	0	0.980000	0.033000	-0.031000	0	1.050000	0.031000	-0.027000	0	0.2100	0.0710	-0.0760	0					4.480000	0.020000	-0.023000	0
30605	1	5871.00	62.24	-54.67	0	0.940000	0.055000	-0.050000	0	0.970000	0.042000	-0.046000	0	-0.1700	0.1120	-0.1220	0					4.480000	0.034000	-0.050000	0
30613	1	6211.00	66.00	-66.00	0	1.410000	0.030000	-0.030000	0	1.250000	0.060000	-0.060000	0	0.1700	0.0600	-0.0600	0					4.232000	0.006000	-0.006000	0
30635	1	6211.00	66.00	-66.00	0	1.410000	0.030000	-0.030000	0	1.250000	0.060000	-0.060000	0	0.1700	0.0600	-0.0600	0					4.232000	0.006000	-0.006000	0
30649	1	6211.00	66.00	-66.00	0	1.410000	0.030000	-0.030000	0	1.250000	0.060000	-0.060000	0	0.1700	0.0600	-0.0600	0					4.232000	0.006000	-0.006000	0
30656	1					1.437000	0.032000	-0.027000	0	1.248000	0.018000	-0.021000	0												
30658	1	5849.00	64.94	-77.61	0	1.350000	0.232000	-0.206000	0	1.080000	0.079000	-0.047000	0	0.1300	0.0920	-0.0840	0					4.210000	0.127000	-0.115000	0
30666	1	5522.00	64.16	-54.30	0	0.870000	0.038000	-0.033000	0	0.920000	0.033000	-0.038000	0	-0.0400	0.1070	-0.1150	0					4.530000	0.027000	-0.041000	0
30680	1	5490.00	43.22	-40.88	0	0.880000	0.017000	-0.015000	0	0.970000	0.019000	-0.017000	0	0.1700	0.0560	-0.0680	0					4.540000	0.009000	-0.011000	0
30687	1	5665.00	54.97	-60.88	0	1.190000	0.173000	-0.160000	0	1.020000	0.048000	-0.038000	0	0.2300	0.0770	-0.0780	0					4.290000	0.124000	-0.109000	0
30703	1	5665.00	54.97	-60.88	0	1.190000	0.173000	-0.160000	0	1.020000	0.048000	-0.038000	0	0.2300	0.0770	-0.0780	0					4.290000	0.124000	-0.109000	0
30715	1	5865.00	93.80	-89.45	0	1.110000	0.173000	-0.111000	0	1.040000	0.048000	-0.045000	0	0.0400	0.0940	-0.0900	0					4.360000	0.091000	-0.113000	0
30727	1	6170.00	72.99	-62.57	0	1.240000	0.184000	-0.121000	0	1.150000	0.060000	-0.051000	0	0.0000	0.0920	-0.1030	0					4.310000	0.082000	-0.104000	0
30740	1	5281.00	63.29	-58.78	0	0.820000	0.054000	-0.050000	0	0.860000	0.042000	-0.045000	0	-0.0400	0.1500	-0.1720	0					4.560000	0.034000	-0.067000	0
30746	1	5550.00	166.00	-183.00	0	0.954000	0.252000	-0.079000	0	1.050000	0.075000	-0.113000	0	0.4600	0.0500	-0.3000	0					4.500000	0.046000	-0.184000	0
30750	1	5808.00	88.65	-121.47	0	1.010000	0.198000	-0.090000	0	1.010000	0.055000	-0.057000	0	0.0300	0.1380	-0.1580	0					4.440000	0.068000	-0.146000	0
30760	1	4103.00	39.35	-37.36	0	0.600000	0.017000	-0.023000	0	0.630000	0.022000	-0.027000	0	-0.0400	0.0920	-0.1040	0					4.680000	0.015000	-0.014000	0
30778	1	4870.00	49.22	-56.10	0	0.740000	0.026000	-0.035000	0	0.790000	0.034000	-0.041000	0	0.0200	0.1580	-0.1780	0					4.600000	0.019000	-0.036000	0
30784	1	5962.00	79.00	-79.00	0	0.966000	0.042000	-0.042000	0	1.038000	0.044000	-0.044000	0	-0.2000	0.1000	-0.1000	0					4.484000	0.023000	-0.023000	0
30796	1	4779.00	44.67	-49.24	0	0.710000	0.026000	-0.044000	0	0.750000	0.035000	-0.049000	0	-0.0700	0.1490	-0.1820	0					4.610000	0.025000	-0.032000	0
30808	1	4483.00	56.76	-57.11	0	0.670000	0.025000	-0.038000	0	0.700000	0.033000	-0.043000	0	-0.0500	0.1640	-0.1540	0					4.640000	0.024000	-0.026000	0
30814	1	4897.00	52.49	-59.98	0	0.740000	0.026000	-0.039000	0	0.790000	0.035000	-0.044000	0	-0.0300	0.1570	-0.1710	0					4.600000	0.022000	-0.038000	0
30823	1	5264.00	90.56	-127.67	0	0.820000	0.056000	-0.045000	0	0.860000	0.042000	-0.044000	0	0.0300	0.1470	-0.1650	0					4.550000	0.033000	-0.068000	0
30835	1	5754.00	73.56	-86.08	0	1.020000	0.261000	-0.095000	0	1.010000	0.062000	-0.050000	0	0.0700	0.1460	-0.1500	0					4.430000	0.078000	-0.184000	0
30844	1	4913.00	93.83	-86.97	0	0.740000	0.033000	-0.038000	0	0.790000	0.037000	-0.044000	0	-0.0300	0.1460	-0.1680	0					4.600000	0.023000	-0.040000	0
30856	1	5887.00	164.92	-179.03	0	1.050000	0.249000	-0.123000	0	1.030000	0.089000	-0.076000	0	0.0100	0.1360	-0.1730	0					4.410000	0.086000	-0.168000	0
30867	1	5327.00	53.04	-70.39	0	0.870000	0.072000	-0.046000	0	0.910000	0.040000	-0.038000	0	0.1500	0.1520	-0.1580	0					4.530000	0.037000	-0.087000	0
30879	1	5352.00	60.59	-60.88	0	0.820000	0.063000	-0.052000	0	0.870000	0.039000	-0.049000	0	-0.0600	0.1510	-0.1710	0					4.550000	0.034000	-0.073000	0
30885	1	6038.00	97.84	-109.18	0	1.200000	0.317000	-0.133000	0	1.150000	0.097000	-0.066000	0	0.1400	0.1470	-0.1430	0					4.340000	0.085000	-0.176000	0
30895	1	5331.00	63.00	-63.00	0	0.778000	0.031000	-0.031000	0	0.865000	0.034000	-0.034000	0	-0.2000	0.1000	-0.1000	0					4.594000	0.022000	-0.022000	0
30908	1	5709.00	89.42	-134.39	0	0.990000	0.221000	-0.091000	0	0.990000	0.054000	-0.057000	0	0.0700	0.1390	-0.1490	0					4.440000	0.073000	-0.166000	0
30915	1	5624.00	74.83	-91.38	0	0.950000	0.172000	-0.065000	0	0.970000	0.047000	-0.040000	0	0.0800	0.1450	-0.1370	0					4.470000	0.054000	-0.148000	0
30925	1	5627.00	75.47	-79.72	0	0.920000	0.114000	-0.062000	0	0.950000	0.044000	-0.054000	0	-0.0100	0.1490	-0.1850	0					4.500000	0.047000	-0.114000	0
30942	1	5355.00	60.40	-71.68	0	0.840000	0.068000	-0.053000	0	0.880000	0.038000	-0.048000	0	0.0000	0.1490	-0.1710	0					4.540000	0.038000	-0.085000	0
30945	1	4192.00	40.95	-42.83	0	0.570000	0.027000	-0.024000	0	0.600000	0.036000	-0.035000	0	-0.2700	0.1430	-0.1380	0					4.690000	0.015000	-0.016000	0
30959	1	4945.00	69.87	-70.99	0	0.750000	0.032000	-0.043000	0	0.790000	0.036000	-0.045000	0	-0.0500	0.1470	-0.1770	0					4.600000	0.025000	-0.042000	0
30968	1	3701.00	39.31	-40.14	0	0.490000	0.022000	-0.026000	0	0.510000	0.022000	-0.028000	0	-0.0200	0.0870	-0.0870	0					4.770000	0.025000	-0.021000	0
30975	1	5723.00	68.82	-87.95	0	0.990000	0.215000	-0.077000	0	1.000000	0.046000	-0.054000	0	0.0600	0.1430	-0.1630	0					4.450000	0.062000	-0.162000	0
30993	1	5520.00	72.95	-108.11	0	0.910000	0.117000	-0.057000	0	0.940000	0.043000	-0.047000	0	0.0700	0.1570	-0.1500	0					4.500000	0.048000	-0.116000	0
30996	1	5403.00	97.13	-105.75	0	0.840000	0.074000	-0.062000	0	0.870000	0.047000	-0.054000	0	-0.0900	0.1610	-0.1850	0					4.540000	0.042000	-0.088000	0
31010	1	5847.00	75.00	-75.00	0	1.256400	0.008400	-0.008400	0	1.057000	0.022000	-0.020000	0	0.1100	0.0600	-0.0600	0								
31036	1	5847.00	75.00	-75.00	0	1.256400	0.008400	-0.008400	0	1.057000	0.022000	-0.020000	0	0.1100	0.0600	-0.0600	0								
31043	1	5847.00	75.00	-75.00	0	1.256400	0.008400	-0.008400	0	1.057000	0.022000	-0.020000	0	0.1100	0.0600	-0.0600	0								
31045	1	5847.00	75.00	-75.00	0	1.256400	0.008400	-0.008400	0	1.057000	0.022000	-0.020000	0	0.1100	0.0600	-0.0600	0								
31054	1	5890.00	77.37	-99.20	0	1.110000	0.375000	-0.114000	0	1.080000	0.099000	-0.057000	0	0.1300	0.1520	-0.1460	0					4.380000	0.082000	-0.222000	0
31065	1	5021.00	63.80	-62.09	0	0.760000	0.033000	-0.039000	0	0.800000	0.037000	-0.046000	0	-0.0400	0.1510	-0.1640	0					4.580000	0.027000	-0.044000	0
31066	1	5559.00	84.63	-82.16	0	0.890000	0.093000	-0.059000	0	0.920000	0.043000	-0.052000	0	-0.0500	0.1430	-0.1720	0					4.510000	0.043000	-0.098000	0
31082	1	5703.00	140.91	-149.37	0	0.950000	0.159000	-0.083000	0	0.960000	0.061000	-0.060000	0	-0.0300	0.1440	-0.1810	0					4.470000	0.064000	-0.132000	0
31091	1	5493.00	123.67	-118.74	0	0.860000	0.076000	-0.069000	0	0.890000	0.055000	-0.064000	0	-0.1100	0.1610	-0.1940	0					4.530000	0.048000	-0.088000	0
31105	1	5963.00	94.44	-126.15	0	1.160000	0.335000	-0.131000	0	1.110000	0.110000	-0.070000	0	0.1500	0.1450	-0.1540	0					4.360000	0.088000	-0.188000	0
31111	1	5649.00	155.14	-112.79	0	0.920000	0.149000	-0.076000	0	0.940000	0.056000	-0.061000	0	-0.0700	0.1520	-0.1840	0					4.490000	0.060000	-0.128000	0
31126	1	4841.00	93.00	-63.99	0	0.730000	0.029000	-0.038000	0	0.770000	0.036000	-0.039000	0	-0.0400	0.1440	-0.1600	0					4.600000	0.025000	-0.037000	0
31131	1	5715.00	152.52	-199.21	0	0.960000	0.173000	-0.093000	0	0.980000	0.066000	-0.068000	0	0.0200	0.1330	-0.1670	0					4.470000	0.063000	-0.140000	0
31140	1	5518.00	122.70	-162.69	0	0.880000	0.101000	-0.067000	0	0.910000	0.053000	-0.056000	0	-0.0100	0.1440	-0.1840	0					4.510000	0.050000	-0.099000	0
31151	1	5638.00	168.00	-168.00	0	0.930000	0.180000	-0.120000	0	0.810000	0.090000	-0.081000	0	-0.2900	0.1500	-0.1500	0	-0.09700	0.16500	-0.14000	0	4.400000	0.150000	-0.150000	0
31161	1	5638.00	168.00	-168.00	0	0.930000	0.180000	-0.120000	0	0.810000	0.090000	-0.081000	0	-0.2900	0.1500	-0.1500	0	-0.09700	0.16500	-0.14000	0	4.400000	0.150000	-0.150000	0
31178	1	5913.00	87.61	-115.89	0	1.160000	0.356000	-0.143000	0	1.110000	0.105000	-0.063000	0	0.1900	0.1340	-0.1520	0					4.350000	0.098000	-0.205000	0
31189	1	3715.00	37.37	-36.77	0	0.500000	0.017000	-0.020000	0	0.530000	0.020000	-0.021000	0	0.0400	0.0800	-0.0770	0					4.760000	0.018000	-0.017000	0
31196	1	5440.00	157.76	-162.00	0	0.860000	0.097000	-0.061000	0	0.900000	0.053000	-0.054000	0	-0.0100	0.1400	-0.1720	0					4.530000	0.045000	-0.098000	0
31207	1	4881.00	78.78	-77.41	0	0.720000	0.035000	-0.044000	0	0.760000	0.039000	-0.051000	0	-0.1000	0.1670	-0.1810	0					4.610000	0.028000	-0.037000	0
31218	1	5700.00	110.52	-116.69	0	0.950000	0.137000	-0.070000	0	0.970000	0.053000	-0.057000	0	0.0000	0.1340	-0.1660	0					4.470000	0.053000	-0.122000	0
31227	1	5181.00	199.46	-197.86	0	0.800000	0.062000	-0.048000	0	0.840000	0.052000	-0.048000	0	-0.0100	0.1490	-0.1620	0					4.570000	0.036000	-0.062000	0
31236	1	5903.00	106.82	-160.15	0	1.080000	0.286000	-0.123000	0	1.060000	0.083000	-0.075000	0	0.0700	0.1480	-0.1670	0					4.390000	0.086000	-0.184000	0
31247	1	5513.00	113.01	-134.25	0	0.880000	0.116000	-0.065000	0	0.920000	0.050000	-0.056000	0	-0.0100	0.1370	-0.1900	0					4.520000	0.048000	-0.117000	0
31253	1	5612.00	128.36	-116.05	0	0.910000	0.110000	-0.068000	0	0.940000	0.051000	-0.057000	0	-0.0300	0.1420	-0.1810	0					4.500000	0.051000	-0.106000	0
31269	1	5933.00	44.00	-44.00	0	1.966000	0.013000	-0.013000	0	1.359000	0.031000	-0.031000	0	0.1100	0.0300	-0.0300	0					3.980000	0.100000	-0.100000	0
31286	1	5692.00	77.65	-115.63	0	0.960000	0.146000	-0.074000	0	0.980000	0.044000	-0.047000	0	0.0400	0.1350	-0.1530	0					4.470000	0.058000	-0.126000	0
31293	1	5343.00	73.58	-88.55	0	0.840000	0.065000	-0.048000	0	0.880000	0.040000	-0.046000	0	0.0000	0.1490	-0.1720	0					4.540000	0.036000	-0.079000	0
31308	1	5419.00	122.25	-143.80	0	0.860000	0.079000	-0.053000	0	0.900000	0.047000	-0.049000	0	0.0000	0.1430	-0.1610	0					4.530000	0.041000	-0.083000	0
31320	1	6185.00	197.61	-248.39	0	1.270000	0.574000	-0.215000	0	1.180000	0.198000	-0.122000	0	0.0500	0.1390	-0.1470	0					4.290000	0.126000	-0.252000	0
31321	1	5616.00	77.94	-102.76	0	0.960000	0.219000	-0.077000	0	0.970000	0.045000	-0.047000	0	0.0900	0.1420	-0.1350	0					4.460000	0.064000	-0.181000	0
31339	1	3722.00	29.96	-32.88	0	0.510000	0.015000	-0.016000	0	0.530000	0.018000	-0.018000	0	0.0700	0.0730	-0.0690	0					4.750000	0.014000	-0.013000	0
31350	1	5099.00	81.84	-69.76	0	0.760000	0.042000	-0.055000	0	0.800000	0.044000	-0.053000	0	-0.1200	0.1590	-0.2010	0					4.580000	0.036000	-0.050000	0
31351	1	5692.00	138.46	-151.78	0	0.960000	0.211000	-0.086000	0	0.970000	0.061000	-0.058000	0	0.0100	0.1280	-0.1750	0					4.470000	0.065000	-0.170000	0
31361	1	5071.00	83.59	-83.42	0	0.770000	0.042000	-0.049000	0	0.800000	0.041000	-0.050000	0	-0.0800	0.1610	-0.1840	0					4.580000	0.031000	-0.049000	0
31371	1	5611.00	156.89	-127.02	0	0.910000	0.116000	-0.071000	0	0.940000	0.057000	-0.061000	0	-0.0400	0.1440	-0.1920	0					4.500000	0.053000	-0.107000	0
31382	1	5222.00	236.98	-219.60	0	0.800000	0.080000	-0.058000	0	0.840000	0.064000	-0.055000	0	-0.0400	0.1580	-0.1760	0					4.560000	0.041000	-0.070000	0
31401	1	5148.00	83.48	-78.09	0	0.780000	0.022000	-0.023000	0	0.840000	0.031000	-0.036000	0	-0.0300	0.1060	-0.1050	0					4.580000	0.016000	-0.019000	0
31410	1	5148.00	83.48	-78.09	0	0.780000	0.022000	-0.023000	0	0.840000	0.031000	-0.036000	0	-0.0300	0.1060	-0.1050	0					4.580000	0.016000	-0.019000	0
31421	1	5785.00	265.49	-233.97	0	0.990000	0.195000	-0.115000	0	0.980000	0.111000	-0.077000	0	-0.0300	0.1480	-0.1810	0					4.440000	0.089000	-0.129000	0
31426	1	5995.00	106.70	-117.06	0	1.120000	0.288000	-0.117000	0	1.090000	0.081000	-0.066000	0	0.0400	0.1390	-0.1570	0					4.370000	0.080000	-0.178000	0
31442	1	5871.00	99.55	-97.10	0	1.040000	0.228000	-0.095000	0	1.040000	0.060000	-0.059000	0	0.0200	0.1250	-0.1640	0					4.420000	0.072000	-0.161000	0
31443	1	5099.00	52.72	-72.75	0	0.780000	0.041000	-0.040000	0	0.830000	0.036000	-0.042000	0	0.0000	0.1590	-0.1670	0					4.580000	0.027000	-0.054000	0
31460	1	5012.00	122.00	-122.00	0	0.742183			0	0.830000			0					-0.50424			0	4.616120			0
31465	1	5485.00	120.85	-81.84	0	0.850000	0.087000	-0.061000	0	0.880000	0.051000	-0.054000	0	-0.1200	0.1550	-0.1740	0					4.530000	0.046000	-0.097000	0
31474	1	6191.00	307.31	-307.12	0	1.300000	0.547000	-0.245000	0	1.180000	0.234000	-0.139000	0	0.0600	0.1350	-0.1350	0					4.280000	0.137000	-0.229000	0
31486	1	5777.00	199.43	-220.79	0	0.980000	0.210000	-0.103000	0	0.990000	0.080000	-0.070000	0	-0.0200	0.1350	-0.1760	0					4.450000	0.075000	-0.154000	0
31499	1	5618.00	328.49	-250.53	0	0.920000	0.176000	-0.087000	0	0.950000	0.111000	-0.068000	0	0.0000	0.1440	-0.1770	0					4.490000	0.065000	-0.119000	0
31507	1	5075.00	53.60	-56.09	0	0.780000	0.037000	-0.037000	0	0.820000	0.036000	-0.042000	0	-0.0100	0.1560	-0.1550	0					4.580000	0.025000	-0.050000	0
31516	1	5863.00	103.52	-131.89	0	1.050000	0.280000	-0.113000	0	1.030000	0.072000	-0.067000	0	0.0200	0.1390	-0.1710	0					4.410000	0.086000	-0.183000	0
31520	1	5863.00	103.52	-131.89	0	1.050000	0.280000	-0.113000	0	1.030000	0.072000	-0.067000	0	0.0200	0.1390	-0.1710	0					4.410000	0.086000	-0.183000	0
31534	1	5539.00	75.49	-85.21	0	0.890000	0.115000	-0.058000	0	0.920000	0.043000	-0.046000	0	0.0000	0.1360	-0.1780	0					4.510000	0.047000	-0.115000	0
31542	1	5437.00	176.17	-122.72	0	0.860000	0.103000	-0.059000	0	0.900000	0.055000	-0.053000	0	-0.0200	0.1360	-0.1740	0					4.530000	0.045000	-0.101000	0
31550	1	5395.00	64.00	-64.00	0	0.880000	0.050000	-0.030000	0	0.950000	0.010000	-0.010000	0												
31560	1	5395.00	64.00	-64.00	0	0.880000	0.050000	-0.030000	0	0.950000	0.010000	-0.010000	0												
31561	1	5452.00	122.89	-94.31	0	0.850000	0.083000	-0.065000	0	0.880000	0.049000	-0.053000	0	-0.0900	0.1570	-0.1700	0					4.530000	0.048000	-0.093000	0
31572	1	5441.00	107.87	-157.44	0	0.860000	0.095000	-0.064000	0	0.890000	0.047000	-0.056000	0	-0.0100	0.1460	-0.1880	0					4.530000	0.045000	-0.102000	0
31581	1	5660.00	133.10	-108.40	0	0.930000	0.124000	-0.071000	0	0.950000	0.055000	-0.057000	0	-0.0300	0.1430	-0.1860	0					4.490000	0.053000	-0.107000	0
31593	1	5633.00	71.02	-56.34	0	0.910000	0.107000	-0.063000	0	0.940000	0.040000	-0.056000	0	-0.0500	0.1370	-0.1950	0					4.500000	0.048000	-0.110000	0
31601	1	5620.00	55.00	-59.00	0	1.411000	0.049000	-0.051000	0	1.047000	0.072000	-0.054000	0	0.2100	0.0140	-0.0140	0					4.162000	0.032000	-0.028000	0
31613	1	5620.00	55.00	-59.00	0	1.411000	0.049000	-0.051000	0	1.047000	0.072000	-0.054000	0	0.2100	0.0140	-0.0140	0					4.162000	0.032000	-0.028000	0
31616	1	5849.00	200.38	-139.51	0	1.060000	0.243000	-0.116000	0	1.030000	0.092000	-0.061000	0	0.0400	0.1320	-0.1540	0					4.410000	0.084000	-0.169000	0
31635	1	3631.00	35.05	-37.03	0	0.460000	0.025000	-0.034000	0	0.490000	0.025000	-0.034000	0	-0.0100	0.0860	-0.0860	0					4.790000	0.035000	-0.025000	0
31642	1	3631.00	35.05	-37.03	0	0.460000	0.025000	-0.034000	0	0.490000	0.025000	-0.034000	0	-0.0100	0.0860	-0.0860	0					4.790000	0.035000	-0.025000	0
31649	1	5418.00	89.83	-94.34	0	0.860000	0.076000	-0.051000	0	0.900000	0.042000	-0.046000	0	0.0100	0.1400	-0.1600	0					4.530000	0.038000	-0.087000	0
31656	1	5326.00	51.69	-44.60	0	0.780000	0.030000	-0.028000	0	0.850000	0.033000	-0.038000	0	-0.1700	0.1100	-0.1100	0					4.590000	0.018000	-0.023000	0
31667	1	5107.00	42.91	-45.51	0	0.800000	0.040000	-0.028000	0	0.850000	0.033000	-0.038000	0	0.0700	0.1440	-0.1530	0					4.570000	0.023000	-0.053000	0
31683	1	5217.00	50.31	-50.86	0	0.810000	0.047000	-0.042000	0	0.860000	0.041000	-0.046000	0	0.0300	0.1740	-0.1840	0					4.560000	0.029000	-0.058000	0
31691	1	3813.00	40.13	-38.49	0	0.480000	0.026000	-0.024000	0	0.510000	0.026000	-0.027000	0	-0.2400	0.0870	-0.0810	0					4.770000	0.023000	-0.024000	0
31701	1	5327.00	66.34	-61.93	0	0.820000	0.058000	-0.052000	0	0.860000	0.042000	-0.049000	0	-0.0900	0.1460	-0.1720	0					4.550000	0.037000	-0.073000	0
31712	1	5601.00	89.95	-87.84	0	0.900000	0.114000	-0.067000	0	0.930000	0.048000	-0.059000	0	-0.0800	0.1590	-0.1900	0					4.510000	0.049000	-0.112000	0
31720	1	6000.00	100.00	-100.00	0	1.120000	0.040000	-0.040000	0	1.180000	0.040000	-0.040000	0	0.4200	0.1100	-0.1100	0					4.440000	0.010000	-0.010000	0
31733	1	5438.00	62.55	-80.55	0	0.870000	0.099000	-0.052000	0	0.910000	0.040000	-0.043000	0	0.0300	0.1350	-0.1630	0					4.520000	0.042000	-0.111000	0
31743	1	6129.00	80.64	-111.81	0	1.240000	0.421000	-0.147000	0	1.160000	0.129000	-0.078000	0	0.0700	0.1370	-0.1350	0					4.310000	0.094000	-0.208000	0
31757	1	4642.00	41.76	-44.03	0	0.710000	0.023000	-0.027000	0	0.760000	0.029000	-0.039000	0	0.0700	0.1570	-0.1830	0					4.620000	0.012000	-0.025000	0
31766	1	5486.00	77.47	-78.82	0	0.850000	0.019000	-0.020000	0	0.940000	0.025000	-0.032000	0	0.0100	0.0930	-0.0950	0					4.550000	0.010000	-0.012000	0
31775	1	5594.00	84.04	-77.39	0	0.930000	0.064000	-0.048000	0	0.940000	0.040000	-0.037000	0	0.0000	0.1030	-0.1060	0					4.480000	0.047000	-0.065000	0
31788	1	5849.00	106.52	-158.12	0	1.040000	0.278000	-0.104000	0	1.040000	0.069000	-0.065000	0	0.0600	0.1320	-0.1580	0					4.420000	0.073000	-0.187000	0
31799	1	5418.00	87.09	-89.83	0	0.930000	0.101000	-0.069000	0	0.910000	0.039000	-0.033000	0	0.0900	0.0960	-0.0930	0					4.460000	0.080000	-0.090000	0
31808	1	5096.00	70.39	-92.77	0	0.780000	0.042000	-0.042000	0	0.820000	0.039000	-0.048000	0	-0.0300	0.1660	-0.1680	0					4.580000	0.028000	-0.054000	0
31818	1	5934.00	95.16	-141.93	0	1.100000	0.283000	-0.122000	0	1.070000	0.090000	-0.071000	0	0.0800	0.1420	-0.1650	0					4.380000	0.086000	-0.170000	0
31823	1	5009.00	218.03	-165.40	0	0.750000	0.056000	-0.055000	0	0.790000	0.055000	-0.054000	0	-0.1100	0.1670	-0.1900	0					4.590000	0.034000	-0.053000	0
31841	1	5200.00	100.00	-100.00	0	0.890000	0.020000	-0.020000	0	0.910000	0.040000	-0.040000	0	0.3000	0.1200	-0.1200	0					4.500000	0.020000	-0.020000	0
31844	1	6160.00	90.96	-121.55	0	1.230000	0.425000	-0.158000	0	1.150000	0.142000	-0.084000	0	0.0300	0.1300	-0.1610	0					4.320000	0.100000	-0.205000	0
31855	1	6160.00	90.96	-121.55	0	1.230000	0.425000	-0.158000	0	1.150000	0.142000	-0.084000	0	0.0300	0.1300	-0.1610	0					4.320000	0.100000	-0.205000	0
31866	1	5387.00	131.81	-138.29	0	0.840000	0.076000	-0.058000	0	0.870000	0.049000	-0.057000	0	-0.0600	0.1560	-0.1830	0					4.540000	0.041000	-0.080000	0
31882	1	5373.00	161.73	-107.25	0	0.830000	0.071000	-0.056000	0	0.870000	0.054000	-0.056000	0	-0.0800	0.1640	-0.1740	0					4.540000	0.042000	-0.076000	0
31885	1	4346.00	51.36	-39.68	0	0.650000	0.018000	-0.022000	0	0.680000	0.025000	-0.029000	0	-0.0300	0.1200	-0.0930	0					4.650000	0.014000	-0.019000	0
31899	1	5935.00	126.07	-181.97	0	1.080000	0.258000	-0.120000	0	1.060000	0.084000	-0.077000	0	0.0500	0.1300	-0.1610	0					4.390000	0.087000	-0.164000	0
31912	1	5043.00	89.62	-83.54	0	0.770000	0.022000	-0.021000	0	0.820000	0.032000	-0.039000	0	-0.0100	0.1000	-0.1080	0					4.580000	0.017000	-0.021000	0
31917	1	5043.00	89.62	-83.54	0	0.770000	0.022000	-0.021000	0	0.820000	0.032000	-0.039000	0	-0.0100	0.1000	-0.1080	0					4.580000	0.017000	-0.021000	0
31926	1	5282.00	97.87	-62.48	0	0.790000	0.057000	-0.066000	0	0.820000	0.055000	-0.059000	0	-0.1900	0.1800	-0.2110	0					4.570000	0.046000	-0.064000	0
31938	1	6014.00	221.13	-288.93	0	1.130000	0.380000	-0.182000	0	1.080000	0.143000	-0.110000	0	0.0200	0.1290	-0.1640	0					4.370000	0.115000	-0.205000	0
31945	1	6228.00	72.21	-60.59	0	1.420000	0.313000	-0.225000	0	1.160000	0.122000	-0.082000	0	-0.1000	0.1200	-0.1320	0					4.190000	0.133000	-0.133000	0
31959	1	6228.00	72.21	-60.59	0	1.420000	0.313000	-0.225000	0	1.160000	0.122000	-0.082000	0	-0.1000	0.1200	-0.1320	0					4.190000	0.133000	-0.133000	0
31966	1	6228.00	72.21	-60.59	0	1.420000	0.313000	-0.225000	0	1.160000	0.122000	-0.082000	0	-0.1000	0.1200	-0.1320	0					4.190000	0.133000	-0.133000	0
31978	1	6228.00	72.21	-60.59	0	1.420000	0.313000	-0.225000	0	1.160000	0.122000	-0.082000	0	-0.1000	0.1200	-0.1320	0					4.190000	0.133000	-0.133000	0
31985	1	5860.00	94.60	-133.91	0	1.040000	0.224000	-0.094000	0	1.040000	0.061000	-0.063000	0	0.0600	0.1440	-0.1610	0					4.420000	0.069000	-0.153000	0
31996	1	6409.00	95.00	-95.00	0	1.320000	0.080000	-0.080000	0	1.200000	0.200000	-0.200000	0	-0.1000	0.2000	-0.2000	0					4.200000	0.300000	-0.300000	0
32008	1	5322.00	65.68	-81.73	0	0.850000	0.072000	-0.044000	0	0.890000	0.038000	-0.042000	0	0.0800	0.1470	-0.1660	0					4.540000	0.036000	-0.083000	0
32019	1	5322.00	65.68	-81.73	0	0.850000	0.072000	-0.044000	0	0.890000	0.038000	-0.042000	0	0.0800	0.1470	-0.1660	0					4.540000	0.036000	-0.083000	0
32033	1	5706.00	130.90	-104.39	0	0.930000	0.110000	-0.074000	0	0.950000	0.055000	-0.064000	0	-0.0900	0.1460	-0.1910	0					4.480000	0.057000	-0.100000	0
32042	1	5944.00	98.94	-123.90	0	1.080000	0.225000	-0.107000	0	1.060000	0.071000	-0.061000	0	0.0200	0.1390	-0.1620	0					4.400000	0.074000	-0.150000	0
32046	1	5166.00	75.73	-93.71	0	0.800000	0.047000	-0.037000	0	0.840000	0.038000	-0.041000	0	0.0100	0.1330	-0.1550	0					4.570000	0.027000	-0.059000	0
32055	1	4999.00	79.00	-79.00	0	0.843000	0.040000	-0.060000	0	0.800000	0.048000	-0.028000	0	0.1800	0.1500	-0.1500	0					4.490000	0.075000	-0.030000	0
32066	1	4999.00	79.00	-79.00	0	0.843000	0.040000	-0.060000	0	0.800000	0.048000	-0.028000	0	0.1800	0.1500	-0.1500	0					4.490000	0.075000	-0.030000	0
32071	1	5557.00	132.83	-102.61	0	0.890000	0.101000	-0.065000	0	0.920000	0.054000	-0.054000	0	-0.0600	0.1450	-0.1810	0					4.510000	0.049000	-0.100000	0
32086	1	5901.00	81.23	-89.97	0	1.060000	0.228000	-0.095000	0	1.050000	0.058000	-0.056000	0	0.0400	0.1450	-0.1540	0					4.410000	0.071000	-0.159000	0
32095	1	5992.00	95.54	-140.96	0	1.150000	0.313000	-0.133000	0	1.100000	0.088000	-0.072000	0	0.0900	0.1480	-0.1470	0					4.360000	0.092000	-0.182000	0
32099	1	5694.00	163.45	-124.14	0	0.940000	0.120000	-0.077000	0	0.960000	0.063000	-0.058000	0	-0.0500	0.1430	-0.1980	0					4.480000	0.056000	-0.108000	0
32110	1	5108.00	177.47	-165.03	0	0.780000	0.054000	-0.046000	0	0.820000	0.046000	-0.048000	0	-0.0300	0.1530	-0.1680	0					4.580000	0.032000	-0.055000	0
32116	1	6186.00	127.24	-184.13	0	1.280000	0.549000	-0.188000	0	1.190000	0.172000	-0.106000	0	0.0600	0.1310	-0.1400	0					4.300000	0.107000	-0.251000	0
32130	1	6186.00	127.24	-184.13	0	1.280000	0.549000	-0.188000	0	1.190000	0.172000	-0.106000	0	0.0600	0.1310	-0.1400	0					4.300000	0.107000	-0.251000	0
32135	1	5520.00	60.00	-60.00	0	0.990000	0.020000	-0.020000	0	0.950000	0.040000	-0.040000	0	0.2000	0.0500	-0.0500	0					4.420000	0.010000	-0.010000	0
32150	1	5598.00	127.60	-124.54	0	0.920000	0.123000	-0.066000	0	0.940000	0.053000	-0.057000	0	-0.0100	0.1350	-0.1790	0					4.490000	0.056000	-0.114000	0
32162	1	5598.00	127.60	-124.54	0	0.920000	0.123000	-0.066000	0	0.940000	0.053000	-0.057000	0	-0.0100	0.1350	-0.1790	0					4.490000	0.056000	-0.114000	0
32172	1	5598.00	127.60	-124.54	0	0.920000	0.123000	-0.066000	0	0.940000	0.053000	-0.057000	0	-0.0100	0.1350	-0.1790	0					4.490000	0.056000	-0.114000	0
32180	1	5906.00	145.88	-193.81	0	1.050000	0.179000	-0.113000	0	1.030000	0.081000	-0.073000	0	0.0100	0.1350	-0.1690	0					4.420000	0.077000	-0.128000	0
32191	1	5714.00	67.61	-85.03	0	1.110000	0.221000	-0.147000	0	0.980000	0.041000	-0.042000	0	0.0300	0.0810	-0.0960	0					4.330000	0.124000	-0.143000	0
32202	1	5850.00	76.73	-65.30	0	1.010000	0.053000	-0.044000	0	1.040000	0.035000	-0.034000	0	0.0500	0.0880	-0.0860	0					4.450000	0.033000	-0.042000	0
32211	1	6403.00	86.23	-76.70	0	2.420000	0.339000	-0.408000	0	1.570000	0.113000	-0.136000	0	0.0400	0.0760	-0.0430	0					3.870000	0.123000	-0.090000	0
32226	1	5468.00	67.97	-70.49	0	0.840000	0.020000	-0.024000	0	0.920000	0.029000	-0.031000	0	-0.0400	0.1030	-0.1000	0					4.560000	0.012000	-0.011000	0
32231	1	5071.00	57.15	-86.62	0	0.780000	0.039000	-0.035000	0	0.830000	0.036000	-0.041000	0	0.0500	0.1570	-0.1640	0					4.580000	0.024000	-0.050000	0
32240	1	4043.00	36.21	-34.40	0	0.560000	0.020000	-0.021000	0	0.580000	0.024000	-0.029000	0	-0.1700	0.0910	-0.1110	0					4.710000	0.015000	-0.014000	0
32255	1	5102.00	71.96	-62.12	0	0.770000	0.040000	-0.051000	0	0.810000	0.042000	-0.049000	0	-0.0900	0.1470	-0.1860	0					4.580000	0.032000	-0.053000	0
32262	1	3804.00	35.65	-34.03	0	0.440000	0.027000	-0.028000	0	0.460000	0.026000	-0.026000	0	-0.4300	0.0820	-0.0860	0					4.810000	0.032000	-0.030000	0
32272	1	5058.00	50.00	-50.00	0	0.747500	0.007700	-0.007800	0	0.779000	0.032000	-0.046000	0	-0.1800	0.0800	-0.0800	0								
32279	1	5769.00	62.55	-57.06	0	1.020000	0.099000	-0.062000	0	1.010000	0.032000	-0.033000	0	0.0500	0.0890	-0.0920	0					4.420000	0.060000	-0.080000	0
32284	1	5162.00	64.88	-64.49	0	0.780000	0.045000	-0.056000	0	0.810000	0.043000	-0.051000	0	-0.1000	0.1510	-0.1990	0					4.580000	0.034000	-0.060000	0
32299	1	5867.00	70.10	-61.94	0	1.010000	0.128000	-0.087000	0	0.980000	0.051000	-0.052000	0	-0.1400	0.1270	-0.1250	0					4.420000	0.078000	-0.105000	0
32313	1	5521.00	66.78	-52.89	0	0.890000	0.044000	-0.033000	0	0.930000	0.031000	-0.036000	0	0.0100	0.1020	-0.1030	0					4.510000	0.030000	-0.049000	0
32314	1	5411.49	35.87	-35.87	0	0.872088			0	0.940000			0	-0.0300	0.0340	-0.0340	0	-0.23092			0	4.530070			0
32330	1	5674.00	74.62	-83.91	0	1.320000	0.282000	-0.257000	0	1.000000	0.067000	-0.049000	0	0.0700	0.0880	-0.0620	0					4.190000	0.175000	-0.138000	0
32337	1	5676.00	115.00	-104.00	0	1.487000	0.229000	-0.344000	0	1.016000	0.093000	-0.084000	0	0.1000	0.1500	-0.1500	0					4.100000	0.203000	-0.087000	0
32353	1	4739.00	115.49	-69.98	0	0.710000	0.024000	-0.029000	0	0.770000	0.031000	-0.038000	0	-0.0200	0.1310	-0.1330	0					4.620000	0.016000	-0.024000	0
32363	1	4838.00	59.77	-45.60	0	0.740000	0.014000	-0.013000	0	0.810000	0.021000	-0.025000	0	0.0900	0.1060	-0.1030	0					4.610000	0.007000	-0.009000	0
32374	1	4248.00	40.90	-33.57	0	0.620000	0.020000	-0.019000	0	0.650000	0.028000	-0.023000	0	-0.0900	0.1050	-0.0810	0					4.670000	0.014000	-0.013000	0
32377	1	6159.00	129.54	-186.01	0	1.230000	0.394000	-0.173000	0	1.160000	0.130000	-0.101000	0	0.0500	0.1260	-0.1550	0					4.320000	0.104000	-0.194000	0
32385	1	5870.00	204.63	-120.74	0	1.020000	0.199000	-0.108000	0	1.010000	0.090000	-0.068000	0	-0.0600	0.1380	-0.1990	0					4.420000	0.079000	-0.134000	0
32407	1	6174.00	83.00	-117.00	0	1.302000	0.026000	-0.027000	0	1.165000	0.044000	-0.045000	0	-0.0731	0.0620	-0.0085	0	0.34200	0.03400	-0.04100	0	4.274000	0.012000	-0.013000	0
32411	1	6174.00	83.00	-117.00	0	1.302000	0.026000	-0.027000	0	1.165000	0.044000	-0.045000	0	-0.0731	0.0620	-0.0085	0	0.34200	0.03400	-0.04100	0	4.274000	0.012000	-0.013000	0
32442	1	6174.00	83.00	-117.00	0	1.302000	0.026000	-0.027000	0	1.165000	0.044000	-0.045000	0	-0.0731	0.0620	-0.0085	0	0.34200	0.03400	-0.04100	0	4.274000	0.012000	-0.013000	0
32454	1	6174.00	83.00	-117.00	0	1.302000	0.026000	-0.027000	0	1.165000	0.044000	-0.045000	0	-0.0731	0.0620	-0.0085	0	0.34200	0.03400	-0.04100	0	4.274000	0.012000	-0.013000	0
32461	1	5208.00	139.26	-114.14	0	0.800000	0.051000	-0.046000	0	0.840000	0.043000	-0.048000	0	-0.0500	0.1410	-0.1650	0					4.560000	0.033000	-0.058000	0
32471	1	6383.00	218.04	-160.88	0	1.470000	0.612000	-0.251000	0	1.300000	0.208000	-0.122000	0	0.0600	0.1350	-0.1420	0					4.210000	0.125000	-0.239000	0
32481	1	5971.00	136.24	-175.96	0	1.120000	0.277000	-0.127000	0	1.090000	0.093000	-0.074000	0	0.0800	0.1440	-0.1460	0					4.380000	0.083000	-0.171000	0
32493	1	5745.00	145.41	-198.84	0	0.970000	0.198000	-0.099000	0	0.980000	0.075000	-0.069000	0	0.0000	0.1340	-0.1860	0					4.460000	0.070000	-0.153000	0
32506	1	5839.00	74.39	-64.99	0	1.380000	0.339000	-0.219000	0	1.190000	0.107000	-0.065000	0	0.3400	0.0550	-0.0530	0					4.230000	0.131000	-0.149000	0
32518	1	5631.00	83.20	-75.42	0	0.960000	0.098000	-0.068000	0	0.940000	0.039000	-0.038000	0	-0.0200	0.0970	-0.1070	0					4.450000	0.072000	-0.084000	0
32520	1	5475.00	79.05	-84.69	0	1.090000	0.302000	-0.181000	0	0.930000	0.040000	-0.036000	0	0.0900	0.0890	-0.0750	0					4.330000	0.163000	-0.195000	0
32531	1	5680.00	292.15	-205.19	0	0.950000	0.184000	-0.094000	0	0.960000	0.101000	-0.069000	0	-0.0200	0.1400	-0.1720	0					4.470000	0.075000	-0.121000	0
32547	1	6224.00	124.30	-142.87	0	1.290000	0.561000	-0.181000	0	1.190000	0.184000	-0.093000	0	0.0300	0.1280	-0.1550	0					4.290000	0.108000	-0.246000	0
32552	1	5681.00	116.48	-90.98	0	0.930000	0.115000	-0.074000	0	0.950000	0.052000	-0.059000	0	-0.0700	0.1580	-0.1900	0					4.490000	0.057000	-0.107000	0
32565	1	5588.00	83.00	-75.00	0	1.593000	0.245000	-0.368000	0	1.031000	0.094000	-0.094000	0	0.1400	0.1500	-0.1500	0					4.047000	0.203000	-0.087000	0
32578	1	6213.00	150.00	-150.00	0	1.486000	0.053000	-0.062000	0	1.213000	0.067000	-0.062000	0	-0.0550	0.0300	-0.0300	0					4.174000	0.026000	-0.026000	0
32590	1	4540.00	100.00	-100.00	0	0.678000	0.023000	-0.023000	0	0.730000	0.030000	-0.030000	0	0.0400	0.0800	-0.0800	0	-0.76955	0.07705	-0.06019	0	4.639000	0.012000	-0.012000	0
32601	1	4540.00	100.00	-100.00	0	0.678000	0.023000	-0.023000	0	0.730000	0.030000	-0.030000	0	0.0400	0.0800	-0.0800	0	-0.76955	0.07705	-0.06019	0	4.639000	0.012000	-0.012000	0
32637	1	4540.00	100.00	-100.00	0	0.678000	0.023000	-0.023000	0	0.730000	0.030000	-0.030000	0	0.0400	0.0800	-0.0800	0	-0.76955	0.07705	-0.06019	0	4.639000	0.012000	-0.012000	0
32639	1	4540.00	100.00	-100.00	0	0.678000	0.023000	-0.023000	0	0.730000	0.030000	-0.030000	0	0.0400	0.0800	-0.0800	0	-0.76955	0.07705	-0.06019	0	4.639000	0.012000	-0.012000	0
32668	1	4540.00	100.00	-100.00	0	0.678000	0.023000	-0.023000	0	0.730000	0.030000	-0.030000	0	0.0400	0.0800	-0.0800	0	-0.76955	0.07705	-0.06019	0	4.639000	0.012000	-0.012000	0
32672	1	4540.00	100.00	-100.00	0	0.678000	0.023000	-0.023000	0	0.830000	0.030000	-0.030000	0	0.0400	0.0800	-0.0800	0					4.639000	0.012000	-0.012000	0
32683	1	5315.00	60.48	-67.05	0	0.820000	0.061000	-0.058000	0	0.850000	0.045000	-0.054000	0	-0.0900	0.1580	-0.1800	0					4.550000	0.041000	-0.077000	0
32692	1	4435.00	45.95	-38.89	0	0.630000	0.025000	-0.023000	0	0.670000	0.027000	-0.026000	0	-0.1700	0.0930	-0.0940	0					4.660000	0.018000	-0.021000	0
32706	1	5507.00	61.60	-67.23	0	0.900000	0.120000	-0.054000	0	0.930000	0.040000	-0.046000	0	0.0600	0.1570	-0.1760	0					4.500000	0.046000	-0.121000	0
32713	1	5919.00	99.49	-100.93	0	1.120000	0.162000	-0.111000	0	1.050000	0.049000	-0.048000	0	0.0200	0.0850	-0.0920	0					4.360000	0.088000	-0.107000	0
32720	1	5817.00	93.12	-78.60	0	1.050000	0.126000	-0.088000	0	1.010000	0.044000	-0.041000	0	0.0000	0.0900	-0.1040	0					4.400000	0.074000	-0.095000	0
32732	1	5817.00	93.12	-78.60	0	1.050000	0.126000	-0.088000	0	1.010000	0.044000	-0.041000	0	0.0000	0.0900	-0.1040	0					4.400000	0.074000	-0.095000	0
32744	1	6112.00	55.03	-66.37	0	1.650000	0.055000	-0.050000	0	1.190000	0.074000	-0.039000	0	-0.0600	0.0820	-0.0670	0					4.080000	0.017000	-0.017000	0
32757	1	5770.00	59.80	-67.82	0	1.160000	0.338000	-0.180000	0	0.990000	0.066000	-0.055000	0	0.0000	0.0700	-0.1490	0					4.300000	0.141000	-0.187000	0
32766	1	4653.00	51.38	-57.30	0	0.710000	0.019000	-0.036000	0	0.760000	0.027000	-0.050000	0	0.0500	0.1540	-0.2070	0					4.620000	0.018000	-0.014000	0
32772	1	5734.00	78.27	-78.23	0	0.980000	0.184000	-0.078000	0	0.990000	0.043000	-0.047000	0	0.0400	0.1350	-0.1520	0					4.450000	0.062000	-0.147000	0
32795	1					0.590000	0.030000	-0.030000	0	0.640000	0.380000	-0.230000	0									4.700000	0.200000	-0.200000	0
32808	1					0.590000	0.030000	-0.030000	0	0.640000	0.380000	-0.230000	0									4.700000	0.200000	-0.200000	0
32821	1	4500.00	116.00	-116.00	0	0.595000	0.029000	-0.029000	0													4.696000	0.200000	-0.200000	0
32828	1	5803.00	75.93	-112.28	0	1.040000	0.211000	-0.094000	0	1.030000	0.058000	-0.057000	0	0.1000	0.1520	-0.1500	0					4.420000	0.072000	-0.148000	0
32840	1	5747.00	64.53	-57.04	0	1.240000	0.260000	-0.215000	0	1.010000	0.050000	-0.037000	0	0.0500	0.0800	-0.0590	0					4.250000	0.157000	-0.146000	0
32847	1	6761.00	124.82	-102.89	0	1.710000	0.644000	-0.261000	0	1.450000	0.212000	-0.136000	0	0.0200	0.1280	-0.1690	0					4.130000	0.116000	-0.215000	0
32854	1	5743.00	69.68	-59.41	0	0.930000	0.117000	-0.076000	0	0.950000	0.049000	-0.070000	0	-0.1300	0.1640	-0.1930	0					4.480000	0.054000	-0.116000	0
32863	1	6162.00	90.50	-87.42	0	1.220000	0.361000	-0.145000	0	1.150000	0.121000	-0.075000	0	0.0100	0.1290	-0.1590	0					4.330000	0.093000	-0.186000	0
32873	1	5028.00	52.57	-43.63	0	3.420000	0.090000	-0.263000	0	1.250000	0.048000	-0.189000	0	-0.0300	0.0390	-0.0260	0					3.460000	0.010000	-0.009000	0
32886	1	5286.00	54.61	-88.41	0	0.850000	0.056000	-0.045000	0	0.900000	0.040000	-0.044000	0	0.1600	0.1600	-0.1850	0					4.540000	0.036000	-0.064000	0
32901	1	5861.00	259.88	-241.24	0	1.030000	0.235000	-0.121000	0	1.030000	0.117000	-0.082000	0	0.0200	0.1390	-0.1610	0					4.420000	0.084000	-0.148000	0
32909	1	5638.00	214.12	-110.99	0	0.920000	0.142000	-0.077000	0	0.940000	0.070000	-0.061000	0	-0.0800	0.1490	-0.1810	0					4.490000	0.060000	-0.118000	0
32914	1	5279.00	165.30	-111.92	0	0.810000	0.064000	-0.048000	0	0.860000	0.046000	-0.049000	0	-0.0600	0.1490	-0.1610	0					4.550000	0.036000	-0.069000	0
32930	1					0.898000	0.042000	-0.018000	0	0.910000	0.030000	-0.030000	0												
32948	1					0.898000	0.042000	-0.018000	0	0.910000	0.030000	-0.030000	0												
32955	1	5428.00	100.00	-100.00	0	0.945000	0.140000	-0.140000	0													4.466000	0.150000	-0.150000	0
32965	1	5428.00	100.00	-100.00	0	0.945000	0.140000	-0.140000	0													4.466000	0.150000	-0.150000	0
32976	1					0.898000	0.042000	-0.018000	0	0.910000	0.030000	-0.030000	0												
32987	1	6260.00	106.61	-147.98	0	1.360000	0.595000	-0.196000	0	1.230000	0.187000	-0.095000	0	0.0900	0.1320	-0.1400	0					4.250000	0.113000	-0.248000	0
32994	1	5191.00	130.91	-100.75	0	0.800000	0.050000	-0.041000	0	0.840000	0.042000	-0.050000	0	-0.0300	0.1550	-0.1600	0					4.560000	0.031000	-0.058000	0
33002	1	5928.00	139.36	-183.56	0	1.080000	0.251000	-0.126000	0	1.060000	0.086000	-0.080000	0	0.0400	0.1370	-0.1470	0					4.400000	0.083000	-0.166000	0
33012	1	5643.00	122.30	-122.13	0	0.960000	0.184000	-0.078000	0	0.980000	0.054000	-0.051000	0	0.0600	0.1430	-0.1440	0					4.470000	0.059000	-0.149000	0
33019	1	6035.00	85.61	-120.47	0	1.220000	0.462000	-0.150000	0	1.150000	0.137000	-0.077000	0	0.1400	0.1520	-0.1410	0					4.320000	0.096000	-0.231000	0
33033	1	5976.00	247.56	-202.44	0	1.080000	0.276000	-0.152000	0	1.030000	0.122000	-0.083000	0	-0.0800	0.1530	-0.1940	0					4.390000	0.105000	-0.164000	0
33042	1	5976.00	247.56	-202.44	0	1.080000	0.276000	-0.152000	0	1.030000	0.122000	-0.083000	0	-0.0800	0.1530	-0.1940	0					4.390000	0.105000	-0.164000	0
33053	1	6079.00	90.49	-96.47	0	1.150000	0.182000	-0.129000	0	1.050000	0.069000	-0.063000	0	-0.1200	0.1210	-0.1290	0					4.340000	0.098000	-0.112000	0
33055	1	5602.00	179.40	-142.49	0	0.910000	0.113000	-0.073000	0	0.930000	0.066000	-0.061000	0	-0.0600	0.1510	-0.1810	0					4.500000	0.057000	-0.106000	0
33070	1	5039.00	50.73	-59.50	0	0.770000	0.039000	-0.040000	0	0.810000	0.037000	-0.045000	0	-0.0200	0.1640	-0.1750	0					4.580000	0.027000	-0.049000	0
33080	1	5698.00	92.85	-120.29	0	0.970000	0.198000	-0.080000	0	0.980000	0.048000	-0.055000	0	0.0300	0.1320	-0.1650	0					4.460000	0.062000	-0.162000	0
33088	1					0.610000	0.030000	-0.030000	0	0.660000	0.410000	-0.250000	0									4.690000	0.200000	-0.200000	0
33102	1					0.610000	0.030000	-0.030000	0	0.660000	0.410000	-0.250000	0									4.690000	0.200000	-0.200000	0
33126	1	4648.00	116.00	-116.00	0	0.594000	0.033000	-0.033000	0													4.718000	0.200000	-0.200000	0
33137	1	6037.00	155.85	-209.50	0	1.110000	0.312000	-0.144000	0	1.070000	0.121000	-0.088000	0	-0.0200	0.1390	-0.1780	0					4.380000	0.095000	-0.173000	0
33153	1	5732.00	74.53	-59.69	0	0.970000	0.068000	-0.049000	0	0.990000	0.036000	-0.035000	0	0.0200	0.0940	-0.0980	0					4.460000	0.044000	-0.063000	0
33159	1	5596.00	181.65	-133.14	0	0.900000	0.136000	-0.074000	0	0.920000	0.063000	-0.062000	0	-0.0800	0.1630	-0.1850	0					4.500000	0.055000	-0.120000	0
33173	1	4339.00	39.28	-37.41	0	0.620000	0.024000	-0.024000	0	0.640000	0.028000	-0.026000	0	-0.1800	0.0970	-0.1040	0					4.670000	0.018000	-0.022000	0
33182	1	4554.00	50.38	-45.20	0	0.660000	0.026000	-0.025000	0	0.700000	0.034000	-0.033000	0	-0.1300	0.1180	-0.0990	0					4.640000	0.018000	-0.018000	0
33193	1	5954.00	71.86	-70.98	0	1.110000	0.214000	-0.103000	0	1.080000	0.065000	-0.050000	0	0.0800	0.1420	-0.1430	0					4.380000	0.073000	-0.141000	0
33197	1	5895.00	74.32	-83.11	0	1.040000	0.236000	-0.097000	0	1.030000	0.060000	-0.065000	0	-0.0100	0.1360	-0.1830	0					4.410000	0.072000	-0.165000	0
33211	1	5403.00	58.96	-58.52	0	0.810000	0.069000	-0.065000	0	0.850000	0.049000	-0.060000	0	-0.1800	0.1620	-0.2040	0					4.560000	0.043000	-0.078000	0
33222	1	5770.00	68.34	-66.67	0	0.960000	0.127000	-0.077000	0	0.980000	0.049000	-0.064000	0	-0.0600	0.1520	-0.1910	0					4.460000	0.056000	-0.114000	0
33227	1	6058.00	87.66	-77.96	0	1.310000	0.207000	-0.125000	0	1.220000	0.062000	-0.049000	0	0.2900	0.0680	-0.0690	0					4.290000	0.076000	-0.109000	0
33246	1					1.430000	0.050000	-0.050000	0	1.000000	0.420000	-0.290000	0									4.130000	0.150000	-0.150000	0
33254	1					1.430000	0.050000	-0.050000	0	1.000000	0.420000	-0.290000	0									4.130000	0.150000	-0.150000	0
33263	1	6031.00	143.00	-143.00	0	1.169000	0.219000	-0.219000	0													4.323000	0.150000	-0.150000	0
33274	1	6031.00	143.00	-143.00	0	1.169000	0.219000	-0.219000	0													4.323000	0.150000	-0.150000	0
33278	1	6031.00	143.00	-143.00	0	1.169000	0.219000	-0.219000	0													4.323000	0.150000	-0.150000	0
33291	1	5324.00	58.08	-58.03	0	0.810000	0.058000	-0.055000	0	0.850000	0.042000	-0.054000	0	-0.0900	0.1700	-0.1860	0					4.560000	0.037000	-0.072000	0
33296	1	4848.00	60.94	-65.37	0	0.730000	0.027000	-0.036000	0	0.780000	0.035000	-0.041000	0	-0.0200	0.1550	-0.1650	0					4.600000	0.022000	-0.037000	0
33311	1	5830.00	106.99	-143.16	0	1.030000	0.240000	-0.097000	0	1.020000	0.063000	-0.062000	0	0.0500	0.1310	-0.1620	0					4.420000	0.072000	-0.171000	0
33322	1	4128.00	46.09	-46.95	0	0.570000	0.025000	-0.028000	0	0.590000	0.033000	-0.037000	0	-0.2400	0.1200	-0.1420	0					4.700000	0.018000	-0.016000	0
33328	1	4913.00	57.49	-57.47	0	0.750000	0.029000	-0.032000	0	0.790000	0.033000	-0.039000	0	0.0100	0.1460	-0.1590	0					4.590000	0.021000	-0.040000	0
33341	1	5579.00	69.45	-74.32	0	0.910000	0.111000	-0.060000	0	0.940000	0.038000	-0.049000	0	0.0000	0.1360	-0.1590	0					4.500000	0.048000	-0.114000	0
33352	1	4940.00	51.58	-54.72	0	0.770000	0.032000	-0.025000	0	0.830000	0.031000	-0.037000	0	0.1500	0.1480	-0.1600	0					4.580000	0.020000	-0.044000	0
33363	1	5695.00	70.35	-79.05	0	1.200000	0.183000	-0.174000	0	1.010000	0.042000	-0.040000	0	0.1500	0.0790	-0.0840	0					4.280000	0.130000	-0.110000	0
33367	1	5950.00	140.00	-130.00	0	1.822000	0.066000	-0.073000	0	1.259000	0.120000	-0.098000	0	0.1450	0.0590	-0.0580	0	0.57287	0.02810	-0.02880	0	4.016000	0.060000	-0.049000	0
33376	1	5505.20	89.40	-89.40	0	0.875000	0.021000	-0.021000	0	0.928000	0.044000	-0.044000	0												
33402	1	5505.20	89.40	-89.40	0	0.875000	0.021000	-0.021000	0	0.928000	0.044000	-0.044000	0												
33405	1	5436.00	100.00	-100.00	0	0.893000	0.130000	-0.130000	0													4.494000	0.150000	-0.150000	0
33420	1	5436.00	100.00	-100.00	0	0.893000	0.130000	-0.130000	0													4.494000	0.150000	-0.150000	0
33427	1	5932.00	89.30	-95.55	0	1.090000	0.288000	-0.119000	0	1.060000	0.067000	-0.062000	0	0.0300	0.1400	-0.1640	0					4.390000	0.082000	-0.187000	0
33442	1	5455.00	87.48	-80.92	0	0.850000	0.080000	-0.058000	0	0.890000	0.044000	-0.052000	0	-0.0700	0.1560	-0.1730	0					4.530000	0.043000	-0.088000	0
33445	1	6100.00	85.43	-84.46	0	1.160000	0.054000	-0.050000	0	1.190000	0.039000	-0.040000	0	0.2200	0.0740	-0.0680	0					4.380000	0.025000	-0.030000	0
33460	1	6350.00	60.54	-55.18	0	1.550000	0.437000	-0.245000	0	1.300000	0.139000	-0.078000	0	0.0700	0.0930	-0.0790	0					4.170000	0.130000	-0.169000	0
33467	1	5835.00	99.82	-156.07	0	1.030000	0.210000	-0.100000	0	1.030000	0.065000	-0.066000	0	0.0600	0.1460	-0.1580	0					4.420000	0.072000	-0.149000	0
33478	1	5535.00	69.55	-84.49	0	0.930000	0.125000	-0.058000	0	0.960000	0.045000	-0.039000	0	0.1200	0.1500	-0.1420	0					4.490000	0.047000	-0.119000	0
33491	1	5773.00	125.46	-173.80	0	0.990000	0.247000	-0.099000	0	0.990000	0.075000	-0.066000	0	0.0200	0.1250	-0.1750	0					4.450000	0.073000	-0.174000	0
33501	1	5653.00	74.35	-61.07	0	0.910000	0.042000	-0.037000	0	0.960000	0.035000	-0.039000	0	-0.0400	0.1060	-0.1060	0					4.500000	0.029000	-0.039000	0
33520	1	5020.00	48.72	-50.72	0	0.770000	0.034000	-0.036000	0	0.810000	0.035000	-0.045000	0	-0.0200	0.1480	-0.1710	0					4.590000	0.024000	-0.047000	0
33523	1	5836.00	75.40	-111.94	0	1.060000	0.264000	-0.106000	0	1.040000	0.065000	-0.056000	0	0.0900	0.1550	-0.1420	0					4.400000	0.083000	-0.177000	0
33536	1	5047.00	65.25	-72.90	0	0.780000	0.037000	-0.036000	0	0.820000	0.037000	-0.043000	0	0.0100	0.1530	-0.1650	0					4.580000	0.025000	-0.048000	0
33547	1	5333.00	86.45	-134.35	0	0.840000	0.071000	-0.051000	0	0.880000	0.043000	-0.046000	0	0.0400	0.1460	-0.1670	0					4.540000	0.038000	-0.082000	0
33559	1	5678.00	317.91	-195.62	0	0.950000	0.222000	-0.100000	0	0.960000	0.107000	-0.068000	0	-0.0300	0.1430	-0.1870	0					4.460000	0.080000	-0.145000	0
33569	1	5754.00	66.12	-63.35	0	1.000000	0.262000	-0.088000	0	1.000000	0.048000	-0.054000	0	0.0400	0.1360	-0.1770	0					4.440000	0.072000	-0.190000	0
33574	1	6213.00	173.00	-259.00	0	1.195000	0.351000	-0.140000	0	1.270000	0.142000	-0.156000	0	0.3600	0.1000	-0.3000	0					4.387000	0.060000	-0.192000	0
33585	1	5570.00	287.71	-208.99	0	0.920000	0.180000	-0.086000	0	0.930000	0.092000	-0.065000	0	-0.0100	0.1380	-0.1770	0					4.490000	0.066000	-0.130000	0
33594	1	5440.00	162.00	-162.00	0	0.885000	0.193000	-0.129000	0	0.782000	0.116000	-0.062000	0	-0.2400	0.3500	-0.3000	0					4.438000	0.144000	-0.192000	0
33597	1	4751.00	64.17	-70.26	0	0.710000	0.028000	-0.043000	0	0.750000	0.037000	-0.046000	0	-0.0700	0.1600	-0.1720	0					4.620000	0.026000	-0.031000	0
33606	1	5541.00	61.72	-68.57	0	0.910000	0.061000	-0.044000	0	0.920000	0.037000	-0.038000	0	-0.0200	0.0980	-0.1100	0					4.490000	0.049000	-0.060000	0
33615	1	5614.00	75.11	-68.84	0	0.890000	0.088000	-0.064000	0	0.930000	0.046000	-0.060000	0	-0.0800	0.1460	-0.1890	0					4.510000	0.041000	-0.092000	0
33626	1	5664.00	72.29	-95.26	0	0.950000	0.219000	-0.072000	0	0.970000	0.049000	-0.052000	0	0.0200	0.1290	-0.1590	0					4.470000	0.059000	-0.176000	0
33632	1	5600.00	50.00	-50.00	0	1.820000	0.040000	-0.040000	0	1.100000	0.050000	-0.050000	0	-0.1700	0.0300	-0.0300	0					3.960000	0.020000	-0.020000	0
33647	1	5600.00	50.00	-50.00	0	1.820000	0.040000	-0.040000	0	1.100000	0.050000	-0.050000	0	-0.1700	0.0300	-0.0300	0					3.960000	0.020000	-0.020000	0
33654	1	5857.00	139.18	-150.97	0	1.020000	0.185000	-0.103000	0	1.010000	0.066000	-0.062000	0	-0.0100	0.1360	-0.1670	0					4.430000	0.070000	-0.141000	0
33664	1	5993.00	107.01	-146.49	0	1.140000	0.310000	-0.126000	0	1.110000	0.089000	-0.075000	0	0.0900	0.1490	-0.1500	0					4.370000	0.084000	-0.180000	0
33680	1	5902.00	123.56	-185.00	0	1.080000	0.267000	-0.126000	0	1.050000	0.064000	-0.076000	0	0.0400	0.1300	-0.1630	0					4.400000	0.087000	-0.176000	0
33683	1	6163.00	97.06	-135.88	0	1.270000	0.533000	-0.177000	0	1.180000	0.175000	-0.088000	0	0.0700	0.1430	-0.1390	0					4.290000	0.110000	-0.238000	0
33691	1	6020.00	155.87	-210.62	0	1.130000	0.306000	-0.155000	0	1.090000	0.117000	-0.091000	0	0.0300	0.1400	-0.1700	0					4.370000	0.099000	-0.180000	0
33706	1	5958.00	259.15	-255.76	0	1.110000	0.301000	-0.162000	0	1.060000	0.131000	-0.094000	0	0.0300	0.1290	-0.1590	0					4.380000	0.106000	-0.181000	0
33717	1	5060.00	63.15	-63.75	0	0.770000	0.034000	-0.039000	0	0.810000	0.038000	-0.043000	0	-0.0300	0.1440	-0.1710	0					4.580000	0.026000	-0.048000	0
33723	1	5261.00	66.39	-67.02	0	0.810000	0.052000	-0.048000	0	0.850000	0.041000	-0.052000	0	-0.0600	0.1570	-0.1670	0					4.560000	0.033000	-0.066000	0
33736	1	5044.00	49.53	-47.72	0	0.770000	0.036000	-0.039000	0	0.810000	0.036000	-0.043000	0	-0.0300	0.1520	-0.1670	0					4.580000	0.026000	-0.048000	0
33743	1	5792.00	96.05	-120.23	0	1.020000	0.217000	-0.096000	0	1.020000	0.057000	-0.056000	0	0.0500	0.1490	-0.1550	0					4.420000	0.076000	-0.156000	0
33748	1	5456.75			0	1.022000	0.288000	-0.155000	0	0.974000	0.127000	-0.104000	0												
33750	1	5466.00	60.00	-60.00	0	0.897000	0.016000	-0.016000	0	0.990000	0.023000	-0.023000	0	0.2700	0.0600	-0.0600	0								
33752	1	6761.00	98.88	-97.72	0	1.740000	0.686000	-0.286000	0	1.460000	0.233000	-0.131000	0	0.0300	0.1230	-0.1760	0					4.120000	0.125000	-0.223000	0
33766	1	6900.00	184.00	-204.00	0	2.599000	0.523000	-0.850000	0	1.714000	0.170000	-0.316000	0	0.0000	0.2500	-0.3000	0					3.843000	0.259000	-0.111000	0
33767	1	5961.00	102.59	-115.91	0	1.090000	0.262000	-0.114000	0	1.060000	0.077000	-0.069000	0	0.0000	0.1490	-0.1810	0					4.390000	0.077000	-0.171000	0
33781	1	5476.00	141.55	-156.54	0	0.870000	0.098000	-0.061000	0	0.900000	0.051000	-0.054000	0	-0.0300	0.1400	-0.1650	0					4.520000	0.047000	-0.095000	0
33791	1	6116.00	64.67	-61.19	0	1.090000	0.096000	-0.076000	0	1.060000	0.048000	-0.047000	0	-0.1300	0.1050	-0.1100	0					4.400000	0.051000	-0.075000	0
33805	1	5715.00	62.90	-52.56	0	0.940000	0.033000	-0.028000	0	1.000000	0.028000	-0.029000	0	0.0500	0.0880	-0.0880	0					4.490000	0.021000	-0.029000	0
33815	1	6187.00	71.23	-58.44	0	1.350000	0.215000	-0.144000	0	1.210000	0.069000	-0.046000	0	0.1100	0.0830	-0.0800	0					4.260000	0.090000	-0.108000	0
33827	1	6098.00	97.10	-117.80	0	1.160000	0.317000	-0.143000	0	1.100000	0.098000	-0.081000	0	-0.0100	0.1270	-0.1910	0					4.350000	0.095000	-0.179000	0
33836	1	6194.00	62.11	-49.68	0	1.290000	0.186000	-0.117000	0	1.190000	0.052000	-0.039000	0	0.0800	0.0790	-0.0770	0					4.290000	0.077000	-0.101000	0
33842	1	6194.00	62.11	-49.68	0	1.290000	0.186000	-0.117000	0	1.190000	0.052000	-0.039000	0	0.0800	0.0790	-0.0770	0					4.290000	0.077000	-0.101000	0
33849	1	5875.00	66.36	-56.70	0	0.900000	0.029000	-0.026000	0	0.970000	0.030000	-0.030000	0	-0.2100	0.0960	-0.0980	0					4.520000	0.015000	-0.015000	0
33863	1	5961.00	75.23	-59.95	0	1.250000	0.220000	-0.141000	0	1.140000	0.065000	-0.049000	0	0.1900	0.0800	-0.0840	0					4.300000	0.099000	-0.122000	0
33875	1	5954.00	84.71	-101.27	0	1.130000	0.364000	-0.135000	0	1.090000	0.098000	-0.069000	0	0.0900	0.1520	-0.1660	0					4.370000	0.096000	-0.208000	0
33889	1	5887.00	115.84	-117.44	0	1.070000	0.243000	-0.100000	0	1.060000	0.076000	-0.056000	0	0.0900	0.1450	-0.1480	0					4.410000	0.068000	-0.164000	0
33898	1	4747.00	47.29	-45.63	0	0.720000	0.024000	-0.037000	0	0.750000	0.032000	-0.040000	0	-0.0400	0.1420	-0.1630	0					4.610000	0.021000	-0.032000	0
33905	1	5820.00	98.79	-75.60	0	0.990000	0.163000	-0.082000	0	1.000000	0.053000	-0.061000	0	-0.0300	0.1340	-0.1830	0					4.450000	0.059000	-0.129000	0
33915	1	5603.00	83.94	-60.71	0	0.850000	0.093000	-0.080000	0	0.870000	0.061000	-0.069000	0	-0.2500	0.1850	-0.2020	0					4.530000	0.054000	-0.099000	0
33921	1	4315.00	42.14	-38.65	0	0.610000	0.021000	-0.022000	0	0.650000	0.029000	-0.028000	0	-0.1600	0.0970	-0.1120	0					4.670000	0.016000	-0.015000	0
33932	1	5262.00	56.73	-52.21	0	0.810000	0.052000	-0.055000	0	0.840000	0.042000	-0.048000	0	-0.1000	0.1480	-0.1680	0					4.560000	0.039000	-0.067000	0
33941	1	5510.00	166.00	-149.00	0	0.803000	0.188000	-0.063000	0	0.877000	0.083000	-0.092000	0	-0.1600	0.3000	-0.3000	0					4.572000	0.038000	-0.152000	0
33952	1	5839.00	103.48	-143.96	0	1.040000	0.286000	-0.108000	0	1.030000	0.062000	-0.065000	0	0.0400	0.1420	-0.1560	0					4.410000	0.082000	-0.191000	0
33963	1	4223.00	42.74	-38.02	0	0.620000	0.017000	-0.020000	0	0.650000	0.026000	-0.026000	0	-0.0600	0.1150	-0.0830	0					4.660000	0.013000	-0.014000	0
33970	1	5595.00	270.58	-192.07	0	0.910000	0.152000	-0.086000	0	0.930000	0.083000	-0.065000	0	-0.0600	0.1580	-0.1780	0					4.490000	0.067000	-0.120000	0
33993	1	5774.00	60.00	-60.00	0	0.958000	0.020000	-0.020000	0	1.022000	0.029000	-0.039000	0	0.0500	0.0700	-0.0700	0	-0.03800	0.02600	-0.02700	0	4.490000	0.020000	-0.030000	0
34001	1	5774.00	60.00	-60.00	0	0.958000	0.020000	-0.020000	0	1.022000	0.029000	-0.039000	0	0.0500	0.0700	-0.0700	0	-0.03800	0.02600	-0.02700	0	4.490000	0.020000	-0.030000	0
34011	1	5777.00	61.00	-61.00	0	1.020000	0.050000	-0.050000	0	1.070000	0.050000	-0.050000	0	0.1200	0.0400	-0.0400	0					4.490000	0.090000	-0.090000	0
34018	1	6015.00	60.00	-60.00	0	1.290000	0.167000	-0.167000	0	1.120000	0.046000	-0.046000	0	0.0980	0.0400	-0.0400	0					4.270000	0.100000	-0.100000	0
34020	1	4836.00	83.81	-69.99	0	0.730000	0.030000	-0.033000	0	0.780000	0.034000	-0.041000	0	-0.0100	0.1500	-0.1670	0					4.600000	0.021000	-0.034000	0
34034	1	4184.00	52.61	-49.25	0	0.570000	0.026000	-0.024000	0	0.590000	0.036000	-0.036000	0	-0.3000	0.1380	-0.1430	0					4.700000	0.016000	-0.015000	0
34046	1	5647.00	73.28	-88.98	0	0.930000	0.119000	-0.064000	0	0.950000	0.042000	-0.051000	0	0.0000	0.1420	-0.1710	0					4.490000	0.049000	-0.114000	0
34050	1	5682.00	77.93	-110.73	0	0.970000	0.167000	-0.079000	0	0.980000	0.050000	-0.051000	0	0.0500	0.1440	-0.1560	0					4.460000	0.063000	-0.139000	0
34071	1	5682.00	77.93	-110.73	0	0.970000	0.167000	-0.079000	0	0.980000	0.050000	-0.051000	0	0.0500	0.1440	-0.1560	0					4.460000	0.063000	-0.139000	0
34079	1	6160.00	119.73	-149.12	0	1.250000	0.417000	-0.163000	0	1.160000	0.144000	-0.086000	0	0.0500	0.1290	-0.1440	0					4.310000	0.098000	-0.202000	0
34084	1	5461.00	58.65	-55.12	0	0.860000	0.017000	-0.016000	0	0.950000	0.019000	-0.025000	0	0.0900	0.0850	-0.0900	0					4.550000	0.009000	-0.011000	0
34096	1	6035.00	72.63	-62.37	0	1.020000	0.041000	-0.043000	0	1.060000	0.039000	-0.042000	0	-0.0900	0.1040	-0.1010	0					4.450000	0.024000	-0.028000	0
34106	1	6106.00	84.34	-82.33	0	1.380000	0.055000	-0.051000	0	1.080000	0.073000	-0.064000	0	-0.1500	0.1200	-0.1000	0					4.190000	0.015000	-0.016000	0
34112	1	5973.00	89.43	-95.84	0	1.120000	0.079000	-0.067000	0	1.110000	0.040000	-0.039000	0	0.1500	0.0560	-0.0630	0					4.380000	0.045000	-0.058000	0
34127	1	6154.00	62.02	-57.72	0	1.230000	0.128000	-0.083000	0	1.170000	0.042000	-0.036000	0	0.0800	0.0820	-0.0750	0					4.330000	0.058000	-0.077000	0
34145	1	4550.00	75.00	-75.00	0	6.300000	0.160000	-0.160000	0	1.310000	0.100000	-0.100000	0	0.1100	0.0700	-0.0700	0					2.953000	0.007000	-0.007000	0
34155	1	6230.00	78.42	-71.69	0	1.500000	0.033000	-0.032000	0	1.260000	0.034000	-0.032000	0	0.1200	0.0840	-0.0800	0					4.190000	0.012000	-0.012000	0
34166	1	6112.00	58.03	-62.20	0	1.990000	0.056000	-0.071000	0	1.340000	0.053000	-0.093000	0	0.0300	0.0560	-0.0330	0					3.970000	0.011000	-0.011000	0
34174	1	5998.00	277.89	-268.31	0	1.110000	0.334000	-0.169000	0	1.070000	0.151000	-0.099000	0	0.0200	0.1300	-0.1670	0					4.370000	0.109000	-0.188000	0
34186	1	4687.00	34.09	-30.74	0	0.610000	0.012000	-0.011000	0	0.630000	0.013000	-0.014000	0	-0.5200	0.0260	-0.0550	0					4.670000	0.018000	-0.026000	0
34189	1	6068.00	82.00	-82.00	0	1.797000	0.295000	-0.406000	0	1.294000	0.131000	-0.145000	0	0.1600	0.1500	-0.1000	0					4.040000	0.182000	-0.112000	0
34204	1	5877.00	74.15	-65.03	0	1.150000	0.131000	-0.091000	0	1.100000	0.048000	-0.043000	0	0.2200	0.0770	-0.0820	0					4.360000	0.068000	-0.086000	0
34213	1	6173.00	70.33	-51.89	0	1.380000	0.297000	-0.173000	0	1.210000	0.092000	-0.053000	0	0.0800	0.0840	-0.0700	0					4.240000	0.106000	-0.135000	0
34216	1	5248.00	98.84	-91.38	0	0.810000	0.050000	-0.045000	0	0.850000	0.042000	-0.047000	0	-0.0500	0.1400	-0.1670	0					4.560000	0.034000	-0.063000	0
34228	1	5418.00	120.33	-70.72	0	0.760000	0.090000	-0.059000	0	0.800000	0.068000	-0.052000	0	-0.3800	0.2110	-0.1860	0					4.580000	0.047000	-0.085000	0
34240	1	6028.00	134.42	-163.81	0	1.140000	0.261000	-0.124000	0	1.110000	0.095000	-0.071000	0	0.0600	0.1370	-0.1290	0					4.370000	0.080000	-0.164000	0
34245	1	6113.00	132.90	-172.00	0	1.210000	0.465000	-0.151000	0	1.150000	0.153000	-0.087000	0	0.0700	0.1450	-0.1330	0					4.330000	0.093000	-0.227000	0
34258	1					1.700000	0.050000	-0.050000	0	1.210000	0.080000	-0.080000	0									4.050000	0.010000	-0.010000	0
34276	1					1.700000	0.050000	-0.050000	0	1.210000	0.080000	-0.080000	0									4.050000	0.010000	-0.010000	0
34288	1	5904.34	120.45	-139.24	0	1.817190	0.126065	-0.054880	0	1.070000	0.138335	-0.130160	0	0.1381	0.0129	-0.0129	0	0.55818	0.01937	-0.01446	0	3.948650	0.077272	-0.074641	0
34300	1	5403.00	62.18	-59.44	0	0.850000	0.072000	-0.053000	0	0.890000	0.039000	-0.049000	0	0.0000	0.1470	-0.1910	0					4.540000	0.037000	-0.085000	0
34308	1	5403.00	62.18	-59.44	0	0.850000	0.072000	-0.053000	0	0.890000	0.039000	-0.049000	0	0.0000	0.1470	-0.1910	0					4.540000	0.037000	-0.085000	0
34311	1	5663.00	69.96	-61.96	0	0.910000	0.104000	-0.075000	0	0.930000	0.051000	-0.062000	0	-0.1200	0.1610	-0.1950	0					4.500000	0.051000	-0.108000	0
34324	1	5671.00	64.06	-65.37	0	0.930000	0.113000	-0.072000	0	0.950000	0.046000	-0.054000	0	-0.0500	0.1520	-0.1790	0					4.480000	0.055000	-0.110000	0
34330	1	5988.00	82.20	-64.57	0	1.260000	0.255000	-0.171000	0	1.110000	0.071000	-0.044000	0	0.0700	0.0880	-0.0810	0					4.280000	0.119000	-0.137000	0
34345	1	6167.00	124.02	-161.28	0	1.230000	0.445000	-0.180000	0	1.140000	0.152000	-0.093000	0	0.0100	0.1240	-0.1820	0					4.320000	0.110000	-0.210000	0
34351	1	4673.00	62.23	-104.92	0	0.720000	0.025000	-0.027000	0	0.770000	0.029000	-0.036000	0	0.1200	0.1420	-0.1890	0					4.620000	0.016000	-0.028000	0
34368	1	5806.00	100.39	-125.66	0	1.010000	0.248000	-0.097000	0	1.010000	0.063000	-0.062000	0	0.0300	0.1320	-0.1730	0					4.430000	0.073000	-0.173000	0
34374	1	5743.00	85.68	-106.02	0	0.990000	0.228000	-0.084000	0	0.990000	0.051000	-0.051000	0	0.0300	0.1310	-0.1600	0					4.450000	0.065000	-0.176000	0
34382	1	4700.00	57.52	-57.97	0	0.700000	0.028000	-0.045000	0	0.730000	0.039000	-0.047000	0	-0.1100	0.1710	-0.1750	0					4.620000	0.029000	-0.029000	0
34394	1	5869.00	290.44	-266.47	0	1.020000	0.245000	-0.135000	0	1.010000	0.124000	-0.089000	0	-0.0400	0.1400	-0.1830	0					4.420000	0.091000	-0.149000	0
34400	1	5669.00	75.00	-75.00	0	0.919000	0.011000	-0.011000	0	0.911000	0.033000	-0.033000	0	-0.1800	0.1000	-0.1000	0								
34418	1	5669.00	75.00	-75.00	0	0.920000	0.020000	-0.020000	0	0.910000	0.060000	-0.060000	0	-0.1800	0.1000	-0.1000	0					4.468000	0.030000	-0.030000	0
34425	1	6335.00	273.34	-258.85	0	1.400000	0.602000	-0.268000	0	1.250000	0.224000	-0.156000	0	0.0400	0.1280	-0.1560	0					4.240000	0.139000	-0.240000	0
34438	1	5241.00	223.61	-198.95	0	0.810000	0.078000	-0.050000	0	0.860000	0.055000	-0.053000	0	-0.0100	0.1490	-0.1550	0					4.550000	0.038000	-0.073000	0
34441	1	5331.00	194.78	-166.65	0	0.840000	0.074000	-0.054000	0	0.870000	0.057000	-0.052000	0	-0.0100	0.1420	-0.1570	0					4.540000	0.042000	-0.074000	0
34449	1	5346.00	65.89	-87.13	0	0.840000	0.071000	-0.051000	0	0.870000	0.041000	-0.048000	0	-0.0200	0.1530	-0.1660	0					4.540000	0.037000	-0.085000	0
34465	1	5001.00	68.25	-76.01	0	0.770000	0.035000	-0.034000	0	0.810000	0.036000	-0.039000	0	0.0100	0.1490	-0.1580	0					4.590000	0.022000	-0.046000	0
34469	1	4830.00	74.56	-87.15	0	0.730000	0.030000	-0.036000	0	0.780000	0.035000	-0.041000	0	-0.0100	0.1590	-0.1730	0					4.610000	0.022000	-0.032000	0
34481	1	5482.00	99.27	-127.57	0	0.890000	0.111000	-0.055000	0	0.920000	0.043000	-0.048000	0	0.0500	0.1370	-0.1580	0					4.510000	0.044000	-0.111000	0
34489	1	6095.00	81.71	-127.30	0	1.220000	0.422000	-0.153000	0	1.150000	0.123000	-0.081000	0	0.0800	0.1430	-0.1450	0					4.320000	0.098000	-0.217000	0
34499	1	6095.00	81.71	-127.30	0	1.220000	0.422000	-0.153000	0	1.150000	0.123000	-0.081000	0	0.0800	0.1430	-0.1450	0					4.320000	0.098000	-0.217000	0
34507	1	5533.00	95.38	-107.50	0	0.890000	0.097000	-0.060000	0	0.920000	0.046000	-0.053000	0	-0.0300	0.1480	-0.1820	0					4.510000	0.045000	-0.099000	0
34514	1	5471.00	149.70	-105.85	0	0.850000	0.090000	-0.068000	0	0.880000	0.057000	-0.061000	0	-0.1200	0.1650	-0.2010	0					4.540000	0.048000	-0.097000	0
34531	1	4781.00	98.00	-98.00	0	0.760000	0.030000	-0.030000	0	0.810000	0.060000	-0.060000	0	0.3400	0.0700	-0.0700	0					4.590000	0.040000	-0.040000	0
34539	1	4781.00	98.00	-98.00	0	0.760000	0.030000	-0.030000	0	0.810000	0.060000	-0.060000	0	0.3400	0.0700	-0.0700	0					4.590000	0.040000	-0.040000	0
34546	1	5769.00	169.66	-95.40	0	0.960000	0.125000	-0.081000	0	0.970000	0.066000	-0.065000	0	-0.0800	0.1520	-0.1990	0					4.470000	0.060000	-0.102000	0
34552	1	5539.00	154.02	-104.04	0	0.860000	0.095000	-0.076000	0	0.890000	0.059000	-0.069000	0	-0.1500	0.1770	-0.2210	0					4.530000	0.053000	-0.091000	0
34565	1	4861.00	77.85	-66.28	0	0.750000	0.016000	-0.015000	0	0.810000	0.027000	-0.029000	0	0.0900	0.0990	-0.1000	0					4.590000	0.010000	-0.014000	0
34572	1	5612.00	121.64	-101.28	0	0.910000	0.110000	-0.074000	0	0.930000	0.050000	-0.064000	0	-0.0700	0.1610	-0.1960	0					4.500000	0.052000	-0.109000	0
34581	1	5409.00	108.67	-133.24	0	0.830000	0.076000	-0.063000	0	0.860000	0.051000	-0.056000	0	-0.1100	0.1610	-0.1830	0					4.540000	0.045000	-0.085000	0
34599	1	5718.00	119.29	-104.43	0	0.970000	0.168000	-0.086000	0	0.970000	0.053000	-0.059000	0	-0.0100	0.1340	-0.1920	0					4.460000	0.065000	-0.140000	0
34607	1	5665.00	263.42	-144.77	0	0.930000	0.150000	-0.088000	0	0.940000	0.083000	-0.067000	0	-0.0900	0.1590	-0.1990	0					4.470000	0.073000	-0.117000	0
34612	1	5508.00	133.16	-129.72	0	0.870000	0.085000	-0.072000	0	0.900000	0.053000	-0.063000	0	-0.0700	0.1600	-0.1970	0					4.520000	0.050000	-0.088000	0
34622	1	5679.00	174.93	-134.32	0	0.940000	0.160000	-0.079000	0	0.960000	0.065000	-0.057000	0	-0.0200	0.1290	-0.1770	0					4.470000	0.062000	-0.128000	0
34633	1	5403.00	200.90	-208.02	0	0.860000	0.105000	-0.067000	0	0.890000	0.063000	-0.054000	0	0.0100	0.1440	-0.1610	0					4.530000	0.051000	-0.096000	0
34642	1	5211.00	181.00	-163.00	0	0.895000	0.186000	-0.129000	0	0.817000	0.104000	-0.064000	0	0.0800	0.2500	-0.3000	0					4.447000	0.120000	-0.180000	0
34657	1	5699.00	74.00	-74.00	0	1.410000	0.040000	-0.040000	0	1.080000	0.080000	-0.080000	0	0.3000	0.1000	-0.1000	0					4.171000	0.040000	-0.040000	0
34672	1	5857.00	115.89	-163.53	0	1.020000	0.171000	-0.093000	0	1.020000	0.068000	-0.064000	0	0.0200	0.1350	-0.1700	0					4.440000	0.065000	-0.127000	0
34673	1	4834.00	86.05	-91.65	0	0.730000	0.029000	-0.034000	0	0.770000	0.036000	-0.039000	0	-0.0100	0.1570	-0.1630	0					4.600000	0.022000	-0.036000	0
34685	1	5730.00	87.45	-100.17	0	0.990000	0.214000	-0.082000	0	1.000000	0.055000	-0.049000	0	0.0600	0.1360	-0.1500	0					4.450000	0.063000	-0.166000	0
34698	1	5416.00	40.78	-45.57	0	0.990000	0.086000	-0.073000	0	0.950000	0.031000	-0.032000	0	0.2600	0.0680	-0.0650	0					4.420000	0.081000	-0.073000	0
34703	1	5416.00	40.78	-45.57	0	0.990000	0.086000	-0.073000	0	0.950000	0.031000	-0.032000	0	0.2600	0.0680	-0.0650	0					4.420000	0.081000	-0.073000	0
34720	1	4990.00	61.28	-69.80	0	0.760000	0.017000	-0.018000	0	0.820000	0.024000	-0.032000	0	0.0200	0.1050	-0.1010	0					4.590000	0.011000	-0.017000	0
34729	1	5350.00	73.41	-89.94	0	0.840000	0.068000	-0.044000	0	0.890000	0.038000	-0.043000	0	0.0200	0.1490	-0.1630	0					4.540000	0.036000	-0.077000	0
34735	1	6040.00	114.09	-113.17	0	1.150000	0.298000	-0.135000	0	1.100000	0.091000	-0.073000	0	0.0200	0.1270	-0.1750	0					4.360000	0.091000	-0.177000	0
34746	1	4963.00	47.52	-58.85	0	0.750000	0.034000	-0.040000	0	0.810000	0.034000	-0.042000	0	-0.0100	0.1840	-0.1770	0					4.600000	0.022000	-0.043000	0
34760	1	5421.00	57.75	-54.04	0	0.860000	0.037000	-0.029000	0	0.910000	0.030000	-0.033000	0	0.0100	0.1050	-0.1090	0					4.530000	0.029000	-0.040000	0
34771	1	7005.00	193.26	-159.47	0	2.010000	0.552000	-0.400000	0	1.600000	0.190000	-0.172000	0	0.0200	0.1410	-0.1540	0					4.040000	0.147000	-0.166000	0
34781	1	5690.00	73.00	-73.00	0	1.020000	0.090000	-0.090000	0	1.000000	0.060000	-0.060000	0	0.0400	0.0700	-0.0700	0					4.421000	0.080000	-0.080000	0
34788	1	4755.00	41.26	-40.53	0	0.720000	0.023000	-0.030000	0	0.770000	0.033000	-0.038000	0	0.0200	0.1570	-0.1630	0					4.610000	0.017000	-0.032000	0
34801	1	5582.00	53.72	-55.83	0	0.900000	0.034000	-0.028000	0	0.960000	0.029000	-0.033000	0	0.0500	0.1080	-0.1060	0					4.510000	0.022000	-0.030000	0
34807	1	5478.00	72.81	-55.18	0	0.860000	0.023000	-0.026000	0	0.930000	0.027000	-0.033000	0	0.0100	0.1000	-0.1030	0					4.540000	0.017000	-0.021000	0
34827	1	5461.00	214.90	-150.82	0	0.870000	0.096000	-0.061000	0	0.910000	0.062000	-0.058000	0	-0.0200	0.1500	-0.1700	0					4.520000	0.048000	-0.089000	0
34828	1	5169.47			0	0.928000	0.239000	-0.147000	0	0.821000	0.120000	-0.065000	0												
34834	1	5427.00	78.18	-75.15	0	0.840000	0.021000	-0.024000	0	0.930000	0.027000	-0.030000	0	0.0300	0.1030	-0.1030	0					4.550000	0.012000	-0.014000	0
34843	1	5886.00	79.36	-64.81	0	1.150000	0.187000	-0.130000	0	1.050000	0.043000	-0.041000	0	0.0300	0.0920	-0.0950	0					4.330000	0.104000	-0.113000	0
34857	1	5840.00	113.67	-184.03	0	1.020000	0.264000	-0.105000	0	1.020000	0.068000	-0.072000	0	0.0400	0.1320	-0.1570	0					4.430000	0.073000	-0.185000	0
34869	1	5178.00	68.70	-79.80	0	0.800000	0.026000	-0.026000	0	0.840000	0.033000	-0.041000	0	-0.0300	0.1080	-0.1100	0					4.560000	0.024000	-0.031000	0
34876	1	5178.00	68.70	-79.80	0	0.800000	0.026000	-0.026000	0	0.840000	0.033000	-0.041000	0	-0.0300	0.1080	-0.1100	0					4.560000	0.024000	-0.031000	0
34885	1	4598.00	37.07	-38.88	0	0.700000	0.021000	-0.027000	0	0.760000	0.026000	-0.040000	0	0.1300	0.1330	-0.2110	0					4.630000	0.012000	-0.019000	0
34891	1	4598.00	37.07	-38.88	0	0.700000	0.021000	-0.027000	0	0.760000	0.026000	-0.040000	0	0.1300	0.1330	-0.2110	0					4.630000	0.012000	-0.019000	0
34907	1	5214.00	44.63	-40.68	0	0.820000	0.013000	-0.011000	0	0.920000	0.016000	-0.016000	0	0.2200	0.0510	-0.0480	0					4.570000	0.007000	-0.006000	0
34912	1	5214.00	44.63	-40.68	0	0.820000	0.013000	-0.011000	0	0.920000	0.016000	-0.016000	0	0.2200	0.0510	-0.0480	0					4.570000	0.007000	-0.006000	0
34917	1	5779.00	74.00	-74.00	0	0.980000	0.090000	-0.090000	0	0.940000	0.060000	-0.060000	0	-0.2000	0.0700	-0.0700	0					4.430000	0.080000	-0.080000	0
34930	1	5779.00	74.00	-74.00	0	0.980000	0.090000	-0.090000	0	0.940000	0.060000	-0.060000	0	-0.2000	0.0700	-0.0700	0					4.430000	0.080000	-0.080000	0
34937	1	4290.00	70.00	-70.00	0	0.710000	0.030000	-0.030000	0	0.670000	0.020000	-0.020000	0	0.0400	0.0900	-0.0900	0	-0.77469	0.02511	-0.02665	0				
34944	1	5431.00	86.00	-112.52	0	0.850000	0.086000	-0.059000	0	0.880000	0.045000	-0.057000	0	-0.0600	0.1570	-0.1770	0					4.540000	0.042000	-0.098000	0
34952	1	6146.00	204.83	-260.44	0	1.220000	0.396000	-0.200000	0	1.150000	0.160000	-0.121000	0	0.0400	0.1430	-0.1580	0					4.330000	0.118000	-0.196000	0
34964	1	5213.00	65.87	-62.75	0	0.780000	0.019000	-0.022000	0	0.860000	0.027000	-0.033000	0	-0.0600	0.1130	-0.0960	0					4.580000	0.011000	-0.012000	0
34971	1	3687.00	38.83	-36.96	0	0.500000	0.018000	-0.020000	0	0.520000	0.020000	-0.021000	0	0.0700	0.0770	-0.0800	0					4.760000	0.020000	-0.016000	0
34984	1	4897.00	90.72	-106.80	0	0.750000	0.032000	-0.030000	0	0.800000	0.035000	-0.035000	0	0.0700	0.1470	-0.1680	0					4.590000	0.020000	-0.041000	0
34995	1	4883.00	146.00	-132.00	0	1.667000	1.082000	-0.983000	0	0.951000	0.198000	-0.144000	0	0.5600	0.0500	-0.3000	0					3.972000	0.570000	-0.380000	0
35007	1	5232.00	51.16	-66.39	0	0.830000	0.054000	-0.040000	0	0.870000	0.039000	-0.040000	0	0.0700	0.1560	-0.1620	0					4.550000	0.032000	-0.066000	0
35019	1	5315.00	84.55	-105.24	0	0.830000	0.055000	-0.045000	0	0.870000	0.041000	-0.050000	0	-0.0100	0.1530	-0.1630	0					4.550000	0.033000	-0.069000	0
35024	1	6002.00	81.98	-84.89	0	1.090000	0.246000	-0.116000	0	1.070000	0.078000	-0.074000	0	-0.0100	0.1450	-0.1930	0					4.380000	0.082000	-0.152000	0
35038	1	5310.00	205.13	-136.81	0	0.830000	0.075000	-0.052000	0	0.870000	0.056000	-0.051000	0	-0.0200	0.1470	-0.1670	0					4.540000	0.042000	-0.073000	0
35045	1	5539.00	73.00	-73.00	0	1.110000	0.120000	-0.120000	0	0.990000	0.060000	-0.060000	0	0.1800	0.0700	-0.0700	0					4.341000	0.100000	-0.100000	0
35060	1	5935.00	98.90	-92.58	0	1.060000	0.085000	-0.065000	0	1.050000	0.046000	-0.041000	0	0.0100	0.0920	-0.0890	0					4.410000	0.050000	-0.064000	0
35070	1	5718.00	78.23	-82.87	0	0.960000	0.124000	-0.072000	0	0.980000	0.045000	-0.052000	0	0.0100	0.1460	-0.1780	0					4.470000	0.053000	-0.111000	0
35084	1	6139.00	54.99	-62.95	0	1.290000	0.266000	-0.154000	0	1.160000	0.069000	-0.050000	0	0.0500	0.0860	-0.0810	0					4.280000	0.104000	-0.136000	0
35092	1	6052.00	50.95	-47.66	0	1.080000	0.030000	-0.034000	0	1.130000	0.028000	-0.024000	0	0.1200	0.0720	-0.0810	0					4.420000	0.018000	-0.016000	0
35101	1	5610.00	94.38	-91.79	0	0.930000	0.052000	-0.042000	0	0.960000	0.039000	-0.041000	0	0.0400	0.1040	-0.1050	0					4.490000	0.037000	-0.049000	0
35109	1	5434.00	75.03	-61.79	0	0.850000	0.028000	-0.028000	0	0.910000	0.032000	-0.035000	0	0.0000	0.0980	-0.1110	0					4.540000	0.021000	-0.028000	0
35123	1	5642.00	74.24	-60.93	0	0.980000	0.118000	-0.077000	0	0.960000	0.038000	-0.036000	0	0.0400	0.0960	-0.1010	0					4.430000	0.078000	-0.100000	0
35129	1	5637.00	69.85	-60.98	0	0.910000	0.032000	-0.031000	0	0.970000	0.033000	-0.033000	0	0.0100	0.1040	-0.1020	0					4.510000	0.021000	-0.027000	0
35136	1	4005.00	43.58	-41.86	0	0.530000	0.021000	-0.019000	0	0.550000	0.024000	-0.024000	0	-0.3200	0.1030	-0.0950	0					4.730000	0.016000	-0.017000	0
35146	1	5074.00	52.66	-53.62	0	0.780000	0.037000	-0.038000	0	0.820000	0.035000	-0.042000	0	0.0100	0.1490	-0.1750	0					4.580000	0.026000	-0.048000	0
35164	1	4782.00	129.00	-129.00	0	0.730000	0.040000	-0.040000	0	0.790000	0.060000	-0.060000	0	0.1800	0.0700	-0.0700	0					4.605000	0.050000	-0.050000	0
35173	1	5948.00	211.07	-213.60	0	1.080000	0.269000	-0.142000	0	1.050000	0.122000	-0.087000	0	0.0100	0.1340	-0.1730	0					4.390000	0.095000	-0.162000	0
35184	1	5948.00	211.07	-213.60	0	1.080000	0.269000	-0.142000	0	1.050000	0.122000	-0.087000	0	0.0100	0.1340	-0.1730	0					4.390000	0.095000	-0.162000	0
35193	1	4392.00	55.21	-44.76	0	0.610000	0.022000	-0.022000	0	0.640000	0.028000	-0.031000	0	-0.2500	0.0990	-0.1210	0					4.670000	0.015000	-0.019000	0
35201	1	4944.00	43.61	-46.10	0	0.740000	0.016000	-0.019000	0	0.800000	0.025000	-0.032000	0	-0.0400	0.1010	-0.0980	0					4.600000	0.010000	-0.011000	0
35208	1	3843.00	50.16	-46.25	0	0.540000	0.018000	-0.019000	0	0.570000	0.022000	-0.021000	0	0.0300	0.0900	-0.0940	0					4.720000	0.017000	-0.015000	0
35219	1	3934.00	38.91	-35.14	0	0.540000	0.022000	-0.022000	0	0.560000	0.026000	-0.027000	0	-0.1300	0.0980	-0.0980	0					4.720000	0.018000	-0.016000	0
35232	1	5206.00	110.94	-74.71	0	0.800000	0.050000	-0.049000	0	0.830000	0.044000	-0.048000	0	-0.0700	0.1480	-0.1700	0					4.570000	0.034000	-0.063000	0
35243	1	6014.00	114.40	-152.18	0	1.140000	0.359000	-0.143000	0	1.090000	0.094000	-0.077000	0	0.0300	0.1310	-0.1550	0					4.360000	0.097000	-0.204000	0
35251	1	6150.00	62.57	-54.96	0	1.560000	0.374000	-0.300000	0	1.220000	0.147000	-0.081000	0	0.0500	0.0810	-0.0770	0					4.140000	0.154000	-0.138000	0
35267	1	6058.00	104.50	-165.40	0	1.180000	0.308000	-0.149000	0	1.120000	0.098000	-0.083000	0	0.0700	0.1420	-0.1490	0					4.340000	0.095000	-0.170000	0
35274	1	6237.00	104.45	-85.91	0	1.650000	0.457000	-0.341000	0	1.290000	0.158000	-0.118000	0	0.0500	0.0910	-0.0680	0					4.110000	0.162000	-0.160000	0
35281	1	3842.00	32.00	-32.00	0	0.604000	0.037000	-0.037000	0	0.614000	0.055000	-0.055000	0	-0.0300	0.0300	-0.0300	0	-1.14086	0.01068	-0.01095	0	4.840000	0.080000	-0.080000	0
35285	1	3129.00	6.00	-6.00	0	0.274000			0	0.210000	0.014000	-0.014000	0					-1.88606			0	4.970000			0
35292	1	3415.00	60.00	-60.00	0	0.315500	0.006200	-0.006200	0	0.292300	0.006700	-0.006700	0	-0.4600	0.2600	-0.2600	0	-1.91364	0.03421	-0.03714	0	4.910000	0.020000	-0.020000	0
35303	1	3415.00	60.00	-60.00	0	0.315500	0.006200	-0.006200	0	0.292300	0.006700	-0.006700	0	-0.4600	0.2600	-0.2600	0	-1.91364	0.03421	-0.03714	0	4.910000	0.020000	-0.020000	0
35308	1	3415.00	60.00	-60.00	0	0.315500	0.006200	-0.006200	0	0.292300	0.006700	-0.006700	0	-0.4600	0.2600	-0.2600	0	-1.91364	0.03421	-0.03714	0	4.910000	0.020000	-0.020000	0
35316	1	3415.00	60.00	-60.00	0	0.315500	0.006200	-0.006200	0	0.292300	0.006700	-0.006700	0	-0.4600	0.2600	-0.2600	0	-1.91364	0.03421	-0.03714	0	4.910000	0.020000	-0.020000	0
35318	1	3415.00	60.00	-60.00	0	0.315500	0.006200	-0.006200	0	0.292300	0.006700	-0.006700	0	-0.4600	0.2600	-0.2600	0	-1.91364	0.03421	-0.03714	0	4.910000	0.020000	-0.020000	0
35321	1	3096.00	48.00	-48.00	0	0.215900	0.003000	-0.003000	0	0.184400	0.004500	-0.004500	0	-0.1500	0.0900	-0.0900	0	-2.42022	0.03300	-0.03572	0	5.041000	0.016000	-0.016000	0
35330	1	3096.00	48.00	-48.00	0	0.215900	0.003000	-0.003000	0	0.184400	0.004500	-0.004500	0	-0.1500	0.0900	-0.0900	0	-2.42022	0.03300	-0.03572	0	5.041000	0.016000	-0.016000	0
35333	1	3381.00	54.00	-54.00	0	0.246000	0.008000	-0.008000	0	0.236000	0.012000	-0.012000	0	-0.1300	0.1900	-0.1900	0	-2.14569	0.00723	-0.00735	0	4.870000	0.060000	-0.060000	0
35334	1	3490.00	50.00	-50.00	0	0.329000	0.010000	-0.010000	0	0.345000	0.014000	-0.014000	0					-1.83863	0.00889	-0.00908	0				
35338	1	3490.00	50.00	-50.00	0	0.329000	0.010000	-0.010000	0	0.345000	0.014000	-0.014000	0					-1.83863	0.00889	-0.00908	0				
35341	1	3490.00	50.00	-50.00	0	0.329000	0.010000	-0.010000	0	0.345000	0.014000	-0.014000	0					-1.83863	0.00889	-0.00908	0				
35345	1	3643.00	142.00	-142.00	0	0.501000	0.030000	-0.030000	0	0.502000	0.015000	-0.015000	0	-0.1200	0.0900	-0.0900	0	-1.38722	0.04043	-0.04458	0	4.770000	0.030000	-0.030000	0
35347	1	3664.00	70.00	-70.00	0	0.539000	0.014000	-0.014000	0	0.538000	0.039000	-0.030000	0	-0.1100	0.0900	-0.0900	0					4.750000	0.120000	-0.120000	0
35349	1	3664.00	70.00	-70.00	0	0.539000	0.014000	-0.014000	0	0.538000	0.039000	-0.030000	0	-0.1100	0.0900	-0.0900	0					4.750000	0.120000	-0.120000	0
35350	1	3664.00	70.00	-70.00	0	0.539000	0.014000	-0.014000	0	0.538000	0.039000	-0.030000	0	-0.1100	0.0900	-0.0900	0					4.750000	0.120000	-0.120000	0
35352	1	3664.00	70.00	-70.00	0	0.539000	0.014000	-0.014000	0	0.538000	0.039000	-0.030000	0	-0.1100	0.0900	-0.0900	0					4.750000	0.120000	-0.120000	0
35353	1	2861.00	77.00	-77.00	0	0.140500	0.003800	-0.003800	0	0.111800	0.002700	-0.002700	0					-2.72125	0.03300	-0.03324	0				
35354	1	3080.00	50.00	-50.00	0	0.189000	0.006000	-0.006000	0	0.151000	0.014000	-0.014000	0	0.2200	0.1000	-0.1000	0	-2.56543	0.05959	-0.06908	0	5.070000	0.040000	-0.040000	0
35360	1	3300.00	80.00	-30.00	0	0.278900	0.001400	-0.001400	0	0.262000			0									5.000000	0.040000	-0.040000	0
35362	1									0.220000	0.030000	-0.030000	0												
35364	1	3950.00	51.00	-51.00	0	0.584000	0.016000	-0.016000	0	0.590000	0.020000	-0.020000	0	0.4100	0.1600	-0.1600	0	-1.12494	0.00575	-0.00583	0	4.640000	0.040000	-0.040000	0
35369	1	2960.00	55.00	-55.00	0	0.182000	0.007000	-0.007000	0	0.139000	0.005000	-0.005000	0	-0.0900	0.1900	-0.1900	0	-2.63827	0.00188	-0.00189	0	5.115000	0.094000	-0.094000	0
35373	1	2960.00	55.00	-55.00	0	0.182000	0.007000	-0.007000	0	0.139000	0.005000	-0.005000	0	-0.0900	0.1900	-0.1900	0	-2.63827	0.00188	-0.00189	0	5.115000	0.094000	-0.094000	0
35377	1	2960.00	55.00	-55.00	0	0.182000	0.007000	-0.007000	0	0.139000	0.005000	-0.005000	0	-0.0900	0.1900	-0.1900	0	-2.63827	0.00188	-0.00189	0	5.115000	0.094000	-0.094000	0
35379	1	2850.00	75.00	-75.00	0	0.155600	0.008600	-0.008600	0	0.118000	0.002000	-0.002000	0	-0.0280	0.0890	-0.0890	0	-2.84134	0.01130	-0.01161	0	5.126000	0.050000	-0.047000	0
35381	1	2850.00	75.00	-75.00	0	0.155600	0.008600	-0.008600	0	0.118000	0.002000	-0.002000	0	-0.0280	0.0890	-0.0890	0	-2.84134	0.01130	-0.01161	0	5.126000	0.050000	-0.047000	0
35382	1	3475.00	51.00	-51.00	0	0.431000	0.015000	-0.015000	0	0.430000	0.031000	-0.031000	0	-0.0500	0.1600	-0.1600	0	-1.69897	0.00689	-0.00700	0	4.950000	0.070000	-0.070000	0
35386	1					0.271000	0.019000	-0.010000	0	0.257000	0.014000	-0.014000	0												
35390	1	3340.00	150.00	-150.00	0	0.265000	0.011000	-0.010000	0	0.257000	0.014000	-0.014000	0	-0.3400	0.0900	-0.0900	0								
35395	1	3358.00	92.00	-92.00	0	0.380000	0.012000	-0.012000	0	0.381000	0.024000	-0.034000	0	0.0600	0.1100	-0.1100	0	-1.78252	0.05203	-0.05912	0	4.850000	0.110000	-0.110000	0
35404	1	3358.00	92.00	-92.00	0	0.380000	0.012000	-0.012000	0	0.381000	0.024000	-0.034000	0	0.0600	0.1100	-0.1100	0	-1.78252	0.05203	-0.05912	0	4.850000	0.110000	-0.110000	0
35409	1	5443.00	14.00	-13.00	0	0.949000	0.006000	-0.006000	0	1.020000	0.020000	-0.030000	0	0.2700	0.0300	-0.0300	0	-0.16749	0.02482	-0.02633	0	4.350000	0.160000	-0.120000	0
35411	1	4194.00	130.00	-130.00	0	1.607110			0																
35412	1	4194.00	130.00	-130.00	0	1.607110			0																
35413	1									0.033800	0.000200	-0.000200	0												
35415	1	5000.00	150.00	-150.00	0	0.820000	0.050000	-0.050000	0	0.870000	0.040000	-0.040000	0									4.500000	0.500000	-0.500000	0
35416	1									1.400000			0												
35419	1	7490.00	150.00	-150.00	0	2.082000	0.022000	-0.024000	0	1.900000	0.063000	-0.068000	0	0.1500	0.1500	-0.1500	0	1.08279	0.03449	-0.03746	0				
35423	1	7800.00	200.00	-200.00	0	1.790000	0.040000	-0.040000	0	1.750000	0.050000	-0.050000	0									4.100000	0.050000	-0.050000	0
35426	1									0.280000	0.040000	-0.040000	0												
35427	1									0.690000	0.040000	-0.040000	0												
35431	1									0.210000	0.140000	-0.140000	0												
35436	1									0.560000	0.240000	-0.270000	0												
35437	1									0.560000	0.090000	-0.090000	0												
35439	1									0.524000	0.048000	-0.048000	0												
35442	1									0.190000	0.300000	-0.120000	0												
35443	1									0.160000	0.030000	-0.030000	0												
35444	1									0.580000	0.110000	-0.110000	0												
35448	1									0.110000	0.010000	-0.010000	0												
35449	1									0.180000	0.320000	-0.110000	0												
35451	1	5950.00	150.00	-150.00	0					0.670000	0.330000	-0.130000	0												
35454	1									0.750000	0.350000	-0.300000	0												
35456	1									0.110000	0.210000	-0.060000	0												
35462	1									0.150000	0.270000	-0.100000	0												
35464	1									0.860000	0.060000	-0.060000	0												
35469	1									0.390000	0.450000	-0.190000	0												
35470	1									0.490000	0.270000	-0.230000	0												
35471	1									0.100000	0.160000	-0.050000	0												
35474	1									0.880000	0.050000	-0.050000	0												
35476	1									0.024000	0.004000	-0.003000	0												
35484	1									0.009400	0.035900	-0.006500	0												
35485	1									0.290000	0.230000	-0.150000	0												
35490	1									0.150000	0.280000	-0.080000	0												
35496	1									0.370000	0.130000	-0.130000	0												
35506	1									0.900000	0.200000	-0.100000	0												
35509	1									0.230000	0.390000	-0.140000	0												
35512	1									0.430000	0.390000	-0.230000	0												
35514	1									0.510000	0.390000	-0.260000	0												
35520	1									0.750000	0.420000	-0.350000	0												
35523	1									0.180000	0.050000	-0.050000	0												
35526	1									0.480000	0.360000	-0.300000	0												
35527	1									0.750000	0.330000	-0.410000	0												
35528	1									0.030000	0.070000	-0.020000	0												
35534	1									1.500000			0												
35535	1																								
35536	1	6000.00	40.00	-40.00	0	2.130000	0.040000	-0.040000	0	1.260000	0.040000	-0.040000	0	-0.0130	0.0230	-0.0230	0					4.010000	0.160000	-0.160000	0
35537	1	4200.00	21.00	-21.00	0					1.370000	0.020000	-0.020000	0									1.800000	0.090000	-0.090000	0
35540	1	5780.00	27.00	-27.00	0					1.010000	0.020000	-0.020000	0									4.440000	0.050000	-0.050000	0
35543	1	5725.00	45.00	-45.00	0					0.960000	0.010000	-0.010000	0									4.570000	0.060000	-0.060000	0
35544	1	6165.00	64.00	-64.00	0					1.140000	0.020000	-0.020000	0									4.300000	0.035000	-0.035000	0
35548	1	3916.00	71.00	-63.00	0	0.573000	0.077000	-0.077000	0	0.617000	0.023000	-0.062000	0	0.0000			0					4.710000	0.230000	-0.230000	0
35551	1	4600.00	150.00	-150.00	0	0.697000	0.036000	-0.036000	0	0.696000	0.040000	-0.040000	0	-0.0200	0.1200	-0.1200	0					4.595000	0.019000	-0.019000	0
35552	1	5050.00	80.00	-80.00	0	0.832000	0.013000	-0.013000	0	0.862000	0.028000	-0.028000	0	0.2200	0.0800	-0.0800	0					4.500000	0.100000	-0.100000	0
35555	1	5690.00	130.00	-130.00	0	1.589000	0.040000	-0.040000	0	1.021000	0.056000	-0.049000	0	-0.0300	0.1100	-0.1100	0					4.045000	0.038000	-0.038000	0
35559	1	5819.00	73.00	-73.00	0	1.788000	0.057000	-0.057000	0	1.300000	0.110000	-0.180000	0	0.2500	0.1700	-0.1700	0	0.51720	0.02687	-0.02865	0	4.040000	0.050000	-0.050000	0
35560	1	5187.00	11.00	-11.00	0	0.842000	0.006000	-0.006000	0	0.898000	0.035000	-0.035000	0	0.1000	0.0300	-0.0300	0					4.200000	0.040000	-0.040000	0
35563	1	5600.00	150.00	-150.00	0	0.954000	0.082000	-0.082000	0	0.995000	0.025000	-0.025000	0	0.1500	0.1000	-0.1000	0					4.400000	0.120000	-0.130000	0
35564	1	5550.00	150.00	-150.00	0	1.213000	0.110000	-0.107000	0	1.002000	0.031000	-0.031000	0	0.3500	0.1000	-0.1000	0					4.350000	0.180000	-0.160000	0
35565	1	5650.00	100.00	-100.00	0	1.337000	0.125000	-0.125000	0	1.025000	0.034000	-0.033000	0	0.1500	0.1000	-0.1000	0					4.000000	0.120000	-0.120000	0
35567	1	5610.00	150.00	-150.00	0	1.392000	0.209000	-0.209000	0	1.003000	0.030000	-0.025000	0	0.1500	0.1000	-0.1000	0					4.160000	0.070000	-0.070000	0
35571	1	6478.00	94.00	-89.00	0	1.702000	0.047000	-0.044000	0	1.640000	0.190000	-0.220000	0	-0.0600	0.0900	-0.0900	0					4.197000	0.030000	-0.059000	0
35574	1	5980.00	80.00	-80.00	0	1.780000	0.050000	-0.050000	0	1.470000	0.090000	-0.090000	0	0.1500	0.0800	-0.0800	0					3.800000	0.200000	-0.200000	0
35577	1	4660.00	41.00	-41.00	0	0.860000	0.040000	-0.040000	0	0.720000	0.040000	-0.040000	0	-0.2600	0.0700	-0.0700	0					4.630000	0.340000	-0.340000	0
35579	1	6057.00	64.00	-64.00	0	1.240000	0.030000	-0.030000	0	1.010000	0.060000	-0.070000	0	-0.2600	0.1100	-0.1100	0	0.28330	0.02054	-0.02466	0	4.040000	0.150000	-0.150000	0
35580	1	5820.00	93.00	-8.00	0	1.640000	0.030000	-0.090000	0	1.260000	0.050000	-0.210000	0	0.2700	0.1800	-0.0300	0	0.44592	0.03222	-0.04745	0	4.090000	0.050000	-0.040000	0
35582	1	5321.00	58.00	-58.00	0	0.860000	0.020000	-0.050000	0	0.910000	0.030000	-0.040000	0	0.1200	0.0500	-0.0500	0	-0.29158	0.03665	-0.04661	0	4.480000	0.140000	-0.140000	0
35583	1	5550.00	100.00	-100.00	0	1.160000	0.050000	-0.020000	0	0.960000	0.040000	-0.030000	0	0.2000	0.1000	-0.1000	0	0.10106	0.03787	-0.04150	0	4.100000	0.100000	-0.100000	0
35584	1	5700.00	80.00	-80.00	0	1.770000	0.030000	-0.030000	0	1.070000	0.060000	-0.060000	0	0.0000	0.0800	-0.0800	0	0.51375	0.03106	-0.03346	0	4.050000	0.080000	-0.080000	0
35586	1	5600.00	150.00	-150.00	0	0.930000	0.230000	-0.230000	0	1.017000	0.093000	-0.093000	0	0.1200	0.1500	-0.1500	0								
35588	1	5455.00	80.00	-80.00	0	0.913000	0.029000	-0.029000	0	0.940000	0.060000	-0.060000	0	-0.0300	0.0800	-0.0800	0					4.300000	0.500000	-0.500000	0
35590	1	5710.00	70.00	-70.00	0	1.700000	0.200000	-0.210000	0	0.960000	0.110000	-0.050000	0	0.0000	0.0400	-0.0400	0					4.430000	0.140000	-0.160000	0
35592	1	5680.00	60.00	-60.00	0	1.850000	0.060000	-0.050000	0	1.070000	0.060000	-0.040000	0	-0.0300	0.0400	-0.0400	0					4.090000	0.210000	-0.210000	0
35593	1	7437.00	72.00	-72.00	0	1.470000	0.060000	-0.060000	0	1.600000	0.110000	-0.110000	0	-0.1100	0.1700	-0.1700	0	0.77159	0.03797	-0.04161	0	4.260000	0.280000	-0.280000	0
35595	1	6134.00	55.00	-50.00	0	1.367000	0.061000	-0.061000	0	1.266000	0.063000	-0.081000	0	0.2280	0.0840	-0.0850	0	0.37658	0.01962	-0.02055	0	4.220000	0.100000	-0.110000	0
35596	1	4717.00	18.00	-84.00	0	0.753000	0.051000	-0.033000	0	0.789000	0.035000	-0.048000	0	0.0850	0.0710	-0.1100	0	-0.59688	0.03936	-0.03205	0	4.570000	0.110000	-0.140000	0
35598	1	5143.00	100.00	-100.00	0	0.840000	0.010000	-0.010000	0	0.750000	0.020000	-0.020000	0	-0.2800	0.1000	-0.1000	0					4.500000	0.100000	-0.100000	0
35602	1	4987.00	41.00	-41.00	0	0.739000	0.014000	-0.012000	0	0.661000	0.068000	-0.061000	0	0.1200	0.1000	-0.1000	0					4.520000	0.037000	-0.037000	0
35606	1	4730.00	44.00	-40.00	0	0.754000	0.013000	-0.013000	0	0.767000	0.025000	-0.025000	0	0.1100	0.0900	-0.0900	0	-0.59176	0.01501	-0.01554	0	4.700000	1.100000	-0.700000	0
35608	1	5241.00	50.00	-50.00	0	0.980000	0.020000	-0.020000	0	0.890000	0.050000	-0.040000	0	0.2400	0.0900	-0.0900	0					4.410000	0.030000	-0.030000	0
35612	1	6330.00	130.00	-130.00	0	1.380000	0.040000	-0.040000	0	1.340000	0.050000	-0.050000	0	0.3100	0.1500	-0.1500	0					4.370000	0.200000	-0.200000	0
35614	1									0.535000			0												
35616	1									0.535000			0												
35619	1	40000.00			0	0.188000	0.010000	-0.010000	0	0.419000	0.070000	-0.070000	0												
35620	1	32780.00	200.00	-200.00	0	0.151000	0.001000	-0.001000	0	0.459000	0.010000	-0.010000	0					1.37508	0.01605	-0.01667	0	5.741930	0.001021	-0.001021	0
35623	1	32780.00	200.00	-200.00	0	0.151000	0.001000	-0.001000	0	0.459000	0.010000	-0.010000	0					1.37508	0.01605	-0.01667	0	5.741930	0.001021	-0.001021	0
35625	1									0.630000	0.070000	-0.090000	0												
35628	1									0.460000	0.040000	-0.040000	0												
35634	1									0.690000	0.020000	-0.020000	0												
35635	1									0.220000	0.210000	-0.110000	0												
35637	1									0.510000	0.050000	-0.040000	0												
35638	1									0.510000	0.050000	-0.040000	0												
35640	1									0.350000	0.300000	-0.200000	0												
35641	1									0.410000	0.070000	-0.070000	0												
35642	1									0.640000	0.210000	-0.260000	0												
35643	1									0.710000			0												
35644	1									0.370000	0.300000	-0.170000	0												
35648	1									0.410000	0.300000	-0.210000	0												
35651	1									0.260000	0.110000	-0.110000	0												
35652	1									0.211000	0.068000	-0.045000	0												
35655	1									1.060000	0.050000	-0.050000	0												
35656	1									1.060000	0.050000	-0.050000	0												
35658	1									0.022000	0.002000	-0.002000	0												
35662	1									0.440000	0.070000	-0.070000	0												
35665	1									0.340000	0.120000	-0.200000	0												
35668	1									0.290000	0.330000	-0.160000	0												
35669	1									0.400000	0.290000	-0.200000	0												
35670	1									0.570000	0.060000	-0.100000	0												
35682	1									0.096000	0.013000	-0.013000	0												
35684	1									0.540000	0.300000	-0.230000	0												
35686	1									0.112700	0.008900	-0.008900	0												
35691	1									0.290000	0.070000	-0.050000	0												
35695	1									0.460000	0.260000	-0.230000	0												
35696	1									0.330000	0.320000	-0.190000	0												
35700	1									0.900000	0.050000	-0.050000	0												
35703	1									0.690000	0.260000	-0.300000	0												
35705	1									0.520000	0.330000	-0.290000	0												
35706	1									0.730000	0.140000	-0.290000	0												
35711	1									0.400000	0.360000	-0.240000	0												
35713	1									0.400000	0.360000	-0.240000	0												
35716	1									0.803000	0.097000	-0.097000	0												
35717	1									0.100000	0.090000	-0.010000	0												
35720	1									0.300000	0.340000	-0.140000	0												
35737	1									0.380000	0.040000	-0.040000	0												
35739	1									0.170000	0.630000	-0.120000	0												
35742	1									0.340000	0.190000	-0.190000	0												
35743	1									0.550000	0.280000	-0.280000	0												
35750	1									0.077000	0.119000	-0.044000	0												
35752	1									0.590000	0.410000	-0.300000	0												
35753	1									0.130000	0.210000	-0.080000	0												
35755	1									0.720000	0.550000	-0.420000	0												
35761	1									0.300000	0.150000	-0.120000	0												
35767	1									0.460000	0.080000	-0.080000	0												
35768	1									0.880000	0.060000	-0.050000	0												
35773	1									0.078000	0.016000	-0.012000	0												
35782	1									0.100000	0.170000	-0.050000	0												
35783	1									0.015000	0.001400	-0.001400	0												
35791	1									0.550000	0.320000	-0.320000	0												
35794	1									0.410000	0.220000	-0.220000	0												
35798	1									0.396000	0.390000	-0.227000	0												
35800	1									0.490000	0.350000	-0.280000	0												
35805	1									0.248000	0.274000	-0.133000	0												
35807	1									0.560000	0.070000	-0.070000	0												
35814	1									0.500000	0.380000	-0.290000	0												
35817	1									0.200000	0.200000	-0.100000	0												
35818	1									0.700000	0.280000	-0.280000	0												
35819	1									0.320000	0.320000	-0.180000	0												
35820	1									0.550000	0.360000	-0.290000	0												
35821	1									0.450000	0.360000	-0.270000	0												
35822	1									0.211000	0.032000	-0.025000	0												
35824	1									0.460000	0.300000	-0.240000	0												
35825	1									0.630000	0.230000	-0.230000	0												
35833	1									0.810000	0.630000	-0.240000	0												
35837	1									0.234000	0.012000	-0.012000	0												
35841	1									0.045000	0.076000	-0.024000	0												
35844	1									0.450000	0.360000	-0.250000	0												
35845	1									0.380000	0.340000	-0.200000	0												
35854	1									0.690000	0.340000	-0.300000	0												
35855	1									0.100000	0.130000	-0.050000	0												
35858	1									0.630000	0.370000	-0.320000	0												
35867	1									0.470000	0.380000	-0.250000	0												
35869	1									0.195000	0.022000	-0.020000	0												
35870	1									0.250000	0.270000	-0.130000	0												
35874	1									0.231000	0.028000	-0.028000	0												
35876	1									0.120000	0.140000	-0.080000	0												
35881	1	5912.00	49.00	-49.00	0					1.000000	0.100000	-0.100000	0	-0.2400	0.0500	-0.0500	0					4.500000	0.100000	-0.100000	0
35888	1									0.093000	0.082000	-0.038000	0												
35892	1									0.720000	0.290000	-0.250000	0												
35893	1									0.540000	0.330000	-0.280000	0												
35894	1									0.470000	0.380000	-0.270000	0												
35895	1									0.180000	0.330000	-0.100000	0												
35899	1									0.180000	0.330000	-0.100000	0												
35904	1									0.480000	0.350000	-0.280000	0												
35906	1									0.690000	0.410000	-0.380000	0												
35910	1									0.370000	0.350000	-0.210000	0												
35913	1									0.160000	0.120000	-0.100000	0												
35919	1									1.110000	0.680000	-0.340000	0												
35920	1									0.280000	0.220000	-0.130000	0												
35923	1									0.430000	0.330000	-0.220000	0												
35924	1									0.092000	0.170000	-0.053000	0												
35926	1									0.420000	0.290000	-0.190000	0												
35928	1									0.910000	0.190000	-0.190000	0												
35932	1									0.590000	0.360000	-0.350000	0												
35933	1									0.270000	0.270000	-0.120000	0												
35935	1									0.420000	0.340000	-0.230000	0												
35937	1									0.920000	0.490000	-0.320000	0												
35939	1									0.920000	0.490000	-0.320000	0												
35940	1									0.660000	0.380000	-0.380000	0												
35941	1									0.800000	0.550000	-0.420000	0												
35944	1									0.500000	0.120000	-0.120000	0												
35947	1									0.610000	0.290000	-0.240000	0												
35949	1									0.545000	0.272000	-0.260000	0												
35952	1									0.570000	0.430000	-0.320000	0												
35956	1									0.680000	0.340000	-0.340000	0												
35960	1									0.710000	0.380000	-0.360000	0												
35964	1	5950.00	130.00	-130.00	0	1.170000	0.130000	-0.110000	0	1.140000	0.100000	-0.120000	0					0.18800	0.12600	-0.12300	0	4.358000	0.064000	-0.082000	0
35976	1					0.830000	0.020000	-0.020000	0																
35989	1	4790.00	75.00	-75.00	0	0.774000	0.020000	-0.011000	0	0.779000	0.017000	-0.015000	0					-0.52900	0.03000	-0.02700	0	4.552000	0.009000	-0.017000	0
35997	1	6210.00	75.00	-75.00	0	1.320000	0.170000	-0.120000	0	1.305000	0.075000	-0.067000	0	0.3700	0.1000	-0.1000	0	0.37100	0.12200	-0.10200	0	4.313000	0.063000	-0.090000	0
36001	1	5924.00	64.00	-64.00	0	1.140000	0.230000	-0.060000	0	1.140000	0.050000	-0.050000	0	0.3700	0.0800	-0.0800	0					4.470000	0.180000	-0.180000	0
36004	1	6325.00	91.00	-91.00	0	1.640000	0.210000	-0.070000	0	1.330000	0.050000	-0.050000	0	0.1100	0.1000	-0.1000	0					4.220000	0.170000	-0.170000	0
36015	1	6050.00	100.00	-100.00	0	1.363000	0.089000	-0.086000	0	1.228000	0.072000	-0.078000	0					0.35000	0.08400	-0.08500	0	4.258000	0.043000	-0.043000	0
36016	1	6933.00	58.00	-58.00	0	1.530000	0.040000	-0.040000	0	1.520000	0.080000	-0.080000	0	-0.0500	0.2000	-0.2000	0					4.250000	0.010000	-0.010000	0
36020	1	2375.00	175.00	-175.00	0					0.016000	0.004000	-0.005000	0					-2.77000	0.10000	-0.10000	0	4.250000	0.500000	-0.500000	0
36025	1	4109.00	36.00	-30.00	0					0.982000	0.066000	-0.066000	0									4.230000	0.020000	-0.020000	0
36029	1	4109.00	36.00	-30.00	0					0.982000	0.066000	-0.066000	0									4.230000	0.020000	-0.020000	0
36031	1	6407.00	150.00	-150.00	0	1.734000	0.044000	-0.044000	0	1.528000	0.087000	-0.087000	0	0.2100	0.0800	-0.0800	0					4.140000			0
36032	1	5734.00	84.00	-82.00	0	0.949000	0.028000	-0.027000	0	0.966000	0.050000	-0.056000	0	0.0170	0.0510	-0.0440	0	-0.05849	0.02930	-0.02558	0	4.470000	0.032000	-0.038000	0
36047	1	4400.00	200.00	-200.00	0	0.588000	0.020000	-0.028000	0	0.695000	0.050000	-0.050000	0	-0.0300	0.1500	-0.1500	0					4.630000	0.050000	-0.050000	0
36048	1									1.440000			0												
36049	1									1.400000			0												
36053	1									1.400000			0												
36055	1									1.400000			0												
36057	1									1.350000			0												
36058	1	4500.00			1					1.400000			0												
36059	1									1.400000			0												
36060	1									1.360000	0.150000	-0.130000	0												
36061	1	6174.00	50.00	-50.00	0	1.150000	0.120000	-0.120000	0	1.240000	0.390000	-0.390000	0	0.1900			0					4.410000	0.100000	-0.100000	0
36063	1	5300.00	30.00	-30.00	0	0.827000	0.012000	-0.012000	0	0.935000	0.013000	-0.013000	0	0.1800	0.0200	-0.0200	0					4.510000	0.050000	-0.050000	0
36065	1	5300.00	30.00	-30.00	0	0.827000	0.012000	-0.012000	0	0.935000	0.013000	-0.013000	0	0.1800	0.0200	-0.0200	0					4.510000	0.050000	-0.050000	0
36069	1	2900.00	100.00	-100.00	0	0.141000	0.021000	-0.021000	0	0.122100	0.002200	-0.002200	0					-2.82102	0.02242	-0.02364	0				
36072	1	2900.00	100.00	-100.00	0	0.141000	0.021000	-0.021000	0	0.122100	0.002200	-0.002200	0					-2.82102	0.02242	-0.02364	0				
36082	1	5013.00	93.00	-88.00	0	0.803000	0.016000	-0.016000	0	0.838000	0.043000	-0.041000	0	0.1710	0.0970	-0.0940	0	-0.43771	0.04516	-0.04246	0	4.552000	0.012000	-0.011000	0
36091	1	6124.00	46.00	-46.00	0	1.254000	0.026000	-0.026000	0	1.156000	0.068000	-0.068000	0	0.0160	0.0890	-0.0890	0	0.29951	0.02002	-0.02098	0	4.303000	0.027000	-0.027000	0
36095	1	4645.00	50.00	-50.00	0	0.776000	0.008000	-0.008000	0	0.743000	0.021000	-0.021000	0	0.0200	0.0800	-0.0800	0					4.530000	0.005000	-0.005000	0
36106	1	6007.00	52.00	-52.00	0	1.272000	0.140000	-0.140000	0	1.145000	0.064000	-0.064000	0	-0.0410	0.0810	-0.0810	0	0.27875	0.09416	-0.12039	0	4.286000	0.079000	-0.079000	0
36115	1	5215.00	50.00	-50.00	0	0.849000	0.063000	-0.063000	0	0.896000	0.048000	-0.048000	0	0.1030	0.0810	-0.0810	0	-0.31785	0.06371	-0.07469	0	4.533000	0.058000	-0.058000	0
36117	1	5747.00	49.00	-49.00	0	1.076000	0.051000	-0.051000	0	1.128000	0.056000	-0.056000	0	0.3770	0.0800	-0.0800	0	0.05614	0.04354	-0.04839	0	4.427000	0.035000	-0.035000	0
36123	1	5052.00	66.00	-66.00	0	0.722000	0.020000	-0.020000	0	0.822000	0.021000	-0.021000	0	-0.0250	0.0930	-0.0930	0	-0.51428	0.03542	-0.03856	0	4.636000	0.014000	-0.014000	0
36129	1	6387.00	38.00	-38.00	0	1.564000	0.021000	-0.021000	0	1.409000	0.026000	-0.026000	0	0.2760	0.0710	-0.0710	0	0.56348	0.01516	-0.01571	0	4.196000	0.029000	-0.029000	0
36134	1	5738.00	51.00	-51.00	0	1.315000	0.020000	-0.020000	0	1.029000	0.051000	-0.051000	0	0.0250	0.0710	-0.0710	0	0.22789	0.01713	-0.01784	0	4.214000	0.016000	-0.016000	0
36137	1	4309.00	31.00	-31.00	0	0.696000	0.008000	-0.008000	0	0.719000	0.024000	-0.024000	0	0.2520	0.0760	-0.0760	0	-0.82102	0.01135	-0.01166	0	4.610000	0.010000	-0.010000	0
36140	1	3850.00	100.00	-70.00	0					0.870000	0.080000	-0.080000	0												
36142	1									1.000000			0												
36145	1									0.440000			0												
36146	1	3192.00	60.00	-60.00	0	0.196700	0.007700	-0.007700	0	0.168000	0.017000	-0.017000	0	-0.0200	0.0800	-0.0800	0	-2.44129	0.04444	-0.04951	0				
36147	1	4041.00	69.00	-69.00	0	0.569000	0.020000	-0.020000	0	0.577000	0.024000	-0.024000	0	-0.1900	0.0200	-0.0200	0	-1.10891	0.00284	-0.00286	0	5.070000	0.040000	-0.040000	0
36149	1																								
36150	1	3071.00	34.00	-22.00	0	0.211300	0.006300	-0.006300	0	0.177400	0.004500	-0.004500	0	-0.2000	0.2000	-0.2000	0	-2.44503	0.00803	-0.00868	0	5.039000	0.027000	-0.027000	0
36151	1	2800.00	29.00	-29.00	0	0.123000	0.002200	-0.002200	0	0.100900	0.002400	-0.002400	0	0.0700	0.1000	-0.1000	0	-3.07831	0.00977	-0.01000	0	5.265000	0.014000	-0.014000	0
36152	1																								
36153	1					1.450000			0	1.100000			0												
36154	1					1.180000			0	1.240000			0												
36155	1	4620.00	50.00	-50.00	0	1.170000	0.170000	-0.170000	0	1.040000	0.100000	-0.100000	0					-0.25000	0.10000	-0.10000	0	4.500000			0
36158	1									0.586000	0.033000	-0.033000	0												
36160	1	5719.98			0	1.081020			0													4.349100			0
36161	1	5844.00	84.00	-82.00	0	1.016000	0.035000	-0.031000	0	1.035000	0.052000	-0.062000	0	0.1560	0.0570	-0.0560	0	0.03222	0.03448	-0.02489	0	4.439000	0.032000	-0.041000	0
36162	1	5844.00	84.00	-82.00	0	1.016000	0.035000	-0.031000	0	1.035000	0.052000	-0.062000	0	0.1560	0.0570	-0.0560	0	0.03222	0.03448	-0.02489	0	4.439000	0.032000	-0.041000	0
36163	1	5742.35			0	1.254230			0													4.292700			0
36164	1	4396.27			0	0.713832			0													4.673500			0
36165	1	6410.00	183.00	-183.00	0	2.136000	0.096000	-0.096000	0	1.406000	0.074000	-0.086000	0	-0.0800	0.0500	-0.0500	0	0.83251	0.03200	-0.02769	0	3.926000	0.020000	-0.020000	0
36166	1	4137.16			0	0.591697			0													4.668800			0
36167	1	4739.58			0	0.724328			0													4.568000			0
36168	1	4817.31			0	0.789834			0													4.585600			0
36169	1	5683.87			0	1.079760			0													4.375500			0
36170	1	6050.00	100.00	-100.00	0	1.384200	0.001600	-0.001600	0	1.238400	0.000700	-0.000700	0	0.3400	0.1000	-0.1000	0					4.248500	0.001000	-0.001000	0
36177	1	5405.59			0	0.843450			0													4.576900			0
36178	1	5768.00	58.00	-58.00	0	1.344000	0.043000	-0.043000	0	0.853000	0.048000	-0.048000	0	-0.3900	0.1000	-0.1000	0					4.112000	0.025000	-0.025000	0
36179	1	5369.46			0	0.786574			0													4.559000			0
36180	1	4360.11			0	0.825257			0													4.553600			0
36181	1	4377.53			0	0.640675			0													4.674200			0
36182	1	4620.30			0	0.667193			0													4.566100			0
36184	1	3451.32			0	0.492584			0													4.244700			0
36186	1	5788.00	80.00	-80.00	0	1.088000	0.012000	-0.012000	0	1.026000	0.057000	-0.055000	0	0.1400	0.0500	-0.0500	0	0.07773	0.01779	-0.01855	0	4.376000	0.021000	-0.021000	0
36187	1	6166.00	43.00	-43.00	0	1.397000	0.025000	-0.028000	0	1.271000	0.061000	-0.068000	0	0.0900	0.0300	-0.0300	0	0.40824	0.01336	-0.01379	0	4.230000	0.060000	-0.060000	0
36188	1	6130.00	178.00	-178.00	0	1.288000	0.058000	-0.058000	0	1.117000	0.063000	-0.063000	0	0.0200	0.0500	-0.0500	0	0.32428	0.02597	-0.02762	0	4.267000	0.020000	-0.020000	0
36189	1	4545.43			0	0.713599			0													4.662400			0
36190	1	4545.43			0	0.713599			0													4.662400			0
36191	1	5567.58			0	1.208400			0													4.254700			0
36192	1	5993.00	89.00	-83.00	0	1.863000	0.050000	-0.054000	0	1.187000	0.110000	-0.058000	0	0.0540	0.0780	-0.0700	0	0.60531	0.01587	-0.01647	0	3.972000	0.044000	-0.029000	0
36196	1	4572.94			0	0.689880			0													4.594200			0
36197	1	5271.39			0	0.997091			0													4.460000			0
36199	1	5951.00	80.00	-80.00	0	1.060000	0.010000	-0.010000	0	1.130000	0.020000	-0.030000	0	0.2000	0.0500	-0.0500	0	0.09691	0.01703	-0.01412	0	4.438000	0.015000	-0.015000	0
36200	1	5951.00	80.00	-80.00	0	1.060000	0.010000	-0.010000	0	1.130000	0.020000	-0.030000	0	0.2000	0.0500	-0.0500	0	0.09691	0.01703	-0.01412	0	4.438000	0.015000	-0.015000	0
36201	1	5328.97			0	0.943767			0													4.462200			0
36202	1	5201.93			0	0.920172			0													4.479600			0
36203	1	5567.93			0	1.001880			0													4.383500			0
36204	1	5703.36			0	0.952319			0													4.376500			0
36205	1	4694.84			0	0.809951			0													4.567200			0
36206	1	5098.60			0	0.818771			0													4.516100			0
36207	1	5731.86			0	0.959792			0													4.485100			0
36208	1	4900.00	90.00	-90.00	0	3.130000	0.120000	-0.120000	0	1.170000	0.120000	-0.120000	0	0.0900	0.1400	-0.1400	0					3.520000	0.050000	-0.050000	0
36209	1	4375.52			0	0.664503			0													4.657300			0
36210	1	5046.63			0	0.741147			0													4.591400			0
36211	1	4434.81			0	0.726565			0													4.638900			0
36213	1	5756.00	67.00	-66.00	0	1.086000	0.020000	-0.020000	0	1.082000	0.055000	-0.056000	0	0.3180	0.0580	-0.0580	0	0.06744	0.02352	-0.02408	0	4.402000	0.013000	-0.018000	0
36215	1	4540.37			0	0.729825			0													4.610900			0
36216	1	5638.00	50.00	-50.00	0	0.909000	0.048000	-0.048000	0	0.992000	0.014000	-0.018000	0	-0.0810	0.0800	-0.0800	0					4.420000	0.100000	-0.100000	0
36217	1	5638.00	50.00	-50.00	0	0.909000	0.048000	-0.048000	0	0.992000	0.014000	-0.018000	0	-0.0810	0.0800	-0.0800	0					4.420000	0.100000	-0.100000	0
36218	1	5224.36			0	0.961092			0													4.429900			0
36219	1	5408.25			0	0.850041			0													4.501700			0
36221	1	3572.00	57.00	-57.00	0	0.529900	0.009100	-0.009100	0	0.563000	0.029000	-0.029000	0	0.3230	0.0810	-0.0810	0	-1.38510	0.03151	-0.03397	0	4.740000	0.010000	-0.010000	0
36222	1	5757.00	72.00	-65.00	0	1.150000	0.010000	-0.010000	0	1.010000	0.030000	-0.030000	0	0.1400	0.0500	-0.0500	0	0.11394	0.01960	-0.01703	0	4.320000	0.020000	-0.020000	0
36223	1	5520.79			0	0.874291			0													4.456700			0
36224	1	5692.29			0	1.737090			0													4.082800			0
36225	1	5090.09			0	0.820458			0													4.553500			0
36226	1	5961.52			0	1.184390			0													4.276500			0
36227	1	4981.07			0	0.886956			0													4.524900			0
36228	1	5723.74			0	0.989724			0													4.419700			0
36230	1	6150.00	178.00	-178.00	0	1.489000	0.072000	-0.071000	0	1.239000	0.070000	-0.080000	0	0.1600	0.0500	-0.0500	0	0.44716	0.03856	-0.03386	0	4.183000	0.022000	-0.023000	0
36231	1	3483.17			0	0.532473			0													4.086500			0
36232	1	3998.00	95.00	-95.00	0	0.911000	0.038000	-0.038000	0	0.724000	0.017000	-0.017000	0	-0.0800	0.1100	-0.1100	0					4.190000	0.370000	-0.370000	0
36233	1	5475.00	84.00	-84.00	0	0.920000	0.030000	-0.030000	0	0.910000	0.030000	-0.030000	0	0.0300	0.0400	-0.0400	0	-0.15490	0.01822	-0.01902	0	4.500000	0.050000	-0.050000	0
36236	1	5664.68			0	1.175540			0													4.258200			0
36238	1	6146.00	62.00	-62.00	0	1.264000	0.033000	-0.033000	0	1.204000	0.025000	-0.025000	0	0.1400	0.0130	-0.0130	0					4.300000	0.020000	-0.020000	0
36239	1	6146.00	62.00	-62.00	0	1.264000	0.033000	-0.033000	0	1.204000	0.025000	-0.025000	0	0.1400	0.0130	-0.0130	0					4.300000	0.020000	-0.020000	0
36241	1	6122.00	194.00	-194.00	0	1.170000	0.050000	-0.050000	0													4.308810	0.268555	-0.268555	0
36243	1	5328.00	56.00	-56.00	0	0.840000	0.090000	-0.090000	0	0.940000	0.020000	-0.020000	0	0.1400	0.0400	-0.0400	0					4.550000	0.090000	-0.090000	0
36244	1	5328.00	56.00	-56.00	0	0.840000	0.090000	-0.090000	0	0.940000	0.020000	-0.020000	0	0.1400	0.0400	-0.0400	0					4.550000	0.090000	-0.090000	0
36247	1	4734.00	67.00	-67.00	0	0.726000	0.007000	-0.007000	0	0.748000	0.032000	-0.032000	0	0.0500	0.0800	-0.0800	0	-0.62342	0.02482	-0.02633	0	4.600000	0.060000	-0.060000	0
36249	1	4734.00	67.00	-67.00	0	0.726000	0.007000	-0.007000	0	0.748000	0.032000	-0.032000	0	0.0500	0.0800	-0.0800	0	-0.62342	0.02482	-0.02633	0	4.600000	0.060000	-0.060000	0
36250	1	3875.00	75.00	-75.00	0	0.581000	0.024000	-0.024000	0	0.604000	0.030000	-0.030000	0	-0.0800	0.0900	-0.0900	0								
36255	1	3065.00	50.00	-50.00	0	0.201900	0.007500	-0.007500	0	0.166700	0.004100	-0.004100	0	-0.0900	0.1100	-0.1100	0	-2.48945	0.05766	-0.06650	0	5.049000	0.043000	-0.043000	0
36256	1	4678.46			0	0.755833			0													4.577600			0
36258	1	6311.00	98.00	-98.00	0	1.810000	0.060000	-0.060000	0	1.350000	0.080000	-0.080000	0	-0.1000	0.0900	-0.0900	0	0.67117	0.03810	-0.04176	0	4.050000	0.040000	-0.040000	0
36260	1	5635.00	62.00	-62.00	0	1.050000	0.030000	-0.030000	0	0.970000	0.020000	-0.020000	0	0.1360	0.0440	-0.0440	0	-0.44370	0.01190	-0.01223	0	4.410000	0.030000	-0.030000	0
36262	1	5635.00	62.00	-62.00	0	1.050000	0.030000	-0.030000	0	0.970000	0.020000	-0.020000	0	0.1360	0.0440	-0.0440	0	-0.44370	0.01190	-0.01223	0	4.410000	0.030000	-0.030000	0
36263	1	5635.00	62.00	-62.00	0	1.050000	0.030000	-0.030000	0	0.970000	0.020000	-0.020000	0	0.1360	0.0440	-0.0440	0	-0.44370	0.01190	-0.01223	0	4.410000	0.030000	-0.030000	0
36268	1	4360.00	108.00	-108.00	0	0.697000	0.005000	-0.004000	0	0.745000	0.007000	-0.009000	0	0.1100	0.1000	-0.1000	0					4.550000	0.070000	-0.070000	0
36274	1	4360.00	108.00	-108.00	0	0.697000	0.005000	-0.004000	0	0.745000	0.007000	-0.009000	0	0.1100	0.1000	-0.1000	0					4.550000	0.070000	-0.070000	0
36278	1	6320.00	120.00	-120.00	0	1.202000	0.037000	-0.037000	0	1.119000	0.069000	-0.069000	0	-0.0390	0.0600	-0.0620	0	0.31806	0.04366	-0.04391	0	4.328000	0.028000	-0.031000	0
36280	1	5770.00	50.00	-50.00	0	0.968000	0.036000	-0.036000	0	1.022000	0.027000	-0.027000	0	0.0700	0.0600	-0.0600	0					4.470000	0.040000	-0.040000	0
36284	1	5770.00	50.00	-50.00	0	0.968000	0.036000	-0.036000	0	1.022000	0.027000	-0.027000	0	0.0700	0.0600	-0.0600	0					4.470000	0.040000	-0.040000	0
36286	1	5770.00	50.00	-50.00	0	0.968000	0.036000	-0.036000	0	1.022000	0.027000	-0.027000	0	0.0700	0.0600	-0.0600	0					4.470000	0.040000	-0.040000	0
36290	1	5770.00	50.00	-50.00	0	0.968000	0.036000	-0.036000	0	1.022000	0.027000	-0.027000	0	0.0700	0.0600	-0.0600	0					4.470000	0.040000	-0.040000	0
36295	1	5770.00	50.00	-50.00	0	0.968000	0.036000	-0.036000	0	1.022000	0.027000	-0.027000	0	0.0700	0.0600	-0.0600	0					4.470000	0.040000	-0.040000	0
36299	1	5770.00	50.00	-50.00	0	0.968000	0.036000	-0.036000	0	1.022000	0.027000	-0.027000	0	0.0700	0.0600	-0.0600	0					4.470000	0.040000	-0.040000	0
36301	1	5350.00	34.00	-34.00	0	0.934000	0.011000	-0.011000	0	0.911000	0.028000	-0.030000	0	0.1390	0.0650	-0.0650	0					4.450000	0.020000	-0.020000	0
36306	1	5030.00	60.00	-60.00	0	0.760000	0.050000	-0.050000	0	0.850000	0.100000	-0.100000	0												
36310	1	4738.00	139.00	-139.00	0	0.730000	0.050000	-0.050000	0	0.750000	0.090000	-0.090000	0												
36311	1	6054.00	81.00	-81.00	0	1.961000	0.030000	-0.030000	0	1.467000	0.024000	-0.024000	0	0.3800	0.0600	-0.0600	0	0.64246	0.02218	-0.01510	0	4.020000	0.020000	-0.020000	0
36317	1	4534.00	128.00	-128.00	0	0.690000	0.060000	-0.060000	0	0.710000	0.080000	-0.080000	0												
36321	1	5394.00	65.00	-63.00	0	0.960800	0.015800	-0.015000	0	0.983500	0.029800	-0.029000	0	0.3480	0.0560	-0.0580	0	-0.15120	0.02218	-0.02208	0	4.463000	0.022000	-0.022000	0
36323	1	5710.00	40.00	-40.00	0	1.450000	0.030000	-0.030000	0	1.230000	0.070000	-0.070000	0	0.4400	0.0400	-0.0400	0	0.30428	0.00172	-0.00173	0	4.190000	0.030000	-0.030000	0
36326	1	3476.00	51.00	-51.00	0	0.508000	0.016000	-0.016000	0	0.512000	0.020000	-0.020000	0	0.0500	0.1600	-0.1600	0	-1.46852	0.00722	-0.00734	0	4.800000	0.040000	-0.040000	0
36327	1	5737.00	62.00	-62.00	0	1.179000	0.011000	-0.011000	0	0.886000	0.036000	-0.036000	0	-0.3900	0.0400	-0.0400	0					4.340000	0.100000	-0.100000	0
36328	1	5737.00	62.00	-62.00	0	1.179000	0.011000	-0.011000	0	0.886000	0.036000	-0.036000	0	-0.3900	0.0400	-0.0400	0					4.340000	0.100000	-0.100000	0
36329	1	5737.00	62.00	-62.00	0	1.179000	0.011000	-0.011000	0	0.886000	0.036000	-0.036000	0	-0.3900	0.0400	-0.0400	0					4.340000	0.100000	-0.100000	0
36332	1	5737.00	62.00	-62.00	0	1.179000	0.011000	-0.011000	0	0.886000	0.036000	-0.036000	0	-0.3900	0.0400	-0.0400	0					4.340000	0.100000	-0.100000	0
36335	1	3403.00	100.00	-100.00	0	0.334000	0.010000	-0.010000	0	0.312000	0.007000	-0.007000	0					-1.85387	0.00921	-0.00941	0	4.880000	0.050000	-0.050000	0
36337	1	5592.00	50.00	-50.00	0	1.031000	0.022000	-0.022000	0	0.930000	0.220000	-0.220000	0	0.0600	0.0800	-0.0800	0					4.380000	0.100000	-0.100000	0
36339	1	3326.00	66.00	-66.00	0	0.404000	0.012000	-0.012000	0	0.400000	0.010000	-0.010000	0					-1.69680	0.00856	-0.00873	0				
36341	1	3326.00	66.00	-66.00	0	0.404000	0.012000	-0.012000	0	0.400000	0.010000	-0.010000	0					-1.69680	0.00856	-0.00873	0				
36342	1	5434.91			0	0.986943			0													4.413800			0
36345	1	3072.00	74.00	-74.00	0	0.560000	0.030000	-0.030000	0	0.170000	0.015000	-0.015000	0					-2.60033	0.02846	-0.03046	0				
36346	1	5696.00	188.00	-188.00	0	1.152810	0.053643	-0.053643	0													4.265630	0.273635	-0.273635	0
36349	1	3553.00	51.00	-52.00	0	0.476000	0.015000	-0.014000	0	0.485000	0.024000	-0.024000	0	0.0410	0.0690	-0.0630	0	-1.48678	0.01312	-0.01353	0	4.767000	0.033000	-0.035000	0
36350	1	5823.00	161.00	-161.00	0	1.072000	0.047000	-0.047000	0	1.058000	0.065000	-0.063000	0	0.1800	0.0500	-0.0500	0	0.07298	0.02253	-0.02260	0	4.403000	0.020000	-0.020000	0
36352	1	5823.00	161.00	-161.00	0	1.072000	0.047000	-0.047000	0	1.058000	0.065000	-0.063000	0	0.1800	0.0500	-0.0500	0	0.07298	0.02253	-0.02260	0	4.403000	0.020000	-0.020000	0
36355	1	5660.00	61.00	-61.00	0	0.877000	0.008000	-0.008000	0	0.869000	0.050000	-0.048000	0	-0.2800	0.0400	-0.0400	0	-0.14997	0.02791	-0.02983	0	4.490000	0.110000	-0.110000	0
36358	1	3997.00	51.00	-51.00	0	0.619000	0.019000	-0.019000	0	0.630000	0.024000	-0.024000	0	0.3300	0.1600	-0.1600	0	-1.05404	0.00147	-0.00148	0	4.640000	0.040000	-0.040000	0
36363	1	4089.00	54.00	-54.00	0	0.580000	0.020000	-0.020000	0	0.590000	0.020000	-0.020000	0	0.3100	0.1900	-0.1900	0	-1.08249	0.01038	-0.01063	0	4.630000	0.060000	-0.060000	0
36367	1	4089.00	54.00	-54.00	0	0.580000	0.020000	-0.020000	0	0.590000	0.020000	-0.020000	0	0.3100	0.1900	-0.1900	0	-1.08249	0.01038	-0.01063	0	4.630000	0.060000	-0.060000	0
36369	1	3515.00	79.00	-79.00	0	0.511000	0.024000	-0.024000	0	0.515000	0.027000	-0.027000	0	-0.2000	0.1600	-0.1600	0	-1.44551	0.00864	-0.00881	0	4.730000	0.120000	-0.120000	0
36372	1	4599.00	123.00	-123.00	0	0.721000	0.053000	-0.053000	0	0.730000	0.090000	-0.090000	0												
36375	1	5151.00	100.00	-100.00	0	0.860000	0.050000	-0.050000	0	0.870000	0.030000	-0.030000	0	0.1700	0.0600	-0.0600	0					4.400000	0.100000	-0.100000	0
36378	1	5213.00	71.00	-67.00	0	0.864900	0.018700	-0.017700	0	0.888900	0.030300	-0.030200	0	0.1680	0.0570	-0.0580	0	-0.30103	0.02694	-0.02595	0	4.510000	0.027000	-0.028000	0
36379	1	5213.00	71.00	-67.00	0	0.864900	0.018700	-0.017700	0	0.888900	0.030300	-0.030200	0	0.1680	0.0570	-0.0580	0	-0.30103	0.02694	-0.02595	0	4.510000	0.027000	-0.028000	0
36382	1	5213.00	71.00	-67.00	0	0.864900	0.018700	-0.017700	0	0.888900	0.030300	-0.030200	0	0.1680	0.0570	-0.0580	0	-0.30103	0.02694	-0.02595	0	4.510000	0.027000	-0.028000	0
36386	1	5205.00	56.00	-62.00	0	0.868600	0.013300	-0.013400	0	0.904200	0.027300	-0.027500	0	0.2230	0.0570	-0.0560	0	-0.30016	0.02115	-0.02223	0	4.515000	0.022000	-0.022000	0
36387	1	5497.00	69.00	-67.00	0	0.978500	0.017500	-0.016400	0	1.006200	0.031800	-0.031800	0	0.2970	0.0570	-0.0590	0	-0.10127	0.02192	-0.02424	0	4.457000	0.023000	-0.023000	0
36390	1	5320.00	39.00	-39.00	0	0.848000	0.011000	-0.011000	0	0.859000	0.044000	-0.038000	0	-0.0200	0.0300	-0.0300	0	-0.28483	0.01319	-0.01360	0	4.516000	0.024000	-0.024000	0
36394	1	5320.00	39.00	-39.00	0	0.848000	0.011000	-0.011000	0	0.859000	0.044000	-0.038000	0	-0.0200	0.0300	-0.0300	0	-0.28483	0.01319	-0.01360	0	4.516000	0.024000	-0.024000	0
36398	1	5320.00	39.00	-39.00	0	0.848000	0.011000	-0.011000	0	0.859000	0.044000	-0.038000	0	-0.0200	0.0300	-0.0300	0	-0.28483	0.01319	-0.01360	0	4.516000	0.024000	-0.024000	0
36401	1	4775.00	100.00	-100.00	0	0.711000	0.020000	-0.019000	0	0.744000	0.064000	-0.059000	0	-0.5000	0.5000	-0.5000	0					4.605000	0.013000	-0.013000	0
36405	1	4227.00	85.00	-85.00	0	0.672000	0.010000	-0.010000	0	0.679000	0.095000	-0.057000	0	-0.1000	0.0700	-0.0700	0	-0.88941	0.01326	-0.01368	0	4.570000	0.050000	-0.050000	0
36407	1	4227.00	85.00	-85.00	0	0.672000	0.010000	-0.010000	0	0.679000	0.095000	-0.057000	0	-0.1000	0.0700	-0.0700	0	-0.88941	0.01326	-0.01368	0	4.570000	0.050000	-0.050000	0
36410	1	4227.00	85.00	-85.00	0	0.672000	0.010000	-0.010000	0	0.679000	0.095000	-0.057000	0	-0.1000	0.0700	-0.0700	0	-0.88941	0.01326	-0.01368	0	4.570000	0.050000	-0.050000	0
36415	1	3563.00	77.00	-77.00	0	0.423200	0.007700	-0.007900	0	0.437000	0.021000	-0.021000	0	-0.1090	0.0920	-0.0920	0	-1.58021	0.01157	-0.01257	0	4.826000	0.020000	-0.021000	0
36416	1	3563.00	77.00	-77.00	0	0.423200	0.007700	-0.007900	0	0.437000	0.021000	-0.021000	0	-0.1090	0.0920	-0.0920	0	-1.58021	0.01157	-0.01257	0	4.826000	0.020000	-0.021000	0
36423	1	3563.00	77.00	-77.00	0	0.423200	0.007700	-0.007900	0	0.437000	0.021000	-0.021000	0	-0.1090	0.0920	-0.0920	0	-1.58021	0.01157	-0.01257	0	4.826000	0.020000	-0.021000	0
36427	1	5300.00	100.00	-100.00	0	0.920000	0.060000	-0.060000	0	0.960000	0.040000	-0.040000	0	0.3600	0.0600	-0.0600	0					4.550000	0.100000	-0.100000	0
36430	1	5499.00	63.00	-60.00	0	0.852100	0.014400	-0.013100	0	0.902700	0.024900	-0.026200	0	-0.0490	0.0580	-0.0570	0	-0.21968	0.02314	-0.02292	0	4.531000	0.019000	-0.021000	0
36432	1	5554.02			0	0.848906			0													4.531500			0
36433	1	5065.00	52.00	-50.00	0	0.793400	0.010200	-0.009600	0	0.877200	0.014500	-0.016400	0	0.1820	0.0540	-0.0560	0	-0.42597	0.02146	-0.02258	0	4.582000	0.009000	-0.012000	0
36437	1	5065.00	52.00	-50.00	0	0.793400	0.010200	-0.009600	0	0.877200	0.014500	-0.016400	0	0.1820	0.0540	-0.0560	0	-0.42597	0.02146	-0.02258	0	4.582000	0.009000	-0.012000	0
36439	1	5690.00	40.00	-40.00	0	1.060000	0.020000	-0.020000	0	1.060000	0.060000	-0.060000	0	0.0700	0.0400	-0.0400	0	0.02938	0.00404	-0.00408	0	4.370000	0.030000	-0.030000	0
36440	1	3799.00	42.00	-42.00	0	0.573000	0.012000	-0.012000	0	0.540000	0.020000	-0.020000	0	-0.0100	0.2800	-0.2800	0	-1.21183	0.00071	-0.00071	0	4.680000	0.100000	-0.100000	0
36443	1	5457.00	67.00	-68.00	0	0.842600	0.013800	-0.012800	0	0.878400	0.026700	-0.025300	0	-0.0790	0.0560	-0.0590	0	-0.24336	0.02224	-0.02264	0	4.529000	0.021000	-0.023000	0
36444	1	6086.00			0	1.130000			0	0.851969			0									4.262690			0
36449	1	5388.00	68.00	-66.00	0	0.958300	0.016600	-0.016700	0	0.955200	0.031900	-0.030400	0	0.2570	0.0580	-0.0580	0	-0.15490	0.02296	-0.02293	0	4.453000	0.024000	-0.023000	0
36450	1	5388.00	68.00	-66.00	0	0.958300	0.016600	-0.016700	0	0.955200	0.031900	-0.030400	0	0.2570	0.0580	-0.0580	0	-0.15490	0.02296	-0.02293	0	4.453000	0.024000	-0.023000	0
36453	1	6139.95			0	1.810900			0													4.095900			0
36454	1	5718.00	58.00	-78.00	0	1.556600	0.029700	-0.026600	0	1.157800	0.063800	-0.050800	0	0.2830	0.0600	-0.0590	0	0.36847	0.02229	-0.02447	0	4.119000	0.022000	-0.030000	0
36456	1	5718.00	58.00	-78.00	0	1.556600	0.029700	-0.026600	0	1.157800	0.063800	-0.050800	0	0.2830	0.0600	-0.0590	0	0.36847	0.02229	-0.02447	0	4.119000	0.022000	-0.030000	0
36457	1	6280.00	50.00	-50.00	0	1.700000	0.030000	-0.030000	0	1.380000	0.080000	-0.080000	0	0.2600	0.0600	-0.0600	0	0.58659	0.01220	-0.01256	0	4.100000	0.080000	-0.080000	0
36459	1	5567.00	78.00	-72.00	0	1.703100	0.033000	-0.030300	0	1.157600	0.027700	-0.022700	0	0.4050	0.0590	-0.0180	0	0.40157	0.02429	-0.02372	0	4.035000	0.023000	-0.016000	0
36464	1	5752.00	69.00	-99.00	0	1.453600	0.027500	-0.023900	0	1.218700	0.024600	-0.056800	0	0.3970	0.0610	-0.0580	0	0.32056	0.02008	-0.02588	0	4.194000	0.020000	-0.024000	0
36468	1	4820.00	32.00	-32.00	0	0.732000	0.048000	-0.048000	0	0.770000	0.090000	-0.090000	0												
36471	1	5397.00	46.00	-46.00	0	0.900000	0.020000	-0.020000	0	0.970000	0.060000	-0.060000	0	0.1600	0.1000	-0.1000	0	-0.22185	0.03476	-0.03779	0	4.480000	0.230000	-0.230000	0
36473	1	6274.00	97.00	-97.00	0	1.925000	0.064000	-0.063000	0	1.464000	0.076000	-0.079000	0	0.1190	0.0780	-0.0770	0	0.71349	0.03933	-0.03955	0	4.034000	0.032000	-0.033000	0
36479	1					1.313000	0.003800	-0.003800	0	1.093600	0.007200	-0.007200	0												
36480	1					1.313000	0.003800	-0.003800	0	1.093600	0.007200	-0.007200	0												
36483	1	5099.00	50.00	-50.00	0	0.780000	0.050000	-0.050000	0	0.820000	0.100000	-0.100000	0	-0.0100	0.0800	-0.0800	0					4.610000	0.100000	-0.100000	0
36484	1	5099.00	50.00	-50.00	0	0.780000	0.050000	-0.050000	0	0.820000	0.100000	-0.100000	0	-0.0100	0.0800	-0.0800	0					4.610000	0.100000	-0.100000	0
36487	1	5464.00	100.00	-100.00	0	0.830000	0.030000	-0.030000	0	0.913000	0.033000	-0.033000	0	0.0400	0.0600	-0.0600	0	-0.25964	0.01551	-0.01609	0	4.640000	0.100000	-0.100000	0
36490	1	5464.00	100.00	-100.00	0	0.830000	0.030000	-0.030000	0	0.913000	0.033000	-0.033000	0	0.0400	0.0600	-0.0600	0	-0.25964	0.01551	-0.01609	0	4.640000	0.100000	-0.100000	0
36493	1	5735.00	75.00	-77.00	0	1.023500	0.018000	-0.016700	0	1.036300	0.034900	-0.035200	0	0.1490	0.0590	-0.0580	0	0.01030	0.02473	-0.02442	0	4.431000	0.022000	-0.024000	0
36496	1	5735.00	75.00	-77.00	0	1.023500	0.018000	-0.016700	0	1.036300	0.034900	-0.035200	0	0.1490	0.0590	-0.0580	0	0.01030	0.02473	-0.02442	0	4.431000	0.022000	-0.024000	0
36498	1	4570.00	50.00	-50.00	0	0.700700	0.057500	-0.057500	0	0.690000	0.085200	-0.085200	0	-0.2380	0.0800	-0.0800	0					4.705000	0.100000	-0.100000	0
36501	1	6117.00	31.00	-31.00	0	1.530000	0.020000	-0.020000	0	1.312000	0.009000	-0.009000	0	0.2500	0.0600	-0.0600	0	0.47129	0.01443	-0.01493	0	4.100000	0.060000	-0.060000	0
36502	1	6117.00	31.00	-31.00	0	1.530000	0.020000	-0.020000	0	1.312000	0.009000	-0.009000	0	0.2500	0.0600	-0.0600	0	0.47129	0.01443	-0.01493	0	4.100000	0.060000	-0.060000	0
36504	1	4635.00	52.00	-52.00	0	0.755800	0.024000	-0.020000	0	0.794100	0.020900	-0.022500	0	0.3280	0.0770	-0.0920	0	-0.62160	0.03658	-0.03401	0	4.579000	0.025000	-0.036000	0
36507	1	4635.00	52.00	-52.00	0	0.755800	0.024000	-0.020000	0	0.794100	0.020900	-0.022500	0	0.3280	0.0770	-0.0920	0	-0.62160	0.03658	-0.03401	0	4.579000	0.025000	-0.036000	0
36509	1	4115.00	42.00	-45.00	0	0.614000	0.018500	-0.016900	0	0.604500	0.014800	-0.012900	0	0.0120	0.0710	-0.0750	0	-1.01323	0.03853	-0.03253	0	4.640000	0.015000	-0.016000	0
36512	1	4884.00	70.00	-70.00	0	0.793000	0.036000	-0.028000	0	0.798000	0.035000	-0.044000	0	0.0800	0.0500	-0.0500	0					4.520000	0.050000	-0.050000	0
36514	1	5510.00	110.00	-110.00	0	0.923000	0.024000	-0.024000	0	0.987000	0.048000	-0.048000	0	0.2800	0.0740	-0.0740	0	-0.15181	0.03490	-0.03796	0	4.502000	0.029000	-0.029000	0
36517	1																								
36519	1																								
36520	1	7690.00	400.00	-250.00	0	1.920000	0.070000	-0.070000	0	1.900000	0.100000	-0.080000	0	0.0900	0.0300	-0.0300	0	1.06819	0.07794	-0.04700	0	4.150000	0.040000	-0.040000	0
36524	1	6008.00	113.00	-113.00	0	1.170000	0.110000	-0.120000	0	1.100000	0.100000	-0.100000	0	-0.4924	0.4983	-0.4983	0	0.28466	0.00516	-0.00522	0	4.260000	0.040000	-0.040000	0
36525	1	5230.00	60.00	-60.00	0	0.820000	0.017000	-0.017000	0	0.876000	0.038000	-0.038000	0	0.0300	0.0600	-0.0600	0	-0.34679	0.01889	-0.01974	0	4.500000	0.070000	-0.070000	0
36528	1	5230.00	60.00	-60.00	0	0.820000	0.017000	-0.017000	0	0.876000	0.038000	-0.038000	0	0.0300	0.0600	-0.0600	0	-0.34679	0.01889	-0.01974	0	4.500000	0.070000	-0.070000	0
36530	1	5841.00	63.00	-65.00	0	1.618400	0.027800	-0.028300	0	1.231300	0.035100	-0.077300	0	0.2260	0.0580	-0.0660	0	0.44091	0.02149	-0.02344	0	4.106000	0.021000	-0.027000	0
36532	1	3330.00	160.00	-160.00	0	0.310000	0.010000	-0.010000	0	0.290000	0.020000	-0.020000	0									4.920000	0.040000	-0.040000	0
36534	1	5224.00	59.00	-58.00	0	0.751100	0.034600	-0.027700	0	0.766300	0.023400	-0.027200	0	-0.2940	0.0590	-0.0590	0	-0.42022	0.04553	-0.03945	0	4.564000	0.039000	-0.046000	0
36537	1	5460.00	66.00	-66.00	0	0.910500	0.015400	-0.014600	0	0.951300	0.029900	-0.032100	0	0.1460	0.0570	-0.0590	0	-0.17587	0.02406	-0.02341	0	4.496000	0.021000	-0.024000	0
36540	1	3412.00	28.00	-32.00	0	0.380000	0.007000	-0.007000	0	0.372000	0.009000	-0.009000	0	0.3700	0.1400	-0.1400	0	-1.75498	0.00735	-0.00823	0	4.849000	0.019000	-0.019000	0
36542	1	3437.00	86.00	-86.00	0	0.483000	0.025000	-0.025000	0	0.480000	0.024000	-0.024000	0	-0.1200	0.1700	-0.1700	0					4.760000	0.040000	-0.040000	0
36543	1	3437.00	86.00	-86.00	0	0.483000	0.025000	-0.025000	0	0.480000	0.024000	-0.024000	0	-0.1200	0.1700	-0.1700	0					4.760000	0.040000	-0.040000	0
36544	1	5801.00	77.00	-78.00	0	1.016200	0.018100	-0.017200	0	1.002200	0.036400	-0.034000	0	0.0190	0.0580	-0.0600	0	0.02449	0.02357	-0.02449	0	4.424000	0.023000	-0.025000	0
36546	1	3185.00	50.00	-50.00	0	0.275000	0.009000	-0.009000	0	0.249000	0.008000	-0.008000	0	-0.0700	0.0200	-0.0200	0	-2.15490	0.03572	-0.03892	0	4.950000	0.030000	-0.030000	0
36548	1	4975.00	68.00	-68.00	0	0.720000	0.029000	-0.029000	0	0.715000	0.035000	-0.035000	0	-0.3100	0.0600	-0.0600	0					4.576000	0.015000	-0.015000	0
36551	1	4975.00	68.00	-68.00	0	0.720000	0.029000	-0.029000	0	0.715000	0.035000	-0.035000	0	-0.3100	0.0600	-0.0600	0					4.576000	0.015000	-0.015000	0
36553	1	4435.39			0	0.749646			0													4.601400			0
36554	1	3834.00	157.00	-157.00	0	0.491000	0.015000	-0.015000	0	0.489000	0.020000	-0.020000	0												
36558	1	3376.00	45.00	-44.00	0	0.371400	0.010000	-0.010000	0	0.352700	0.008100	-0.007900	0	-0.0100	0.2100	-0.2200	0	-1.79210	0.01429	-0.01422	0	4.846000	0.025000	-0.025000	0
36562	1	3376.00	45.00	-44.00	0	0.371400	0.010000	-0.010000	0	0.352700	0.008100	-0.007900	0	-0.0100	0.2100	-0.2200	0	-1.79210	0.01429	-0.01422	0	4.846000	0.025000	-0.025000	0
36566	1	3709.00	11.00	-11.00	0	0.469000	0.003000	-0.003000	0	0.471000	0.011000	-0.011000	0	0.0000	0.0300	-0.0300	0	-1.42481	0.00115	-0.00116	0	4.770000	0.020000	-0.020000	0
36567	1	3709.00	11.00	-11.00	0	0.469000	0.003000	-0.003000	0	0.471000	0.011000	-0.011000	0	0.0000	0.0300	-0.0300	0	-1.42481	0.00115	-0.00116	0	4.770000	0.020000	-0.020000	0
36570	1	5100.00	50.00	-50.00	0	0.840000	0.020000	-0.020000	0	0.870000	0.060000	-0.060000	0	0.2700	0.0900	-0.0900	0					4.500000	0.100000	-0.100000	0
36571	1	5100.00	50.00	-50.00	0	0.840000	0.020000	-0.020000	0	0.870000	0.060000	-0.060000	0	0.2700	0.0900	-0.0900	0					4.500000	0.100000	-0.100000	0
36573	1																								
36579	1	6255.00	90.00	-90.00	0	1.526000	0.012000	-0.012000	0	1.351000	0.038000	-0.026000	0	0.2800	0.0360	-0.0360	0	0.49651	0.04469	-0.03909	0	4.130000	0.009000	-0.009000	0
36581	1	6520.00	90.00	-90.00	0	1.140000	0.020000	-0.020000	0	1.140000	0.060000	-0.060000	0	-0.0500	0.1000	-0.1000	0					4.250000	0.150000	-0.150000	0
36585	1	7299.00	98.00	-100.00	0	1.942000	0.043000	-0.043000	0	1.880000	0.130000	-0.120000	0	-0.1000	0.1200	-0.1200	0	0.98408	0.03002	-0.03032	0	4.136000	0.011000	-0.011000	0
36589	1	5404.00	70.00	-67.00	0	1.167000	0.017000	-0.014000	0	0.948000	0.023000	-0.018000	0	0.2400	0.0900	-0.0900	0	0.01995	0.02223	-0.02082	0	4.281000	0.011000	-0.011000	0
36591	1	7287.00	69.00	-73.00	0	1.620000	0.014000	-0.014000	0	1.661000	0.017000	-0.019000	0	0.3000	0.0100	-0.0100	0	0.82217	0.01857	-0.01939	0	4.230000	0.010000	-0.010000	0
36594	1	5982.00	78.00	-64.00	0	2.195000	0.062200	-0.062300	0	1.505500	0.034700	-0.050500	0	0.3430	0.0520	-0.0580	0	0.74772	0.03007	-0.03097	0	3.928000	0.022000	-0.025000	0
36597	1	6495.00	90.00	-90.00	0	1.648000	0.023000	-0.025000	0	1.435200	0.029000	-0.028000	0	0.2200	0.0410	-0.0410	0	0.63649	0.02438	-0.02647	0	4.187000	0.011000	-0.011000	0
36598	1	5504.00	130.00	-130.00	0	0.830000	0.040000	-0.040000	0	0.950000	0.130000	-0.130000	0												
36600	1	3550.00	69.00	-69.00	0	0.450000	0.013000	-0.013000	0	0.502000	0.014000	-0.014000	0	0.2300	0.0700	-0.0800	0	-1.53910	0.04016	-0.04094	0	4.833000	0.028000	-0.028000	0
36605	1	3472.00	70.00	-70.00	0	0.450000	0.016000	-0.016000	0	0.451000	0.015000	-0.015000	0	0.1900	0.1200	-0.1200	0	-1.57840	0.04674	-0.04686	0	4.787000	0.027000	-0.027000	0
36607	1	4850.00	50.00	-50.00	0	0.810000	0.020000	-0.020000	0	0.830000	0.060000	-0.060000	0	0.2000	0.0900	-0.0900	0					4.500000	0.100000	-0.100000	0
36609	1	5977.00	131.00	-131.00	0	1.006000	0.048000	-0.048000	0	1.100000	0.140000	-0.140000	0												
36611	1	5497.00	73.00	-72.00	0	1.056100	0.018800	-0.018300	0	0.986700	0.032200	-0.030900	0	0.2740	0.0590	-0.0600	0	-0.03574	0.02385	-0.02374	0	4.382000	0.024000	-0.023000	0
36612	1	5497.00	73.00	-72.00	0	1.056100	0.018800	-0.018300	0	0.986700	0.032200	-0.030900	0	0.2740	0.0590	-0.0600	0	-0.03574	0.02385	-0.02374	0	4.382000	0.024000	-0.023000	0
36615	1	6170.00	61.00	-61.00	0	1.316000	0.019000	-0.019000	0	1.210000	0.020000	-0.020000	0	0.0900	0.0700	-0.0700	0					4.290000	0.110000	-0.110000	0
36616	1	6170.00	61.00	-61.00	0	1.316000	0.019000	-0.019000	0	1.210000	0.020000	-0.020000	0	0.0900	0.0700	-0.0700	0					4.290000	0.110000	-0.110000	0
36619	1	3225.00	99.00	-100.00	0	0.210600	0.006100	-0.004800	0	0.179800	0.004400	-0.004400	0	0.0400	0.2000	-0.2000	0	-2.36251	0.05799	-0.05885	0	5.046000	0.027000	-0.021000	0
36622	1	4402.00			0	0.700000			0	0.694661			0									4.590000			0
36629	1	3470.00	102.00	-102.00	0	0.462000	0.013000	-0.013000	0	0.466000	0.019000	-0.019000	0	0.0100	0.1200	-0.1200	0					4.680000	0.110000	-0.110000	0
36632	1	5880.00	54.00	-49.00	0	1.288000	0.020000	-0.019000	0	1.147000	0.069000	-0.075000	0	0.2400	0.0900	-0.0900	0	0.25261	0.01573	-0.01507	0	4.278000	0.029000	-0.033000	0
36636	1	5759.00	187.00	-187.00	0	1.000000	0.050000	-0.050000	0	1.030000	0.140000	-0.140000	0												
36639	1	3499.00	70.00	-70.00	0	0.460000	0.010000	-0.010000	0	0.490000	0.030000	-0.030000	0									4.800000	0.030000	-0.030000	0
36640	1	5058.00	60.00	-56.00	0	0.803600	0.012900	-0.012000	0	0.853000	0.022700	-0.024900	0	0.1310	0.0540	-0.0550	0	-0.41794	0.02324	-0.02335	0	4.558000	0.019000	-0.023000	0
36645	1	5058.00	60.00	-56.00	0	0.803600	0.012900	-0.012000	0	0.853000	0.022700	-0.024900	0	0.1310	0.0540	-0.0550	0	-0.41794	0.02324	-0.02335	0	4.558000	0.019000	-0.023000	0
36647	1	3690.00	50.00	-50.00	0	0.515000	0.015000	-0.015000	0	0.513000	0.012000	-0.012000	0	0.0000	0.5000	-0.5000	0	-1.35360	0.03484	-0.03574	0	4.725000	0.027000	-0.026000	0
36650	1	3185.00	76.00	-76.00	0	0.277500	0.008000	-0.008000	0	0.255000	0.006600	-0.006600	0	0.3360	0.0600	-0.0600	0	-2.14813	0.04795	-0.04841	0	4.959000	0.026000	-0.026000	0
36652	1	5684.00	64.00	-68.00	0	0.957400	0.016200	-0.015300	0	1.025800	0.023600	-0.029700	0	0.1470	0.0450	-0.0530	0	-0.06349	0.02443	-0.02429	0	4.486000	0.015000	-0.020000	0
36656	1	5879.00	141.00	-141.00	0	1.240000	0.070000	-0.070000	0	1.070000	0.140000	-0.140000	0												
36659	1	5304.91			0	0.939285			0													4.460600			0
36661	1	5645.00	50.00	-50.00	0	1.777000	0.047000	-0.044000	0	1.128000	0.065000	-0.061000	0	0.1480	0.0790	-0.0800	0	0.46090	0.02765	-0.02793	0	3.993000	0.027000	-0.028000	0
36664	1	5999.55			0	1.094140			0													4.326500			0
36667	1	5777.00	125.00	-125.00	0	1.090000	0.050000	-0.050000	0	1.040000	0.130000	-0.130000	0												
36669	1	3980.00	31.00	-32.00	0	0.624300	0.010000	-0.009700	0	0.646000	0.023000	-0.022000	0	0.2500	0.1000	-0.1000	0	-1.05552	0.00976	-0.00998	0	4.657000	0.017000	-0.017000	0
36672	1	4201.93			0	0.632571			0													4.653700			0
36675	1	5636.00	86.00	-80.00	0	1.428600	0.026700	-0.024900	0	1.037300	0.036800	-0.033100	0	0.1480	0.0610	-0.0580	0	0.27068	0.02642	-0.02566	0	4.142000	0.024000	-0.024000	0
36679	1	5636.00	86.00	-80.00	0	1.428600	0.026700	-0.024900	0	1.037300	0.036800	-0.033100	0	0.1480	0.0610	-0.0580	0	0.27068	0.02642	-0.02566	0	4.142000	0.024000	-0.024000	0
36682	1	4814.00	125.00	-125.00	0	0.781000	0.054000	-0.054000	0	0.780000	0.090000	-0.090000	0												
36685	1	5815.00	76.00	-73.00	0	1.131000	0.018100	-0.018500	0	1.086100	0.034000	-0.033300	0	0.1930	0.0630	-0.0580	0	0.12123	0.02210	-0.02293	0	4.365000	0.022000	-0.021000	0
36687	1	3277.00	78.00	-77.00	0	0.338000	0.014000	-0.014000	0	0.339000	0.027000	-0.031000	0	0.2200	0.1400	-0.1500	0					4.909000	0.032000	-0.033000	0
36689	1	6179.00	125.00	-125.00	0	1.140000	0.050000	-0.050000	0	1.180000	0.160000	-0.160000	0												
36690	1	3985.00	55.00	-55.00	0	0.550000	0.030000	-0.030000	0	0.580000	0.030000	-0.030000	0	-0.2600	0.0800	-0.0800	0					4.700000	0.050000	-0.050000	0
36693	1	3985.00	55.00	-55.00	0	0.550000	0.030000	-0.030000	0	0.580000	0.030000	-0.030000	0	-0.2600	0.0800	-0.0800	0					4.700000	0.050000	-0.050000	0
36694	1	3985.00	55.00	-55.00	0	0.550000	0.030000	-0.030000	0	0.580000	0.030000	-0.030000	0	-0.2600	0.0800	-0.0800	0					4.700000	0.050000	-0.050000	0
36697	1	4683.75			0	0.768675			0													4.535800			0
36699	1	5970.00	86.00	-84.00	0	1.313700	0.025100	-0.025000	0	0.938200	0.036300	-0.032900	0	-0.3730	0.0570	-0.0600	0	0.29732	0.02552	-0.02618	0	4.171000	0.025000	-0.024000	0
36702	1	3762.00	77.00	-77.00	0	0.530000	0.015000	-0.015000	0	0.524000	0.012000	-0.012000	0	-0.1100	0.1100	-0.1100	0	-1.29671	0.04100	-0.04528	0	4.710000	0.026000	-0.026000	0
36703	1	3762.00	77.00	-77.00	0	0.530000	0.015000	-0.015000	0	0.524000	0.012000	-0.012000	0	-0.1100	0.1100	-0.1100	0	-1.29671	0.04100	-0.04528	0	4.710000	0.026000	-0.026000	0
36706	1	5621.00	76.00	-72.00	0	0.971500	0.020700	-0.020300	0	0.948300	0.034300	-0.033000	0	0.0260	0.0590	-0.0590	0	-0.06956	0.02669	-0.02572	0	4.438000	0.026000	-0.026000	0
36707	1	3891.86			0	0.562607			0													4.635500			0
36711	1	5169.00	122.00	-122.00	0	0.810000	0.050000	-0.050000	0	0.880000	0.110000	-0.110000	0												
36714	1	4065.00	51.00	-51.00	0	0.597000	0.015000	-0.015000	0	0.606000	0.020000	-0.020000	0	0.0500	0.1600	-0.1600	0	-1.05715	0.00311	-0.00313	0	4.650000	0.040000	-0.040000	0
36717	1	5994.00	121.00	-121.00	0	1.100000	0.050000	-0.050000	0	1.100000	0.150000	-0.150000	0												
36718	1	5583.00	110.00	-110.00	0	0.995000	0.046000	-0.046000	0	0.990000	0.130000	-0.130000	0												
36722	1	5746.00	59.00	-59.00	0	1.130300	0.006900	-0.006900	0	0.991000	0.027000	-0.020000	0	-0.0200	0.0500	-0.0500	0					4.330000	0.020000	-0.010000	0
36723	1	5284.00	50.00	-51.00	0	0.828800	0.011500	-0.009900	0	0.921800	0.014300	-0.015400	0	0.1620	0.0330	-0.0470	0	-0.31605	0.02020	-0.02025	0	4.565000	0.008000	-0.011000	0
36725	1	5785.00	74.00	-72.00	0	0.935600	0.016400	-0.016200	0	0.919600	0.032800	-0.031700	0	-0.1930	0.0600	-0.0600	0	-0.05306	0.02340	-0.02318	0	4.457000	0.024000	-0.024000	0
36728	1	5859.00	102.00	-102.00	0	0.980000	0.040000	-0.040000	0	1.060000	0.130000	-0.130000	0												
36729	1	4316.00	70.00	-70.00	0	0.662000	0.010000	-0.010000	0	0.647000	0.030000	-0.029000	0	-0.2300	0.0500	-0.0500	0	-0.86646	0.03081	-0.03317	0	4.450000	0.150000	-0.150000	0
36733	1	4316.00	70.00	-70.00	0	0.662000	0.010000	-0.010000	0	0.647000	0.030000	-0.029000	0	-0.2300	0.0500	-0.0500	0	-0.86646	0.03081	-0.03317	0	4.450000	0.150000	-0.150000	0
36734	1	4316.00	70.00	-70.00	0	0.662000	0.010000	-0.010000	0	0.647000	0.030000	-0.029000	0	-0.2300	0.0500	-0.0500	0	-0.86646	0.03081	-0.03317	0	4.450000	0.150000	-0.150000	0
36739	1	4316.00	70.00	-70.00	0	0.662000	0.010000	-0.010000	0	0.647000	0.030000	-0.029000	0	-0.2300	0.0500	-0.0500	0	-0.86646	0.03081	-0.03317	0	4.450000	0.150000	-0.150000	0
36742	1	4316.00	70.00	-70.00	0	0.662000	0.010000	-0.010000	0	0.647000	0.030000	-0.029000	0	-0.2300	0.0500	-0.0500	0	-0.86646	0.03081	-0.03317	0	4.450000	0.150000	-0.150000	0
36743	1	4316.00	70.00	-70.00	0	0.662000	0.010000	-0.010000	0	0.647000	0.030000	-0.029000	0	-0.2300	0.0500	-0.0500	0	-0.86646	0.03081	-0.03317	0	4.450000	0.150000	-0.150000	0
36746	1	4336.00	121.00	-121.00	0	0.669000	0.056000	-0.056000	0	0.680000	0.080000	-0.080000	0												
36749	1	4336.00	121.00	-121.00	0	0.669000	0.056000	-0.056000	0	0.680000	0.080000	-0.080000	0												
36751	1	5991.00	55.00	-55.00	0	2.168000	0.036000	-0.034000	0	1.507000	0.059000	-0.140000	0	0.3730	0.0710	-0.0860	0	0.73640	0.01179	-0.01130	0	3.943000	0.023000	-0.043000	0
36756	1	5631.00	78.00	-74.00	0	1.316200	0.023000	-0.023000	0	0.969800	0.032800	-0.030800	0	0.0350	0.0520	-0.0610	0	0.19728	0.02439	-0.02409	0	4.184000	0.023000	-0.022000	0
36760	1	5165.00	104.00	-104.00	0	0.780000	0.040000	-0.040000	0	0.870000	0.110000	-0.110000	0												
36763	1	5165.00	104.00	-104.00	0	0.780000	0.040000	-0.040000	0	0.870000	0.110000	-0.110000	0												
36765	1	5690.00	123.00	-123.00	0	0.957000	0.046000	-0.046000	0	1.010000	0.130000	-0.130000	0												
36769	1	3863.00	77.00	-77.00	0	0.547000	0.025000	-0.023000	0	0.556000	0.042000	-0.035000	0	-0.1900	0.0400	-0.0400	0	-1.23003	0.00999	-0.01022	0	4.780000	0.050000	-0.050000	0
36772	1	4687.00	65.00	-65.00	0	0.715000	0.005000	-0.005000	0	0.756000	0.050000	-0.042000	0	0.0140	0.0600	-0.0600	0	-0.65365	0.02471	-0.02621	0	4.620000	0.100000	-0.100000	0
36773	1	4687.00	65.00	-65.00	0	0.715000	0.005000	-0.005000	0	0.756000	0.050000	-0.042000	0	0.0140	0.0600	-0.0600	0	-0.65365	0.02471	-0.02621	0	4.620000	0.100000	-0.100000	0
36776	1	3272.00			0	0.401575			0	0.392935			0									4.825210			0
36780	1	4914.00	60.00	-58.00	0	0.746000	0.020600	-0.021100	0	0.804800	0.023100	-0.025800	0	0.0440	0.0880	-0.0950	0	-0.53313	0.03419	-0.03390	0	4.598000	0.016000	-0.024000	0
36781	1	4994.00	50.00	-50.00	0	0.745000	0.024000	-0.024000	0	0.822000	0.040000	-0.040000	0	0.2720	0.0800	-0.0800	0	-0.52578	0.01574	-0.01633	0	4.608000	0.035000	-0.035000	0
36784	1	4766.00	52.00	-54.00	0	0.769000	0.019000	-0.017000	0	0.817000	0.033000	-0.030000	0	0.3060	0.0760	-0.0770	0	-0.56019	0.01106	-0.01119	0	4.579000	0.022000	-0.025000	0
36785	1	4872.84			0	2.389500			0													3.671200			0
36787	1	5734.00	50.00	-50.00	0	1.510000	0.060000	-0.060000	0	1.040000	0.130000	-0.130000	0	0.1400	0.1500	-0.1500	0					4.240000	0.050000	-0.050000	0
36790	1	4927.00	58.00	-57.00	0	0.804900	0.033900	-0.025800	0	0.841400	0.025900	-0.027800	0	0.2430	0.0920	-0.0880	0	-0.46092	0.04185	-0.03802	0	4.548000	0.032000	-0.046000	0
36792	1	5165.00	57.00	-57.00	0	0.812300	0.012100	-0.010500	0	0.880100	0.019300	-0.022200	0	0.1240	0.0560	-0.0550	0	-0.37263	0.02294	-0.02314	0	4.562000	0.014000	-0.019000	0
36793	1	6380.00	150.00	-150.00	0	1.577000	0.060000	-0.060000	0	1.307000	0.077000	-0.076000	0	-0.1010	0.0790	-0.0790	0	0.56820	0.05297	-0.05233	0	4.159000	0.039000	-0.039000	0
36798	1	6237.00	91.00	-69.00	0	1.645400	0.032000	-0.025300	0	1.251800	0.024300	-0.040400	0	-0.1360	0.0730	-0.0340	0	0.56984	0.02576	-0.02231	0	4.098000	0.018000	-0.022000	0
36799	1	5315.91			0	0.848099			0													4.512600			0
36801	1	5315.91			0	0.848099			0													4.512600			0
36805	1	6039.00	93.00	-89.00	0	2.032000	0.037000	-0.040100	0	1.464300	0.029200	-0.036200	0	0.3320	0.0600	-0.0600	0	0.69504	0.02644	-0.02638	0	3.986000	0.018000	-0.021000	0
36807	1	3568.00	47.00	-41.00	0	0.397000	0.011000	-0.012000	0	0.418000	0.025000	-0.025000	0	0.1690	0.0510	-0.0550	0	-1.63714	0.01335	-0.01339	0	4.862000	0.027000	-0.027000	0
36809	1	4985.00	70.00	-70.00	0	0.808000	0.013000	-0.013000	0	0.837000	0.039000	-0.039000	0	0.1100	0.0800	-0.0800	0	-0.43227	0.01079	-0.01107	0	4.490000	0.110000	-0.110000	0
36811	1	5359.00	89.00	-83.00	0	1.041000	0.031000	-0.033000	0	0.987000	0.058000	-0.045000	0	0.3990	0.0690	-0.0790	0	-0.09474	0.01643	-0.01652	0	4.397000	0.040000	-0.031000	0
36812	1	6341.00	68.00	-70.00	0	1.360000	0.100000	-0.120000	0	1.287000	0.061000	-0.061000	0	0.1200	0.0540	-0.0560	0					4.285000	0.069000	-0.067000	0
36815	1	5752.00	100.00	-100.00	0	0.940000	0.020000	-0.020000	0	0.990000	0.030000	-0.030000	0	0.0400	0.0600	-0.0600	0					4.580000	0.100000	-0.100000	0
36816	1	5597.99			0	0.971675			0													4.476200			0
36818	1	3477.00	157.00	-157.00	0	0.494000	0.015000	-0.015000	0	0.492000	0.021000	-0.021000	0					-1.49377	0.09430	-0.12063	0	4.500000			-1
36821	1	6241.00	88.00	-85.00	0	1.613100	0.029200	-0.031200	0	1.248400	0.026100	-0.037500	0	-0.0950	0.0590	-0.0710	0	0.55121	0.02675	-0.01998	0	4.116000	0.019000	-0.022000	0
36824	1	3926.00	45.00	-47.00	0	0.607000	0.017000	-0.016000	0	0.632000	0.026000	-0.025000	0	0.2800	0.1100	-0.1100	0					4.672000	0.021000	-0.020000	0
36826	1	5814.00	91.00	-93.00	0	1.080000	0.025000	-0.024000	0	1.072000	0.059000	-0.064000	0	0.1960	0.0840	-0.0840	0	0.07990	0.03069	-0.03224	0	4.401000	0.026000	-0.029000	0
36829	1	3801.00	100.00	-100.00	0	0.418000	0.029000	-0.029000	0	0.417000	0.045000	-0.045000	0	-0.6600	0.1000	-0.1000	0	-1.48400	0.01300	-0.01300	0	4.810000	0.100000	-0.100000	0
36832	1	5255.00	12.00	-10.00	0	0.820000	0.003000	-0.003000	0	0.936000	0.003000	-0.005000	0	0.2200	0.0300	-0.0300	0	-0.33819	0.00471	-0.00285	0	4.582000	0.003000	-0.006000	0
36833	1	5255.00	12.00	-10.00	0	0.820000	0.003000	-0.003000	0	0.936000	0.003000	-0.005000	0	0.2200	0.0300	-0.0300	0	-0.33819	0.00471	-0.00285	0	4.582000	0.003000	-0.006000	0
36835	1	7700.00	720.00	-410.00	0	2.300000	0.130000	-0.120000	0	1.860000	0.180000	-0.170000	0	-0.0100	0.3000	-0.4200	0	1.22272	0.13901	-0.07659	0	3.982000	0.067000	-0.065000	0
36836	1	5611.00	85.00	-82.00	0	1.134000	0.037000	-0.036000	0	1.082000	0.059000	-0.050000	0	0.4390	0.0410	-0.0430	0	0.05956	0.03421	-0.03344	0	4.363000	0.034000	-0.032000	0
36839	1	5611.00	85.00	-82.00	0	1.134000	0.037000	-0.036000	0	1.082000	0.059000	-0.050000	0	0.4390	0.0410	-0.0430	0	0.05956	0.03421	-0.03344	0	4.363000	0.034000	-0.032000	0
36840	1	7130.00	150.00	-150.00	0	2.020000	0.140000	-0.160000	0	1.590000	0.016000	-0.017000	0	0.0000			0	0.96237	0.02395	-0.04962	0	3.946000	0.035000	-0.035000	0
36842	1	6423.00	86.00	-90.00	0	1.310000	0.010000	-0.010000	0	1.320000	0.020000	-0.040000	0					0.41664	0.01952	-0.02044	0				
36848	1	6423.00	86.00	-90.00	0	1.310000	0.010000	-0.010000	0	1.320000	0.020000	-0.040000	0					0.41664	0.01952	-0.02044	0				
36849	1	6423.00	86.00	-90.00	0	1.310000	0.010000	-0.010000	0	1.320000	0.020000	-0.040000	0					0.41664	0.01952	-0.02044	0				
36851	1	5929.00	74.00	-74.00	0	1.079000	0.027000	-0.026000	0	1.112000	0.048000	-0.055000	0	0.1680	0.0550	-0.0550	0	0.11361	0.02690	-0.02796	0	4.417000	0.021000	-0.025000	0
36854	1	3297.00	14.00	-28.00	0	0.327300	0.002900	-0.005100	0	0.304100	0.035300	-0.031200	0	-0.3100	0.1600	-0.1600	0	-1.49214	0.03621	-0.03510	0	5.040000	0.040000	-0.040000	0
36856	1	3297.00	14.00	-28.00	0	0.327300	0.002900	-0.005100	0	0.304100	0.035300	-0.031200	0	-0.3100	0.1600	-0.1600	0	-1.49214	0.03621	-0.03510	0	5.040000	0.040000	-0.040000	0
36858	1	4174.00	34.00	-42.00	0	0.620000	0.010000	-0.010000	0	0.570000	0.020000	-0.020000	0	-0.5800	0.1800	-0.1800	0	-1.00000	0.04139	-0.04576	0	4.620000	0.020000	-0.030000	0
36859	1	5626.00	77.00	-78.00	0	1.745700	0.029500	-0.028900	0	1.183200	0.105700	-0.023700	0	0.4090	0.0580	-0.0560	0	0.44075	0.02329	-0.02411	0	4.025000	0.041000	-0.016000	0
36863	1	5977.00	79.00	-78.00	0	1.459000	0.043000	-0.042000	0	1.199000	0.074000	-0.092000	0	0.1500	0.1100	-0.1000	0	0.38739	0.02085	-0.02003	0	4.187000	0.037000	-0.040000	0
36865	1	6490.00	170.00	-130.00	0	1.241000	0.022000	-0.022000	0	1.174000	0.060000	-0.062000	0	-0.2400	0.0900	-0.1600	0	0.39094	0.05154	-0.03683	0	4.320000	0.014000	-0.014000	0
36866	1	6250.00	140.00	-140.00	0	1.210000	0.070000	-0.070000	0	1.130000	0.190000	-0.190000	0	-0.0600	0.1500	-0.1500	0					4.300000	0.150000	-0.150000	0
36869	1	5185.00	60.00	-60.00	0	0.790000	0.040000	-0.040000	0	0.830000	0.030000	-0.030000	0	0.0200	0.0800	-0.0800	0	-0.38722	0.04043	-0.04458	0				
36871	1	6302.74			0	1.453820			0													4.233500			0
36873	1	3383.00	157.00	-157.00	0	0.350000	0.010000	-0.010000	0	0.350000	0.010000	-0.010000	0									4.890000	0.030000	-0.030000	0
36874	1	3710.00	57.00	-58.00	0	0.535000	0.022000	-0.022000	0	0.559000	0.027000	-0.029000	0	0.2700	0.1500	-0.2000	0	-1.31069	0.01996	-0.02186	0	4.729000	0.028000	-0.029000	0
36877	1	5755.41			0	1.002860			0													4.373100			0
36883	1					0.758000	0.030000	-0.030000	0	0.849000	0.026000	-0.026000	0												
36887	1					0.758000	0.030000	-0.030000	0	0.849000	0.026000	-0.026000	0												
36893	1					0.758000	0.030000	-0.030000	0	0.849000	0.026000	-0.026000	0												
36896	1					0.758000	0.030000	-0.030000	0	0.849000	0.026000	-0.026000	0												
36898	1	3800.00	100.00	-100.00	0	0.534000	0.080000	-0.080000	0	0.540000	0.080000	-0.080000	0	-0.5000			-1	-1.33847	0.00217	-0.00218	0	4.500000			-1
36899	1	3551.00	49.00	-52.00	0	0.475000	0.014000	-0.014000	0	0.453000	0.029000	-0.027000	0	-0.1300	0.2000	-0.2000	0	-1.49214	0.03497	-0.03951	0	4.750000	0.050000	-0.050000	0
36901	1	5081.00	56.00	-54.00	0	0.848100	0.033900	-0.023900	0	0.902700	0.022300	-0.025400	0	0.3390	0.0580	-0.0590	0	-0.36151	0.04003	-0.03643	0	4.533000	0.029000	-0.042000	0
36904	1	4806.66			0	0.742779			0													4.542200			0
36905	1	5842.06			0	1.051900			0													4.495000			0
36907	1	4426.00	85.00	-85.00	0	0.729000	0.029000	-0.029000	0	0.745000	0.034000	-0.034000	0	-0.0800	0.0200	-0.0200	0	-0.73565	0.00680	-0.00691	0	4.870000	0.060000	-0.060000	0
36908	1	4426.00	85.00	-85.00	0	0.729000	0.029000	-0.029000	0	0.745000	0.034000	-0.034000	0	-0.0800	0.0200	-0.0200	0	-0.73565	0.00680	-0.00691	0	4.870000	0.060000	-0.060000	0
36911	1	3435.00	55.00	-65.00	0	0.384000	0.018000	-0.018000	0	0.425000	0.059000	-0.059000	0	-0.0600	0.0200	-0.0200	0	-1.74473	0.03253	-0.03516	0	4.890000	0.040000	-0.040000	0
36914	1	3759.00	87.00	-87.00	0	0.440000	0.020000	-0.020000	0	0.440000	0.020000	-0.020000	0	-0.2400	0.0400	-0.0400	0	-1.45892	0.00150	-0.00150	0	5.110000	0.120000	-0.120000	0
36916	1	3759.00	87.00	-87.00	0	0.440000	0.020000	-0.020000	0	0.440000	0.020000	-0.020000	0	-0.2400	0.0400	-0.0400	0	-1.45892	0.00150	-0.00150	0	5.110000	0.120000	-0.120000	0
36919	1	3300.00	50.00	-50.00	0	0.235000	0.011000	-0.011000	0	0.231000	0.012000	-0.012000	0	-0.0300	0.2000	-0.2000	0	-2.22768	0.00511	-0.00517	0	5.050000	0.050000	-0.050000	0
36920	1	3300.00	50.00	-50.00	0	0.235000	0.011000	-0.011000	0	0.231000	0.012000	-0.012000	0	-0.0300	0.2000	-0.2000	0	-2.22768	0.00511	-0.00517	0	5.050000	0.050000	-0.050000	0
36922	1	4856.13			0	0.723757			0													4.571800			0
36925	1	5627.00	94.00	-93.00	0	0.932000	0.027000	-0.024000	0	0.961000	0.049000	-0.054000	0	0.0700	0.1200	-0.1100	0	-0.10458	0.01892	-0.02036	0	4.484000	0.024000	-0.034000	0
36927	1	6540.00	160.00	-160.00	0	1.698000	0.062000	-0.057000	0	1.453000	0.074000	-0.074000	0	0.0680	0.0700	-0.0620	0	0.67302	0.03370	-0.02564	0	4.139000	0.041000	-0.046000	0
36928	1	3131.00	30.00	-30.00	0	0.245000	0.006000	-0.006000	0	0.211000	0.005000	-0.005000	0	0.3900	0.2200	-0.2200	0	-2.28651	0.01079	-0.01365	0	4.985000	0.024000	-0.024000	0
36930	1	5968.00	86.00	-84.00	0	1.117400	0.023900	-0.022700	0	1.025100	0.038100	-0.037500	0	-0.0700	0.0500	-0.0570	0	0.15625	0.02702	-0.02752	0	4.349000	0.026000	-0.026000	0
36932	1	4250.00	45.00	-45.00	0	0.620000	0.019000	-0.019000	0	0.644000	0.019000	-0.019000	0	-0.0100	0.0800	-0.0800	0					4.600000	0.140000	-0.140000	0
36934	1	4580.00	50.00	-50.00	0	0.709000	0.017000	-0.017000	0	0.744000	0.027000	-0.027000	0	0.1200	0.0200	-0.0200	0	-0.71670	0.01773	-0.01848	0	4.800000	0.300000	-0.300000	0
36937	1	4580.00	50.00	-50.00	0	0.709000	0.017000	-0.017000	0	0.744000	0.027000	-0.027000	0	0.1200	0.0200	-0.0200	0	-0.71670	0.01773	-0.01848	0	4.800000	0.300000	-0.300000	0
36940	1	3342.00	100.00	-100.00	0	0.340000	0.020000	-0.020000	0	0.340000	0.020000	-0.020000	0	0.0300	0.0700	-0.0700	0	-1.88606	0.09018	-0.11394	0	4.910000	0.030000	-0.030000	0
36944	1	5635.00	61.00	-61.00	0	0.950000	0.007000	-0.007000	0	0.896000	0.059000	-0.051000	0	-0.1400	0.0400	-0.0400	0					4.400000	0.030000	-0.030000	0
36946	1	5635.00	61.00	-61.00	0	0.950000	0.007000	-0.007000	0	0.896000	0.059000	-0.051000	0	-0.1400	0.0400	-0.0400	0					4.400000	0.030000	-0.030000	0
36947	1	5635.00	61.00	-61.00	0	0.950000	0.007000	-0.007000	0	0.896000	0.059000	-0.051000	0	-0.1400	0.0400	-0.0400	0					4.400000	0.030000	-0.030000	0
36951	1	6206.00	81.00	-75.00	0	2.750000	0.060000	-0.050000	0	1.710000	0.040000	-0.040000	0	0.2800	0.0600	-0.0500	0					3.790000	0.020000	-0.020000	0
36952	1	6630.00	300.00	-290.00	0	1.612000	0.056000	-0.051000	0	1.516000	0.085000	-0.100000	0	0.2820	0.0750	-0.0790	0	0.65321	0.06860	-0.06663	0	4.205000	0.038000	-0.048000	0
36955	1	6280.00	160.00	-160.00	0	1.396000	0.049000	-0.043000	0	1.233000	0.077000	-0.090000	0	0.0110	0.0710	-0.0590	0	0.43457	0.03525	-0.03317	0	4.239000	0.042000	-0.051000	0
36957	1	5673.00	50.00	-50.00	0	1.410000	0.030000	-0.030000	0	1.120000	0.120000	-0.120000	0	0.4700	0.0800	-0.0800	0					4.190000	0.050000	-0.050000	0
36959	1					0.748000	0.015000	-0.015000	0	0.770000	0.030000	-0.030000	0												
36964	1					0.748000	0.015000	-0.015000	0	0.770000	0.030000	-0.030000	0												
36967	1	6270.00	130.00	-130.00	0	1.820000	0.047000	-0.046000	0	1.420000	0.069000	-0.070000	0	0.1230	0.0760	-0.0730	0	0.66558	0.02902	-0.03010	0	4.069000	0.030000	-0.030000	0
36969	1	5695.00	58.00	-60.00	0	1.636000	0.033000	-0.029000	0	1.111000	0.047000	-0.046000	0	0.2530	0.0570	-0.0570	0	0.40552	0.01526	-0.01617	0	4.057000	0.015000	-0.016000	0
36972	1	5966.00	136.00	-136.00	0	2.900000	0.140000	-0.140000	0	1.530000	0.120000	-0.120000	0	0.1400	0.0800	-0.0800	0					3.700000	0.050000	-0.050000	0
36974	1	5966.00	73.00	-72.00	0	1.248000	0.026000	-0.028000	0	1.082000	0.052000	-0.049000	0	0.0270	0.0660	-0.0520	0	0.25018	0.01793	-0.02101	0	4.278000	0.030000	-0.024000	0
36976	1	4756.00	50.00	-50.00	0	0.690900	0.049200	-0.049200	0	0.740000	0.085400	-0.085400	0	-0.3720	0.1000	-0.1000	0					4.698000	0.100000	-0.100000	0
36978	1	5634.00	31.00	-31.00	0	1.043000	0.017000	-0.017000	0	1.032000	0.038000	-0.038000	0	0.1400	0.0500	-0.0500	0	-0.00436	0.01720	-0.01791	0	4.420000	0.040000	-0.040000	0
36981	1	5298.00	65.00	-65.00	0	0.858000	0.032000	-0.032000	0	0.825000	0.028000	-0.028000	0	-0.2170	0.0440	-0.0440	0					4.370000	0.110000	-0.110000	0
36982	1	5036.17			0	0.826247			0													4.582900			0
36984	1	5169.00	80.00	-78.00	0	0.808000	0.024000	-0.022000	0	0.841000	0.034000	-0.032000	0	0.0590	0.0430	-0.0430	0					4.548000	0.030000	-0.031000	0
36987	1	5144.00	50.00	-50.00	0	0.794000	0.007000	-0.007000	0	0.823000	0.027000	-0.023000	0	0.0400	0.0500	-0.0500	0	-0.40121	0.01505	-0.01446	0	4.550000	0.200000	-0.200000	0
36988	1	6101.00	75.00	-73.00	0	1.564000	0.041000	-0.040000	0	1.296000	0.069000	-0.072000	0	0.1810	0.0860	-0.0860	0	0.48430	0.01539	-0.01595	0	4.161000	0.034000	-0.036000	0
36990	1	5253.00	123.00	-123.00	0	0.834000	0.047000	-0.047000	0	0.900000	0.110000	-0.110000	0												
36994	1	5889.54			0	1.208470			0													4.342600			0
36995	1	6248.00	72.00	-77.00	0	1.573000	0.033000	-0.033000	0	1.343000	0.066000	-0.065000	0	0.1190	0.0810	-0.0780	0	0.53275	0.01747	-0.02355	0	4.172000	0.024000	-0.024000	0
36998	1	3430.00	130.00	-130.00	0	0.313000	0.015000	-0.015000	0	0.328000	0.021000	-0.019000	0	-0.2700	0.3700	-0.3700	0					4.971000	0.050000	-0.050000	0
36999	1	5534.00	100.00	-100.00	0	0.940000	0.050000	-0.050000	0	0.990000	0.040000	-0.040000	0	0.2200	0.0600	-0.0600	0					4.620000	0.100000	-0.100000	0
37002	1	3200.00	170.00	-170.00	0	0.240000	0.010000	-0.010000	0	0.230000	0.020000	-0.020000	0												
37004	1	3030.00	100.00	-100.00	0	0.207500	0.022500	-0.022500	0	0.171000	0.007900	-0.007900	0	0.1640	0.1100	-0.1100	0	-2.48149	0.03779	-0.04139	0	4.990000	0.050000	-0.050000	0
37005	1	3030.00	100.00	-100.00	0	0.207500	0.022500	-0.022500	0	0.171000	0.007900	-0.007900	0	0.1640	0.1100	-0.1100	0	-2.48149	0.03779	-0.04139	0	4.990000	0.050000	-0.050000	0
37008	1					0.130000	0.030000	-0.030000	0																
37011	1	3943.00	157.00	-157.00	0	0.631000	0.019000	-0.019000	0	0.612000	0.020200	-0.020200	0					-1.06233	0.08595	-0.10727	0	4.500000			-1
37013	1	3491.00	58.00	-58.00	0	0.464000	0.013000	-0.013000	0	0.454000	0.010000	-0.010000	0	-0.0500	0.1200	-0.1200	0	-1.54212	0.01487	-0.01540	0				
37016	1	5730.00	140.00	-140.00	0	1.459000	0.056000	-0.058000	0	1.168000	0.070000	-0.071000	0	0.3160	0.0400	-0.0400	0	0.31387	0.05349	-0.05619	0	4.176000	0.042000	-0.039000	0
37017	1	5730.00	140.00	-140.00	0	1.459000	0.056000	-0.058000	0	1.168000	0.070000	-0.071000	0	0.3160	0.0400	-0.0400	0	0.31387	0.05349	-0.05619	0	4.176000	0.042000	-0.039000	0
37019	1	4664.00	14.00	-14.00	0	0.662000	0.004000	-0.004000	0	0.703000	0.014000	-0.017000	0	-0.1200	0.0200	-0.0200	0	-0.74232	0.01648	-0.01713	0	4.570000	0.040000	-0.040000	0
37021	1	4664.00	14.00	-14.00	0	0.662000	0.004000	-0.004000	0	0.703000	0.014000	-0.017000	0	-0.1200	0.0200	-0.0200	0	-0.74232	0.01648	-0.01713	0	4.570000	0.040000	-0.040000	0
37022	1	5525.00	147.00	-144.00	0	0.900000	0.060000	-0.060000	0	0.950000	0.060000	-0.060000	0	0.0900	0.0300	-0.0300	0	-0.17005	0.02009	-0.02039	0	4.505000	0.021000	-0.020000	0
37024	1	4780.00	100.00	-100.00	0	3.220000	0.062000	-0.062000	0	1.325000	0.118000	-0.118000	0	0.3900	0.0600	-0.0600	0					3.500000	0.060000	-0.060000	0
37027	1	5581.00	60.00	-60.00	0	1.050000	0.010000	-0.010000	0	0.990000	0.030000	-0.020000	0	0.2200	0.0400	-0.0400	0	-0.01323	0.01755	-0.01364	0	4.400000	0.020000	-0.020000	0
37029	1	4687.00	60.00	-60.00	0	0.729000	0.007000	-0.007000	0	0.727000	0.033000	-0.033000	0	-0.1000	0.0700	-0.0700	0	-0.63639	0.02378	-0.02516	0	4.570000	0.060000	-0.060000	0
37031	1	4687.00	60.00	-60.00	0	0.729000	0.007000	-0.007000	0	0.727000	0.033000	-0.033000	0	-0.1000	0.0700	-0.0700	0	-0.63639	0.02378	-0.02516	0	4.570000	0.060000	-0.060000	0
37034	1	6480.00	200.00	-180.00	0	1.380000	0.027000	-0.026000	0	1.271000	0.070000	-0.074000	0	-0.0300	0.0480	-0.0560	0	0.48144	0.05763	-0.05331	0	4.265000	0.014000	-0.022000	0
37035	1	5306.00	76.00	-68.00	0	0.886000	0.021000	-0.017000	0	0.954000	0.041000	-0.046000	0	0.3440	0.0850	-0.0850	0	-0.25181	0.02779	-0.02146	0	4.524000	0.018000	-0.029000	0
37037	1	5360.00	230.00	-170.00	0	0.846000	0.031000	-0.026000	0	0.897000	0.048000	-0.049000	0	0.1000	0.1800	-0.1500	0	-0.27491	0.07493	-0.05671	0	4.538000	0.027000	-0.038000	0
37041	1	3212.00	100.00	-100.00	0	0.211000	0.006000	-0.006000	0	0.179000	0.004000	-0.004000	0					-2.38722	0.01047	-0.01072	0	5.040000	0.070000	-0.070000	0
37043	1	3226.00	47.00	-48.00	0	0.205600	0.004700	-0.006700	0	0.169800	0.038500	-0.035000	0	-0.3443	0.6245	-0.3964	0	-2.38722	0.03067	-0.03300	0	5.049400	0.086500	-0.092300	0
37045	1	5651.00	80.00	-80.00	0	1.102000	0.019000	-0.019000	0	1.041000	0.032000	-0.028000	0	0.3000	0.0500	-0.0500	0	0.05115	0.02183	-0.01813	0	4.371000	0.024000	-0.023000	0
37047	1	5002.00	65.00	-64.00	0	0.711000	0.015000	-0.015000	0	0.802000	0.029000	-0.028000	0	0.1280	0.0820	-0.0760	0	-0.54516	0.01937	-0.01868	0	4.638000	0.017000	-0.017000	0
37050	1	3707.00	58.00	-58.00	0	0.622000	0.011000	-0.011000	0	0.645000	0.033000	-0.033000	0	0.5010	0.0850	-0.0850	0					4.653000	0.011000	-0.011000	0
37053	1	5059.00	89.00	-89.00	0	0.756000	0.007000	-0.007000	0	0.781000	0.040000	-0.039000	0	-0.1140	0.0510	-0.0510	0					4.580000	0.050000	-0.050000	0
37055	1	5059.00	89.00	-89.00	0	0.733000	0.015000	-0.015000	0	0.790000	0.022000	-0.022000	0	-0.1140	0.0510	-0.0510	0	-0.47083	0.01228	-0.01264	0	4.577000	0.021000	-0.021000	0
37057	1	6033.00	81.00	-83.00	0	1.417000	0.041000	-0.038000	0	1.260000	0.064000	-0.065000	0	0.2490	0.0730	-0.0740	0	0.37967	0.01250	-0.01269	0	4.235000	0.033000	-0.036000	0
37059	1	3943.00	14.00	-14.00	0	0.611300	0.008000	-0.008000	0	0.635000	0.016000	-0.016000	0	0.3320	0.0630	-0.0630	0					4.660000	0.013000	-0.013000	0
37060	1	3100.00	31.00	-24.00	0	0.204000	0.004000	-0.004000	0	0.166000	0.004000	-0.004000	0	-0.2600	0.2400	-0.2400	0	-2.46218	0.00996	-0.01148	0	5.041000	0.022000	-0.020000	0
37064	1	3530.00	100.00	-100.00	0	0.567000	0.034000	-0.034000	0	0.548000	0.016000	-0.016000	0	0.2100	0.1600	-0.1600	0	-1.34872	0.01524	-0.01579	0				
37066	1	4099.00	123.00	-123.00	0	0.680000	0.020000	-0.020000	0	0.650000	0.020000	-0.020000	0									4.590000	0.030000	-0.030000	0
37067	1	5808.00	80.00	-80.00	0	1.236000	0.018000	-0.018000	0	1.118000	0.029000	-0.027000	0	0.3200	0.0500	-0.0500	0	0.19700	0.02074	-0.01717	0	4.303000	0.019000	-0.020000	0
37069	1					2.369000	0.124000	-0.124000	0	1.158000	0.098000	-0.098000	0					0.68664	0.04334	-0.04815	0				
37071	1	5607.00	68.00	-68.00	0	1.750000	0.051000	-0.049000	0	1.131000	0.130000	-0.064000	0	0.1900	0.0830	-0.0850	0	0.43600	0.01486	-0.01473	0	4.005000	0.059000	-0.037000	0
37073	1	4072.00	121.00	-121.00	0	0.650000	0.020000	-0.020000	0	0.640000	0.020000	-0.020000	0									4.620000	0.030000	-0.030000	0
37075	1	4109.00	28.00	-27.00	0	0.651000	0.012000	-0.012000	0	0.661000	0.021000	-0.024000	0	-0.0200	0.1300	-0.1300	0	-0.96257	0.01948	-0.02039	0	4.680000	0.050000	-0.050000	0
37078	1	3433.00	100.00	-100.00	0	0.426000	0.025000	-0.025000	0	0.428000	0.029000	-0.029000	0	-0.3900	0.0700	-0.0700	0	-1.64264	0.00794	-0.00809	0	4.660000	0.070000	-0.070000	0
37080	1	4375.00	65.00	-65.00	0	0.631000	0.014000	-0.014000	0	0.642000	0.026000	-0.026000	0	-0.2900	0.1200	-0.1200	0	-0.86487	0.01746	-0.01819	0	4.420000	0.200000	-0.200000	0
37083	1	3333.00	157.00	-157.00	0	0.270000	0.010000	-0.010000	0	0.250000	0.010000	-0.010000	0									4.970000	0.040000	-0.040000	0
37086	1	5730.00	80.00	-80.00	0	1.006000	0.009000	-0.009000	0	1.034000	0.032000	-0.032000	0	0.1800	0.0800	-0.0800	0					4.300000	0.100000	-0.100000	0
37087	1	6021.00	62.00	-62.00	0	1.065000	0.007000	-0.007000	0	1.079000	0.045000	-0.048000	0	-0.0300	0.0400	-0.0400	0					4.400000	0.020000	-0.020000	0
37090	1	3720.23			0	0.502498			0													4.679900			0
37091	1	6005.00	50.00	-50.00	0	1.310000	0.030000	-0.030000	0	1.050000	0.030000	-0.030000	0	-0.1000	0.0500	-0.0500	0					4.200000	0.050000	-0.050000	0
37093	1	6005.00	50.00	-50.00	0	1.310000	0.030000	-0.030000	0	1.050000	0.030000	-0.030000	0	-0.1000	0.0500	-0.0500	0					4.200000	0.050000	-0.050000	0
37095	1	4195.00	124.00	-124.00	0	0.675100	0.063000	-0.063000	0	0.660000	0.076300	-0.076300	0									4.599000	0.107000	-0.107000	0
37097	1					1.720000	0.069000	-0.069000	0	1.163000	0.053000	-0.053000	0					0.51983	0.03527	-0.03839	0				
37098	1	7360.00	320.00	-300.00	0	2.360000	0.120000	-0.110000	0	1.859000	0.087000	-0.083000	0	0.0940	0.0760	-0.0720	0	1.16732	0.05540	-0.05337	0	3.962000	0.050000	-0.049000	0
37101	1	5905.00	12.00	-12.00	0	1.260000	0.040000	-0.040000	0	1.120000	0.020000	-0.020000	0	0.1670	0.0100	-0.0410	0					4.297000	0.021000	-0.021000	0
37103	1	5875.00	100.00	-190.00	0	0.881000	0.038000	-0.047000	0	1.036000	0.013000	-0.009000	0	-0.1060	0.0790	-0.0700	0	-0.08040	0.05167	-0.03936	0	4.560000	0.046000	-0.046000	0
37106	1	5751.20			0	0.993374			0													4.377400			0
37107	1	5831.00	80.00	-80.00	0	1.119000	0.024000	-0.023000	0	1.007000	0.032000	-0.029000	0	0.0600	0.0500	-0.0500	0	0.11628	0.02549	-0.02215	0	4.344000	0.026000	-0.025000	0
37110	1	5096.00	102.00	-102.00	0	0.785000	0.031000	-0.031000	0	0.849000	0.042000	-0.042000	0	0.1400	0.0500	-0.0500	0	-0.44009	0.00947	-0.00968	0	4.580000	0.200000	-0.200000	0
37111	1	5096.00	102.00	-102.00	0	0.785000	0.031000	-0.031000	0	0.849000	0.042000	-0.042000	0	0.1400	0.0500	-0.0500	0	-0.44009	0.00947	-0.00968	0	4.580000	0.200000	-0.200000	0
37113	1	5802.00	60.00	-52.00	0	1.700000	0.020000	-0.030000	0	1.110000	0.010000	-0.020000	0	0.1000	0.0300	-0.0300	0	0.46389	0.02183	-0.01829	0	4.030000	0.010000	-0.010000	0
37115	1	4870.00	150.00	-150.00	0	0.771000	0.039000	-0.040000	0	0.771000	0.049000	-0.049000	0	0.0800	0.0790	-0.0800	0	-0.52143	0.06921	-0.07203	0	4.551000	0.049000	-0.048000	0
37117	1	4870.00	150.00	-150.00	0	0.771000	0.039000	-0.040000	0	0.771000	0.049000	-0.049000	0	0.0800	0.0790	-0.0800	0	-0.52143	0.06921	-0.07203	0	4.551000	0.049000	-0.048000	0
37118	1	5846.29	115.05	-115.17	0	1.253240	0.051605	-0.059354	0	1.055000	0.139439	-0.114804	0	-0.2729	0.0669	-0.0669	0	0.21828	0.00733	-0.01711	0	4.265250	0.088105	-0.055335	0
37120	1	5611.00	62.00	-65.00	0	1.686000	0.043000	-0.044000	0	1.130000	0.130000	-0.059000	0	0.2410	0.0780	-0.0790	0	0.40483	0.01841	-0.01923	0	4.044000	0.036000	-0.037000	0
37123	1	6095.00	89.00	-89.00	0	1.867000	0.033000	-0.032000	0	1.407000	0.045000	-0.046000	0	0.1750	0.0990	-0.0980	0	0.63649	0.02909	-0.02903	0	4.044000	0.021000	-0.021000	0
37125	1	5771.00	89.00	-87.00	0	1.095000	0.026000	-0.025000	0	1.063000	0.063000	-0.065000	0	0.1910	0.0830	-0.0830	0	0.07882	0.03008	-0.02960	0	4.385000	0.030000	-0.031000	0
37127	1	6120.00	30.00	-30.00	0	1.810000	0.060000	-0.060000	0	1.330000	0.080000	-0.080000	0	0.2600	0.0600	-0.0600	0	0.61595	0.02154	-0.02266	0	4.150000	0.090000	-0.090000	0
37129	1	5936.00	65.00	-68.00	0	1.477000	0.036000	-0.032000	0	1.215000	0.063000	-0.082000	0	0.1580	0.0840	-0.0850	0	0.38828	0.01467	-0.01537	0	4.184000	0.028000	-0.035000	0
37131	1	5760.00	80.00	-79.00	0	1.726000	0.049000	-0.047000	0	1.150000	0.140000	-0.070000	0	0.1300	0.0900	-0.1000	0	0.47129	0.02007	-0.02104	0	4.024000	0.057000	-0.039000	0
37133	1	5579.00	70.00	-70.00	0	1.070000	0.010000	-0.010000	0	0.930000	0.030000	-0.020000	0	0.1200	0.0400	-0.0400	0	-0.00436	0.01720	-0.01336	0	4.350000	0.020000	-0.010000	0
37135	1	4026.00	14.00	-14.00	0	0.607000	0.014000	-0.014000	0	0.616000	0.032000	-0.032000	0	-0.4700	0.0300	-0.0300	0	-1.05899	0.01323	-0.01364	0	4.450000	0.050000	-0.050000	0
37138	1	5890.30			0	1.280180			0	0.496728			0									3.920000			0
37142	1	5890.30	57.00	-57.00	0	1.313830	0.136209	-0.136209	0													3.920000	0.080000	-0.080000	0
37143	1	5310.00	124.00	-124.00	0	0.853000	0.021000	-0.021000	0	0.913000	0.029000	-0.029000	0	0.2600	0.0700	-0.0700	0					4.540000	0.280000	-0.280000	0
37145	1	6100.00	100.00	-100.00	0	1.336000	0.055000	-0.055000	0	1.160000	0.070000	-0.070000	0	-0.1500	0.0800	-0.0800	0	0.34044	0.01939	-0.02030	0	4.200000	0.100000	-0.100000	0
37148	1	4594.08			0	0.756095			0													4.637500			0
37150	1	4800.00	100.00	-100.00	0	4.100000	0.040000	-0.040000	0	1.190000	0.160000	-0.160000	0	0.1000	0.0600	-0.0600	0					3.290000	0.070000	-0.070000	0
37152	1	3514.00	70.00	-70.00	0	0.398000	0.012000	-0.012000	0	0.391700	0.009500	-0.009500	0	-0.2900	0.1200	-0.1200	0					4.831000	0.029000	-0.029000	0
37158	1	3506.00	70.00	-70.00	0	0.380000	0.008000	-0.008000	0	0.386000	0.008000	-0.008000	0									4.872000	0.026000	-0.026000	0
37163	1	3506.00	70.00	-70.00	0	0.380000	0.008000	-0.008000	0	0.386000	0.008000	-0.008000	0									4.872000	0.026000	-0.026000	0
37168	1	3506.00	70.00	-70.00	0	0.380000	0.008000	-0.008000	0	0.386000	0.008000	-0.008000	0									4.872000	0.026000	-0.026000	0
37172	1	5665.00	115.00	-115.00	0	1.250000	0.054000	-0.054000	0	1.070000	0.060000	-0.060000	0	0.3000	0.1100	-0.1100	0	0.16017	0.01068	-0.01095	0	4.250000	0.270000	-0.270000	0
37175	1	5762.00	50.00	-50.00	0	1.690000	0.100000	-0.100000	0	1.020000	0.130000	-0.130000	0	0.2700	0.0800	-0.0800	0					4.220000	0.100000	-0.100000	0
37177	1	4008.00	130.39	-130.39	0	0.657000	0.069000	-0.069000	0	0.630000	0.079000	-0.079000	0					-0.99801	0.03472	-0.03773	0	4.500000			-1
37179	1	4031.00	21.00	-23.00	0	0.362000	0.008000	-0.004000	0	0.160000	0.010000	-0.010000	0	-0.0100	0.0700	-0.0900	0					4.580000	0.100000	-0.130000	0
37181	1	5764.00	81.00	-78.00	0	1.069000	0.024000	-0.024000	0	1.063000	0.057000	-0.062000	0	0.2390	0.0760	-0.0790	0	0.05538	0.02561	-0.02478	0	4.400000	0.030000	-0.030000	0
37182	1	6280.00	99.00	-96.00	0	1.245000	0.022000	-0.021000	0	1.118000	0.056000	-0.054000	0	-0.1050	0.0680	-0.0720	0	0.33646	0.02715	-0.02471	0	4.298000	0.011000	-0.015000	0
37185	1	5721.00	88.00	-83.00	0	1.229000	0.032000	-0.031000	0	0.977000	0.063000	-0.049000	0	-0.0200	0.1100	-0.0900	0	0.16435	0.03155	-0.03081	0	4.250000	0.034000	-0.030000	0
37186	1	5213.00	70.00	-70.00	0	0.850000	0.030000	-0.030000	0	0.800000	0.010000	-0.010000	0	-0.0900	0.0500	-0.0500	0	-0.33724	0.01848	-0.01931	0	4.500000	0.030000	-0.030000	0
37189	1	5910.00	100.00	-100.00	0	1.265000	0.040000	-0.037000	0	1.135000	0.077000	-0.079000	0	0.2330	0.0870	-0.0900	0	0.24551	0.03552	-0.03333	0	4.288000	0.038000	-0.040000	0
37191	1	5152.00	12.00	-12.00	0	0.780000	0.036000	-0.036000	0	0.832000	0.049000	-0.049000	0	-0.0500	0.0200	-0.0200	0	-0.41364	0.00559	-0.00567	0	4.590000	0.020000	-0.020000	0
37192	1	5152.00	12.00	-12.00	0	0.780000	0.036000	-0.036000	0	0.832000	0.049000	-0.049000	0	-0.0500	0.0200	-0.0200	0	-0.41364	0.00559	-0.00567	0	4.590000	0.020000	-0.020000	0
37194	1	5271.00	110.00	-96.00	0	0.873000	0.021000	-0.020000	0	0.939000	0.041000	-0.045000	0	0.3530	0.0730	-0.0760	0	-0.27654	0.03470	-0.02885	0	4.529000	0.025000	-0.029000	0
37196	1	6240.00	150.00	-150.00	0	1.241000	0.024000	-0.022000	0	1.229000	0.057000	-0.065000	0	0.2840	0.0730	-0.0770	0	0.32222	0.04514	-0.04806	0	4.340000	0.015000	-0.022000	0
37198	1	4738.00	100.00	-100.00	0	0.700000	0.050000	-0.050000	0	0.710000	0.020000	-0.020000	0	0.0800	0.0500	-0.0500	0	-0.58503	0.00991	-0.01014	0	4.560000	0.040000	-0.040000	0
37201	1	5691.00	94.00	-93.00	0	1.073000	0.024000	-0.020000	0	0.936000	0.057000	-0.041000	0	0.0130	0.0870	-0.0850	0	0.03703	0.03632	-0.03443	0	4.350000	0.012000	-0.013000	0
37203	1	5940.00	75.00	-75.00	0	1.080000	0.032000	-0.032000	0	1.030000	0.060000	-0.060000	0	-0.1100	0.1000	-0.1000	0	0.11594	0.01084	-0.01111	0	4.280000	0.210000	-0.210000	0
37204	1	5906.00	66.00	-69.00	0	1.458000	0.033000	-0.031000	0	1.122000	0.074000	-0.064000	0	0.0950	0.0670	-0.0610	0	0.36773	0.01411	-0.01420	0	4.165000	0.018000	-0.028000	0
37207	1	4672.00	170.00	-170.00	0	0.760000	0.030000	-0.030000	0	0.770000	0.020000	-0.020000	0	-0.0400	0.0700	-0.0700	0	-0.73755	0.00939	-0.00960	0	4.580000	0.040000	-0.040000	0
37208	1	6000.00	100.00	-110.00	0	1.545000	0.046000	-0.047000	0	1.210000	0.070000	-0.100000	0	0.0840	0.0680	-0.0600	0	0.44560	0.01829	-0.02400	0	4.139000	0.042000	-0.047000	0
37210	1	5760.00	85.00	-88.00	0	1.668000	0.046000	-0.033000	0	1.120000	0.110000	-0.060000	0	0.0850	0.0840	-0.0830	0	0.44404	0.03308	-0.03411	0	4.048000	0.017000	-0.021000	0
37212	1	6177.00	62.00	-62.00	0	1.310000	0.040000	-0.040000	0	1.290000	0.020000	-0.020000	0	0.3500	0.0400	-0.0400	0					4.370000	0.100000	-0.100000	0
37215	1	4263.00	100.00	-100.00	0	0.684700	0.061300	-0.061300	0	0.664000	0.079800	-0.079800	0	0.1700	0.0800	-0.0800	0					4.625000	0.100000	-0.100000	0
37218	1	5890.00	150.00	-140.00	0	0.985000	0.019000	-0.019000	0	1.044000	0.042000	-0.047000	0	0.0710	0.0780	-0.0700	0	0.02119	0.04700	-0.04347	0	4.469000	0.016000	-0.018000	0
37220	1	6190.00	170.00	-170.00	0	1.346000	0.042000	-0.041000	0	1.088000	0.082000	-0.078000	0	-0.1140	0.0800	-0.0950	0	0.37840	0.04974	-0.05412	0	4.217000	0.035000	-0.035000	0
37222	1	3388.80	68.00	-68.00	0	0.369700	0.016000	-0.016000	0	0.393900	0.020000	-0.020000	0	0.2640	0.1000	-0.1000	0	-1.78968	0.01031	-0.01056	0	4.897600	0.063000	-0.063000	0
37224	1	5068.00	61.00	-42.00	0	0.849000	0.024000	-0.017000	0	0.861000	0.020000	-0.030000	0	0.1380	0.0480	-0.0370	0	-0.36653	0.02454	-0.01963	0	4.190000	0.123000	-0.123000	0
37227	1	4072.00	80.00	-80.00	0	0.672000	0.020000	-0.020000	0	0.643000	0.014000	-0.014000	0	0.6500	0.1200	-0.1200	0	-0.95195	0.04079	-0.04502	0	4.592000	0.028000	-0.028000	0
37228	1	5614.00	79.00	-74.00	0	1.532600	0.034800	-0.034000	0	1.067800	0.031200	-0.030400	0	0.2050	0.0580	-0.0560	0	0.32510	0.02708	-0.02713	0	4.092000	0.024000	-0.022000	0
37231	1	5251.00	71.00	-71.00	0	0.870000	0.030000	-0.020000	0	0.880000	0.020000	-0.020000	0	0.2560	0.0480	-0.0480	0					4.460000	0.040000	-0.040000	0
37233	1	5850.00	140.00	-140.00	0	1.549000	0.067000	-0.062000	0	1.041000	0.084000	-0.068000	0	-0.1030	0.0470	-0.0620	0	0.40483	0.02492	-0.02826	0	4.076000	0.057000	-0.053000	0
37234	1	6241.00	73.00	-62.00	0	1.100000	0.030000	-0.030000	0	1.200000	0.100000	-0.100000	0	0.0100	0.0400	-0.0400	0					4.410000	0.080000	-0.080000	0
37237	1	5609.00	92.00	-87.00	0	0.952000	0.029000	-0.029000	0	1.016000	0.047000	-0.052000	0	0.1480	0.0840	-0.0840	0	-0.09313	0.04154	-0.03823	0	4.487000	0.022000	-0.023000	0
37239	1	6365.00			0	1.020700			0	1.332089			0									4.545160			0
37241	1	6532.00	88.00	-86.00	0	1.830000	0.055000	-0.053000	0	1.445000	0.069000	-0.073000	0	0.0170	0.0570	-0.0490	0	0.73878	0.02838	-0.02613	0	4.072000	0.032000	-0.034000	0
37243	1	5706.00	95.00	-91.00	0	1.419000	0.036000	-0.030000	0	1.186000	0.059000	-0.083000	0	0.3870	0.0720	-0.0810	0	0.28556	0.03459	-0.03270	0	4.209000	0.020000	-0.033000	0
37245	1	6370.00	290.00	-250.00	0	1.560000	0.046000	-0.045000	0	1.363000	0.095000	-0.099000	0	0.0450	0.0670	-0.0510	0	0.55871	0.06968	-0.06040	0	4.185000	0.042000	-0.045000	0
37246	1	6020.00	170.00	-160.00	0	1.256000	0.025000	-0.025000	0	1.121000	0.069000	-0.067000	0	0.1460	0.0840	-0.0810	0	0.26951	0.05271	-0.05203	0	4.292000	0.014000	-0.018000	0
37248	1	4930.00	120.00	-110.00	0	0.788000	0.017000	-0.017000	0	0.837000	0.037000	-0.034000	0	0.2830	0.0810	-0.0850	0	-0.48280	0.04391	-0.03863	0	4.569000	0.023000	-0.022000	0
37251	1	5844.00	42.00	-42.00	0	1.228000	0.017000	-0.017000	0	1.023000	0.041000	-0.041000	0	0.0300	0.0400	-0.0400	0					4.250000	0.060000	-0.060000	0
37252	1	6450.00	110.00	-110.00	0	1.448000	0.035000	-0.035000	0	1.131000	0.074000	-0.078000	0	-0.3660	0.0760	-0.0810	0	0.51455	0.03323	-0.03311	0	4.171000	0.015000	-0.019000	0
37255	1	5810.00	79.00	-79.00	0	1.228000	0.033000	-0.033000	0	1.081000	0.071000	-0.069000	0	0.1760	0.0890	-0.0890	0	0.19005	0.02160	-0.02303	0	4.293000	0.036000	-0.036000	0
37257	1	4969.00	45.00	-45.00	0	0.719000	0.013000	-0.013000	0	0.780000	0.020000	-0.020000	0	-0.0100	0.0200	-0.0200	0	0.33000	0.02000	-0.02000	0	4.630000	0.080000	-0.080000	0
37258	1	5550.00	100.00	-120.00	0	0.918000	0.024000	-0.022000	0	1.015000	0.037000	-0.043000	0	0.3840	0.0800	-0.0840	0	-0.14146	0.02964	-0.03637	0	4.519000	0.022000	-0.028000	0
37262	1	3870.00	90.00	-90.00	0	0.600000	0.020000	-0.010000	0	0.630000	0.020000	-0.020000	0	0.4000	0.1000	-0.1000	0					4.670000	0.050000	-0.050000	0
37264	1	5703.00	100.00	-98.00	0	1.735000	0.045000	-0.045000	0	1.320000	0.050000	-0.120000	0	0.4160	0.0590	-0.0670	0	0.45788	0.02499	-0.02491	0	4.077000	0.027000	-0.040000	0
37266	1	5950.00	100.00	-100.00	0	1.302000	0.038000	-0.035000	0	1.199000	0.072000	-0.076000	0	0.2620	0.0850	-0.0860	0	0.28330	0.03476	-0.03533	0	4.288000	0.031000	-0.035000	0
37268	1	5321.00	86.00	-82.00	0	0.791000	0.017000	-0.014000	0	0.867000	0.036000	-0.037000	0	0.0710	0.0790	-0.0760	0	-0.34390	0.03143	-0.02976	0	4.581000	0.014000	-0.021000	0
37271	1	3660.00	90.00	-90.00	0	0.510000	0.010000	-0.010000	0	0.530000	0.020000	-0.020000	0	0.1000	0.1000	-0.1000	0					4.750000	0.050000	-0.050000	0
37273	1	5259.90	136.90	-135.30	0	2.900000	0.129000	-0.127000	0	1.441000	0.076000	-0.075000	0	0.0840	0.0470	-0.0450	0	0.75997	0.02078	-0.02190	0	3.672000	0.011000	-0.011000	0
37275	1	5259.90	136.90	-135.30	0	2.900000	0.129000	-0.127000	0	1.441000	0.076000	-0.075000	0	0.0840	0.0470	-0.0450	0	0.75997	0.02078	-0.02190	0	3.672000	0.011000	-0.011000	0
37276	1	5259.90	136.90	-135.30	0	2.900000	0.129000	-0.127000	0	1.441000	0.076000	-0.075000	0	0.0840	0.0470	-0.0450	0	0.75997	0.02078	-0.02190	0	3.672000	0.011000	-0.011000	0
37278	1	3913.00	56.00	-56.00	0	0.620000	0.010000	-0.010000	0	0.640000	0.020000	-0.020000	0	0.0000	0.2000	-0.2000	0	-1.06048	0.01472	-0.01524	0	4.680000	0.040000	-0.040000	0
37279	1	3576.00	88.00	-88.00	0	0.500000	0.010000	-0.010000	0	0.520000	0.020000	-0.020000	0	0.0990	0.1170	-0.1170	0	-1.43533	0.00937	-0.01078	0	4.747000	0.045800	-0.045800	0
37283	1	5772.00	84.00	-80.00	0	1.468000	0.037000	-0.037000	0	1.181000	0.064000	-0.092000	0	0.2780	0.0840	-0.0810	0	0.33244	0.02740	-0.02281	0	4.174000	0.031000	-0.035000	0
37285	1	5859.00	72.00	-71.00	0	1.538000	0.037000	-0.037000	0	1.242000	0.057000	-0.076000	0	0.2730	0.0840	-0.0820	0	0.39967	0.01863	-0.01946	0	4.156000	0.027000	-0.029000	0
37287	1	5905.00	157.00	-155.00	0	1.200000	0.060000	-0.050000	0	0.890000	0.050000	-0.050000	0	-0.2600	0.0500	-0.0500	0	0.19618	0.02288	-0.02153	0	4.229000	0.018000	-0.019000	0
37288	1	5622.00	50.00	-50.00	0	1.055000	0.017000	-0.017000	0	1.096000	0.045000	-0.049000	0	0.4540	0.0650	-0.0760	0	0.00087	0.01113	-0.01142	0	4.431000	0.014000	-0.015000	0
37290	1	5300.00	50.00	-50.00	0	0.920000	0.030000	-0.030000	0	0.900000	0.070000	-0.070000	0	0.1100	0.0900	-0.0900	0					4.400000	0.100000	-0.100000	0
37292	1	5731.00	82.00	-81.00	0	1.445000	0.043000	-0.042000	0	1.160000	0.066000	-0.089000	0	0.2690	0.0670	-0.0690	0	0.30750	0.01286	-0.01281	0	4.181000	0.037000	-0.042000	0
37296	1	3180.00	88.00	-88.00	0	0.302000	0.012000	-0.012000	0	0.298000	0.018000	-0.018000	0	0.0400	0.1200	-0.1200	0					4.970000	0.050000	-0.050000	0
37298	1	6000.00	110.00	-110.00	0	1.502000	0.055000	-0.052000	0	1.138000	0.089000	-0.075000	0	0.0210	0.0850	-0.0600	0	0.41896	0.01497	-0.01396	0	4.143000	0.043000	-0.046000	0
37302	1	5110.91			0	0.747752			0													4.567100			0
37303	1	5725.00	69.00	-68.00	0	1.392000	0.035000	-0.034000	0	1.088000	0.086000	-0.070000	0	0.1870	0.0870	-0.0900	0	0.27323	0.01367	-0.01388	0	4.188000	0.037000	-0.038000	0
37306	1	6100.00	110.00	-110.00	0	1.319000	0.052000	-0.048000	0	1.208000	0.067000	-0.070000	0	0.1750	0.0960	-0.0940	0	0.33606	0.01554	-0.01571	0	4.279000	0.042000	-0.044000	0
37307	1	5975.00	70.00	-69.00	0	1.501000	0.039000	-0.038000	0	1.254000	0.067000	-0.072000	0	0.1820	0.0780	-0.0790	0	0.41296	0.01143	-0.01174	0	4.183000	0.034000	-0.035000	0
37309	1	5840.00	140.00	-140.00	0	1.626000	0.055000	-0.050000	0	1.240000	0.080000	-0.130000	0	0.1880	0.0850	-0.0860	0	0.44248	0.03174	-0.03086	0	4.106000	0.041000	-0.063000	0
37311	1	3476.00	88.00	-88.00	0	0.470000	0.010000	-0.010000	0	0.490000	0.020000	-0.020000	0	0.1800	0.1200	-0.1200	0					4.810000	0.050000	-0.050000	0
37314	1	4960.00	36.00	-36.00	0	0.830000	0.010000	-0.010000	0	0.880000	0.030000	-0.030000	0	0.3700	0.0700	-0.0700	0					4.540000	0.020000	-0.020000	0
37316	1	4960.00	36.00	-36.00	0	0.830000	0.010000	-0.010000	0	0.880000	0.030000	-0.030000	0	0.3700	0.0700	-0.0700	0					4.540000	0.020000	-0.020000	0
37318	1	4960.00	36.00	-36.00	0	0.830000	0.010000	-0.010000	0	0.880000	0.030000	-0.030000	0	0.3700	0.0700	-0.0700	0					4.540000	0.020000	-0.020000	0
37319	1	4960.00	36.00	-36.00	0	0.830000	0.010000	-0.010000	0	0.880000	0.030000	-0.030000	0	0.3700	0.0700	-0.0700	0					4.540000	0.020000	-0.020000	0
37321	1	5662.53			0	1.178340			0													4.272200			0
37322	1	5640.37			0	0.991737			0													4.487500			0
37324	1	3392.00	44.00	-44.00	0	0.410000	0.029000	-0.027000	0	0.408000	0.046000	-0.042000	0	-0.0200	0.0400	-0.0400	0	-1.71444	0.00670	-0.00680	0	4.690000	0.040000	-0.040000	0
37326	1	3392.00	44.00	-44.00	0	0.410000	0.029000	-0.027000	0	0.408000	0.046000	-0.042000	0	-0.0200	0.0400	-0.0400	0	-1.71444	0.00670	-0.00680	0	4.690000	0.040000	-0.040000	0
37329	1	6060.00	74.00	-67.00	0	1.112000	0.021000	-0.020000	0	1.178000	0.039000	-0.042000	0	0.2370	0.0790	-0.0790	0	0.17609	0.02503	-0.02045	0	4.416000	0.015000	-0.016000	0
37331	1	6169.00	64.00	-64.00	0	1.117000	0.009000	-0.009000	0	1.098000	0.040000	-0.039000	0	-0.0800	0.0400	-0.0400	0					4.470000	0.110000	-0.110000	0
37336	1	6169.00	64.00	-64.00	0	1.117000	0.009000	-0.009000	0	1.098000	0.040000	-0.039000	0	-0.0800	0.0400	-0.0400	0					4.470000	0.110000	-0.110000	0
37338	1	6096.00	115.00	-115.00	0	1.293000	0.050000	-0.050000	0	1.230000	0.070000	-0.070000	0	0.1400	0.1200	-0.1200	0	0.31639	0.00583	-0.00591	0	4.260000	0.140000	-0.140000	0
37341	1	6202.00	94.00	-90.00	0	1.438000	0.039000	-0.038000	0	1.313000	0.068000	-0.071000	0	0.1820	0.0830	-0.0850	0	0.43933	0.03049	-0.02771	0	4.240000	0.031000	-0.032000	0
37342	1	5281.00	86.00	-76.00	0	0.859000	0.018000	-0.017000	0	0.905000	0.043000	-0.044000	0	0.1680	0.0840	-0.0870	0	-0.28735	0.03243	-0.02691	0	4.526000	0.020000	-0.021000	0
37344	1	6860.00	150.00	-180.00	0	1.605000	0.048000	-0.046000	0	1.572000	0.064000	-0.071000	0	0.3170	0.1000	-0.1300	0	0.71349	0.03392	-0.04885	0	4.224000	0.024000	-0.029000	0
37347	1	5724.00	50.00	-50.00	0	0.950000	0.050000	-0.050000	0	1.160000	0.220000	-0.220000	0	0.1100	0.0800	-0.0800	0					4.440000	0.100000	-0.100000	0
37349	1	5971.64			0	1.039630			0													4.427600			0
37350	1	5971.64			0	1.039630			0													4.427600			0
37353	1	3238.00	48.00	-49.00	0	0.234700	0.015000	-0.015000	0	0.210900	0.029000	-0.026000	0	-0.2700	0.0900	-0.0900	0	-2.26440	0.06098	-0.06350	0	5.010000	0.040000	-0.040000	0
37356	1	3794.00	79.00	-79.00	0	0.630000	0.020000	-0.020000	0	0.610000	0.020000	-0.020000	0	0.5200	0.0800	-0.0800	0	-1.11919	0.02228	-0.02348	0	4.640000	0.030000	-0.030000	0
37359	1	5291.00	64.00	-64.00	0	0.866000	0.006000	-0.006000	0	0.833000	0.048000	-0.054000	0	-0.0440	0.0400	-0.0400	0					4.480000	0.030000	-0.030000	0
37362	1	5291.00	64.00	-64.00	0	0.866000	0.006000	-0.006000	0	0.833000	0.048000	-0.054000	0	-0.0440	0.0400	-0.0400	0					4.480000	0.030000	-0.030000	0
37366	1	6370.00	220.00	-210.00	0	1.434000	0.040000	-0.038000	0	1.382000	0.064000	-0.076000	0	0.2940	0.0820	-0.0860	0	0.48287	0.05620	-0.05151	0	4.266000	0.029000	-0.036000	0
37369	1	5243.00	126.00	-126.00	0	0.793400	0.046500	-0.046500	0	0.900000	0.113300	-0.113300	0									4.593000	0.087000	-0.087000	0
37372	1	4850.00	75.00	-75.00	0	0.731000	0.022000	-0.022000	0	0.780000	0.070000	-0.070000	0	0.2000	0.0500	-0.0500	0					4.600000	0.060000	-0.060000	0
37373	1	4850.00	75.00	-75.00	0	0.731000	0.022000	-0.022000	0	0.780000	0.070000	-0.070000	0	0.2000	0.0500	-0.0500	0					4.600000	0.060000	-0.060000	0
37375	1	4850.00	75.00	-75.00	0	0.731000	0.022000	-0.022000	0	0.780000	0.070000	-0.070000	0	0.2000	0.0500	-0.0500	0					4.600000	0.060000	-0.060000	0
37377	1	5063.00	66.00	-66.00	0	0.844100	0.006200	-0.006200	0	0.816000	0.047000	-0.049000	0	-0.0650	0.0430	-0.0430	0	-0.37469	0.02305	-0.02434	0	4.442000	0.034000	-0.034000	0
37380	1	5063.00	66.00	-66.00	0	0.844100	0.006200	-0.006200	0	0.816000	0.047000	-0.049000	0	-0.0650	0.0430	-0.0430	0	-0.37469	0.02305	-0.02434	0	4.442000	0.034000	-0.034000	0
37381	1	6000.00	100.00	-100.00	0	2.310000	0.030000	-0.030000	0	1.538000	0.049000	-0.049000	0	0.2900	0.0600	-0.0600	0					3.900000	0.030000	-0.030000	0
37385	1	3307.00	94.00	-94.00	0	0.326000	0.010000	-0.010000	0	0.306000	0.008000	-0.008000	0	0.1400	0.1300	-0.1300	0	-1.95861	0.03779	-0.04139	0	4.897000	0.029000	-0.029000	0
37387	1	3307.00	94.00	-94.00	0	0.326000	0.010000	-0.010000	0	0.306000	0.008000	-0.008000	0	0.1400	0.1300	-0.1300	0	-1.95861	0.03779	-0.04139	0	4.897000	0.029000	-0.029000	0
37391	1	3866.00	92.00	-92.00	0	0.598000	0.018000	-0.018000	0	0.587000	0.013000	-0.013000	0	0.2600	0.1300	-0.1300	0	-1.12494	0.03875	-0.04255	0	4.652000	0.028000	-0.028000	0
37393	1	3866.00	92.00	-92.00	0	0.598000	0.018000	-0.018000	0	0.587000	0.013000	-0.013000	0	0.2600	0.1300	-0.1300	0	-1.12494	0.03875	-0.04255	0	4.652000	0.028000	-0.028000	0
37396	1	4278.45			0	0.691320			0													4.643000			0
37397	1	3528.00	33.00	-20.00	0	0.468400	0.008700	-0.010000	0	0.487000	0.017000	-0.016000	0	0.1480	0.0460	-0.0460	0	-1.51215	0.01184	-0.01203	0	4.785000	0.017000	-0.016000	0
37399	1	4974.00	57.00	-57.00	0	3.520000	0.150000	-0.140000	0	1.360000	0.080000	-0.070000	0	0.2050	0.0380	-0.0380	0	0.82217	0.03031	-0.03259	0	3.390000	0.160000	-0.160000	0
37401	1	6020.00	100.00	-100.00	0	1.976000	0.040000	-0.040000	0	1.372000	0.037000	-0.105000	0	0.1600	0.0600	-0.0600	0	0.63749	0.02715	-0.02577	0	3.929000	0.038000	-0.023000	0
37404	1	4467.38			0	0.687025			0													4.638600			0
37405	1	6219.00	70.00	-70.00	0	1.290000	0.010000	-0.010000	0	1.190000	0.030000	-0.030000	0	0.1000	0.0500	-0.0500	0	0.36173	0.01848	-0.01931	0	4.290000	0.020000	-0.020000	0
37407	1	3422.00	81.00	-81.00	0	0.372000	0.018000	-0.018000	0	0.368000	0.021000	-0.021000	0	-0.1900	0.0500	-0.0500	0	-1.76802	0.00178	-0.00179	0	4.680000	0.040000	-0.040000	0
37411	1	5225.00	70.00	-70.00	0	0.779000	0.053000	-0.053000	0	0.960000	0.130000	-0.130000	0	0.0800	0.0800	-0.0800	0					4.640000	0.100000	-0.100000	0
37412	1	5834.00			0	1.017330			0	1.049133			0									4.444330			0
37414	1	5640.00	89.00	-82.00	0	1.062000	0.027000	-0.024000	0	1.056000	0.059000	-0.063000	0	0.2500	0.0850	-0.0850	0	0.01115	0.03261	-0.02707	0	4.410000	0.027000	-0.032000	0
37416	1	5545.00	19.00	-19.00	0	1.014000	0.041000	-0.041000	0	0.930000	0.060000	-0.060000	0	-0.0600	0.0160	-0.0160	0					4.379000	0.030000	-0.030000	0
37419	1	3400.00	100.00	-100.00	0	0.451000	0.085000	-0.085000	0	0.452000	0.090000	-0.090000	0	0.0000			-1	-1.60432	0.00261	-0.00263	0	4.500000			-1
37420	1	6206.00	90.00	-88.00	0	1.634000	0.046000	-0.046000	0	1.378000	0.065000	-0.064000	0	0.2160	0.0890	-0.0880	0	0.55267	0.01318	-0.01359	0	4.150000	0.033000	-0.032000	0
37423	1	6210.00	70.00	-70.00	0	1.309000	0.059000	-0.059000	0	1.247000	0.045000	-0.045000	0	0.1800	0.1000	-0.1000	0					4.290000	0.040000	-0.040000	0
37426	1	6210.00	70.00	-70.00	0	1.309000	0.059000	-0.059000	0	1.247000	0.045000	-0.045000	0	0.1800	0.1000	-0.1000	0					4.290000	0.040000	-0.040000	0
37428	1	5315.00	60.00	-60.00	0	0.920000	0.040000	-0.040000	0	0.890000	0.060000	-0.040000	0	0.1600	0.0500	-0.0500	0	-0.20761	0.02052	-0.02154	0	4.458000	0.021000	-0.015000	0
37429	1	5315.00	60.00	-60.00	0	0.920000	0.040000	-0.040000	0	0.890000	0.060000	-0.040000	0	0.1600	0.0500	-0.0500	0	-0.20761	0.02052	-0.02154	0	4.458000	0.021000	-0.015000	0
37431	1	5315.00	60.00	-60.00	0	0.920000	0.040000	-0.040000	0	0.890000	0.060000	-0.040000	0	0.1600	0.0500	-0.0500	0	-0.20761	0.02052	-0.02154	0	4.458000	0.021000	-0.015000	0
37433	1	6260.00	80.00	-80.00	0	1.040000	0.010000	-0.010000	0	1.110000	0.020000	-0.020000	0	-0.0600	0.0500	-0.0500	0	0.14922	0.01513	-0.01568	0	4.450000	0.020000	-0.020000	0
37435	1	5490.00	115.00	-115.00	0	0.850000	0.030000	-0.030000	0	0.930000	0.040000	-0.040000	0	0.0200	0.0600	-0.0600	0	-0.22915	0.03533	-0.03846	0	4.530000	0.220000	-0.220000	0
37437	1	5490.00	115.00	-115.00	0	0.850000	0.030000	-0.030000	0	0.930000	0.040000	-0.040000	0	0.0200	0.0600	-0.0600	0	-0.22915	0.03533	-0.03846	0	4.530000	0.220000	-0.220000	0
37443	1	5490.00	115.00	-115.00	0	0.850000	0.030000	-0.030000	0	0.930000	0.040000	-0.040000	0	0.0200	0.0600	-0.0600	0	-0.22915	0.03533	-0.03846	0	4.530000	0.220000	-0.220000	0
37446	1	5418.77			0	1.001450			0													4.394500			0
37448	1	5623.93			0	0.796628			0													4.559200			0
37450	1	5433.00	70.00	-70.00	0	0.860000	0.030000	-0.030000	0	0.949000	0.020000	-0.020000	0	0.0500	0.0300	-0.0300	0	-0.23582	0.02540	-0.02698	0	4.480000	0.100000	-0.100000	0
37451	1	3702.00			0	0.485948			0	0.483901			0									4.750000			0
37454	1	3697.00	71.00	-71.00	0	0.480000	0.019000	-0.019000	0	0.482000	0.023000	-0.023000	0	-0.2400	0.0700	-0.0700	0	-1.41263	0.00779	-0.00793	0	4.610000	0.070000	-0.070000	0
37457	1	4896.00	110.00	-110.00	0	3.550000	0.180000	-0.150000	0	1.310000	0.070000	-0.180000	0	0.2300	0.0600	-0.0600	0	0.80277	0.02910	-0.03119	0	3.480000	0.100000	-0.100000	0
37458	1	3258.00	115.00	-115.00	0	0.286900	0.008800	-0.008800	0	0.261900	0.006300	-0.006300	0	-0.0700	0.0900	-0.0900	0	-2.07779	0.06277	-0.07340	0	4.940000	0.028000	-0.028000	0
37461	1	3558.00	73.00	-83.00	0	0.374000	0.017000	-0.015000	0	0.392000	0.027000	-0.026000	0	-0.0900	0.2000	-0.2200	0	-1.69250	0.02696	-0.03565	0	4.884000	0.030000	-0.030000	0
37462	1	5537.93			0	0.851957			0													4.503200			0
37465	1	6096.00	32.00	-32.00	0	1.152000	0.046000	-0.046000	0	1.192000	0.057000	-0.057000	0	0.0800	0.0600	-0.0600	0					4.390000	0.010000	-0.010000	0
37467	1	6096.00	32.00	-32.00	0	1.152000	0.046000	-0.046000	0	1.192000	0.057000	-0.057000	0	0.0800	0.0600	-0.0600	0					4.390000	0.010000	-0.010000	0
37468	1	5951.32			0	0.878735			0													4.511800			0
37470	1	5190.00	100.00	-100.00	0	2.500000	0.100000	-0.100000	0	1.340000	0.060000	-0.060000	0	0.1700	0.0600	-0.0600	0					3.770000	0.040000	-0.040000	0
37473	1	7746.12			0	1.574580			0													4.100600			0
37482	1	5170.00	120.00	-120.00	0	0.810000	0.030000	-0.030000	0	0.890000	0.050000	-0.050000	0	0.1600	0.0800	-0.0800	0	-0.37675	0.02020	-0.02119	0	4.570000	0.020000	-0.020000	0
37483	1	5170.00	120.00	-120.00	0	0.810000	0.030000	-0.030000	0	0.890000	0.050000	-0.050000	0	0.1600	0.0800	-0.0800	0	-0.37675	0.02020	-0.02119	0	4.570000	0.020000	-0.020000	0
37485	1	6011.90			0	1.156640			0	1.116795			0									4.360000			0
37487	1	6264.00	95.00	-94.00	0	2.738000	0.048000	-0.050000	0	1.765000	0.061000	-0.061000	0	0.3420	0.0390	-0.0400	0	1.01703	0.02633	-0.02669	0	3.810000	0.021000	-0.020000	0
37490	1	5800.00	50.00	-50.00	0	1.050000	0.050000	-0.050000	0	1.100000	0.060000	-0.060000	0												
37492	1	5700.00	131.00	-131.00	0	0.895000	0.044000	-0.044000	0	1.020000	0.130000	-0.130000	0												
37494	1	5743.01			0	1.067150			0													4.398500			0
37495	1	6560.00	300.00	-340.00	0	1.720000	0.041000	-0.043000	0	1.410000	0.068000	-0.059000	0	-0.0900	0.1100	-0.1800	0	0.69461	0.07551	-0.12173	0	4.110000	0.690000	-0.690000	0
37498	1	4520.41			0	0.693750			0													4.623800			0
37499	1	3793.00	80.00	-80.00	0	0.585000	0.018000	-0.018000	0	0.576000	0.012000	-0.012000	0	0.7900	0.1400	-0.1400	0	-1.19518	0.04275	-0.04742	0	4.664000	0.028000	-0.028000	0
37503	1	5289.00	69.00	-69.00	0	0.980000	0.007000	-0.007000	0	0.901000	0.043000	-0.043000	0	0.2400	0.0500	-0.0500	0					4.390000	0.030000	-0.030000	0
37509	1	5190.00	90.00	-90.00	0	0.831000	0.021000	-0.021000	0	0.870000	0.090000	-0.090000	0	0.1000	0.0800	-0.0800	0					4.540000	0.100000	-0.100000	0
37511	1	6070.00	160.00	-150.00	0	1.857000	0.038000	-0.036000	0	1.391000	0.074000	-0.097000	0	0.2880	0.0760	-0.0780	0	0.62428	0.05150	-0.04679	0	4.046000	0.014000	-0.026000	0
37513	1	5595.08			0	0.988751			0													4.391700			0
37515	1	6740.00	250.00	-200.00	0	1.550000	0.046000	-0.046000	0	1.452000	0.082000	-0.075000	0	0.1100	0.1400	-0.1200	0	0.64836	0.06513	-0.05397	0	4.220000	0.029000	-0.028000	0
37516	1	6058.00	99.00	-94.00	0	1.409000	0.039000	-0.038000	0	1.242000	0.072000	-0.077000	0	0.2070	0.0850	-0.0890	0	0.38021	0.03309	-0.02996	0	4.234000	0.032000	-0.033000	0
37518	1	6390.00	160.00	-150.00	0	1.451000	0.036000	-0.030000	0	1.250000	0.068000	-0.075000	0	-0.1020	0.0660	-0.0770	0	0.49969	0.04064	-0.03879	0	4.215000	0.021000	-0.036000	0
37521	1	6174.00	90.00	-119.00	0	1.487700	0.044300	-0.033800	0	1.279300	0.028200	-0.028800	0	0.1640	0.0770	-0.0700	0	0.46195	0.03151	-0.03042	0	4.194000	0.026000	-0.027000	0
37524	1	5735.00	72.00	-72.00	0	1.660000	0.020000	-0.020000	0	1.140000	0.020000	-0.010000	0	0.2600	0.0500	-0.0500	0	0.43457	0.01568	-0.01296	0	4.060000	0.010000	-0.010000	0
37527	1	3260.00	50.00	-50.00	0	0.358000	0.015000	-0.015000	0	0.340000	0.009000	-0.009000	0	0.2700	0.1200	-0.1200	0					4.860000	0.040000	-0.040000	0
37529	1	4201.57			0	0.639344			0													4.636100			0
37531	1	5805.00	62.00	-62.00	0	1.000000	0.023000	-0.023000	0	1.030000	0.060000	-0.060000	0	-0.1300	0.0800	-0.0800	0	0.00903	0.00549	-0.00557	0	4.300000	0.140000	-0.140000	0
37533	1	5624.72			0	1.159260			0													4.321100			0
37536	1	5504.00	43.00	-55.00	0	1.163000	0.054000	-0.053000	0	1.012000	0.040000	-0.047000	0	0.3260	0.0370	-0.0490	0	0.04766	0.02311	-0.02565	0	4.232000	0.106000	-0.068000	0
37538	1	5380.00	180.00	-170.00	0	0.912000	0.032000	-0.030000	0	0.912000	0.051000	-0.040000	0	0.2060	0.0900	-0.0880	0	-0.20135	0.06229	-0.06066	0	4.479000	0.034000	-0.034000	0
37539	1	5640.00	110.00	-110.00	0	1.055000	0.040000	-0.037000	0	1.005000	0.064000	-0.061000	0	0.1650	0.0830	-0.0840	0	0.00860	0.01712	-0.02272	0	4.393000	0.045000	-0.046000	0
37543	1	4440.00	100.00	-100.00	0	0.678000	0.016000	-0.016000	0	0.740000	0.017000	-0.017000	0	0.1200	0.0800	-0.0800	0					4.618000	0.017000	-0.017000	0
37544	1	4440.00	100.00	-100.00	0	0.678000	0.016000	-0.016000	0	0.740000	0.017000	-0.017000	0	0.1200	0.0800	-0.0800	0					4.618000	0.017000	-0.017000	0
37545	1	4440.00	100.00	-100.00	0	0.678000	0.016000	-0.016000	0	0.740000	0.017000	-0.017000	0	0.1200	0.0800	-0.0800	0					4.618000	0.017000	-0.017000	0
37546	1	4440.00	100.00	-100.00	0	0.678000	0.016000	-0.016000	0	0.740000	0.017000	-0.017000	0	0.1200	0.0800	-0.0800	0					4.618000	0.017000	-0.017000	0
37548	1	5749.00	61.00	-61.00	0	0.930000	0.030000	-0.030000	0	0.970000	0.020000	-0.020000	0	0.1500	0.0400	-0.0400	0					4.430000	0.100000	-0.100000	0
37550	1	3793.00	80.00	-80.00	0	0.656000	0.019000	-0.019000	0	0.632000	0.013000	-0.013000	0	0.4300	0.1200	-0.1200	0	-1.09528	0.04223	-0.04678	0	4.604000	0.027000	-0.027000	0
37551	1	5909.00	145.00	-144.00	0	0.920000	0.040000	-0.040000	0	1.020000	0.050000	-0.050000	0	-0.1500	0.0300	-0.0300	0	-0.03058	0.01556	-0.01566	0	4.517000	0.006000	-0.008000	0
37555	1	4780.00	120.00	-120.00	0	0.844000	0.020000	-0.019000	0	0.789000	0.046000	-0.047000	0	0.0820	0.0790	-0.0790	0	-0.47366	0.04653	-0.04633	0	4.483000	0.016000	-0.019000	0
37556	1	5670.00			0	0.930000			0	0.996650			0									4.500000			0
37558	1	5808.00	40.00	-40.00	0	1.290000	0.040000	-0.040000	0	1.100000	0.030000	-0.030000	0	0.2000	0.0200	-0.0500	0					4.260000	0.050000	-0.040000	0
37560	1	6160.00	150.00	-150.00	0	2.333000	0.097000	-0.096000	0	1.469000	0.089000	-0.088000	0	0.0650	0.0500	-0.0500	0	0.84696	0.05613	-0.05456	0	3.869000	0.044000	-0.045000	0
37563	1	5277.00	67.00	-67.00	0	0.890000	0.030000	-0.030000	0	0.740000	0.030000	-0.030000	0	-0.1100	0.0500	-0.0500	0	-0.25696	0.00530	-0.00537	0	4.350000	0.120000	-0.120000	0
37565	1	6150.00	110.00	-130.00	0	1.241000	0.032000	-0.027000	0	1.240000	0.050000	-0.046000	0	0.1800	0.1300	-0.1300	0	0.29885	0.03761	-0.03878	0	4.224000	0.051000	-0.062000	0
37566	1	6150.00	110.00	-130.00	0	1.241000	0.032000	-0.027000	0	1.240000	0.050000	-0.046000	0	0.1800	0.1300	-0.1300	0	0.29885	0.03761	-0.03878	0	4.224000	0.051000	-0.062000	0
37569	1	5183.00	125.00	-125.00	0	0.852000	0.020000	-0.020000	0	0.864000	0.040000	-0.033000	0	0.1070	0.0440	-0.0440	0					4.514000	0.029000	-0.027000	0
37570	1	6300.00	80.00	-80.00	0	1.400000	0.040000	-0.040000	0	1.240000	0.070000	-0.070000	0	0.1200	0.0800	-0.0800	0					4.300000	0.150000	-0.150000	0
37573	1	5156.16			0	0.854084			0													4.475700			0
37575	1	5622.14			0	1.033150			0													4.392900			0
37577	1	5643.77	145.87	-76.03	0	1.094570	0.053877	-0.048811	0	1.000000	0.137007	-0.113529	0	0.4150	0.0200	-0.0200	0	0.03946	0.01596	-0.01473	0	4.359580	0.081213	-0.066040	0
37578	1	6060.00	120.00	-140.00	0	1.530000	0.041000	-0.041000	0	1.250000	0.060000	-0.072000	0	0.2080	0.0780	-0.0780	0	0.45788	0.02784	-0.03958	0	4.163000	0.027000	-0.027000	0
37580	1	3322.00	49.00	-49.00	0	0.350000	0.010000	-0.010000	0	0.335000	0.008000	-0.008000	0	0.2700	0.0900	-0.0900	0	-1.85078	0.01810	-0.01889	0	4.870000	0.030000	-0.030000	0
37585	1	3430.00	54.00	-54.00	0	0.394000	0.011000	-0.011000	0	0.392000	0.015000	-0.015000	0	0.0000			0	-1.71220	0.03442	-0.03738	0	4.840000	0.030000	-0.030000	0
37588	1	3544.00	100.00	-100.00	0	0.421000	0.028000	-0.028000	0	0.420000	0.030000	-0.030000	0	-0.1200	0.0800	-0.0800	0	-1.59860	0.00853	-0.00870	0	4.970000	0.100000	-0.100000	0
37589	1	5723.00	95.00	-120.00	0	1.209000	0.032000	-0.026000	0	1.105000	0.063000	-0.068000	0	0.3240	0.0840	-0.0860	0	0.15229	0.02380	-0.03502	0	4.319000	0.026000	-0.040000	0
37591	1	4230.00	88.00	-88.00	0	0.708000	0.022000	-0.022000	0	0.739000	0.030000	-0.030000	0	0.4100	0.1200	-0.1200	0	-0.82391	0.02531	-0.03937	0	4.630000	0.050000	-0.050000	0
37593	1	6500.00	180.00	-190.00	0	1.785000	0.067000	-0.057000	0	1.389000	0.068000	-0.075000	0	-0.1040	0.1100	-0.0860	0	0.71265	0.03709	-0.04707	0	4.077000	0.034000	-0.042000	0
37596	1	5631.00	141.47	-99.75	0	1.022830	0.049720	-0.049667	0	1.000000	0.094187	-0.160889	0					-0.02335	0.00943	-0.01339	0	4.418460	0.089697	-0.064715	0
37597	1	5790.00	140.00	-120.00	0	1.021000	0.033000	-0.032000	0	1.037000	0.053000	-0.057000	0	0.2540	0.0760	-0.0770	0	0.02078	0.04704	-0.03941	0	4.436000	0.031000	-0.033000	0
37600	1	3919.00	80.00	-80.00	0	0.611000	0.019000	-0.019000	0	0.596000	0.013000	-0.013000	0	0.3300	0.1400	-0.1400	0	-1.10127	0.04229	-0.04686	0	4.642000	0.029000	-0.029000	0
37601	1	3586.00	88.00	-88.00	0	0.520000	0.020000	-0.010000	0	0.540000	0.020000	-0.020000	0	-0.0300	0.1200	-0.1200	0					4.770000	0.050000	-0.050000	0
37606	1	3659.00	120.00	-120.00	0	0.540000	0.030000	-0.030000	0	0.530000	0.020000	-0.020000	0	0.3760	0.0950	-0.0950	0	-1.30980	0.04220	-0.04674	0	4.700000	0.030000	-0.030000	0
37608	1	4610.00	207.00	-207.00	0	0.650000	0.060000	-0.060000	0	0.670000	0.020000	-0.020000	0	-0.1700	0.0700	-0.0700	0	-0.76195	0.00993	-0.01016	0	4.640000	0.080000	-0.080000	0
37611	1	6240.00	160.00	-160.00	0	2.190000	0.120000	-0.110000	0	1.483000	0.081000	-0.140000	0	0.0300	0.1300	-0.1100	0	0.81624	0.03502	-0.03449	0	3.926000	0.052000	-0.061000	0
37613	1	3580.00	124.25	-124.25	0	0.485000	0.067000	-0.067000	0	0.500000	0.096000	-0.096000	0					-1.45905	0.06650	-0.07856	0	4.500000			-1
37616	1	3927.00	37.00	-37.00	0	0.612000	0.013000	-0.012000	0	0.639000	0.023000	-0.023000	0	0.3380	0.0720	-0.0660	0	-1.09528	0.01016	-0.00985	0	4.669000	0.018000	-0.017000	0
37618	1	5692.00	87.00	-83.00	0	1.462000	0.028000	-0.025000	0	0.998000	0.051000	-0.046000	0	-0.0480	0.0420	-0.0770	0	0.30750	0.02494	-0.02419	0	4.110000	0.012000	-0.018000	0
37621	1	5528.92			0	0.916633			0													4.449700			0
37622	1	5990.00	130.00	-150.00	0	1.842000	0.055000	-0.054000	0	1.350000	0.070000	-0.150000	0	0.2080	0.0810	-0.0820	0	0.59550	0.02672	-0.03919	0	4.036000	0.038000	-0.056000	0
37626	1	3747.00	64.00	-64.00	0	0.588000	0.011000	-0.011000	0	0.612000	0.034000	-0.034000	0	0.4250	0.0880	-0.0880	0	-1.21254	0.03340	-0.03618	0	4.686000	0.014000	-0.014000	0
37627	1	3751.00	59.00	-59.00	0	0.580000	0.010000	-0.010000	0	0.610000	0.020000	-0.020000	0	0.5000	0.1600	-0.1600	0	-1.20066	0.01357	-0.01401	0	4.720000	0.040000	-0.040000	0
37629	1	6220.00	130.00	-120.00	0	1.263000	0.037000	-0.030000	0	1.167000	0.063000	-0.066000	0	0.0440	0.0720	-0.0590	0	0.33445	0.03290	-0.02910	0	4.304000	0.025000	-0.035000	0
37632	1	6400.78			0	1.562100			0													4.162000			0
37634	1	6094.00	67.00	-65.00	0	1.245000	0.022000	-0.022000	0	1.165000	0.055000	-0.055000	0	0.1820	0.0930	-0.0890	0	0.28488	0.01658	-0.01701	0	4.314000	0.013000	-0.013000	0
37636	1	3440.00	85.00	-85.00	0	0.300000	0.015000	-0.015000	0	0.292000	0.018000	-0.018000	0	-0.3600	0.2000	-0.2000	0	-1.94539	0.00195	-0.00196	0	4.990000	0.210000	-0.210000	0
37640	1	6000.00	75.00	-75.00	0	1.051000	0.013000	-0.013000	0	1.146000	0.013000	-0.013000	0	0.0900	0.0600	-0.0600	0					4.440000	0.100000	-0.100000	0
37642	1	6000.00	75.00	-75.00	0	1.051000	0.013000	-0.013000	0	1.146000	0.013000	-0.013000	0	0.0900	0.0600	-0.0600	0					4.440000	0.100000	-0.100000	0
37644	1	3216.00	83.00	-83.00	0	0.189500	0.007900	-0.007900	0	0.159000	0.014000	-0.014000	0					-2.46092	0.02559	-0.02719	0				
37647	1	5820.00	120.00	-120.00	0	1.474000	0.048000	-0.040000	0	1.066000	0.094000	-0.069000	0	-0.0120	0.0400	-0.0400	0	0.35218	0.03875	-0.03621	0	4.135000	0.027000	-0.040000	0
37649	1	4169.00	70.00	-70.00	0	0.623000	0.012000	-0.012000	0	0.631000	0.018000	-0.018000	0	-0.1700	0.0900	-0.0900	0					4.680000	0.120000	-0.120000	0
37651	1	4169.00	70.00	-70.00	0	0.623000	0.012000	-0.012000	0	0.631000	0.018000	-0.018000	0	-0.1700	0.0900	-0.0900	0					4.680000	0.120000	-0.120000	0
37652	1	3750.17			0	0.553216			0													4.614200			0
37654	1	3547.00	157.00	-157.00	0	0.420000	0.010000	-0.010000	0	0.410000	0.020000	-0.020000	0												
37656	1	3547.00	157.00	-157.00	0	0.420000	0.010000	-0.010000	0	0.410000	0.020000	-0.020000	0												
37659	1	6088.71			0	1.323750			0													4.185400			0
37660	1	5483.65			0	0.835682			0													4.483700			0
37663	1	4208.45			0	0.662052			0													4.596500			0
37665	1	5700.00	80.00	-80.00	0	1.058000	0.036000	-0.036000	0	0.890000	0.056000	-0.031000	0	-0.2100	0.0800	-0.0800	0	1.05700	0.09300	-0.09300	0	4.200000	0.200000	-0.200000	0
37666	1	3790.00	59.00	-59.00	0	0.594000	0.011000	-0.011000	0	0.619000	0.023000	-0.023000	0	0.4200	0.1600	-0.1600	0	-1.15927	0.01539	-0.01466	0	4.680000	0.040000	-0.040000	0
37669	1	6466.00	95.00	-93.00	0	1.496000	0.042000	-0.040000	0	1.349000	0.064000	-0.065000	0	-0.0040	0.0590	-0.0550	0	0.54654	0.01931	-0.01763	0	4.218000	0.030000	-0.031000	0
37671	1	5925.00	85.00	-76.00	0	1.233000	0.028000	-0.026000	0	1.026000	0.057000	-0.057000	0	-0.0690	0.0650	-0.0790	0	0.22737	0.02183	-0.01813	0	4.268000	0.024000	-0.028000	0
37672	1	6237.00	100.00	-96.00	0	1.393000	0.038000	-0.038000	0	1.194000	0.069000	-0.073000	0	-0.0130	0.0520	-0.0600	0	0.42160	0.01931	-0.01848	0	4.226000	0.036000	-0.036000	0
37675	1	4417.30			0	0.743344			0													4.632600			0
37676	1	6137.02			0	1.913340			0													4.051600			0
37678	1	4583.79			0	0.736044			0													4.637200			0
37681	1					0.843000	0.005000	-0.005000	0	0.806000	0.036000	-0.036000	0												
37690	1					0.843000	0.005000	-0.005000	0	0.806000	0.036000	-0.036000	0												
37698	1					0.843000	0.005000	-0.005000	0	0.806000	0.036000	-0.036000	0												
37705	1					0.843000	0.005000	-0.005000	0	0.806000	0.036000	-0.036000	0												
37708	1	4553.00			0	0.734919			0													4.645800			0
37710	1	3996.00	88.00	-88.00	0	0.646000	0.017000	-0.017000	0	0.666000	0.025000	-0.025000	0	0.1400	0.1200	-0.1200	0	-0.99268	0.01593	-0.01654	0	4.670000	0.050000	-0.050000	0
37712	1	5327.00	64.00	-64.00	0	0.820000	0.005000	-0.005000	0	0.858000	0.033000	-0.029000	0	-0.0230	0.0400	-0.0400	0	-0.31336	0.02093	-0.02199	0	4.490000	0.030000	-0.030000	0
37715	1	5327.00	64.00	-64.00	0	0.820000	0.005000	-0.005000	0	0.858000	0.033000	-0.029000	0	-0.0230	0.0400	-0.0400	0	-0.31336	0.02093	-0.02199	0	4.490000	0.030000	-0.030000	0
37716	1	5327.00	64.00	-64.00	0	0.820000	0.005000	-0.005000	0	0.858000	0.033000	-0.029000	0	-0.0230	0.0400	-0.0400	0	-0.31336	0.02093	-0.02199	0	4.490000	0.030000	-0.030000	0
37718	1	5327.00	64.00	-64.00	0	0.820000	0.005000	-0.005000	0	0.858000	0.033000	-0.029000	0	-0.0230	0.0400	-0.0400	0	-0.31336	0.02093	-0.02199	0	4.490000	0.030000	-0.030000	0
37720	1	5327.00	64.00	-64.00	0	0.820000	0.005000	-0.005000	0	0.858000	0.033000	-0.029000	0	-0.0230	0.0400	-0.0400	0	-0.31336	0.02093	-0.02199	0	4.490000	0.030000	-0.030000	0
37721	1	5385.64			0	0.933361			0													4.437300			0
37724	1	3896.00	88.00	-88.00	0	0.540000	0.017000	-0.016000	0	0.556000	0.022000	-0.022000	0	-0.2700	0.1200	-0.1200	0	-1.24489	0.02086	-0.01872	0	4.730000	0.050000	-0.050000	0
37726	1	5640.00	34.00	-37.00	0	1.088000	0.014000	-0.014000	0	0.998000	0.068000	-0.057000	0	0.1430	0.0760	-0.0780	0	0.03262	0.01114	-0.01226	0	4.364000	0.032000	-0.028000	0
37728	1	5485.00	63.00	-63.00	0	0.938000	0.007000	-0.007000	0	0.905000	0.039000	-0.041000	0	0.0000	0.0100	-0.0100	0					4.340000	0.110000	-0.110000	0
37730	1	3713.00	59.00	-59.00	0	0.570000	0.020000	-0.020000	0	0.600000	0.020000	-0.020000	0	0.4700	0.1600	-0.1600	0	-1.22841	0.01940	-0.01343	0	4.690000	0.040000	-0.040000	0
37733	1	4590.00	126.00	-126.00	0	0.757500	0.059300	-0.059300	0	0.730000	0.084600	-0.084600	0	0.4280	0.1000	-0.1000	0					4.543000	0.095000	-0.095000	0
37735	1	3225.00	41.00	-40.00	0	0.299200	0.007300	-0.007200	0	0.265300	0.006100	-0.006100	0	-0.0300	0.1300	-0.1300	0	-2.05849	0.01370	-0.01465	0	4.910000	0.023000	-0.022000	0
37736	1	3436.00	79.00	-79.00	0	0.220000	0.010000	-0.010000	0	0.190000	0.010000	-0.010000	0	-0.5400	0.1000	-0.1000	0								
37739	1	3325.00	75.00	-75.00	0	0.383000	0.018000	-0.018000	0	0.383000	0.019000	-0.019000	0	0.0300	0.2000	-0.2000	0	-1.79183	0.00508	-0.00514	0	5.010000	0.040000	-0.040000	0
37740	1	5874.00	119.00	-119.00	0	1.106000	0.051000	-0.051000	0	1.060000	0.130000	-0.130000	0												
37742	1	3419.00	70.00	-70.00	0	0.370000	0.010000	-0.010000	0	0.360000	0.020000	-0.020000	0	-0.1200	0.0900	-0.0900	0								
37746	1	4750.00	100.00	-100.00	0	0.639000	0.034000	-0.034000	0	0.724000	0.009000	-0.009000	0	-0.1300	0.0300	-0.0300	0	-0.74232	0.02108	-0.02215	0	4.660000	0.060000	-0.060000	0
37748	1	3949.00	157.00	-157.00	0	0.580000	0.020000	-0.020000	0	0.570000	0.020000	-0.020000	0												
37751	1	4408.03			0	0.671912			0													4.671500			0
37753	1	6235.00	50.00	-50.00	0	1.360000	0.030000	-0.050000	0	1.230000	0.040000	-0.030000	0	0.0800	0.1000	-0.0800	0					4.260000	0.040000	-0.030000	0
37754	1	5615.00	25.00	-25.00	0	0.870000	0.006000	-0.006000	0	0.870000	0.040000	-0.040000	0	-0.3200	0.0400	-0.0400	0	-0.14752	0.01084	-0.01112	0	4.420000	0.010000	-0.010000	0
37757	1	5615.00	25.00	-25.00	0	0.870000	0.006000	-0.006000	0	0.870000	0.040000	-0.040000	0	-0.3200	0.0400	-0.0400	0	-0.14752	0.01084	-0.01112	0	4.420000	0.010000	-0.010000	0
37758	1	5185.00	80.00	-80.00	0	0.833000	0.023000	-0.023000	0	0.821000	0.032000	-0.027000	0	-0.1200	0.0800	-0.0800	0	-0.32883	0.01546	-0.01603	0	4.511000	0.026000	-0.024000	0
37760	1	5185.00	80.00	-80.00	0	0.833000	0.023000	-0.023000	0	0.821000	0.032000	-0.027000	0	-0.1200	0.0800	-0.0800	0	-0.32883	0.01546	-0.01603	0	4.511000	0.026000	-0.024000	0
37761	1	5185.00	80.00	-80.00	0	0.833000	0.023000	-0.023000	0	0.821000	0.032000	-0.027000	0	-0.1200	0.0800	-0.0800	0	-0.32883	0.01546	-0.01603	0	4.511000	0.026000	-0.024000	0
37762	1	5185.00	80.00	-80.00	0	0.833000	0.023000	-0.023000	0	0.821000	0.032000	-0.027000	0	-0.1200	0.0800	-0.0800	0	-0.32883	0.01546	-0.01603	0	4.511000	0.026000	-0.024000	0
37763	1	5715.00	55.00	-55.00	0	1.082000	0.026000	-0.026000	0	0.901000	0.055000	-0.037000	0	-0.2700	0.0700	-0.0700	0	0.05308	0.01622	-0.01685	0	4.320000	0.130000	-0.130000	0
37766	1	3452.00	96.00	-96.00	0	0.321000	0.014000	-0.014000	0	0.325000	0.030000	-0.030000	0	0.0100	0.1600	-0.1700	0					4.936000	0.034000	-0.035000	0
37769	1	3452.00	96.00	-96.00	0	0.321000	0.014000	-0.014000	0	0.325000	0.030000	-0.030000	0	0.0100	0.1600	-0.1700	0					4.936000	0.034000	-0.035000	0
37771	1	4850.00	78.00	-78.00	0	0.773000	0.023000	-0.023000	0	0.778000	0.037000	-0.032000	0	-0.0400	0.1300	-0.1300	0	-0.51004	0.02059	-0.02161	0	4.560000	0.030000	-0.030000	0
37773	1	5134.00	121.00	-121.00	0	0.762500	0.045100	-0.045100	0	0.870000	0.103200	-0.103200	0									4.613000	0.085000	-0.085000	0
37776	1	5770.00	50.00	-50.00	0	1.427000	0.043000	-0.040000	0	0.970000	0.072000	-0.055000	0	-0.2400	0.0900	-0.0900	0	0.31175	0.02471	-0.02172	0	4.120000	0.040000	-0.040000	0
37778	1	5920.00	210.00	-210.00	0	2.260000	0.072000	-0.052000	0	1.334000	0.055000	-0.065000	0	0.1800	0.1600	-0.1500	0	0.75358	0.06000	-0.05986	0	3.856000	0.018000	-0.030000	0
37781	1	3613.00	80.00	-80.00	0	0.480000	0.015000	-0.015000	0	0.477000	0.011000	-0.011000	0	0.0900	0.1400	-0.1400	0	-1.45223	0.04440	-0.04946	0	4.755000	0.029000	-0.029000	0
37783	1	5388.92			0	0.890046			0													4.486900			0
37784	1	4650.00	50.00	-50.00	0	0.712000	0.018000	-0.018000	0	0.744000	0.016000	-0.016000	0	0.0700	0.0400	-0.0400	0					4.590000	0.080000	-0.080000	0
37786	1	3419.00	157.00	-157.00	0	0.380000	0.010000	-0.010000	0	0.370000	0.020000	-0.020000	0									4.850000	0.000000	0.000000	0
37789	1	3229.00	77.00	-57.00	0	0.243200	0.006300	-0.006500	0	0.210100	0.004900	-0.004800	0	-0.1800	0.1200	-0.1200	0	-2.23508	0.03442	-0.02773	0	4.989000	0.025000	-0.024000	0
37791	1	3075.00	75.00	-75.00	0	0.242000	0.013000	-0.013000	0	0.230000	0.011000	-0.011000	0	0.3000			1	-2.32873	0.00753	-0.00766	0	5.010000	0.020000	-0.020000	0
37792	1	6110.00	50.00	-50.00	0	1.510000	0.030000	-0.030000	0	1.310000	0.080000	-0.080000	0	0.2800	0.0600	-0.0600	0	0.46090	0.01186	-0.01219	0	4.190000	0.080000	-0.080000	0
37794	1	6223.00	100.00	-100.00	0	2.338000	0.027000	-0.085000	0	1.548000	0.027000	-0.085000	0	0.3700	0.0600	-0.0600	0	0.79934	0.01822	-0.02119	0	3.886000	0.016000	-0.024000	0
37796	1	3635.00	88.00	-88.00	0	0.489000	0.015000	-0.014000	0	0.514000	0.025000	-0.022000	0	-0.0900	0.1200	-0.1200	0	-1.40340	0.01619	-0.01681	0	4.770000	0.050000	-0.050000	0
37798	1	6110.00	100.00	-100.00	0	1.648000	0.045000	-0.035000	0	1.291000	0.066000	-0.060000	0	0.1240	0.0790	-0.0770	0	0.53275	0.03427	-0.03444	0	4.118000	0.015000	-0.025000	0
37800	1	5445.00	97.00	-96.00	0	0.879000	0.026000	-0.026000	0	0.885000	0.042000	-0.036000	0	0.1040	0.0690	-0.0680	0	-0.21254	0.02277	-0.02403	0	4.498000	0.031000	-0.030000	0
37802	1	5445.00	97.00	-96.00	0	0.879000	0.026000	-0.026000	0	0.885000	0.042000	-0.036000	0	0.1040	0.0690	-0.0680	0	-0.21254	0.02277	-0.02403	0	4.498000	0.031000	-0.030000	0
37803	1	6047.00	50.00	-50.00	0	1.662000	0.071000	-0.071000	0	1.107000	0.040000	-0.040000	0	-0.0700	0.0800	-0.0800	0	0.52244	0.01789	-0.01865	0	4.100000	0.100000	-0.100000	0
37808	1	6047.00	50.00	-50.00	0	1.662000	0.071000	-0.071000	0	1.107000	0.040000	-0.040000	0	-0.0700	0.0800	-0.0800	0	0.52244	0.01789	-0.01865	0	4.100000	0.100000	-0.100000	0
37810	1	5775.46			0	1.062210			0													4.461700			0
37811	1	3200.00	75.00	-75.00	0	0.259000	0.013000	-0.013000	0	0.254000	0.013000	-0.013000	0	0.1100	0.2000	-0.2000	0	-2.19791	0.00747	-0.00760	0	5.010000	0.020000	-0.020000	0
37813	1	5660.00	50.00	-50.00	0	1.021000	0.038000	-0.038000	0	1.030000	0.050000	-0.050000	0					-0.05453	0.02627	-0.02796	0	4.450000	0.100000	-0.100000	0
37816	1	5660.00	50.00	-50.00	0	1.021000	0.038000	-0.038000	0	1.030000	0.050000	-0.050000	0					-0.05453	0.02627	-0.02796	0	4.450000	0.100000	-0.100000	0
37817	1	6110.00	50.00	-50.00	0	1.510000	0.030000	-0.030000	0	1.310000	0.080000	-0.080000	0	0.2800	0.0600	-0.0600	0	0.46090	0.01186	-0.01219	0	4.190000	0.080000	-0.080000	0
37820	1	6850.00	100.00	-100.00	0	1.732000	0.055000	-0.055000	0	1.449000	0.087000	-0.087000	0	-0.1000	0.0700	-0.0700	0	0.76790	0.01025	-0.01050	0	4.200000	0.200000	-0.200000	0
37821	1	3708.00	57.00	-56.00	0	0.550000	0.017000	-0.017000	0	0.577000	0.024000	-0.023000	0	0.3500	0.1100	-0.1200	0	-1.28819	0.01247	-0.01284	0	4.718000	0.024000	-0.025000	0
37824	1	6400.00	100.00	-100.00	0	1.415000	0.047000	-0.047000	0	1.313000	0.079000	-0.079000	0	0.0900	0.0700	-0.0700	0	0.47407	0.01009	-0.01033	0	4.200000	0.200000	-0.200000	0
37825	1	3895.00	44.00	-44.00	0	0.576000	0.022000	-0.022000	0	0.582000	0.027000	-0.027000	0	-0.1200	0.1400	-0.1500	0					4.682000	0.025000	-0.024000	0
37827	1	3421.00	70.00	-70.00	0	0.370000	0.011000	-0.011000	0	0.353000	0.015000	-0.015000	0	-0.1400	0.0900	-0.0900	0					4.850000	0.044000	-0.044000	0
37829	1	6250.00	220.00	-190.00	0	1.345000	0.046000	-0.040000	0	1.311000	0.066000	-0.075000	0	0.2580	0.0780	-0.0800	0	0.39445	0.06645	-0.05203	0	4.300000	0.026000	-0.036000	0
37832	1	4533.23			0	0.874219			0													4.642800			0
37833	1	3977.00	59.00	-59.00	0	0.609000	0.016000	-0.016000	0	0.644000	0.024000	-0.024000	0	0.4400	0.1600	-0.1600	0	-1.08672	0.00944	-0.00965	0	4.670000	0.040000	-0.040000	0
37835	1	3247.00	70.00	-70.00	0	0.293000	0.010000	-0.010000	0	0.269000	0.012000	-0.012000	0	-0.3200	0.0900	-0.0900	0					4.930000	0.006000	-0.006000	0
37838	1	3539.00	59.00	-59.00	0	0.490000	0.011000	-0.011000	0	0.531000	0.021000	-0.021000	0	0.0800	0.1600	-0.1600	0	-1.43168	0.01043	-0.01069	0	4.770000	0.040000	-0.040000	0
37840	1	3444.00	88.00	-88.00	0	0.457000	0.019000	-0.019000	0	0.458000	0.011000	-0.011000	0					-1.48678	0.01183	-0.01216	0	4.810000	0.050000	-0.050000	0
37843	1	5008.20			0	0.766023			0													4.587600			0
37844	1	6460.00	130.00	-150.00	0	2.082000	0.064000	-0.058000	0	1.536000	0.069000	-0.076000	0	0.0720	0.0850	-0.0760	0					3.987000	0.030000	-0.036000	0
37848	1	6020.00	140.00	-150.00	0	1.312000	0.051000	-0.048000	0	1.165000	0.069000	-0.078000	0	0.2400	0.0740	-0.0770	0	0.31175	0.02869	-0.03529	0	4.268000	0.044000	-0.048000	0
37850	1	5910.00	90.00	-90.00	0	0.897000	0.070000	-0.070000	0	1.030000	0.050000	-0.050000	0					-0.04191	0.03136	-0.03381	0				
37852	1	3230.00	75.00	-75.00	0	0.234000	0.012000	-0.012000	0	0.230000	0.007000	-0.007000	0	-0.5300	0.1300	-0.1300	0					5.016000	0.005000	-0.005000	0
37854	1	3521.00	33.00	-48.00	0	0.430000	0.013000	-0.013000	0	0.419000	0.009000	-0.009000	0	0.1200	0.1800	-0.1800	0	-1.60906	0.00874	-0.00892	0	4.793000	0.037000	-0.036000	0
37857	1	5463.00	143.00	-142.00	0	1.010000	0.060000	-0.050000	0	0.970000	0.060000	-0.060000	0	0.3600	0.0200	-0.0200	0	-0.08778	0.02379	-0.02404	0	4.416000	0.024000	-0.025000	0
37859	1	3681.00	70.00	-70.00	0	0.512000	0.015000	-0.015000	0	0.514000	0.012000	-0.012000	0	0.0700	0.1200	-0.1200	0					4.726600	0.008500	-0.008500	0
37862	1	3681.00	70.00	-70.00	0	0.512000	0.015000	-0.015000	0	0.514000	0.012000	-0.012000	0	0.0700	0.1200	-0.1200	0					4.726600	0.008500	-0.008500	0
37863	1	3681.00	70.00	-70.00	0	0.512000	0.015000	-0.015000	0	0.514000	0.012000	-0.012000	0	0.0700	0.1200	-0.1200	0					4.726600	0.008500	-0.008500	0
37866	1	5940.00	110.00	-110.00	0	1.721000	0.065000	-0.062000	0	1.323000	0.050000	-0.045000	0	0.2250	0.0440	-0.0450	0	0.52244	0.01411	-0.01594	0	4.087000	0.035000	-0.032000	0
37868	1	6572.28			0	1.571670			0													4.111900			0
37871	1	5597.00	72.00	-72.00	0	0.988200	0.017600	-0.017500	0	0.924500	0.032700	-0.030300	0	0.0010	0.0590	-0.0600	0	-0.06248	0.02343	-0.02370	0	4.412000	0.024000	-0.024000	0
37873	1	5890.00	170.00	-180.00	0	1.385000	0.054000	-0.052000	0	1.047000	0.089000	-0.071000	0	-0.0080	0.0300	-0.0270	0	0.31806	0.03987	-0.04391	0	4.176000	0.054000	-0.051000	0
37876	1	6400.00	100.00	-100.00	0	1.517000	0.023000	-0.022000	0	1.338000	0.023000	-0.022000	0	0.2000	0.0500	-0.0500	0	0.54033	0.02196	-0.02313	0	4.202000	0.015000	-0.015000	0
37877	1	6400.00	100.00	-100.00	0	1.517000	0.023000	-0.022000	0	1.338000	0.023000	-0.022000	0	0.2000	0.0500	-0.0500	0	0.54033	0.02196	-0.02313	0	4.202000	0.015000	-0.015000	0
37878	1	4705.10			0	0.753090			0													4.566100			0
37881	1	6289.49			0	1.582020			0													4.157800			0
37882	1	3110.00	80.00	-80.00	0	0.231000	0.015000	-0.015000	0	0.223000	0.011000	-0.011000	0	0.0000	0.5000	-0.5000	0					5.060000	0.060000	-0.060000	0
37885	1	3810.00	33.00	-33.00	0	0.540000	0.030000	-0.030000	0	0.540000	0.030000	-0.030000	0	-0.1400	0.0700	-0.0700	0	-1.31885	0.00199	-0.00200	0	4.700000	0.030000	-0.030000	0
37888	1	3514.00	57.00	-57.00	0	0.420000	0.013000	-0.013000	0	0.420000	0.010000	-0.010000	0	0.1700	0.1200	-0.1200	0	-1.61439	0.02093	-0.01639	0	4.810000	0.030000	-0.030000	0
37895	1	6295.00	77.00	-77.00	0	1.280000	0.030000	-0.030000	0	1.181000	0.058000	-0.058000	0	0.0000	0.0500	-0.0500	0					4.291000	0.025000	-0.025000	0
37897	1	5085.00	76.00	-76.00	0	1.080000	0.070000	-0.070000	0													3.920000	0.120000	-0.120000	0
37899	1	3007.00	58.00	-58.00	0	0.227600	0.005700	-0.005700	0	0.207000	0.011000	-0.011000	0	0.1420	0.0870	-0.0870	0	-2.42597	0.03663	-0.04001	0	5.039000	0.011000	-0.011000	0
37901	1	5170.87			0	0.947112			0													4.486300			0
37902	1	5681.95			0	0.968149			0													4.498900			0
37905	1	3459.00	65.00	-65.00	0	0.421000	0.017000	-0.015000	0	0.415000	0.021000	-0.020000	0	-0.0700	0.1100	-0.1100	0	-1.64016	0.04670	-0.04597	0	4.809000	0.034000	-0.037000	0
37910	1	3459.00	65.00	-65.00	0	0.421000	0.017000	-0.015000	0	0.415000	0.021000	-0.020000	0	-0.0700	0.1100	-0.1100	0	-1.64016	0.04670	-0.04597	0	4.809000	0.034000	-0.037000	0
37916	1	3459.00	65.00	-65.00	0	0.421000	0.017000	-0.015000	0	0.415000	0.021000	-0.020000	0	-0.0700	0.1100	-0.1100	0	-1.64016	0.04670	-0.04597	0	4.809000	0.034000	-0.037000	0
37917	1	3459.00	65.00	-65.00	0	0.421000	0.017000	-0.015000	0	0.415000	0.021000	-0.020000	0	-0.0700	0.1100	-0.1100	0	-1.64016	0.04670	-0.04597	0	4.809000	0.034000	-0.037000	0
37920	1	5116.06			0	0.952550			0													4.473100			0
37921	1	4080.00	25.00	-25.00	0	0.564000	0.016000	-0.016000	0	0.583000	0.014000	-0.014000	0	-0.1100	0.0600	-0.0600	0					4.630000	0.120000	-0.120000	0
37923	1	4700.00	100.00	-100.00	0	4.100000	0.080000	-0.080000	0	1.070000	0.050000	-0.050000	0	0.2500	0.1000	-0.1000	0	0.88081	0.01571	-0.01512	0	3.244000	0.007000	-0.007000	0
37925	1	4622.00	61.00	-59.00	0	0.674000	0.017000	-0.016000	0	0.732000	0.027000	-0.025000	0	-0.0200	0.1200	-0.0430	0	-0.72793	0.01393	-0.01440	0	4.645000	0.021000	-0.022000	0
37928	1	4622.00	61.00	-59.00	0	0.674000	0.017000	-0.016000	0	0.732000	0.027000	-0.025000	0	-0.0200	0.1200	-0.0430	0	-0.72793	0.01393	-0.01440	0	4.645000	0.021000	-0.022000	0
37930	1	4622.00	61.00	-59.00	0	0.674000	0.017000	-0.016000	0	0.732000	0.027000	-0.025000	0	-0.0200	0.1200	-0.0430	0	-0.72793	0.01393	-0.01440	0	4.645000	0.021000	-0.022000	0
37931	1	3363.00	59.00	-59.00	0	0.351000	0.015000	-0.015000	0	0.344000	0.030000	-0.030000	0	-0.0800	0.1600	-0.1600	0	-1.91542	0.02195	-0.02312	0	4.880000	0.040000	-0.040000	0
37933	1	3075.00	75.00	-75.00	0	0.240000	0.012000	-0.012000	0	0.225000	0.012000	-0.012000	0	-0.2500	0.2500	-0.2500	0					5.000000	0.200000	-0.200000	0
37936	1	4673.03			0	0.670748			0													4.613300			0
37938	1	3099.00	51.00	-50.00	0	0.222000	0.006000	-0.004000	0	0.190000	0.004000	-0.004000	0	-0.2000	0.1200	-0.1200	0	-2.38690	0.03418	-0.03275	0	5.020000	0.020000	-0.020000	0
37941	1	5585.00	60.00	-60.00	0	0.949000	0.008000	-0.012000	0	0.956000	0.050000	-0.026000	0	-0.0400	0.0500	-0.0500	0	-0.08619	0.01047	-0.01072	0	4.470000	0.050000	-0.050000	0
37942	1	4586.87			0	0.666066			0													4.645100			0
37944	1	3185.00	75.00	-75.00	0	0.319000	0.018000	-0.018000	0	0.318000	0.016000	-0.016000	0	0.0000	0.5000	-0.5000	0					4.930000	0.050000	-0.050000	0
37948	1	5720.00	50.00	-50.00	0	1.035000	0.026000	-0.026000	0	1.063000	0.065000	-0.065000	0	0.2500	0.1000	-0.1000	0	0.01115	0.01661	-0.01727	0	4.439000	0.014000	-0.027000	0
37950	1	5720.00	50.00	-50.00	0	1.035000	0.026000	-0.026000	0	1.063000	0.065000	-0.065000	0	0.2500	0.1000	-0.1000	0	0.01115	0.01661	-0.01727	0	4.439000	0.014000	-0.027000	0
37954	1	5720.00	50.00	-50.00	0	1.035000	0.026000	-0.026000	0	1.063000	0.065000	-0.065000	0	0.2500	0.1000	-0.1000	0	0.01115	0.01661	-0.01727	0	4.439000	0.014000	-0.027000	0
37956	1	3657.00	72.00	-72.00	0	0.505000	0.015000	-0.015000	0	0.505000	0.019000	-0.019000	0	0.1960	0.0290	-0.0290	0	-1.38722	0.04043	-0.04458	0	4.735000	0.031000	-0.031000	0
37957	1	3657.00	72.00	-72.00	0	0.505000	0.015000	-0.015000	0	0.505000	0.019000	-0.019000	0	0.1960	0.0290	-0.0290	0	-1.38722	0.04043	-0.04458	0	4.735000	0.031000	-0.031000	0
37959	1	5278.00	63.00	-63.00	0	0.780000	0.030000	-0.030000	0	0.800000	0.050000	-0.050000	0	-0.2700	0.0400	-0.0400	0	-0.37675	0.02020	-0.02119	0	4.500000	0.100000	-0.100000	0
37961	1	3266.00	36.00	-36.00	0	0.425000	0.009100	-0.009100	0	0.442000	0.025000	-0.025000	0	0.3570	0.0850	-0.0850	0	-1.73283	0.02508	-0.02662	0	4.827000	0.010000	-0.010000	0
37963	1	5450.00	60.00	-60.00	0	0.897000	0.013000	-0.013000	0	0.917000	0.028000	-0.028000	0	0.0100	0.0500	-0.0500	0					4.450000	0.050000	-0.050000	0
37965	1	5450.00	60.00	-60.00	0	0.897000	0.013000	-0.013000	0	0.917000	0.028000	-0.028000	0	0.0100	0.0500	-0.0500	0					4.450000	0.050000	-0.050000	0
37969	1	3370.00	100.00	-100.00	0	0.232000	0.017000	-0.023000	0	0.220000	0.030000	-0.035000	0	-0.1300	0.0700	-0.0700	0	-2.20343	0.01028	-0.03842	0	4.800000	0.070000	-0.070000	0
37970	1	3370.00	100.00	-100.00	0	0.232000	0.017000	-0.023000	0	0.220000	0.030000	-0.035000	0	-0.1300	0.0700	-0.0700	0	-2.20343	0.01028	-0.03842	0	4.800000	0.070000	-0.070000	0
37974	1	3725.00	60.00	-60.00	0	0.547000	0.017000	-0.017000	0	0.542000	0.040000	-0.039000	0	-0.2100	0.0800	-0.0800	0					4.800000	0.100000	-0.100000	0
37975	1	3725.00	60.00	-60.00	0	0.547000	0.017000	-0.017000	0	0.542000	0.040000	-0.039000	0	-0.2100	0.0800	-0.0800	0					4.800000	0.100000	-0.100000	0
37980	1	6643.00	150.00	-150.00	0	1.710000	0.050000	-0.050000	0	1.400000	0.050000	-0.050000	0	0.0000	0.1000	-0.1000	0	0.76042	0.04644	-0.05200	0	4.050000	0.170000	-0.170000	0
37981	1	3370.00	29.00	-32.00	0	0.413000	0.008000	-0.008000	0	0.397000	0.010000	-0.010000	0	0.3400	0.1500	-0.1500	0	-1.70246	0.00953	-0.01153	0	4.804000	0.021000	-0.021000	0
37983	1	5558.00	100.00	-100.00	0	0.907000	0.017000	-0.017000	0	0.910000	0.100000	-0.100000	0	-0.1300	0.0800	-0.0800	0					4.480000	0.100000	-0.100000	0
37985	1	5662.81			0	0.915519			0													4.525200			0
37988	1	5078.20			0	0.833198			0													4.506900			0
37989	1	5907.00	150.00	-150.00	0	1.940000	0.100000	-0.100000	0	1.320000	0.060000	-0.060000	0	0.1000	0.1000	-0.1000	0					3.860000	0.140000	-0.140000	0
37993	1	4869.00	77.00	-77.00	0	0.770000	0.009000	-0.009000	0	0.776000	0.036000	-0.036000	0	-0.0900	0.0500	-0.0500	0					4.510000	0.040000	-0.040000	0
37996	1	4869.00	77.00	-77.00	0	0.770000	0.009000	-0.009000	0	0.776000	0.036000	-0.036000	0	-0.0900	0.0500	-0.0500	0					4.510000	0.040000	-0.040000	0
38000	1	4600.00	110.00	-100.00	0	0.695000	0.027000	-0.027000	0	0.710000	0.032000	-0.031000	0	-0.0920	0.0760	-0.0770	0	-0.70997	0.05827	-0.05959	0	4.605000	0.026000	-0.026000	0
38002	1	3920.00	160.00	-160.00	0	0.600000	0.020000	-0.020000	0	0.610000	0.030000	-0.030000	0									4.670000	0.040000	-0.040000	0
38003	1	4552.00	154.00	-154.00	0	0.665000	0.010000	-0.010000	0	0.678000	0.049000	-0.041000	0	-0.2840	0.0670	-0.0670	0					4.743000	0.105000	-0.105000	0
38006	1	4552.00	154.00	-154.00	0	0.665000	0.010000	-0.010000	0	0.678000	0.049000	-0.041000	0	-0.2840	0.0670	-0.0670	0					4.743000	0.105000	-0.105000	0
38008	1	5995.00	79.00	-79.00	0	1.052000	0.012000	-0.007000	0	1.142000	0.008000	-0.011000	0	0.0100	0.0400	-0.0400	0	0.12710	0.01902	-0.04074	0	4.453000	0.003000	-0.008000	0
38016	1	5257.00	108.00	-116.00	0	0.970000	0.100000	-0.100000	0	0.970000	0.040000	-0.040000	0												
38018	1	5842.00	84.00	-79.00	0	1.308000	0.037000	-0.038000	0	1.081000	0.076000	-0.070000	0	0.1530	0.0910	-0.0910	0	0.25285	0.02246	-0.02062	0	4.238000	0.038000	-0.035000	0
38021	1	4929.00	80.00	-75.00	0	0.719000	0.025000	-0.025000	0	0.758000	0.046000	-0.044000	0	-0.0700	0.2300	-0.2400	0	-0.56004	0.01182	-0.01232	0	4.604000	0.027000	-0.027000	0
38022	1	5050.00	100.00	-100.00	0	0.830000	0.030000	-0.030000	0	0.870000	0.030000	-0.030000	0	0.2300	0.0600	-0.0600	0					4.530000	0.100000	-0.100000	0
38026	1	5050.00	100.00	-100.00	0	0.830000	0.030000	-0.030000	0	0.870000	0.030000	-0.030000	0	0.2300	0.0600	-0.0600	0					4.530000	0.100000	-0.100000	0
38028	1	5713.15			0	1.014770			0													4.432100			0
38029	1	6261.00	80.00	-80.00	0	1.390000	0.020000	-0.020000	0	1.280000	0.030000	-0.020000	0	0.2400	0.0500	-0.0500	0	0.43136	0.01579	-0.01639	0	4.260000	0.020000	-0.020000	0
38034	1	3770.20	70.00	-70.00	0	0.527000	0.021000	-0.021000	0	0.557000	0.028000	-0.028000	0	0.0220	0.0900	-0.0900	0	-1.29243	0.09177	-0.11651	0				
38037	1	3770.20	70.00	-70.00	0	0.527000	0.021000	-0.021000	0	0.557000	0.028000	-0.028000	0	0.0220	0.0900	-0.0900	0	-1.29243	0.09177	-0.11651	0				
38041	1	5570.00	150.00	-140.00	0	0.918000	0.038000	-0.036000	0	0.968000	0.061000	-0.068000	0	0.1400	0.2200	-0.1800	0	-0.13668	0.06610	-0.06055	0	4.498000	0.025000	-0.027000	0
38042	1	6272.00			0	2.059789			0	1.069357			0									3.839900			0
38045	1	5626.00	61.00	-61.00	0	1.028000	0.030000	-0.030000	0	0.950000	0.010000	-0.010000	0	0.0800	0.0400	-0.0400	0					4.450000	0.030000	-0.030000	0
38047	1	3572.00	100.00	-100.00	0	0.419000	0.028000	-0.028000	0	0.418000	0.030000	-0.030000	0	-0.1900	0.0700	-0.0700	0	-1.59007	0.01002	-0.01026	0	4.980000	0.090000	-0.090000	0
38048	1	4969.00	129.00	-129.00	0	0.732500	0.048800	-0.048800	0	0.820000	0.097300	-0.097300	0	-0.1330	0.1000	-0.1000	0					4.622000	0.089000	-0.089000	0
38052	1	6011.66			0	1.141650			0													4.344700			0
38053	1	4457.16			0	0.717414			0													4.586500			0
38055	1	5829.42			0	0.985134			0													4.386300			0
38057	1	5745.88			0	1.184900			0													4.260700			0
38061	1					0.894000	0.056000	-0.052000	0	0.822000	0.007900	-0.006400	0												
38064	1					0.894000	0.056000	-0.052000	0	0.822000	0.007900	-0.006400	0												
38067	1	5710.00	53.00	-49.00	0	1.892000	0.077000	-0.076000	0	1.201000	0.066000	-0.064000	0	0.2150	0.0500	-0.0510	0	0.53529	0.02937	-0.03014	0	3.962000	0.026000	-0.024000	0
38069	1	4435.00	80.00	-80.00	0	0.671000	0.015000	-0.015000	0	0.734000	0.014000	-0.014000	0	0.1750	0.0190	-0.0190	0					4.550000	0.060000	-0.060000	0
38071	1	4435.00	80.00	-80.00	0	0.671000	0.015000	-0.015000	0	0.734000	0.014000	-0.014000	0	0.1750	0.0190	-0.0190	0					4.550000	0.060000	-0.060000	0
38072	1	2566.00	26.00	-26.00	0	0.119200	0.001300	-0.001300	0	0.089800	0.002300	-0.002300	0					-3.25727	0.01467	-0.01518	0	5.239600	0.005600	-0.007300	0
38082	1	2566.00	26.00	-26.00	0	0.119200	0.001300	-0.001300	0	0.089800	0.002300	-0.002300	0					-3.25727	0.01467	-0.01518	0	5.239600	0.005600	-0.007300	0
38089	1	2566.00	26.00	-26.00	0	0.119200	0.001300	-0.001300	0	0.089800	0.002300	-0.002300	0					-3.25727	0.01467	-0.01518	0	5.239600	0.005600	-0.007300	0
38096	1	2566.00	26.00	-26.00	0	0.119200	0.001300	-0.001300	0	0.089800	0.002300	-0.002300	0					-3.25727	0.01467	-0.01518	0	5.239600	0.005600	-0.007300	0
38101	1	2566.00	26.00	-26.00	0	0.119200	0.001300	-0.001300	0	0.089800	0.002300	-0.002300	0					-3.25727	0.01467	-0.01518	0	5.239600	0.005600	-0.007300	0
38105	1	2566.00	26.00	-26.00	0	0.119200	0.001300	-0.001300	0	0.089800	0.002300	-0.002300	0					-3.25727	0.01467	-0.01518	0	5.239600	0.005600	-0.007300	0
38111	1	2566.00	26.00	-26.00	0	0.119200	0.001300	-0.001300	0	0.089800	0.002300	-0.002300	0					-3.25727	0.01467	-0.01518	0	5.239600	0.005600	-0.007300	0
38112	1									0.460000			0												
38113	1	4679.00	10.00	-10.00	0	9.990000	1.600000	-1.600000	0	1.040000	0.150000	-0.150000	0	-0.3800	0.0600	-0.0600	0	1.67000	0.09000	-0.09000	0	2.490000	0.040000	-0.040000	0
38114	1	4806.00	45.00	-45.00	0	6.850000	1.380000	-1.380000	0	1.150000	0.180000	-0.180000	0	-0.2000	0.0800	-0.0800	0	1.35000	0.16000	-0.16000	0	2.850000	0.180000	-0.180000	0
38115	1	4806.00	45.00	-45.00	0	6.850000	1.380000	-1.380000	0	1.150000	0.180000	-0.180000	0	-0.2000	0.0800	-0.0800	0	1.35000	0.16000	-0.16000	0	2.850000	0.180000	-0.180000	0
38116	1	3734.00	54.00	-54.00	0	0.495000	0.014000	-0.014000	0	0.498000	0.019000	-0.019000	0	0.0800	0.1900	-0.1900	0	-1.38091	0.00725	-0.00737	0	4.680000	0.060000	-0.060000	0
38117	1	4776.00	10.00	-10.00	0	5.900000	1.000000	-1.000000	0	1.190000	0.140000	-0.140000	0	-0.0600	0.0600	-0.0600	0	1.21000	0.11000	-0.11000	0	2.970000	0.040000	-0.040000	0
38118	1	5130.00	24.00	-24.00	0	6.260000	0.860000	-0.860000	0	1.870000	0.170000	-0.170000	0	-0.0800	0.0500	-0.0500	0	1.38000	0.10000	-0.10000	0	3.110000	0.090000	-0.090000	0
38119	1	4300.00	50.00	-50.00	0	16.210000	4.010000	-4.010000	0	0.970000	0.030000	-0.030000	0	-0.0700	0.1600	-0.1600	0	1.91000	0.18000	-0.18000	0	2.000000	0.200000	-0.200000	0
38122	1																								
38123	1									1.000000			0												
38126	1	3034.00	45.00	-45.00	0	0.120000	0.012000	-0.012000	0	0.097000	0.010000	-0.010000	0	-0.1100	0.2800	-0.2800	0	-3.14146	0.00300	-0.00302	0	5.190000	0.200000	-0.200000	0
38127	1	3034.00	45.00	-45.00	0	0.120000	0.012000	-0.012000	0	0.097000	0.010000	-0.010000	0	-0.1100	0.2800	-0.2800	0	-3.14146	0.00300	-0.00302	0	5.190000	0.200000	-0.200000	0
38129	1	3034.00	45.00	-45.00	0	0.120000	0.012000	-0.012000	0	0.097000	0.010000	-0.010000	0	-0.1100	0.2800	-0.2800	0	-3.14146	0.00300	-0.00302	0	5.190000	0.200000	-0.200000	0
38130	1	5230.00	50.00	-50.00	0	0.850000	0.050000	-0.050000	0	1.040000	0.190000	-0.190000	0	0.0200			0					4.570000	0.010000	-0.010000	0
38145	1	5850.00	50.00	-50.00	0	1.120000	0.070000	-0.070000	0	1.360000	0.300000	-0.300000	0	-0.1500			0					4.430000	0.020000	-0.020000	0
38181	1	5650.00	75.00	-75.00	0	0.829000	0.015000	-0.022000	0	0.928000	0.028000	-0.048000	0	-0.1900	0.0800	-0.0800	0	-0.20412	0.04360	-0.04230	0	4.400000	0.100000	-0.100000	0
38208	1	6200.00	75.00	-75.00	0	1.660000	0.190000	-0.190000	0	1.080000	0.380000	-0.380000	0	0.1400			0					4.060000	0.020000	-0.020000	0
38212	1	5171.00	36.00	-36.00	0	0.868000	0.013000	-0.013000	0	0.901000	0.030000	-0.030000	0	0.2000	0.1000	-0.1000	0					4.517000	0.012000	-0.012000	0
38220	1									0.610000			0	-0.9500	0.0200	-0.0100	0								
38221	1									1.190000			0												
38222	1									0.810000	0.210000	-0.270000	0												
38223	1	2700.00	100.00	-100.00	0					0.060000	0.020000	-0.020000	0					-1.95000	0.17000	-0.15000	0				
38224	1	3410.00	100.00	-100.00	0					0.330000	0.070000	-0.070000	0					-1.09000	0.04000	-0.04000	0				
38225	1	3460.00	100.00	-100.00	0					0.360000	0.080000	-0.080000	0					-1.02000	0.03000	-0.03000	0				
38226	1									0.700000			0												
38227	1									0.700000			0												
38228	1	29300.00	500.00	-500.00	0	0.230000	0.030000	-0.030000	0	0.500000	0.050000	-0.050000	0									5.400000	0.100000	-0.100000	0
38230	1	4970.00	120.00	-120.00	0	1.320000	0.050000	-0.050000	0	1.100000	0.050000	-0.050000	0												
38236	1	4970.00	120.00	-120.00	0	1.320000	0.050000	-0.050000	0	1.100000	0.050000	-0.050000	0												
38240	1	4970.00	120.00	-120.00	0	1.320000	0.050000	-0.050000	0	1.100000	0.050000	-0.050000	0												
38248	1	4970.00	120.00	-120.00	0	1.320000	0.050000	-0.050000	0	1.100000	0.050000	-0.050000	0												
38249	1									0.450000	0.050000	-0.050000	0												
38250	1	4250.00	50.00	-50.00	0	2.000000	0.200000	-0.200000	0	1.000000	0.050000	-0.050000	0												
38257	1																								
38265	1					1.470000	0.022000	-0.032000	0	1.240000	0.050000	-0.070000	0					0.44091	0.03910	-0.03951	0				
38276	1	4675.00	100.00	-100.00	0	0.698000	0.012000	-0.012000	0	0.750000	0.040000	-0.028000	0	0.0300	0.2000	-0.2000	0					4.627000	0.010100	-0.009300	0
38290	1	6900.00	120.00	-120.00	0	1.570000	0.160000	-0.160000	0	0.770000	0.420000	-0.420000	0	-0.0300			0					4.350000	0.170000	-0.170000	0
38298	1	6380.00	120.00	-120.00	0	1.310000	0.080000	-0.080000	0	1.410000	0.300000	-0.300000	0	0.2000			0					4.310000	0.080000	-0.080000	0
38301	1	5990.00	100.00	-100.00	0	1.375000	0.048000	-0.048000	0	1.080000	0.070000	-0.070000	0	-0.2000	0.3000	-0.3000	0					4.200000	0.150000	-0.150000	0
38307	1	6110.00	160.00	-160.00	0	1.436000	0.052000	-0.031000	0	1.220000	0.039000	-0.036000	0	0.0600	0.1300	-0.1300	0	0.41300	0.06100	-0.05700	0	4.220000	0.120000	-0.050000	0
38312	1	5475.00	127.00	-127.00	0	0.963000	0.027000	-0.027000	0	1.076000	0.049000	-0.049000	0	0.3200	0.0900	-0.0900	0					4.503000	0.016000	-0.016000	0
38322	1	5070.00	130.00	-130.00	0	0.900000	0.030000	-0.030000	0	0.890000	0.090000	-0.090000	0	0.2800	0.1600	-0.1600	0					4.200000	0.200000	-0.200000	0
38327	1	6002.00	164.00	-164.00	0	1.470000	0.016000	-0.017000	0	1.175000	0.082000	-0.074000	0	-0.0200	0.1000	-0.1000	0					4.490000	0.160000	-0.160000	0
38343	1																								
38348	1																								
38352	1																								
38356	1	4800.00	100.00	-100.00	0	0.890000	0.080000	-0.080000	0	1.420000	0.430000	-0.430000	0	0.0000			0					4.450000	0.200000	-0.200000	0
38364	1	5392.00	50.00	-50.00	0	0.853000	0.011000	-0.011000	0	0.814000	0.014000	-0.022000	0	-0.1500	0.0500	-0.0500	0					4.487000	0.013000	-0.018000	0
38372	1	5890.00	140.00	-140.00	0	1.608000	0.090000	-0.120000	0	1.318000	0.069000	-0.069000	0	0.1000	0.0900	-0.0900	0					4.200000	0.100000	-0.100000	0
38376	1	5940.00	140.00	-140.00	0	1.430000	0.060000	-0.060000	0	1.289000	0.053000	-0.053000	0	0.1400	0.0700	-0.0700	0					4.300000	0.100000	-0.100000	0
38381	1	6250.00	125.00	-125.00	0	1.426000	0.064000	-0.064000	0	1.250000	0.080000	-0.080000	0	0.0000	0.3000	-0.3000	0					4.250000	0.150000	-0.150000	0
38384	1	6040.00	90.00	-90.00	0	1.220000	0.060000	-0.060000	0	1.290000	0.300000	-0.300000	0	-0.1100			0					4.280000	0.160000	-0.160000	0
38391	1	6410.00	125.00	-125.00	0	1.696000	0.029000	-0.029000	0	1.320000	0.035000	-0.035000	0	0.1600	0.1000	-0.1000	0					4.100000	0.012000	-0.012000	0
38404	1	5650.00	100.00	-100.00	0	1.200000	0.100000	-0.100000	0	1.020000	0.060000	-0.060000	0	0.1400	0.1000	-0.1000	0					4.260000	0.080000	-0.080000	0
38423	1	6265.00	50.00	-50.00	0	1.690000	0.019000	-0.018000	0	1.325000	0.026000	-0.018000	0	0.1200	0.0700	-0.0700	0					4.110000	0.110000	-0.110000	0
38426	1																								
38439	1	6628.00	66.00	-66.00	0	1.461000	0.005000	-0.005000	0	1.330000	0.019000	-0.019000	0	0.1700	0.0500	-0.0500	0					4.251000	0.003000	-0.003000	0
38441	1																								
38446	1	6050.00	100.00	-100.00	0	1.020000	0.020000	-0.020000	0	1.070000	0.050000	-0.050000	0	-0.0200	0.1100	-0.1100	0					4.440000	0.020000	-0.020000	0
38459	1	5800.00			0	1.270000			0	1.120000			0												
38461	1	5800.00			0	1.270000			0	1.120000			0												
38467	1					1.333000	0.027000	-0.027000	0	0.950000	0.020000	-0.020000	0												
38472	1	5900.00	100.00	-100.00	0	0.900000	0.020000	-0.020000	0	1.000000	0.030000	-0.030000	0	0.1500	0.0900	-0.0900	0					4.530000	0.020000	-0.020000	0
38475	1	5950.00	70.00	-70.00	0	1.370000	0.150000	-0.150000	0	0.720000	0.250000	-0.250000	0	0.0000			0					4.060000	0.100000	-0.100000	0
38487	1	5625.00	90.00	-90.00	0	0.960000	0.030000	-0.030000	0	1.040000	0.040000	-0.040000	0	0.2600	0.1000	-0.1000	0					4.490000	0.020000	-0.020000	0
38490	1	5990.00	50.00	-50.00	0	1.561000	0.043000	-0.043000	0	1.060000	0.068000	-0.068000	0	-0.2000	0.0700	-0.0700	0					4.075000	0.018000	-0.018000	0
38500	1	4686.00	99.00	-99.00	0	0.758000	0.032000	-0.032000	0	0.789000	0.039000	-0.039000	0	0.1500	0.0500	-0.0500	0	-0.57512	0.02690	-0.02005	0	4.560000	0.030000	-0.030000	0
38505	1	4686.00	99.00	-99.00	0	0.758000	0.032000	-0.032000	0	0.789000	0.039000	-0.039000	0	0.1500	0.0500	-0.0500	0	-0.57512	0.02690	-0.02005	0	4.560000	0.030000	-0.030000	0
38506	1	4686.00	99.00	-99.00	0	0.758000	0.032000	-0.032000	0	0.789000	0.039000	-0.039000	0	0.1500	0.0500	-0.0500	0	-0.57512	0.02690	-0.02005	0	4.560000	0.030000	-0.030000	0
38508	1	5700.00	100.00	-100.00	0	1.440000	0.050000	-0.050000	0	1.160000	0.080000	-0.080000	0	0.2900	0.1200	-0.1200	0					4.180000	0.020000	-0.020000	0
38511	1	5675.00	60.00	-60.00	0	0.960000	0.050000	-0.050000	0	0.980000	0.060000	-0.060000	0	0.0200	0.1300	-0.1300	0					4.470000	0.030000	-0.030000	0
38523	1																								
38528	1	6272.00	96.00	-96.00	0	1.360000	0.050000	-0.050000	0	1.220000	0.050000	-0.050000	0	-0.0900	0.1000	-0.1000	0					4.250000	0.020000	-0.020000	0
38531	1	5310.00	90.00	-90.00	0	0.800000	0.040000	-0.040000	0	0.920000	0.100000	-0.100000	0	0.2000	0.0900	-0.0900	0					4.590000	0.060000	-0.060000	0
38535	1	6475.00	100.00	-100.00	0	1.400000	0.080000	-0.080000	0	1.620000	0.390000	-0.390000	0	0.0000			0					4.070000	0.200000	-0.200000	0
38546	1	5300.00	100.00	-100.00	0																				
38554	1	5900.00	120.00	-120.00	0	1.370000	0.070000	-0.070000	0	1.250000	0.060000	-0.060000	0	0.2900	0.0900	-0.0900	0					4.260000	0.040000	-0.040000	0
38558	1	6010.00	140.00	-140.00	0	1.640000	0.080000	-0.080000	0	1.330000	0.080000	-0.080000	0	0.2600	0.1200	-0.1200	0					4.130000	0.040000	-0.040000	0
38563	1	5200.00	140.00	-140.00	0	0.810000	0.040000	-0.040000	0	0.810000	0.040000	-0.040000	0	0.1800	0.1400	-0.1400	0					4.530000	0.030000	-0.030000	0
38566	1	4900.00	150.00	-150.00	0	0.680000	0.070000	-0.070000	0	0.760000	0.040000	-0.040000	0	-0.0400	0.1000	-0.1000	0					4.650000	0.100000	-0.100000	0
38573	1	5702.00	100.00	-100.00	0	1.429000	0.140000	-0.076000	0	1.044000	0.070000	-0.073000	0	0.0920	0.0690	-0.0710	0								
38575	1	5555.00	90.00	-90.00	0	0.912000	0.014000	-0.014000	0	0.954000	0.030000	-0.052000	0	0.0990	0.0780	-0.0780	0	-0.13906	0.02102	-0.02209	0	4.496000	0.022000	-0.028000	0
38580	1	5555.00	90.00	-90.00	0	0.912000	0.014000	-0.014000	0	0.954000	0.030000	-0.052000	0	0.0990	0.0780	-0.0780	0	-0.13906	0.02102	-0.02209	0	4.496000	0.022000	-0.028000	0
38583	1	5750.00	125.00	-125.00	0	1.080000	0.049000	-0.049000	0	1.050000	0.060000	-0.060000	0	0.0000	0.3000	-0.3000	0					4.400000	0.150000	-0.150000	0
38590	1	6300.00	100.00	-100.00	0	1.480000	0.380000	-0.380000	0	1.180000	0.930000	-0.930000	0	-0.1700			0					4.350000	0.150000	-0.150000	0
38597	1	6218.00	49.00	-45.00	0	1.651000	0.024000	-0.030000	0	1.394000	0.070000	-0.049000	0	0.1560	0.1000	-0.0890	0					4.147000	0.027000	-0.020000	0
38599	1					1.181000	0.020000	-0.020000	0	1.081000	0.049000	-0.049000	0												
38607	1	5914.00	64.00	-64.00	0	1.730000	0.100000	-0.090000	0	1.336000	0.086000	-0.086000	0	0.3400	0.1100	-0.1100	0					4.100000	0.060000	-0.060000	0
38611	1	4774.00	133.00	-133.00	0	0.823000	0.047000	-0.047000	0	0.800000	0.050000	-0.050000	0	0.2000	0.1000	-0.1000	0					4.470000	0.080000	-0.080000	0
38613	1	5660.00	100.00	-100.00	0	1.240000	0.060000	-0.060000	0	1.090000	0.070000	-0.070000	0	0.0000	0.3000	-0.3000	0					4.300000	0.500000	-0.500000	0
38618	1	4987.00	57.00	-56.00	0	0.826800	0.013800	-0.014000	0	0.871200	0.025000	-0.026700	0	0.3050	0.0580	-0.0590	0	-0.41794	0.02324	-0.02335	0	4.541000	0.022000	-0.024000	0
38628	1	5772.00	86.00	-86.00	0	1.100000	0.030000	-0.030000	0	1.060000	0.040000	-0.040000	0	0.2500	0.0600	-0.0600	0					4.380000	0.030000	-0.030000	0
38631	1	6350.00	150.00	-150.00	0	1.390000	0.180000	-0.180000	0	1.380000	0.140000	-0.140000	0	0.2400	0.1000	-0.1000	0					4.300000	0.050000	-0.110000	0
38634	1	6120.00	140.00	-140.00	0	2.110000	0.100000	-0.100000	0	1.410000	0.120000	-0.120000	0	0.2200	0.1200	-0.1200	0					3.940000	0.040000	-0.040000	0
38638	1	5700.00	150.00	-150.00	0	1.140000	0.090000	-0.090000	0	1.780000	0.540000	-0.540000	0	0.0100			0					4.490000	0.040000	-0.040000	0
38652	1	5298.00	99.00	-99.00	0	0.868000	0.031000	-0.028000	0	0.870000	0.071000	-0.068000	0	0.2700	0.1000	-0.1000	0								
38656	1	6400.00	100.00	-100.00	0	1.712000	0.083000	-0.072000	0	1.390000	0.140000	-0.140000	0	0.1600	0.0900	-0.0900	0	0.64738	0.05159	-0.04969	0	4.111000	0.023000	-0.033000	0
38660	1	5300.00	100.00	-100.00	0	1.110000	0.050000	-0.050000	0	0.950000	0.040000	-0.040000	0	0.2800	0.1300	-0.1300	0					4.330000	0.030000	-0.030000	0
38663	1	5500.00	200.00	-200.00	0	1.015000	0.071000	-0.074000	0	0.970000	0.150000	-0.150000	0	-0.3400	0.2100	-0.2100	0	-0.07572	0.09275	-0.09820	0	4.411000	0.042000	-0.040000	0
38667	1	5806.00	190.00	-200.00	0	0.932000	0.028000	-0.030000	0	0.946000	0.067000	-0.071000	0	-0.0100	0.1900	-0.2000	0								
38670	1	5599.00	150.00	-150.00	0	1.750000	0.180000	-0.180000	0	1.248000	0.072000	-0.070000	0	0.3300	0.1300	-0.1300	0								
38674	1	6050.00	50.00	-50.00	0	1.220000	0.060000	-0.060000	0	1.190000	0.060000	-0.060000	0	0.1900	0.0500	-0.0500	0					4.340000	0.050000	-0.050000	0
38681	1	7000.00	250.00	-250.00	0	1.790000	0.050000	-0.050000	0	1.590000	0.080000	-0.080000	0	0.1000	0.1000	-0.1000	0					4.130000	0.020000	-0.020000	0
38687	1	6000.00	100.00	-100.00	0	1.120000	0.060000	-0.060000	0	1.080000	0.050000	-0.050000	0	-0.0100	0.0900	-0.0900	0					4.370000	0.050000	-0.050000	0
38692	1	6110.00	101.00	-101.00	0	2.011000	0.188000	-0.089000	0	1.337000	0.083000	-0.083000	0	0.0600	0.0700	-0.0700	0					3.958000	0.033000	-0.076000	0
38702	1	6550.00	100.00	-100.00	0	1.490000	0.190000	-0.190000	0	2.280000	0.990000	-0.990000	0	-0.2500			0					4.200000	0.200000	-0.200000	0
38711	1	5600.00	150.00	-150.00	0	0.938000	0.056000	-0.061000	0	0.930000	0.150000	-0.150000	0	0.2200	0.0900	-0.0900	0	-0.11351	0.07255	-0.08715	0	4.466000	0.031000	-0.031000	0
38714	1	5965.00	100.00	-100.00	0	1.637000	0.091000	-0.046000	0	1.171000	0.058000	-0.058000	0	0.0400	0.0700	-0.0700	0					4.080000	0.020000	-0.049000	0
38719	1	6900.00	140.00	-140.00	0	1.910000	0.100000	-0.100000	0	1.490000	0.070000	-0.070000	0	-0.1000	0.0800	-0.0800	0					4.050000	0.050000	-0.050000	0
38721	1	5800.00	140.00	-140.00	0	1.110000	0.050000	-0.050000	0	1.050000	0.080000	-0.080000	0	0.1600	0.1400	-0.1400	0					4.370000	0.030000	-0.030000	0
38731	1	6399.00	68.00	-68.00	0	1.347000	0.018000	-0.018000	0	1.240000	0.038000	-0.038000	0	0.0600	0.0600	-0.0600	0	0.43616	0.02474	-0.02623	0	4.273000	0.010000	-0.010000	0
38735	1	6229.00	100.00	-100.00	0	1.204000	0.064000	-0.064000	0	1.212000	0.045000	-0.045000	0	0.1500	0.0690	-0.0690	0					4.359000	0.045000	-0.045000	0
38737	1	5941.00	77.00	-79.00	0	1.925000	0.047000	-0.044000	0	1.345000	0.080000	-0.130000	0	0.1640	0.0810	-0.0820	0					3.995000	0.037000	-0.053000	0
38739	1	5017.00	70.00	-70.00	0	0.885000	0.046000	-0.046000	0	0.876000	0.038000	-0.038000	0	0.2500	0.0400	-0.0400	0					4.486000	0.049000	-0.037000	0
38745	1	9360.00	150.00	-150.00	0	1.670000	0.070000	-0.070000	0	2.070000	0.110000	-0.110000	0	0.2100	0.1600	-0.1600	0					4.310000	0.040000	-0.040000	0
38754	1	6432.00	48.00	-48.00	0	1.319000	0.061000	-0.062000	0	1.294000	0.063000	-0.061000	0	0.1070	0.0800	-0.0800	0	0.42813	0.04316	-0.04432	0	4.310000	0.036000	-0.033000	0
38764	1	6400.00			0	1.230000			0	1.220000			0												
38767	1	6600.00	200.00	-200.00	0	1.190000	0.060000	-0.060000	0	1.300000	0.100000	-0.100000	0	0.1000	0.2000	-0.2000	0					4.420000	0.010000	-0.010000	0
38769	1	5839.00	70.00	-70.00	0	0.965000	0.043000	-0.043000	0	1.040000	0.040000	-0.040000	0	0.0900	0.0400	-0.0400	0					4.487000	0.039000	-0.039000	0
38773	1	5638.00	100.00	-100.00	0	1.340000	0.030000	-0.030000	0	1.076000	0.064000	-0.064000	0	0.2700	0.1100	-0.1100	0					4.218000	0.033000	-0.033000	0
38779	1	5313.00	72.00	-72.00	0	0.871000	0.038000	-0.038000	0	0.784000	0.038000	-0.038000	0	-0.3100	0.0400	-0.0400	0					4.452000	0.043000	-0.043000	0
38781	1	6000.00	100.00	-100.00	0	1.650000	0.090000	-0.090000	0	1.230000	0.070000	-0.070000	0	0.1200	0.0800	-0.0800	0					4.090000	0.050000	-0.050000	0
38784	1	5900.00	100.00	-100.00	0	1.500000	0.080000	-0.080000	0	1.120000	0.060000	-0.060000	0	-0.0200	0.0600	-0.0600	0					4.130000	0.050000	-0.050000	0
38788	1	6361.00	105.00	-82.00	0	1.470000	0.020000	-0.020000	0	1.220000	0.070000	-0.080000	0	-0.0800	0.1400	-0.1400	0					4.193000	0.028000	-0.029000	0
38791	1	6150.00	92.00	-85.00	0	2.830000	0.050000	-0.050000	0	1.540000	0.090000	-0.090000	0	0.0000	0.1100	-0.1100	0					3.722000	0.029000	-0.029000	0
38795	1	6850.00	125.00	-125.00	0	1.830000	0.069000	-0.069000	0	1.500000	0.090000	-0.090000	0	0.0000	0.3000	-0.3000	0					4.100000	0.200000	-0.200000	0
38798	1	8000.00	80.00	-80.00	0	2.360000	0.030000	-0.030000	0	2.030000	0.066000	-0.066000	0	0.2900	0.1300	-0.1300	0					3.900000	0.200000	-0.200000	0
38806	1	5616.00	66.00	-65.00	0	1.006000	0.031000	-0.034000	0	0.965000	0.091000	-0.095000	0	0.0400	0.2500	-0.3000	0	-0.04335	0.03280	-0.03444	0	4.417000	0.020000	-0.021000	0
38820	1	6400.00	100.00	-100.00	0	1.600000	0.100000	-0.100000	0	1.350000	0.050000	-0.050000	0	-0.0200	0.0500	-0.0500	0					4.170000	0.040000	-0.040000	0
38823	1	5910.00	145.00	-145.00	0	1.320000	0.070000	-0.070000	0	1.090000	0.060000	-0.060000	0	0.1400	0.0800	-0.0800	0					4.236000	0.051000	-0.051000	0
38827	1	6080.00	130.00	-130.00	0	1.213000	0.050000	-0.042000	0	1.018000	0.064000	-0.062000	0	-0.1080	0.0550	-0.0560	0	0.26007	0.02996	-0.02962	0	4.280000	0.042000	-0.050000	0
38828	1	6405.00	200.00	-200.00	0	1.409000	0.090000	-0.090000	0	1.290000	0.080000	-0.080000	0	0.0000	0.2500	-0.2500	0					4.270000	0.500000	-0.500000	0
38830	1	6300.00	125.00	-125.00	0	1.578000	0.066000	-0.066000	0	1.300000	0.080000	-0.080000	0	0.0000	0.3000	-0.3000	0					4.140000	0.250000	-0.250000	0
38833	1	6050.00	100.00	-100.00	0	2.112000	0.077000	-0.077000	0	1.360000	0.080000	-0.080000	0	0.0000	0.3000	-0.3000	0					3.900000	0.200000	-0.200000	0
38836	1	5180.00	190.00	-190.00	0	0.866000	0.031000	-0.030000	0	0.895000	0.077000	-0.072000	0	0.1200	0.2100	-0.1900	0	-0.31336	0.08126	-0.08566	0	4.514000	0.018000	-0.018000	0
38850	1					1.242000	0.044000	-0.044000	0																
38867	1																								
38874	1	6000.00	100.00	-100.00	0	1.240000	0.130000	-0.130000	0	1.460000	0.630000	-0.630000	0	-0.0500			0					4.500000	0.200000	-0.200000	0
38883	1	5150.00	100.00	-100.00	0	0.765000	0.033000	-0.049000	0	0.780000	0.130000	-0.120000	0	-0.0500	0.1300	-0.1300	0					4.400000	0.200000	-0.200000	0
38889	1	6075.00	100.00	-100.00	0	1.420000	0.160000	-0.160000	0	1.430000	0.500000	-0.500000	0	0.0000			0					4.260000	0.170000	-0.170000	0
38901	1	5697.00	80.00	-80.00	0	0.884000	0.008000	-0.009000	0	0.962000	0.027000	-0.021000	0	-0.2000	0.0500	-0.0500	0					4.529000	0.018000	-0.018000	0
38914	1	6034.00	31.00	-31.00	0	1.220000	0.150000	-0.150000	0	0.860000	0.340000	-0.340000	0	0.1600			0					4.440000	0.060000	-0.060000	0
38926	1					1.083000	0.025000	-0.025000	0	0.993000	0.067000	-0.067000	0												
38930	1	4800.00	150.00	-150.00	0	0.790000	0.070000	-0.070000	0	0.770000	0.250000	-0.250000	0	0.1100			0					4.500000	0.200000	-0.200000	0
38937	1	6400.00	100.00	-100.00	0	1.440000	0.120000	-0.120000	0	1.620000	0.530000	-0.530000	0	0.0000			0					4.250000	0.050000	-0.050000	0
38955	1	6302.00	102.00	-102.00	0	1.252000	0.033000	-0.033000	0	1.163000	0.026000	-0.026000	0	-0.2000	0.0900	-0.0900	0					4.308000	0.020000	-0.020000	0
38965	1	6140.00	95.00	-95.00	0	0.950000	0.150000	-0.150000	0	0.720000	0.340000	-0.340000	0	-0.1300			0					4.400000	0.020000	-0.020000	0
38967	1	7430.00	100.00	-100.00	0	1.444000	0.034000	-0.034000	0	1.495000	0.031000	-0.031000	0												
38980	1	5700.00	100.00	-100.00	0	0.910000	0.080000	-0.080000	0	0.960000	0.450000	-0.450000	0	-0.0200			0					4.500000	0.100000	-0.100000	0
38988	1	5990.00	80.00	-80.00	0	1.080000	0.060000	-0.060000	0	1.050000	0.190000	-0.190000	0	-0.1500			0					4.400000	0.010000	-0.010000	0
38993	1	5959.00	134.00	-134.00	0	0.985000	0.014000	-0.014000	0	1.081000	0.034000	-0.034000	0	-0.2600	0.1000	-0.1000	0					4.486000	0.009000	-0.009000	0
39004	1	5800.00	150.00	-150.00	0	1.003000	0.053000	-0.053000	0	0.925000	0.120000	-0.120000	0	-0.4000	0.1200	-0.1200	0	-0.02100	0.07700	-0.05500	0	4.250000	0.150000	-0.150000	0
39013	1	6180.00	50.00	-50.00	0	1.520000	0.070000	-0.070000	0	1.760000	0.280000	-0.280000	0	-0.0200			0					4.250000	0.010000	-0.010000	0
39025	1	5485.00	50.00	-50.00	0	0.939000	0.022000	-0.022000	0	0.913000	0.047000	-0.047000	0	0.0100	0.0900	-0.0900	0					4.453000	0.012000	-0.012000	0
39034	1					0.912000	0.007000	-0.007000	0	0.899000	0.033000	-0.031000	0									4.472000	0.013000	-0.012000	0
39056	1	5545.00	33.00	-33.00	0	0.830000	0.040000	-0.040000	0	0.810000	0.150000	-0.150000	0	0.0600			0					4.530000	0.050000	-0.050000	0
39061	1	5545.00	33.00	-33.00	0	0.870000	0.030000	-0.030000	0	0.930000	0.070000	-0.070000	0	0.0600	0.0200	-0.0200	0					4.530000	0.020000	-0.020000	0
39067	1	5315.00	79.00	-79.00	0	0.892000	0.026000	-0.026000	0	0.951000	0.063000	-0.063000	0	0.2900	0.0500	-0.0500	0					4.515000	0.023000	-0.023000	0
39080	1	4400.00	200.00	-200.00	0	0.600000	0.030000	-0.040000	0	0.580000	0.050000	-0.050000	0	-0.0500	0.1700	-0.1700	0					4.650000	0.060000	-0.040000	0
39092	1	5420.00	100.00	-100.00	0	0.906000	0.053000	-0.050000	0	0.935000	0.054000	-0.052000	0	-0.0030	0.1000	-0.1000	0	-0.19777	0.06359	-0.06408	0	4.494000	0.044000	-0.044000	0
39094	1	5150.00	200.00	-200.00	0	0.855000	0.039000	-0.038000	0	0.850000	0.076000	-0.070000	0	-0.0300	0.2000	-0.2000	0	-0.33555	0.09104	-0.09731	0	4.503000	0.027000	-0.029000	0
39106	1	5600.00			0	0.858000	0.027000	-0.027000	0	0.828000	0.076000	-0.076000	0	-0.3000			0					4.489000	0.014000	-0.014000	0
39113	1					1.156000	0.009000	-0.009000	0	1.058000	0.047000	-0.047000	0												
39137	1					1.156000	0.009000	-0.009000	0	1.058000	0.047000	-0.047000	0												
39141	1					1.156000	0.009000	-0.009000	0	1.058000	0.047000	-0.047000	0												
39152	1					1.156000	0.009000	-0.009000	0	1.058000	0.047000	-0.047000	0												
39167	1	5920.00	150.00	-150.00	0	1.580000	0.210000	-0.210000	0	0.880000	0.360000	-0.360000	0	-0.1200			0					4.030000	0.030000	-0.030000	0
39178	1	5600.00	150.00	-150.00	0	0.970000	0.090000	-0.090000	0	0.920000	0.300000	-0.300000	0	-0.2300			0					4.500000	0.100000	-0.100000	0
39193	1	5700.00	100.00	-100.00	0	1.029000	0.056000	-0.069000	0	0.960000	0.130000	-0.090000	0	0.0900	0.0900	-0.0900	0					4.395000	0.043000	-0.040000	0
39196	1	5400.00	100.00	-100.00	0	0.843000	0.031000	-0.031000	0	0.892000	0.080000	-0.074000	0												
39207	1	5000.00	100.00	-100.00	0	0.790000	0.020000	-0.020000	0	0.870000	0.030000	-0.030000	0	0.0300	0.1200	-0.1200	0					4.582000	0.014000	-0.014000	0
39216	1	4953.00	60.00	-60.00	0	0.798000	0.023000	-0.023000	0	0.839000	0.054000	-0.054000	0	0.2200	0.1100	-0.1100	0	-0.46344	0.02811	-0.03005	0	4.553000	0.019000	-0.020000	0
39221	1	4953.00	60.00	-60.00	0	0.798000	0.023000	-0.023000	0	0.839000	0.054000	-0.054000	0	0.2200	0.1100	-0.1100	0	-0.46344	0.02811	-0.03005	0	4.553000	0.019000	-0.020000	0
39224	1	6100.00	100.00	-100.00	0	1.760000	0.190000	-0.190000	0	1.080000	0.380000	-0.380000	0	-0.2700			0					4.000000	0.030000	-0.030000	0
39228	1	6096.00	71.00	-71.00	0	1.090000	0.012000	-0.013000	0	1.071000	0.025000	-0.025000	0	-0.0300	0.0400	-0.0400	0					4.393000	0.015000	-0.015000	0
39246	1	5600.00	100.00	-100.00	0	0.960000	0.090000	-0.090000	0	0.710000	0.210000	-0.210000	0	0.1200			0					4.500000			0
39254	1	5600.00	100.00	-100.00	0	0.927000	0.033000	-0.033000	0	0.886000	0.067000	-0.067000	0	-0.2500	0.1000	-0.1000	0					4.452000	0.025000	-0.025000	0
39260	1	5800.00	150.00	-150.00	0	1.220000	0.110000	-0.110000	0	1.060000	0.470000	-0.470000	0	-0.4500			0					4.270000	0.090000	-0.090000	0
39265	1	4650.00	150.00	-150.00	0	0.613000	0.044000	-0.044000	0	0.719000	0.035000	-0.035000	0	-0.1500	0.1100	-0.1100	0					4.720000	0.060000	-0.060000	0
39273	1	5438.00	50.00	-50.00	0	0.790000	0.008000	-0.009000	0	0.854000	0.027000	-0.023000	0	-0.1500	0.0500	-0.0500	0					4.565000	0.022000	-0.016000	0
39282	1	5900.00	100.00	-100.00	0	1.170000	0.150000	-0.150000	0	1.190000	0.610000	-0.610000	0	-0.0400			0					4.200000	0.100000	-0.100000	0
39295	1	6250.00	150.00	-150.00	0	1.550000	0.240000	-0.240000	0	1.820000	0.850000	-0.850000	0	-0.1000			0					4.260000	0.010000	-0.010000	0
39305	1	6230.00	80.00	-80.00	0	1.230000	0.080000	-0.080000	0	1.110000	0.250000	-0.250000	0	0.0400			0					4.450000	0.100000	-0.100000	0
39313	1	5550.00	100.00	-100.00	0	1.860000	0.190000	-0.190000	0	1.280000	0.420000	-0.420000	0	0.0800			0					4.010000	0.030000	-0.030000	0
39319	1	5400.00	100.00	-100.00	0	1.058000	0.025000	-0.025000	0	1.004000	0.028000	-0.028000	0	-0.0800	0.1100	-0.1100	0	-0.02200	0.05600	-0.06400	0	4.392000	0.016000	-0.016000	0
39322	1	5600.00	100.00	-100.00	0	1.010000	0.050000	-0.050000	0	0.930000	0.140000	-0.140000	0	-0.0700	0.0700	-0.0700	0					4.400000	0.020000	-0.020000	0
39333	1	6600.00	150.00	-150.00	0	1.760000	0.350000	-0.350000	0	1.330000	0.830000	-0.830000	0	-0.3100			0					4.300000	0.200000	-0.200000	0
39339	1	5200.00	100.00	-100.00	0	0.880000	0.080000	-0.080000	0	0.910000	0.280000	-0.280000	0	-0.0700			0					4.350000	0.150000	-0.150000	0
39348	1	5910.00	60.00	-60.00	0	1.790000	0.190000	-0.190000	0	1.490000	0.530000	-0.530000	0	0.2200			0					4.170000	0.110000	-0.110000	0
39355	1	4792.00	158.00	-158.00	0	0.801000	0.015000	-0.015000	0	0.830000	0.050000	-0.050000	0	0.3500	0.0700	-0.0700	0	-0.48149			0	4.570000	0.037000	-0.037000	0
39363	1	6400.00	100.00	-100.00	0	1.432000	0.092000	-0.092000	0	1.276000	0.065000	-0.065000	0	0.0000	0.1000	-0.1000	0					4.232000	0.047000	-0.047000	0
39373	1	5763.00	79.00	-79.00	0	1.215000	0.064000	-0.089000	0	1.106000	0.042000	-0.042000	0	-0.0060	0.0630	-0.0630	0					4.314000	0.052000	-0.036000	0
39381	1	6050.00	100.00	-100.00	0	1.820000	0.190000	-0.190000	0	0.760000	0.270000	-0.270000	0	0.1500			0					3.900000	0.050000	-0.050000	0
39386	1	6250.00	100.00	-100.00	0	2.180000	0.290000	-0.290000	0	2.780000	1.280000	-1.280000	0	-0.0600			0					4.090000	0.050000	-0.050000	0
39395	1	6030.00	120.00	-120.00	0	2.550000	0.380000	-0.380000	0	2.520000	1.220000	-1.220000	0	0.1400			0					3.930000	0.050000	-0.050000	0
39401	1	5990.00	110.00	-110.00	0	1.420000	0.100000	-0.100000	0	0.980000	0.240000	-0.240000	0	0.3900			0					4.390000	0.070000	-0.070000	0
39415	1	6100.00	100.00	-100.00	0	1.260000	0.040000	-0.040000	0	1.140000	0.070000	-0.070000	0	0.0700	0.0900	-0.0900	0					4.290000	0.020000	-0.020000	0
39426	1	6329.00	65.00	-65.00	0	1.756000	0.071000	-0.071000	0	1.458000	0.021000	-0.021000	0	0.3660	0.0530	-0.0530	0					4.196000	0.106000	-0.106000	0
39434	1	5617.00	72.00	-72.00	0	0.910000	0.025000	-0.023000	0	0.903000	0.066000	-0.059000	0	-0.1000	0.1000	-0.1100	0	-0.12901	0.03642	-0.03530	0	4.476000	0.014000	-0.015000	0
39446	1	6100.00	150.00	-150.00	0	2.460000	0.580000	-0.580000	0	1.870000	1.360000	-1.360000	0	-0.3500			0					4.100000	0.200000	-0.200000	0
39449	1	6600.00	100.00	-100.00	0	1.510000	0.040000	-0.030000	0	1.390000	0.060000	-0.060000	0	0.0300	0.1000	-0.1000	0					4.200000	0.150000	-0.150000	0
39461	1	5600.00	80.00	-80.00	0	1.030000	0.040000	-0.040000	0	1.340000	0.260000	-0.260000	0	0.1700			0					4.500000	0.100000	-0.100000	0
39471	1									1.040000	0.080000	-0.080000	0	0.1700	0.0700	-0.0700	0								
39480	1	4143.00	92.00	-94.00	0	0.586000	0.017000	-0.018000	0	0.577000	0.051000	-0.054000	0	-0.1300	0.1500	-0.1700	0					4.663000	0.015000	-0.016000	0
39485	1	5870.00	120.00	-120.00	0	1.283000	0.040000	-0.037000	0	1.080000	0.059000	-0.058000	0	-0.3600	0.1400	-0.1400	0	0.24551	0.04674	-0.04686	0	4.258000	0.022000	-0.027000	0
39489	1	6480.00	90.00	-90.00	0	2.100000	0.160000	-0.160000	0	1.480000	0.370000	-0.370000	0	0.1200			0					3.960000	0.030000	-0.030000	0
39499	1	5510.00	110.00	-110.00	0	1.050000	0.060000	-0.040000	0	1.110000	0.090000	-0.090000	0	0.2900	0.1200	-0.1200	0					4.440000	0.020000	-0.040000	0
39500	1					0.768000	0.019000	-0.019000	0	0.853000	0.038000	-0.038000	0												
39509	1					0.768000	0.019000	-0.019000	0	0.853000	0.038000	-0.038000	0												
39517	1	6112.00	27.00	-27.00	0	0.935000	0.023000	-0.023000	0	1.090000	0.080000	-0.080000	0												
39518	1	6450.00	120.00	-120.00	0	1.627000	0.062000	-0.062000	0	1.204000	0.093000	-0.093000	0												
39527	1	6430.00	130.00	-130.00	0	1.800000	0.260000	-0.260000	0	0.940000	0.420000	-0.420000	0	-0.0800			0					3.960000	0.040000	-0.040000	0
39529	1	5130.00	90.00	-90.00	0	0.880000	0.030000	-0.030000	0	0.920000	0.080000	-0.080000	0	0.1500	0.1400	-0.1400	0					4.515000	0.018000	-0.018000	0
39535	1	6430.00	130.00	-130.00	0	1.980000	0.090000	-0.090000	0	1.550000	0.100000	-0.100000	0	0.1100	0.1400	-0.1400	0					4.033000	0.029000	-0.029000	0
39539	1	4920.00	80.00	-80.00	0	0.860000	0.030000	-0.030000	0	0.840000	0.070000	-0.070000	0	0.1900	0.1300	-0.1300	0					4.300000	0.200000	-0.200000	0
39545	1	6280.00	120.00	-120.00	0	1.341000	0.058000	-0.058000	0	1.190000	0.037000	-0.037000	0	0.0000	0.1400	-0.1400	0					4.259000	0.031000	-0.031000	0
39555	1	6700.00	100.00	-100.00	0	1.524000	0.040000	-0.040000	0	1.334000	0.033000	-0.033000	0	0.0700	0.1700	-0.1700	0					4.197000	0.019000	-0.019000	0
39560	1	6170.00	80.00	-80.00	0	1.480000	0.120000	-0.120000	0	1.670000	0.640000	-0.640000	0	0.2600			0					4.270000	0.070000	-0.070000	0
39564	1	6040.00	90.00	-90.00	0	1.350000	0.120000	-0.120000	0	1.240000	0.090000	-0.090000	0	0.2300	0.1400	-0.1400	0					4.260000	0.060000	-0.060000	0
39572	1	5830.00	140.00	-140.00	0	1.230000	0.090000	-0.090000	0	1.460000	0.420000	-0.420000	0	0.1400			0					4.360000	0.070000	-0.070000	0
39577	1	5540.00	140.00	-140.00	0	1.050000	0.050000	-0.050000	0	1.060000	0.090000	-0.090000	0	0.1400	0.1900	-0.1900	0					4.420000	0.020000	-0.020000	0
39587	1	5640.00	100.00	-100.00	0	1.080000	0.060000	-0.060000	0	1.180000	0.240000	-0.240000	0	0.2300			0					4.450000	0.080000	-0.080000	0
39597	1	5473.00	121.00	-121.00	0	0.741000	0.021000	-0.021000	0	0.809000	0.064000	-0.064000	0	-0.4900	0.1000	-0.1000	0					4.606000	0.013000	-0.013000	0
39601	1	6150.00	100.00	-100.00	0	1.640000	0.090000	-0.090000	0	1.210000	0.280000	-0.280000	0	0.2100			0					4.300000	0.100000	-0.100000	0
39606	1									0.620000	0.030000	-0.030000	0												
39608	1	4710.00	60.00	-60.00	0	0.013100	0.000540	-0.000540	0	0.518000	0.055000	-0.055000	0									7.915000	0.030000	-0.030000	0
39611	1	415.00	20.00	-20.00	0					0.013100	0.005970	-0.005970	0												
39612	1	575.00	25.00	-25.00	0	0.091000	0.004000	-0.004000	0	0.029000	0.005000	-0.005000	0									5.000000	0.100000	-0.100000	0
39613	1	4670.00	990.00	-540.00	0																				
39614	1	4670.00	990.00	-540.00	0																				
39616	1	4400.00	50.00	-50.00	0	1.418000	0.004000	-0.004000	0	1.080000	0.060000	-0.170000	0					-0.15552	0.01286	-0.01325	0	4.000000	0.250000	-0.250000	0
39617	1	4530.00			0	1.300000			0									-0.17000			0	4.100000			0
39618	1	6250.00	200.00	-200.00	0	1.150000	0.100000	-0.120000	0	1.200000	0.100000	-0.100000	0	-0.5000	0.5000	-0.5000	0					4.400000	0.100000	-0.100000	0
39621	1	5000.00	250.00	-250.00	0	0.752000	0.032000	-0.032000	0	0.820000	0.082000	-0.082000	0	0.2000	0.3000	-0.2000	0					4.600000	0.023000	-0.023000	0
39623	1	4251.00	175.00	-175.00	0	0.610000	0.090000	-0.090000	0	0.650000	0.100000	-0.100000	0												
39624	1	4591.00	195.00	-195.00	0	0.660000	0.100000	-0.100000	0	0.730000	0.110000	-0.110000	0												
39626	1	3342.00	49.00	-49.00	0	0.307000	0.027000	-0.027000	0	0.294000			0	-0.0900	0.0900	-0.0900	0	-1.99140	0.21671	-0.45230	0				
39629	1	3342.00	49.00	-49.00	0	0.307000	0.027000	-0.027000	0	0.294000			0	-0.0900	0.0900	-0.0900	0	-1.99140	0.21671	-0.45230	0				
39630	1	3342.00	49.00	-49.00	0	0.307000	0.027000	-0.027000	0	0.294000			0	-0.0900	0.0900	-0.0900	0	-1.99140	0.21671	-0.45230	0				
39632	1	3158.00	54.00	-54.00	0	0.181300	0.006300	-0.006300	0	0.167000	0.011000	-0.011000	0	0.0700	0.1900	-0.1900	0	-2.53106	0.00411	-0.00415	0	4.930000	0.060000	-0.060000	0
39634	1	3542.00	70.00	-70.00	0	0.406000	0.015000	-0.015000	0	0.405000	0.019000	-0.019000	0	-0.1700	0.0400	-0.0400	0	-1.62986	0.00222	-0.00223	0	4.870000	0.050000	-0.050000	0
39637	1	4716.00	60.00	-60.00	0	0.689000	0.021000	-0.020000	0	0.688000	0.023000	-0.016000	0	-0.4700	0.0800	-0.0800	0	-0.67572	0.01417	-0.01465	0	4.620000	0.020000	-0.010000	0
39645	1	5750.00	75.00	-75.00	0	0.880000	0.050000	-0.050000	0	0.880000	0.190000	-0.190000	0	0.0200			0					4.510000	0.020000	-0.020000	0
39658	1	5290.00	18.00	-18.00	0	0.998000	0.033000	-0.033000	0	0.960000	0.050000	-0.050000	0	0.3700	0.0700	-0.0700	0					4.430000	0.100000	-0.100000	0
39671	1	5325.00	37.00	-37.00	0	1.020000	0.090000	-0.090000	0	0.980000	0.050000	-0.050000	0	0.3200	0.0800	-0.0800	0					4.420000	0.094000	-0.094000	0
39673	1	5325.00	37.00	-37.00	0	1.020000	0.090000	-0.090000	0	0.980000	0.050000	-0.050000	0	0.3200	0.0800	-0.0800	0					4.420000	0.094000	-0.094000	0
39675	1	5325.00	37.00	-37.00	0	1.020000	0.090000	-0.090000	0	0.980000	0.050000	-0.050000	0	0.3200	0.0800	-0.0800	0					4.420000	0.094000	-0.094000	0
39688	1	6970.00	110.00	-100.00	0	1.523000	0.027000	-0.027000	0	1.449000	0.056000	-0.058000	0	-0.1590	0.0580	-0.0690	0	0.69197	0.03395	-0.03110	0	4.234000	0.013000	-0.014000	0
39695	1	6397.00	70.00	-70.00	0	1.450000	0.090000	-0.090000	0	1.100000	0.220000	-0.220000	0	-0.0400			0					4.180000	0.030000	-0.030000	0
39703	1	5430.00	70.00	-70.00	0	1.130000	0.030000	-0.030000	0	1.040000	0.030000	-0.030000	0	0.0500	0.0600	-0.0600	0					4.350000	0.020000	-0.020000	0
39715	1	6720.00	100.00	-100.00	0	1.930000	0.180000	-0.180000	0	1.470000	0.060000	-0.060000	0	-0.0700	0.1000	-0.1000	0					4.040000	0.100000	-0.100000	0
39723	1	6250.00	100.00	-100.00	0	1.480000	0.022000	-0.022000	0	1.405000	0.059000	-0.059000	0	0.4320	0.0570	-0.0570	0					4.246000	0.023000	-0.023000	0
39727	1	3151.00	51.00	-51.00	0	0.157000	0.005000	-0.005000	0	0.142000	0.010000	-0.010000	0	-0.1800	0.1600	-0.1600	0	-2.65857	0.00784	-0.00799	0	5.170000	0.070000	-0.070000	0
39729	1	3151.00	51.00	-51.00	0	0.157000	0.005000	-0.005000	0	0.142000	0.010000	-0.010000	0	-0.1800	0.1600	-0.1600	0	-2.65857	0.00784	-0.00799	0	5.170000	0.070000	-0.070000	0
39734	1	3151.00	51.00	-51.00	0	0.157000	0.005000	-0.005000	0	0.142000	0.010000	-0.010000	0	-0.1800	0.1600	-0.1600	0	-2.65857	0.00784	-0.00799	0	5.170000	0.070000	-0.070000	0
39735	1	10000.00	110.00	-110.00	0	0.012300	0.000200	-0.000200	0	0.646000	0.017000	-0.017000	0									8.070000	0.050000	-0.050000	0
39736	1	15900.00	75.00	-75.00	0	0.013100	0.000200	-0.000200	0	0.610000	0.004000	-0.004000	0									8.050000	0.050000	-0.050000	0
39737	1	4553.00	15.00	-15.00	0	13.900000	0.300000	-0.300000	0	1.500000	0.200000	-0.200000	0	-0.0900	0.0300	-0.0300	0					2.330000	0.060000	-0.060000	0
39738	1	4055.00	70.00	-70.00	0	45.100000	0.100000	-0.100000	0	1.130000	0.110000	-0.110000	0	-0.2700	0.0500	-0.0500	0					1.200000	0.100000	-0.100000	0
39739	1									5.500000	0.500000	-0.500000	0												
39740	1	4092.10	17.50	-17.50	0	47.200000	1.300000	-1.300000	0	1.700000	0.100000	-0.100000	0	-0.2900	0.0600	-0.0600	0	2.90000			0	1.400000	0.100000	-0.100000	0
39750	1									1.795000	0.027000	-0.027000	0												
39752	1									1.795000	0.027000	-0.027000	0												
39754	1	4126.00	25.00	-25.00	0	38.300000	1.100000	-1.100000	0	1.400000	0.200000	-0.200000	0	-0.2700	0.0700	-0.0700	0	2.73000			0	1.500000	0.100000	-0.100000	0
39755	1	4406.00	15.00	-15.00	0	21.000000			0	1.700000	0.100000	-0.100000	0	-0.0940	0.0010	-0.0010	0					1.940000	0.080000	-0.080000	0
39759	1									0.820000	0.020000	-0.020000	0												
39763	1									0.781000	0.036000	-0.037000	0												
39767	1	4877.00			0	12.350000	0.410000	-0.360000	0	2.570000	0.170000	-0.250000	0	0.1000	0.1100	-0.1000	0	1.89271	0.03049	-0.03363	0	2.660000	0.030000	-0.050000	0
39770	1	4775.00	33.00	-31.00	0	4.740000	0.070000	-0.080000	0	1.270000	0.050000	-0.070000	0	0.1800	0.0600	-0.0600	0					3.189000	0.007000	-0.008000	0
39775	1	4879.00			0	12.380000	0.300000	-0.240000	0	1.780000	0.240000	-0.240000	0	-0.2700	0.0800	-0.1000	0	1.89730	0.02241	-0.02543	0	2.500000	0.060000	-0.070000	0
39777	1	4879.00			0	12.380000	0.300000	-0.240000	0	1.780000	0.240000	-0.240000	0	-0.2700	0.0800	-0.1000	0	1.89730	0.02241	-0.02543	0	2.500000	0.060000	-0.070000	0
39778	1	4742.00			0	11.200000	0.220000	-0.240000	0	0.990000	0.170000	-0.130000	0	-0.6200	0.1000	-0.1100	0	1.76649	0.05725	-0.02589	0	2.330000	0.080000	-0.070000	0
39779	1	4330.00	15.00	-15.00	0	31.880000	1.610000	-1.610000	0	1.230000	0.210000	-0.210000	0	-0.5100	0.0500	-0.0500	0					1.590000			0
39781	1	4504.00	62.00	-62.00	0	11.790000	0.240000	-0.240000	0	1.540000	0.090000	-0.090000	0	0.0300	0.0800	-0.0800	0	1.72247	0.01694	-0.01763	0	2.480000	0.010000	-0.010000	0
39784	1	4504.00	62.00	-62.00	0	11.790000	0.240000	-0.240000	0	1.540000	0.090000	-0.090000	0	0.0300	0.0800	-0.0800	0	1.72247	0.01694	-0.01763	0	2.480000	0.010000	-0.010000	0
39786	1	11327.00	412.00	-44.00	0	2.109000	0.032000	-0.018000	0	2.768000	0.100000	-0.109000	0	0.0000			0	1.79660	0.06820	-0.01550	0	4.174000	0.019000	-0.012000	0
39788	1	4840.00			0	4.680000	0.840000	-0.710000	0	1.330000	0.240000	-0.250000	0	0.0900	0.0700	-0.1000	0	1.03583	0.14716	-0.15047	0	3.200000	0.100000	-0.100000	0
39799	1	4538.20	27.50	-27.50	0	11.400000	0.200000	-0.200000	0	1.500000	0.100000	-0.100000	0	0.3600	0.0500	-0.0500	0	1.79700			0	2.400000	0.100000	-0.100000	0
39800	1	21700.00	900.00	-900.00	0	5.600000	0.200000	-0.200000	0	9.100000	0.300000	-0.300000	0									3.800000	0.200000	-0.200000	0
39802	1	4910.00	21.00	-30.00	0	5.040000	0.100000	-0.100000	0	1.570000	0.060000	-0.060000	0					1.12057	0.00976	-0.00998	0	3.230000	0.020000	-0.030000	0
39806	1	4887.00			0	12.240000	2.550000	-1.760000	0	2.610000	0.320000	-0.570000	0	0.1000	0.1000	-0.1000	0	1.89476	0.15651	-0.15321	0	2.640000	0.100000	-0.100000	0
39807	1	4887.00			0	12.240000	2.550000	-1.760000	0	2.610000	0.320000	-0.570000	0	0.1000	0.1000	-0.1000	0	1.89476	0.15651	-0.15321	0	2.640000	0.100000	-0.100000	0
39811	1	4724.00			0	10.990000	0.150000	-0.240000	0	1.010000	0.070000	-0.080000	0	-0.1200	0.0100	-0.0300	0	1.73384	0.01186	-0.01825	0	2.370000	0.020000	-0.040000	0
39813	1	4769.00			0	11.870000	6.200000	-1.500000	0	1.300000	0.950000	-0.360000	0	-0.2700	0.0900	-0.1000	0	1.82197	0.35124	-0.10322	0	2.360000	0.070000	-0.120000	0
39815	1	5075.00			0	13.840000	1.190000	-1.040000	0	2.720000	0.140000	-0.160000	0	-0.1600	0.0800	-0.1000	0	2.06266	0.07104	-0.07183	0	2.580000	0.060000	-0.050000	0
39819	1	5998.00	62.00	-62.00	0	1.170000	0.020000	-0.020000	0	1.070000	0.040000	-0.040000	0	0.0900	0.0400	-0.0400	0	0.15836	0.00599	-0.00607	0	4.430000	0.100000	-0.100000	0
39826	1	5998.00	62.00	-62.00	0	1.190000	0.004000	-0.004000	0	1.070000	0.040000	-0.040000	0	0.0900	0.0400	-0.0400	0								
39827	1	6212.00	75.00	-75.00	0					1.190000	0.070000	-0.070000	0	0.0100	0.0600	-0.0600	0					4.200000	0.120000	-0.120000	0
39833	1									1.000000			0												
39837	1									1.000000			0												
39840	1									1.000000			0												
39841	1	6466.27	115.27	-96.80	0	1.425880	0.064285	-0.050469	0	1.320000	0.243739	-0.184934	0	0.2642	0.0200	-0.0200	0	0.50548	0.01660	-0.01867	0	4.250470	0.094496	-0.073871	0
39846	1									0.783000	0.012000	-0.012000	0												
39847	1									0.783000	0.012000	-0.012000	0												
39848	1									0.783000	0.012000	-0.012000	0												
39850	1	4388.00	25.00	-25.00	0	26.800000	0.700000	-0.700000	0	2.300000	0.300000	-0.300000	0	0.1400	0.1000	-0.1000	0					1.960000	0.080000	-0.080000	0
39853	1					1.560000			0	1.300000			0												
39861	1					1.560000			0	1.300000			0												
39867	1					1.560000			0	1.300000			0												
39873	1	4836.00			0	11.220000	3.150000	-0.450000	0	1.480000	0.900000	-0.380000	0	-0.2000	0.0900	-0.0800	0	1.80003	0.22062	-0.05480	0	2.460000	0.090000	-0.090000	0
39874	1	4841.00			0	10.860000	0.440000	-1.050000	0	1.740000	0.210000	-0.280000	0	-0.1100	0.0600	-0.1000	0	1.76745	0.04251	-0.10309	0	2.610000	0.080000	-0.080000	0
