ID,M,eM1,eM2,R,eR1,eR2,Teff,eTeff1,eTeff2,FeH,eFeH1,eFeH2,Ref,MH,eMH1,eMH2,logg,elogg1,elogg2,"logg_from_M,R",L,eL1,eL2,L_from_SB,class,type,orbit_a(Rsol),eOrbit_a,R/a,detached,well_detached,source,mode,database,logL,elogL1,elogL2,eTeff,elogg,eFeH,eL,eM,eR,elogL,percent_eM,percent_eR
mu._Cas_A,0.744,0.0122,0.0122,0.789,0.008,0.008,5306.0,31.0,31.0,-0.81,0.03,0.03,,,,,4.515,0.011,0.011,0.0,0.445,0.005,0.005,0.0,ms,G5,1618.559515,,0.00048747,True,True,Bond20,EB,3,-0.3516399890190684,0.0048525027944120724,0.0049073344947441755,31.0,0.011,0.03,0.005,0.0122,0.008,0.004879918644578124,1.639784946236559,1.0139416983523448
KIC7037405_B,1.11,0.011,0.011,1.746,0.014,0.014,6094.0,138.0,148.0,-0.27,0.1,0.1,,,,,3.999,0.0071,0.0071,0.0,3.78785,0.80815,0.3599,1.0,ms,,193.8,0.89,0.009009288,True,True,Brogaard18,EB,3,0.578392772479564,0.08398724753668363,0.043358293791547986,143.0,0.0071,0.1,0.584025,0.011,0.014,0.06367277066411581,0.9909909909909907,0.8018327605956472
KIC9540226_B,1.002,0.015,0.015,1.014,0.014,0.014,6157.0,131.0,131.0,-0.23,0.1,0.1,,,,,4.427,0.1,0.1,0.0,1.33121,0.23289,0.11564,1.0,ms,,176.0,1.3,0.005761364,True,True,Brogaard18,EB,3,0.12424657136289495,0.07001794466262228,0.03946659811493551,131.0,0.1,0.1,0.174265,0.015,0.014,0.05474227138877889,1.4970059880239521,1.3806706114398424
KIC9970397_B,1.003,0.0085,0.0085,1.1089,0.0052,0.0052,6221.0,125.0,125.0,-0.35,0.1,0.1,,,,,4.3493,0.0054,0.0054,0.0,1.65928,0.16483,0.13032,1.0,ms,,207.92,0.73,0.005333301,True,True,Brogaard18,EB,3,0.21991967848625152,0.04113134572136626,0.03552355475248645,125.0,0.0054,0.1,0.147575,0.0085,0.0052,0.03832745023692635,0.8474576271186443,0.46893317702227433
KIC10709834,1.39,0.04,0.03,1.76,0.03,0.02,6508.0,84.0,84.0,-0.08,0.09,0.09,,,,,4.092,0.01,0.01,,5.709,0.462955304,0.462955304,,ms,F,,,,,,C14bruntt,A,1,0.7565600430066829,0.03386272932667522,0.03672805657250233,84.0,0.01,0.09,0.462955304,0.035,0.025,0.03529539294958878,2.5179856115107917,1.4204545454545454
KIC1430163,1.34,0.06,0.06,1.48,0.03,0.03,6520.0,84.0,84.0,-0.11,0.09,0.09,,,,,4.221,0.013,0.014,,3.592,0.288982235,0.288982235,,ms,F,,,,,,C14bruntt,A,1,0.5553363279952668,0.03360532678826045,0.03642541848165359,84.0,0.0135,0.09,0.288982235,0.06,0.03,0.03501537263495702,4.477611940298507,2.027027027027027
KIC5021689,1.22,0.08,0.07,1.79,0.04,0.04,6168.0,84.0,84.0,-0.08,0.09,0.09,,,,,4.016,0.011,0.01,,4.306,0.358627328,0.358627328,,ms,F,,,,,,C14bruntt,A,1,0.6340740254874684,0.03474292680548541,0.03776589535422625,84.0,0.010499999999999999,0.09,0.358627328,0.07500000000000001,0.04,0.03625441107985583,6.147540983606558,2.2346368715083798
KIC5450445,1.39,0.07,0.06,1.99,0.04,0.04,6112.0,84.0,84.0,0.05,0.09,0.09,,,,,3.985,0.009,0.009,,5.484,0.465478939,0.465478939,,ms,F,,,,,,C14bruntt,A,1,0.7390974461174751,0.03538148535455954,0.038521695043855164,84.0,0.009,0.09,0.465478939,0.065,0.04,0.03695159019920735,4.676258992805756,2.0100502512562812
KIC5774694,1.06,0.05,0.06,1.0,0.03,0.03,5875.0,84.0,84.0,0.07,0.09,0.09,,,,,4.463,0.017,0.019,,0.953,0.061686383,0.061686383,,ms,G,,,,,,C14bruntt,A,1,-0.02090709936167361,0.02723893158244398,0.029062359151703545,84.0,0.018000000000000002,0.09,0.061686383,0.055,0.03,0.028150645367073762,5.188679245283018,3.0
KIC5939450,1.53,0.1,0.09,2.88,0.07,0.06,6282.0,84.0,84.0,-0.18,0.09,0.09,,,,,3.701,0.017,0.013,,11.37,0.908440115,0.908440115,,ms,F,,,,,,C14bruntt,A,1,1.0557604646877348,0.03338273172013784,0.03616401926361257,84.0,0.015,0.09,0.908440115,0.095,0.065,0.0347733754918752,6.209150326797386,2.2569444444444446
KIC6442183,1.08,0.05,0.05,1.71,0.03,0.03,5760.0,84.0,84.0,-0.11,0.09,0.09,,,,,4.006,0.009,0.008,,2.577,0.22061138,0.22061138,,ms,G,,,,,,C14bruntt,A,1,0.41111441855090475,0.03567296735778713,0.03886750187412363,84.0,0.0085,0.09,0.22061138,0.05,0.03,0.03727023461595538,4.62962962962963,1.7543859649122808
KIC9226926,1.39,0.05,0.04,1.64,0.03,0.03,6892.0,84.0,84.0,-0.23,0.09,0.09,,,,,4.151,0.013,0.012,,4.548,0.365619369,0.365619369,,ms,F,,,,,,C14bruntt,A,1,0.6578204560156972,0.03358105503242559,0.036396901369382784,84.0,0.0125,0.09,0.365619369,0.045,0.03,0.034988978200904186,3.2374100719424463,1.829268292682927
KIC10130724,0.85,0.15,0.09,1.08,0.06,0.04,5648.0,70.0,70.0,0.32,0.15,0.15,,,,,4.306,0.022,0.016,,4.802,1.391686439,1.391686439,,ms,G,,,,,,C14sdss,A,1,0.6814221557210085,0.11052705930378837,0.14862784372222948,70.0,0.019,0.15,1.391686439,0.12,0.05,0.12957745151300892,14.117647058823529,4.62962962962963
KIC10202294,1.18,0.21,0.11,1.88,0.08,0.07,5803.0,66.0,66.0,0.36,0.1,0.1,,,,,3.961,0.026,0.015,,4.243,0.366465826,0.366465826,,ms,G,,,,,,C14sdss,A,1,0.6276730317666159,0.03597756775270222,0.039229414874940916,66.0,0.020499999999999997,0.1,0.366465826,0.16,0.07500000000000001,0.03760349131382157,13.559322033898306,3.98936170212766
KIC10290021,1.37,0.13,0.11,2.05,0.06,0.07,6215.0,56.0,56.0,0.06,0.15,0.1,,,,,3.955,0.014,0.015,,6.234,0.534000492,0.534000492,,ms,F,,,,,,C14sdss,A,1,0.7947667979408211,0.03569358366119768,0.0388919797548023,56.0,0.014499999999999999,0.125,0.534000492,0.12,0.065,0.03729278170799999,8.75912408759124,3.1707317073170733
KIC10858780,0.92,0.14,0.11,1.43,0.1,0.08,5672.0,60.0,60.0,-0.16,0.15,0.1,,,,,4.086,0.023,0.023,,2.386,0.210801879,0.210801879,,ms,G,,,,,,C14sdss,A,1,0.3776704393343231,0.03676837739576805,0.04017161991104151,60.0,0.023,0.125,0.210801879,0.125,0.09,0.03846999865340478,13.586956521739129,6.293706293706294
KIC11075456,1.29,0.11,0.17,1.48,0.05,0.07,6513.0,58.0,58.0,-0.2,0.3,0.2,,,,,4.207,0.018,0.02,,3.247,0.263707259,0.263707259,,ms,F,,,,,,C14sdss,A,1,0.5114822886260014,0.03391232862020965,0.03678641724080517,58.0,0.019,0.25,0.263707259,0.14,0.060000000000000005,0.03534937293050741,10.852713178294575,4.054054054054054
KIC11098033,1.38,0.21,0.14,2.26,0.12,0.09,6358.0,66.0,66.0,-0.14,0.2,0.15,,,,,3.877,0.024,0.027,,6.502,0.578005387,0.578005387,,ms,F,,,,,,C14sdss,A,1,0.8130469651601079,0.03698662297365607,0.04043231023758087,66.0,0.025500000000000002,0.175,0.578005387,0.175,0.105,0.03870946660561847,12.681159420289855,4.646017699115045
KIC11133100,1.4,0.25,0.17,2.37,0.14,0.13,6222.0,51.0,51.0,0.0,0.15,0.15,,,,,3.849,0.025,0.027,,15.06,1.32370116,1.32370116,,ms,F,,,,,,C14sdss,A,1,1.1778249718646818,0.036587045937731766,0.03995524131700545,51.0,0.026000000000000002,0.15,1.32370116,0.21000000000000002,0.135,0.03827114362736861,15.000000000000004,5.69620253164557
KIC11189107,1.52,0.18,0.15,2.26,0.13,0.1,6795.0,94.0,94.0,-0.1,0.15,0.1,,,,,3.909,0.027,0.026,,10.05,0.864098657,0.864098657,,ms,F,,,,,,C14sdss,A,1,1.0021660617565078,0.03582181347374647,0.0390442849921282,94.0,0.0265,0.125,0.864098657,0.16499999999999998,0.115,0.03743304923293733,10.855263157894735,5.0884955752212395
KIC11229052,1.27,0.12,0.15,1.48,0.05,0.07,6495.0,51.0,51.0,-0.02,0.15,0.15,,,,,4.198,0.015,0.017,,3.473,0.296828764,0.296828764,,ms,F,,,,,,C14sdss,A,1,0.5407047833107623,0.03561684049215219,0.038800874931897655,51.0,0.016,0.15,0.296828764,0.135,0.060000000000000005,0.03720885771202492,10.62992125984252,4.054054054054054
KIC11453915,1.25,0.06,0.09,1.22,0.03,0.03,6608.0,58.0,58.0,-0.12,0.15,0.15,,,,,4.359,0.011,0.013,,2.146,0.178748413,0.178748413,,ms,F,,,,,,C14sdss,A,1,0.33162971762993226,0.034746242280822404,0.037769813298373145,58.0,0.012,0.15,0.178748413,0.075,0.03,0.036258027789597774,6.0,2.459016393442623
KIC11456910,1.3,0.11,0.17,1.71,0.07,0.08,6386.0,61.0,61.0,-0.26,0.15,0.15,,,,,4.082,0.019,0.02,,3.678,0.320896125,0.320896125,,ms,F,,,,,,C14sdss,A,1,0.5656117249020587,0.03632839817989508,0.03964694557201731,61.0,0.0195,0.15,0.320896125,0.14,0.07500000000000001,0.0379876718759562,10.76923076923077,4.385964912280702
KIC11502597,1.08,0.19,0.11,1.61,0.11,0.07,5798.0,59.0,59.0,-0.1,0.15,0.1,,,,,4.061,0.012,0.012,,2.332,0.208250395,0.208250395,,ms,G,,,,,,C14sdss,A,1,0.36772854608697647,0.037147981480623204,0.040625234985076975,59.0,0.012,0.125,0.208250395,0.15,0.09,0.03888660823285009,13.888888888888888,5.590062111801242
KIC11708273,1.07,0.18,0.12,1.56,0.09,0.07,5959.0,96.0,96.0,0.24,0.15,0.1,,,,,4.081,0.023,0.022,,3.277,0.28619582,0.28619582,,ms,G,,,,,,C14sdss,A,1,0.5154764413823758,0.03636324883520303,0.03968846242977958,96.0,0.0225,0.125,0.28619582,0.15,0.08,0.03802585563249131,14.018691588785046,5.128205128205128
KIC11757831,1.42,0.14,0.1,1.82,0.07,0.06,6754.0,70.0,70.0,-0.02,0.15,0.2,,,,,4.07,0.014,0.014,,7.031,0.617434134,0.617434134,,ms,F,,,,,,C14sdss,A,1,0.8470170979353542,0.03655543309126341,0.03991753872298598,70.0,0.014,0.175,0.617434134,0.12000000000000001,0.065,0.038236485907124695,8.450704225352114,3.571428571428571
KIC11862119,1.17,0.15,0.13,1.52,0.09,0.08,6271.0,56.0,56.0,-0.38,0.15,0.15,,,,,4.141,0.018,0.018,,2.733,0.242536025,0.242536025,,ms,F,,,,,,C14sdss,A,1,0.4366396316926607,0.036925580970327054,0.04035936772498816,56.0,0.018,0.15,0.242536025,0.14,0.08499999999999999,0.03864247434765761,11.965811965811968,5.592105263157895
KIC11919192,1.6,0.15,0.19,2.29,0.1,0.11,6788.0,81.0,81.0,-0.28,0.2,0.15,,,,,3.919,0.019,0.02,,9.2,0.763354241,0.763354241,,ms,F,,,,,,C14sdss,A,1,0.9637878273455552,0.0346177443231499,0.037618013172729614,81.0,0.0195,0.175,0.763354241,0.16999999999999998,0.10500000000000001,0.03611787874793976,10.625,4.585152838427948
KIC11962180,1.35,0.14,0.15,1.97,0.1,0.1,6329.0,80.0,80.0,0.06,0.15,0.1,,,,,3.979,0.016,0.018,,6.241,0.547604773,0.547604773,,ms,F,,,,,,C14sdss,A,1,0.7952541825808829,0.03652634256108578,0.039882849648064544,80.0,0.017,0.125,0.547604773,0.14500000000000002,0.1,0.03820459610457516,10.74074074074074,5.0761421319796955
KIC11971746,1.11,0.1,0.17,1.35,0.05,0.08,5952.0,75.0,75.0,0.18,0.15,0.15,,,,,4.215,0.018,0.021,,2.284,0.187851532,0.187851532,,ms,G,,,,,,C14sdss,A,1,0.3586960995738104,0.034326282389281704,0.03727405954952534,75.0,0.0195,0.15,0.187851532,0.135,0.065,0.03580017096940352,12.162162162162161,4.814814814814815
KIC12011630,0.85,0.12,0.08,0.99,0.05,0.03,5817.0,85.0,85.0,-0.08,0.15,0.15,,,,,4.383,0.018,0.015,,1.085,0.096706057,0.096706057,,ms,G,,,,,,C14sdss,A,1,0.0354297381845483,0.03707972338719009,0.04054360449092957,85.0,0.0165,0.15,0.096706057,0.1,0.04,0.038811663939059826,11.764705882352942,4.040404040404041
KIC12055375,1.04,0.16,0.12,1.54,0.1,0.08,5991.0,75.0,75.0,-0.34,0.2,0.1,,,,,4.081,0.025,0.026,,2.481,0.210149961,0.210149961,,ms,G,,,,,,C14sdss,A,1,0.3946267642722091,0.035311134688200796,0.03843830877777976,75.0,0.025500000000000002,0.15000000000000002,0.210149961,0.14,0.09,0.03687472173299028,13.461538461538463,5.844155844155844
KIC12156916,1.28,0.14,0.16,1.58,0.06,0.07,6546.0,56.0,56.0,-0.42,0.2,0.15,,,,,4.146,0.015,0.018,,3.54,0.309113868,0.309113868,,ms,F,,,,,,C14sdss,A,1,0.5490032620257879,0.0363574969546403,0.03968160983157065,56.0,0.0165,0.175,0.309113868,0.15000000000000002,0.065,0.038019553393105476,11.718750000000002,4.113924050632911
KIC12253255,1.48,0.16,0.14,2.27,0.11,0.09,6457.0,64.0,64.0,0.1,0.2,0.1,,,,,3.89,0.018,0.018,,9.183,0.787558936,0.787558936,,ms,F,,,,,,C14sdss,A,1,0.9629845843169971,0.035734920636232737,0.03894106709134093,64.0,0.018,0.15000000000000002,0.787558936,0.15000000000000002,0.1,0.037337993863786834,10.135135135135137,4.405286343612334
KIC12304142,1.36,0.09,0.11,1.83,0.04,0.05,6186.0,56.0,56.0,0.06,0.15,0.1,,,,,4.045,0.012,0.013,,4.448,0.382339102,0.382339102,,ms,F,,,,,,C14sdss,A,1,0.6481647785740011,0.03581284181683064,0.03903362568586821,56.0,0.0125,0.125,0.382339102,0.1,0.045,0.03742323375134943,7.352941176470588,2.459016393442623
KIC12507240,1.37,0.11,0.1,1.94,0.06,0.06,6157.0,97.0,97.0,0.02,0.2,0.15,,,,,4.001,0.015,0.015,,4.666,0.394698516,0.394698516,,ms,F,,,,,,C14sdss,A,1,0.6689447344577338,0.0352657311384329,0.03838450786429415,97.0,0.015,0.175,0.394698516,0.10500000000000001,0.06,0.036825119501363524,7.664233576642337,3.0927835051546393
KIC12735580,1.17,0.2,0.12,1.81,0.1,0.08,6170.0,64.0,64.0,0.06,0.15,0.15,,,,,3.994,0.03,0.029,,4.369,0.387567902,0.387567902,,ms,F,,,,,,C14sdss,A,1,0.6403820447095684,0.03691165615317038,0.04034273133205557,64.0,0.0295,0.15,0.387567902,0.16,0.09,0.038627193742612975,13.675213675213676,4.972375690607735
KIC1725815,1.43,0.15,0.11,2.02,0.08,0.08,6550.0,82.0,82.0,-0.08,0.15,0.1,,,,,3.982,0.014,0.014,,6.845,0.587496081,0.587496081,,ms,F,,,,,,C14sdss,A,1,0.8353734524700088,0.035761236412614306,0.038972322196213605,82.0,0.014,0.125,0.587496081,0.13,0.08,0.037366779304413955,9.090909090909092,3.9603960396039604
KIC2865774,1.28,0.11,0.21,1.79,0.08,0.11,6074.0,63.0,63.0,-0.06,0.15,0.15,,,,,4.03,0.022,0.025,,3.998,0.356470017,0.356470017,,ms,F,,,,,,C14sdss,A,1,0.6018427897820982,0.037092514751305594,0.040558899658266756,63.0,0.0235,0.15,0.356470017,0.16,0.095,0.038825707204786175,12.5,5.307262569832402
KIC3123191,1.3,0.11,0.17,1.42,0.05,0.06,6568.0,93.0,93.0,-0.1,0.15,0.1,,,,,4.243,0.02,0.022,,3.494,0.323861481,0.323861481,,ms,F,,,,,,C14sdss,A,1,0.5433229006469121,0.038497266698151456,0.042244661544927564,93.0,0.020999999999999998,0.125,0.323861481,0.14,0.055,0.04037096412153951,10.76923076923077,3.8732394366197185
KIC3236382,1.44,0.16,0.11,1.64,0.06,0.05,6831.0,58.0,58.0,-0.06,0.15,0.15,,,,,4.165,0.014,0.013,,4.73,0.3857002,0.3857002,,ms,F,,,,,,C14sdss,A,1,0.6748611407378116,0.034043944462714526,0.03694135247355623,58.0,0.0135,0.15,0.3857002,0.135,0.055,0.03549264846813538,9.375,3.353658536585366
KIC3344897,1.55,0.16,0.18,2.34,0.08,0.1,6630.0,83.0,83.0,-0.04,0.15,0.1,,,,,3.89,0.017,0.016,,8.694,0.765139525,0.765139525,,ms,F,,,,,,C14sdss,A,1,0.9392196358548183,0.03663199562719954,0.04000886026233463,83.0,0.0165,0.125,0.765139525,0.16999999999999998,0.09,0.03832042794476709,10.96774193548387,3.8461538461538463
KIC3534307,0.96,0.13,0.11,1.44,0.07,0.06,5781.0,59.0,59.0,-0.24,0.15,0.1,,,,,4.104,0.019,0.017,,2.003,0.175425643,0.175425643,,ms,G,,,,,,C14sdss,A,1,0.30168094929357625,0.03646179129863891,0.03980589352532188,59.0,0.018000000000000002,0.125,0.175425643,0.12,0.065,0.038133842411980395,12.5,4.513888888888889
KIC3547794,1.4,0.11,0.13,1.75,0.06,0.06,6825.0,81.0,81.0,-0.14,0.15,0.15,,,,,4.093,0.019,0.019,,5.785,0.49127116,0.49127116,,ms,F,,,,,,C14sdss,A,1,0.7623033632877684,0.03539833528993408,0.03854167156379684,81.0,0.019,0.15,0.49127116,0.12,0.06,0.03697000342686546,8.571428571428571,3.4285714285714284
KIC3967430,1.36,0.09,0.12,1.47,0.04,0.05,6622.0,53.0,53.0,0.0,0.15,0.15,,,,,4.236,0.014,0.014,,3.565,0.281704946,0.281704946,,ms,F,,,,,,C14sdss,A,1,0.5520595341878843,0.033029341685264724,0.03574962173992946,53.0,0.014,0.15,0.281704946,0.105,0.045,0.03438948171259709,7.720588235294117,3.061224489795918
KIC4646780,1.43,0.15,0.1,1.92,0.08,0.07,6856.0,138.0,138.0,-0.12,0.15,0.15,,,,,4.029,0.019,0.019,,6.537,0.540582863,0.540582863,,ms,F,,,,,,C14sdss,A,1,0.815378484965918,0.03450647773854709,0.03748664831535997,138.0,0.019,0.15,0.540582863,0.125,0.07500000000000001,0.03599656302695353,8.741258741258742,3.9062500000000004
KIC4931390,1.37,0.1,0.1,1.41,0.04,0.04,6557.0,51.0,51.0,-0.06,0.15,0.15,,,,,4.274,0.012,0.012,,3.532,0.310919875,0.310919875,,ms,F,,,,,,C14sdss,A,1,0.548020694905531,0.036640634599637956,0.040019166791037564,51.0,0.012,0.15,0.310919875,0.1,0.04,0.03832990069533776,7.2992700729927,2.8368794326241136
KIC5095850,1.43,0.25,0.11,2.27,0.17,0.09,6836.0,85.0,85.0,0.1,0.15,0.15,,,,,3.885,0.018,0.021,,11.33,1.012071891,1.012071891,,ms,F,,,,,,C14sdss,A,1,1.0542299098633972,0.03715816193249322,0.04063741229755258,85.0,0.0195,0.15,1.012071891,0.18,0.13,0.0388977871150229,12.587412587412588,5.726872246696035
KIC5309966,1.34,0.08,0.13,1.64,0.05,0.06,6356.0,61.0,61.0,0.1,0.15,0.15,,,,,4.131,0.014,0.015,,4.22,0.35276565,0.35276565,,ms,F,,,,,,C14sdss,A,1,0.6253124509616739,0.034866493799770026,0.037911960339865436,61.0,0.014499999999999999,0.15,0.35276565,0.10500000000000001,0.055,0.03638922706981773,7.835820895522389,3.353658536585366
KIC5468089,1.56,0.15,0.17,2.0,0.07,0.07,6728.0,429.0,429.0,0.0,0.15,0.15,,,,,4.03,0.018,0.025,,5.431,0.46246895,0.46246895,,ms,F,,,,,,C14sdss,A,1,0.7348798027926275,0.035491196981335404,0.03865179457762913,429.0,0.0215,0.15,0.46246895,0.16,0.07,0.037071495779482266,10.256410256410255,3.5000000000000004
KIC5686856,1.14,0.14,0.11,1.78,0.09,0.08,6125.0,55.0,55.0,0.0,0.2,0.15,,,,,3.996,0.012,0.012,,2.777,0.070530711,0.070530711,,ms,F,,,,,,C14sdss,A,1,0.4435758797502576,0.01089253695027792,0.011172776345902746,55.0,0.012,0.175,0.070530711,0.125,0.08499999999999999,0.011032656648090333,10.964912280701755,4.775280898876405
KIC6064910,1.4,0.15,0.13,2.37,0.1,0.09,6508.0,75.0,75.0,-0.26,0.2,0.15,,,,,3.836,0.015,0.015,,8.907,0.767730778,0.767730778,,ms,F,,,,,,C14sdss,A,1,0.9497314523157071,0.03590743628420312,0.03914603847073295,75.0,0.015,0.175,0.767730778,0.14,0.095,0.037526737377468034,10.000000000000002,4.0084388185654
KIC6363365,1.12,0.13,0.11,1.41,0.06,0.05,6282.0,76.0,76.0,-0.58,0.15,0.1,,,,,4.188,0.016,0.016,,4.057,0.854109438,0.854109438,,ms,F,,,,,,C14sdss,A,1,0.6082050077043262,0.08297460425052183,0.10266290798258593,76.0,0.016,0.125,0.854109438,0.12,0.055,0.09281875611655388,10.714285714285714,3.900709219858156
KIC6421967,1.24,0.1,0.11,1.27,0.04,0.05,6464.0,73.0,73.0,-0.12,0.15,0.15,,,,,4.321,0.015,0.017,,2.237,0.189568099,0.189568099,,ms,F,,,,,,C14sdss,A,1,0.3496659840966297,0.03532649972896845,0.03845651835856212,73.0,0.016,0.15,0.189568099,0.10500000000000001,0.045,0.036891509043765286,8.467741935483872,3.543307086614173
KIC6448798,1.4,0.22,0.12,2.4,0.14,0.1,6349.0,67.0,67.0,-0.16,0.15,0.15,,,,,3.829,0.017,0.017,,9.553,0.859532225,0.859532225,,ms,F,,,,,,C14sdss,A,1,0.9801397777457546,0.03741658073804732,0.04094672912994024,67.0,0.017,0.15,0.859532225,0.16999999999999998,0.12000000000000001,0.03918165493399378,12.142857142857144,5.000000000000001
KIC6450651,1.1,0.18,0.12,1.72,0.11,0.09,5995.0,69.0,69.0,-0.12,0.15,0.15,,,,,4.01,0.02,0.021,,3.177,0.273070118,0.273070118,,ms,G,,,,,,C14sdss,A,1,0.5020172148271475,0.035810706782658186,0.039031089103541416,69.0,0.0205,0.15,0.273070118,0.15,0.1,0.0374208979430998,13.636363636363635,5.813953488372093
KIC6593461,0.94,0.2,0.11,1.29,0.08,0.06,5817.0,101.0,101.0,0.24,0.15,0.15,,,,,4.193,0.026,0.023,,2.059,0.17859073,0.17859073,,ms,G,,,,,,C14sdss,A,1,0.31365634661803143,0.03612430753280682,0.039403963121214525,101.0,0.0245,0.15,0.17859073,0.155,0.07,0.03776413532701067,16.48936170212766,5.426356589147288
KIC7019341,0.98,0.2,0.12,1.39,0.1,0.08,5723.0,77.0,77.0,0.38,0.1,0.1,,,,,4.145,0.02,0.02,,2.351,0.220003795,0.220003795,,ms,G,,,,,,C14sdss,A,1,0.37125262912493934,0.03885008857056321,0.04266995282651703,77.0,0.02,0.1,0.220003795,0.16,0.09,0.04076002069854012,16.3265306122449,6.474820143884893
KIC7465072,1.15,0.22,0.11,1.66,0.1,0.08,6192.0,55.0,55.0,0.06,0.15,0.15,,,,,4.061,0.034,0.033,,4.49,0.388140708,0.388140708,,ms,F,,,,,,C14sdss,A,1,0.6522463410033232,0.036007982204118605,0.03926558252243062,55.0,0.0335,0.15,0.388140708,0.165,0.09,0.03763678236327461,14.347826086956523,5.421686746987952
KIC7530690,1.35,0.07,0.09,1.34,0.04,0.04,6836.0,62.0,62.0,-0.04,0.15,0.15,,,,,4.311,0.013,0.014,,3.41,0.283974195,0.283974195,,ms,F,,,,,,C14sdss,A,1,0.5327543789924978,0.034739478270834234,0.03776182024123964,62.0,0.0135,0.15,0.283974195,0.08,0.04,0.03625064925603694,5.925925925925926,2.9850746268656714
KIC7622208,1.39,0.11,0.19,1.92,0.07,0.1,6606.0,99.0,99.0,0.0,0.15,0.15,,,,,4.008,0.013,0.014,,6.48,0.616787233,0.616787233,,ms,F,,,,,,C14sdss,A,1,0.8115750058705934,0.03948677907941789,0.04343935151908629,99.0,0.0135,0.15,0.616787233,0.15,0.085,0.04146306529925209,10.79136690647482,4.427083333333334
KIC7938112,1.37,0.13,0.17,1.84,0.07,0.09,6520.0,70.0,70.0,-0.22,0.15,0.15,,,,,4.043,0.018,0.02,,7.203,0.779587287,0.779587287,,ms,F,,,,,,C14sdss,A,1,0.8575134147766897,0.04463026132989878,0.04974758785519173,70.0,0.019,0.15,0.779587287,0.15000000000000002,0.08,0.047188924592545256,10.948905109489052,4.3478260869565215
KIC8174170,1.25,0.13,0.2,2.18,0.12,0.16,5983.0,64.0,64.0,-0.04,0.15,0.15,,,,,3.859,0.016,0.016,,2.899,0.668392809,0.668392809,,ms,G,,,,,,C14sdss,A,1,0.46224821535499744,0.09010271719295032,0.11382511741589096,64.0,0.016,0.15,0.668392809,0.165,0.14,0.10196391730442064,13.2,6.422018348623854
KIC8377423,1.21,0.19,0.14,1.99,0.12,0.11,6059.0,57.0,57.0,0.24,0.15,0.15,,,,,3.928,0.032,0.031,,6.765,0.601312885,0.601312885,,ms,F,,,,,,C14sdss,A,1,0.8302678009336417,0.03698236068586058,0.04042721626004275,57.0,0.0315,0.15,0.601312885,0.165,0.11499999999999999,0.03870478847295167,13.636363636363637,5.778894472361809
KIC8391021,1.26,0.1,0.11,1.54,0.05,0.05,6250.0,51.0,51.0,-0.22,0.2,0.15,,,,,4.163,0.01,0.011,,2.947,0.251913091,0.251913091,,ms,F,,,,,,C14sdss,A,1,0.46938013584992516,0.03562230535583105,0.038807361321397504,51.0,0.010499999999999999,0.175,0.251913091,0.10500000000000001,0.05,0.03721483333861428,8.333333333333334,3.2467532467532467
KIC8420801,1.35,0.1,0.19,1.74,0.06,0.08,6506.0,73.0,73.0,0.07,0.15,0.15,,,,,4.08,0.017,0.02,,4.674,0.408550153,0.408550153,,ms,F,,,,,,C14sdss,A,1,0.6696887080562082,0.03639296475582299,0.039723868152315656,73.0,0.018500000000000003,0.15,0.408550153,0.14500000000000002,0.07,0.03805841645406932,10.74074074074074,4.022988505747127
KIC8435400,1.5,0.13,0.21,2.34,0.12,0.13,6322.0,59.0,59.0,0.14,0.15,0.1,,,,,3.863,0.016,0.016,,9.416,0.822782257,0.822782257,,ms,F,,,,,,C14sdss,A,1,0.9738664498353783,0.03638185734019672,0.03971063334311309,59.0,0.016,0.125,0.822782257,0.16999999999999998,0.125,0.038046245341654905,11.333333333333334,5.341880341880342
KIC8491374,1.38,0.14,0.19,1.95,0.09,0.1,6520.0,65.0,65.0,0.0,0.15,0.1,,,,,3.988,0.023,0.023,,5.685,0.476353911,0.476353911,,ms,F,,,,,,C14sdss,A,1,0.7547304690237535,0.03494568656075414,0.03800561952271986,65.0,0.023,0.125,0.476353911,0.165,0.095,0.036475653041737,11.956521739130435,4.871794871794872
KIC8516041,1.09,0.13,0.12,1.3,0.06,0.06,6214.0,65.0,65.0,0.18,0.15,0.15,,,,,4.246,0.018,0.019,,2.381,0.22232026,0.22232026,,ms,F,,,,,,C14sdss,A,1,0.37675939540487985,0.03876820282159943,0.04257117987365672,65.0,0.0185,0.15,0.22232026,0.125,0.06,0.04066969134762807,11.467889908256879,4.615384615384615
KIC8981766,1.38,0.11,0.09,1.82,0.05,0.05,6237.0,72.0,72.0,-0.18,0.25,0.25,,,,,4.059,0.014,0.015,,14.37,1.342844371,1.342844371,,ms,F,,,,,,C14sdss,A,1,1.1574567681342256,0.038798040891442565,0.04260716665633946,72.0,0.014499999999999999,0.25,1.342844371,0.1,0.05,0.04070260377389101,7.246376811594203,2.7472527472527473
KIC9273544,1.14,0.12,0.12,1.55,0.07,0.07,6125.0,55.0,55.0,-0.22,0.15,0.15,,,,,4.112,0.013,0.013,,3.128,0.271690736,0.271690736,,ms,F,,,,,,C14sdss,A,1,0.49526674438781043,0.03617266743164599,0.039461515941530856,55.0,0.013,0.15,0.271690736,0.12,0.07,0.03781709168658842,10.526315789473685,4.516129032258065
KIC9402223,1.46,0.25,0.13,2.6,0.15,0.11,6350.0,52.0,52.0,-0.08,0.2,0.15,,,,,3.776,0.016,0.016,,11.16,0.975636586,0.975636586,,ms,F,,,,,,C14sdss,A,1,1.04766419460156,0.0363983679811688,0.03973030652087939,52.0,0.016,0.175,0.975636586,0.19,0.13,0.038064337251024094,13.013698630136986,5.0
KIC9715099,1.37,0.15,0.17,2.49,0.1,0.11,6225.0,53.0,53.0,-0.22,0.4,0.3,,,,,3.78,0.019,0.019,,9.337,0.806574527,0.806574527,,ms,F,,,,,,C14sdss,A,1,0.9702073588068546,0.035983665597979386,0.03923666574391993,53.0,0.019,0.35,0.806574527,0.16,0.10500000000000001,0.03761016567094966,11.678832116788321,4.216867469879518
KIC9762786,1.38,0.14,0.19,1.96,0.1,0.12,6482.0,52.0,52.0,0.06,0.15,0.15,,,,,3.99,0.014,0.014,,6.917,0.598725134,0.598725134,,ms,F,,,,,,C14sdss,A,1,0.839917775678681,0.036053112970417134,0.03931926044217693,52.0,0.014,0.15,0.598725134,0.165,0.11,0.03768618670629703,11.956521739130435,5.612244897959184
KIC9768011,1.35,0.16,0.16,2.02,0.13,0.13,6630.0,68.0,68.0,-0.26,0.2,0.15,,,,,3.955,0.023,0.024,,6.611,0.560297443,0.560297443,,ms,F,,,,,,C14sdss,A,1,0.8202671571609645,0.035330578891805686,0.03846135293595998,68.0,0.0235,0.175,0.560297443,0.16,0.13,0.03689596591388283,11.851851851851851,6.435643564356436
KIC4932691_A,1.597,0.024,0.024,1.75,0.01,0.01,7580.0,450.0,450.0,-0.4937,0.0108,0.0108,APOGEE2_DR17,-0.082,0.013,0.013,4.155,0.003,0.003,0.0,9.12,0.77,0.71,0.0,ms,,43.0,0.21,0.041108762,True,True,CakirliApr25,EB,3,0.9599948383284161,0.03520145326876323,0.03519884253050398,450.0,0.003,0.0108,0.74,0.024,0.01,0.035200147899633605,1.5028177833437695,0.5714285714285714
KIC4932691_B,1.565,0.027,0.027,1.652,0.009,0.009,6935.0,1200.0,1200.0,-0.4937,0.0108,0.0108,APOGEE2_DR17,-0.082,0.013,0.013,4.196,0.004,0.004,0.0,7.21,1.05,0.92,0.0,ms,,43.0,0.21,0.038806671,True,True,CakirliApr25,EB,3,0.857935264719429,0.05904478260095314,0.059284619274160066,1200.0,0.004,0.0108,0.9850000000000001,0.027,0.009,0.0591647009375566,1.7252396166134187,0.5447941888619855
TIC278683641_A,1.273,0.007,0.007,1.612,0.003,0.003,5940.0,110.0,110.0,0.2907,0.0039,0.0039,APOGEE2_DR17,0.246,0.013,0.013,4.128,0.001,0.001,0.0,2.92,0.14,0.14,0.0,ms,F/G,13.5,0.021,0.119116234,True,True,CakirliDec25,EB,3,0.4653828514484183,0.02033857503316172,0.02133805553034207,110.0,0.001,0.0039,0.14,0.007,0.003,0.020838315281751896,0.5498821681068343,0.18610421836228286
TIC278683641_B,0.589,0.002,0.002,0.585,0.001,0.001,3653.0,97.0,97.0,0.2907,0.0039,0.0039,APOGEE2_DR17,0.246,0.013,0.013,4.674,0.001,0.001,0.0,0.06,0.01,0.01,0.0,ms,M,13.5,0.021,0.043227666,True,True,CakirliDec25,EB,3,-1.2218487496163564,0.06694678963061307,0.07918124604762489,97.0,0.001,0.0039,0.01,0.002,0.001,0.07306401783911898,0.33955857385398985,0.17094017094017097
47_Tuc-V69 A,0.876,0.005,0.005,1.316,0.005,0.005,5945.0,150.0,150.0,-0.71,0.1,0.1,,,,,4.143,0.003,0.003,,1.941,0.217,0.217,,ms,G,48.3,0.01,0.027246377,True,True,eker14,EB,1,0.28802553538836284,0.046025904958528985,0.05148827389966887,150.0,0.003,0.1,0.217,0.005,0.005,0.048757089429098927,0.5707762557077626,0.37993920972644374
47_Tuc-V69 B,0.859,0.006,0.006,1.163,0.006,0.006,5959.0,150.0,150.0,-0.71,0.1,0.1,,,,,4.242,0.003,0.003,,1.531,0.171,0.171,,ms,G,48.3,0.01,0.024078675,True,True,eker14,EB,1,0.18497519069826102,0.045984365050308035,0.05143628232804354,150.0,0.003,0.1,0.171,0.006,0.006,0.048710323689175786,0.6984866123399301,0.5159071367153912
AD_Boo A,1.414,0.009,0.009,1.614,0.014,0.014,6575.0,120.0,120.0,0.1,0.15,0.15,,,,,4.173,0.008,0.008,,4.375,0.356,0.356,,ms,F,9.41,0.02,0.17151966,True,True,eker14,EB,1,0.640978057358332,0.033974890690233295,0.03686005116629709,120.0,0.008,0.15,0.356,0.009,0.014,0.03541747092826519,0.6364922206506365,0.8674101610904585
AD_Boo B,1.209,0.006,0.006,1.218,0.01,0.01,6145.0,120.0,120.0,0.1,0.15,0.15,,,,,4.351,0.007,0.007,,1.901,0.164,0.164,,ms,F,9.41,0.02,0.129436769,True,True,eker14,EB,1,0.27898211686544316,0.035937939126976626,0.0391822984183445,120.0,0.007,0.15,0.164,0.006,0.01,0.037560118772660564,0.4962779156327543,0.8210180623973727
BG_Ind A,1.428,0.008,0.008,2.29,0.017,0.017,6353.0,270.0,270.0,-0.2,0.1,0.1,,,,,3.865057243,0.006891794,0.006891794,,7.907,1.621,1.621,,ms,F,,,,True,True,eker14,EB,1,0.8980117387975016,0.08099000967721948,0.09963736211594043,270.0,0.006891794,0.1,1.621,0.008,0.017,0.09031368589657995,0.5602240896358543,0.7423580786026202
BG_Ind B,1.293,0.008,0.008,1.68,0.038,0.039,6653.0,233.0,233.0,-0.2,0.1,0.1,,,,,4.090979961,0.019829556,0.020341925,,5.117,0.881,0.881,,ms,F,,,,True,True,eker14,EB,1,0.7090154169721172,0.06899104445139115,0.08205946553666987,233.0,0.0200857405,0.1,0.881,0.008,0.0385,0.07552525499403051,0.6187161639597836,2.291666666666667
BW_Aqr A,1.479,0.02,0.02,2.057,0.04,0.04,6350.0,100.0,100.0,-0.07,0.11,0.11,,,,,3.981,0.019,0.019,,6.18,0.488,0.488,,ms,F,,,,True,True,eker14,EB,1,0.7909884750888159,0.03300711606715179,0.03572358367656914,100.0,0.019,0.11,0.488,0.02,0.04,0.03436534987186046,1.352265043948614,1.9445794846864366
BW_Aqr B,1.377,0.02,0.02,1.788,0.04,0.04,6450.0,100.0,100.0,-0.07,0.11,0.11,,,,,4.075,0.022,0.022,,4.966,0.417,0.417,,ms,F,,,,True,True,eker14,EB,1,0.6960067152185455,0.035017664597142395,0.03809077838859032,100.0,0.022,0.11,0.417,0.02,0.04,0.03655422149286636,1.4524328249818446,2.237136465324385
CD_Tau A,1.441,0.016,0.016,1.798,0.017,0.017,6200.0,50.0,50.0,0.08,0.15,0.15,,,,,4.087,0.01,0.01,,4.285,0.171,0.171,,ms,F,,,,True,True,eker14,EB,1,0.631950826259217,0.016994355906455594,0.01768653890051175,50.0,0.01,0.15,0.171,0.016,0.017,0.017340447403483672,1.1103400416377516,0.9454949944382648
CD_Tau B,1.366,0.016,0.016,1.584,0.02,0.02,6200.0,50.0,50.0,0.08,0.15,0.15,,,,,4.174,0.012,0.012,,3.327,0.141,0.141,,ms,F,,,,True,True,eker14,EB,1,0.5220528008688224,0.018026287935350216,0.018807029403709707,50.0,0.012,0.15,0.141,0.016,0.02,0.01841665866952996,1.171303074670571,1.2626262626262625
CO_And A,1.289,0.007,0.007,1.727,0.021,0.021,6140.0,130.0,130.0,0.01,0.15,0.15,,,,,4.074,0.011,0.011,,3.802,0.367,0.367,,ms,F,,,,True,True,eker14,EB,1,0.5800121125294243,0.04001978259687311,0.04408537113385502,130.0,0.011,0.15,0.367,0.007,0.021,0.042052576865364066,0.5430566330488752,1.2159814707585408
CO_And B,1.264,0.007,0.007,1.694,0.017,0.017,6170.0,130.0,130.0,0.01,0.15,0.15,,,,,4.082,0.009,0.009,,3.733,0.351,0.351,,ms,F,,,,True,True,eker14,EB,1,0.5720579899263045,0.03902774348856808,0.04288438666458161,130.0,0.009,0.15,0.351,0.007,0.017,0.040956065076574844,0.5537974683544304,1.0035419126328218
EF_Aqr A,1.244,0.008,0.008,1.338,0.012,0.012,6150.0,65.0,65.0,0.0,0.1,0.1,,,,,4.28,0.007,0.007,,2.301,0.108,0.108,,ms,F,,,,True,True,eker14,EB,1,0.36191661866864344,0.01992018132969997,0.020877986991120534,65.0,0.007,0.1,0.108,0.008,0.012,0.020399084160410252,0.6430868167202572,0.8968609865470851
EF_Aqr B,0.946,0.006,0.006,0.956,0.012,0.012,5185.0,110.0,110.0,0.0,0.1,0.1,,,,,4.453,0.011,0.011,,0.593,0.057,0.057,,ms,K,,,,True,True,eker14,EB,1,-0.22694530663573742,0.039858663278593,0.04388990367149265,110.0,0.011,0.1,0.057,0.006,0.012,0.04187428347504282,0.6342494714587738,1.2552301255230125
EK_Cep B,1.122,0.01,0.01,1.315,0.015,0.015,5700.0,190.0,190.0,0.07,0.05,0.05,,,,,4.251,0.015,0.015,,1.641,0.256,0.256,,ms,G,,,,True,True,eker14,EB,1,0.21510858105309322,0.06295874983556937,0.07365880765262586,190.0,0.015,0.05,0.256,0.01,0.015,0.06830877874409762,0.89126559714795,1.1406844106463878
EW_Ori A,1.173,0.011,0.011,1.169,0.005,0.005,6070.0,95.0,95.0,0.05,0.09,0.09,,,,,4.372,0.005,0.005,,1.667,0.111,0.111,,ms,F,,,,True,True,eker14,EB,1,0.22193559982800534,0.027996156806189554,0.02992600717433519,95.0,0.005,0.09,0.111,0.011,0.005,0.02896108199026237,0.9377664109121908,0.42771599657827203
EW_Ori B,1.123,0.009,0.009,1.098,0.005,0.005,5900.0,95.0,95.0,0.05,0.09,0.09,,,,,4.408,0.005,0.005,,1.312,0.091,0.091,,ms,G,,,,True,True,eker14,EB,1,0.11793383503964149,0.02912383598871844,0.03121817109475898,95.0,0.005,0.09,0.091,0.009,0.005,0.03017100354173871,0.8014247551202136,0.4553734061930783
GX_Gem A,1.488,0.011,0.011,2.334,0.012,0.012,6194.0,100.0,100.0,-0.12,0.1,0.1,,,,,3.887,0.004,0.004,,7.194,0.497,0.497,,ms,F,,,,True,True,eker14,EB,1,0.8569704334824924,0.029012377872480677,0.03109013454631282,100.0,0.004,0.1,0.497,0.011,0.012,0.03005125620939675,0.7392473118279569,0.5141388174807198
GX_Gem B,1.467,0.01,0.01,2.244,0.012,0.012,6166.0,100.0,100.0,-0.12,0.1,0.1,,,,,3.904,0.005,0.005,,6.531,0.467,0.467,,ms,F,,,,True,True,eker14,EB,1,0.8149796837607568,0.029994254386130792,0.03222049113675962,100.0,0.005,0.1,0.467,0.01,0.012,0.031107372761445207,0.6816632583503749,0.53475935828877
HS_Aur A,0.898,0.019,0.019,1.005,0.023,0.023,5350.0,70.0,70.0,-0.01,0.01,0.01,,,,,4.39,0.02,0.02,,0.743,0.055,0.055,,ms,G,,,,True,True,eker14,EB,1,-0.1290111862394247,0.03101407759015415,0.03340037552506403,70.0,0.02,0.01,0.055,0.019,0.023,0.03220722655760909,2.1158129175946545,2.2885572139303485
HS_Aur B,0.877,0.017,0.017,0.874,0.03,0.03,5200.0,72.0,72.0,-0.01,0.01,0.01,,,,,4.5,0.03,0.03,,0.501,0.048,0.048,,ms,G,,,,True,True,eker14,EB,1,-0.30016227413275426,0.039734618582846215,0.043739523854413875,72.0,0.03,0.01,0.048,0.017,0.03,0.041737071218630045,1.9384264538198406,3.4324942791762014
HW_CMa A,1.779,0.012,0.012,1.668,0.021,0.021,7700.0,150.0,150.0,0.28,0.1,0.1,,,,,4.247,0.011,0.011,,8.79,0.782,0.782,,ms,A,,,,True,True,eker14,EB,1,0.9439888750737718,0.03701381486762789,0.040464810602509615,150.0,0.011,0.1,0.782,0.012,0.021,0.038739312735068754,0.6745362563237775,1.2589928057553958
HW_CMa B,1.719,0.011,0.011,1.649,0.018,0.018,7560.0,150.0,150.0,0.33,0.1,0.1,,,,,4.242,0.01,0.01,,7.98,0.71,0.71,,ms,A,,,,True,True,eker14,EB,1,0.9020028913507294,0.0370168850979371,0.040468480491691605,150.0,0.01,0.1,0.71,0.011,0.018,0.038742682794814354,0.6399069226294356,1.0915706488781078
IM_Vir A,0.981,0.012,0.012,1.062,0.016,0.016,5570.0,100.0,100.0,-0.1,0.25,0.25,,,,,4.379,0.014,0.014,,0.975,0.082,0.082,,ms,G,,,,True,True,eker14,EB,1,-0.010995384301463193,0.035070371608889435,0.038153156809990374,100.0,0.014,0.25,0.082,0.012,0.016,0.0366117642094399,1.2232415902140672,1.5065913370998116
KIC_6131659 A,0.922,0.007,0.007,0.88,0.003,0.003,5660.0,140.0,140.0,-0.21,0.1,0.1,,,,,4.505765577,0.004431697,0.004431697,,0.713,0.078,0.078,,ms,G,,,,True,True,eker14,EB,1,-0.14691047014813446,0.04508695364581097,0.05031580455988985,140.0,0.004431697,0.1,0.078,0.007,0.003,0.04770137910285041,0.7592190889370933,0.3409090909090909
KIC_6131659 B,0.685,0.005,0.005,0.64,0.006,0.006,4780.0,105.0,105.0,-0.21,0.1,0.1,,,,,4.653330624,0.008738301,0.008738301,,0.192,0.019,0.019,,ms,K,,,,True,True,eker14,EB,1,-0.7166987712964504,0.04098122659414305,0.045255125574754085,105.0,0.008738301,0.1,0.019,0.005,0.006,0.04311817608444857,0.7299270072992701,0.9375
LV_Her A,1.192,0.01,0.01,1.358,0.012,0.012,6060.0,150.0,150.0,0.08,0.21,0.21,,,,,4.249,0.008,0.008,,2.234,0.25,0.25,,ms,F,,,,True,True,eker14,EB,1,0.3490831687795902,0.046068422724952374,0.0515415009614304,150.0,0.008,0.21,0.25,0.01,0.012,0.048804961843191386,0.8389261744966443,0.8836524300441825
LV_Her B,1.169,0.008,0.008,1.313,0.011,0.011,6030.0,150.0,150.0,0.08,0.21,0.21,,,,,4.27,0.008,0.008,,2.046,0.229,0.229,,ms,F,,,,True,True,eker14,EB,1,0.3109056293761413,0.04607577161698989,0.05155070206810708,150.0,0.008,0.21,0.229,0.008,0.011,0.048813236842548485,0.6843455945252352,0.8377760853008377
RS_Cha A,1.893,0.01,0.01,2.168,0.061,0.061,7638.0,76.0,76.0,0.17,0.07,0.07,,,,,4.05,0.06,0.06,,14.355,1.062,1.062,,ms,A,,,,True,True,eker14,EB,1,1.1570031968325247,0.03099667557231056,0.033380192081250426,76.0,0.06,0.07,1.062,0.01,0.061,0.032188433826780494,0.5282620179609087,2.813653136531365
RS_Cha B,1.871,0.01,0.01,2.379,0.06,0.06,7228.0,72.0,72.0,0.17,0.07,0.07,,,,,3.936,0.06,0.06,,13.868,0.958,0.958,,ms,F,,,,True,True,eker14,EB,1,1.142013832984359,0.029010162801364148,0.03108759071793865,72.0,0.06,0.07,0.958,0.01,0.06,0.0300488767596514,0.5344735435595938,2.5220680958385877
UX_Men A,1.235,0.006,0.006,1.349,0.013,0.013,6200.0,100.0,100.0,0.04,0.1,0.1,,,,,4.272,0.003,0.003,,2.415,0.173,0.173,,ms,F,,,,True,True,eker14,EB,1,0.38291713508753095,0.030047136909131855,0.0322815268285766,100.0,0.003,0.1,0.173,0.006,0.013,0.031164331868854228,0.48582995951416996,0.9636767976278725
UX_Men B,1.196,0.007,0.007,1.275,0.013,0.013,6150.0,100.0,100.0,0.04,0.1,0.1,,,,,4.306,0.01,0.01,,2.089,0.155,0.155,,ms,F,,,,True,True,eker14,EB,1,0.3199384399803086,0.03108441260381517,0.03348197023332572,100.0,0.01,0.1,0.155,0.007,0.013,0.032283191418570445,0.5852842809364549,1.019607843137255
V1130_Tau A,1.392,0.008,0.008,1.784,0.011,0.011,6625.0,70.0,70.0,-0.25,0.1,0.1,,,,,4.08,0.006,0.006,,5.508,0.26,0.26,,ms,F,,,,True,True,eker14,EB,1,0.740993931584886,0.020031320126486563,0.021000105217282128,70.0,0.006,0.1,0.26,0.008,0.011,0.020515712671884345,0.574712643678161,0.616591928251121
V1130_Tau B,1.306,0.008,0.008,1.49,0.01,0.01,6650.0,70.0,70.0,-0.25,0.1,0.1,,,,,4.208,0.006,0.006,,3.899,0.184,0.184,,ms,F,,,,True,True,eker14,EB,1,0.5909532351879857,0.02002614473501141,0.020994417091391604,70.0,0.006,0.1,0.184,0.008,0.01,0.020510280913201506,0.6125574272588056,0.6711409395973155
V1229_Tau B,1.565,0.015,0.015,1.587,0.042,0.042,7262.0,380.0,380.0,0.06,0.05,0.05,,,,,4.231,0.024,0.024,,6.295,1.74,1.74,,ms,F,,,,True,True,eker14,EB,1,0.7989957344438814,0.10599014665548201,0.1405073531348644,380.0,0.024,0.05,1.74,0.015,0.042,0.1232487498951732,0.9584664536741214,2.6465028355387523
V505_Per A,1.272,0.001,0.001,1.288,0.014,0.014,6512.0,21.0,21.0,-0.12,0.03,0.03,,,,,4.32,0.01,0.01,,2.679,0.069,0.069,,ms,F,,,,True,True,eker14,EB,1,0.4279727136082088,0.011044014779303946,0.01133220626992787,21.0,0.01,0.03,0.069,0.001,0.014,0.011188110524615907,0.07861635220125786,1.0869565217391306
V505_Per B,1.254,0.001,0.001,1.267,0.014,0.014,6462.0,12.0,12.0,-0.12,0.03,0.03,,,,,4.33,0.01,0.01,,2.512,0.059,0.059,,ms,F,,,,True,True,eker14,EB,1,0.40001963506515853,0.010082441577702106,0.010322086858772839,12.0,0.01,0.03,0.059,0.001,0.014,0.010202264218237472,0.07974481658692185,1.104972375690608
V565_Lyr A,0.995,0.003,0.003,1.101,0.007,0.007,5600.0,95.0,95.0,0.28,0.05,0.05,,,,,4.352,0.005,0.005,,1.072,0.079,0.079,,ms,G,,,,True,True,eker14,EB,1,0.03019478535675124,0.03088053827304057,0.03324553686137002,95.0,0.005,0.05,0.079,0.003,0.007,0.0320630375672053,0.3015075376884422,0.6357856494096277
V565_Lyr B,0.929,0.003,0.003,0.971,0.009,0.009,5430.0,125.0,125.0,0.28,0.05,0.05,,,,,4.432,0.008,0.008,,0.736,0.077,0.077,,ms,G,,,,True,True,eker14,EB,1,-0.13312218566250114,0.043212731256569284,0.047992399743488984,125.0,0.008,0.05,0.077,0.003,0.009,0.045602565500029134,0.3229278794402583,0.9268795056642636
V568_Lyr A,1.075,0.008,0.008,1.4,0.016,0.016,5665.0,100.0,100.0,0.28,0.05,0.05,,,,,4.178,0.01,0.01,,1.811,0.143,0.143,,ms,G,,,,True,True,eker14,EB,1,0.2579184503140584,0.03300610906869583,0.03572240401233853,100.0,0.01,0.05,0.143,0.008,0.016,0.03436425654051718,0.744186046511628,1.142857142857143
V568_Lyr B,0.827,0.004,0.004,0.768,0.006,0.006,4900.0,100.0,100.0,0.28,0.05,0.05,,,,,4.586,0.008,0.008,,0.305,0.028,0.028,,ms,K,,,,True,True,eker14,EB,1,-0.5157001606532142,0.038144394159534134,0.04182007028233725,100.0,0.008,0.05,0.028,0.004,0.006,0.03998223222093569,0.48367593712212825,0.78125
V636_Cen A,1.052,0.005,0.005,1.024,0.004,0.004,5900.0,85.0,85.0,-0.2,0.08,0.08,,,,,4.444,0.004,0.004,,1.14,0.07,0.07,,ms,G,,,,True,True,eker14,EB,1,0.05690485133647256,0.025880518979977514,0.02752107365126298,85.0,0.004,0.08,0.07,0.005,0.004,0.026700796315620248,0.47528517110266155,0.390625
V636_Cen B,0.854,0.003,0.003,0.835,0.004,0.004,5000.0,100.0,100.0,-0.2,0.08,0.08,,,,,4.532,0.005,0.005,,0.391,0.034,0.034,,ms,K,,,,True,True,eker14,EB,1,-0.40782324260413316,0.03621217265444476,0.03950854128367365,100.0,0.005,0.08,0.034,0.003,0.004,0.037860356969059206,0.351288056206089,0.4790419161676647
VZ_Cep A,1.402,0.015,0.015,1.558,0.012,0.012,6670.0,160.0,160.0,0.06,0.09,0.09,,,,,4.213,0.008,0.008,,4.315,0.46,0.46,,ms,F,,,,True,True,eker14,EB,1,0.6349808000512285,0.043992575868536665,0.04895641766425263,160.0,0.008,0.09,0.46,0.015,0.012,0.046474496766394646,1.0699001426533523,0.7702182284980744
VZ_Cep B,1.108,0.008,0.008,1.058,0.04,0.04,5720.0,120.0,120.0,0.06,0.09,0.09,,,,,4.446,0.033,0.033,,1.076,0.137,0.137,,ms,G,,,,True,True,eker14,EB,1,0.0318122713303704,0.052048529536202606,0.05914667906425945,120.0,0.033,0.09,0.137,0.008,0.04,0.05559760430023103,0.7220216606498194,3.7807183364839316
WZ_Oph A,1.227,0.007,0.007,1.401,0.012,0.012,6165.0,100.0,100.0,-0.27,0.07,0.07,,,,,4.234,0.008,0.008,,2.547,0.182,0.182,,ms,F,,,,True,True,eker14,EB,1,0.40602894496361513,0.02997459070628139,0.03219779988978472,100.0,0.008,0.07,0.182,0.007,0.012,0.031086195298033054,0.5704971475142624,0.8565310492505352
WZ_Oph B,1.22,0.006,0.006,1.419,0.012,0.012,6115.0,100.0,100.0,-0.27,0.07,0.07,,,,,4.221,0.008,0.008,,2.529,0.181,0.181,,ms,F,,,,True,True,eker14,EB,1,0.40294882934440474,0.030020461530000986,0.03225073676882789,100.0,0.008,0.07,0.181,0.006,0.012,0.03113559914941444,0.4918032786885246,0.8456659619450316
YZ_Cas B,1.347,0.01,0.01,1.359,0.02,0.02,6700.0,250.0,250.0,0.1,0.06,0.06,,,,,4.307,0.013,0.013,,3.342,0.603,0.603,,ms,F,,,,True,True,eker14,EB,1,0.5240064455573725,0.07204056198806663,0.08641441330341115,250.0,0.013,0.06,0.603,0.01,0.02,0.07922748764573889,0.7423904974016333,1.4716703458425313
2MASS_J05282082+0338327_A,1.366,0.011,0.011,1.835,0.01,0.01,5103.0,26.0,26.0,0.025,0.275,0.275,LAMOST_DR11,,,,4.047,0.006,0.006,0.0,2.05716,0.04786,0.04723,1.0,ms,K1V,,,,,,Eker14+18,EB,3,0.3132680711865958,0.00998815527885627,0.01008713871292749,26.0,0.006,0.275,0.047545000000000004,0.011,0.01,0.01003764699589188,0.8052708638360174,0.5449591280653951
2MASS_J05282082+0338327_B,1.327,0.008,0.008,1.735,0.01,0.01,4751.0,26.0,26.0,0.025,0.275,0.275,LAMOST_DR11,,,,4.083,0.006,0.006,0.0,1.38176,0.03443,0.03394,1.0,ms,K3V,,,,,,Eker14+18,EB,3,0.140432616318118,0.010688907103449302,0.010800719835785288,26.0,0.006,0.275,0.034185,0.008,0.01,0.010744813469617295,0.6028636021100227,0.5763688760806917
KIC10935310_B,0.376,0.017,0.017,0.3475,0.0081,0.0081,3460.0,210.0,210.0,-0.281,0.029,0.029,LAMOST_DR11,,,,4.932,0.028,0.028,0.0,0.01559,0.00421,0.00353,1.0,ms,M3V,11.03,0.21,0.031504986,True,True,Eker14+18,EB,3,-1.8071538848111584,0.1038190750726895,0.11149880738470919,210.0,0.028,0.029,0.00387,0.017,0.0081,0.10765894122869935,4.521276595744681,2.3309352517985613
KIC3230227_A,1.84,0.18,0.18,2.01,0.09,0.09,8000.0,30.0,30.0,-0.135,0.005,0.005,LAMOST_DR11,,,,4.097,0.058,0.058,0.0,14.90894,1.38342,1.32405,1.0,ms,A6,23.64,0.95,0.085025381,True,True,Eker14+18,EB,3,1.1734467669596644,0.03853723083817373,0.040390640774501385,30.0,0.058,0.005,1.353735,0.18,0.09,0.03946393580633756,9.782608695652174,4.477611940298508
KIC3230227_B,1.73,0.17,0.17,1.68,0.08,0.08,8177.0,30.0,30.0,-0.135,0.005,0.005,LAMOST_DR11,,,,4.226,0.059,0.059,0.0,11.36814,1.12108,1.06985,1.0,ms,A6,23.64,0.95,0.07106599,True,True,Eker14+18,EB,3,1.0556894133406904,0.04084590251352682,0.042924295938188584,30.0,0.059,0.005,1.095465,0.17,0.08,0.0418850992258577,9.826589595375722,4.761904761904762
KIC7177553_A,1.043,0.014,0.014,0.94,0.005,0.005,5800.0,130.0,130.0,0.204,0.013,0.013,LAMOST_DR11,,,,4.51,0.007,0.007,0.0,0.90087,0.08407,0.07868,1.0,ms,G2V,36.76,0.15,0.025571273,True,True,Eker14+18,EB,3,-0.04533787534286414,0.03874765054851542,0.03968993434760151,130.0,0.007,0.013,0.081375,0.014,0.005,0.03921879244805847,1.3422818791946312,0.5319148936170213
KIC7177553_B,0.986,0.015,0.015,0.941,0.005,0.005,5740.0,140.0,140.0,0.204,0.013,0.013,LAMOST_DR11,,,,4.485,0.008,0.008,0.0,0.86601,0.08811,0.08196,1.0,ms,G2V,36.76,0.15,0.025598477,True,True,Eker14+18,EB,3,-0.06247709306377985,0.04208009256914226,0.0431791477827884,140.0,0.008,0.013,0.085035,0.015,0.005,0.04262962017596533,1.5212981744421907,0.5313496280552604
TV_Cet_A,1.385,0.052,0.052,1.484,0.02,0.02,6902.0,150.0,150.0,-0.122,0.005,0.005,LAMOST_DR11,,,,4.237,0.02,0.02,0.0,4.50259,0.42242,0.39756,1.0,ms,F2V,25.15,0.25,0.059005964,True,True,Eker14+18,EB,2,0.6534624024716328,0.03894471417730938,0.04014606713387148,150.0,0.02,0.005,0.40999,0.052,0.02,0.03954539065559043,3.7545126353790614,1.3477088948787062
TV_Cet_B,1.265,0.051,0.051,1.221,0.01,0.01,6575.0,150.0,150.0,-0.122,0.005,0.005,LAMOST_DR11,,,,4.367,0.019,0.019,0.0,2.5102,0.2406,0.2251,1.0,ms,F5V,25.15,0.25,0.048548708,True,True,Eker14+18,EB,2,0.39970832524042094,0.03975069042956403,0.04080311492737376,150.0,0.019,0.005,0.23285,0.051,0.01,0.040276902678468895,4.031620553359684,0.8190008190008189
V2653_Oph_A,1.537,0.021,0.021,2.215,0.055,0.055,6950.0,480.0,480.0,-0.176,0.056,0.056,LAMOST_DR11,,,,3.934,0.022,0.022,0.0,10.31291,3.2003,2.61659,1.0,ms,F2V,15.93110428,,0.139036187,True,True,Eker14+18,EB,3,1.013381227710519,0.1173772981948995,0.12709811107356228,480.0,0.022,0.056,2.908445,0.021,0.055,0.12223770463423089,1.36629798308393,2.483069977426637
V2653_Oph_B,1.273,0.019,0.019,2.0,0.056,0.056,6350.0,650.0,650.0,-0.176,0.056,0.056,LAMOST_DR11,,,,3.941,0.025,0.025,0.0,5.85935,2.813,2.08054,1.0,ms,F7V,15.93110428,,0.125540576,True,True,Eker14+18,EB,3,0.7678494407500892,0.17028735611965418,0.19049438477538572,650.0,0.025,0.056,2.44677,0.019,0.056,0.18039087044751995,1.492537313432836,2.8000000000000003
V443_Cyg_A,1.2,0.2,0.2,1.3,0.2,0.2,6700.0,350.0,350.0,-0.213,0.025,0.025,LAMOST_DR11,,,,4.29,0.152,0.152,0.0,3.06818,1.23046,1.05384,1.0,ms,F2/3V,9.4,0.33,0.138297872,True,True,Eker14+18,EB,3,0.48688083464904947,0.14645024094944387,0.18274805777534991,350.0,0.152,0.025,1.14215,0.2,0.2,0.1645991493623969,16.666666666666668,15.384615384615383
V443_Cyg_B,1.1,0.3,0.3,1.1,0.2,0.2,6200.0,550.0,550.0,-0.213,0.025,0.025,LAMOST_DR11,,,,4.397,0.197,0.197,0.0,1.61082,0.91309,0.7304,1.0,ms,F8V,9.4,0.33,0.117021277,True,True,Eker14+18,EB,3,0.2070470131850312,0.19502685117460314,0.2623571135711208,550.0,0.197,0.025,0.821745,0.3,0.2,0.22869198237286198,27.27272727272727,18.18181818181818
CU_Cnc_A,0.4358,0.0008,0.0008,0.4317,0.0052,0.0052,3160.0,150.0,150.0,0.2,0.2,0.2,,,,,4.804,0.011,0.011,0.0,0.0167,0.0035,0.0029,0.0,ms,M3.5 Ve,7.8,0.007,0.055346154,True,True,Hahlin24,EB,3,-1.7772835288524167,0.08263489829904036,0.08283738474634683,150.0,0.011,0.2,0.0031999999999999997,0.0008,0.0052,0.0827361415226936,0.18357044515832951,1.2045401899467223
CU_Cnc_B,0.3998,0.0014,0.0014,0.3908,0.0094,0.0094,3125.0,150.0,150.0,0.2,0.2,0.2,,,,,4.854,0.021,0.021,0.0,0.0131,0.0029,0.0023,0.0,ms,M3.5 Ve,7.8,0.007,0.050102564,True,True,Hahlin24,EB,3,-1.8827287043442358,0.08684868700016057,0.08384754016881457,150.0,0.021,0.2,0.0026,0.0014,0.0094,0.08534811358448757,0.35017508754377186,2.4053224155578303
HAT-TR-318-007_A,0.448,0.011,0.011,0.4548,0.0035,0.0036,3190.0,110.0,110.0,0.298,0.08,0.08,,,,,4.774,0.0056,0.0058,0.0,0.0193,0.0029,0.0025,0.0,ms,M3.71+/-0.69,8.436,0.06,0.053912883,True,True,Hartman18,EB,3,-1.7144426909922261,0.060795665442864744,0.06024802728191103,110.0,0.0057,0.08,0.0027,0.011,0.00355,0.06052184636238789,2.4553571428571423,0.7805628847845207
HAT-TR-318-007_B,0.2721,0.0041,0.0042,0.2913,0.0023,0.0024,3100.0,110.0,110.0,0.298,0.08,0.08,,,,,4.9442,0.0038,0.0039,0.0,0.0071,0.0011,0.0009,0.0,ms,M5.01+/-0.73 ,8.436,0.06,0.034531273,True,True,Hartman18,EB,3,-2.1487416512809245,0.06255550366464124,0.05886665922082157,110.0,0.00385,0.08,0.001,0.00415,0.0023499999999999997,0.06071108144273141,1.5251745681734654,0.8067284586337108
KIC10191056_Aa,1.564,0.012,0.012,1.976,0.022,0.022,6584.3,155.3,155.3,0.122,0.007,0.007,,,,,4.041,0.009,0.009,0.0,6.61161,0.67712,0.6196,1.0,ms,,10.938,0.033,0.180654599,True,True,Helminiak19,EB,3,0.8203072278632161,0.04234463487985429,0.042734698381886926,155.3,0.009,0.007,0.64836,0.012,0.022,0.04253966663087061,0.7672634271099744,1.1133603238866396
KIC10191056_Ab,1.413,0.016,0.016,1.659,0.03,0.03,6584.3,155.3,155.3,0.122,0.007,0.007,,,,,4.149,0.016,0.016,0.0,4.66043,0.46229,0.45606,1.0,ms,,10.938,0.033,0.151673066,True,True,Helminiak19,EB,3,0.6684259892247117,0.04107462943160711,0.04472506067738258,155.3,0.016,0.007,0.459175,0.016,0.03,0.042899845054494845,1.132342533616419,1.8083182640144666
KIC10583181_A,1.559,0.036,0.036,1.882,0.014,0.014,6730.0,140.0,140.0,-0.23,0.007,0.007,,-0.01,0.07,0.07,4.082,0.005,0.005,0.0,6.67,0.57,0.57,0.0,ms,,11.095,0.075,0.169625958,True,True,Helminiak19,EB,3,0.8241258339165489,0.035612732280598025,0.03879599890578189,140.0,0.005,0.007,0.57,0.036,0.014,0.03720436559318996,2.3091725465041693,0.7438894792773646
KIC10583181_B,0.96,0.016,0.016,0.98,0.01,0.01,5754.7,127.2,127.2,-0.23,0.007,0.007,,-0.01,0.07,0.07,4.438,0.007,0.007,0.0,0.94894,0.09153,0.08341,1.0,ms,,11.095,0.075,0.088328076,True,True,Helminiak19,EB,3,-0.022761246469113827,0.03999080913085251,0.03995662804545928,127.2,0.007,0.007,0.08746999999999999,0.016,0.01,0.0399737185881559,1.6666666666666667,1.0204081632653061
KIC10987439_A,0.9862,0.0034,0.0034,0.932,0.015,0.015,6477.8,161.7,161.7,-0.158,0.012,0.012,,-0.03,0.05,0.05,4.493,0.014,0.014,0.0,1.37796,0.17054,0.13963,1.0,ms,,27.352,0.029,0.034074291,True,True,Helminiak19,EB,3,0.13923661087246963,0.050674598820335925,0.0464002165266723,161.7,0.014,0.012,0.155085,0.0034,0.015,0.04853740767350411,0.3447576556479416,1.6094420600858368
KIC10987439_B,1.4215,0.0045,0.0045,1.512,0.031,0.031,6490.0,90.0,90.0,-0.158,0.012,0.012,,-0.03,0.05,0.05,4.232,0.018,0.018,0.0,3.55,0.25,0.25,0.0,ms,,27.352,0.029,0.055279321,True,True,Helminiak19,EB,3,0.5502283530550941,0.029555243561716016,0.03171441317720669,90.0,0.018,0.012,0.25,0.0045,0.031,0.030634828369461353,0.31656700668308124,2.0502645502645502
KIC11922782_A,1.067,0.01,0.01,1.501,0.057,0.057,5990.0,110.0,110.0,-0.223,0.012,0.012,,-0.22,0.06,0.06,4.114,0.033,0.033,0.0,2.61,0.27,0.27,0.0,ms,,12.056,0.034,0.124502322,True,True,Helminiak19,EB,3,0.41664050733828095,0.04275198042094991,0.04742464992813816,110.0,0.033,0.012,0.27,0.01,0.057,0.045088315174544036,0.9372071227741331,3.79746835443038
KIC11922782_B,0.836,0.006,0.006,0.849,0.063,0.063,5862.8,122.6,122.6,-0.223,0.012,0.012,,-0.22,0.06,0.06,4.503,0.064,0.064,0.0,0.76724,0.07751,0.12605,1.0,ms,,12.056,0.034,0.070421367,True,True,Helminiak19,EB,3,-0.11506876333683225,0.04179696378376617,0.07794449618549773,122.6,0.064,0.012,0.10178,0.006,0.063,0.05987072998463195,0.7177033492822966,7.420494699646643
KIC9641031_A,1.2102,0.0076,0.0076,1.244,0.0023,0.0023,6260.0,120.0,120.0,-0.437,0.012,0.012,,-0.07,0.09,0.09,4.331,0.016,0.016,0.0,2.14,0.18,0.17,0.0,ms,,9.145,0.016,0.136030618,True,True,Helminiak19,EB,3,0.33041377334919086,0.035074211541708866,0.035947547187597906,120.0,0.016,0.012,0.175,0.0076,0.0023,0.035510879364653386,0.6279953726656752,0.18488745980707394
KIC9641031_B,0.9512,0.0039,0.0039,0.9,0.024,0.024,5490.0,240.0,240.0,-0.437,0.012,0.012,,-0.07,0.09,0.09,4.508,0.023,0.023,0.0,0.66,0.13,0.11,0.0,ms,,9.145,0.016,0.098414434,True,True,Helminiak19,EB,3,-0.1804560644581313,0.07808315574857276,0.0791812460476248,240.0,0.023,0.012,0.12,0.0039,0.024,0.07863220089809878,0.4100084104289318,2.6666666666666665
KIC4851217_B,0.489,0.064,0.058,0.448,0.061,0.05,3749.0,98.0,58.0,-0.002,0.016,0.016,LAMOST_DR11,0.076,0.011,0.011,4.825,0.03,0.011,0.0,0.04,0.02,0.01,0.0,ms,M,1349.0,14.0,0.000332098,True,True,Jennings24,TEB,3,-1.3979400086720375,0.17609125905568113,0.12493873660830013,78.0,0.020499999999999997,0.016,0.015,0.061,0.0555,0.15051499783199063,12.474437627811861,12.388392857142856
NGC_2506_V5_A,0.945,0.004,0.003,0.68,0.04,0.04,5690.0,140.0,120.0,-0.36,0.01,0.01,,,,,4.75,0.05,0.05,1.0,0.43668,0.05233,0.06132,1.0,ms,,9.04,0.1,0.075221239,True,True,Knudstrup20,EB,3,-0.35983669836613974,0.049154438676699164,0.065715311198425,130.0,0.05,0.01,0.056825,0.0035,0.04,0.05743487493756208,0.3703703703703704,5.88235294117647
NGC_2506_V5_B,0.707,0.004,0.003,0.61,0.021,0.016,4940.0,110.0,60.0,-0.36,0.01,0.01,,,,,4.72,0.03,0.02,1.0,0.19965,0.01913,0.01405,1.0,ms,,9.04,0.1,0.067477876,True,True,Knudstrup20,EB,3,-0.6997306854696437,0.03973830346631668,0.031691342647513054,85.0,0.025,0.01,0.01659,0.0035,0.018500000000000003,0.03571482305691487,0.4950495049504951,3.032786885245902
PTFEB132.707+19.810_A,0.3953,0.002,0.002,0.363,0.008,0.008,3260.0,70.0,70.0,0.14,0.04,0.04,,,,,4.92,0.02,0.02,1.0,0.0137,0.001,0.001,0.0,ms,M3.5±0.2,11.77,0.01,0.030832796,True,True,Kraus17,EB,3,-1.8632794328435933,0.030596767591769547,0.03291684620044988,70.0,0.02,0.04,0.001,0.002,0.008,0.03175680689610971,0.5059448520111308,2.203856749311295
PTFEB132.707+19.810_B,0.2098,0.0014,0.0014,0.272,0.012,0.012,3120.0,80.0,80.0,0.14,0.04,0.04,,,,,4.89,0.04,0.04,1.0,0.005,0.0015,0.0015,0.0,ms,M4.3±0.7,11.77,0.01,0.023103362,True,True,Kraus17,EB,3,-2.3010299956639813,0.11394335230683694,0.15490195998574308,80.0,0.04,0.04,0.0015,0.0014,0.012,0.13442265614629,0.667302192564347,4.411764705882352
EPIC201367296,1.15,0.04,0.04,1.73,0.04,0.04,5718.0,71.0,71.0,0.21,0.08,0.08,,,,,4.018,0.013,0.013,,2.7,0.342211612,0.342211612,,ms,G,,,,,,lund16,A,1,0.43136376415898736,0.0518256555275996,0.05885893967128658,71.0,0.013,0.08,0.342211612,0.04,0.04,0.05534229759944309,3.4782608695652177,2.3121387283236996
EPIC201367904,1.3,0.05,0.05,2.08,0.05,0.05,6251.0,78.0,78.0,-0.02,0.08,0.08,,,,,3.916,0.013,0.013,,6.664,0.597819169,0.597819169,,ms,F,,,,,,lund16,A,1,0.8237349883987312,0.037310441680309836,0.04081963604510375,78.0,0.013,0.08,0.597819169,0.05,0.05,0.03906503886270679,3.846153846153846,2.4038461538461537
EPIC201820830,1.29,0.08,0.08,1.74,0.05,0.05,6420.0,71.0,71.0,-0.07,0.11,0.11,,,,,4.063,0.016,0.016,,4.555,0.353974438,0.353974438,,ms,F,,,,,,lund16,A,1,0.658488381309017,0.03250238933954863,0.03513305720930837,71.0,0.016,0.11,0.353974438,0.08,0.05,0.0338177232744285,6.201550387596899,2.8735632183908044
EPIC201860743,1.14,0.05,0.05,1.88,0.03,0.03,5926.0,78.0,78.0,-0.02,0.11,0.11,,,,,3.945,0.014,0.014,,4.119,0.374560309,0.374560309,,ms,G,,,,,,lund16,A,1,0.6147917919564175,0.0377987828652,0.04140495184677839,78.0,0.014,0.11,0.374560309,0.05,0.03,0.039601867355989195,4.385964912280702,1.595744680851064
EPIC204356572,1.18,0.07,0.07,1.5,0.04,0.04,6316.0,78.0,78.0,-0.07,0.08,0.08,,,,,4.157,0.015,0.015,,3.422,0.297267427,0.297267427,,ms,F,,,,,,lund16,A,1,0.5342800052050815,0.036177401412783916,0.03946715057785766,78.0,0.015,0.08,0.297267427,0.07,0.04,0.03782227599532079,5.9322033898305095,2.6666666666666665
EPIC204506926,1.08,0.05,0.05,1.41,0.02,0.02,5705.0,78.0,78.0,0.38,0.08,0.08,,,,,4.172,0.013,0.013,,2.374,0.207373528,0.207373528,,ms,G,,,,,,lund16,A,1,0.3754807146185724,0.036370137430863314,0.03969666953408241,78.0,0.013,0.08,0.207373528,0.05,0.02,0.03803340348247286,4.62962962962963,1.4184397163120568
EPIC204550630,1.17,0.04,0.04,1.37,0.03,0.03,6199.0,65.0,65.0,-0.13,0.08,0.08,,,,,4.228,0.014,0.014,,3.635,0.304111216,0.304111216,,ms,F,,,,,,lund16,A,1,0.5605044151950566,0.034893827562102464,0.03794428304469333,65.0,0.014,0.08,0.304111216,0.04,0.03,0.036419055303397896,3.418803418803419,2.18978102189781
EPIC204624076,1.22,0.05,0.05,1.83,0.04,0.04,6381.0,71.0,71.0,-0.13,0.11,0.11,,,,,4.0,0.014,0.014,,6.112,0.47828118,0.47828118,,ms,F,,,,,,lund16,A,1,0.7861833455676335,0.032720598968305925,0.03538817809888006,71.0,0.014,0.11,0.47828118,0.05,0.04,0.034054388533592994,4.098360655737705,2.1857923497267757
EPIC204926239,1.44,0.05,0.05,2.45,0.05,0.05,6225.0,71.0,71.0,0.1,0.08,0.08,,,,,3.817,0.012,0.012,,6.714,0.596776978,0.596776978,,ms,F,,,,,,lund16,A,1,0.8269813369119937,0.036982198640418296,0.04042702259723707,71.0,0.012,0.08,0.596776978,0.05,0.05,0.038704610618827684,3.4722222222222223,2.0408163265306123
EPIC205962429,1.15,0.04,0.04,1.79,0.04,0.04,6082.0,65.0,65.0,-0.24,0.08,0.08,,,,,3.99,0.012,0.012,,4.372,0.372936225,0.372936225,,ms,F,,,,,,lund16,A,1,0.6406801532776651,0.03555022632722349,0.03872182318522066,65.0,0.012,0.08,0.372936225,0.04,0.04,0.037136024756222075,3.4782608695652177,2.2346368715083798
EPIC205974115,1.15,0.04,0.04,1.36,0.03,0.03,6121.0,71.0,71.0,-0.07,0.08,0.08,,,,,4.23,0.012,0.012,,3.386,0.460929318,0.460929318,,ms,F,,,,,,lund16,A,1,0.5296869537729164,0.05542725304739693,0.06355058884815812,71.0,0.012,0.08,0.460929318,0.04,0.03,0.059488920947777524,3.4782608695652177,2.205882352941176
EPIC205995584,1.31,0.07,0.07,1.71,0.04,0.04,6433.0,71.0,71.0,-0.07,0.08,0.08,,,,,4.082,0.013,0.013,,4.784,0.382916107,0.382916107,,ms,F,,,,,,lund16,A,1,0.6797911709803545,0.03344023916938066,0.0362315238626002,71.0,0.013,0.08,0.382916107,0.07,0.04,0.03483588151599043,5.34351145038168,2.3391812865497075
EPIC206009487,1.03,0.05,0.05,1.49,0.04,0.04,5926.0,71.0,71.0,-0.24,0.08,0.08,,,,,4.101,0.012,0.012,,1.949,0.164977136,0.164977136,,ms,G,,,,,,lund16,A,1,0.28981183911762143,0.03528844670963649,0.03841142313278373,71.0,0.012,0.08,0.164977136,0.05,0.04,0.03684993492121011,4.854368932038835,2.684563758389262
EPIC206064678,1.01,0.04,0.04,0.98,0.02,0.02,5562.0,71.0,71.0,0.26,0.11,0.11,,,,,4.453,0.013,0.013,,0.9558,0.088951639,0.088951639,,ms,G,,,,,,lund16,A,1,-0.01963297381522487,0.03864603494995755,0.04242389380746342,71.0,0.013,0.11,0.088951639,0.04,0.02,0.040534964378710486,3.9603960396039604,2.0408163265306123
EPIC206064711,1.27,0.05,0.05,1.57,0.03,0.03,6563.0,71.0,71.0,-0.18,0.08,0.08,,,,,4.147,0.011,0.011,,3.997,0.308407549,0.308407549,,ms,F,,,,,,lund16,A,1,0.6017341482601049,0.03228011970246647,0.03487347515840822,71.0,0.011,0.08,0.308407549,0.05,0.03,0.033576797430437344,3.937007874015748,1.910828025477707
EPIC206070413,1.23,0.07,0.07,1.52,0.04,0.04,6446.0,71.0,71.0,-0.13,0.08,0.08,,,,,4.16,0.014,0.014,,3.855,0.316837613,0.316837613,,ms,F,,,,,,lund16,A,1,0.5860243823869757,0.03430301296901106,0.037246621037795635,71.0,0.014,0.08,0.316837613,0.07,0.04,0.03577481700340335,5.691056910569107,2.6315789473684212
EPIC206078331,0.94,0.04,0.04,1.13,0.03,0.03,5809.0,78.0,78.0,-0.18,0.11,0.11,,,,,4.306,0.012,0.012,,1.423,0.123992981,0.123992981,,ms,G,,,,,,lund16,A,1,0.15320490008428433,0.03628344314327722,0.03959340235634273,78.0,0.012,0.11,0.123992981,0.04,0.03,0.03793842274980998,4.25531914893617,2.6548672566371683
EPIC206088888,1.08,0.06,0.06,1.3,0.03,0.03,5965.0,71.0,71.0,-0.02,0.08,0.08,,,,,4.242,0.012,0.012,,2.132,0.179668843,0.179668843,,ms,G,,,,,,lund16,A,1,0.3287872003545347,0.03513841920422517,0.038233715169551485,71.0,0.012,0.08,0.179668843,0.06,0.03,0.03668606718688833,5.555555555555555,2.3076923076923075
EPIC206094605,1.4,0.11,0.11,2.01,0.07,0.07,6537.0,78.0,78.0,0.04,0.08,0.08,,,,,3.979,0.014,0.014,,6.616,0.579248511,0.579248511,,ms,F,,,,,,lund16,A,1,0.8205954965444903,0.03645030174094388,0.03979219863990602,78.0,0.014,0.08,0.579248511,0.11,0.07,0.03812125019042495,7.857142857142858,3.482587064676618
EPIC206107253,1.16,0.03,0.03,1.31,0.02,0.02,6290.0,65.0,65.0,-0.18,0.08,0.08,,,,,4.267,0.01,0.01,,2.481,0.208415083,0.208415083,,ms,F,,,,,,lund16,A,1,0.3946267642722091,0.03503107192076865,0.03810664430537486,65.0,0.01,0.08,0.208415083,0.03,0.02,0.036568858113071756,2.586206896551724,1.5267175572519083
EPIC206108325,1.3,0.05,0.05,2.15,0.05,0.05,6433.0,71.0,71.0,-0.18,0.11,0.11,,,,,3.887,0.014,0.014,,7.835,3.439729669,3.439729669,,ms,F,,,,,,lund16,A,1,0.894039000804609,0.15806713691443142,0.25105340930128683,71.0,0.014,0.11,3.439729669,0.05,0.05,0.20456027310785913,3.846153846153846,2.3255813953488373
EPIC206189649,1.17,0.06,0.06,2.0,0.05,0.05,6082.0,78.0,78.0,-0.18,0.11,0.11,,,,,3.907,0.012,0.012,,8.906,1.59769483,1.59769483,,ms,F,,,,,,lund16,A,1,0.9496826907952042,0.07165940465747622,0.08586601707366315,78.0,0.012,0.11,1.59769483,0.06,0.05,0.07876271086556969,5.128205128205129,2.5
EPIC206201061,1.41,0.1,0.1,1.97,0.06,0.06,6589.0,71.0,71.0,-0.02,0.11,0.11,,,,,3.997,0.013,0.013,,5.989,0.544008622,0.544008622,,ms,F,,,,,,lund16,A,1,0.7773543130842088,0.037758918270237474,0.041357116685709294,71.0,0.013,0.11,0.544008622,0.1,0.06,0.039558017477973384,7.092198581560284,3.0456852791878175
EPIC206245055,0.88,0.04,0.04,0.93,0.02,0.02,5835.0,71.0,71.0,-0.35,0.08,0.08,,,,,4.444,0.012,0.012,,1.027,0.088155323,0.088155323,,ms,G,,,,,,lund16,A,1,0.01157044359727816,0.035764918158056574,0.03897669531570197,71.0,0.012,0.08,0.088155323,0.04,0.02,0.03737080673687927,4.545454545454546,2.150537634408602
EPIC206289767,1.36,0.08,0.08,2.06,0.06,0.06,6368.0,78.0,78.0,0.04,0.11,0.11,,,,,3.94,0.013,0.013,,6.726,0.567887631,0.567887631,,ms,F,,,,,,lund16,A,1,0.8277568629786168,0.03520220534757601,0.038309253632062945,78.0,0.013,0.11,0.567887631,0.08,0.06,0.03675572948981948,5.88235294117647,2.912621359223301
EPIC206368174,1.32,0.08,0.08,1.78,0.05,0.05,6212.0,65.0,65.0,0.1,0.06,0.06,,,,,4.05,0.013,0.013,,4.479,0.385317387,0.385317387,,ms,F,,,,,,lund16,A,1,0.6511810624446879,0.03584084159255574,0.039066894065929,65.0,0.013,0.06,0.385317387,0.08,0.05,0.03745386782924237,6.0606060606060606,2.8089887640449436
EPIC206371648,0.83,0.03,0.03,0.93,0.02,0.02,5549.0,65.0,65.0,-0.24,0.08,0.08,,,,,4.421,0.016,0.016,,1.218,0.192773285,0.192773285,,ms,G,,,,,,lund16,A,1,0.08564728829685654,0.06380993879234707,0.07482737394313627,65.0,0.016,0.08,0.192773285,0.03,0.02,0.06931865636774168,3.6144578313253013,2.150537634408602
EPIC206453540,1.42,0.08,0.08,1.87,0.05,0.05,6524.0,78.0,78.0,-0.02,0.11,0.11,,,,,4.044,0.011,0.011,,6.053,0.502935082,0.502935082,,ms,F,,,,,,lund16,A,1,0.781970673912552,0.034663970548330925,0.037672610904418424,78.0,0.011,0.11,0.502935082,0.08,0.05,0.036168290726374674,5.633802816901409,2.6737967914438503
HIP_41378,1.22,0.03,0.02,1.3,0.009,0.009,6290.0,77.0,77.0,-0.05,0.1,0.1,,,,,4.298,0.004,0.004,0.0,2.38333,0.12682,0.1192,1.0,ms,F,,,,,,Lund19,A,3,0.3771841796761236,0.02251549488293203,0.022282820471825282,77.0,0.004,0.1,0.12301,0.025,0.009,0.022399157677378656,2.0491803278688523,0.6923076923076922
HD24465_A,1.337,0.008,0.008,1.444,0.004,0.004,6250.0,100.0,100.0,0.3,0.15,0.15,,,,,4.245,0.0036,0.0036,0.0,2.86648,0.18792,0.1798,1.0,ms,F8,18.3,0.04,0.078907104,True,True,MartinDec24,EB,3,0.45734891596245075,0.027576995087140843,0.028132973574768183,100.0,0.0036,0.15,0.18386,0.008,0.004,0.027854984330954513,0.5983545250560958,0.2770083102493075
HD24465_B,0.2302,0.00092,0.00092,0.24235,0.00069,0.00069,3114.0,32.0,32.0,0.3,0.15,0.15,,,,,5.029,0.007,0.007,0.0,0.00498,0.00021,0.0002,1.0,ms,M,18.3,0.04,0.013243169,True,True,MartinDec24,EB,3,-2.3027706572402824,0.01793801508874049,0.01780144614759882,32.0,0.007,0.15,0.000205,0.00092,0.00069,0.017869730618169655,0.3996524761077324,0.28471219310913964
CM_Dra_A,0.22507,0.00024,0.00024,0.25113,0.00016,0.00016,3130.0,70.0,70.0,-0.3,0.12,0.12,,,,,4.994,0.007,0.007,0.0,0.00552,0.0005,0.00046,0.0,ms,M4.5,3.7404,0.0014,0.067139338,True,True,MartinFeb24,EB,3,-2.258060922270801,0.037657413528625394,0.03778856088939975,70.0,0.007,0.12,0.00048,0.00024,0.00016,0.03772298720901257,0.10663349180255033,0.06371202166208736
CM_Dra_B,0.21017,0.00028,0.00028,0.23732,0.00014,0.00014,3120.0,70.0,70.0,-0.3,0.12,0.12,,,,,5.009,0.006,0.006,0.0,0.00486,0.00067,0.00059,0.0,ms,M4.5,3.7404,0.0014,0.06344725,True,True,MartinFeb24,EB,3,-2.3133637307377066,0.05608886204240493,0.056208394237269754,70.0,0.006,0.12,0.00063,0.00028,0.00014,0.05614862813983734,0.13322548413189322,0.05899207820664082
HD22064_A,1.345,0.031,0.031,1.554,0.014,0.014,6763.0,40.0,40.0,-0.1812,0.0058,0.0058,APOGEE2_DR17,-0.05,0.15,0.15,4.184,0.006,0.006,0.0,4.55,0.06,0.06,0.0,ms,F2,22.9,0.7,0.067973941,True,True,Maxted23,EB,3,0.6580113966571124,0.005689528732535698,0.005765055653789153,40.0,0.006,0.0058,0.06,0.031,0.014,0.0057272921931624254,2.304832713754647,0.9009009009009009
HD22064_B,0.576,0.01,0.01,0.595,0.008,0.008,3700.0,315.0,315.0,-0.1812,0.0058,0.0058,APOGEE2_DR17,-0.05,0.15,0.15,4.65,0.01,0.01,0.0,0.0667,0.0019,0.0018,0.0,ms,M,22.9,0.7,0.026026059,True,True,Maxted23,EB,3,-1.175874166083451,0.012198281790202659,0.011881137116179774,315.0,0.01,0.0058,0.00185,0.01,0.008,0.012039709453191216,1.7361111111111112,1.3445378151260505
BEPOP-3_A,1.084,0.026,0.026,1.386,0.01,0.01,6065.0,36.0,36.0,-0.02,0.1,0.1,,,,,4.1895,0.0041,0.0041,0.0,2.345,0.033,0.033,0.0,ms,F9,26.0,0.16,0.053369272,True,True,Maxted25,EB,3,0.3701428470511021,0.006069003231570669,0.006155017302610644,36.0,0.0041,0.1,0.033,0.026,0.01,0.006112010267090656,2.3985239852398523,0.7215007215007215
BEPOP-3_B,0.262,0.004,0.004,0.274,0.002,0.002,3191.0,32.0,32.0,-0.02,0.1,0.1,,,,,4.979,0.0016,0.0016,0.0,0.00705,0.00035,0.00033,0.0,ms,M,26.0,0.16,0.010550635,True,True,Maxted25,EB,3,-2.151810883008601,0.021042602739577365,0.020819843937573523,32.0,0.0016,0.1,0.00034,0.004,0.002,0.020931223338575444,1.5267175572519085,0.7299270072992701
ASAS_J051753-5406.0_A,1.3094,0.0051,0.0051,1.9288,0.003,0.003,6462.0,43.0,43.0,0.0,0.2,0.2,,,,,3.9836,0.0012,0.0012,0.0,5.83,0.15,0.15,0.0,ms,F,49.718,0.09,0.038794803,True,True,Miller22,EB,3,0.7656685547590141,0.01103262922939685,0.011320219047995184,43.0,0.0012,0.2,0.15,0.0051,0.003,0.011176424138696017,0.3894913700931725,0.1555371215263376
ASAS_J051753-5406.0_B,1.0896,0.0034,0.0034,1.1815,0.0037,0.0037,6331.0,43.0,43.0,0.0,0.2,0.2,,,,,4.3297,0.0026,0.0026,0.0,2.02,0.06,0.06,0.0,ms,F,49.718,0.09,0.023764029,True,True,Miller22,EB,3,0.3053513694466238,0.012711965516137791,0.013095298090147756,43.0,0.0026,0.2,0.06,0.0034,0.0037,0.012903631803142773,0.3120411160058737,0.31316123571730853
LL_Aqr_A,1.1947,0.0009,0.0009,1.318,0.0013,0.0013,6242.0,51.0,51.0,0.04,0.05,0.05,,,,,4.2755,0.0009,0.0009,0.0,2.38,0.08,0.08,0.0,ms,F9,40.744,0.007,0.032348321,True,True,Miller26,EB,2,0.37657695705651195,0.01435815004686719,0.01484912103891911,51.0,0.0009,0.05,0.08,0.0009,0.0013,0.01460363554289315,0.07533271951117435,0.09863429438543247
LL_Aqr_B,1.0334,0.0006,0.0006,0.9927,0.0008,0.0008,5839.0,45.0,45.0,0.05,0.08,0.08,,,,,4.4587,0.0008,0.0008,0.0,1.03,0.03,0.03,0.0,ms,G3,40.744,0.007,0.024364324,True,True,Miller26,EB,2,0.012837224705172217,0.012468640559598045,0.012837224705172217,45.0,0.0008,0.08,0.03,0.0006,0.0008,0.01265293263238513,0.058060770272885615,0.08058829455021659
TIC100520485_A,1.218,0.015,0.015,1.639,0.041,0.041,6090.0,127.0,127.0,-0.42,0.05,0.05,,,,,4.08,0.02,0.02,0.0,3.31,0.1,0.1,0.0,ms,,16.45,0.01,0.099635258,True,True,MWang25,EB,3,0.5198279937757188,0.012926385216779024,0.013322961370846653,127.0,0.02,0.05,0.1,0.015,0.041,0.013124673293812839,1.2315270935960592,2.501525320317267
TIC100520485_B,1.015,0.015,0.015,1.14,0.044,0.044,6209.0,144.0,144.0,-0.42,0.05,0.05,,,,,4.33,0.03,0.03,0.0,1.73,0.09,0.08,0.0,ms,,16.45,0.01,0.069300912,True,True,MWang25,EB,3,0.2380461031287954,0.022025284856279387,0.020562158914889134,144.0,0.03,0.05,0.08499999999999999,0.015,0.044,0.02129372188558426,1.4778325123152711,3.8596491228070176
TIC126323537_A,1.145,0.047,0.047,1.666,0.027,0.027,6787.0,133.0,133.0,-0.53,0.05,0.05,,,,,4.05,0.01,0.01,0.0,5.28,0.14,0.13,0.0,ms,,8.34,0.01,0.199760192,True,True,MWang25,EB,3,0.7226339225338123,0.011365364004574552,0.01082669349262122,133.0,0.01,0.05,0.135,0.047,0.027,0.011096028748597886,4.104803493449782,1.6206482593037217
TIC126323537_B,1.141,0.016,0.016,1.481,0.049,0.049,6605.0,189.0,189.0,-0.53,0.05,0.05,,,,,4.15,0.02,0.02,0.0,3.74,0.14,0.14,0.0,ms,,8.34,0.01,0.177577938,True,True,MWang25,EB,3,0.5728716022004802,0.0159601233937271,0.0165691014331929,189.0,0.02,0.05,0.14,0.016,0.049,0.01626461241346,1.4022787028922,3.3085752869682645
TIC189069314_A,1.126,0.069,0.069,1.439,0.047,0.047,6286.0,108.0,108.0,-0.32,0.03,0.03,,,,,4.17,0.01,0.01,0.0,2.9,0.09,0.09,0.0,ms,,14.49,0.01,0.099309869,True,True,MWang25,EB,3,0.4623979978989561,0.013273190425473536,0.013691677993876161,108.0,0.01,0.03,0.09,0.069,0.047,0.013482434209674848,6.127886323268207,3.2661570535093816
TIC189069314_B,0.96,0.054,0.054,1.023,0.035,0.035,5739.0,117.0,117.0,-0.32,0.03,0.03,,,,,4.4,0.03,0.03,0.0,1.01,0.04,0.04,0.0,ms,,14.49,0.01,0.070600414,True,True,MWang25,EB,3,0.004321373782642578,0.016867925287295513,0.01754963951639774,117.0,0.03,0.03,0.04,0.054,0.035,0.017208782401846624,5.625000000000001,3.421309872922777
TIC327361036_A,1.443,0.022,0.022,2.146,0.094,0.094,7553.0,126.0,126.0,0.08,0.04,0.04,,,,,3.93,0.04,0.04,0.0,12.45,0.59,0.56,0.0,ms,,19.1,0.27,0.112356021,True,True,MWang25,EB,3,1.095169351431755,0.020108239964146346,0.019987496813063554,126.0,0.04,0.04,0.575,0.022,0.094,0.02004786838860495,1.5246015246015243,4.3802423112767945
TIC327361036_B,1.272,0.021,0.021,1.19,0.063,0.063,7585.0,191.0,191.0,0.08,0.04,0.04,,,,,4.39,0.05,0.05,0.0,4.23,0.25,0.24,0.0,ms,,19.1,0.27,0.062303665,True,True,MWang25,EB,3,0.6263403673750424,0.024937646623101606,0.02536747168829412,191.0,0.05,0.04,0.245,0.021,0.063,0.025152559155697862,1.650943396226415,5.294117647058823
TIC369605666_A,0.995,0.014,0.014,1.041,0.036,0.036,6116.0,108.0,108.0,-0.05,0.01,0.01,,,,,4.4,0.03,0.03,0.0,1.36,0.05,0.05,0.0,ms,,10.17,0.01,0.102359882,True,True,MWang25,EB,3,0.13353890837021754,0.015680204285162397,0.01626761271445326,108.0,0.03,0.01,0.05,0.014,0.036,0.01597390849980783,1.407035175879397,3.4582132564841497
TIC369605666_B,0.827,0.024,0.024,0.789,0.044,0.044,5486.0,116.0,116.0,-0.05,0.01,0.01,,,,,4.56,0.05,0.05,0.0,0.51,0.04,0.03,0.0,ms,,10.17,0.01,0.077581121,True,True,MWang25,EB,3,-0.2924298239020636,0.03279251339630751,0.02632893872234915,116.0,0.05,0.01,0.035,0.024,0.044,0.02956072605932833,2.902055622732769,5.576679340937895
TIC39022841_A,0.856,0.048,0.048,0.929,0.059,0.059,5914.0,101.0,101.0,-0.19,0.03,0.03,,,,,4.44,0.02,0.02,0.0,0.95,0.06,0.06,0.0,ms,,21.59,0.19,0.04302918,True,True,MWang25,EB,3,-0.022276394711152253,0.026597768493794832,0.02833359864393501,101.0,0.02,0.03,0.06,0.048,0.059,0.02746568356886492,5.607476635514018,6.35091496232508
TIC39022841_B,0.892,0.037,0.037,1.074,0.087,0.087,6071.0,102.0,102.0,-0.19,0.03,0.03,,,,,4.33,0.03,0.03,0.0,1.41,0.12,0.11,0.0,ms,,21.59,0.19,0.049745252,True,True,MWang25,EB,3,0.14921911265537988,0.03547231816221888,0.03527576034854317,102.0,0.03,0.03,0.11499999999999999,0.037,0.087,0.035374039255381025,4.147982062780269,8.100558659217876
TIC431925451_A,1.426,0.079,0.079,1.488,0.09,0.09,6989.0,131.0,131.0,-0.2,0.02,0.02,,,,,4.25,0.05,0.05,0.0,4.74,0.3,0.29,0.0,ms,,14.19,0.01,0.104862579,True,True,MWang25,EB,3,0.6757783416740851,0.026652194771440207,0.02741833069315347,131.0,0.05,0.02,0.295,0.079,0.09,0.02703526273229684,5.539971949509117,6.048387096774194
TIC431925451_B,1.404,0.061,0.061,1.481,0.087,0.087,6614.0,145.0,145.0,-0.2,0.02,0.02,,,,,4.24,0.07,0.07,0.0,3.82,0.24,0.23,0.0,ms,,14.19,0.01,0.104369274,True,True,MWang25,EB,3,0.5820633629117087,0.026462670665485355,0.02696891433338955,145.0,0.07,0.02,0.235,0.061,0.087,0.026715792499437452,4.344729344729345,5.874409182984469
TIC446092483_A,1.342,0.019,0.019,2.194,0.069,0.069,6336.0,120.0,120.0,-0.25,0.01,0.01,,,,,3.88,0.03,0.03,0.0,6.07,0.21,0.21,0.0,ms,,26.92,0.05,0.081500743,True,True,MWang25,EB,3,0.7831886910752576,0.014770952661938619,0.01529107505716687,120.0,0.03,0.01,0.21,0.019,0.069,0.015031013859552744,1.4157973174366616,3.1449407474931634
TIC446092483_B,1.486,0.028,0.028,1.459,0.077,0.077,6096.0,111.0,111.0,-0.25,0.01,0.01,,,,,4.28,0.04,0.04,0.0,2.41,0.14,0.13,0.0,ms,,26.92,0.05,0.054197623,True,True,MWang25,EB,3,0.3820170425748684,0.02452313785908683,0.024082195574414544,111.0,0.04,0.01,0.135,0.028,0.077,0.024302666716750687,1.8842530282637957,5.277587388622344
TIC46299496_A,1.123,0.028,0.028,1.13,0.018,0.018,6056.0,113.0,113.0,-0.56,0.03,0.03,,,,,4.38,0.01,0.01,0.0,1.54,0.04,0.04,0.0,ms,,11.99,0.01,0.094245204,True,True,MWang25,EB,3,0.18752072083646307,0.011136366117959567,0.01142946178078183,113.0,0.01,0.03,0.04,0.028,0.018,0.011282913949370699,2.4933214603739984,1.592920353982301
TIC46299496_B,1.053,0.026,0.026,1.02,0.04,0.04,5926.0,120.0,120.0,-0.56,0.03,0.03,,,,,4.44,0.02,0.02,0.0,1.15,0.05,0.05,0.0,ms,,11.99,0.01,0.085070892,True,True,MWang25,EB,3,0.06069784035361165,0.018483405694013168,0.019305155195386663,120.0,0.02,0.03,0.05,0.026,0.04,0.018894280444699915,2.469135802469136,3.9215686274509802
TIC54759992_A,1.236,0.042,0.042,1.255,0.028,0.028,6733.0,126.0,126.0,-0.53,0.03,0.03,,,,,4.33,0.01,0.01,0.0,2.9,0.09,0.09,0.0,ms,,9.62,0.05,0.13045738,True,True,MWang25,EB,3,0.4623979978989561,0.013273190425473536,0.013691677993876161,126.0,0.01,0.03,0.09,0.042,0.028,0.013482434209674848,3.3980582524271847,2.2310756972111556
TIC54759992_B,1.03,0.011,0.011,0.98,0.035,0.035,5619.0,139.0,139.0,-0.53,0.03,0.03,,,,,4.48,0.03,0.03,0.0,0.86,0.04,0.04,0.0,ms,,9.62,0.05,0.101871102,True,True,MWang25,EB,3,-0.06550154875643228,0.01974405819575717,0.02068459885985105,139.0,0.03,0.03,0.04,0.011,0.035,0.02021432852780411,1.0679611650485434,3.571428571428572
NGTS-EB-8_A,0.25,0.005,0.004,0.255,0.004,0.005,3500.0,100.0,200.0,0.0,0.5,0.5,,,,,5.023,0.02,0.016,0.0,0.00879,0.00108,0.00187,1.0,ms,M,8.43,0.02,0.03024911,True,True,OBrien25,EB,3,-2.0560111249262283,0.05032827759586489,0.10388278061701417,150.0,0.018000000000000002,0.5,0.001475,0.0045000000000000005,0.0045000000000000005,0.07710552910643953,1.8000000000000003,1.7647058823529413
NGTS-EB-8_B,0.208,0.005,0.004,0.233,0.006,0.005,3300.0,100.0,100.0,0.0,0.5,0.5,,,,,5.021,0.02,0.022,0.0,0.0058,0.0008,0.00072,1.0,ms,M,8.43,0.02,0.027639383,True,True,OBrien25,EB,3,-2.2365720064370627,0.05611594197893144,0.057564281279018026,100.0,0.020999999999999998,0.5,0.00076,0.0045000000000000005,0.0055,0.05684011162897473,2.1634615384615388,2.360515021459227
KIC6147573_A,0.98,0.01,0.01,1.007,0.005,0.005,5699.0,100.0,100.0,-0.003,0.031,0.031,LAMOST_DR11,,,,4.422,0.003,0.003,0.0,0.95,0.12,0.1,0.0,ms,G3,46.0,0.2,0.021891304,True,True,Ozdarcan24,EB,3,-0.022276394711152253,0.05166017239636183,0.04830467957455503,100.0,0.003,0.031,0.11,0.01,0.005,0.049982425985458434,1.0204081632653061,0.496524329692155
KIC8543278_A,0.827,0.007,0.007,0.746,0.004,0.004,5270.0,90.0,90.0,-0.166,0.028,0.028,LAMOST_DR11,,,,4.611,0.004,0.004,0.0,0.39,0.05,0.04,0.0,ms,K0,18.64,0.05,0.040021459,True,True,Ozdarcan24,EB,3,-0.4089353929735008,0.052388069459688213,0.04699656267622354,90.0,0.004,0.028,0.045,0.007,0.004,0.04969231606795588,0.8464328899637245,0.5361930294906166
KIC9762519_A,0.92,0.02,0.02,0.916,0.008,0.008,5750.0,90.0,90.0,-0.447,0.028,0.028,LAMOST_DR11,,,,4.48,0.005,0.005,0.0,0.83,0.1,0.09,0.0,ms,G7,18.9,0.1,0.048465608,True,True,Ozdarcan24,EB,3,-0.08092190762392612,0.04940485617786121,0.0498463726450977,90.0,0.005,0.028,0.095,0.02,0.008,0.04962561441147945,2.1739130434782608,0.8733624454148472
KIC11769146_A,1.001,0.007,0.007,0.968,0.002,0.002,5800.0,150.0,150.0,0.0,0.25,0.25,,,,,4.467,0.001,0.001,0.0,0.95,0.09,0.08,0.0,ms,,222.4,0.5,0.004352518,True,True,OzdarcanFeb25,EB,3,-0.022276394711152253,0.03930973400993262,0.03820435267022922,150.0,0.001,0.25,0.08499999999999999,0.007,0.002,0.03875704334008093,0.6993006993006995,0.2066115702479339
KIC11769146_B,0.846,0.006,0.006,0.785,0.002,0.002,5180.0,150.0,150.0,0.0,0.25,0.25,,,,,4.575,0.001,0.001,0.0,0.4,0.05,0.04,0.0,ms,,222.4,0.5,0.003529676,True,True,OzdarcanFeb25,EB,3,-0.3979400086720376,0.05115252244738128,0.045757490560675074,150.0,0.001,0.25,0.045,0.006,0.002,0.048455006504028175,0.7092198581560284,0.25477707006369427
KIC8610483_A,0.92,0.02,0.02,1.461,0.01,0.01,5700.0,150.0,150.0,-0.25,0.25,0.25,,,,,4.07,0.004,0.004,0.0,2.0,0.2,0.2,0.0,ms,,68.7,0.4,0.021266376,True,True,OzdarcanFeb25,EB,3,0.3010299956639812,0.041392685158225084,0.04575749056067513,150.0,0.004,0.25,0.2,0.02,0.01,0.04357508785945011,2.1739130434782608,0.6844626967830253
KIC8610483_B,0.92,0.02,0.02,1.329,0.009,0.009,5751.0,150.0,150.0,-0.25,0.25,0.25,,,,,4.153,0.004,0.004,0.0,1.7,0.2,0.2,0.0,ms,,68.7,0.4,0.019344978,True,True,OzdarcanFeb25,EB,3,0.2304489213782739,0.048304679574555004,0.054357662322592676,150.0,0.004,0.25,0.2,0.02,0.009,0.05133117094857384,2.1739130434782608,0.6772009029345372
KIC8868907_A,1.032,0.005,0.005,1.318,0.002,0.002,5800.0,150.0,150.0,0.0,0.25,0.25,,,,,4.2115,0.0009,0.0009,0.0,1.8,0.2,0.2,0.0,ms,,148.6,0.2,0.008869448,True,True,OzdarcanFeb25,EB,3,0.25527250510330607,0.04575749056067513,0.05115252244738128,150.0,0.0009,0.25,0.2,0.005,0.002,0.0484550065040282,0.4844961240310077,0.15174506828528073
KIC8868907_B,0.75,0.003,0.003,0.731,0.001,0.001,4872.0,150.0,150.0,0.0,0.25,0.25,,,,,4.5851,0.0006,0.0006,0.0,0.27,0.03,0.03,0.0,ms,,148.6,0.2,0.004919246,True,True,OzdarcanFeb25,EB,3,-0.5686362358410126,0.04575749056067513,0.05115252244738133,150.0,0.0006,0.25,0.03,0.003,0.001,0.04845500650402823,0.39999999999999997,0.13679890560875513
KIC9948002_A,1.25,0.03,0.03,1.82,0.01,0.01,6100.0,150.0,150.0,0.0,0.25,0.25,,,,,4.015,0.004,0.004,0.0,4.2,0.4,0.4,0.0,ms,,115.1,0.8,0.015812337,True,True,OzdarcanFeb25,EB,3,0.6232492903979004,0.03950854128367365,0.04346569378109022,150.0,0.004,0.25,0.4,0.03,0.01,0.041487117532381934,2.4,0.5494505494505494
KIC9948002_B,0.75,0.01,0.01,0.707,0.005,0.005,4734.0,150.0,150.0,0.0,0.25,0.25,,,,,4.613,0.004,0.004,0.0,0.22,0.03,0.03,0.0,ms,,115.1,0.8,0.006142485,True,True,OzdarcanFeb25,EB,3,-0.6575773191777937,0.05551732784983132,0.06366907986937731,150.0,0.004,0.25,0.03,0.01,0.005,0.059593203859604316,1.3333333333333333,0.7072135785007072
TIC17303250_A,0.714,0.004,0.004,0.768,0.004,0.004,5135.0,80.0,80.0,-0.04,0.15,0.15,,,,,4.38,0.28,0.28,0.0,0.36947,0.02388,0.02282,1.0,ms,K1,17.46,0.03,0.043986254,True,True,Pan25,EB,3,-0.43242081941637184,0.027199973921521625,0.027687976048837604,80.0,0.28,0.15,0.02335,0.004,0.004,0.027443974985179614,0.5602240896358543,0.5208333333333334
TIC17303250_B,0.696,0.004,0.004,0.752,0.004,0.004,5070.0,135.0,135.0,-0.06,0.15,0.15,,,,,4.46,0.28,0.28,0.0,0.33664,0.03748,0.03463,1.0,ms,K2,17.46,0.03,0.043069874,True,True,Pan25,EB,3,-0.47283428186237375,0.04584520753576027,0.047144394806576395,135.0,0.28,0.15,0.036055000000000004,0.004,0.004,0.04649480117116833,0.574712643678161,0.5319148936170213
TIC196817076_A,0.989,0.001,0.001,0.788,0.005,0.005,5285.0,150.0,150.0,-0.05,0.15,0.15,,,,,4.28,0.27,0.27,0.0,0.43644,0.052,0.0478,1.0,ms,K0,30.15,0.15,0.026135987,True,True,Pan25,EB,3,-0.36007545289766324,0.04888667546768233,0.050377049641281424,150.0,0.27,0.15,0.0499,0.001,0.005,0.049631862554481876,0.10111223458038424,0.6345177664974619
TIC196817076_B,0.818,0.011,0.011,0.762,0.005,0.005,5200.0,155.0,155.0,0.02,0.13,0.13,,,,,4.14,0.39,0.39,0.0,0.38249,0.04795,0.04389,1.0,ms,K1,30.15,0.15,0.025273632,True,True,Pan25,EB,3,-0.4173799147628879,0.05129253748647927,0.05293313146419565,155.0,0.39,0.13,0.04592,0.011,0.005,0.05211283447533746,1.3447432762836184,0.6561679790026247
TIC219488423_A,0.565,0.016,0.016,0.564,0.007,0.007,4870.0,90.0,90.0,-0.55,0.12,0.12,,,,,4.55,0.15,0.15,0.0,0.1612,0.0129,0.01225,1.0,ms,K3,25.95,0.13,0.021734104,True,True,Pan25,EB,3,-0.7926349625309281,0.0334337336482593,0.034324529918009494,90.0,0.15,0.12,0.012575,0.016,0.007,0.0338791317831344,2.8318584070796464,1.24113475177305
TIC219488423_B,0.555,0.016,0.016,0.564,0.006,0.006,4680.0,120.0,120.0,-0.54,0.13,0.13,,,,,4.6,0.18,0.18,0.0,0.13748,0.01494,0.01388,1.0,ms,K4,25.95,0.13,0.021734104,True,True,Pan25,EB,3,-0.8617604765348124,0.044802433825452126,0.04622105271239063,120.0,0.18,0.13,0.01441,0.016,0.006,0.04551174326892138,2.8828828828828827,1.0638297872340425
TIC252991035_A,0.736,0.009,0.009,0.741,0.005,0.005,5540.0,140.0,140.0,-0.21,0.15,0.15,,,,,4.3,0.13,0.13,0.0,0.46598,0.04932,0.04578,1.0,ms,G8,17.54,0.06,0.042246294,True,True,Pan25,EB,3,-0.3316327229581455,0.04369286541922024,0.044911228971920736,140.0,0.13,0.15,0.04755,0.009,0.005,0.04430204719557049,1.2228260869565217,0.6747638326585695
TIC252991035_B,0.724,0.009,0.009,0.688,0.005,0.005,5370.0,130.0,130.0,-0.2,0.14,0.14,,,,,4.44,0.12,0.12,0.0,0.35462,0.03598,0.03351,1.0,ms,G9,17.54,0.06,0.039224629,True,True,Pan25,EB,3,-0.450236774531214,0.0419690134830496,0.04310939490323523,130.0,0.12,0.14,0.034745,0.009,0.005,0.042539204193142416,1.2430939226519335,0.7267441860465117
TIC344753509_A,0.743,0.005,0.005,0.729,0.006,0.006,5520.0,120.0,120.0,-0.11,0.12,0.12,,,,,4.39,0.09,0.09,0.0,0.44454,0.0406,0.03812,1.0,ms,G8,18.49,0.04,0.039426717,True,True,Pan25,EB,3,-0.35208915483394604,0.03795623870161163,0.0389357736561422,120.0,0.09,0.12,0.03936,0.005,0.006,0.03844600617887692,0.6729475100942126,0.823045267489712
TIC344753509_B,0.743,0.005,0.005,0.756,0.005,0.005,5175.0,155.0,155.0,-0.1,0.1,0.1,,,,,4.49,0.12,0.12,0.0,0.3693,0.04653,0.04258,1.0,ms,K2,18.49,0.04,0.040886966,True,True,Pan25,EB,3,-0.43262069234902123,0.05153651059234088,0.05320358724416252,155.0,0.12,0.1,0.044555,0.005,0.005,0.0523700489182517,0.6729475100942126,0.6613756613756614
KIC10003270,1.416,0.20746566,0.103232747,2.362,0.114947814,0.098478424,6594.0,69.0,69.0,-0.181,0.1,0.1,,,,,3.848,0.022135944,0.023086793,,9.847,0.935283685,0.935283685,,ms,F,,,,,,serenelli17,A,1,0.9933039379194745,0.03940681613679853,0.04334258468486396,69.0,0.0226113685,0.1,0.935283685,0.1553492035,0.106713119,0.041374700410831244,10.970988947740114,4.517913590177815
KIC10016239,1.264,0.054037024,0.05964059,1.298,0.024698178,0.025553865,6482.0,51.0,51.0,-0.005,0.1,0.1,,,,,4.312,0.01077033,0.01077033,,2.567,0.21132721,0.21132721,,ms,F,,,,,,serenelli17,A,1,0.40942586867144337,0.034357523604541085,0.03731090317030378,51.0,0.01077033,0.1,0.21132721,0.056838807000000005,0.025126021499999998,0.03583421338742243,4.496741060126583,1.9357489599383664
KIC10019747,1.168,0.050990195,0.055605755,1.7,0.029206164,0.030805844,5769.0,65.0,65.0,0.204,0.1,0.1,,,,,4.044,0.010630146,0.010630146,,2.721,0.231861813,0.231861813,,ms,G,,,,,,serenelli17,A,1,0.4347285417797577,0.035514581698763814,0.03867953420865933,65.0,0.010630146,0.1,0.231861813,0.053297975,0.030006004,0.03709705795371157,4.56318279109589,1.7650590588235293
KIC10024648,1.444,0.087692645,0.137295302,2.0,0.050447993,0.060207973,6409.0,157.0,157.0,-0.006,0.1,0.1,,,,,3.994,0.014317821,0.016155494,,5.875,0.50241565,0.50241565,,ms,F,,,,,,serenelli17,A,1,0.7690078709437739,0.035636852240553685,0.03882462826898936,157.0,0.0152366575,0.1,0.50241565,0.11249397350000001,0.055327983,0.03723074025477152,7.790441378116344,2.76639915
KIC10025841,1.121,0.133195345,0.096648849,1.521,0.094556861,0.085094066,5738.0,187.0,187.0,0.197,0.1,0.1,,,,,4.127,0.036221541,0.039204592,,3.181,0.271735078,0.271735078,,ms,G,,,,,,serenelli17,A,1,0.5025636691073634,0.035599587905117525,0.03878039855673798,187.0,0.0377130665,0.1,0.271735078,0.114922097,0.08982546350000001,0.037189993230927754,10.251748171275647,5.9056846482577265
KIC10070754,1.201,0.055217751,0.056859476,1.284,0.028635642,0.028635642,6550.0,58.0,58.0,-0.21,0.099,0.099,,,,,4.299,0.014866069,0.014866069,,2.492,0.206873468,0.206873468,,ms,F,,,,,,serenelli17,A,1,0.396548037987132,0.034634485903385304,0.03763778516640465,58.0,0.014866069,0.099,0.206873468,0.0560386135,0.028635642,0.036136135534894975,4.665996128226477,2.2301901869158876
KIC10074716,1.217,0.074249579,0.092086915,1.465,0.046518813,0.045617979,6064.0,91.0,91.0,0.11,0.1,0.1,,,,,4.189,0.019313208,0.020248457,,2.686,0.224793258,0.224793258,,ms,F,,,,,,serenelli17,A,1,0.4291060083326965,0.034905352001921686,0.03795791224931283,91.0,0.019780832499999998,0.1,0.224793258,0.083168247,0.046068396,0.03643163212561726,6.833874034511092,3.144600409556314
KIC10079226,1.147,0.047010637,0.046097722,1.158,0.017088007,0.017088007,6078.0,50.0,50.0,0.106,0.099,0.099,,,,,4.37,0.007615773,0.007615773,,1.666,0.139281472,0.139281472,,ms,F,,,,,,serenelli17,A,1,0.22167499707076876,0.03486992784470444,0.03791602092083626,50.0,0.007615773,0.099,0.139281472,0.0465541795,0.017088007,0.03639297438277035,4.058777637314734,1.4756482728842832
KIC10081026,1.354,0.078102497,0.074404301,2.341,0.092282176,0.086284413,6503.0,61.0,61.0,-0.244,0.101,0.101,,,,,3.83,0.02236068,0.02236068,,10.56,0.96611297,0.96611297,,ms,F,,,,,,serenelli17,A,1,1.0236639181977936,0.038018953685335255,0.04166931794497153,61.0,0.02236068,0.101,0.96611297,0.076253399,0.0892832945,0.03984413581515339,5.631713367799113,3.813895536095685
KIC10118942,1.184,0.061717096,0.060959003,2.14,0.060835845,0.059933296,6362.0,61.0,61.0,-0.325,0.072111026,0.072111026,,,,,3.85,0.016492423,0.016492423,,6.26,0.579917862,0.579917862,,ms,F,,,,,,serenelli17,A,1,0.7965743332104297,0.038476553261975965,0.04221971724901796,61.0,0.016492423,0.072111026,0.579917862,0.0613380495,0.0603845705,0.040348135255496964,5.180578505067568,2.8217089018691586
KIC10129349,1.381,0.057801384,0.057008771,1.534,0.041146081,0.039357337,6699.0,56.0,56.0,0.045,0.1,0.1,,,,,4.206,0.017720045,0.017720045,,4.248,0.367732675,0.367732675,,ms,F,,,,,,serenelli17,A,1,0.6281845080734126,0.036056140182089136,0.03932286140366548,56.0,0.017720045,0.1,0.367732675,0.0574050775,0.040251709,0.037689500792877306,4.156776068066618,2.623970599739244
KIC10147635,1.467,0.055470713,0.046872167,2.688,0.044654227,0.041400483,6155.0,66.0,66.0,-0.035,0.1,0.1,,,,,3.746,0.006708204,0.006708204,,9.718,0.857439331,0.857439331,,ms,F,,,,,,serenelli17,A,1,0.9875768947269874,0.03672152340669621,0.04011569115270297,66.0,0.006708204,0.1,0.857439331,0.05117144,0.043027355,0.03841860727969959,3.4881690524880704,1.6007200520833336
KIC10186764,1.305,0.062968246,0.069814039,1.709,0.065192024,0.06239391,6488.0,74.0,74.0,-0.167,0.102,0.102,,,,,4.087,0.023194827,0.025179357,,3.867,0.346675422,0.346675422,,ms,F,,,,,,serenelli17,A,1,0.5873741720730654,0.03728690692959202,0.04079146429502034,74.0,0.024187092,0.102,0.346675422,0.0663911425,0.063792967,0.03903918561230618,5.087443869731802,3.7327657694558223
KIC10214328,1.23,0.085146932,0.063031738,1.765,0.053907328,0.051662365,6923.0,80.0,80.0,-0.584,0.102,0.102,,,,,4.033,0.0234094,0.020615528,,6.189,0.470228183,0.470228183,,ms,F,,,,,,serenelli17,A,1,0.791620482692814,0.03180341385161578,0.03431771445437559,80.0,0.022012464000000002,0.102,0.470228183,0.074089335,0.052784846499999996,0.033060564152995686,6.023523170731708,2.9906428611898015
KIC10215584,1.068,0.06060528,0.06382006,1.139,0.029068884,0.029068884,5995.0,57.0,57.0,-0.015,0.1,0.1,,,,,4.352,0.017088007,0.017088007,,1.78,0.157131504,0.157131504,,ms,G,,,,,,serenelli17,A,1,0.250420002308894,0.036739101901683835,0.04013667273245189,57.0,0.017088007,0.1,0.157131504,0.06221267,0.029068884,0.03843788731706786,5.825156367041198,2.552140825285338
KIC10273246,1.287,0.050990195,0.054451814,2.147,0.029,0.032015621,6342.0,59.0,59.0,-0.262,0.1,0.1,,,,,3.883,0.00781025,0.00781025,,6.403,0.567072116,0.567072116,,ms,F,,,,,,serenelli17,A,1,0.8063835018241675,0.0368537697342195,0.040273585253604804,59.0,0.00781025,0.1,0.567072116,0.0527210045,0.030507810500000003,0.03856367749391215,4.096426146076146,1.4209506520726598
KIC10319352,1.077,0.062201286,0.06060528,1.483,0.02884441,0.036674242,5659.0,63.0,63.0,0.197,0.099,0.099,,,,,4.128,0.017464249,0.016552945,,2.162,0.191534916,0.191534916,,ms,G,,,,,,serenelli17,A,1,0.3348556896172915,0.03686495607340279,0.0402869459043671,63.0,0.017008597,0.099,0.191534916,0.061403283,0.032759326000000005,0.038575950988884944,5.701326183844012,2.2089902899527987
KIC10322381,1.138,0.068796802,0.06463745,1.401,0.066098411,0.059464275,6464.0,63.0,63.0,-0.361,0.1,0.1,,,,,4.199,0.028071338,0.029068884,,2.627,0.213321387,0.213321387,,ms,F,,,,,,serenelli17,A,1,0.4194600727860702,0.0339074111707201,0.03678063050971081,63.0,0.028570111000000002,0.1,0.213321387,0.066717126,0.06278134299999999,0.03534402084021546,5.862664850615115,4.481180799428978
KIC10324098,1.326,0.172754161,0.073817342,2.11,0.081394103,0.06080296,6370.0,68.0,68.0,-0.118,0.101,0.101,,,,,3.912,0.016763055,0.015811388,,6.862,0.611014165,0.611014165,,ms,F,,,,,,serenelli17,A,1,0.8364507137201546,0.037045091736269464,0.040502198946019696,68.0,0.016287221499999997,0.101,0.611014165,0.12328575149999998,0.0710985315,0.03877364534114458,9.297567986425339,3.3695986492891
KIC10351059,1.47,0.072917762,0.072249567,1.819,0.045793013,0.04494441,6530.0,58.0,58.0,0.16,0.1,0.1,,,,,4.085,0.013928388,0.014866069,,5.568,0.459300526,0.459300526,,ms,F,,,,,,serenelli17,A,1,0.7456992266025056,0.03442361967369845,0.037388871115839106,58.0,0.014397228500000001,0.1,0.459300526,0.0725836645,0.0453687115,0.035906245394768777,4.937664251700681,2.494156761957119
KIC10385708,1.227,0.128160056,0.054561891,1.766,0.048846699,0.040706265,6036.0,55.0,55.0,0.121,0.1,0.1,,,,,4.033,0.017888544,0.015264338,,3.7,0.318249775,0.318249775,,ms,F,,,,,,serenelli17,A,1,0.568201724066995,0.03583520499349535,0.03906019647355019,55.0,0.016576441,0.1,0.318249775,0.0913609735,0.044776482,0.03744770073352277,7.445882110839445,2.5354746319365797
KIC10398597,1.47,0.077935871,0.112538882,2.015,0.078447435,0.071784399,6412.0,65.0,65.0,0.112,0.1,0.1,,,,,3.991,0.024186773,0.024186773,,6.768,0.567435483,0.567435483,,ms,F,,,,,,serenelli17,A,1,0.8304603500309671,0.034965551686135576,0.03802911932991171,65.0,0.024186773,0.1,0.567435483,0.0952373765,0.075115917,0.03649733550802364,6.478733095238095,3.727837071960298
KIC10462940,1.239,0.050606324,0.052201533,1.271,0.017492856,0.017492856,6265.0,48.0,48.0,0.112,0.099,0.099,,,,,4.322,0.007211103,0.007211103,,2.189,0.183679028,0.183679028,,ms,F,,,,,,serenelli17,A,1,0.3402457615679317,0.034993230000999076,0.03806186580277915,48.0,0.007211103,0.099,0.183679028,0.0514039285,0.017492856,0.03652754790188911,4.1488239305891845,1.3763065302911095
KIC10491771,1.299,0.055154329,0.05375872,1.511,0.043081318,0.041231056,6601.0,48.0,48.0,-0.101,0.1,0.1,,,,,4.192,0.018973666,0.018973666,,3.72,0.300924684,0.300924684,,ms,F,,,,,,serenelli17,A,1,0.5705429398818975,0.033782998520805574,0.036634272263737166,48.0,0.018973666,0.1,0.300924684,0.054456524500000006,0.042156187,0.03520863539227137,4.192188183217861,2.7899528127068165
KIC10518551,1.25,0.052325902,0.057489129,2.08,0.036619667,0.038275318,6242.0,60.0,60.0,-0.267,0.101,0.101,,,,,3.898,0.008944272,0.009848858,,7.12,0.615406327,0.615406327,,ms,F,,,,,,serenelli17,A,1,0.8524799936368563,0.03600313770675978,0.0392598212689258,60.0,0.009396564999999999,0.101,0.615406327,0.054907515500000004,0.0374474925,0.03763147948784279,4.39260124,1.8003602163461538
KIC10610027,1.329,0.062625873,0.055154329,1.48,0.057567352,0.052810984,6704.0,58.0,58.0,-0.041,0.1,0.1,,,,,4.222,0.025317978,0.026305893,,5.015,0.10287895,0.10287895,,ms,F,,,,,,serenelli17,A,1,0.7002709373564369,0.008819072219593327,0.009001876719403001,58.0,0.0258119355,0.1,0.10287895,0.058890101,0.055189168,0.008910474469498164,4.43115884123401,3.7289978378378374
KIC10655953,1.262,0.048332184,0.050159745,1.267,0.026925824,0.026,6594.0,61.0,61.0,-0.073,0.099,0.099,,,,,4.333,0.012369317,0.013341664,,2.301,0.193171469,0.193171469,,ms,F,,,,,,serenelli17,A,1,0.36191661866864344,0.035009688325002675,0.03808133995990509,61.0,0.0128554905,0.099,0.193171469,0.0492459645,0.026462911999999998,0.03654551414245388,3.90221588748019,2.0886276243093924
KIC10717090,1.22,0.095,0.120880106,1.546,0.0585235,0.059363288,5817.0,74.0,74.0,0.238,0.1,0.1,,,,,4.141,0.02236068,0.024166092,,2.651,0.221827032,0.221827032,,ms,G,,,,,,serenelli17,A,1,0.4234097277330934,0.03489975091834063,0.03795128811385173,74.0,0.023263386,0.1,0.221827032,0.10794005300000001,0.058943393999999996,0.03642551951609618,8.847545327868852,3.8126386804657177
KIC10727922,1.212,0.065855903,0.070007142,1.917,0.075643903,0.072917762,6319.0,66.0,66.0,-0.304,0.1,0.1,,,,,3.954,0.023345235,0.02433105,,4.764,0.413800752,0.413800752,,ms,F,,,,,,serenelli17,A,1,0.67797175281074,0.03617358143569105,0.039462603827316034,66.0,0.0238381425,0.1,0.413800752,0.0679315225,0.0742808325,0.03781809263150354,5.604911097359736,3.8748478090766825
KIC10730618,1.368,0.056727418,0.055226805,1.777,0.024083189,0.024083189,6422.0,54.0,54.0,-0.006,0.1,0.1,,,,,4.074,0.007211103,0.007211103,,4.894,0.397201754,0.397201754,,ms,F,,,,,,serenelli17,A,1,0.6896639650157704,0.03389035651976191,0.03676056212972156,54.0,0.007211103,0.1,0.397201754,0.055977111499999996,0.024083189,0.03532545932474174,4.091894115497075,1.3552723128868882
KIC10731424,1.437,0.08232861,0.076380626,2.55,0.09749359,0.087817994,6432.0,65.0,65.0,-0.129,0.101,0.101,,,,,3.782,0.018248288,0.019235384,,10.5,0.9424602,0.9424602,,ms,F,,,,,,serenelli17,A,1,1.021189299069938,0.03733011143726972,0.04084318386363395,65.0,0.018741836,0.101,0.9424602,0.07935461799999999,0.092655792,0.03908664765045183,5.522242032011134,3.633560470588235
KIC10732098,1.121,0.055946403,0.060373835,1.778,0.051894123,0.050990195,5796.0,67.0,67.0,-0.01,0.1,0.1,,,,,3.987,0.01456022,0.015524175,,3.341,0.28117105,0.28117105,,ms,G,,,,,,serenelli17,A,1,0.5238764756381313,0.03509247953844341,0.03817932632892196,67.0,0.0150421975,0.1,0.28117105,0.058160118999999996,0.051442159,0.036635902933682685,5.188235414808206,2.8932597862767153
KIC10794845,1.142,0.054644304,0.055470713,1.143,0.048052055,0.04414748,6398.0,55.0,55.0,-0.195,0.1,0.1,,,,,4.378,0.029427878,0.032388269,,1.717,0.140750471,0.140750471,,ms,F,,,,,,serenelli17,A,1,0.23477029516091652,0.034217084924371866,0.0371453253515352,55.0,0.0309080735,0.1,0.140750471,0.0550575085,0.0460997675,0.03568120513795353,4.821147854640981,4.033225503062117
KIC10873176,1.109,0.054083269,0.050803543,2.021,0.039357337,0.038470768,6517.0,89.0,89.0,-0.837,0.104,0.104,,,,,3.871,0.012529964,0.012529964,,6.273,0.53509904,0.53509904,,ms,F,,,,,,serenelli17,A,1,0.7974752875373343,0.03555057743176859,0.03872223977526312,89.0,0.012529964,0.104,0.53509904,0.052443406,0.038914052500000004,0.03713640860351586,4.728891433724076,1.9254850321622963
KIC10923629,1.688,0.078771822,0.213459598,2.578,0.043185646,0.099297533,6195.0,87.0,87.0,0.157,0.1,0.1,,,,,3.84,0.009899495,0.02118962,,9.692,0.806334524,0.806334524,,ms,F,,,,,,serenelli17,A,1,0.9864134054654686,0.03470700175619157,0.03772344639878755,87.0,0.0155445575,0.1,0.806334524,0.14611571,0.0712415895,0.03621522407748956,8.656143957345973,2.763444123351435
KIC10963065,1.131,0.044407207,0.044407207,1.242,0.017029386,0.017804494,6316.0,45.0,45.0,-0.146,0.072111026,0.072111026,,,,,4.303,0.006403124,0.007211103,,1.87,0.154763396,0.154763396,,ms,F,,,,,,serenelli17,A,1,0.27184160653649897,0.034532674438813304,0.037517570365246444,45.0,0.0068071135,0.072111026,0.154763396,0.044407207,0.01741694,0.036025122402029874,3.9263666666666666,1.402330112721417
KIC10971974,1.057,0.059539903,0.058668561,1.19,0.033837849,0.032893768,6030.0,58.0,58.0,-0.077,0.102,0.102,,,,,4.311,0.018681542,0.018681542,,1.647,0.136094551,0.136094551,,ms,F,,,,,,serenelli17,A,1,0.21669359916975436,0.034480773668432135,0.03745631170853991,58.0,0.018681542,0.102,0.136094551,0.059104232,0.0333658085,0.035968542688486024,5.591696499526964,2.8038494537815124
KIC10972252,1.338,0.065069194,0.063702433,2.285,0.053600373,0.052009614,6237.0,60.0,60.0,-0.136,0.101,0.101,,,,,3.845,0.012529964,0.012529964,,8.655,0.740800397,0.740800397,,ms,F,,,,,,serenelli17,A,1,0.9372670722114126,0.03566670990413401,0.03886007285856974,60.0,0.012529964,0.101,0.740800397,0.0643858135,0.0528049935,0.037263391381351874,4.8120936846038855,2.310940634573304
KIC10972873,1.177,0.048764741,0.055036352,1.861,0.034058773,0.03748333,5928.0,64.0,64.0,-0.057,0.101,0.101,,,,,3.968,0.00781025,0.008602325,,3.488,0.305307643,0.305307643,,ms,G,,,,,,serenelli17,A,1,0.5425764762605296,0.036441589811429864,0.03978181505530698,64.0,0.0082062875,0.101,0.305307643,0.0519005465,0.0357710515,0.03811170243336842,4.40956214953271,1.9221414024717893
KIC11027406,1.066,0.064621978,0.060926185,1.357,0.029966648,0.029068884,6250.0,94.0,94.0,-0.279,0.099,0.099,,,,,4.2,0.012083046,0.01118034,,2.054,0.177470422,0.177470422,,ms,F,,,,,,serenelli17,A,1,0.31260043926125936,0.035990695407415674,0.03924502507600108,94.0,0.011631693,0.099,0.177470422,0.0627740815,0.029517766,0.03761786024170838,5.888750609756097,2.1752222549742077
KIC11075448,1.326,0.059413803,0.057280014,1.564,0.047434165,0.04554119,6470.0,68.0,68.0,0.029,0.1,0.1,,,,,4.171,0.019646883,0.020615528,,4.039,0.31044264,0.31044264,,ms,F,,,,,,serenelli17,A,1,0.6062738531699883,0.03215975461658582,0.034733024520342215,68.0,0.0201312055,0.1,0.31044264,0.0583469085,0.046487677500000005,0.03344638956846402,4.400219343891402,2.9723578964194375
KIC11083308,1.305,0.082462113,0.076550637,2.084,0.082734515,0.076537572,6234.0,65.0,65.0,-0.042,0.1,0.1,,,,,3.915,0.022561028,0.022561028,,6.828,0.577672496,0.577672496,,ms,F,,,,,,serenelli17,A,1,0.834293512442696,0.035270989717801515,0.03839073838604856,65.0,0.022561028,0.1,0.577672496,0.079506375,0.0796360435,0.03683086405192504,6.092442528735632,3.8213072696737047
KIC11127479,1.162,0.057245087,0.060835845,1.372,0.023706539,0.024596748,5998.0,57.0,57.0,0.2,0.072111026,0.072111026,,,,,4.228,0.01,0.010816654,,2.257,0.193984784,0.193984784,,ms,G,,,,,,serenelli17,A,1,0.35353155907776207,0.03580905603178264,0.03902912790515978,57.0,0.010408327,0.072111026,0.193984784,0.059040466,0.0241516435,0.03741909196847121,5.080935111876076,1.7603238702623905
KIC11138101,1.305,0.062936476,0.062225397,2.332,0.081344945,0.076694198,6218.0,58.0,58.0,-0.219,0.101,0.101,,,,,3.817,0.020396078,0.021377558,,8.626,0.71597627,0.71597627,,ms,F,,,,,,serenelli17,A,1,0.9358094538099329,0.03462930597108127,0.03763166743076496,58.0,0.020886818,0.101,0.71597627,0.0625809365,0.0790195715,0.036130486700923115,4.7954740613026825,3.3884893439108064
KIC11188219,1.153,0.062128898,0.062968246,1.344,0.035468296,0.034539832,6024.0,62.0,62.0,0.089,0.1,0.1,,,,,4.242,0.017464249,0.017464249,,2.057,0.17333814,0.17333814,,ms,F,,,,,,serenelli17,A,1,0.313234291694724,0.03513641942673634,0.03823134733351513,62.0,0.017464249,0.1,0.17333814,0.062548572,0.035004064,0.03668388338012574,5.4248544666088465,2.6044690476190477
KIC11389393,1.403,0.082758685,0.142270868,1.905,0.072111026,0.075471849,6174.0,66.0,66.0,0.14,0.1,0.1,,,,,4.019,0.015297059,0.016278821,,4.74,0.376421965,0.376421965,,ms,F,,,,,,serenelli17,A,1,0.6757783416740851,0.033188013036752895,0.0359355947008142,66.0,0.01578794,0.1,0.376421965,0.1125147765,0.0737914375,0.03456180386878355,8.01958492516037,3.873566272965879
KIC11389437,1.192,0.101921538,0.048826222,1.69,0.047010637,0.035510562,6158.0,53.0,53.0,-0.023,0.099,0.099,,,,,4.059,0.0117047,0.01077033,,3.883,0.311500816,0.311500816,,ms,F,,,,,,serenelli17,A,1,0.5891673905460476,0.03351289267437818,0.03631683531111651,53.0,0.011237515,0.099,0.311500816,0.07537388,0.0412605995,0.03491486399274735,6.323312080536913,2.4414555917159766
KIC11454149,1.141,0.055803226,0.056612719,1.153,0.030083218,0.029154759,6435.0,52.0,52.0,-0.233,0.1,0.1,,,,,4.37,0.016763055,0.017720045,,1.866,0.155988512,0.155988512,,ms,F,,,,,,serenelli17,A,1,0.2709116394104812,0.03486704439188926,0.037912611381924255,52.0,0.01724155,0.1,0.155988512,0.056207972499999995,0.0296189885,0.036389827886906756,4.926202673093777,2.568862836079792
KIC11460626,1.286,0.055865911,0.058796258,2.172,0.069641941,0.06685058,6176.0,62.0,62.0,-0.144,0.099,0.099,,,,,3.872,0.019416488,0.019416488,,6.979,0.623290105,0.623290105,,ms,F,,,,,,serenelli17,A,1,0.8437931983259126,0.03715124002677095,0.04062913261562484,62.0,0.019416488,0.099,0.623290105,0.0573310845,0.0682462605,0.038890186321197895,4.45809366251944,3.1420930248618784
KIC11467550,1.247,0.070292247,0.071589105,1.968,0.069641941,0.067955868,6146.0,58.0,58.0,-0.08,0.1,0.1,,,,,3.945,0.018248288,0.018248288,,5.592,0.484249155,0.484249155,,ms,F,,,,,,serenelli17,A,1,0.7475671627376249,0.03606841094935742,0.03933745842203895,58.0,0.018248288,0.1,0.484249155,0.07094067600000001,0.06879890450000001,0.037702934685698186,5.688907457898957,3.495879293699187
KIC11506988,1.251,0.168077363,0.114284732,1.872,0.01,0.064350602,6438.0,289.0,289.0,-0.23,0.1,0.1,,,,,3.994,0.027892651,0.023086793,,6.784,0.616199473,0.616199473,,ms,F,,,,,,serenelli17,A,1,0.8314858392486574,0.037757587084429445,0.0413555195079659,289.0,0.025489722,0.1,0.616199473,0.1411810475,0.037175301,0.03955655329619767,11.285455435651478,1.9858600961538462
KIC11507653,1.17,0.108503456,0.063007936,1.641,0.049396356,0.049396356,5916.0,74.0,74.0,0.112,0.1,0.1,,,,,4.078,0.024041631,0.022135944,,3.45,0.320121102,0.320121102,,ms,G,,,,,,serenelli17,A,1,0.5378190950732742,0.03853620555311288,0.042291561024532576,74.0,0.0230887875,0.1,0.320121102,0.08575569599999999,0.049396356,0.04041388328882273,7.329546666666666,3.0101374771480804
KIC11611414,1.272,0.078517514,0.107377838,1.706,0.059481089,0.058591808,6279.0,55.0,55.0,-0.074,0.1,0.1,,,,,4.074,0.02184033,0.02184033,,4.404,0.399251916,0.399251916,,ms,F,,,,,,serenelli17,A,1,0.6438473102997142,0.03768805436540945,0.04127210802419634,55.0,0.02184033,0.1,0.399251916,0.092947676,0.059036448500000005,0.039480081194802896,7.307207232704402,3.4605186694021106
KIC11713510,1.08,0.04472136,0.042059482,1.62,0.028284271,0.027586228,5941.0,58.0,58.0,-0.143,0.1,0.1,,,,,4.052,0.006708204,0.006708204,,2.86,0.258193921,0.258193921,,ms,G,,,,,,serenelli17,A,1,0.456366033129043,0.03753708740991829,0.04109110906592656,58.0,0.006708204,0.1,0.258193921,0.043390421,0.027935249500000002,0.039314098237922424,4.017631574074073,1.7243981172839506
KIC11723674,1.4,0.061400326,0.061400326,2.466,0.065306967,0.062609903,6246.0,63.0,63.0,-0.062,0.1,0.1,,,,,3.799,0.01456022,0.015524175,,10.05,0.930950536,0.930950536,,ms,F,,,,,,serenelli17,A,1,1.0021660617565078,0.03847387350074749,0.04221649031996977,63.0,0.0150421975,0.1,0.930950536,0.061400326,0.063958435,0.04034518191035863,4.385737571428572,2.593610502838605
KIC11817562,1.448,0.081541401,0.073409809,2.477,0.10374006,0.093300589,6247.0,58.0,58.0,0.059,0.1,0.1,,,,,3.809,0.02433105,0.02433105,,9.93,0.875129544,0.875129544,,ms,F,,,,,,serenelli17,A,1,0.9969492484953811,0.036680729563962955,0.04006700705864541,58.0,0.02433105,0.1,0.875129544,0.077475605,0.0985203245,0.03837386831130418,5.350525207182321,3.9774051069842558
KIC12069127,1.59,0.062968246,0.062968246,2.295,0.031890437,0.031240999,6476.0,66.0,66.0,0.076,0.1,0.1,,,,,3.916,0.006708204,0.006708204,,9.191,0.784090216,0.784090216,,ms,F,,,,,,serenelli17,A,1,0.9633627661037362,0.03555406608801237,0.0387263791506155,66.0,0.006708204,0.1,0.784090216,0.062968246,0.031565718,0.037140222619313934,3.9602670440251577,1.3754125490196079
KIC12069569,1.363,0.076380626,0.070434367,2.314,0.094847246,0.088549421,6357.0,59.0,59.0,-0.109,0.1,0.1,,,,,3.843,0.024515301,0.025495098,,9.057,0.828832831,0.828832831,,ms,F,,,,,,serenelli17,A,1,0.9569843677427602,0.03802889454343028,0.041681261210504084,59.0,0.0250051995,0.1,0.828832831,0.0734074965,0.0916983335,0.03985507787696718,5.385729750550257,3.962762899740709
KIC12117868,1.11,0.068264193,0.063245553,1.326,0.047434165,0.044598206,6160.0,51.0,51.0,-0.108,0.099,0.099,,,,,4.239,0.021377558,0.02236068,,2.205,0.193501337,0.193501337,,ms,F,,,,,,serenelli17,A,1,0.34340859380385735,0.0365313710875147,0.039888845562704556,51.0,0.021869119,0.099,0.193501337,0.06575487299999999,0.0460161855,0.038210108325109626,5.923862432432431,3.47030056561086
KIC12265063,1.12,0.075432089,0.070837843,1.641,0.057271284,0.055461698,6189.0,60.0,60.0,-0.268,0.101,0.101,,,,,4.056,0.024041631,0.023086793,,3.367,0.30235973,0.30235973,,ms,F,,,,,,serenelli17,A,1,0.5272431163880886,0.03734717402571974,0.040863612386100534,60.0,0.023564212,0.101,0.30235973,0.073134966,0.056366491,0.03910539320591014,6.529907678571428,3.434886715417428
KIC12317678,1.452,0.074202426,0.073006849,1.851,0.034669872,0.034132096,6549.0,48.0,48.0,-0.3,0.204,0.204,,,,,4.066,0.008485281,0.008485281,,5.484,0.499756557,0.499756557,,ms,F,,,,,,serenelli17,A,1,0.7390974461174751,0.037876470272652285,0.04149819991227777,48.0,0.008485281,0.204,0.499756557,0.0736046375,0.034400983999999996,0.039687335092465026,5.06918991046832,1.8585080497028632
KIC12366681,1.516,0.096540147,0.080280757,2.62,0.056035703,0.04596738,6188.0,66.0,66.0,0.15,0.1,0.1,,,,,3.781,0.013416408,0.01,,14.21,1.147154633,1.147154633,,ms,F,,,,,,serenelli17,A,1,1.1525940779274697,0.03371667932677869,0.03655629206089417,66.0,0.011708204,0.1,1.147154633,0.088410452,0.0510015415,0.03513648569383643,5.831824010554089,1.9466237213740456
KIC2010607,1.402,0.08184131,0.069354164,2.41,0.105948101,0.09656604,6361.0,71.0,71.0,-0.07,0.1,0.1,,,,,3.819,0.027166155,0.027166155,,10.71,0.986519043,0.986519043,,ms,F,,,,,,serenelli17,A,1,1.0297894708318556,0.038267161397280924,0.04196770284146012,71.0,0.027166155,0.1,0.986519043,0.075597737,0.1012570705,0.04011743211937052,5.3921353067047075,4.201538195020747
KIC2450729,1.112,0.059169249,0.059169249,1.758,0.063324561,0.060539243,6029.0,59.0,59.0,-0.212,0.1,0.1,,,,,3.994,0.020880613,0.02184033,,3.406,0.295644468,0.295644468,,ms,F,,,,,,serenelli17,A,1,0.5322446436265822,0.03615006009321975,0.03943460933907944,59.0,0.0213604715,0.1,0.295644468,0.059169249,0.061931902,0.037792334716149595,5.320975629496402,3.522861319681456
KIC2849125,1.534,0.196705363,0.080529498,2.534,0.118359621,0.093300589,6158.0,56.0,56.0,0.293,0.101,0.101,,,,,3.82,0.015132746,0.015132746,,7.412,0.337384891,0.337384891,,ms,F,,,,,,serenelli17,A,1,0.86993541064686,0.019331821014769934,0.020232593388252784,56.0,0.015132746,0.101,0.337384891,0.1386174305,0.10583010500000001,0.01978220720151136,9.036338363754888,4.176405090765589
KIC2852862,1.458,0.06105735,0.059539903,2.087,0.032202484,0.03342155,6417.0,58.0,58.0,-0.155,0.1,0.1,,,,,3.962,0.006403124,0.008062258,,6.696,0.554198346,0.554198346,,ms,F,,,,,,serenelli17,A,1,0.8258154449852035,0.034534442881653415,0.03751965794559453,58.0,0.007232690999999999,0.1,0.554198346,0.0602986265,0.032812017,0.03602705041362397,4.135708264746228,1.5722097268806898
KIC2991448,1.113,0.052773099,0.055461698,1.757,0.040804412,0.041617304,5836.0,70.0,70.0,-0.085,0.1,0.1,,,,,3.994,0.007615773,0.007615773,,2.843,0.169788463,0.169788463,,ms,G,,,,,,serenelli17,A,1,0.4537768596904421,0.02519177992285676,0.026743532914147217,70.0,0.007615773,0.1,0.169788463,0.0541173985,0.041210858,0.02596765641850199,4.86229995507637,2.3455240751280595
KIC2998253,1.262,0.059413803,0.062241465,1.425,0.064288413,0.0585235,6333.0,54.0,54.0,0.057,0.1,0.1,,,,,4.23,0.029427878,0.030413813,,3.188,0.263328546,0.263328546,,ms,F,,,,,,serenelli17,A,1,0.5035183127240748,0.03446799079320728,0.03744122648670456,54.0,0.0299208455,0.1,0.263328546,0.060827634000000005,0.0614059565,0.03595460863995592,4.819939302694136,4.309189929824561
KIC3112152,1.251,0.098270036,0.083408633,1.741,0.056302753,0.055470713,6282.0,59.0,59.0,-0.136,0.1,0.1,,,,,4.052,0.01456022,0.016492423,,4.304,0.355182211,0.355182211,,ms,F,,,,,,serenelli17,A,1,0.6338722626583327,0.03443743248283804,0.037405168186803284,59.0,0.015526321499999999,0.1,0.355182211,0.09083933450000001,0.055886732999999994,0.03592130033482066,7.261337689848122,3.2100363584147034
KIC3112889,1.235,0.058,0.063031738,1.986,0.060539243,0.058830264,6433.0,65.0,65.0,-0.358,0.102,0.102,,,,,3.932,0.017464249,0.017464249,,5.684,0.492828564,0.492828564,,ms,F,,,,,,serenelli17,A,1,0.7546540692554321,0.03611147853814478,0.03938869776834031,65.0,0.017464249,0.102,0.492828564,0.060515869,0.0596847535,0.037750088153242545,4.9000703643724695,3.005274597180262
KIC3223000,1.069,0.062481997,0.060959003,1.164,0.024186773,0.024186773,6198.0,47.0,47.0,-0.185,0.1,0.1,,,,,4.335,0.012529964,0.012529964,,2.195,0.187430826,0.187430826,,ms,F,,,,,,serenelli17,A,1,0.34143452457814016,0.035585775152949584,0.03876400606009178,47.0,0.012529964,0.1,0.187430826,0.0617205,0.024186773,0.03717489060652068,5.773666978484565,2.0779014604810997
KIC3241581,1.062,0.072138755,0.072138755,1.084,0.029410882,0.029410882,5770.0,81.0,81.0,0.185,0.1,0.1,,,,,4.393,0.016552945,0.016552945,,1.13,0.099657286,0.099657286,,ms,G,,,,,,serenelli17,A,1,0.05307844348341968,0.03670564394106253,0.040096739125001155,81.0,0.016552945,0.1,0.099657286,0.072138755,0.029410882,0.03840119153303184,6.792726459510358,2.713180996309963
KIC3430893,1.2,0.061911227,0.071554175,1.466,0.048466483,0.047539457,6270.0,60.0,60.0,-0.11,0.1,0.1,,,,,4.184,0.01811077,0.01811077,,3.507,0.286407736,0.286407736,,ms,F,,,,,,serenelli17,A,1,0.5449357658815026,0.03409375965226835,0.037000020479275864,60.0,0.01811077,0.1,0.286407736,0.066732701,0.04800297,0.03554689006577211,5.5610584166666674,3.274418144611187
KIC3438633,1.28,0.080262071,0.058694122,1.965,0.067977938,0.056603887,6432.0,73.0,73.0,-0.184,0.1,0.1,,,,,3.959,0.014142136,0.014142136,,5.59,0.44842168,0.44842168,,ms,F,,,,,,serenelli17,A,1,0.7474118078864233,0.033511629867005954,0.0363153522280929,73.0,0.014142136,0.1,0.44842168,0.0694780965,0.062290912500000004,0.03491349104754943,5.427976289062499,3.170020992366412
KIC3545753,1.258,0.05731492,0.061846584,2.296,0.057775427,0.056859476,6206.0,58.0,58.0,-0.338,0.105,0.105,,,,,3.814,0.014866069,0.015811388,,8.035,0.720810236,0.720810236,,ms,F,,,,,,serenelli17,A,1,0.9049858810993634,0.03731045946771305,0.04081965733838777,58.0,0.015338728499999999,0.105,0.720810236,0.059580752,0.0573174515,0.03906505840305041,4.73614880763116,2.4964046820557493
KIC3633847,1.285,0.142337627,0.071505245,1.858,0.058137767,0.048548944,6122.0,51.0,51.0,0.12,0.1,0.1,,,,,4.013,0.01835756,0.015811388,,5.266,0.475856442,0.475856442,,ms,F,,,,,,serenelli17,A,1,0.7214808547700493,0.037571475287578204,0.04113232559077218,51.0,0.017084474,0.1,0.475856442,0.106921436,0.053343355499999995,0.03935190043917519,8.320734319066148,2.8710094456404733
KIC3633889,1.208,0.057628118,0.06,1.322,0.035510562,0.035510562,6452.0,49.0,49.0,-0.12,0.1,0.1,,,,,4.276,0.012041595,0.012041595,,2.788,0.231897345,0.231897345,,ms,F,,,,,,serenelli17,A,1,0.4452927694259718,0.03469941086304146,0.03771447799720146,49.0,0.012041595,0.1,0.231897345,0.058814059,0.035510562,0.03620694443012146,4.868713493377483,2.6861242057488655
KIC3643774,1.275,0.056586217,0.061846584,1.588,0.023345235,0.025612497,6029.0,104.0,104.0,0.158,0.1,0.1,,,,,4.141,0.008602325,0.008602325,,2.911,0.199115375,0.199115375,,ms,F,,,,,,serenelli17,A,1,0.4640422054388108,0.02873429477659295,0.0307709965681619,104.0,0.008602325,0.1,0.199115375,0.0592164005,0.024478866000000002,0.029752645672377426,4.6444235686274515,1.5414903022670026
KIC3656476,1.075,0.040224371,0.041048752,1.316,0.018439089,0.018439089,5684.0,56.0,56.0,0.233,0.1,0.1,,,,,4.23,0.007211103,0.007211103,,1.626,0.139089863,0.139089863,,ms,G,,,,,,serenelli17,A,1,0.21112054125804933,0.03564627952049615,0.03883581899320532,56.0,0.007211103,0.1,0.139089863,0.0406365615,0.018439089,0.03724104925685073,3.7801452558139537,1.4011465805471124
KIC3657002,1.219,0.064660653,0.089894382,1.516,0.032449961,0.037589892,6006.0,64.0,64.0,0.112,0.1,0.1,,,,,4.161,0.012806248,0.013601471,,2.732,0.226473372,0.226473372,,ms,F,,,,,,serenelli17,A,1,0.436480695009495,0.03458696971541436,0.03758167235246729,64.0,0.0132038595,0.1,0.226473372,0.0772775175,0.0350199265,0.036084321033940825,6.33941899097621,2.310021536939314
KIC3730801,1.24,0.067896981,0.11315918,1.595,0.04494441,0.052773099,5894.0,58.0,58.0,0.164,0.1,0.1,,,,,4.123,0.012649111,0.013601471,,2.844,0.24686741,0.24686741,,ms,G,,,,,,serenelli17,A,1,0.45392959205772865,0.03615078332572541,0.03943547006206055,58.0,0.013125291,0.1,0.24686741,0.0905280805,0.0488587545,0.03779312669389298,7.300651653225806,3.0632447962382443
KIC3761840,1.538,0.065802736,0.069892775,2.814,0.074672619,0.073736016,6236.0,61.0,61.0,0.011,0.1,0.1,,,,,3.725,0.015811388,0.015811388,,12.97,1.132379547,1.132379547,,ms,F,,,,,,serenelli17,A,1,1.1129399760840801,0.03635242287909235,0.03967556491270141,61.0,0.015811388,0.1,1.132379547,0.0678477555,0.0742043175,0.03801399389589688,4.411427535760727,2.6369693496801707
KIC3854781,1.197,0.056727418,0.059816386,1.792,0.035805028,0.03744329,5705.0,102.0,102.0,0.256,0.1,0.1,,,,,4.009,0.01029563,0.01029563,,3.408,0.294317891,0.294317891,,ms,G,,,,,,serenelli17,A,1,0.5324995860946625,0.035974119618805145,0.03922531484214681,102.0,0.01029563,0.1,0.294317891,0.058271902,0.036624159,0.037599717230475976,4.86816223893066,2.0437588727678575
KIC3952307,1.275,0.062289646,0.068410526,2.076,0.048373546,0.047507894,6210.0,118.0,118.0,-0.118,0.1,0.1,,,,,3.908,0.013928388,0.013928388,,6.262,0.486953001,0.486953001,,ms,F,,,,,,serenelli17,A,1,0.7967130632808964,0.032523340489855945,0.03515754028843787,118.0,0.013928388,0.1,0.486953001,0.065350086,0.047940720000000006,0.03384044038914691,5.125496941176471,2.30928323699422
KIC3952580,1.458,0.064202804,0.061846584,2.709,0.046615448,0.047434165,6115.0,101.0,101.0,-0.074,0.1,0.1,,,,,3.736,0.01029563,0.009433981,,11.88,1.056787444,1.056787444,,ms,F,,,,,,serenelli17,A,1,1.0748164406451748,0.03701000195012405,0.040460253048235195,101.0,0.0098648055,0.1,1.056787444,0.063024694,0.0470248065,0.03873512749917962,4.322681344307271,1.7358732558139534
KIC3967859,1.008,0.060539243,0.059682493,1.284,0.034438351,0.03354102,6211.0,78.0,78.0,-0.375,0.1,0.1,,,,,4.224,0.015811388,0.015811388,,1.933,0.172593807,0.172593807,,ms,F,,,,,,serenelli17,A,1,0.286231854028553,0.037142740554585774,0.040618966313857946,78.0,0.015811388,0.1,0.172593807,0.060110868,0.0339896855,0.03888085343422186,5.963379761904762,2.647171767912772
KIC4049576,1.159,0.067416615,0.069115845,1.944,0.091923882,0.086127812,6066.0,84.0,84.0,-0.264,0.101,0.101,,,,,3.923,0.028442925,0.030413813,,4.633,0.331409817,0.331409817,,ms,F,,,,,,serenelli17,A,1,0.6658623002031552,0.03000532554763502,0.032233267870830806,84.0,0.029428369000000003,0.101,0.331409817,0.06826623,0.08902584699999999,0.031119296709232913,5.890097497842968,4.5795188786008225
KIC4247542,1.129,0.091787799,0.071063352,1.581,0.052773099,0.050119856,6440.0,66.0,66.0,-0.44,0.1,0.1,,,,,4.095,0.020248457,0.020248457,,3.696,0.272247043,0.272247043,,ms,F,,,,,,serenelli17,A,1,0.5677319625480691,0.030866738754630307,0.03322954219785024,66.0,0.020248457,0.1,0.272247043,0.0814255755,0.0514464775,0.03204814047624027,7.21218560673162,3.2540466476913346
KIC4346201,1.142,0.05745433,0.054918121,1.902,0.03312099,0.032249031,6147.0,51.0,51.0,-0.337,0.099,0.099,,,,,3.937,0.010630146,0.010630146,,5.527,0.551784266,0.551784266,,ms,F,,,,,,serenelli17,A,1,0.7424894645817751,0.04132726611171522,0.045677547328291435,51.0,0.010630146,0.099,0.551784266,0.0561862255,0.0326850105,0.04350240672000333,4.919984719789842,1.7184548107255522
KIC4450844,1.056,0.046400431,0.047201695,1.548,0.025495098,0.025495098,5968.0,59.0,59.0,-0.136,0.072111026,0.072111026,,,,,4.082,0.007211103,0.007211103,,2.81,0.241286059,0.241286059,,ms,G,,,,,,serenelli17,A,1,0.4487063199050799,0.03577660488630657,0.03899057716557386,59.0,0.007211103,0.072111026,0.241286059,0.046801063000000004,0.025495098,0.037383591025940216,4.43191884469697,1.6469701550387597
KIC4465324,1.079,0.079378838,0.059033889,1.388,0.037336309,0.032695565,5850.0,59.0,59.0,0.037,0.1,0.1,,,,,4.187,0.012083046,0.012083046,,2.207,0.1928978,0.1928978,,ms,G,,,,,,serenelli17,A,1,0.34380233316165504,0.036390414449490205,0.03972082932243837,59.0,0.012083046,0.1,0.1928978,0.06920636349999999,0.035015937,0.038055621885964286,6.4139354494902685,2.5227620317002883
KIC4465529,1.322,0.054561891,0.057982756,1.657,0.030610456,0.030610456,6345.0,49.0,49.0,0.025,0.1,0.1,,,,,4.12,0.01029563,0.01029563,,4.239,0.367701157,0.367701157,,ms,F,,,,,,serenelli17,A,1,0.627263416568221,0.0361266233216504,0.03940671880742963,49.0,0.01029563,0.1,0.367701157,0.0562723235,0.030610456,0.037766671064540014,4.256605408472012,1.8473419432709715
KIC4543171,1.315,0.068410526,0.069656299,1.663,0.043829214,0.043829214,6129.0,59.0,59.0,0.137,0.1,0.1,,,,,4.114,0.013928388,0.014866069,,3.486,0.296648102,0.296648102,,ms,F,,,,,,serenelli17,A,1,0.5423273827739744,0.035468558183559096,0.03862494288875784,59.0,0.014397228500000001,0.1,0.296648102,0.0690334125,0.043829214,0.03704675053615847,5.2496891634980996,2.635551052315093
KIC4571351,1.235,0.074330344,0.099809819,1.585,0.068949257,0.069892775,6000.0,59.0,59.0,0.143,0.101,0.101,,,,,4.125,0.026305893,0.028284271,,2.923,0.255209864,0.255209864,,ms,F,,,,,,serenelli17,A,1,0.4658288153574364,0.03635375585499029,0.03967715291726115,59.0,0.027295082,0.101,0.255209864,0.08707008150000001,0.069421016,0.03801545438612572,7.05020902834008,4.379874826498423
KIC4586099,1.253,0.118595953,0.077833155,1.813,0.051623638,0.040360872,6383.0,58.0,58.0,-0.151,0.1,0.1,,,,,4.021,0.013892444,0.012206556,,5.663,0.482656291,0.482656291,,ms,F,,,,,,serenelli17,A,1,0.7530465616265292,0.03552170612328831,0.03868798605697055,58.0,0.0130495,0.1,0.482656291,0.09821455400000001,0.045992254999999996,0.03710484609012943,7.838352274541103,2.5368039161610585
KIC4638884,1.522,0.050803543,0.046861498,1.928,0.026907248,0.025612497,6662.0,57.0,57.0,0.008,0.099,0.099,,,,,4.05,0.006708204,0.006708204,,6.055,0.488982164,0.488982164,,ms,F,,,,,,serenelli17,A,1,0.782114147479071,0.03372795949120422,0.036569553805882005,57.0,0.006708204,0.099,0.488982164,0.048832520500000004,0.026259872500000003,0.03514875664854311,3.208444185282523,1.3620265819502078
KIC4739932,1.166,0.058591808,0.063071388,1.805,0.047010637,0.047927028,5876.0,111.0,111.0,0.008,0.1,0.1,,,,,3.991,0.016155494,0.016155494,,4.034,0.323248424,0.323248424,,ms,G,,,,,,serenelli17,A,1,0.6057358938767466,0.03347642761437086,0.03627401330422997,111.0,0.016155494,0.1,0.323248424,0.060831598,0.0474688325,0.034875220459300416,5.217118181818182,2.629852216066482
KIC4755204,1.19,0.102459748,0.065863495,1.645,0.043863424,0.039357337,6073.0,70.0,70.0,-0.072,0.1,0.1,,,,,4.084,0.012083046,0.012083046,,2.924,0.263173003,0.263173003,,ms,F,,,,,,serenelli17,A,1,0.4659773682858228,0.03742826977499303,0.04096072999552308,70.0,0.012083046,0.1,0.263173003,0.0841616215,0.0416103805,0.039194499885258055,7.0724051680672275,2.52950641337386
KIC4756112,1.378,0.073,0.071505245,2.619,0.090476516,0.08579627,6182.0,60.0,60.0,-0.209,0.1,0.1,,,,,3.739,0.019416488,0.020396078,,11.38,1.040684239,1.040684239,,ms,F,,,,,,serenelli17,A,1,1.0561422620590524,0.03800325914678626,0.04165046324838273,60.0,0.019906283,0.1,1.040684239,0.0722526225,0.08813639300000001,0.039826861197584495,5.243296262699565,3.365268919434899
KIC4841753,1.314,0.056035703,0.053600373,2.149,0.07940403,0.074632433,5966.0,67.0,67.0,0.127,0.1,0.1,,,,,3.891,0.02236068,0.023345235,,6.304,0.560000153,0.560000153,,ms,G,,,,,,serenelli17,A,1,0.799616204481499,0.03696108003966514,0.04040178481533585,67.0,0.0228529575,0.1,0.560000153,0.054818038,0.0770182315,0.038681432427500495,4.171844596651446,3.5839102605863196
KIC4842436,1.089,0.060440053,0.062008064,1.57,0.056920998,0.054083269,5688.0,63.0,63.0,0.139,0.1,0.1,,,,,4.082,0.023769729,0.023769729,,2.791,0.254711365,0.254711365,,ms,G,,,,,,serenelli17,A,1,0.44575983648863104,0.03792890738096477,0.04156116083776129,63.0,0.023769729,0.1,0.254711365,0.0612240585,0.0555021335,0.03974503410936303,5.622043939393939,3.535167738853503
KIC4947253,1.173,0.055072679,0.056824291,2.006,0.048332184,0.048332184,5953.0,59.0,59.0,-0.196,0.1,0.1,,,,,3.901,0.013,0.013,,5.318,0.474089941,0.474089941,,ms,G,,,,,,serenelli17,A,1,0.7257483329955482,0.03708696407764478,0.040552262364878966,59.0,0.013,0.1,0.474089941,0.055948485,0.048332184,0.03881961322126187,4.769691815856778,2.4093810568295115
KIC5084157,1.102,0.082298238,0.073573093,1.378,0.048301139,0.045650849,5803.0,83.0,83.0,0.125,0.1,0.1,,,,,4.201,0.01118034,0.01118034,,2.351,0.197037741,0.197037741,,ms,G,,,,,,serenelli17,A,1,0.37125262912493934,0.03495322726468941,0.038014539657701185,83.0,0.01118034,0.1,0.197037741,0.0779356655,0.046975994,0.0364838834611953,7.072201950998185,3.4089981132075473
KIC5214711,1.255,0.076485293,0.070724819,1.868,0.073409809,0.06977822,6194.0,54.0,54.0,-0.025,0.1,0.1,,,,,3.993,0.023769729,0.023769729,,5.291,0.438711511,0.438711511,,ms,F,,,,,,serenelli17,A,1,0.7235377615320568,0.03459499440830516,0.03759114793269236,54.0,0.023769729,0.1,0.438711511,0.073605056,0.0715940145,0.03609307117049876,5.86494470119522,3.8326560224839397
KIC5253542,1.077,0.061400326,0.061400326,1.191,0.026400758,0.026400758,5770.0,96.0,96.0,0.203,0.1,0.1,,,,,4.318,0.013,0.013,,1.463,0.123674067,0.123674067,,ms,G,,,,,,serenelli17,A,1,0.16524432612531087,0.03524339745310556,0.03835804808392018,96.0,0.013,0.1,0.123674067,0.061400326,0.026400758,0.03680072276851287,5.701051624883937,2.2166883291351804
KIC5344612,1.298,0.07566373,0.10878419,1.746,0.060827625,0.060827625,6359.0,84.0,84.0,-0.123,0.1,0.1,,,,,4.063,0.020396078,0.020396078,,4.715,0.390669341,0.390669341,,ms,F,,,,,,serenelli17,A,1,0.6734816970733472,0.034570988046452755,0.037562802289611175,84.0,0.020396078,0.1,0.390669341,0.09222396,0.060827625,0.036066895168031965,7.105081664098613,3.483827319587629
KIC5353186,1.362,0.210582525,0.087709749,2.187,0.104709121,0.06726812,6166.0,55.0,55.0,0.073,0.1,0.1,,,,,3.893,0.012649111,0.012649111,,7.67,0.655138126,0.655138126,,ms,F,,,,,,serenelli17,A,1,0.884795363948981,0.035596083858441596,0.038776239967381,55.0,0.012649111,0.1,0.655138126,0.149146137,0.0859886205,0.0371861619129113,10.950524008810572,3.93180706447188
KIC5371516,1.454,0.070092796,0.127945301,2.049,0.035355339,0.058600341,6350.0,81.0,81.0,0.075,0.1,0.1,,,,,3.976,0.01,0.014317821,,5.834,0.497365294,0.497365294,,ms,F,,,,,,serenelli17,A,1,0.7659664247857139,0.03553094648205224,0.03869894853224809,81.0,0.0121589105,0.1,0.497365294,0.09901904850000001,0.04697784,0.037114947507150164,6.810113376891335,2.2927203513909227
KIC5431016,1.336,0.175559107,0.084314886,2.142,0.081394103,0.046227697,6601.0,62.0,62.0,-0.264,0.101,0.101,,,,,3.903,0.019235384,0.012727922,,8.646,0.791074601,0.791074601,,ms,F,,,,,,serenelli17,A,1,0.936815231197633,0.03802215700493761,0.041673166450093446,62.0,0.015981653,0.101,0.791074601,0.1299369965,0.0638109,0.039847661727515526,9.725823091317366,2.9790336134453783
KIC5512589,1.132,0.041146081,0.044777226,1.658,0.024839485,0.025612497,5789.0,56.0,56.0,0.032,0.1,0.1,,,,,4.052,0.00781025,0.00781025,,2.979,0.248201743,0.248201743,,ms,G,,,,,,serenelli17,A,1,0.4740705032150436,0.03475561221459034,0.037780886234584865,56.0,0.00781025,0.1,0.248201743,0.0429616535,0.025225991000000003,0.0362682492245876,3.795199072438163,1.5214711097708085
KIC5516982,1.263,0.045276926,0.044418465,1.472,0.019416488,0.019416488,6444.0,50.0,50.0,-0.065,0.1,0.1,,,,,4.203,0.007211103,0.007211103,,3.568,0.306744936,0.306744936,,ms,F,,,,,,serenelli17,A,1,0.5524248457040855,0.03581827364570367,0.03904007923304886,50.0,0.007211103,0.1,0.306744936,0.0448476955,0.019416488,0.037429176439376266,3.5508864212193196,1.3190548913043478
KIC5530375,1.404,0.064350602,0.061854668,2.753,0.06574192,0.064845971,6210.0,55.0,55.0,-0.226,0.1,0.1,,,,,3.706,0.012369317,0.012369317,,8.503,1.208243273,1.208243273,,ms,F,,,,,,serenelli17,A,1,0.92957217907655,0.057702654542972964,0.06656136590166128,55.0,0.012369317,0.1,1.208243273,0.063102635,0.0652939455,0.062132010222317124,4.494489672364673,2.3717379404286234
KIC5543462,1.033,0.061294372,0.058821765,1.298,0.057974132,0.053160135,6246.0,54.0,54.0,-0.372,0.102,0.102,,,,,4.224,0.029274562,0.030265492,,2.252,0.188741772,0.188741772,,ms,F,,,,,,serenelli17,A,1,0.3525683861793086,0.034953447753331535,0.03801480048571282,54.0,0.029770027,0.102,0.188741772,0.0600580685,0.0555671335,0.03648412411952218,5.813946611810262,4.280981009244992
KIC5636956,1.464,0.072422372,0.127137721,2.055,0.055461698,0.064621978,6369.0,60.0,60.0,0.094,0.1,0.1,,,,,3.975,0.012165525,0.013152946,,7.338,0.637729562,0.637729562,,ms,F,,,,,,serenelli17,A,1,0.8655777074199291,0.036192712241456704,0.03948537526226725,60.0,0.012659235500000001,0.1,0.637729562,0.0997800465,0.060041838,0.03783904375186198,6.815576946721311,2.9217439416058393
KIC5683538,1.22,0.058600341,0.061032778,2.302,0.101651365,0.093962759,6366.0,73.0,73.0,-0.557,0.102,0.102,,,,,3.798,0.02745906,0.029427878,,6.302,0.483941956,0.483941956,,ms,F,,,,,,serenelli17,A,1,0.7994783988379808,0.032131741720644036,0.03470034915568532,73.0,0.028443469,0.102,0.483941956,0.059816559500000005,0.097807062,0.03341604543816468,4.9029966803278695,4.248786359687228
KIC5773155,1.429,0.077833155,0.079208585,1.896,0.052153619,0.052153619,6317.0,55.0,55.0,0.138,0.1,0.1,,,,,4.036,0.013152946,0.013152946,,5.469,0.4588635,0.4588635,,ms,F,,,,,,serenelli17,A,1,0.7379079233746387,0.03499027127961141,0.03805836509437477,55.0,0.013152946,0.1,0.4588635,0.07852086999999999,0.052153619,0.03652431818699309,5.49481245626312,2.7507183016877637
KIC5773345,1.508,0.04482187,0.047201695,2.024,0.018384776,0.019849433,6214.0,61.0,61.0,0.255,0.1,0.1,,,,,4.003,0.006324555,0.006324555,,5.275,0.432457782,0.432457782,,ms,F,,,,,,serenelli17,A,1,0.7222224639697303,0.034220243733103395,0.03714904831848631,61.0,0.006324555,0.1,0.432457782,0.0460117825,0.0191171045,0.03568464602579485,3.0511792108753317,0.944520973320158
KIC5950854,0.956,0.049203658,0.047634021,1.233,0.021400935,0.020615528,5913.0,61.0,61.0,-0.238,0.1,0.1,,,,,4.236,0.008602325,0.008602325,,1.875,0.157345852,0.157345852,,ms,G,,,,,,serenelli17,A,1,0.27300127206373764,0.034996343376018535,0.038065549550929834,61.0,0.008602325,0.1,0.157345852,0.0484188395,0.021008231500000002,0.036530946463474184,5.064732165271966,1.703830616382806
KIC5961597,1.465,0.068593003,0.077620873,1.923,0.04494441,0.04494441,6492.0,53.0,53.0,0.051,0.1,0.1,,,,,4.035,0.012649111,0.013601471,,6.678,0.526709025,0.526709025,,ms,F,,,,,,serenelli17,A,1,0.824646414718352,0.032970031030038816,0.03568014374272532,53.0,0.013125291,0.1,0.526709025,0.07310693800000001,0.04494441,0.03432508738638207,4.990234675767918,2.3372028081123246
KIC6047087,1.096,0.061587336,0.06074537,1.315,0.027730849,0.026832816,6189.0,61.0,61.0,-0.188,0.1,0.1,,,,,4.239,0.011661904,0.011661904,,2.129,0.17638538,0.17638538,,ms,F,,,,,,serenelli17,A,1,0.32817566143832255,0.03456787324074018,0.037559124716150305,61.0,0.011661904,0.1,0.17638538,0.061166353,0.0272818325,0.03606349897844524,5.580871624087591,2.0746640684410647
KIC6049366,1.212,0.06726812,0.065795137,1.822,0.086648716,0.08005623,6220.0,62.0,62.0,-0.143,0.099,0.099,,,,,3.998,0.029427878,0.030413813,,4.637,0.392941598,0.392941598,,ms,F,,,,,,serenelli17,A,1,0.6662370958958044,0.03532584665245331,0.03845574434891941,62.0,0.0299208455,0.099,0.392941598,0.0665316285,0.08335247300000001,0.03689079550068636,5.489408292079207,4.574778979143798
KIC6129877,1.115,0.067675697,0.070178344,1.328,0.038483763,0.038483763,6064.0,72.0,72.0,-0.048,0.1,0.1,,,,,4.238,0.015811388,0.016763055,,2.353,0.200690222,0.200690222,,ms,F,,,,,,serenelli17,A,1,0.3716219271760213,0.035546286410877814,0.03871714847448038,72.0,0.016287221499999997,0.1,0.200690222,0.0689270205,0.038483763,0.037131717442679096,6.181795560538117,2.8978737198795175
KIC6232600,1.132,0.059076222,0.059076222,1.312,0.024698178,0.024698178,6435.0,70.0,70.0,-0.294,0.1,0.1,,,,,4.255,0.01029563,0.01029563,,2.61,0.199951275,0.199951275,,ms,F,,,,,,serenelli17,A,1,0.41664050733828095,0.03205828189701343,0.03461468435481563,70.0,0.01029563,0.1,0.199951275,0.059076222,0.024698178,0.03333648312591453,5.218747526501767,1.8824830792682925
KIC6287060,1.157,0.079881162,0.07823682,1.488,0.047010637,0.045276926,6020.0,53.0,53.0,-0.016,0.1,0.1,,,,,4.155,0.017464249,0.018384776,,3.112,0.27140541,0.27140541,,ms,F,,,,,,serenelli17,A,1,0.4930395883176513,0.036314451083401644,0.039630332732513984,53.0,0.0179245125,0.1,0.27140541,0.079058991,0.0461437815,0.037972391907957814,6.833102074330164,3.1010605846774197
KIC6370489,1.211,0.058137767,0.061522354,2.002,0.03482815,0.03748333,6302.0,80.0,80.0,-0.452,0.1,0.1,,,,,3.918,0.008602325,0.008602325,,5.209,0.448219507,0.448219507,,ms,F,,,,,,serenelli17,A,1,0.7167543574326971,0.03584867278894632,0.03907619966676201,80.0,0.008602325,0.1,0.448219507,0.059830060500000004,0.036155740000000006,0.03746243622785417,4.94055,1.8059810189810195
KIC6520835,1.328,0.058796258,0.057489129,2.144,0.03482815,0.034058773,6146.0,50.0,50.0,0.032,0.1,0.1,,,,,3.898,0.010630146,0.010630146,,7.205,0.572534042,0.572534042,,ms,F,,,,,,serenelli17,A,1,0.8576339851500081,0.03320793552695889,0.03595895556321671,50.0,0.010630146,0.1,0.572534042,0.058142693499999995,0.0344434615,0.0345834455450878,4.378214871987951,1.606504734141791
KIC6529109,1.19,0.052430907,0.056603887,1.828,0.031064449,0.032756679,5806.0,90.0,90.0,0.072,0.099,0.099,,,,,3.989,0.01,0.01,,3.483,0.301768722,0.301768722,,ms,G,,,,,,serenelli17,A,1,0.5419534744582363,0.036085871510476375,0.03935823065487676,90.0,0.01,0.099,0.301768722,0.054517396999999995,0.031910564,0.037722051082676566,4.581293865546218,1.7456544857768055
KIC6530901,1.3,0.050249378,0.053037722,1.559,0.023430749,0.024207437,6374.0,53.0,53.0,0.018,0.1,0.1,,,,,4.165,0.01,0.01,,3.626,0.303046764,0.303046764,,ms,F,,,,,,serenelli17,A,1,0.5594277997594899,0.034859398109656325,0.03790357027435631,53.0,0.01,0.1,0.303046764,0.051643549999999996,0.023819093,0.03638148419200632,3.9725807692307686,1.5278443232841565
KIC6592305,1.362,0.056586217,0.05375872,2.248,0.041048752,0.039408121,6132.0,55.0,55.0,0.06,0.1,0.1,,,,,3.868,0.01029563,0.01029563,,6.92,0.596243014,0.596243014,,ms,F,,,,,,serenelli17,A,1,0.8401060944567578,0.03589471874036532,0.039130922264751566,55.0,0.01029563,0.1,0.596243014,0.0551724685,0.0402284365,0.03751282050255844,4.050842033773862,1.7895211966192166
KIC6593620,0.985,0.0560803,0.054378304,1.581,0.043462628,0.041629317,5791.0,60.0,60.0,-0.26,0.1,0.1,,,,,4.033,0.015231546,0.015231546,,2.585,0.222583045,0.222583045,,ms,G,,,,,,serenelli17,A,1,0.4124605474299613,0.03587206361283052,0.039103996542480035,60.0,0.015231546,0.1,0.222583045,0.055229302,0.0425459725,0.03748803007765528,5.60703573604061,2.691079854522454
KIC6605673,1.135,0.089537702,0.060539243,1.65,0.039,0.032649655,6222.0,60.0,60.0,-0.258,0.1,0.1,,,,,4.058,0.014317821,0.011661904,,3.612,0.307113151,0.307113151,,ms,F,,,,,,serenelli17,A,1,0.5577477416414682,0.03544006078675632,0.038591146714254454,60.0,0.012989862500000001,0.1,0.307113151,0.0750384725,0.0358248275,0.03701560375050539,6.611319162995595,2.171201666666667
KIC6612225,1.186,0.065,0.068117545,1.783,0.049040799,0.049819675,6374.0,54.0,54.0,-0.337,0.1,0.1,,,,,4.009,0.01118034,0.01118034,,5.549,0.478999686,0.478999686,,ms,F,,,,,,serenelli17,A,1,0.7442147248141658,0.03595849620592162,0.039206738583697054,54.0,0.01118034,0.1,0.478999686,0.0665587725,0.049430237,0.03758261739480934,5.612038153456999,2.7723071789119467
KIC6671492,1.413,0.065115282,0.066603303,2.445,0.049648766,0.047010637,6103.0,103.0,103.0,0.067,0.1,0.1,,,,,3.81,0.012529964,0.012529964,,8.403,0.73916899,0.73916899,,ms,F,,,,,,serenelli17,A,1,0.9244343635432307,0.036614881275557565,0.03998844370364607,103.0,0.012529964,0.1,0.73916899,0.0658592925,0.0483297015,0.03830166248960182,4.660954883227176,1.9766749079754604
KIC6689943,1.178,0.064031242,0.074625733,1.479,0.038275318,0.039115214,6011.0,54.0,54.0,-0.002,0.1,0.1,,,,,4.168,0.012083046,0.013,,3.222,0.274607079,0.274607079,,ms,F,,,,,,serenelli17,A,1,0.5081255360831992,0.03552129639489232,0.038687499979706386,54.0,0.012541522999999999,0.1,0.274607079,0.06932848750000001,0.038695266000000006,0.03710439818729935,5.885270585738541,2.6163127789046654
KIC6766513,1.271,0.052345009,0.053740115,2.054,0.033970576,0.033970576,6594.0,77.0,77.0,-0.397,0.102,0.102,,,,,3.916,0.008062258,0.008062258,,6.876,0.643260767,0.643260767,,ms,F,,,,,,serenelli17,A,1,0.8373358680150148,0.03883927834876966,0.042656910870844555,77.0,0.008062258,0.102,0.643260767,0.053042562,0.033970576,0.040748094609807106,4.173293627065303,1.6538741966893868
KIC6837853,1.146,0.075742986,0.077987178,1.376,0.051,0.049244289,5886.0,57.0,57.0,0.154,0.1,0.1,,,,,4.218,0.020615528,0.021587033,,2.122,0.177657336,0.177657336,,ms,G,,,,,,serenelli17,A,1,0.32674537956532185,0.034917748551768324,0.03797257372296681,57.0,0.0211012805,0.1,0.177657336,0.076865082,0.05012214449999999,0.036445161137367565,6.707249738219896,3.6425977107558136
KIC6853020,1.515,0.098081599,0.134525091,2.092,0.070830784,0.070830784,6437.0,56.0,56.0,0.125,0.1,0.1,,,,,3.973,0.018681542,0.019646883,,7.406,0.598470002,0.598470002,,ms,F,,,,,,serenelli17,A,1,0.8695837077134237,0.03374887366033086,0.03659414393907656,56.0,0.0191642125,0.1,0.598470002,0.116303345,0.070830784,0.03517150879970371,7.676788448844885,3.385792734225621
KIC7038145,1.471,0.077103826,0.06670832,2.459,0.075894664,0.062769419,6074.0,58.0,58.0,0.257,0.1,0.1,,,,,3.823,0.016763055,0.015811388,,8.695,0.807294839,0.807294839,,ms,F,,,,,,serenelli17,A,1,0.9392695863387313,0.03855891532477507,0.04231891784166797,58.0,0.016287221499999997,0.1,0.807294839,0.071906073,0.0693320415,0.04043891658322152,4.888244255608429,2.8195218178121184
KIC7133688,1.418,0.081320354,0.096607453,1.932,0.063953108,0.062177166,6400.0,63.0,63.0,0.028,0.1,0.1,,,,,4.015,0.019646883,0.021587033,,6.589,0.596604813,0.596604813,,ms,F,,,,,,serenelli17,A,1,0.8188195075475364,0.03764382106659436,0.041219061021339654,63.0,0.020616957999999998,0.1,0.596604813,0.0889639035,0.063065137,0.03943144104396701,6.273900105782793,3.264241045548654
KIC7174470,1.412,0.221551348,0.122674366,2.266,0.09625487,0.080156098,6119.0,84.0,84.0,0.192,0.1,0.1,,,,,3.882,0.022825424,0.021095023,,6.988,0.592399744,0.592399744,,ms,F,,,,,,serenelli17,A,1,0.8443528963108934,0.03533921196440781,0.038471585082650805,84.0,0.0219602235,0.1,0.592399744,0.172112857,0.088205484,0.03690539852352931,12.189295821529747,3.8925632833186232
KIC7282890,1.596,0.094413982,0.215615398,2.393,0.075073298,0.107703296,6341.0,47.0,47.0,-0.014,0.099,0.099,,,,,3.877,0.013038405,0.015652476,,8.587,0.730976121,0.730976121,,ms,F,,,,,,serenelli17,A,1,0.9338414628987213,0.03548013025670671,0.03863866804572258,47.0,0.014345440499999999,0.099,0.730976121,0.15501469,0.09138829700000001,0.037059399151214645,9.712699874686717,3.818984412870874
KIC7296438,1.159,0.040360872,0.055072679,1.393,0.02,0.023345235,5749.0,56.0,56.0,0.268,0.072111026,0.072111026,,,,,4.213,0.005830952,0.007615773,,2.202,0.188867864,0.188867864,,ms,G,,,,,,serenelli17,A,1,0.34281731463573295,0.035738260007266986,0.03894503301468971,56.0,0.0067233625,0.072111026,0.188867864,0.0477167755,0.021672617499999998,0.03734164651097835,4.117064322691976,1.5558232232591527
KIC7376493,0.997,0.059169249,0.054918121,1.494,0.036891733,0.036055513,5803.0,73.0,73.0,-0.123,0.101,0.101,,,,,4.087,0.01077033,0.01077033,,2.293,0.20247532,0.20247532,,ms,G,,,,,,serenelli17,A,1,0.36040405472993886,0.03674922436468281,0.04014875568514875,73.0,0.01077033,0.101,0.20247532,0.057043685,0.036473623,0.03844899002491578,5.7215330992978926,2.4413402275769744
KIC7383120,1.105,0.081301906,0.075451971,1.393,0.054129474,0.052325902,6048.0,58.0,58.0,-0.112,0.1,0.1,,,,,4.194,0.018248288,0.018248288,,2.549,0.220573735,0.220573735,,ms,F,,,,,,serenelli17,A,1,0.4063698354692675,0.036043096489457804,0.03930734592143398,58.0,0.018248288,0.1,0.220573735,0.07837693849999999,0.053227687999999995,0.03767522120544589,7.092935610859728,3.8210831299353907
KIC7429287,0.937,0.053,0.051312766,1.498,0.036891733,0.036055513,5802.0,60.0,60.0,-0.381,0.1,0.1,,,,,4.058,0.01118034,0.01118034,,2.599,0.234262777,0.234262777,,ms,G,,,,,,serenelli17,A,1,0.4148062795010126,0.03748057645558256,0.0410233919078023,60.0,0.01118034,0.1,0.234262777,0.052156383,0.036473623,0.03925198418169243,5.566316221985058,2.43482129506008
KIC7529180,1.352,0.06726812,0.067941151,1.455,0.032557641,0.032557641,6682.0,58.0,58.0,-0.024,0.1,0.1,,,,,4.243,0.009848858,0.009848858,,3.766,0.297722752,0.297722752,,ms,F,,,,,,serenelli17,A,1,0.575880315680646,0.033043754809826575,0.035766508749651704,58.0,0.009848858,0.1,0.297722752,0.06760463550000001,0.032557641,0.03440513177973914,5.000342862426035,2.2376385567010306
KIC7591963,1.2,0.052009614,0.056859476,1.833,0.04788528,0.04788528,5966.0,61.0,61.0,0.011,0.1,0.1,,,,,3.99,0.015231546,0.015231546,,4.338,0.384319149,0.384319149,,ms,G,,,,,,serenelli17,A,1,0.6372895476781745,0.03686578702680254,0.04028793840200706,61.0,0.015231546,0.1,0.384319149,0.054434545,0.04788528,0.0385768627144048,4.536212083333333,2.6123993453355157
KIC7611858,1.128,0.103469802,0.06780118,1.54,0.062625873,0.058872744,5926.0,58.0,58.0,0.021,0.099,0.099,,,,,4.119,0.026925824,0.028861739,,2.849,0.251522846,0.251522846,,ms,G,,,,,,serenelli17,A,1,0.4546924492394769,0.03674248652579515,0.040140712812135604,58.0,0.0278937815,0.099,0.251522846,0.08563549100000001,0.0607493085,0.038441599668965376,7.591798847517732,3.9447602922077922
KIC7668623,1.389,0.077103826,0.070837843,2.291,0.055217751,0.04669047,6277.0,48.0,48.0,-0.004,0.1,0.1,,,,,3.859,0.012529964,0.010816654,,8.698,0.736795261,0.736795261,,ms,F,,,,,,serenelli17,A,1,0.9394194033293172,0.035313076902137364,0.038440610477322945,48.0,0.011673309,0.1,0.736795261,0.0739708345,0.0509541105,0.036876843689730154,5.325474046076314,2.2240991051942385
KIC7680114,1.096,0.050990195,0.043908997,1.409,0.022803509,0.021260292,5800.0,56.0,56.0,0.058,0.1,0.1,,,,,4.179,0.008062258,0.007211103,,2.222,0.200872573,0.200872573,,ms,G,,,,,,serenelli17,A,1,0.3467440546048488,0.03758651912894284,0.04115035905176234,56.0,0.0076366805,0.1,0.200872573,0.047449596,0.0220319005,0.03936843909035259,4.329342700729926,1.5636551100070972
KIC7700968,0.866,0.087664132,0.076557168,1.148,0.055785303,0.050960769,5982.0,75.0,75.0,-0.517,0.204,0.204,,,,,4.255,0.029614186,0.030594117,,1.73,0.201858942,0.201858942,,ms,G,,,,,,serenelli17,A,1,0.2380461031287954,0.04792930935052289,0.05388265865120059,75.0,0.030104151500000002,0.204,0.201858942,0.08211065000000001,0.053373036,0.05090598400086174,9.481599307159355,4.649219163763067
KIC7739672,1.228,0.120154068,0.07324616,1.733,0.055461698,0.050119856,6069.0,55.0,55.0,0.085,0.099,0.099,,,,,4.054,0.022847319,0.022847319,,4.124,0.348405035,0.348405035,,ms,F,,,,,,serenelli17,A,1,0.6153186566114789,0.03522247111572685,0.038333258353139166,55.0,0.022847319,0.099,0.348405035,0.096700114,0.052790777,0.03677786473443301,7.874602117263843,3.046207559145989
KIC7771282,1.321,0.05481788,0.052497619,1.656,0.024041631,0.024041631,6407.0,74.0,74.0,-0.033,0.1,0.1,,,,,4.12,0.007211103,0.007211103,,4.198,0.356885411,0.356885411,,ms,F,,,,,,serenelli17,A,1,0.6230424342463817,0.035435021487143725,0.03858517091664593,74.0,0.007211103,0.1,0.356885411,0.053657749500000004,0.024041631,0.037010096201894827,4.061903822861469,1.4517893115942029
KIC7800289,1.486,0.076576759,0.075927597,2.858,0.051224994,0.051855569,6422.0,53.0,53.0,-0.362,0.101,0.101,,,,,3.697,0.009219544,0.008485281,,12.69,1.035554847,1.035554847,,ms,F,,,,,,serenelli17,A,1,1.1034616220947047,0.034068287466030744,0.036970019718702174,53.0,0.0088524125,0.101,1.035554847,0.076252178,0.0515402815,0.03551915359236646,5.13137133243607,1.8033688418474458
KIC7833440,1.09,0.057982756,0.057140179,1.654,0.034885527,0.034885527,6327.0,59.0,59.0,-0.467,0.103,0.103,,,,,4.038,0.012083046,0.012083046,,3.976,0.34656281,0.34656281,,ms,F,,,,,,serenelli17,A,1,0.5994463757252757,0.03629493688308416,0.03960709069678425,59.0,0.012083046,0.103,0.34656281,0.057561467500000005,0.034885527,0.03795101378993421,5.280868577981651,2.1091612454655384
KIC7870112,1.151,0.102552426,0.085146932,1.605,0.076006579,0.073498299,5656.0,79.0,79.0,0.351,0.099,0.099,,,,,4.088,0.029427878,0.029427878,,2.854,0.249733138,0.249733138,,ms,G,,,,,,serenelli17,A,1,0.45545396877862815,0.03643040434993822,0.039768483983933844,79.0,0.029427878,0.099,0.249733138,0.09384967899999999,0.074752439,0.03809944416693603,8.153751433536055,4.657472834890966
KIC7880676,1.436,0.125207827,0.137277092,2.054,0.07738863,0.074886581,6269.0,56.0,56.0,0.048,0.099,0.099,,,,,3.96,0.018788294,0.019697716,,6.669,0.584602538,0.584602538,,ms,F,,,,,,serenelli17,A,1,0.824060717418653,0.036493037260760364,0.03984314091421992,56.0,0.019243005,0.099,0.584602538,0.1312424595,0.0761376055,0.03816808908749014,9.139447040389971,3.7067967624148004
KIC7910848,1.274,0.070007142,0.103831594,1.637,0.056462377,0.054626001,6074.0,56.0,56.0,0.11,0.1,0.1,,,,,4.111,0.023086793,0.024041631,,3.745,0.314117072,0.314117072,,ms,F,,,,,,serenelli17,A,1,0.5734518220354853,0.03497975527105057,0.03804592315478428,56.0,0.023564212,0.1,0.314117072,0.086919368,0.055544189,0.036512839212917425,6.822556357927787,3.3930475870494807
KIC8012842,1.107,0.069404611,0.067007462,1.305,0.049040799,0.046238512,5849.0,58.0,58.0,0.152,0.1,0.1,,,,,4.251,0.023769729,0.023769729,,1.931,0.163391808,0.163391808,,ms,G,,,,,,serenelli17,A,1,0.28578227377939475,0.03527565673202537,0.038396268141825396,58.0,0.023769729,0.1,0.163391808,0.06820603650000001,0.0476396555,0.036835962436925385,6.16134024390244,3.6505483141762456
KIC8016496,1.5,0.105550936,0.133809566,2.081,0.109128365,0.100344407,6446.0,73.0,73.0,0.088,0.1,0.1,,,,,3.972,0.028160256,0.029154759,,6.152,0.590682773,0.590682773,,ms,F,,,,,,serenelli17,A,1,0.7890163267933746,0.03981640085354099,0.04383865811348564,73.0,0.0286575075,0.1,0.590682773,0.11968025099999999,0.104736386,0.041827529483513315,7.978683399999999,5.032983469485824
KIC8019508,1.477,0.057801384,0.063513778,2.61,0.040311289,0.041182521,6211.0,55.0,55.0,0.052,0.1,0.1,,,,,3.772,0.009433981,0.009433981,,9.85,0.868727966,0.868727966,,ms,F,,,,,,serenelli17,A,1,0.9934362304976118,0.03670701846682001,0.04009837955148898,55.0,0.009433981,0.1,0.868727966,0.060657581,0.040746905,0.038402699009154495,4.10680981719702,1.5611840996168582
KIC8027956,1.178,0.053413481,0.055803226,1.728,0.049396356,0.047539457,5967.0,70.0,70.0,0.042,0.1,0.1,,,,,4.033,0.016763055,0.016763055,,3.431,0.298165152,0.298165152,,ms,G,,,,,,serenelli17,A,1,0.5354207180561734,0.03619089915175033,0.03948321704385099,70.0,0.016763055,0.1,0.298165152,0.0546083535,0.048467906500000005,0.03783705809780066,4.635683658743633,2.804855700231482
KIC8106950,1.054,0.065192024,0.062681736,1.676,0.090443352,0.082873397,6098.0,63.0,63.0,-0.385,0.101,0.101,,,,,4.011,0.031064449,0.033060551,,3.457,0.313045757,0.313045757,,ms,F,,,,,,serenelli17,A,1,0.5386993795424068,0.03764724172227596,0.04122316283572858,63.0,0.0320625,0.101,0.313045757,0.06393688,0.0866583745,0.03943520227900227,6.066117647058824,5.170547404534606
KIC8114155,1.063,0.05964059,0.058821765,1.538,0.054083269,0.051264022,5761.0,60.0,60.0,0.019,0.1,0.1,,,,,4.089,0.021587033,0.022561028,,2.673,0.237112105,0.237112105,,ms,G,,,,,,serenelli17,A,1,0.42699895875653726,0.036910760691609035,0.040341661537575235,60.0,0.0220740305,0.1,0.237112105,0.059231177499999996,0.052673645500000005,0.038626211114592135,5.572076904985889,3.4248144018205466
KIC8150065,1.22,0.044418465,0.055946403,1.408,0.017492856,0.021931712,6265.0,58.0,58.0,-0.033,0.1,0.1,,,,,4.227,0.007211103,0.008062258,,2.811,0.236825363,0.236825363,,ms,F,,,,,,serenelli17,A,1,0.4488608456074407,0.03512923318273381,0.03822283865963233,58.0,0.0076366805,0.1,0.236825363,0.050182434,0.019712284,0.03667603592118307,4.113314262295082,1.4000201704545456
KIC8174981,1.227,0.055803226,0.055,1.984,0.041677332,0.042544095,6065.0,53.0,53.0,-0.099,0.1,0.1,,,,,3.932,0.012529964,0.012529964,,5.635,0.472254112,0.472254112,,ms,F,,,,,,serenelli17,A,1,0.7508939203821253,0.03495207021197566,0.03801317092182965,53.0,0.012529964,0.1,0.472254112,0.055401613,0.042110713499999994,0.03648262056690266,4.515208883455583,2.12251580141129
KIC8176564,1.174,0.045221676,0.068154237,1.526,0.024083189,0.031622777,6109.0,51.0,51.0,-0.126,0.072111026,0.072111026,,,,,4.14,0.00781025,0.01029563,,2.746,0.232140295,0.232140295,,ms,F,,,,,,serenelli17,A,1,0.4387005329007363,0.035244619853627424,0.03835949624311952,51.0,0.00905294,0.072111026,0.232140295,0.056687956500000004,0.027852982999999998,0.03680205804837347,4.828616396933562,1.825228243774574
KIC8179536,1.289,0.044204072,0.042638011,1.366,0.016401219,0.015620499,6418.0,50.0,50.0,0.031,0.1,0.1,,,,,4.276,0.006708204,0.005830952,,2.624,0.222979865,0.222979865,,ms,F,,,,,,serenelli17,A,1,0.4189638307036227,0.03542056494690976,0.03856802862963277,50.0,0.006269578,0.1,0.222979865,0.0434210415,0.016010859000000002,0.036994296788271264,3.368583514352211,1.1720980234260616
KIC8216936,1.378,0.085632938,0.111503363,1.896,0.089693924,0.084599054,6437.0,50.0,50.0,-0.106,0.1,0.1,,,,,4.017,0.021095023,0.024083189,,9.234,0.780591873,0.780591873,,ms,F,,,,,,serenelli17,A,1,0.9653898702151223,0.03524338487072154,0.038358033177808726,50.0,0.022589106,0.1,0.780591873,0.0985681505,0.087146489,0.03680070902426513,7.152986248185778,4.596333808016878
KIC8241455,1.383,0.060876925,0.061619802,2.429,0.049091751,0.048259714,6262.0,66.0,66.0,-0.094,0.099,0.099,,,,,3.806,0.012083046,0.012083046,,9.402,0.792686091,0.792686091,,ms,F,,,,,,serenelli17,A,1,0.9732202468522337,0.03515361091809188,0.03825170369216324,66.0,0.012083046,0.099,0.792686091,0.0612483635,0.0486757325,0.03670265730512756,4.428659689081706,2.0039412309592426
KIC8249189,1.271,0.070092796,0.088814413,1.64,0.080529498,0.076922038,6432.0,65.0,65.0,-0.187,0.1,0.1,,,,,4.111,0.027073973,0.029068884,,6.48,0.770738566,0.770738566,,ms,F,,,,,,serenelli17,A,1,0.8115750058705934,0.04880724053510099,0.0549950755379357,65.0,0.028071428500000002,0.1,0.770738566,0.0794536045,0.078725768,0.05190115803651835,6.251267073170732,4.800351707317073
KIC8289241,1.214,0.057384667,0.06685058,1.364,0.043081318,0.042154478,6306.0,52.0,52.0,-0.004,0.1,0.1,,,,,4.251,0.019235384,0.019235384,,2.682,0.220423645,0.220423645,,ms,F,,,,,,serenelli17,A,1,0.4284587735155801,0.034302029919546506,0.03724546192971401,52.0,0.019235384,0.1,0.220423645,0.062117623500000003,0.042617898,0.03577374592463026,5.116772940691928,3.124479325513196
KIC8298626,1.206,0.056302753,0.063134776,1.378,0.027730849,0.029546573,6211.0,84.0,84.0,0.038,0.099,0.099,,,,,4.24,0.0117047,0.012649111,,3.33,0.295233576,0.295233576,,ms,F,,,,,,serenelli17,A,1,0.5224442335063199,0.03689176015928297,0.04031896302802079,84.0,0.0121769055,0.099,0.295233576,0.0597187645,0.028638710999999997,0.03860536159365188,4.951804684908789,2.0782809143686505
KIC8321567,1.073,0.058412327,0.057628118,1.586,0.034058773,0.034058773,5744.0,58.0,58.0,0.032,0.101,0.101,,,,,4.067,0.011401754,0.011401754,,2.503,0.230610554,0.230610554,,ms,G,,,,,,serenelli17,A,1,0.39846084960822326,0.03827579292198924,0.041978086057484765,58.0,0.011401754,0.101,0.230610554,0.058020222499999996,0.034058773,0.040126939489737,5.407290074557316,2.1474636191677177
KIC8360349,1.727,0.11472576,0.11472576,2.656,0.066407831,0.068942005,6258.0,49.0,49.0,0.153,0.099,0.099,,,,,3.826,0.01118034,0.012206556,,9.716,0.765419364,0.765419364,,ms,F,,,,,,serenelli17,A,1,0.9874875061330929,0.03293259142053795,0.03563629664607326,49.0,0.011693448,0.099,0.765419364,0.11472576,0.067674918,0.034284444033305606,6.643066589461494,2.5480014307228913
KIC8367710,1.455,0.064443774,0.122772147,2.041,0.033970576,0.055946403,6352.0,66.0,66.0,0.014,0.1,0.1,,,,,3.98,0.008062258,0.0117047,,6.585,0.565773538,0.565773538,,ms,F,,,,,,serenelli17,A,1,0.8185557792978027,0.03579724503668813,0.039015096157960616,66.0,0.009883479,0.1,0.565773538,0.0936079605,0.044958489500000004,0.03740617059732437,6.433536804123712,2.202767736403724
KIC8408931,1.493,0.074652528,0.073878278,2.866,0.053254108,0.053254108,6252.0,120.0,120.0,-0.124,0.101,0.101,,,,,3.697,0.012529964,0.011661904,,11.63,1.025257412,1.025257412,,ms,F,,,,,,serenelli17,A,1,1.0655797147284485,0.03669126854490168,0.04007958350415186,120.0,0.012095934,0.101,1.025257412,0.07426540300000001,0.053254108,0.03838542602452677,4.974239986604153,1.8581335659455687
KIC8414062,1.3,0.072124892,0.080280757,1.726,0.105304321,0.102459748,6578.0,61.0,61.0,-0.251,0.1,0.1,,,,,4.076,0.042107007,0.04110961,,3.12,0.281430927,0.281430927,,ms,F,,,,,,serenelli17,A,1,0.4941545940184428,0.03750706213149285,0.04105512731969796,61.0,0.041608308499999996,0.1,0.281430927,0.07620282449999999,0.1038820345,0.039281094725595406,5.86175573076923,6.0186578505214365
KIC8416311,1.565,0.091438504,0.150479234,2.275,0.076059187,0.087726849,6446.0,60.0,60.0,0.131,0.1,0.1,,,,,3.915,0.015297059,0.015297059,,8.627,0.726635066,0.726635066,,ms,F,,,,,,serenelli17,A,1,0.9358597980378804,0.0351206237764099,0.038212645334535056,60.0,0.015297059,0.1,0.726635066,0.120958869,0.081893018,0.03666663455547248,7.729001214057508,3.5996930989010987
KIC8424992,0.929,0.047423623,0.047423623,1.052,0.019235384,0.019235384,5807.0,57.0,57.0,-0.127,0.101,0.101,,,,,4.362,0.007615773,0.007615773,,1.148,0.099757735,0.099757735,,ms,G,,,,,,serenelli17,A,1,0.05994188806195468,0.03618838272818307,0.03948022164192874,57.0,0.007615773,0.101,0.099757735,0.047423623,0.019235384,0.0378343021850559,5.104803336921421,1.8284585551330799
KIC8493800,1.252,0.057280014,0.063126856,1.482,0.029154759,0.03088689,6241.0,73.0,73.0,0.039,0.1,0.1,,,,,4.193,0.012529964,0.013416408,,2.704,0.227754039,0.227754039,,ms,F,,,,,,serenelli17,A,1,0.43200668726959834,0.03512084487078243,0.038212907099307025,73.0,0.012973186,0.1,0.227754039,0.060203435,0.0300208245,0.03666687598504473,4.80858107028754,2.0256966599190283
KIC8499940,1.163,0.102156742,0.061717096,1.648,0.040706265,0.036359318,6023.0,58.0,58.0,-0.006,0.1,0.1,,,,,4.07,0.014317821,0.012529964,,3.065,0.26643273,0.26643273,,ms,F,,,,,,serenelli17,A,1,0.48643047885443386,0.036200569341119315,0.03949472821962874,58.0,0.0134238925,0.1,0.26643273,0.081936919,0.0385327915,0.03784764878037403,7.045306878761822,2.338154824029126
KIC8579578,1.538,0.090338253,0.159154013,2.218,0.050219518,0.072670489,6308.0,45.0,45.0,0.054,0.1,0.1,,,,,3.932,0.012041595,0.015,,7.653,0.642982127,0.642982127,,ms,F,,,,,,serenelli17,A,1,0.8838317133294524,0.03503609440138311,0.038112588068160425,45.0,0.0135207975,0.1,0.642982127,0.12474613300000001,0.0614450035,0.03657434123477177,8.110931924577374,2.7702887060414785
KIC8656342,1.159,0.112307613,0.073878278,1.621,0.045793013,0.043266615,6074.0,71.0,71.0,-0.05,0.099,0.099,,,,,4.085,0.017492856,0.015811388,,3.33,0.29975692,0.29975692,,ms,F,,,,,,serenelli17,A,1,0.5224442335063199,0.037433308378975405,0.040966765377510095,71.0,0.016652122,0.099,0.29975692,0.0930929455,0.044529814,0.03920003687824275,8.032178213977566,2.7470582356570024
KIC8677016,1.081,0.064007812,0.06226556,1.324,0.032202484,0.031304952,6248.0,75.0,75.0,-0.27,0.101,0.101,,,,,4.227,0.013928388,0.013928388,,3.585,0.402598294,0.402598294,,ms,F,,,,,,serenelli17,A,1,0.5544891600038189,0.04622224151989274,0.051734161409799806,75.0,0.013928388,0.101,0.402598294,0.063136686,0.031753718,0.04897820146484627,5.840581498612396,2.3983170694864047
KIC8696343,1.119,0.06105735,0.06105735,1.183,0.034176015,0.03324154,6178.0,65.0,65.0,-0.056,0.099,0.099,,,,,4.341,0.018681542,0.019646883,,1.909,0.162372778,0.162372778,,ms,F,,,,,,serenelli17,A,1,0.2808059283936668,0.03545233605247189,0.038605703836380484,65.0,0.0191642125,0.099,0.162372778,0.06105735,0.033708777499999995,0.037029019944426186,5.45642091152815,2.849431741335587
KIC8738809,1.332,0.043829214,0.041182521,2.163,0.027018512,0.026248809,6058.0,59.0,59.0,0.074,0.1,0.1,,,,,3.892,0.00781025,0.007071068,,6.269,0.527974582,0.527974582,,ms,F,,,,,,serenelli17,A,1,0.7971982698389589,0.03511737599653186,0.03820880015776984,59.0,0.0074406590000000005,0.1,0.527974582,0.0425058675,0.026633660500000003,0.03666308807715085,3.1911311936936935,1.2313296578825708
KIC8776961,1.065,0.053141321,0.051264022,1.676,0.034,0.034,5777.0,72.0,72.0,-0.126,0.1,0.1,,,,,4.017,0.008944272,0.009848858,,2.977,0.266738426,0.266738426,,ms,G,,,,,,serenelli17,A,1,0.47377883464672477,0.03726699094016628,0.04076762692260738,72.0,0.009396564999999999,0.1,0.266738426,0.0522026715,0.034,0.03901730893138683,4.901659295774648,2.028639618138425
KIC8802782,1.44,0.15559563,0.077233412,2.359,0.116107709,0.10031949,6089.0,68.0,68.0,0.254,0.1,0.1,,,,,3.851,0.023086793,0.024083189,,8.073,0.665018024,0.665018024,,ms,F,,,,,,serenelli17,A,1,0.907034952483417,0.03437798371476852,0.03733503546899708,68.0,0.023584991,0.1,0.665018024,0.116414521,0.10821359950000001,0.0358565095918828,8.084341736111112,4.587265769393811
KIC8915084,1.131,0.10511898,0.074202426,1.501,0.043382024,0.037215588,5817.0,60.0,60.0,0.09,0.1,0.1,,,,,4.141,0.015264338,0.014422205,,2.713,0.229036118,0.229036118,,ms,G,,,,,,serenelli17,A,1,0.4334497937615961,0.03519820629266607,0.03830451705662535,60.0,0.014843271500000001,0.1,0.229036118,0.08966070300000001,0.040298806,0.03675136167464571,7.927559946949602,2.6847972018654236
KIC8938364,1.037,0.048795492,0.049497475,1.376,0.023430749,0.023430749,5965.0,62.0,62.0,-0.18,0.1,0.1,,,,,4.176,0.00781025,0.00781025,,1.866,0.164602039,0.164602039,,ms,G,,,,,,serenelli17,A,1,0.2709116394104812,0.036713178528449686,0.04010573141119905,62.0,0.00781025,0.1,0.164602039,0.049146483500000004,0.023430749,0.03840945496982437,4.739294455159113,1.7028160610465117
KIC8940939,1.095,0.086313383,0.065802736,1.458,0.056356011,0.048548944,6343.0,58.0,58.0,-0.402,0.1,0.1,,,,,4.149,0.014142136,0.014142136,,5.227,0.440074512,0.440074512,,ms,F,,,,,,serenelli17,A,1,0.7182525000977505,0.03510642278508924,0.03819583267477189,58.0,0.014142136,0.1,0.440074512,0.0760580595,0.0524524775,0.036651127729930566,6.945941506849315,3.5975636145404666
KIC8950146,1.237,0.054671748,0.061032778,1.33,0.032202484,0.032202484,6374.0,60.0,60.0,-0.014,0.101,0.101,,,,,4.282,0.014317821,0.014317821,,2.588,0.214813087,0.214813087,,ms,F,,,,,,serenelli17,A,1,0.4129642719966628,0.034629864653694664,0.03763232725268423,60.0,0.014317821,0.101,0.214813087,0.057852263,0.032202484,0.036131095953189446,4.676819967663702,2.421239398496241
KIC8952800,1.293,0.066219333,0.063245553,2.014,0.048600412,0.045453273,6122.0,55.0,55.0,0.03,0.1,0.1,,,,,3.941,0.01077033,0.01077033,,5.939,0.507484631,0.507484631,,ms,F,,,,,,serenelli17,A,1,0.7737133252770216,0.03560962632707154,0.03879231252419446,55.0,0.01077033,0.1,0.507484631,0.064732443,0.0470268425,0.037200969425633,5.006376102088168,2.3349971449851044
KIC8956017,1.497,0.074652528,0.074652528,1.881,0.077162167,0.072449983,6605.0,86.0,86.0,0.128,0.1,0.1,,,,,4.063,0.02433105,0.025317978,,5.943,0.482317729,0.482317729,,ms,F,,,,,,serenelli17,A,1,0.7740057302582095,0.033888877938066386,0.03675882234851624,86.0,0.024824514,0.1,0.482317729,0.074652528,0.074806075,0.03532385014329131,4.9868088176352705,3.97693115364168
KIC9005973,1.122,0.074303432,0.069115845,1.452,0.038483763,0.037576588,6131.0,57.0,57.0,-0.128,0.1,0.1,,,,,4.164,0.014317821,0.015231546,,2.539,0.214719269,0.214719269,,ms,F,,,,,,serenelli17,A,1,0.40466270087372225,0.035256962665694,0.03837411908269084,57.0,0.0147746835,0.1,0.214719269,0.0717096385,0.0380301755,0.03681554087419242,6.391233377896613,2.619158092286501
KIC9049593,1.157,0.089202018,0.097621719,1.414,0.052801515,0.052009614,5788.0,59.0,59.0,0.202,0.1,0.1,,,,,4.197,0.019313208,0.019313208,,2.614,0.217129481,0.217129481,,ms,G,,,,,,serenelli17,A,1,0.4173055832445255,0.03465414892449603,0.03766100953738749,59.0,0.019313208,0.1,0.217129481,0.0934118685,0.0524055645,0.03615757923094176,8.073627355229041,3.7061926803394627
KIC9073645,1.373,0.077794601,0.070292247,2.342,0.087664132,0.079649231,6438.0,64.0,64.0,-0.152,0.1,0.1,,,,,3.836,0.021377558,0.021377558,,8.356,0.740955344,0.740955344,,ms,F,,,,,,serenelli17,A,1,0.921998431308271,0.036897631501655925,0.040325976847303546,64.0,0.021377558,0.1,0.740955344,0.074043424,0.0836566815,0.038611804174479736,5.392820393299345,3.5720188514090516
KIC9093289,1.237,0.055865911,0.068242216,1.448,0.032695565,0.033615473,6285.0,57.0,57.0,-0.011,0.1,0.1,,,,,4.207,0.014317821,0.015231546,,3.143,0.279932795,0.279932795,,ms,F,,,,,,serenelli17,A,1,0.49734438101758,0.03705399137557691,0.040512838648058935,57.0,0.0147746835,0.1,0.279932795,0.06205406349999999,0.033155519,0.03878341501181792,5.016496645109134,2.289745787292818
KIC9116461,1.208,0.051107729,0.053712196,1.251,0.029546573,0.029546573,6470.0,47.0,47.0,-0.116,0.1,0.1,,,,,4.324,0.012041595,0.013038405,,2.402,0.193508831,0.193508831,,ms,F,,,,,,serenelli17,A,1,0.3805730030668873,0.0336495078008589,0.036477336063936494,47.0,0.012539999999999999,0.1,0.193508831,0.0524099625,0.029546573,0.0350634219323977,4.338573054635761,2.3618363709032777
KIC9138680,1.416,0.055443665,0.055443665,2.477,0.053712196,0.052801515,5990.0,60.0,60.0,0.129,0.099,0.099,,,,,3.8,0.012649111,0.012649111,,7.756,0.670259577,0.670259577,,ms,G,,,,,,serenelli17,A,1,0.8896378004066677,0.035997033344795315,0.03925256193866755,60.0,0.012649111,0.099,0.670259577,0.055443665,0.0532568555,0.03762479764173143,3.915513064971752,2.1500547234557934
KIC9143749,1.151,0.057428216,0.062433965,1.708,0.046518813,0.045617979,6075.0,76.0,76.0,-0.122,0.101,0.101,,,,,4.033,0.014866069,0.014866069,,3.896,0.337951413,0.337951413,,ms,F,,,,,,serenelli17,A,1,0.5906189482065779,0.03612692172927978,0.03940707390164,76.0,0.014866069,0.101,0.337951413,0.0599310905,0.046068396,0.03776699781545989,5.206871459600348,2.697212880562061
KIC9163769,1.315,0.061619802,0.058694122,1.537,0.038013156,0.037121422,6438.0,100.0,100.0,0.049,0.1,0.1,,,,,4.183,0.016763055,0.016763055,,3.949,0.322075477,0.322075477,,ms,F,,,,,,serenelli17,A,1,0.5964871337365442,0.034050112463161475,0.036948615814141106,100.0,0.016763055,0.1,0.322075477,0.060156962,0.037567289000000004,0.03549936413865129,4.57467391634981,2.444195770982434
KIC9202077,1.444,0.091416629,0.167764716,1.981,0.055226805,0.070491134,6119.0,70.0,70.0,0.148,0.1,0.1,,,,,3.999,0.015,0.017492856,,5.599,0.476347427,0.476347427,,ms,F,,,,,,serenelli17,A,1,0.7481104674949838,0.03546065120574993,0.03861556520941145,70.0,0.016246428,0.1,0.476347427,0.1295906725,0.0628589695,0.03703810820758069,8.9744233033241,3.1730928571428567
KIC9204313,1.018,0.061854668,0.058600341,1.508,0.033837849,0.033015148,5853.0,57.0,57.0,-0.158,0.1,0.1,,,,,4.088,0.012206556,0.012206556,,2.117,0.182898403,0.182898403,,ms,G,,,,,,serenelli17,A,1,0.325720858019412,0.03598779365425869,0.039241574488777575,57.0,0.012206556,0.1,0.182898403,0.0602275045,0.0334264985,0.037614684071518134,5.916257809430255,2.2166113063660475
KIC9225600,1.425,0.072917762,0.077794601,1.84,0.044102154,0.044102154,6262.0,56.0,56.0,0.219,0.1,0.1,,,,,4.061,0.012369317,0.012369317,,4.758,0.411033864,0.411033864,,ms,F,,,,,,serenelli17,A,1,0.6774244377012474,0.0359849396783144,0.039238180764521347,56.0,0.012369317,0.1,0.411033864,0.07535618150000001,0.044102154,0.03761156022141787,5.288153087719299,2.3968561956521737
KIC9266926,0.956,0.053535035,0.052697249,1.47,0.03671512,0.035846897,5971.0,63.0,63.0,-0.387,0.099,0.099,,,,,4.083,0.012083046,0.012083046,,2.318,0.198602337,0.198602337,,ms,G,,,,,,serenelli17,A,1,0.3651134316275772,0.035701163940360436,0.038900980512153516,63.0,0.012083046,0.099,0.198602337,0.053116142000000005,0.0362810085,0.037301072226256976,5.55608179916318,2.468095816326531
KIC9287845,1.589,0.090603532,0.147627911,2.313,0.093920179,0.092973114,6488.0,62.0,62.0,0.131,0.1,0.1,,,,,3.905,0.022203603,0.023194827,,8.928,0.762176079,0.762176079,,ms,F,,,,,,serenelli17,A,1,0.9507541815935036,0.03557748704067876,0.03875417056230923,62.0,0.022699215000000002,0.1,0.762176079,0.1191157215,0.09344664650000001,0.037165828801493994,7.496269446192573,4.040062537829658
KIC9289275,1.349,0.06726812,0.065299311,1.767,0.026870058,0.026870058,6227.0,48.0,48.0,0.092,0.1,0.1,,,,,4.073,0.008485281,0.009219544,,4.012,0.34263304,0.34263304,,ms,F,,,,,,serenelli17,A,1,0.6033609243483805,0.03559063903254578,0.03876977821416272,48.0,0.0088524125,0.1,0.34263304,0.0662837155,0.026870058,0.03718020862335425,4.913544514455152,1.5206597623089981
KIC9292130,1.347,0.060876925,0.0595483,2.176,0.052697249,0.050219518,6176.0,52.0,52.0,0.049,0.1,0.1,,,,,3.891,0.0117047,0.0117047,,6.423,0.541940302,0.541940302,,ms,F,,,,,,serenelli17,A,1,0.8077379220141008,0.03517947633050589,0.03828233411344195,52.0,0.0117047,0.1,0.541940302,0.0602126125,0.051458383499999996,0.03673090522197392,4.470127134372681,2.3648154181985293
KIC9328372,1.464,0.070604532,0.069028979,1.781,0.070519501,0.065787537,6572.0,80.0,80.0,0.16,0.1,0.1,,,,,4.101,0.02433105,0.025317978,,6.039,0.521100979,0.521100979,,ms,F,,,,,,serenelli17,A,1,0.7809650296083169,0.03594549487175813,0.039191281095407815,80.0,0.024824514,0.1,0.521100979,0.0698167555,0.068153519,0.037568387983582974,4.76890406420765,3.8266995508141495
KIC9390670,1.37,0.071505245,0.069526973,1.711,0.06946222,0.064884513,6246.0,50.0,50.0,0.195,0.1,0.1,,,,,4.107,0.024186773,0.025179357,,4.782,0.397738991,0.397738991,,ms,F,,,,,,serenelli17,A,1,0.679609571779756,0.034698304254207946,0.03771317060221713,50.0,0.024683065,0.1,0.397738991,0.070516109,0.0671733665,0.03620573742821254,5.147161240875912,3.925971157218001
KIC9394953,1.205,0.059033889,0.05375872,1.746,0.039357337,0.034985711,6018.0,65.0,65.0,0.076,0.1,0.1,,,,,4.034,0.014422205,0.013601471,,3.682,0.317461914,0.317461914,,ms,F,,,,,,serenelli17,A,1,0.5660837841679959,0.03591778128496281,0.03915833536170854,65.0,0.014011838,0.1,0.317461914,0.0563963045,0.037171524,0.03753805832333568,4.680191244813278,2.128953264604811
KIC9414417,1.399,0.073736016,0.075239617,1.917,0.036687873,0.038910153,6278.0,52.0,52.0,-0.049,0.072111026,0.072111026,,,,,4.018,0.009433981,0.01,,5.158,0.428564138,0.428564138,,ms,F,,,,,,serenelli17,A,1,0.7124813378019187,0.03466345135929305,0.03767199762056661,52.0,0.0097169905,0.072111026,0.428564138,0.0744878165,0.037799013000000006,0.03616772448992983,5.324361436740529,1.9717794992175277
KIC9446628,1.213,0.0718401,0.075742986,1.893,0.091923882,0.086406018,6298.0,59.0,59.0,-0.268,0.101,0.101,,,,,3.965,0.029274562,0.030265492,,5.317,0.439688713,0.439688713,,ms,F,,,,,,serenelli17,A,1,0.7256666603141786,0.03450608575004721,0.03748618565102302,59.0,0.029770027,0.101,0.439688713,0.073791543,0.08916494999999999,0.035996135700535115,6.083391838417147,4.710245641838352
KIC9451741,1.124,0.078517514,0.079208585,1.291,0.054644304,0.052201533,5835.0,68.0,68.0,0.206,0.1,0.1,,,,,4.266,0.019104973,0.020099751,,1.99,0.166780593,0.166780593,,ms,G,,,,,,serenelli17,A,1,0.29885307640970665,0.034952890623315025,0.03801414142686044,68.0,0.019602361999999998,0.1,0.166780593,0.0788630495,0.0534229185,0.03648351602508773,7.016285542704626,4.138103679318358
KIC9455860,1.385,0.072249567,0.065115282,1.678,0.051078371,0.048332184,6716.0,59.0,59.0,-0.051,0.1,0.1,,,,,4.129,0.018973666,0.019924859,,5.166,0.422130072,0.422130072,,ms,F,,,,,,serenelli17,A,1,0.7131544018372984,0.034112104569485546,0.037021629222720676,59.0,0.0194492625,0.1,0.422130072,0.0686824245,0.0497052775,0.03556686689610311,4.959019819494585,2.9621738676996423
KIC9457728,1.194,0.063411355,0.065946948,1.822,0.035383612,0.036124784,6390.0,49.0,49.0,-0.161,0.072111026,0.072111026,,,,,3.993,0.010630146,0.010630146,,5.208,0.437591644,0.437591644,,ms,F,,,,,,serenelli17,A,1,0.7166709755601356,0.035038486070246844,0.038115418497668196,49.0,0.010630146,0.072111026,0.437591644,0.0646791515,0.035754198,0.03657695228395752,5.417014363484088,1.9623599341383096
KIC9458636,1.204,0.116811814,0.060827625,1.735,0.06306346,0.056938563,6220.0,56.0,56.0,-0.059,0.1,0.1,,,,,4.043,0.016278821,0.018248288,,4.007,0.342379248,0.342379248,,ms,F,,,,,,serenelli17,A,1,0.6028193424326997,0.03560793557815256,0.03879030583917498,56.0,0.0172635545,0.1,0.342379248,0.0888197195,0.0600010115,0.03719912070866377,7.377053114617941,3.458271556195965
KIC9468847,1.17,0.057982756,0.057982756,1.796,0.052801515,0.051894123,6064.0,52.0,52.0,-0.109,0.1,0.1,,,,,3.998,0.017088007,0.017088007,,4.292,0.374219825,0.374219825,,ms,F,,,,,,serenelli17,A,1,0.6326597132939135,0.036305481201473144,0.03961964903253923,52.0,0.017088007,0.1,0.374219825,0.057982756,0.052347819000000004,0.037962565117006186,4.955791111111112,2.9146892538975506
KIC9512063,1.158,0.049929951,0.050774009,2.053,0.036069378,0.03748333,5977.0,58.0,58.0,-0.332,0.102,0.102,,,,,3.876,0.006708204,0.006708204,,4.637,0.403547098,0.403547098,,ms,G,,,,,,serenelli17,A,1,0.6662370958958044,0.036240581174209474,0.03954236337317607,58.0,0.006708204,0.102,0.403547098,0.050351980000000005,0.036776354,0.03789147227369277,4.348184801381693,1.7913470043838284
KIC9542776,1.385,0.084864598,0.080659779,2.475,0.153388396,0.13689412,6343.0,87.0,87.0,-0.157,0.101,0.101,,,,,3.791,0.035510562,0.03748333,,11.52,1.024578719,1.024578719,,ms,F,,,,,,serenelli17,A,1,1.0614524790871933,0.03700360202092967,0.04045260345399382,87.0,0.036496946,0.101,1.024578719,0.0827621885,0.145141258,0.038728102737461745,5.9756092779783385,5.864293252525251
KIC9579208,1.204,0.063513778,0.051662365,1.781,0.034132096,0.027658633,6422.0,56.0,56.0,-0.17,0.072111026,0.072111026,,,,,4.017,0.01118034,0.008602325,,4.92,0.408637299,0.408637299,,ms,F,,,,,,serenelli17,A,1,0.6919651027673603,0.034651057630497695,0.03765735819887517,56.0,0.009891332499999999,0.072111026,0.408637299,0.057588071500000004,0.0308953645,0.03615420791468643,4.7830624169435225,1.734720072992701
KIC9641837,1.304,0.058728187,0.056727418,2.193,0.046400431,0.04482187,6270.0,51.0,51.0,-0.161,0.1,0.1,,,,,3.871,0.01118034,0.01118034,,6.06,0.546385001,0.546385001,,ms,F,,,,,,serenelli17,A,1,0.7824726241662862,0.03749125535224207,0.041036186960802024,51.0,0.01118034,0.1,0.546385001,0.0577278025,0.0456111505,0.03926372115652205,4.426978719325153,2.0798518239854085
KIC9664694,1.252,0.052430907,0.05745433,2.293,0.057706152,0.059481089,6080.0,55.0,55.0,-0.272,0.1,0.1,,,,,3.813,0.012165525,0.012165525,,8.512,0.725162236,0.725162236,,ms,F,,,,,,serenelli17,A,1,0.930031614950973,0.035506956427741154,0.03867048853189514,55.0,0.012165525,0.1,0.725162236,0.0549426185,0.0585936205,0.03708872247981815,4.388388059105432,2.5553257959005666
KIC9693187,0.986,0.053254108,0.050803543,1.423,0.028319605,0.027586228,5790.0,55.0,55.0,-0.164,0.1,0.1,,,,,4.125,0.008602325,0.008602325,,2.982,0.268050525,0.268050525,,ms,G,,,,,,serenelli17,A,1,0.4745076391169758,0.03738247341824863,0.04090588088277425,55.0,0.008602325,0.1,0.268050525,0.0520288255,0.0279529165,0.03914417715051144,5.27675715010142,1.9643651791988757
KIC9697131,1.436,0.058137767,0.063560994,1.922,0.028301943,0.03088689,6491.0,69.0,69.0,0.11,0.072111026,0.072111026,,,,,4.027,0.008544004,0.008544004,,5.503,0.44698172,0.44698172,,ms,F,,,,,,serenelli17,A,1,0.7405995128111565,0.03391611864590993,0.036790877345218465,69.0,0.008544004,0.072111026,0.44698172,0.060849380499999994,0.029594416499999998,0.0353534979955642,4.237422040389972,1.5397719302809572
KIC9700430,1.221,0.06726812,0.090917545,1.511,0.045177428,0.046957428,6111.0,90.0,90.0,0.024,0.1,0.1,,,,,4.164,0.015524175,0.016492423,,2.801,0.24181609,0.24181609,,ms,F,,,,,,serenelli17,A,1,0.44731310882356823,0.03596259525597528,0.03921161221804759,90.0,0.016008299,0.1,0.24181609,0.0790928325,0.046067428,0.037587103737011435,6.47770945945946,3.048803970880212
KIC9702369,1.281,0.050209561,0.048104054,1.379,0.018384776,0.018384776,6431.0,50.0,50.0,0.03,0.1,0.1,,,,,4.266,0.006708204,0.006708204,,2.29,0.201882888,0.201882888,,ms,F,,,,,,serenelli17,A,1,0.359835482339888,0.03669214541830529,0.040080629930608735,50.0,0.006708204,0.1,0.201882888,0.0491568075,0.018384776,0.03838638767445701,3.8373776346604216,1.3331962291515589
KIC9702752,1.188,0.042201896,0.044654227,1.701,0.025,0.025806976,5770.0,62.0,62.0,0.265,0.1,0.1,,,,,4.051,0.009219544,0.009219544,,2.656,0.233806485,0.233806485,,ms,G,,,,,,serenelli17,A,1,0.4242280706959799,0.036640690638234885,0.04001923364807314,62.0,0.009219544,0.1,0.233806485,0.043428061500000004,0.025403488000000002,0.03832996214315401,3.6555607323232326,1.4934443268665492
KIC9754284,1.276,0.062801274,0.081215762,1.621,0.029832868,0.034669872,6182.0,54.0,54.0,0.025,0.1,0.1,,,,,4.123,0.012041595,0.013601471,,3.351,0.281864612,0.281864612,,ms,F,,,,,,serenelli17,A,1,0.5251744278352715,0.03507478523335128,0.038158381057270874,54.0,0.012821533,0.1,0.281864612,0.072008518,0.03225137,0.03661658314531108,5.643300783699059,1.9895971622455275
KIC9778067,1.189,0.065946948,0.067475922,1.998,0.065368188,0.064498062,6433.0,90.0,90.0,-0.529,0.102,0.102,,,,,3.911,0.018248288,0.019235384,,5.769,0.486377409,0.486377409,,ms,F,,,,,,serenelli17,A,1,0.7611005389581423,0.035152978380886823,0.03825095467684614,90.0,0.018741836,0.102,0.486377409,0.066711435,0.064933125,0.03670196652886648,5.610717830109335,3.2499061561561557
KIC9787965,1.31,0.084599054,0.083528438,2.062,0.0846286,0.078243211,6200.0,65.0,65.0,0.001,0.1,0.1,,,,,3.926,0.019104973,0.020099751,,7.654,0.783754292,0.783754292,,ms,F,,,,,,serenelli17,A,1,0.8838884578884805,0.04233841665557547,0.04691618840966494,65.0,0.019602361999999998,0.1,0.783754292,0.084063746,0.08143590549999999,0.044627302532620206,6.417079847328243,3.9493649612027157
KIC9791157,1.186,0.049244289,0.05758472,1.952,0.037696154,0.039560081,5852.0,63.0,63.0,-0.047,0.1,0.1,,,,,3.929,0.011661904,0.011661904,,4.555,0.407819357,0.407819357,,ms,G,,,,,,serenelli17,A,1,0.658488381309017,0.03724008617404495,0.04073542852289713,63.0,0.011661904,0.1,0.407819357,0.0534145045,0.0386281175,0.03898775734847104,4.503752487352445,1.9788994620901643
KIC9821513,1.291,0.068622154,0.096041658,1.775,0.056035703,0.059363288,6550.0,65.0,65.0,-0.307,0.101,0.101,,,,,4.048,0.014142136,0.013152946,,5.837,0.488221059,0.488221059,,ms,F,,,,,,serenelli17,A,1,0.76618969331016,0.03488601488176357,0.03793504394528513,65.0,0.013647541,0.101,0.488221059,0.08233190600000001,0.0576994955,0.03641052941352435,6.377374593338498,3.250675802816902
KIC9880787,1.168,0.053712196,0.055470713,2.014,0.038910153,0.039812058,6074.0,56.0,56.0,-0.314,0.102,0.102,,,,,3.896,0.01029563,0.01029563,,5.216,0.446910122,0.446910122,,ms,F,,,,,,serenelli17,A,1,0.7173375827238638,0.03570208611982939,0.03890207552345648,56.0,0.01029563,0.102,0.446910122,0.0545914545,0.0393611055,0.037302080821642936,4.673925898972603,1.9543746524329695
KIC9962623,0.987,0.08475848,0.076321688,1.395,0.042154478,0.040311289,5913.0,166.0,166.0,-0.207,0.101,0.101,,,,,4.143,0.016155494,0.015231546,,2.079,0.180289342,0.180289342,,ms,G,,,,,,serenelli17,A,1,0.3178544893314692,0.03611736424810985,0.0393957011126449,166.0,0.01569352,0.101,0.180289342,0.080540084,0.0412328835,0.037756532680377375,8.160089564336372,2.9557622580645164
KIC9965715,1.245,0.073006849,0.073006849,1.3,0.037336309,0.037336309,7030.0,405.0,405.0,-0.404,0.1,0.1,,,,,4.304,0.015,0.01421267,,2.585,0.225418203,0.225418203,,ms,F,,,,,,serenelli17,A,1,0.4124605474299613,0.036310402276315046,0.03962551028585487,405.0,0.014606335,0.1,0.225418203,0.073006849,0.037336309,0.03796795628108496,5.864003935742971,2.872023769230769
KIC10514430,1.059,0.04,0.021,1.59,0.015,0.018,5784.0,98.0,98.0,-0.114,0.072111026,0.072111026,,,,,4.061,0.004,0.004,,2.634,0.151,0.124,,ms,G,,,,,,silva15,A,1,0.420615770625765,0.024209428883982642,0.020942049144726915,98.0,0.004,0.072111026,0.1375,0.0305,0.0165,0.02257573901435478,2.8800755429650615,1.0377358490566038
KIC10586004,1.178,0.021,0.03,1.653,0.009,0.012,5770.0,83.0,83.0,0.256,0.072111026,0.072111026,,,,,4.071,0.005,0.005,,2.749,0.151,0.155,,ms,G,,,,,,silva15,A,1,0.4391747398434685,0.023223258055487583,0.02520476809540717,83.0,0.005,0.072111026,0.153,0.025500000000000002,0.010499999999999999,0.024214013075447377,2.1646859083191856,0.6352087114337567
KIC10666592,1.497,0.042,0.04,1.986,0.018,0.015,6350.0,80.0,80.0,0.203,0.072111026,0.072111026,,,,,4.017,0.007,0.009,,5.754,0.304,0.322,,ms,F,,,,,,silva15,A,1,0.7599698575543072,0.02235941144252973,0.025010096281862015,80.0,0.008,0.072111026,0.313,0.041,0.0165,0.023684753862195873,2.7388109552438213,0.8308157099697886
KIC11133306,1.059,0.04,0.03,1.189,0.012,0.012,5982.0,82.0,82.0,-0.025,0.072111026,0.072111026,,,,,4.314,0.004,0.007,,1.628,0.092,0.079,,ms,G,,,,,,silva15,A,1,0.2116544005531824,0.02387404635436649,0.021602982793976433,82.0,0.0055,0.072111026,0.08549999999999999,0.035,0.012,0.02273851457417146,3.305004721435317,1.009251471825063
KIC11401755,1.059,0.03,0.021,1.632,0.015,0.021,5911.0,66.0,66.0,-0.179,0.072111026,0.072111026,,,,,4.039,0.004,0.004,,2.982,0.144,0.148,,ms,G,,,,,,silva15,A,1,0.4745076391169758,0.020481334566192333,0.022107793205534187,66.0,0.004,0.072111026,0.146,0.025500000000000002,0.018000000000000002,0.02129456388586326,2.4079320113314453,1.1029411764705885
KIC11853905,1.117,0.021,0.029,1.555,0.012,0.012,5781.0,76.0,76.0,0.177,0.072111026,0.072111026,,,,,4.102,0.005,0.004,,2.505,0.142,0.124,,ms,G,,,,,,silva15,A,1,0.3988077302032645,0.023946211098083703,0.02204833479838464,76.0,0.0045000000000000005,0.072111026,0.133,0.025,0.012,0.02299727294823417,2.2381378692927485,0.7717041800643086
KIC11904151,0.918,0.011,0.019,1.066,0.006,0.009,5647.0,74.0,74.0,-0.114,0.072111026,0.072111026,,,,,4.344,0.003,0.003,,1.063,0.032,0.034,,ms,G,,,,,,silva15,A,1,0.026533264523296733,0.012880854652840397,0.01411788976086384,74.0,0.003,0.072111026,0.033,0.015,0.0075,0.013499372206852118,1.6339869281045751,0.7035647279549718
KIC3425851,1.178,0.049,0.049,1.36,0.015,0.018,6343.0,85.0,85.0,-0.016,0.072111026,0.072111026,,,,,4.243,0.008,0.008,,2.728,0.162,0.157,,ms,F,,,,,,silva15,A,1,0.4358443659844413,0.025053476772106564,0.025742289341580682,85.0,0.008,0.072111026,0.1595,0.049,0.0165,0.025397883056843623,4.159592529711376,1.213235294117647
KIC4141376,1.019,0.021,0.03,1.039,0.009,0.009,6134.0,91.0,91.0,-0.269,0.072111026,0.072111026,,,,,4.412,0.003,0.004,,1.363,0.052,0.056,,ms,F,,,,,,silva15,A,1,0.13449585583467355,0.01626058402563549,0.01822026825412927,91.0,0.0035,0.072111026,0.054,0.025500000000000002,0.009,0.01724042613988238,2.502453385672228,0.8662175168431183
KIC4143755,0.918,0.021,0.03,1.414,0.012,0.013,5622.0,106.0,106.0,-0.357,0.072111026,0.072111026,,,,,4.102,0.001,0.002,,1.997,0.029,0.038,,ms,G,,,,,,silva15,A,1,0.30037806487070257,0.006261376153559095,0.00834362887596618,106.0,0.0015,0.072111026,0.0335,0.025500000000000002,0.0125,0.007302502514762638,2.777777777777778,0.8840169731258841
KIC4914423,1.099,0.019,0.03,1.45,0.009,0.009,5845.0,88.0,88.0,0.131,0.072111026,0.072111026,,,,,4.155,0.004,0.004,,2.256,0.115,0.119,,ms,G,,,,,,silva15,A,1,0.35333909531130464,0.02159245866688353,0.023534573147235338,88.0,0.004,0.072111026,0.11699999999999999,0.0245,0.009,0.022563515907059434,2.2292993630573252,0.6206896551724137
KIC5094751,1.068,0.04,0.04,1.339,0.015,0.018,5952.0,75.0,75.0,-0.017,0.072111026,0.072111026,,,,,4.213,0.008,0.007,,2.04,0.124,0.112,,ms,G,,,,,,silva15,A,1,0.3096301674258988,0.025627089008633086,0.02452313785908683,75.0,0.0075,0.072111026,0.118,0.04,0.0165,0.025075113433859958,3.745318352059925,1.2322628827483197
KIC6196457,1.209,0.019,0.03,1.716,0.012,0.012,5871.0,94.0,94.0,0.19,0.072111026,0.072111026,,,,,4.049,0.004,0.005,,3.316,0.185,0.164,,ms,G,,,,,,silva15,A,1,0.5206145218782359,0.02357758888679673,0.02202831306071823,94.0,0.0045000000000000005,0.072111026,0.1745,0.0245,0.012,0.02280295097375748,2.0264681555004134,0.6993006993006993
KIC6278762,0.739,0.009,0.011,0.748,0.006,0.003,5046.0,74.0,74.0,-0.482,0.072111026,0.072111026,,,,,4.56,0.003,0.002,,0.341,0.02,0.016,,ms,K,,,,,,silva15,A,1,-0.4672456210075022,0.024752822913160222,0.0208710180136234,74.0,0.0025,0.072111026,0.018000000000000002,0.009999999999999998,0.0045000000000000005,0.02281192046339181,1.3531799729364005,0.6016042780748664
KIC6521045,1.108,0.021,0.019,1.513,0.009,0.012,5825.0,75.0,75.0,0.102,0.072111026,0.072111026,,,,,4.125,0.004,0.004,,2.478,0.112,0.112,,ms,G,,,,,,silva15,A,1,0.3941013020400447,0.019198462041207176,0.020086561748133114,75.0,0.004,0.072111026,0.112,0.02,0.010499999999999999,0.019642511894670145,1.8050541516245486,0.6939854593522802
KIC7670943,1.239,0.04,0.051,1.417,0.015,0.021,6463.0,110.0,110.0,-0.071,0.072111026,0.072111026,,,,,4.228,0.008,0.008,,3.039,0.167,0.173,,ms,F,,,,,,silva15,A,1,0.4827307000799429,0.023232817938183103,0.025454514018617203,110.0,0.008,0.072111026,0.16999999999999998,0.0455,0.018000000000000002,0.024343665978400153,3.6723163841807906,1.2702893436838392
KIC8077137,1.117,0.04,0.049,1.632,0.018,0.009,6072.0,75.0,75.0,-0.032,0.072111026,0.072111026,,,,,4.056,0.013,0.01,,3.183,0.293,0.202,,ms,F,,,,,,silva15,A,1,0.502836638621003,0.03824312915562578,0.02847466258837228,75.0,0.0115,0.072111026,0.2475,0.0445,0.013499999999999998,0.03335889587199903,3.9838854073410923,0.8272058823529411
KIC8292840,1.148,0.051,0.049,1.345,0.015,0.018,6239.0,94.0,94.0,-0.164,0.072111026,0.072111026,,,,,4.24,0.008,0.008,,2.636,0.148,0.142,,ms,F,,,,,,silva15,A,1,0.42094540592197227,0.02372382501655229,0.024048956779448405,94.0,0.008,0.072111026,0.145,0.05,0.0165,0.023886390898000348,4.355400696864112,1.2267657992565058
KIC8349582,1.068,0.021,0.019,1.417,0.012,0.009,5699.0,74.0,74.0,0.268,0.072111026,0.072111026,,,,,4.163,0.003,0.004,,1.891,0.09,0.094,,ms,G,,,,,,silva15,A,1,0.2766915288450397,0.020192946693507352,0.02214345173606591,74.0,0.0035,0.072111026,0.092,0.02,0.010499999999999999,0.02116819921478663,1.8726591760299625,0.741002117148906
KIC8478994,0.81,0.019,0.011,0.772,0.003,0.006,5417.0,75.0,75.0,-0.248,0.072111026,0.072111026,,,,,4.57,0.003,0.002,,0.467,0.023,0.025,,ms,G,,,,,,silva15,A,1,-0.33068311943388784,0.02087919946240152,0.023894611217020245,75.0,0.0025,0.072111026,0.024,0.015,0.0045000000000000005,0.022386905339710883,1.8518518518518516,0.5829015544041452
KIC8494142,1.418,0.03,0.019,1.887,0.012,0.012,6144.0,106.0,106.0,0.058,0.072111026,0.072111026,,,,,4.038,0.005,0.005,,4.818,0.259,0.243,,ms,F,,,,,,silva15,A,1,0.6828667956623246,0.0227403677422805,0.02247569725985754,106.0,0.005,0.072111026,0.251,0.0245,0.012,0.02260803250106902,1.7277856135401977,0.6359300476947536
KIC8554498,1.197,0.021,0.029,1.794,0.015,0.015,5945.0,60.0,60.0,0.17,0.05,0.05,,,,,4.007,0.003,0.003,,3.684,0.13,0.182,,ms,G,,,,,,silva15,A,1,0.5663196215248113,0.015061067185175525,0.022003479777383927,60.0,0.003,0.05,0.156,0.025,0.015,0.018532273481279726,2.0885547201336676,0.8361204013377926
KIC8866102,1.228,0.042,0.04,1.357,0.012,0.015,6325.0,75.0,75.0,-0.005,0.072111026,0.072111026,,,,,4.262,0.007,0.008,,2.753,0.13,0.13,,ms,F,,,,,,silva15,A,1,0.43980621139333026,0.020038430994877565,0.021007920802976643,75.0,0.0075,0.072111026,0.13,0.041,0.0135,0.020523175898927104,3.338762214983714,0.9948415622697127
KIC9592705,1.509,0.029,0.021,2.124,0.015,0.012,6174.0,92.0,92.0,0.216,0.072111026,0.072111026,,,,,3.961,0.004,0.003,,6.088,0.227,0.247,,ms,F,,,,,,silva15,A,1,0.7844746437625164,0.01589871112883312,0.01798743752282228,92.0,0.0035,0.072111026,0.237,0.025,0.0135,0.0169430743258277,1.656726308813784,0.635593220338983
KIC10068307,1.469,0.0095,0.0209,2.0823,0.018,0.018,6132.0,77.0,77.0,-0.23,0.1,0.1,,,,,3.9666,0.0044,0.0044,,6.294,0.2,0.173,,ms,F,,,,,,silva17,A,1,0.7989267385772014,0.013585545712781255,0.012104359078013993,77.0,0.0044,0.1,0.1865,0.015199999999999998,0.018,0.012844952395397624,1.034717494894486,0.8644287566633049
KIC10516096,1.0586,0.0494,0.0608,1.3986,0.024,0.021,5964.0,77.0,77.0,-0.11,0.1,0.1,,,,,4.169,0.011,0.0099,,2.217,0.189,0.146,,ms,G,,,,,,silva17,A,1,0.3457656931144882,0.035529929889337786,0.02958559422103557,77.0,0.010450000000000001,0.1,0.16749999999999998,0.055099999999999996,0.0225,0.03255776205518668,5.2049877196297,1.6087516087516087
KIC12069424,1.0491,0.019,0.0209,1.2156,0.012,0.012,5825.0,50.0,50.0,0.1,0.03,0.03,,,,,4.2867,0.0066,0.0066,,1.531,0.072,0.07,,ms,G,,,,,,silva17,A,1,0.18497519069826102,0.019958331655883815,0.020324974763964276,50.0,0.0066,0.03,0.07100000000000001,0.01995,0.012,0.020141653209924046,1.9016299685444666,0.9871668311944718
KIC12069449,0.9883,0.0209,0.019,1.0957,0.009,0.009,5750.0,50.0,50.0,0.05,0.02,0.02,,,,,4.3527,0.0055,0.0066,,1.173,0.058,0.049,,ms,G,,,,,,silva17,A,1,0.06929801211552926,0.020960040815787076,0.018531700882486936,50.0,0.00605,0.02,0.053500000000000006,0.01995,0.009,0.019745870849137006,2.0186178285945564,0.821392716984576
KIC12258514,1.2581,0.0095,0.0095,1.6055,0.012,0.009,5964.0,77.0,77.0,0.0,0.1,0.1,,,,,4.1261,0.0033,0.0044,,3.162,0.104,0.09,,ms,G,,,,,,silva17,A,1,0.4999618655961902,0.014054314804459123,0.012540654236715798,77.0,0.00385,0.1,0.097,0.0095,0.010499999999999999,0.01329748452058746,0.7551069072410778,0.6540018685767672
KIC3456181,1.4975,0.0304,0.019,2.1483,0.027,0.027,6384.0,77.0,77.0,-0.15,0.1,0.1,,,,,3.949,0.0088,0.0077,,7.215,0.243,0.295,,ms,F,,,,,,silva17,A,1,0.858236335429513,0.014386043595775333,0.018130240972755285,77.0,0.00825,0.1,0.269,0.0247,0.027,0.01625814228426531,1.6494156928213688,1.2568077084206117
KIC5184732,1.1479,0.0399,0.0589,1.3206,0.015,0.021,5846.0,77.0,77.0,0.36,0.1,0.1,,,,,4.2548,0.0077,0.0099,,1.806,0.128,0.128,,ms,G,,,,,,silva17,A,1,0.256717745977487,0.029738723769495934,0.03192578948480551,77.0,0.0088,0.1,0.128,0.0494,0.018000000000000002,0.030832256627150723,4.303510758776897,1.3630168105406635
KIC6106415,1.0681,0.0513,0.0399,1.2186,0.018,0.018,6037.0,77.0,77.0,-0.04,0.1,0.1,,,,,4.2955,0.0088,0.0088,,1.765,0.121,0.112,,ms,F,,,,,,silva17,A,1,0.24674470972384135,0.028796978677468194,0.02847185615239392,77.0,0.0088,0.1,0.11649999999999999,0.0456,0.018,0.028634417414931057,4.269263177605094,1.4771048744460857
KIC6225718,1.1593,0.0304,0.0304,1.2336,0.012,0.015,6313.0,76.0,76.0,-0.07,0.1,0.1,,,,,4.3186,0.0066,0.0055,,2.137,0.094,0.09,,ms,F,,,,,,silva17,A,1,0.3298045221640694,0.0186950481197683,0.01868667950156372,76.0,0.00605,0.1,0.092,0.0304,0.0135,0.01869086381066601,2.6222720607263006,1.0943579766536966
KIC7510397,1.3683,0.0209,0.0209,1.8574,0.018,0.018,6171.0,77.0,77.0,-0.21,0.1,0.1,,,,,4.0359,0.0044,0.0066,,4.924,0.178,0.14,,ms,F,,,,,,silva17,A,1,0.6923180442592788,0.015422410014492516,0.012526873278924322,77.0,0.0055,0.1,0.159,0.0209,0.018,0.013974641646708419,1.5274428122487758,0.969096586626467
KIC7940546,1.3987,0.0304,0.0114,1.9414,0.027,0.009,6235.0,77.0,77.0,-0.2,0.1,0.1,,,,,4.0073,0.0011,0.0033,,6.189,0.023,0.257,,ms,F,,,,,,silva17,A,1,0.791620482692814,0.0016109643637068904,0.018419340336469636,77.0,0.0022,0.1,0.14,0.020900000000000002,0.018,0.010015152350088263,1.4942446557517697,0.9271659627073245
KIC7970740,0.728,0.0304,0.0095,0.7628,0.006,0.006,5309.0,77.0,77.0,-0.54,0.1,0.1,,,,,4.5386,0.0055,0.0044,,0.429,0.025,0.022,,ms,G,,,,,,silva17,A,1,-0.36754270781527576,0.0245985606723797,0.022862882959504227,77.0,0.0049499999999999995,0.1,0.0235,0.01995,0.006,0.023730721815941963,2.7403846153846154,0.7865757734661771
KIC8006161,0.9788,0.0304,0.0304,0.9247,0.012,0.009,5488.0,77.0,77.0,0.34,0.1,0.1,,,,,4.4935,0.0066,0.0066,,0.688,0.047,0.049,,ms,G,,,,,,silva17,A,1,-0.16241156176448873,0.028698900848683623,0.03208758007711118,77.0,0.0066,0.1,0.048,0.0304,0.010499999999999999,0.030393240462897403,3.1058438904781367,1.1355034065102194
KIC8379927,1.1194,0.0399,0.0399,1.1197,0.015,0.015,6067.0,120.0,120.0,-0.1,0.15,0.15,,,,,4.3879,0.0066,0.0077,,1.624,0.104,0.101,,ms,F,,,,,,silva17,A,1,0.21058602490515654,0.02695771323771798,0.027886121569113936,120.0,0.00715,0.15,0.10250000000000001,0.0399,0.015,0.027421917403415957,3.5644095050920135,1.3396445476466912
KIC8760414,0.8115,0.031,0.0186,1.0196,0.0097,0.0121,5873.0,77.0,77.0,-0.92,0.1,0.1,,,,,4.3293,0.0047,0.0063,,1.208,0.052,0.052,,ms,G,,,,,,silva17,A,1,0.08206693428511301,0.0183036108324499,0.019109100200602788,77.0,0.0055,0.1,0.052,0.0248,0.0109,0.018706355516526343,3.0560690080098585,1.0690466849744997
KIC9353712,1.5089,0.0285,0.0209,2.1723,0.024,0.021,6278.0,77.0,77.0,-0.05,0.1,0.1,,,,,3.9435,0.0055,0.0066,,6.985,0.275,0.223,,ms,F,,,,,,silva17,A,1,0.8441664104502007,0.016770210249893114,0.014091244020450477,77.0,0.00605,0.1,0.249,0.0247,0.0225,0.015430727135171796,1.636954072503148,1.0357685402568706
*_16_Cyg_A,1.076,0.047,0.047,1.225,0.016,0.016,5849.0,39.0,39.0,0.08,0.01,0.01,,,,,4.28,0.01,0.01,0.0,1.58,0.01,0.01,0.0,ms,G,,,,,,Soubiran24,A/I,3,0.19865708695442263,0.0027400373660288746,0.0027574345451888693,39.0,0.01,0.01,0.01,0.047,0.016,0.002748735955608872,4.368029739776952,1.3061224489795917
*_16_Cyg_B,1.028,0.043,0.043,1.113,0.014,0.014,5807.0,36.0,36.0,0.07,0.01,0.01,,,,,4.35,0.01,0.01,0.0,1.267,0.002,0.002,0.0,ms,G,,,,,,Soubiran24,A/I,3,0.10277661488344131,0.0006850072112634387,0.0006860893716046229,36.0,0.01,0.01,0.002,0.043,0.014,0.0006855482914340308,4.182879377431906,1.257861635220126
*_18_Sco,1.057,0.035,0.035,1.027,0.009,0.009,5824.0,30.0,30.0,0.03,0.01,0.01,,,,,4.44,0.05,0.05,0.0,1.094,0.011,0.011,0.0,ms,G,,,,,,Soubiran24,A/I,3,0.039017321997412,0.004344956023717497,0.004388865372091565,30.0,0.05,0.01,0.011,0.035,0.009,0.004366910697904531,3.311258278145696,0.8763388510223953
*_alf_Cen_A,1.111,0.026,0.026,1.217,0.005,0.005,5804.0,13.0,13.0,0.2,0.01,0.01,,,,,4.32,0.05,0.05,0.0,1.514,0.003,0.003,0.0,ms,G,,,,,,Soubiran24,A/I,3,0.18012587516405396,0.0008597056226765099,0.0008614108250285524,13.0,0.05,0.01,0.003,0.026,0.005,0.0008605582238525311,2.34023402340234,0.4108463434675431
*_alf_Cen_B,0.905,0.011,0.011,0.859,0.004,0.004,5207.0,12.0,12.0,0.24,0.01,0.01,,,,,4.53,0.05,0.05,0.0,0.488,0.002,0.002,0.0,ms,G,,,,,,Soubiran24,A/I,3,-0.3115801779972894,0.001776258025803057,0.001783552740417249,12.0,0.05,0.01,0.002,0.011,0.004,0.001779905383110153,1.2154696132596683,0.4656577415599535
*_bet_Vir,1.38,0.02,0.02,1.693,0.008,0.008,6093.0,13.0,13.0,0.13,0.01,0.01,,,,,4.1,0.05,0.05,0.0,3.555,0.015,0.015,0.0,ms,F,,,,,,Soubiran24,A/I,3,0.5508396050657851,0.0018286110464080796,0.0018363430399972458,13.0,0.05,0.01,0.015,0.02,0.008,0.0018324770432026627,1.4492753623188408,0.47253396337861786
*_mu._Ara,0.931,0.059,0.059,1.28,0.025,0.025,5974.0,61.0,61.0,0.29,0.01,0.01,,,,,4.25,0.06,0.06,0.0,1.879,0.019,0.019,0.0,ms,G,,,,,,Soubiran24,A/I,3,0.2739267801005256,0.0043694279907482425,0.004413835882609296,61.0,0.06,0.01,0.019,0.059,0.025,0.004391631936678769,6.337271750805584,1.953125
*_mu._Her,1.081,0.016,0.016,1.686,0.007,0.007,5665.0,16.0,16.0,0.25,0.01,0.01,,,,,4.02,0.01,0.01,0.0,2.635,0.02,0.02,0.0,ms,G,,,,,,Soubiran24,A/I,3,0.4207806195485654,0.0032839058689224654,0.003308926345272356,16.0,0.01,0.01,0.02,0.016,0.007,0.0032964161070974107,1.4801110083256246,0.41518386714116257
*_tau_Cet,0.766,0.013,0.013,0.806,0.004,0.004,5397.0,15.0,15.0,-0.51,0.01,0.01,,,,,4.58,0.05,0.05,0.0,0.497,0.002,0.002,0.0,ms,G,,,,,,Soubiran24,A/I,3,-0.3036436112666679,0.001744156890057802,0.0017511897997634085,15.0,0.05,0.01,0.002,0.013,0.004,0.0017476733449106052,1.6971279373368147,0.49627791563275436
*_tet_Cyg,1.26,0.038,0.038,1.484,0.014,0.014,6914.0,33.0,33.0,-0.03,0.03,0.03,,,,,4.24,0.03,0.03,0.0,4.531,0.018,0.018,0.0,ms,F,,,,,,Soubiran24,A/I,3,0.6561940621791857,0.0017218746507693394,0.0017287286590399464,33.0,0.03,0.03,0.018,0.038,0.014,0.001725301654904643,3.015873015873016,0.9433962264150945
HIP32851,1.18,0.099,0.099,1.427,0.039,0.039,6628.0,89.0,89.0,-0.39,0.03,0.03,,,,,4.19,0.06,0.06,0.0,3.538,0.011,0.011,0.0,ms,F,,,,,,Soubiran24,A/I,3,0.5487578285737043,0.0013481707738884907,0.001352368906214707,89.0,0.06,0.03,0.011,0.099,0.039,0.0013502698400515989,8.389830508474578,2.7330063069376314
HIP91949,1.094,0.065,0.065,0.964,0.017,0.017,5315.0,48.0,48.0,0.3,0.02,0.02,,,,,4.47,0.01,0.01,0.0,0.668,0.001,0.001,0.0,ms,G,,,,,,Soubiran24,A/I,3,-0.1752235375244543,0.0006496552922774235,0.0006506285589967242,48.0,0.01,0.02,0.001,0.065,0.017,0.0006501419256370738,5.941499085923217,1.7634854771784234
HIP92984,0.499,0.031,0.031,0.988,0.02,0.02,6070.0,62.0,62.0,-0.04,0.03,0.03,,,,,4.23,0.11,0.11,0.0,1.193,0.005,0.005,0.0,ms,F,,,,,,Soubiran24,A/I,3,0.0766404436703419,0.0018163743829506668,0.0018240030251670952,62.0,0.11,0.03,0.005,0.031,0.02,0.001820188704058881,6.212424849699399,2.0242914979757085
HIP93427,1.255,0.079,0.079,1.285,0.027,0.027,6016.0,63.0,63.0,-0.05,0.02,0.02,,,,,4.3,0.01,0.01,0.0,1.947,0.003,0.003,0.0,ms,F,,,,,,Soubiran24,A/I,3,0.2893659515200317,0.0006686598424863188,0.000669690929775868,63.0,0.01,0.02,0.003,0.079,0.027,0.0006691753861310934,6.294820717131475,2.1011673151750974
HIP97527,1.356,0.106,0.106,1.304,0.034,0.034,6236.0,81.0,81.0,-0.09,0.02,0.02,,,,,4.33,0.01,0.01,0.0,2.315,0.006,0.006,0.0,ms,F,,,,,,Soubiran24,A/I,3,0.36455099535397195,0.001124145101945695,0.0011270624367955562,81.0,0.01,0.02,0.006,0.106,0.034,0.0011256037693706256,7.817109144542772,2.607361963190184
KIC8430105_B,0.8134,0.005,0.005,0.7494,0.0042,0.0039,5655.0,80.0,80.0,-0.46,0.1,0.1,,,,,4.599,0.0037,0.0041,0.0,0.51743,0.03019,0.02916,1.0,ms,,85.18,0.26,0.00879784,True,True,Thomsen22,EB,3,-0.2861483949918153,0.0246276959056021,0.025191563572113496,80.0,0.0039000000000000003,0.1,0.029675,0.005,0.00405,0.024909629738857797,0.6147037128104254,0.5404323458767013
alf_Cen_A,1.105,0.007,0.007,1.224,0.003,0.003,5824.0,26.0,26.0,0.24,0.04,0.04,,,,,4.306,0.004,0.004,,1.549,0.029,0.029,,ms,G,,,,True,True,torres10,EB,1,0.19005141775920598,0.008055581114195492,0.008207829814433437,26.0,0.004,0.04,0.029,0.007,0.003,0.008131705464314465,0.6334841628959277,0.24509803921568626
alf_Cen_B,0.934,0.006,0.006,0.863,0.005,0.005,5223.0,62.0,62.0,0.24,0.04,0.04,,,,,4.536,0.006,0.006,,0.498,0.025,0.025,,ms,G,,,,True,True,torres10,EB,1,-0.30277065724028246,0.02127234610755674,0.02236820202190598,62.0,0.006,0.04,0.025,0.006,0.005,0.02182027406473136,0.6423982869379015,0.5793742757821553
V432_Aur_B,1.079,0.005,0.005,1.224,0.007,0.007,6685.0,85.0,85.0,-0.6,0.05,0.05,,,,,4.296,0.005,0.005,,2.685,0.146,0.146,,ms,F,,,,True,True,torres10,EB,1,0.42894429003557444,0.02299557932952856,0.02428158916185219,85.0,0.005,0.05,0.146,0.005,0.007,0.023638584245690375,0.4633920296570899,0.5718954248366014
Kepler-34A,1.0479,0.0033,0.003,1.1618,0.0027,0.0031,5913.0,130.0,130.0,-0.07,0.15,0.15,,,,,4.3284,0.0021,0.0021,,1.49,0.13,0.13,,ms,G,,,,True,True,welsh12,EB,1,0.17318626841227402,0.03632874613035694,0.039647360042056545,130.0,0.0021,0.15,0.13,0.00315,0.0029,0.037988053086206744,0.3006012024048096,0.24961266999483558
Kepler-34B,1.0208,0.0022,0.0022,1.0927,0.0032,0.0027,5867.0,130.0,130.0,-0.07,0.15,0.15,,,,,4.3703,0.0022,0.0022,,1.28,0.11,0.11,,ms,G,,,,True,True,welsh12,EB,1,0.10720996964786837,0.03580483060622676,0.03902410790170675,130.0,0.0022,0.15,0.11,0.0022,0.0029500000000000004,0.037414469253966756,0.21551724137931036,0.2699734602361124
Kepler-35A,0.8876,0.0051,0.0053,1.0284,0.002,0.0019,5606.0,150.0,150.0,-0.34,0.2,0.2,,,,,4.3623,0.002,0.002,,0.94,0.1,0.1,,ms,G,,,,True,True,welsh12,EB,1,-0.026872146400301365,0.04390548569908173,0.048848567537816995,150.0,0.002,0.2,0.1,0.0052,0.00195,0.04637702661844936,0.5858494817485355,0.18961493582263708
Kepler-35B,0.8094,0.0041,0.0044,0.7861,0.002,0.0022,5202.0,100.0,100.0,-0.34,0.2,0.2,,,,,4.5556,0.0016,0.0016,,0.41,0.03,0.03,,ms,G,,,,True,True,welsh12,EB,1,-0.38721614328026455,0.030668819766451916,0.03300026010292528,100.0,0.0016,0.2,0.03,0.00425,0.0021000000000000003,0.0318345399346886,0.5250803063998024,0.26714158504007124
47_Tuc_E32_A,0.862,0.002,0.002,1.183,0.001,0.001,6025.6,18.08,18.08,-0.71,0.1,0.1,,,,,4.227,0.002,0.002,0.0,1.66,0.05,0.05,0.0,ms,,59.46,0.1,0.019895728,True,True,Xiong23,EB,3,0.22010808804005508,0.012888022352098738,0.013282212008205396,18.08,0.002,0.1,0.05,0.002,0.001,0.013085117180152067,0.2320185614849188,0.08453085376162299
47_Tuc_E32_B,0.827,0.002,0.002,1.004,0.002,0.002,5956.62,17.87,17.87,-0.71,0.1,0.1,,,,,4.352,0.003,0.003,0.0,1.15,0.03,0.03,0.0,ms,,59.46,0.1,0.016885301,True,True,Xiong23,EB,3,0.06069784035361165,0.011184166952513709,0.01147981768343008,17.87,0.003,0.1,0.03,0.002,0.002,0.011331992317971894,0.24183796856106413,0.19920318725099603
AL_Ari_A,1.164,0.001,0.001,1.372,0.004,0.004,6367.96,25.47,25.47,-0.42,0.08,0.08,,,,,4.229,0.005,0.005,0.0,2.79,0.11,0.11,0.0,ms,F6,12.9503,0.0014,0.105943492,True,True,Xiong23,EB,3,0.44560420327359757,0.016793794625358516,0.01746940924480872,25.47,0.005,0.08,0.11,0.001,0.004,0.017131601935083618,0.08591065292096221,0.2915451895043732
ASAS_J045021+2300.4_A,0.934,0.007,0.007,1.058,0.01,0.01,5662.39,28.31,28.31,-0.26,0.26,0.26,,,,,4.36,0.018,0.018,0.0,1.0,0.1,0.1,0.0,ms,,6.494,0.035,0.162919618,True,True,Xiong23,EB,3,0.0,0.04139268515822508,0.045757490560675115,28.31,0.018,0.26,0.1,0.007,0.01,0.04357508785945009,0.7494646680942184,0.9451795841209829
ASAS_J045021+2300.4_B,0.409,0.002,0.002,0.408,0.004,0.004,3589.22,43.07,43.07,-0.26,0.26,0.26,,,,,4.829,0.019,0.019,0.0,0.0249,0.0032,0.0028,0.0,ms,,6.494,0.035,0.062827225,True,True,Xiong23,EB,3,-1.6038006529042637,0.052506972809343466,0.05180707341062574,43.07,0.019,0.26,0.003,0.002,0.004,0.0521570231099846,0.48899755501222497,0.9803921568627452
ASAS_J060505+2032.1_A,1.716,0.01,0.01,2.048,0.004,0.004,7413.1,185.33,185.33,-0.12,0.31,0.31,,,,,4.05,0.003,0.003,0.0,11.43,2.96,2.35,0.0,ms,,10.46,0.05,0.195793499,True,True,Xiong23,EB,3,1.0580462303952818,0.10001456354132343,0.09996038187419665,185.33,0.003,0.31,2.6550000000000002,0.01,0.004,0.09998747270776004,0.5827505827505828,0.1953125
ASAS_J060505+2032.1_B,1.697,0.012,0.012,2.008,0.005,0.005,7413.1,163.09,163.09,-0.12,0.31,0.31,,,,,4.062,0.004,0.004,0.0,11.0,2.5,2.0,0.0,ms,,10.46,0.05,0.191969407,True,True,Xiong23,EB,3,1.0413926851582251,0.08894108333678097,0.08715017571890027,163.09,0.004,0.31,2.25,0.012,0.005,0.08804562952784062,0.7071302298173247,0.24900398406374502
ASAS_J065134-2211.5_A,0.956,0.005,0.005,0.997,0.002,0.002,5495.41,43.96,43.96,0.09,0.13,0.13,,,,,4.421,0.003,0.003,0.0,0.817,0.062,0.058,0.0,ms,,20.18,0.07,0.049405352,True,True,Xiong23,EB,3,-0.08777794346758454,0.031766818541356434,0.03198028063693517,43.96,0.003,0.13,0.06,0.005,0.002,0.0318735495891458,0.5230125523012552,0.20060180541624875
ASAS_J065134-2211.5_B,0.674,0.002,0.002,0.69,0.003,0.003,3971.92,47.66,47.66,0.09,0.13,0.13,,,,,4.589,0.009,0.009,0.0,0.107,0.013,0.011,0.0,ms,,20.18,0.07,0.03419227,True,True,Xiong23,EB,3,-0.9706162223147904,0.049797468362415165,0.047112544645641186,47.66,0.009,0.13,0.012,0.002,0.003,0.048455006504028175,0.29673590504451036,0.4347826086956522
ASAS_J085002+1752.5_A,1.326,0.001,0.001,1.571,0.011,0.011,6561.45,91.86,91.86,-0.01,0.27,0.27,,,,,4.168,0.014,0.014,0.0,4.12,0.59,0.52,0.0,ms,,18.076,0.012,0.086910821,True,True,Xiong23,EB,3,0.6148972160331346,0.05812369109576154,0.058594715265847364,91.86,0.014,0.27,0.5549999999999999,0.001,0.011,0.05835920318080445,0.07541478129713423,0.7001909611712285
ASAS_J085002+1752.5_B,1.573,0.001,0.001,3.222,0.018,0.018,5727.96,103.1,103.1,-0.01,0.27,0.27,,,,,3.619,0.011,0.011,0.0,10.1,1.8,1.6,0.0,ms,,18.076,0.012,0.1782474,True,True,Xiong23,EB,3,1.0043213737826426,0.07122558760988817,0.07490244806834989,103.1,0.011,0.27,1.7000000000000002,0.001,0.018,0.07306401783911903,0.06357279084551812,0.5586592178770949
ASAS_J090232-5653.4_A,1.436,0.007,0.007,1.527,0.003,0.003,7030.72,98.43,98.43,-0.15,0.13,0.13,,,,,4.201,0.006,0.006,0.0,5.14,0.71,0.62,0.0,ms,,44.75,0.17,0.034122905,True,True,Xiong23,EB,3,0.7109631189952758,0.05619274708690469,0.055824684183893636,98.43,0.006,0.13,0.665,0.007,0.003,0.056008715635399164,0.4874651810584959,0.19646365422396858
ASAS_J090232-5653.4_B,1.372,0.008,0.008,1.392,0.003,0.003,6683.44,100.25,100.25,-0.15,0.13,0.13,,,,,4.244,0.007,0.007,0.0,3.48,0.52,0.45,0.0,ms,,44.75,0.17,0.031106145,True,True,Xiong23,EB,3,0.541579243946581,0.06048074738138143,0.06013661544427601,100.25,0.007,0.13,0.485,0.008,0.003,0.06030868141282872,0.5830903790087464,0.21551724137931036
ASAS_J163903-2847.2_A,1.421,0.002,0.002,2.157,0.003,0.003,6637.43,33.19,33.19,-0.19,0.16,0.16,,,,,3.923,0.002,0.002,0.0,8.15,0.38,0.37,0.0,ms,,47.0,0.04,0.045893617,True,True,Xiong23,EB,3,0.9111576087399766,0.01979142242754639,0.02017801175028766,33.19,0.002,0.16,0.375,0.002,0.003,0.019984717088917026,0.14074595355383532,0.13908205841446453
ASAS_J163903-2847.2_B,1.141,0.001,0.001,1.224,0.002,0.002,6591.74,164.79,164.79,-0.19,0.16,0.16,,,,,4.32,0.003,0.003,0.0,2.55,0.66,0.53,0.0,ms,,47.0,0.04,0.026042553,True,True,Xiong23,EB,3,0.4065401804339551,0.09996485197091698,0.10118881098733146,164.79,0.003,0.16,0.595,0.001,0.002,0.10057683147912422,0.0876424189307625,0.16339869281045752
ASAS_J171750-1915.3_A,1.357,0.001,0.001,1.676,0.003,0.003,6531.31,58.78,58.78,0.04,0.12,0.12,,,,,4.122,0.003,0.003,0.0,4.61,0.4,0.37,0.0,ms,F,12.564,0.009,0.133397007,True,True,Xiong23,EB,3,0.6637009253896482,0.0361368004775976,0.036335068796915504,58.78,0.003,0.12,0.385,0.001,0.003,0.03623593463725655,0.07369196757553427,0.17899761336515513
ASAS_J171750-1915.3_B,1.345,0.001,0.001,1.648,0.003,0.003,6501.3,58.51,58.51,0.04,0.12,0.12,,,,,4.133,0.003,0.003,0.0,4.38,0.38,0.35,0.0,ms,F,12.564,0.009,0.131168418,True,True,Xiong23,EB,3,0.6414741105040995,0.03613284221639357,0.036169064362990055,58.51,0.003,0.12,0.365,0.001,0.003,0.03615095328969181,0.07434944237918216,0.1820388349514563
ASAS_J231922-0852.2_A,1.136,0.001,0.001,1.64,0.004,0.004,6266.14,18.8,18.8,-0.39,0.07,0.07,,,,,4.064,0.005,0.005,0.0,3.74,0.11,0.11,0.0,ms,,18.04,0.015,0.090909091,True,True,Xiong23,EB,3,0.5728716022004802,0.012589127308020531,0.01296497716436762,18.8,0.005,0.07,0.11,0.001,0.004,0.012777052236194075,0.08802816901408451,0.24390243902439027
ASAS_J231922-0852.2_B,1.006,0.001,0.001,1.11,0.01,0.01,6237.35,43.66,43.66,-0.39,0.07,0.07,,,,,4.35,0.018,0.018,0.0,1.68,0.13,0.12,0.0,ms,,18.04,0.015,0.061529933,True,True,Xiong23,EB,3,0.22530928172586284,0.032369293143321654,0.032184683371401235,43.66,0.018,0.07,0.125,0.001,0.01,0.032276988257361444,0.09940357852882704,0.9009009009009008
ASASSN-V_J010440.99+051109.8_A,0.811,0.002,0.002,0.737,0.071,0.071,5212.25,31.08,31.08,-0.074,0.029,0.029,,,,,4.658,0.051,0.051,0.0,0.36,0.2,0.13,0.0,ms,,19.16652998,,0.038452448,True,True,Xiong23,EB,3,-0.44369749923271273,0.1918855262389132,0.19457466474969443,31.08,0.051,0.029,0.165,0.002,0.071,0.1932300954943038,0.2466091245376079,9.633649932157395
ASASSN-V_J010440.99+051109.8_B,0.847,0.002,0.002,1.082,0.059,0.059,4881.07,55.75,55.75,-0.074,0.029,0.029,,,,,4.297,0.068,0.068,0.0,0.6,0.19,0.14,0.0,ms,,19.16652998,,0.056452577,True,True,Xiong23,EB,3,-0.2218487496163564,0.11947584090679784,0.11539341870206957,55.75,0.068,0.029,0.165,0.002,0.059,0.1174346298044337,0.2361275088547816,5.4528650646950085
ASASSN-V_J064057.24+213910.5_A,1.657,0.023,0.023,1.681,0.058,0.058,8477.5,7.25,7.25,-0.604,0.01,0.01,,,,,4.05,0.02,0.02,0.0,13.15,2.26,1.93,0.0,ms,,10.91523409,,0.154004943,True,True,Xiong23,EB,3,1.1189257528257768,0.06887688589264251,0.06893289590563412,7.25,0.02,0.01,2.0949999999999998,0.023,0.058,0.06890489089913832,1.388050694025347,3.4503271861986917
ASASSN-V_J064057.24+213910.5_B,1.775,0.023,0.023,0.933,0.089,0.089,8718.72,416.29,416.29,-0.604,0.01,0.01,,,,,4.747,0.184,0.184,0.0,4.54,3.91,2.1,0.0,ms,,10.91523409,,0.085476866,True,True,Xiong23,EB,3,0.6570558528571039,0.2698008560925884,0.26966602651837446,416.29,0.184,0.01,3.005,0.023,0.089,0.26973344130548144,1.295774647887324,9.539121114683816
ASASSN-V_J172607.12+564531.5_A,1.069,0.04,0.04,1.272,0.241,0.241,5845.57,42.64,42.64,-0.114,0.041,0.041,,,,,4.366,0.07,0.07,0.0,1.7,2.38,0.99,0.0,ms,,14.40911851,,0.088277433,True,True,Xiong23,EB,3,0.2304489213782739,0.38021124171160603,0.37919057265919864,42.64,0.07,0.041,1.685,0.04,0.241,0.37970090718540234,3.7418147801683816,18.946540880503143
ASASSN-V_J172607.12+564531.5_B,1.017,0.04,0.04,1.452,0.246,0.246,6131.13,282.37,282.37,-0.114,0.041,0.041,,,,,4.121,0.199,0.199,0.0,2.69,3.85,1.58,0.0,ms,,14.40911851,,0.100769523,True,True,Xiong23,EB,3,0.42975228000240795,0.38582546832185927,0.3844293012157506,282.37,0.199,0.041,2.715,0.04,0.246,0.3851273847688049,3.9331366764995086,16.94214876033058
BN_Scl_A,1.407,0.001,0.001,1.834,0.003,0.003,6309.57,18.93,18.93,-0.23,0.06,0.06,,,,,4.059,0.003,0.003,0.0,4.81,0.13,0.13,0.0,ms,F7,13.8252,0.0063,0.132656309,True,True,Xiong23,EB,3,0.6821450763738317,0.011581872549815131,0.011899223299707717,18.93,0.003,0.06,0.13,0.001,0.003,0.011740547924761424,0.07107320540156362,0.16357688113413302
BN_Scl_B,1.244,0.001,0.001,1.38,0.004,0.004,6237.35,31.19,31.19,-0.23,0.06,0.06,,,,,4.256,0.006,0.006,0.0,2.6,0.13,0.12,0.0,ms,F8,13.8252,0.0063,0.099817724,True,True,Xiong23,EB,3,0.414973347970818,0.02118929906993805,0.020521667144601685,31.19,0.006,0.06,0.125,0.001,0.004,0.020855483107269868,0.08038585209003216,0.2898550724637682
Cl*_NGC_2632_KP_401228_A,0.983,0.029,0.029,1.315,0.197,0.197,6366.84,11.14,11.14,-0.09,0.009,0.009,,,,,4.162,0.016,0.016,0.0,2.56,2.55,1.28,0.0,ms,,12.30985467,,0.106824982,True,True,Xiong23,EB,3,0.4082399653118496,0.3001809348228631,0.3010299956639812,11.14,0.016,0.009,1.915,0.029,0.197,0.30060546524342213,2.9501525940996953,14.980988593155894
DS_And_A,1.655,0.013,0.013,2.086,0.006,0.006,7063.18,63.57,63.57,-0.03,0.02,0.02,,,,,4.018,0.013,0.013,0.0,9.77,0.84,0.78,0.0,ms,,36.67167013,,0.056883147,True,True,Xiong23,EB,3,0.989894563718773,0.0358208201825676,0.036134871985544215,63.57,0.013,0.02,0.81,0.013,0.006,0.03597784608405591,0.7854984894259819,0.28763183125599234
DS_And_B,1.087,0.017,0.017,1.255,0.006,0.006,5970.35,59.7,59.7,-0.03,0.02,0.02,,,,,4.277,0.025,0.025,0.0,1.8,0.18,0.16,0.0,ms,,36.67167013,,0.034222603,True,True,Xiong23,EB,3,0.25527250510330607,0.04139268515822503,0.040428657055608164,59.7,0.025,0.02,0.16999999999999998,0.017,0.006,0.040910671106916596,1.5639374425023,0.47808764940239046
EPIC210822691_A,1.09,0.004,0.004,1.25,0.004,0.004,5956.62,53.61,53.61,0.0,0.05,0.05,,,,,4.286,0.021,0.021,0.0,1.77,0.16,0.14,0.0,ms,,21.51646759,,0.058095038,True,True,Xiong23,EB,3,0.24797326636180664,0.037584042645967125,0.03578566195784885,53.61,0.021,0.05,0.15000000000000002,0.004,0.004,0.03668485230190799,0.3669724770642202,0.32
EPIC210822691_B,0.96,0.009,0.009,0.94,0.004,0.004,5559.04,66.71,66.71,0.0,0.05,0.05,,,,,4.473,0.033,0.033,0.0,0.76,0.091,0.081,0.0,ms,,21.51646759,,0.043687468,True,True,Xiong23,EB,3,-0.11918640771920865,0.04911596780379651,0.04894381800028964,66.71,0.033,0.05,0.086,0.009,0.004,0.04902989290204308,0.9374999999999999,0.4255319148936171
EPIC211391083_A,1.594,0.013,0.013,1.432,0.228,0.228,5529.74,45.16,45.16,0.03,0.13,0.13,,,,,4.21,0.1,0.1,0.0,1.73,1.88,0.9,0.0,ms,,70.27746546,,0.020376375,True,True,Xiong23,EB,3,0.2380461031287954,0.3194610987768626,0.3189680107527215,45.16,0.1,0.13,1.39,0.013,0.228,0.31921455476479205,0.8155583437892095,15.921787709497208
EPIC211396167_A,0.746,0.011,0.011,0.661,0.083,0.083,4697.68,43.23,43.23,-0.224,0.17,0.17,,,,,4.13,0.2,0.2,0.0,0.19,0.15,0.08,0.0,ms,,13.03572926,,0.050706791,True,True,Xiong23,EB,3,-0.721246399047171,0.2527253160894261,0.23736091579460394,43.23,0.2,0.17,0.11499999999999999,0.011,0.083,0.24504311594201503,1.4745308310991956,12.556732223903177
EPIC211396167_B,0.756,0.011,0.011,0.873,0.173,0.173,4658.78,123.6,123.6,-0.224,0.17,0.17,,,,,4.434,0.26,0.26,0.0,0.32,0.51,0.2,0.0,ms,,13.03572926,,0.066969786,True,True,Xiong23,EB,3,-0.494850021680094,0.4139281140561679,0.4259687322722812,123.6,0.26,0.17,0.355,0.011,0.173,0.41994842316422454,1.455026455026455,19.816723940435278
EPIC211563123_A,1.148,0.009,0.009,2.081,0.105,0.105,5971.97,10.79,10.79,-0.234,0.01,0.01,,,,,3.8,0.04,0.04,0.0,4.97,1.3,1.03,0.0,ms,,37.21705321,,0.055915228,True,True,Xiong23,EB,3,0.696356388733332,0.10091115209738433,0.10086016690775801,10.79,0.04,0.01,1.165,0.009,0.105,0.10088565950257117,0.7839721254355401,5.045651129264777
EPIC211563123_B,1.157,0.009,0.009,2.15,0.161,0.161,5665.94,84.29,84.29,-0.234,0.01,0.01,,,,,3.836,0.078,0.078,0.0,4.3,1.93,1.33,0.0,ms,,37.21705321,,0.057769216,True,True,Xiong23,EB,3,0.6334684555795865,0.16101959107958308,0.1607120062623742,84.29,0.078,0.01,1.63,0.009,0.161,0.16086579867097864,0.7778738115816767,7.488372093023257
EPIC211770390_A,0.825,0.03,0.03,2.156,0.322,0.322,5840.19,128.78,128.78,0.034,0.067,0.067,,,,,3.972,0.107,0.107,0.0,4.88,5.1,2.49,0.0,ms,,19.31968792,,0.111596006,True,True,Xiong23,EB,3,0.6884198220027106,0.31071071928466054,0.31002192105457294,128.78,0.107,0.067,3.795,0.03,0.322,0.31036632016961674,3.6363636363636367,14.935064935064936
EPIC211770390_B,0.859,0.03,0.03,1.998,0.332,0.332,5343.71,240.28,240.28,0.034,0.067,0.067,,,,,3.77,0.153,0.153,0.0,2.94,4.08,1.71,0.0,ms,,19.31968792,,0.10341782,True,True,Xiong23,EB,3,0.46834733041215726,0.37798978171764797,0.3784422189727593,240.28,0.153,0.067,2.895,0.03,0.332,0.37821600034520364,3.492433061699651,16.616616616616618
EPIC211902535_A,1.922,0.064,0.064,2.097,0.252,0.252,5808.92,21.47,21.47,0.1,0.02,0.02,,,,,3.935,0.035,0.035,0.0,4.52,3.35,1.92,0.0,ms,,31.41212834,,0.066757654,True,True,Xiong23,EB,3,0.6551384348113821,0.24083629754768243,0.2401650868405642,21.47,0.035,0.02,2.635,0.064,0.252,0.24050069219412332,3.329864724245578,12.017167381974248
EPIC219394517_A,1.078,0.001,0.001,1.055,0.005,0.005,5929.25,41.5,41.5,0.07,0.03,0.03,,,,,4.425,0.009,0.009,0.0,1.2,0.1,0.1,0.0,ms,G0,18.954,0.012,0.055661074,True,True,Xiong23,EB,3,0.07918124604762482,0.03476210625921197,0.03778856088939983,41.5,0.009,0.03,0.1,0.001,0.005,0.0362753335743059,0.09276437847866419,0.47393364928909953
EPIC219394517_B,1.066,0.001,0.001,1.042,0.005,0.005,5874.89,41.12,41.12,0.07,0.03,0.03,,,,,4.43,0.01,0.01,0.0,1.2,0.1,0.1,0.0,ms,G1,18.954,0.012,0.054975203,True,True,Xiong23,EB,3,0.07918124604762482,0.03476210625921197,0.03778856088939983,41.12,0.01,0.03,0.1,0.001,0.005,0.0362753335743059,0.09380863039399624,0.4798464491362764
EPIC219511354_A,0.912,0.006,0.006,0.92,0.007,0.007,5035.01,65.46,65.46,0.07,0.03,0.03,,,,,4.47,0.016,0.016,0.0,0.491,0.065,0.057,0.0,ms,K,6.979,0.052,0.131824044,True,True,Xiong23,EB,3,-0.3089185078770315,0.05399329945908904,0.05359176261045778,65.46,0.016,0.03,0.061,0.006,0.007,0.05379253103477341,0.6578947368421052,0.7608695652173914
EPIC219511354_B,0.822,0.007,0.007,0.851,0.007,0.007,4688.13,56.26,56.26,0.07,0.03,0.03,,,,,4.494,0.017,0.017,0.0,0.316,0.039,0.035,0.0,ms,K,6.979,0.052,0.12193724,True,True,Xiong23,EB,3,-0.5003129173815962,0.05054127043669027,0.05098076271332386,56.26,0.017,0.03,0.037000000000000005,0.007,0.007,0.05076101657500706,0.8515815085158153,0.8225616921269097
EPIC219568666_A,1.121,0.006,0.006,1.178,0.003,0.003,6137.62,42.96,42.96,0.07,0.03,0.03,,,,,4.346,0.005,0.005,0.0,1.77,0.12,0.11,0.0,ms,F8,27.086,0.089,0.043491102,True,True,Xiong23,EB,3,0.24797326636180664,0.028488537811437536,0.02786517832175156,42.96,0.005,0.03,0.11499999999999999,0.006,0.003,0.02817685806659455,0.5352363960749331,0.2546689303904924
EPIC219568666_B,0.733,0.002,0.002,0.64,0.007,0.007,4497.8,44.98,44.98,0.07,0.03,0.03,,,,,4.69,0.022,0.022,0.0,0.151,0.017,0.015,0.0,ms,,27.086,0.089,0.023628443,True,True,Xiong23,EB,3,-0.8210230527068306,0.04633233443269347,0.04543803892295184,44.98,0.022,0.03,0.016,0.002,0.007,0.045885186677822654,0.2728512960436562,1.09375
EPIC220398184_A,0.444,0.011,0.011,0.517,0.026,0.026,3631.17,89.92,89.92,-0.498,0.107,0.107,,,,,4.656,0.149,0.149,0.0,0.04,0.02,0.01,0.0,ms,,7.803052742,,0.06625612,True,True,Xiong23,EB,3,-1.3979400086720375,0.17609125905568113,0.12493873660830013,89.92,0.149,0.107,0.015,0.011,0.026,0.15051499783199063,2.477477477477477,5.029013539651838
EPIC220398184_B,0.433,0.011,0.011,0.488,0.041,0.041,3637.21,19.92,19.92,-0.498,0.107,0.107,,,,,4.687,0.11,0.11,0.0,0.04,0.02,0.01,0.0,ms,,7.803052742,,0.062539626,True,True,Xiong23,EB,3,-1.3979400086720375,0.17609125905568113,0.12493873660830013,19.92,0.11,0.107,0.015,0.011,0.041,0.15051499783199063,2.5404157043879905,8.401639344262296
G250-29_A,0.35,0.005,0.005,0.355,0.017,0.017,3448.0,109.0,109.0,-0.14,0.1,0.1,,,,,4.88,0.04,0.04,1.0,0.0161,0.004,0.0032,0.0,ms,M,992.9989812,,0.000357503,True,True,Xiong23,EB,3,-1.7931741239681502,0.09637018138863906,0.09623616573260074,109.0,0.04,0.1,0.0036,0.005,0.017,0.0963031735606199,1.4285714285714286,4.788732394366198
G250-29_B,0.187,0.004,0.004,0.231,0.011,0.011,3279.0,109.0,109.0,-0.14,0.1,0.1,,,,,4.98,0.04,0.04,1.0,0.0056,0.0014,0.0011,0.0,ms,M,992.9989812,,0.000232629,True,True,Xiong23,EB,3,-2.2518119729937998,0.09691001300805668,0.09497551323085673,109.0,0.04,0.1,0.00125,0.004,0.011,0.09594276311945671,2.1390374331550803,4.761904761904761
GJ_1081_A,0.325,0.01,0.01,0.343,0.015,0.015,3390.0,109.0,109.0,-0.12,0.1,0.1,,,,,4.88,0.04,0.04,1.0,0.014,0.0031,0.0025,0.0,ms,M,867.5897227,,0.000395348,True,True,Xiong23,EB,3,-1.853871964321762,0.08686807471391589,0.08543019532462637,109.0,0.04,0.1,0.0028,0.01,0.015,0.08614913501927113,3.0769230769230766,4.373177842565597
GJ_1081_B,0.205,0.007,0.007,0.237,0.011,0.011,3168.0,109.0,109.0,-0.12,0.1,0.1,,,,,5.0,0.04,0.04,1.0,0.0051,0.0012,0.001,0.0,ms,M,867.5897227,,0.000273171,True,True,Xiong23,EB,3,-2.2924298239020637,0.09177037335564542,0.09478631937820081,109.0,0.04,0.1,0.0010999999999999998,0.007,0.011,0.09327834636692311,3.414634146341464,4.641350210970463
GJ_1245_A,0.12,0.001,0.001,0.146,0.007,0.007,2927.0,109.0,109.0,-0.07,0.1,0.1,,,,,5.19,0.04,0.04,1.0,0.00141,0.00035,0.00028,0.0,ms,M,827.2013477,,0.000176499,True,True,Xiong23,EB,3,-2.85078088734462,0.0962935551587698,0.09614066917196062,109.0,0.04,0.1,0.00031499999999999996,0.001,0.007,0.09621711216536522,0.8333333333333334,4.794520547945206
GJ_1245_C,0.081,0.001,0.001,0.087,0.004,0.004,2611.0,109.0,109.0,-0.07,0.1,0.1,,,,,5.47,0.04,0.04,1.0,0.000317,7.5e-05,6.1e-05,0.0,ms,M,827.2013477,,0.000105174,True,True,Xiong23,EB,3,-3.4989407377822483,0.09222680480270551,0.09281929690590207,109.0,0.04,0.1,6.8e-05,0.001,0.004,0.09252305085430379,1.2345679012345678,4.597701149425288
GJ_22_A,0.405,0.008,0.008,0.376,0.018,0.018,3577.0,109.0,109.0,-0.19,0.1,0.1,,,,,4.9,0.04,0.04,1.0,0.0208,0.0052,0.0041,0.0,ms,M,1107.399497,,0.000339534,True,True,Xiong23,EB,3,-1.6819366650372385,0.09691001300805646,0.0953468638151782,109.0,0.04,0.1,0.00465,0.008,0.018,0.09612843841161733,1.9753086419753085,4.787234042553191
GJ_22_C,0.157,0.003,0.003,0.179,0.009,0.009,3196.0,109.0,109.0,-0.19,0.1,0.1,,,,,5.13,0.05,0.04,1.0,0.003013,0.000789,0.000625,0.0,ms,M,1107.399497,,0.00016164,True,True,Xiong23,EB,3,-2.521000868326643,0.10101298085606736,0.10096480921602558,109.0,0.045,0.1,0.000707,0.003,0.009,0.10098889503604647,1.910828025477707,5.027932960893854
GJ_469_A,0.332,0.007,0.007,0.329,0.016,0.016,3320.0,109.0,109.0,-0.1,0.1,0.1,,,,,4.92,0.04,0.04,1.0,0.0119,0.003,0.0024,0.0,ms,M,884.1356604,,0.000372115,True,True,Xiong23,EB,3,-1.9244530386074692,0.09763930701974322,0.09782335610368276,109.0,0.04,0.1,0.0027,0.007,0.016,0.09773133156171299,2.108433734939759,4.86322188449848
GJ_469_B,0.188,0.004,0.004,0.266,0.011,0.011,3134.0,109.0,109.0,-0.1,0.1,0.1,,,,,4.86,0.04,0.04,1.0,0.0062,0.0013,0.0011,0.0,ms,M,884.1356604,,0.000300859,True,True,Xiong23,EB,3,-2.207608310501746,0.0826695738934462,0.08482151340031763,109.0,0.04,0.1,0.0012000000000000001,0.004,0.011,0.08374554364688191,2.127659574468085,4.135338345864661
HD285001_A,1.324,0.016,0.016,2.399,0.078,0.078,6692.25,14.63,14.63,-0.108,0.013,0.013,,,,,3.998,0.024,0.024,0.0,10.4,1.71,1.47,0.0,ms,,14.95683618,,0.160394884,True,True,Xiong23,EB,3,1.0170333392987803,0.06611080384427193,0.06618188041023387,14.63,0.024,0.013,1.5899999999999999,0.016,0.078,0.0661463421272529,1.2084592145015105,3.2513547311379742
HD285001_B,1.573,0.016,0.016,1.699,0.202,0.202,6300.44,79.4,79.4,-0.108,0.013,0.013,,,,,4.174,0.162,0.162,0.0,4.1,3.08,1.76,0.0,ms,,14.95683618,,0.113593542,True,True,Xiong23,EB,3,0.6127838567197355,0.24334058752256482,0.24356799930959266,79.4,0.162,0.013,2.42,0.016,0.202,0.24345429341607874,1.0171646535282899,11.889346674514421
HD96609_B,1.84,0.004,0.004,1.697,0.002,0.002,8953.65,107.44,107.44,0.02,0.06,0.06,,,,,4.243,0.002,0.002,0.0,16.7,1.9,1.7,0.0,ms,A2,28.23,0.06,0.060113355,True,True,Xiong23,EB,3,1.2227164711475833,0.04679647307033297,0.04662521209190196,107.44,0.002,0.06,1.7999999999999998,0.004,0.002,0.04671084258111746,0.21739130434782608,0.11785503830288745
KIC10031808_A,1.741,0.004,0.004,2.59,0.009,0.009,7112.14,49.78,49.78,-0.11,0.08,0.08,,,,,3.852,0.006,0.006,0.0,15.5,1.1,1.0,0.0,ms,,26.905,0.054,0.096264635,True,True,Xiong23,EB,3,1.1903316981702914,0.02977638986976383,0.028963695935316558,49.78,0.006,0.08,1.05,0.004,0.009,0.029370042902540194,0.22975301550832855,0.34749034749034746
KIC10031808_B,1.798,0.006,0.006,3.027,0.006,0.006,6839.12,47.87,47.87,-0.11,0.08,0.08,,,,,3.731,0.004,0.004,0.0,18.1,1.2,1.1,0.0,ms,,26.905,0.054,0.112506969,True,True,Xiong23,EB,3,1.2576785748691846,0.027878734138589323,0.027229653490910666,47.87,0.004,0.08,1.15,0.006,0.006,0.027554193814749994,0.3337041156840934,0.19821605550049554
KIC3439031_A,1.226,0.001,0.001,1.407,0.001,0.001,6531.31,97.97,97.97,0.1,0.13,0.13,,,,,4.23,0.001,0.001,0.0,3.25,0.48,0.42,0.0,ms,F,18.646,0.13,0.075458543,True,True,Xiong23,EB,3,0.5118833609788743,0.059825470829813265,0.06009692545458406,97.97,0.001,0.13,0.44999999999999996,0.001,0.001,0.05996119814219866,0.08156606851549755,0.07107320540156362
KIC3439031_B,1.227,0.001,0.001,1.403,0.001,0.001,6531.31,97.97,97.97,0.1,0.13,0.13,,,,,4.233,0.002,0.002,0.0,3.23,0.48,0.42,0.0,ms,F,18.646,0.13,0.07524402,True,True,Xiong23,EB,3,0.5092025223311029,0.060171387283943,0.06049620242602294,97.97,0.002,0.13,0.44999999999999996,0.001,0.001,0.06033379485498297,0.08149959250203749,0.07127583749109052
KIC5359678_A,1.32,0.06,0.06,1.52,0.04,0.04,6500.0,50.0,50.0,-0.104,0.046,0.046,,,,,4.2,0.079,0.079,0.0,3.72,0.56,0.49,0.0,ms,F,19.19,,0.079207921,True,True,Xiong23,EB,3,0.5705429398818975,0.06090082913127448,0.06134041755079456,50.0,0.079,0.046,0.525,0.06,0.04,0.06112062334103452,4.545454545454545,2.6315789473684212
KIC7821010_A,1.277,0.007,0.007,1.276,0.005,0.005,6714.29,67.14,67.14,0.1,0.08,0.08,,,,,4.332,0.007,0.007,0.0,2.99,0.3,0.27,0.0,ms,,47.83,0.2,0.026677817,True,True,Xiong23,EB,3,0.4756711883244297,0.041524709625544665,0.04110228429023094,67.14,0.007,0.08,0.28500000000000003,0.007,0.005,0.0413134969578878,0.5481597494126861,0.39184952978056425
KIC7821010_B,1.221,0.007,0.007,1.21,0.006,0.006,6561.45,72.18,72.18,0.1,0.08,0.08,,,,,4.359,0.009,0.009,0.0,2.45,0.27,0.24,0.0,ms,,47.83,0.2,0.02529793,True,True,Xiong23,EB,3,0.3891660843645325,0.04540281966966625,0.044773810679421766,72.18,0.009,0.08,0.255,0.007,0.006,0.04508831517454401,0.5733005733005733,0.49586776859504134
KIC8301013_A,1.29,0.02,0.02,1.45,0.01,0.01,6144.0,100.0,100.0,-0.019,0.035,0.035,,,,,4.22,0.01,0.01,0.0,2.7,0.44,0.38,0.0,ms,F,15.2,0.1,0.095394737,True,True,Xiong23,EB,3,0.43136376415898736,0.06556588391422757,0.06587577926808763,100.0,0.01,0.035,0.41000000000000003,0.02,0.01,0.0657208315911576,1.5503875968992247,0.6896551724137931
KIC8301013_B,1.11,0.05,0.05,1.2,0.01,0.01,5966.0,97.0,97.0,-0.019,0.035,0.035,,,,,4.33,0.02,0.02,0.0,1.64,0.27,0.24,0.0,ms,F,15.2,0.1,0.078947368,True,True,Xiong23,EB,3,0.21484384804769785,0.06618951920002969,0.06871581236945984,97.0,0.02,0.035,0.255,0.05,0.01,0.06745266578474476,4.504504504504504,0.8333333333333334
KIC9850387_A,1.66,0.004,0.004,2.154,0.001,0.001,7328.25,36.64,36.64,-0.2,0.05,0.05,,,,,3.992,0.003,0.003,0.0,12.05,0.57,0.54,0.0,ms,F,11.52912366,,0.186831199,True,True,Xiong23,EB,3,1.0809870469108873,0.020072307997228256,0.019911723281095473,36.64,0.003,0.05,0.5549999999999999,0.004,0.001,0.019992015639161864,0.24096385542168677,0.04642525533890437
KIC9850387_B,1.062,0.002,0.002,1.081,0.001,0.001,6165.95,30.83,30.83,-0.2,0.05,0.05,,,,,4.396,0.003,0.003,0.0,1.52,0.07,0.07,0.0,ms,G,11.52912366,,0.093762547,True,True,Xiong23,EB,3,0.18184358794477254,0.01955353637567897,0.020475585709797656,30.83,0.003,0.05,0.07,0.002,0.001,0.020014561042738313,0.18832391713747645,0.09250693802035154
KOI-6964_A,1.307,0.025,0.025,1.42,0.198,0.198,6452.39,54.82,54.82,-0.204,0.031,0.031,,,,,4.244,0.046,0.046,0.0,3.15,2.86,1.5,0.0,ms,,14.88816689,,0.095377759,True,True,Xiong23,EB,3,0.4983105537896005,0.28056391821313903,0.2808266095756942,54.82,0.046,0.031,2.1799999999999997,0.025,0.198,0.2806952638944166,1.912777352716144,13.943661971830988
LINEAR_23079661_A,0.568,0.011,0.011,0.76,0.074,0.074,3772.83,66.75,66.75,-0.2,0.1,0.1,,,,,4.823,0.11,0.11,0.0,0.11,0.06,0.04,0.0,ms,,7.872884814,,0.096533865,True,True,Xiong23,EB,3,-0.958607314841775,0.18905623622004886,0.1962946451439681,66.75,0.11,0.1,0.05,0.011,0.074,0.19267544068200848,1.936619718309859,9.736842105263158
LINEAR_23079661_B,0.489,0.011,0.011,0.713,0.158,0.158,3742.5,114.96,114.96,-0.2,0.1,0.1,,,,,4.421,0.259,0.259,0.0,0.09,0.17,0.06,0.0,ms,,7.872884814,,0.090564008,True,True,Xiong23,EB,3,-1.0457574905606752,0.4607308385314932,0.4771212547196624,114.96,0.259,0.1,0.115,0.011,0.158,0.4689260466255778,2.249488752556237,22.15988779803647
NGC_2506_V4_A,1.478,0.003,0.003,2.3,0.006,0.006,6823.39,40.94,40.94,-0.36,0.1,0.1,,,,,3.884,0.007,0.007,0.0,10.33,0.61,0.58,0.0,ms,,11.87,0.02,0.193765796,True,True,Xiong23,EB,3,1.0141003215196205,0.02491700047779144,0.02509570582108367,40.94,0.007,0.1,0.595,0.003,0.006,0.025006353149437555,0.20297699594046006,0.2608695652173913
NGC_2506_V4_B,1.25,0.004,0.004,1.534,0.008,0.008,6823.39,40.94,40.94,-0.36,0.1,0.1,,,,,4.163,0.012,0.012,0.0,4.6,0.28,0.27,0.0,ms,,11.87,0.02,0.129233361,True,True,Xiong23,EB,3,0.6627578316815741,0.025661990321136474,0.02626993532820865,40.94,0.012,0.1,0.275,0.004,0.008,0.02596596282467256,0.32,0.5215123859191656
NGTS_0002-29_A,0.398,0.001,0.001,0.404,0.002,0.002,3372.87,16.86,16.86,0.04,0.04,0.04,,,,,4.826,0.01,0.01,0.0,0.019,0.001,0.001,0.0,ms,,3.8239,0.0099,0.105651298,True,True,Xiong23,EB,3,-1.7212463990471711,0.022276394711152392,0.02348109584952285,16.86,0.01,0.04,0.001,0.001,0.002,0.02287874528033762,0.25125628140703515,0.49504950495049505
NGTS_0002-29_B,0.224,0.001,0.001,0.276,0.002,0.002,3228.49,19.37,19.37,0.04,0.04,0.04,,,,,4.908,0.017,0.017,0.0,0.00746,0.00053,0.0005,0.0,ms,,3.8239,0.0099,0.07217762,True,True,Xiong23,EB,3,-2.1272611725273314,0.029807951841322566,0.03012958786210662,19.37,0.017,0.04,0.000515,0.001,0.002,0.029968769851714594,0.44642857142857145,0.7246376811594203
PTFEB_132.707+19.810_A,0.395,0.001,0.001,0.363,0.003,0.003,3258.37,39.1,39.1,0.14,0.04,0.04,,,,,4.915,0.019,0.019,0.0,0.0134,0.0017,0.0015,0.0,ms,M3.5±0.2,11.77,0.01,0.030832796,True,True,Xiong23,EB,3,-1.8728952016351923,0.05187214892836178,0.051557836972276894,39.1,0.019,0.04,0.0015999999999999999,0.001,0.003,0.05171499295031934,0.25316455696202533,0.8264462809917356
PTFEB_132.707+19.810_B,0.21,0.001,0.001,0.272,0.005,0.005,3118.89,46.78,46.78,0.14,0.04,0.04,,,,,4.891,0.039,0.039,0.0,0.0063,0.0011,0.001,0.0,ms,M4.3±0.7,11.77,0.01,0.023103362,True,True,Xiong23,EB,3,-2.2006594505464183,0.06989117027739455,0.07506467985279253,46.78,0.039,0.04,0.0010500000000000002,0.001,0.005,0.07247792506509354,0.4761904761904762,1.838235294117647
TYC_1332-131-1_A,1.2,0.014,0.014,2.412,0.21,0.21,6082.8,7.88,7.88,-0.078,0.006,0.006,,,,,3.992,0.011,0.011,0.0,7.18,3.54,2.37,0.0,ms,,12.3748729,,0.194911093,True,True,Xiong23,EB,3,0.8561244442423003,0.17407034111445097,0.17397936786846857,7.88,0.011,0.006,2.955,0.014,0.21,0.17402485449145977,1.1666666666666667,8.706467661691542
TYC_1332-131-1_B,1.309,0.014,0.014,1.551,0.159,0.159,6017.11,128.33,128.33,-0.078,0.006,0.006,,,,,4.173,0.133,0.133,0.0,2.84,1.9,1.14,0.0,ms,,12.3748729,,0.125334621,True,True,Xiong23,EB,3,0.45331834004703764,0.2224600016270475,0.22286941866876372,128.33,0.133,0.006,1.52,0.014,0.159,0.22266471014790562,1.0695187165775402,10.251450676982593
TYC_2271-1530-1_A,1.123,0.031,0.031,1.723,0.08,0.08,6492.12,13.9,13.9,-0.101,0.013,0.013,,,,,4.006,0.023,0.023,0.0,4.75,1.14,0.92,0.0,ms,,24.82086886,,0.069417393,True,True,Xiong23,EB,3,0.6766936096248666,0.09342168516223504,0.09349483565624384,13.9,0.023,0.013,1.03,0.031,0.08,0.09345826040923944,2.7604630454140695,4.643064422518862
TYC_2271-1530-1_B,1.123,0.031,0.031,1.68,0.13,0.13,6625.81,94.05,94.05,-0.101,0.013,0.013,,,,,4.037,0.088,0.088,0.0,4.91,2.27,1.55,0.0,ms,,24.82086886,,0.067684979,True,True,Xiong23,EB,3,0.6910814921229684,0.16504295211933184,0.16474221473312434,94.05,0.088,0.013,1.9100000000000001,0.031,0.13,0.1648925834262281,2.7604630454140695,7.738095238095238
Tyc_5227-1023-1_A,0.956,0.007,0.007,1.388,0.004,0.004,6353.31,88.95,88.95,-0.63,0.11,0.11,,,,,4.13,0.01,0.01,0.0,2.83,0.39,0.34,0.0,ms,F7,13.54,0.07,0.10252698,True,True,Xiong23,EB,3,0.45178643552429026,0.05606943617154064,0.055587088428553866,88.95,0.01,0.11,0.365,0.007,0.004,0.055828262300047254,0.7322175732217574,0.2881844380403459
Tyc_5227-1023-1_B,0.839,0.005,0.005,0.977,0.004,0.004,5929.25,94.87,94.87,-0.63,0.11,0.11,,,,,4.38,0.01,0.01,0.0,1.1,0.2,0.1,0.0,ms,,13.54,0.07,0.072167766,True,True,Xiong23,EB,3,0.04139268515822508,0.07255066714861172,0.04139268515822508,94.87,0.01,0.11,0.15000000000000002,0.005,0.004,0.0569716761534184,0.5959475566150179,0.4094165813715456
UCAC4_473-001351_A,1.105,0.023,0.023,1.46,0.186,0.186,5897.59,25.76,25.76,0.079,0.024,0.024,,,,,4.173,0.043,0.043,0.0,2.32,1.86,1.03,0.0,ms,,25.18153515,,0.057978991,True,True,Xiong23,EB,3,0.3654879848908996,0.2556882968841355,0.2548982745916507,25.76,0.043,0.024,1.445,0.023,0.186,0.2552932857378931,2.0814479638009047,12.739726027397262
UCAC4_473-001351_B,0.932,0.023,0.023,1.882,0.239,0.239,6119.73,295.09,295.09,0.079,0.024,0.024,,,,,3.857,0.126,0.126,0.0,4.48,4.86,2.33,0.0,ms,,25.18153515,,0.074737302,True,True,Xiong23,EB,3,0.651278013998144,0.3190688622319493,0.3188395540825386,295.09,0.126,0.024,3.595,0.023,0.239,0.31895420815724396,2.4678111587982827,12.699256110520723
UCAC4_555-031577_A,1.151,0.04,0.04,1.572,0.144,0.144,6546.17,39.09,39.09,-0.384,0.027,0.027,,,,,4.124,0.044,0.044,0.0,4.09,2.17,1.42,0.0,ms,,11.46449241,,0.137119023,True,True,Xiong23,EB,3,0.6117233080073418,0.18485102520308794,0.18521204664276653,39.09,0.044,0.027,1.795,0.04,0.144,0.18503153592292723,3.475238922675934,9.16030534351145
UCAC4_555-031577_B,0.85,0.04,0.04,1.132,0.11,0.11,5736.81,52.19,52.19,-0.384,0.027,0.027,,,,,4.259,0.114,0.114,0.0,1.25,0.72,0.46,0.0,ms,,11.46449241,,0.098739653,True,True,Xiong23,EB,3,0.09691001300805642,0.1975562131535365,0.19928292171761497,52.19,0.114,0.027,0.59,0.04,0.11,0.19841956743557573,4.705882352941177,9.71731448763251
UCAC4_570-022931_A,1.271,0.04,0.04,2.225,0.151,0.151,6436.53,24.81,24.81,0.063,0.023,0.023,,,,,4.05,0.041,0.041,0.0,7.66,2.84,2.07,0.0,ms,,15.89812825,,0.139953582,True,True,Xiong23,EB,3,0.884228769632604,0.13696052943733406,0.13681696174618074,24.81,0.041,0.023,2.455,0.04,0.151,0.1368887455917574,3.1471282454760034,6.786516853932584
UCAC4_570-022931_B,1.174,0.04,0.04,0.934,0.204,0.204,6672.47,227.47,227.47,0.063,0.023,0.023,,,,,4.566,0.344,0.344,0.0,1.56,2.92,1.02,0.0,ms,,15.89812825,,0.058749054,True,True,Xiong23,EB,3,0.1931245983544616,0.4581534156436824,0.46073083853149305,227.47,0.344,0.023,1.97,0.04,0.204,0.4594421270875877,3.4071550255536627,21.84154175588865
UCAC4_576-009710_A,1.265,0.009,0.009,1.131,0.161,0.161,6164.53,14.12,14.12,-0.087,0.013,0.013,,,,,4.272,0.023,0.023,0.0,1.67,1.55,0.8,0.0,ms,,11.80963692,,0.095769244,True,True,Xiong23,EB,3,0.22271647114758325,0.28513940054824766,0.2831972185289648,14.12,0.023,0.013,1.175,0.009,0.161,0.2841683095386062,0.7114624505928854,14.235190097259064
UCAC4_576-009710_B,1.233,0.009,0.009,2.0,0.139,0.139,5132.08,274.89,274.89,-0.087,0.013,0.013,,,,,3.924,0.077,0.077,0.0,2.5,2.0,1.11,0.0,ms,,11.80963692,,0.169353217,True,True,Xiong23,EB,3,0.3979400086720376,0.2552725051033061,0.25492520841794253,274.89,0.077,0.013,1.5550000000000002,0.009,0.139,0.2550988567606243,0.72992700729927,6.950000000000001
UCAC4_625-128029_A,1.187,0.007,0.007,1.825,0.149,0.149,6016.9,32.34,32.34,-0.105,0.02,0.02,,,,,4.239,0.03,0.03,0.0,3.94,1.82,1.24,0.0,ms,,19.90498668,,0.091685568,True,True,Xiong23,EB,3,0.5954962218255742,0.1649262615976379,0.1641324576665868,32.34,0.03,0.02,1.53,0.007,0.149,0.16452935963211235,0.5897219882055602,8.164383561643834
UCAC4_625-128029_B,0.986,0.007,0.007,1.905,0.247,0.247,5495.31,43.96,43.96,-0.105,0.02,0.02,,,,,3.872,0.132,0.132,0.0,2.99,2.46,1.35,0.0,ms,,19.90498668,,0.095704661,True,True,Xiong23,EB,3,0.4756711883244297,0.26072531395221277,0.26082734027673177,43.96,0.132,0.02,1.905,0.007,0.247,0.2607763271144723,0.7099391480730224,12.965879265091862
UCAC4_665-061158_A,0.712,0.007,0.007,0.817,0.057,0.057,4747.23,73.64,73.64,-0.208,0.058,0.058,,,,,4.401,0.095,0.095,0.0,0.31,0.13,0.09,0.0,ms,,5.554021558,,0.147100617,True,True,Xiong23,EB,3,-0.5086383061657274,0.15209098265191479,0.14893901301206636,73.64,0.095,0.058,0.11,0.007,0.057,0.15051499783199057,0.9831460674157305,6.9767441860465125
UCAC4_665-061158_B,0.566,0.007,0.007,0.719,0.116,0.116,3579.6,119.26,119.26,-0.208,0.058,0.058,,,,,4.477,0.202,0.202,0.0,0.08,0.09,0.04,0.0,ms,,5.554021558,,0.129455745,True,True,Xiong23,EB,3,-1.0969100130080565,0.32735893438633035,0.30102999566398103,119.26,0.202,0.058,0.065,0.007,0.116,0.3141944650251557,1.236749116607774,16.13351877607789
V*_MW_Aur_A,1.412,0.11,0.11,2.279,0.426,0.426,7007.88,68.71,68.71,-0.039,0.036,0.036,,,,,4.016,0.057,0.057,0.0,11.3,15.56,6.54,0.0,ms,,35.8495278,,0.06357127,True,True,Xiong23,EB,3,1.0530784434834197,0.3760275648492768,0.3754714907629265,68.71,0.057,0.036,11.05,0.11,0.426,0.37574952780610166,7.790368271954675,18.69240895129443
V*_V714_And_A,1.617,0.103,0.103,2.459,0.046,0.046,6227.49,10.93,10.93,0.168,0.01,0.01,,,,,4.078,0.018,0.018,0.0,8.2,0.75,0.69,0.0,ms,,18.12862638,,0.135641827,True,True,Xiong23,EB,3,0.9138138523837167,0.03800918293219524,0.038173915379548284,10.93,0.018,0.01,0.72,0.103,0.046,0.03809154915587176,6.369820655534941,1.8706791378609189
V*_V714_And_B,1.344,0.103,0.103,1.717,0.026,0.026,6396.25,36.37,36.37,0.168,0.01,0.01,,,,,4.096,0.057,0.057,0.0,4.45,0.41,0.37,0.0,ms,,18.12862638,,0.094712085,True,True,Xiong23,EB,3,0.6483600109809317,0.03827625828136172,0.03769984789105174,36.37,0.057,0.01,0.39,0.103,0.026,0.03798805308620673,7.6636904761904745,1.5142690739662201
V818_Tau_A,1.024,0.001,0.001,0.923,0.007,0.007,5649.37,22.6,22.6,0.05,0.05,0.05,,,,,4.518,0.014,0.014,0.0,0.782,0.039,0.037,0.0,ms,,16.05,,0.057507788,True,True,Xiong23,EB,3,-0.10679324694015198,0.021136404059592787,0.021050480311555195,22.6,0.014,0.05,0.038,0.001,0.007,0.02109344218557399,0.09765625,0.7583965330444205
V818_Tau_B,0.743,0.001,0.001,0.739,0.011,0.011,4295.36,42.95,42.95,0.05,0.05,0.05,,,,,4.571,0.032,0.032,0.0,0.167,0.02,0.018,0.0,ms,,16.05,,0.046043614,True,True,Xiong23,EB,3,-0.7772835288524167,0.04912513538891561,0.04953020273530917,42.95,0.032,0.05,0.019,0.001,0.011,0.04932766906211239,0.13458950201884254,1.4884979702300405
WASP_0639-32_B,0.783,0.001,0.001,0.729,0.003,0.003,5395.11,32.37,32.37,-0.33,0.1,0.1,,,,,4.607,0.01,0.01,0.0,0.406,0.025,0.024,0.0,ms,K,26.964,0.031,0.027036048,True,True,Xiong23,EB,3,-0.39147396642280585,0.025951236583537485,0.02646267066548541,32.37,0.01,0.1,0.0245,0.001,0.003,0.026206953624511448,0.1277139208173691,0.411522633744856
ZTF_J034350.31+515137.1_A,1.061,0.043,0.043,1.487,0.154,0.154,5901.86,73.94,73.94,0.026,0.055,0.055,,,,,4.323,0.093,0.093,0.0,2.42,1.53,0.94,0.0,ms,,9.014663159,,0.164953473,True,True,Xiong23,EB,3,0.38381536598043126,0.21278172964602898,0.21355365058547388,73.94,0.093,0.055,1.2349999999999999,0.043,0.154,0.21316769011575143,4.052780395852969,10.356422326832549
ZTF_J034350.31+515137.1_B,0.893,0.043,0.043,1.721,0.292,0.292,5284.07,132.16,132.16,0.026,0.055,0.055,,,,,3.917,0.171,0.171,0.0,2.08,2.62,1.16,0.0,ms,,9.014663159,,0.190911182,True,True,Xiong23,EB,3,0.31806333496276157,0.35403452297295596,0.3542755076172062,132.16,0.171,0.055,1.8900000000000001,0.043,0.292,0.3541550152950811,4.8152295632698765,16.966879721092386
KIC9656397_A,1.15,0.15,0.09,1.09,0.16,0.16,6270.0,140.0,130.0,-0.089,0.041,0.041,LAMOST_DR11,-0.075,0.025,0.025,4.38,0.04,0.04,0.0,1.66,0.51,0.49,0.0,ms,F2,204.0,20.0,0.005343137,True,True,Xu26,EB,3,0.22010808804005508,0.11635164580847443,0.15192222629389346,135.0,0.04,0.041,0.5,0.12,0.16,0.13413693605118393,10.434782608695652,14.678899082568806
KIC9656397_B,1.16,0.19,0.14,1.09,0.16,0.15,6360.0,140.0,130.0,-0.089,0.041,0.041,LAMOST_DR11,-0.075,0.025,0.025,4.38,0.04,0.04,0.0,1.76,0.54,0.51,0.0,ms,F2,204.0,20.0,0.005343137,True,True,Xu26,EB,3,0.24551266781414982,0.11621516820344302,0.14860265480609341,135.0,0.04,0.041,0.525,0.165,0.155,0.13240891150476822,14.224137931034484,14.22018348623853
KOI-126_A,1.2713,0.0047,0.0047,1.9984,0.0027,0.0026,5880.0,99.0,100.0,0.15,0.08,0.08,,,,,3.9409,0.0011,0.001,0.0,4.3,0.29,0.29,0.0,ms,F,52.8746,0.0602,0.0377951,True,True,Yenawine22,TEB,3,0.6334684555795865,0.028344229957674716,0.030324082959404253,99.5,0.0010500000000000002,0.08,0.29,0.0047,0.00265,0.029334156458539484,0.36970030677259497,0.13260608486789432
KOI-126_B,0.23529,0.00062,0.00062,0.255,0.00075,0.00076,3248.0,36.0,36.0,0.15,0.08,0.08,,,,,4.997,0.0025,0.0025,0.0,0.00653,0.0003,0.00026,0.0,ms,M,4.6355,0.0041,0.055010079,True,True,Yenawine22,TEB,3,-2.185086818724926,0.01950752240645892,0.017645640444357458,36.0,0.0025,0.08,0.00028,0.00062,0.000755,0.01857658142540819,0.2635046113306983,0.296078431372549
KOI-126_C,0.20739,0.00055,0.00055,0.23196,0.00067,0.00069,3177.0,37.0,35.0,0.15,0.08,0.08,,,,,5.024,0.0025,0.0025,0.0,0.00495,0.00023,0.00022,0.0,ms,M,4.6355,0.0041,0.050039757,True,True,Yenawine22,TEB,3,-2.305394801066431,0.019724560811664293,0.019744058195757308,36.0,0.0025,0.08,0.000225,0.00055,0.00068,0.0197343095037108,0.2652008293553209,0.2931539920675979
HD146233,0.97,0.02,0.02,1.0,0.01,0.01,5786.0,200.0,200.0,0.0961,0.0064,0.0064,APOGEE2_DR17,,,,4.44,0.01,0.01,0.0,1.00974,0.14841,0.13405,1.0,ms,,,,,,,Yildiz19,A,3,0.004209560810756556,0.05955525069937213,0.06185917052938578,200.0,0.01,0.0064,0.14123,0.02,0.01,0.060707210614378955,2.061855670103093,1.0
HD181420,1.42,0.02,0.02,1.62,0.01,0.01,6599.0,15.0,15.0,-0.0008,0.0051,0.0051,APOGEE2_DR17,,,,4.17,0.01,0.01,0.0,4.48371,0.06897,0.06853,1.0,ms,,,,,,,Yildiz19,A,3,0.6516375152805072,0.006629610292733457,0.006689101497559524,15.0,0.01,0.0051,0.06875,0.02,0.01,0.00665935589514649,1.4084507042253522,0.6172839506172839
KIC10018963,1.23,0.02,0.02,1.96,0.01,0.01,6147.0,94.0,94.0,-0.2176,0.0062,0.0062,APOGEE2_DR17,,,,3.94,0.01,0.01,0.0,4.94151,0.31337,0.29965,1.0,ms,F,,,,,,Yildiz19,A,2,0.6938596785718036,0.026703124393242406,0.027167640716521113,94.0,0.01,0.0062,0.30651,0.02,0.01,0.02693538255488176,1.6260162601626016,0.5102040816326531
KIC10355856,1.38,0.02,0.02,1.72,0.01,0.01,6428.0,22.0,22.0,-0.1102,0.0054,0.0054,APOGEE2_DR17,,,,4.09,0.01,0.01,0.0,4.55046,0.08208,0.08139,1.0,ms,F,,,,,,Yildiz19,A,2,0.6580553011326764,0.0077638768214054465,0.007838143971613198,22.0,0.01,0.0054,0.081735,0.02,0.01,0.0078010103965093225,1.4492753623188408,0.5813953488372093
KIC10454113,1.16,0.02,0.02,1.25,0.01,0.01,6169.0,95.0,95.0,-0.0585,0.0059,0.0059,APOGEE2_DR17,,,,4.31,0.01,0.01,0.0,2.0388,0.13262,0.12694,1.0,ms,F,,,,,,Yildiz19,A,2,0.30937462491667045,0.02736920869013848,0.027918537946025057,95.0,0.01,0.0059,0.12978,0.02,0.01,0.02764387331808177,1.7241379310344829,0.8
KIC10644253,1.16,0.04,0.04,1.11,0.02,0.02,6162.0,152.0,152.0,0.1471,0.0045,0.0045,APOGEE2_DR17,,,,4.42,0.02,0.02,0.0,1.6004,0.17388,0.16254,1.0,ms,F,,,,,,Yildiz19,A,2,0.20422854270695956,0.04479361442310911,0.046511940517803996,152.0,0.02,0.0045,0.16821,0.04,0.02,0.045652777470456554,3.4482758620689657,1.8018018018018016
KIC10920273,1.09,0.02,0.02,1.86,0.01,0.01,5808.0,281.0,281.0,-0.139,0.02,0.02,LAMOST_DR11,,,,3.93,0.01,0.01,0.0,3.54672,0.7418,0.63929,1.0,ms,G3,,,,,,Yildiz19,A,3,0.5498269039343529,0.08248053586567239,0.08631763658879255,281.0,0.01,0.02,0.690545,0.02,0.01,0.08439908622723247,1.8348623853211008,0.5376344086021505
KIC11026764,1.11,0.02,0.02,2.05,0.01,0.01,5822.0,161.0,161.0,0.0579,0.0052,0.0052,APOGEE2_DR17,,,,3.86,0.01,0.01,0.0,4.35002,0.50331,0.46352,1.0,ms,G,,,,,,Yildiz19,A,2,0.6384912537062857,0.04754856827179066,0.04893258166477965,161.0,0.01,0.0052,0.48341500000000004,0.02,0.01,0.048240574968285155,1.8018018018018016,0.48780487804878053
KIC11081729,1.45,0.03,0.03,1.42,0.02,0.02,6674.0,16.0,16.0,-0.1275,0.0054,0.0054,APOGEE2_DR17,,,,4.3,0.01,0.01,0.0,3.60426,0.10797,0.10653,1.0,ms,F,,,,,,Yildiz19,A,2,0.5568161120774121,0.012818764046024222,0.013029830101077833,16.0,0.01,0.0054,0.10725,0.03,0.02,0.012924297073551028,2.0689655172413794,1.4084507042253522
KIC11295426,1.02,0.02,0.02,1.23,0.01,0.01,5721.0,82.0,82.0,0.1034,0.0049,0.0049,APOGEE2_DR17,,,,4.27,0.01,0.01,0.0,1.46013,0.08879,0.08527,1.0,ms,G,,,,,,Yildiz19,A,2,0.16439152411953498,0.025637463390626475,0.02613304727908028,82.0,0.01,0.0049,0.08703,0.02,0.01,0.025885255334853377,1.9607843137254901,0.8130081300813008
KIC11772920,0.81,0.02,0.02,0.84,0.01,0.01,5426.0,290.0,290.0,-0.025,0.01,0.01,LAMOST_DR11,,,,4.34,0.23,0.23,0.0,0.55103,0.12827,0.10947,1.0,ms,G8,,,,,,Yildiz19,A,2,-0.2588247559943438,0.09088637058507079,0.09618551933453412,290.0,0.23,0.01,0.11887,0.02,0.01,0.09353594495980246,2.4691358024691357,1.1904761904761905
KIC11807274,1.21,0.02,0.02,1.59,0.01,0.01,6045.0,144.0,144.0,-0.111,0.007,0.007,LAMOST_DR11,,,,4.13,0.01,0.01,0.0,3.0414,0.30276,0.2822,1.0,ms,F6,,,,,,Yildiz19,A,2,0.48307354160704535,0.041213506303111214,0.042290360247711045,144.0,0.01,0.007,0.29247999999999996,0.02,0.01,0.04175193327541113,1.6528925619834711,0.6289308176100629
KIC12009504,1.11,0.03,0.03,1.38,0.01,0.01,6043.0,101.0,101.0,-0.0155,0.0051,0.0051,APOGEE2_DR17,,,,4.21,0.01,0.01,0.0,2.28804,0.16033,0.15279,1.0,ms,F,,,,,,Yildiz19,A,2,0.35946361261549126,0.02941343681226377,0.030014882076836058,101.0,0.01,0.0051,0.15656,0.03,0.01,0.029714159444549915,2.7027027027027026,0.7246376811594204
KIC1435467,1.24,0.02,0.02,1.65,0.01,0.01,6178.0,87.0,87.0,0.0798,0.0046,0.0046,APOGEE2_DR17,,,,4.1,0.01,0.01,0.0,3.57317,0.2101,0.20174,1.0,ms,F,,,,,,Yildiz19,A,2,0.55305367903636,0.02481365758437626,0.025239532057463765,87.0,0.01,0.0046,0.20592,0.02,0.01,0.025026594820920012,1.6129032258064517,0.6060606060606061
KIC2837475,1.54,0.03,0.03,1.66,0.02,0.02,6462.0,10.0,10.0,-0.006,0.0049,0.0049,APOGEE2_DR17,,,,4.18,0.02,0.02,0.0,4.32891,0.10832,0.10707,1.0,ms,F,,,,,,Yildiz19,A,2,0.636378556727991,0.01073338385288558,0.010876786409552253,10.0,0.02,0.0049,0.107695,0.03,0.02,0.010805085131218917,1.948051948051948,1.2048192771084338
KIC3427720,1.11,0.03,0.03,1.11,0.02,0.02,6126.0,231.0,231.0,0.0274,0.005,0.005,APOGEE2_DR17,,,,4.38,0.02,0.02,0.0,1.56332,0.25587,0.22968,1.0,ms,F,,,,,,Yildiz19,A,2,0.19404788397551537,0.0658301760788107,0.06900927112170568,231.0,0.02,0.005,0.242775,0.03,0.02,0.06741972360025819,2.7027027027027026,1.8018018018018016
KIC3544595,0.88,0.02,0.02,0.91,0.01,0.01,5517.0,227.0,227.0,-0.1567,0.0064,0.0064,APOGEE2_DR17,,,,4.47,0.01,0.01,0.0,0.69118,0.12193,0.10799,1.0,ms,G,,,,,,Yildiz19,A,2,-0.16040883710223083,0.07055813935246891,0.07378109440207115,227.0,0.01,0.0064,0.11496,0.02,0.01,0.07216961687727003,2.272727272727273,1.0989010989010988
KIC3733735,1.46,0.04,0.04,1.44,0.03,0.03,6617.0,56.0,56.0,-0.0171,0.0048,0.0048,APOGEE2_DR17,,,,4.29,0.02,0.02,0.0,3.58149,0.19446,0.1901,1.0,ms,F,,,,,,Yildiz19,A,2,0.5540637428879446,0.022962491978588795,0.02368600763396289,56.0,0.02,0.0048,0.19228,0.04,0.03,0.023324249806275843,2.73972602739726,2.0833333333333335
KIC3735871,1.06,0.04,0.04,1.08,0.03,0.03,5908.0,167.0,167.0,0.0476,0.0048,0.0048,APOGEE2_DR17,,,,4.36,0.03,0.03,0.0,1.28028,0.16735,0.15546,1.0,ms,F,,,,,,Yildiz19,A,2,0.10730496117646504,0.05335261346655945,0.05622193140575061,167.0,0.03,0.0048,0.161405,0.04,0.03,0.05478727243615503,3.773584905660377,2.7777777777777777
KIC4349452,1.25,0.02,0.02,1.32,0.01,0.01,6279.0,95.0,95.0,-0.06,0.005,0.005,LAMOST_DR11,,,,4.28,0.01,0.01,0.0,2.44008,0.15555,0.14898,1.0,ms,F6,,,,,,Yildiz19,A,2,0.38740406526864674,0.026838719773919384,0.02736001994638554,95.0,0.01,0.005,0.15226499999999998,0.02,0.01,0.02709936986015246,1.6,0.7575757575757576
KIC4914923,1.09,0.01,0.01,1.37,0.01,0.01,5832.0,153.0,153.0,0.117,0.011,0.011,LAMOST_DR11,,,,4.28,0.21,0.21,0.0,1.95617,0.21541,0.19938,1.0,ms,G3,,,,,,Yildiz19,A,2,0.2914065942418423,0.04536923895839784,0.04668674355584909,153.0,0.21,0.011,0.207395,0.01,0.01,0.046027991257123466,0.9174311926605504,0.7299270072992701
KIC5866724,1.25,0.02,0.02,1.42,0.01,0.01,6150.0,107.0,107.0,0.136,0.006,0.006,LAMOST_DR11,,,,4.23,0.01,0.01,0.0,2.59879,0.18923,0.17993,1.0,ms,F7,,,,,,Yildiz19,A,2,0.414771186955431,0.030524697914760257,0.03116045418138702,107.0,0.01,0.006,0.18458000000000002,0.02,0.01,0.03084257604807364,1.6,0.7042253521126761
KIC5955122,1.2,0.03,0.03,2.12,0.02,0.02,5900.0,128.0,128.0,-0.143,0.007,0.007,LAMOST_DR11,,,,3.87,0.02,0.02,0.0,4.90653,0.44957,0.4223,1.0,ms,G2,,,,,,Yildiz19,A,2,0.6907744585958521,0.03807421822857915,0.03908657876543875,128.0,0.02,0.007,0.435935,0.03,0.02,0.03858039849700895,2.5,0.9433962264150942
KIC6116048,1.0,0.01,0.01,1.22,0.02,0.02,5929.0,149.0,149.0,-0.1892,0.0062,0.0062,APOGEE2_DR17,,,,4.27,0.01,0.01,0.0,1.65707,0.18142,0.16921,1.0,ms,,,,,,,Yildiz19,A,2,0.21934085481137902,0.045120417165256194,0.04677878656383008,149.0,0.01,0.0062,0.175315,0.01,0.02,0.04594960186454314,1.0,1.639344262295082
KIC6603624,0.98,0.03,0.03,1.14,0.02,0.02,5855.0,140.0,140.0,0.278,0.011,0.011,LAMOST_DR11,,,,4.33,0.01,0.01,0.0,1.37598,0.14484,0.13568,1.0,ms,G7,,,,,,Yildiz19,A,2,0.1386121214338218,0.04346569378109033,0.04508537773414664,140.0,0.01,0.011,0.14026,0.03,0.02,0.04427553575761849,3.061224489795918,1.7543859649122808
KIC6933899,1.14,0.03,0.03,1.61,0.01,0.01,5960.0,114.0,114.0,0.0355,0.0052,0.0052,APOGEE2_DR17,,,,4.09,0.01,0.01,0.0,2.94667,0.23489,0.22208,1.0,ms,G,,,,,,Yildiz19,A,2,0.46933150157648335,0.033308616290654014,0.03403034326999421,114.0,0.01,0.0052,0.228485,0.03,0.01,0.03366947978032411,2.6315789473684212,0.6211180124223602
KIC7103006,1.36,0.03,0.03,1.9,0.02,0.02,6310.0,77.0,77.0,0.1255,0.0043,0.0043,APOGEE2_DR17,,,,4.03,0.02,0.02,0.0,5.15608,0.27858,0.26967,1.0,ms,F,,,,,,Yildiz19,A,2,0.7123196471004919,0.02285273209594041,0.02332974294298118,77.0,0.02,0.0043,0.274125,0.03,0.02,0.023091237519460794,2.205882352941176,1.0526315789473684
KIC7106245,1.06,0.02,0.02,1.15,0.01,0.01,6116.0,144.0,144.0,-0.131,0.006,0.006,APOGEE2_DR17,,,,4.34,0.01,0.01,0.0,1.66709,0.16522,0.15427,1.0,ms,F,,,,,,Yildiz19,A,2,0.2219590464076602,0.04103990540229749,0.04217178901050861,144.0,0.01,0.006,0.159745,0.02,0.01,0.04160584720640305,1.8867924528301885,0.8695652173913044
KIC7206837,1.39,0.03,0.03,1.59,0.02,0.02,6320.0,73.0,73.0,0.195,0.024,0.024,LAMOST_DR11,,,,4.18,0.02,0.02,0.0,3.63377,0.19402,0.18836,1.0,ms,F6,,,,,,Yildiz19,A,2,0.5603574351096118,0.022590668409272263,0.023116525225141515,73.0,0.02,0.024,0.19119,0.03,0.02,0.02285359681720689,2.1582733812949644,1.2578616352201257
KIC7747078,1.1,0.02,0.02,1.95,0.01,0.01,5941.0,141.0,141.0,-0.2134,0.0065,0.0065,APOGEE2_DR17,,,,3.91,0.01,0.01,0.0,4.26778,0.4221,0.39339,1.0,ms,G,,,,,,Yildiz19,A,2,0.6302020238619455,0.04095970669864735,0.04199868875842627,141.0,0.01,0.0065,0.407745,0.02,0.01,0.04147919772853681,1.8181818181818181,0.5128205128205129
KIC7871531,0.8,0.04,0.04,0.87,0.02,0.02,5329.0,301.0,301.0,-0.4927,0.008,0.008,APOGEE2_DR17,,,,4.46,0.02,0.02,0.0,0.54994,0.13758,0.11682,1.0,ms,G,,,,,,Yildiz19,A,2,-0.25968469067001976,0.09697002700984775,0.10370707090354903,301.0,0.02,0.008,0.1272,0.04,0.02,0.10033854895669839,5.0,2.2988505747126435
KIC8228742,1.24,0.02,0.02,1.81,0.01,0.01,6174.0,85.0,85.0,-0.06,0.005,0.005,LAMOST_DR11,,,,4.02,0.01,0.01,0.0,4.28863,0.24573,0.23612,1.0,ms,F8,,,,,,Yildiz19,A,2,0.6323185792561411,0.02419741818563015,0.02459448406638165,85.0,0.01,0.005,0.240925,0.02,0.01,0.0243959511260059,1.6129032258064517,0.5524861878453039
KIC8394589,1.01,0.03,0.03,1.16,0.02,0.02,6003.0,219.0,219.0,-0.302,0.005,0.005,LAMOST_DR11,,,,4.31,0.02,0.02,0.0,1.57429,0.24871,0.22402,1.0,ms,F6,,,,,,Yildiz19,A,2,0.19708473678977825,0.06370193186519804,0.06666411808312314,219.0,0.02,0.005,0.236365,0.03,0.02,0.06518302497416059,2.9702970297029703,1.7241379310344829
KIC8524425,1.07,0.02,0.02,1.81,0.01,0.01,5661.0,167.0,167.0,0.1348,0.0049,0.0049,APOGEE2_DR17,,,,3.95,0.01,0.01,0.0,3.03127,0.37534,0.3438,1.0,ms,G,,,,,,Yildiz19,A,2,0.48162462138501394,0.05069779555742493,0.052280996426813275,167.0,0.01,0.0049,0.35957,0.02,0.01,0.0514893959921191,1.8691588785046729,0.5524861878453039
KIC8694723,1.1,0.02,0.02,1.53,0.01,0.01,6155.0,89.0,89.0,-0.412,0.006,0.006,LAMOST_DR11,,,,4.11,0.01,0.01,0.0,3.02684,0.18325,0.17579,1.0,ms,F5,,,,,,Yildiz19,A,2,0.48098946457942365,0.02552774413555431,0.025984630807780518,89.0,0.01,0.006,0.17952,0.02,0.01,0.025756187471667413,1.8181818181818181,0.6535947712418301
KIC9025370,0.97,0.03,0.03,0.99,0.01,0.01,5972.0,315.0,315.0,0.0,0.01,0.01,LAMOST_DR11,,,,4.43,0.01,0.01,0.0,1.12317,0.2574,0.22003,1.0,ms,G3,,,,,,Yildiz19,A,2,0.050445494885038834,0.08961293698340397,0.09469041731275105,315.0,0.01,0.01,0.238715,0.03,0.01,0.09215167714807751,3.0927835051546393,1.0101010101010102
KIC9098294,0.97,0.03,0.03,1.14,0.02,0.02,5909.0,172.0,172.0,-0.173,0.018,0.018,LAMOST_DR11,,,,4.31,0.01,0.01,0.0,1.42745,0.1808,0.16665,1.0,ms,G2,,,,,,Yildiz19,A,2,0.15456090493582128,0.05179265513658449,0.053914704790341134,172.0,0.01,0.018,0.173725,0.03,0.02,0.05285367996346281,3.0927835051546393,1.7543859649122808
KIC9139151,1.16,0.03,0.03,1.15,0.02,0.02,6132.0,112.0,112.0,0.1253,0.0045,0.0045,APOGEE2_DR17,,,,4.37,0.02,0.02,0.0,1.68461,0.13962,0.13309,1.0,ms,F,,,,,,Yildiz19,A,2,0.2264993743751848,0.034580219175118776,0.03574199610910614,112.0,0.02,0.0045,0.136355,0.03,0.02,0.03516110764211246,2.586206896551724,1.7391304347826089
KIC9139163,1.44,0.03,0.03,1.57,0.01,0.01,6383.0,41.0,41.0,0.1364,0.0042,0.0042,APOGEE2_DR17,,,,4.19,0.01,0.01,0.0,3.68632,0.1066,0.10484,1.0,ms,F,,,,,,Yildiz19,A,2,0.566593032511388,0.01238065017955059,0.012530502233525365,41.0,0.01,0.0042,0.10572000000000001,0.03,0.01,0.012455576206537977,2.0833333333333335,0.6369426751592356
KIC9206432,1.34,0.03,0.03,1.5,0.02,0.02,6390.0,32.0,32.0,0.2235,0.0038,0.0038,APOGEE2_DR17,,,,4.22,0.01,0.01,0.0,3.37972,0.11351,0.11194,1.0,ms,F,,,,,,Yildiz19,A,2,0.528880721729726,0.014346459511235699,0.014627911324114007,32.0,0.01,0.0038,0.11272499999999999,0.03,0.02,0.014487185417674853,2.2388059701492535,1.3333333333333333
KIC9410862,1.01,0.03,0.03,1.17,0.02,0.02,5953.0,146.0,146.0,-0.348,0.007,0.007,LAMOST_DR11,,,,4.3,0.02,0.02,0.0,1.54885,0.16643,0.15557,1.0,ms,F7,,,,,,Yildiz19,A,2,0.19000936009189714,0.044325663720875985,0.04597095706691562,146.0,0.02,0.007,0.161,0.03,0.02,0.0451483103938958,2.9702970297029703,1.7094017094017095
KIC9955598,0.82,0.03,0.03,0.87,0.02,0.02,5347.0,334.0,334.0,0.141,0.027,0.027,LAMOST_DR11,,,,4.49,0.02,0.02,0.0,0.55741,0.15506,0.12927,1.0,ms,G7,,,,,,Yildiz19,A,2,-0.2538252442594883,0.10659182647160656,0.11458895101353495,334.0,0.02,0.027,0.14216499999999999,0.03,0.02,0.11059038874257075,3.658536585365854,2.2988505747126435
V570_Per_A,1.4569,0.0094,0.01,1.543,0.012,0.009,6556.0,64.0,26.0,0.18,0.03,0.01,,,,,4.225,0.009,0.009,0.0,3.96,0.22,0.11,0.0,ms,F3,9.118,0.016,0.169225707,True,True,Yucel26,EB,2,0.5976951859255123,0.02348109584952285,0.012234456417011597,45.0,0.009,0.02,0.165,0.0097,0.010499999999999999,0.017857776133267222,0.66579724071659,0.6804925469863901
V570_Per_B,1.3579,0.0094,0.0089,1.377,0.013,0.015,6468.0,32.0,21.0,0.17,0.01,0.01,,,,,4.293,0.011,0.011,0.0,2.99,0.12,0.1,0.0,ms,F5,9.118,0.016,0.151019961,True,True,Yucel26,EB,2,0.4756711883244297,0.01708920070240788,0.01477334556788179,26.5,0.011,0.01,0.11,0.00915,0.013999999999999999,0.015931273135144836,0.6738345975403196,1.016702977487291
