ID,Seq,M,eM1,eM2,R,eR1,eR2,Teff,eTeff1,eTeff2,L,eL1,eL2,FeH,eFeH1,eFeH2,logg,elogg1,elogg2,rho,erho1,erho2,cutoff,class,type,pla,catalog,e_M,e_R,e_Teff,e_L,mode,logTeff,elogTeff1,elogTeff2,logL,elogL1,elogL2,eTeff,elogg,eFeH,elogL,eM,eR
47_Tuc-V69 A,1,0.876,0.005,0.005,1.316,0.005,0.005,5945,150,150,1.941,0.217,0.217,-0.71,0.1,0.1,4.143,0.003,0.003,,,,3.8971687,ms,G,,eker14,0.570776255707762,0.379939209726444,2.52312867956266,11.1798042246265,EB,3.7741518589547103,0.0108218509996902,0.0110984186550955,0.2880255353883628,0.0460259049585289,0.0514882738996688,150.0,0.003,0.1,0.04875708942909885,0.005,0.005
47_Tuc-V69 B,2,0.859,0.006,0.006,1.163,0.006,0.006,5959,150,150,1.531,0.171,0.171,-0.71,0.1,0.1,4.242,0.003,0.003,,,,3.8879917,ms,G,,eker14,0.69848661233993,0.515907136715391,2.51720087262964,11.1691704768125,EB,3.775173385424787,0.0107967397072226,0.0110720089485583,0.184975190698261,0.045984365050308,0.0514362823280435,150.0,0.003,0.1,0.04871032368917575,0.006,0.006
AD_Boo A,3,1.414,0.009,0.009,1.614,0.014,0.014,6575,120,120,4.375,0.356,0.356,0.1,0.15,0.15,4.173,0.008,0.008,,,,3.4842037,ms,F,,eker14,0.636492220650636,0.867410161090458,1.82509505703422,8.13714285714286,EB,3.817895757161796,0.0078548241862321,0.0079995105593564,0.640978057358332,0.0339748906902332,0.036860051166297,120.0,0.008,0.15,0.035417470928265096,0.009,0.014
AD_Boo B,4,1.209,0.006,0.006,1.218,0.01,0.01,6145,120,120,1.901,0.164,0.164,0.1,0.15,0.15,4.351,0.007,0.007,,,,3.7660687,ms,F,,eker14,0.496277915632754,0.821018062397373,1.95280716029292,8.62703840084166,EB,3.788521887222473,0.0083991881076959,0.0085648359755672,0.2789821168654431,0.0359379391269766,0.0391822984183445,120.0,0.007,0.15,0.03756011877266055,0.006,0.01
alf_Cen A,11,1.105,0.007,0.007,1.224,0.003,0.003,5824,26,26,1.549,0.029,0.029,0.24,0.04,0.04,4.306,0.004,0.004,,,,3.9764842,ms,G,,torres10,0.633484162895928,0.245098039215686,0.446428571428571,1.87217559715946,EB,3.765221366304981,0.0019344997771995,0.001943155286002,0.1900514177592059,0.0080555811141954,0.0082078298144334,26.0,0.004,0.04,0.0081317054643144,0.007,0.003
alf_Cen B,12,0.934,0.006,0.006,0.863,0.005,0.005,5223,62,62,0.498,0.025,0.025,0.24,0.04,0.04,4.536,0.006,0.006,,,,4.3704397,ms,G,,torres10,0.642398286937901,0.579374275782155,1.18705724679303,5.02008032128514,EB,3.7179200258369938,0.0051249658064511,0.005186166767042,-0.3027706572402824,0.0212723461075567,0.0223682020219059,62.0,0.006,0.04,0.0218202740647313,0.006,0.005
BG_Ind A,24,1.428,0.008,0.008,2.29,0.017,0.017,6353,270,270,7.907,1.621,1.621,-0.2,0.1,0.1,3.86505724276038,0.0068917938020421,0.0068917938020421,,,,3.6297247,ms,F,,eker14,0.560224089635854,0.74235807860262,4.24996064851251,20.5008220564057,EB,3.8029788553352617,0.0180758997116265,0.0188610388723384,0.8980117387975016,0.0809900096772194,0.0996373621159404,270.0,0.0068917938020421,0.1,0.0903136858965799,0.008,0.017
BG_Ind B,25,1.293,0.008,0.008,1.68,0.038,0.039,6653,233,233,5.117,0.881,0.881,-0.2,0.1,0.1,4.09097996142867,0.0198295561346882,0.020341925232502,,,,3.4330747,ms,F,,eker14,0.618716163959783,2.29166666666667,3.50217946790921,17.2171194059019,EB,3.823017523446049,0.0149494949226052,0.0154824953771961,0.7090154169721172,0.0689910444513911,0.0820594655366698,233.0,0.020085740683595102,0.1,0.07552525499403046,0.008,0.0385
BW_Aqr A,34,1.479,0.02,0.02,2.057,0.04,0.04,6350,100,100,6.18,0.488,0.488,-0.07,0.11,0.11,3.981,0.019,0.019,,,,3.6316912,ms,F,,eker14,1.35226504394861,1.94457948468644,1.5748031496063,7.89644012944984,EB,3.802773725291976,0.0067859893432919,0.0068937079479001,0.7909884750888159,0.0330071160671517,0.0357235836765691,100.0,0.019,0.11,0.0343653498718604,0.02,0.04
BW_Aqr B,35,1.377,0.02,0.02,1.788,0.04,0.04,6450,100,100,4.966,0.417,0.417,-0.07,0.11,0.11,4.075,0.022,0.022,,,,3.5661412,ms,F,,eker14,1.45243282498184,2.23713646532438,1.55038759689922,8.39710028191703,EB,3.809559714635268,0.0066815853565156,0.0067859893432919,0.6960067152185455,0.0350176645971423,0.0380907783885903,100.0,0.022,0.11,0.0365542214928663,0.02,0.04
CD_Tau A,36,1.441,0.016,0.016,1.798,0.017,0.017,6200,50,50,4.285,0.171,0.171,0.08,0.15,0.15,4.087,0.01,0.01,,,,3.7300162,ms,F,,eker14,1.11034004163775,0.945494994438265,0.806451612903226,3.99066511085181,EB,3.792391689498254,0.0034883278458215,0.003516573722837,0.631950826259217,0.0169943559064555,0.0176865389005117,50.0,0.01,0.15,0.017340447403483603,0.016,0.017
CD_Tau B,37,1.366,0.016,0.016,1.584,0.02,0.02,6200,50,50,3.327,0.141,0.141,0.08,0.15,0.15,4.174,0.012,0.012,,,,3.7300162,ms,F,,eker14,1.17130307467057,1.26262626262626,0.806451612903226,4.2380522993688,EB,3.792391689498254,0.0034883278458215,0.003516573722837,0.5220528008688224,0.0180262879353502,0.0188070294037097,50.0,0.012,0.15,0.018416658669529948,0.016,0.02
CO_And A,47,1.289,0.007,0.007,1.727,0.021,0.021,6140,130,130,3.802,0.367,0.367,0.01,0.15,0.15,4.074,0.011,0.011,,,,3.7693462,ms,F,,eker14,0.543056633048875,1.21598147075854,2.11726384364821,9.65281430825881,EB,3.788168371141168,0.0090991696895486,0.0092938991384281,0.5800121125294243,0.0400197825968731,0.044085371133855,130.0,0.011,0.15,0.04205257686536405,0.007,0.021
CO_And B,48,1.264,0.007,0.007,1.694,0.017,0.017,6170,130,130,3.733,0.351,0.351,0.01,0.15,0.15,4.082,0.009,0.009,,,,3.7496812,ms,F,,eker14,0.55379746835443,1.00354191263282,2.10696920583468,9.40262523439593,EB,3.7902851640332416,0.0090553854203401,0.0092482254121097,0.5720579899263045,0.039027743488568,0.0428843866645816,130.0,0.009,0.15,0.0409560650765748,0.007,0.017
EF_Aqr A,60,1.244,0.008,0.008,1.338,0.012,0.012,6150,65,65,2.301,0.108,0.108,0.0,0.1,0.1,4.28,0.007,0.007,,,,3.7627912,ms,F,,eker14,0.643086816720257,0.896860986547085,1.05691056910569,4.69361147327249,EB,3.788875115775417,0.0045660172022468,0.0046145332093328,0.3619166186686434,0.0199201813296999,0.0208779869911205,65.0,0.007,0.1,0.0203990841604102,0.008,0.012
EF_Aqr B,61,0.946,0.006,0.006,0.956,0.012,0.012,5185,110,110,0.593,0.057,0.057,0.0,0.1,0.1,4.453,0.011,0.011,,,,4.3953487,ms,K,,eker14,0.634249471458774,1.25523012552301,2.12150433944069,9.61214165261383,EB,3.71474876072506,0.0091172037184441,0.009312714139809,-0.2269453066357374,0.039858663278593,0.0438899036714926,110.0,0.011,0.1,0.041874283475042795,0.006,0.012
EK_Cep A,66,2.024,0.02,0.02,1.579,0.015,0.015,9000,200,200,14.689,1.454,1.454,0.07,0.05,0.05,4.35,0.015,0.015,,,,1.8946162,ms,A,,eker14,0.988142292490119,0.949968334388854,2.22222222222222,9.8985635509565,EB,3.9542425094393248,0.0095453179062303,0.009759837289156,1.1669922308301102,0.0409920159360461,0.045268285192743,200.0,0.015,0.05,0.04313015056439455,0.02,0.015
EK_Cep B,67,1.122,0.01,0.01,1.315,0.015,0.015,5700,190,190,1.641,0.256,0.256,0.07,0.05,0.05,4.251,0.015,0.015,,,,4.0577662,ms,G,,eker14,0.89126559714795,1.14068441064639,3.33333333333333,15.6002437538087,EB,3.755874855672492,0.01424043911461,0.0147232568207065,0.2151085810530932,0.0629587498355693,0.0736588076526258,190.0,0.015,0.05,0.06830877874409755,0.01,0.015
EW_Ori A,70,1.173,0.011,0.011,1.169,0.005,0.005,6070,95,95,1.667,0.111,0.111,0.05,0.09,0.09,4.372,0.005,0.005,,,,3.8152312,ms,F,,eker14,0.937766410912191,0.427715996578272,1.56507413509061,6.65866826634673,EB,3.7831886910752575,0.0067443898564931,0.006850781455082,0.2219355998280053,0.0279961568061895,0.0299260071743351,95.0,0.005,0.09,0.0289610819902623,0.011,0.005
EW_Ori B,71,1.123,0.009,0.009,1.098,0.005,0.005,5900,95,95,1.312,0.091,0.091,0.05,0.09,0.09,4.408,0.005,0.005,,,,3.9266662,ms,G,,eker14,0.801424755120214,0.455373406193078,1.61016949152542,6.9359756097561,EB,3.770852011642144,0.0069371757927232,0.0070497875675514,0.1179338350396414,0.0291238359887184,0.0312181710947589,95.0,0.005,0.09,0.03017100354173865,0.009,0.005
GX_Gem A,85,1.488,0.011,0.011,2.334,0.012,0.012,6194,100,100,7.194,0.497,0.497,-0.12,0.1,0.1,3.887,0.004,0.004,,,,3.7339492,ms,F,,eker14,0.739247311827957,0.51413881748072,1.61446561188247,6.90853489018627,EB,3.791971201020768,0.0069555375564336,0.0070687511341129,0.8569704334824924,0.0290123778724806,0.0310901345463128,100.0,0.004,0.1,0.0300512562093967,0.011,0.012
GX_Gem B,86,1.467,0.01,0.01,2.244,0.012,0.012,6166,100,100,6.531,0.467,0.467,-0.12,0.1,0.1,3.904,0.005,0.005,,,,3.7523032,ms,F,,eker14,0.681663258350375,0.53475935828877,1.62179695102173,7.15051293829429,EB,3.79000352039049,0.0069868701551971,0.0071011144158448,0.8149796837607568,0.0299942543861307,0.0322204911367596,100.0,0.005,0.1,0.03110737276144515,0.01,0.012
HS_Aur A,93,0.898,0.019,0.019,1.005,0.023,0.023,5350,70,70,0.743,0.055,0.055,-0.01,0.01,0.01,4.39,0.02,0.02,,,,4.2871912,ms,G,,eker14,2.11581291759465,2.28855721393035,1.30841121495327,7.40242261103634,EB,3.728353782021229,0.0056455045171586,0.0057198594874163,-0.1290111862394247,0.0310140775901541,0.033400375525064,70.0,0.02,0.01,0.03220722655760905,0.019,0.023
HS_Aur B,94,0.877,0.017,0.017,0.874,0.03,0.03,5200,72,72,0.501,0.048,0.048,-0.01,0.01,0.01,4.5,0.03,0.03,,,,4.3855162,ms,G,,eker14,1.93842645381984,3.4324942791762,1.38461538461538,9.58083832335329,EB,3.716003343634799,0.0059720579511544,0.006055327124038,-0.3001622741327542,0.0397346185828462,0.0437395238544138,72.0,0.03,0.01,0.041737071218630004,0.017,0.03
HW_CMa A,97,1.779,0.012,0.012,1.668,0.021,0.021,7700,150,150,8.79,0.782,0.782,0.28,0.1,0.1,4.247,0.011,0.011,,,,2.7467662,ms,A,,eker14,0.674536256323777,1.2589928057554,1.94805194805195,8.89647326507395,EB,3.886490725172482,0.0083789315727709,0.0085437735432933,0.9439888750737718,0.0370138148676278,0.0404648106025096,150.0,0.011,0.1,0.0387393127350687,0.012,0.021
HW_CMa B,98,1.719,0.011,0.011,1.649,0.018,0.018,7560,150,150,7.98,0.71,0.71,0.33,0.1,0.1,4.242,0.01,0.01,,,,2.8385362,ms,A,,eker14,0.639906922629436,1.09157064887811,1.98412698412698,8.89724310776942,EB,3.8785217955012063,0.0085325825497504,0.0087035875218783,0.9020028913507294,0.0370168850979371,0.0404684804916916,150.0,0.01,0.1,0.038742682794814354,0.011,0.018
IM_Vir A,99,0.981,0.012,0.012,1.062,0.016,0.016,5570,100,100,0.975,0.082,0.082,-0.1,0.25,0.25,4.379,0.014,0.014,,,,4.1429812,ms,G,,eker14,1.22324159021407,1.50659133709981,1.79533213644524,8.41025641025641,EB,3.745855195173729,0.0077278637191775,0.0078678688402979,-0.0109953843014631,0.0350703716088894,0.0381531568099903,100.0,0.014,0.25,0.036611764209439845,0.012,0.016
Kepler-34A,104,1.0479,0.0033,0.003,1.1618,0.0027,0.0031,5913,130,130,1.49,0.13,0.13,-0.07,0.15,0.15,4.3284,0.0021,0.0021,,,,3.9181447,ms,G,p,welsh12,0.30060120240481,0.249612669994836,2.19854557754101,8.7248322147651,EB,3.771807878999106,0.0094447152493506,0.0096546866955113,0.173186268412274,0.0363287461303569,0.0396473600420565,130.0,0.0021,0.15,0.0379880530862067,0.00315,0.0029
Kepler-34B,105,1.0208,0.0022,0.0022,1.0927,0.0032,0.0027,5867,130,130,1.28,0.11,0.11,-0.07,0.15,0.15,4.3703,0.0022,0.0022,,,,3.9482977,ms,G,p,welsh12,0.21551724137931,0.269973460236112,2.2157831941367,8.59375,EB,3.768416088216332,0.0095179606214474,0.0097312383338907,0.1072099696478683,0.0358048306062267,0.0390241079017067,130.0,0.0022,0.15,0.0374144692539667,0.0022,0.0029500000000000004
Kepler-35A,106,0.8876,0.0051,0.0053,1.0284,0.002,0.0019,5606,150,150,0.94,0.1,0.1,-0.34,0.2,0.2,4.3623,0.002,0.002,,,,4.1193832,ms,G,p,welsh12,0.585849481748535,0.189614935822637,2.67570460221192,10.6382978723404,EB,3.748653093424267,0.0114676918403002,0.0117787317758448,-0.0268721464003013,0.0439054856990817,0.0488485675378169,150.0,0.002,0.2,0.0463770266184493,0.0052,0.00195
Kepler-35B,107,0.8094,0.0041,0.0044,0.7861,0.002,0.0022,5202,100,100,0.41,0.03,0.03,-0.34,0.2,0.2,4.5556,0.0016,0.0016,,,,4.3842052,ms,G,p,welsh12,0.525080306399802,0.267141585040071,1.92233756247597,7.31707317073171,EB,3.716170347859854,0.0082693755372207,0.0084298935860824,-0.3872161432802645,0.0306688197664519,0.0330002601029252,100.0,0.0016,0.2,0.03183453993468855,0.00425,0.0021000000000000003
KIC_6131659 A,108,0.922,0.007,0.007,0.88,0.003,0.003,5660,140,140,0.713,0.078,0.078,-0.21,0.1,0.1,4.50576557675329,0.0044316972988704,0.0044316972988704,,,,4.0839862,ms,G,,eker14,0.759219088937093,0.340909090909091,2.47349823321555,10.9396914446003,EB,3.752816431188272,0.0106115623746658,0.0108773534590724,-0.1469104701481344,0.0450869536458109,0.0503158045598898,140.0,0.0044316972988704,0.1,0.04770137910285035,0.007,0.003
KIC_6131659 B,109,0.685,0.005,0.005,0.64,0.006,0.006,4780,105,105,0.192,0.019,0.019,-0.21,0.1,0.1,4.65333062352465,0.0087383011588306,0.0087383011588306,,,,4.6608262,ms,K,,eker14,0.72992700729927,0.9375,2.19665271966527,9.89583333333333,EB,3.679427896612119,0.009436671442673,0.0096462814035822,-0.7166987712964504,0.040981226594143,0.045255125574754,105.0,0.0087383011588306,0.1,0.0431181760844485,0.005,0.006
LL_Aqr A,112,1.223,0.058,0.058,1.325,0.02,0.02,6680,160,160,3.141,0.351,0.351,0.02,0.04,0.04,4.281,0.009,0.009,,,,3.4153762,ms,F,,eker14,4.74243663123467,1.50943396226415,2.39520958083832,11.1747851002865,EB,3.824776462475546,0.0102796392445703,0.0105288667436256,0.4970679363985048,0.0460062986350273,0.0514637331249072,160.0,0.009,0.04,0.04873501587996725,0.058,0.02
LL_Aqr B,113,1.055,0.051,0.051,1.005,0.016,0.016,6200,160,160,1.34,0.163,0.163,0.02,0.04,0.04,4.457,0.01,0.01,,,,3.7300162,ms,F,,eker14,4.83412322274881,1.59203980099503,2.58064516129032,12.1641791044776,EB,3.792391689498254,0.0110654261501599,0.0113547508771221,0.1271047983648076,0.0498541822221005,0.0563283355213729,160.0,0.01,0.04,0.0530912588717367,0.051,0.016
LV_Her A,114,1.192,0.01,0.01,1.358,0.012,0.012,6060,150,150,2.234,0.25,0.25,0.08,0.21,0.21,4.249,0.008,0.008,,,,3.8217862,ms,F,,eker14,0.838926174496644,0.883652430044183,2.47524752475248,11.1906893464637,EB,3.782472624166286,0.0106189760102939,0.0108851432850305,0.3490831687795902,0.0460684227249523,0.0515415009614304,150.0,0.008,0.21,0.048804961843191344,0.01,0.012
LV_Her B,115,1.169,0.008,0.008,1.313,0.011,0.011,6030,150,150,2.046,0.229,0.229,0.08,0.21,0.21,4.27,0.008,0.008,,,,3.8414512,ms,F,,eker14,0.684345594525235,0.837776085300838,2.48756218905473,11.1925708699902,EB,3.780317312140151,0.0106711629486646,0.0109399860640126,0.3109056293761413,0.0460757716169898,0.051550702068107,150.0,0.008,0.21,0.0488132368425484,0.008,0.011
RS_Cha A,132,1.893,0.01,0.01,2.168,0.061,0.061,7638,76,76,14.355,1.062,1.062,0.17,0.07,0.07,4.05,0.06,0.06,,,,2.7874072,ms,A,,eker14,0.528262017960909,2.81365313653136,0.995024875621891,7.39811912225705,EB,3.882979654037299,0.0042999804927239,0.0043429810107822,1.1570031968325247,0.0309966755723105,0.0333801920812504,76.0,0.06,0.07,0.03218843382678045,0.01,0.061
RS_Cha B,133,1.871,0.01,0.01,2.379,0.06,0.06,7228,72,72,13.868,0.958,0.958,0.17,0.07,0.07,3.936,0.06,0.06,,,,3.0561622,ms,F,,eker14,0.534473543559594,2.52206809583859,0.996126175982291,6.90798961638304,EB,3.8590181438888944,0.0043047162315614,0.0043478119935591,1.142013832984359,0.0290101628013641,0.0310875907179386,72.0,0.06,0.07,0.03004887675965135,0.01,0.06
SW_CMa A,148,2.24,0.014,0.014,3.015,0.02,0.02,8200,150,150,36.898,3.005,3.005,0.49,0.15,0.15,3.83,0.007,0.007,,,,2.4190162,ms,A,,eker14,0.625,0.66334991708126,1.82926829268293,8.14407284947693,EB,3.9138138523837167,0.0078726230998853,0.0080179720158479,1.567002826524815,0.034002721654855,0.0368928149083753,150.0,0.007,0.15,0.03544776828161515,0.014,0.02
SW_CMa B,149,2.105,0.018,0.018,2.496,0.042,0.042,8100,150,150,24.099,2.143,2.143,0.61,0.15,0.15,3.967,0.015,0.015,,,,2.4845662,ms,A,,eker14,0.855106888361045,1.68269230769231,1.85185185185185,8.89248516535956,EB,3.90848501887865,0.007968929671275,0.0081178902221794,1.381999021683067,0.0369979094726811,0.0404457995734897,150.0,0.015,0.15,0.038721854523085394,0.018,0.042
UX_Men A,183,1.235,0.006,0.006,1.349,0.013,0.013,6200,100,100,2.415,0.173,0.173,0.04,0.1,0.1,4.272,0.003,0.003,,,,3.7300162,ms,F,,eker14,0.48582995951417,0.963676797627873,1.61290322580645,7.16356107660456,EB,3.792391689498254,0.0069488599553277,0.0070618544874867,0.3829171350875309,0.0300471369091318,0.0322815268285766,100.0,0.003,0.1,0.0311643318688542,0.006,0.013
UX_Men B,184,1.196,0.007,0.007,1.275,0.013,0.013,6150,100,100,2.089,0.155,0.155,0.04,0.1,0.1,4.306,0.01,0.01,,,,3.7627912,ms,F,,eker14,0.585284280936455,1.01960784313726,1.6260162601626,7.41981809478219,EB,3.788875115775417,0.0070049015686586,0.0071197411229477,0.3199384399803086,0.0310844126038151,0.0334819702333257,100.0,0.01,0.1,0.0322831914185704,0.007,0.013
V1130_Tau A,191,1.392,0.008,0.008,1.784,0.011,0.011,6625,70,70,5.508,0.26,0.26,-0.25,0.1,0.1,4.08,0.006,0.006,,,,3.4514287,ms,F,,eker14,0.574712643678161,0.616591928251121,1.05660377358491,4.72040668119099,EB,3.821185882608845,0.0045646987391823,0.0046131865827421,0.740993931584886,0.0200313201264865,0.0210001052172821,70.0,0.006,0.1,0.0205157126718843,0.008,0.011
V1130_Tau B,192,1.306,0.008,0.008,1.49,0.01,0.01,6650,70,70,3.899,0.184,0.184,-0.25,0.1,0.1,4.208,0.006,0.006,,,,3.4350412,ms,F,,eker14,0.612557427258806,0.671140939597315,1.05263157894737,4.71915875865607,EB,3.822821645303105,0.0045476277507208,0.0045957516891488,0.5909532351879857,0.0200261447350114,0.0209944170913916,70.0,0.006,0.1,0.0205102809132015,0.008,0.01
V1229_Tau A,196,2.221,0.027,0.027,1.844,0.037,0.037,10025,620,620,30.832,10.283,10.283,0.06,0.05,0.05,4.253,0.019,0.019,,,,1.2227287,ms,B,,eker14,1.21566861773976,2.00650759219089,6.18453865336658,33.3517125064868,EB,4.00108438129222,0.0260612844821217,0.0277255814058219,1.4890016973113778,0.1249985972838019,0.1762110051649357,620.0,0.019,0.05,0.1506048012243688,0.027,0.037
V1229_Tau B,197,1.565,0.015,0.015,1.587,0.042,0.042,7262,380,380,6.295,1.74,1.74,0.06,0.05,0.05,4.231,0.024,0.024,,,,3.0338752,ms,F,,eker14,0.958466453674121,2.64650283553875,5.23271825943266,27.6409849086577,EB,3.8610562445768735,0.0221507887755163,0.0233415762919619,0.7989957344438814,0.105990146655482,0.1405073531348644,380.0,0.024,0.05,0.1232487498951732,0.015,0.042
V432_Aur B,224,1.079,0.005,0.005,1.224,0.007,0.007,6685,85,85,2.685,0.146,0.146,-0.6,0.05,0.05,4.296,0.005,0.005,,,,3.4120987,ms,F,,torres10,0.46339202965709,0.571895424836601,1.2715033657442,5.43761638733706,EB,3.8251014115980033,0.0054872570871409,0.0055574760561345,0.4289442900355744,0.0229955793295285,0.0242815891618521,85.0,0.005,0.05,0.0236385842456903,0.005,0.007
V505_Per A,235,1.272,0.001,0.001,1.288,0.014,0.014,6512,21,21,2.679,0.069,0.069,-0.12,0.03,0.03,4.32,0.01,0.01,,,,3.5255002,ms,F,,eker14,0.0786163522012579,1.08695652173913,0.322481572481572,2.57558790593505,EB,3.813714391881145,0.0013982663086675,0.0014027827500209,0.4279727136082088,0.0110440147793039,0.0113322062699278,21.0,0.01,0.03,0.01118811052461585,0.001,0.014
V505_Per B,236,1.254,0.001,0.001,1.267,0.014,0.014,6462,12,12,2.512,0.059,0.059,-0.12,0.03,0.03,4.33,0.01,0.01,,,,3.5582752,ms,F,,eker14,0.0797448165869219,1.10497237569061,0.185701021355617,2.34872611464968,EB,3.810366953681626,0.0008057413849287,0.0008072390463578,0.4000196350651585,0.0100824415777021,0.0103220868587728,12.0,0.01,0.03,0.010202264218237451,0.001,0.014
V565_Lyr A,238,0.995,0.003,0.003,1.101,0.007,0.007,5600,95,95,1.072,0.079,0.079,0.28,0.05,0.05,4.352,0.005,0.005,,,,4.1233162,ms,G,,eker14,0.301507537688442,0.635785649409628,1.69642857142857,7.36940298507463,EB,3.7481880270062,0.007305701408919,0.0074307036984295,0.0301947853567512,0.0308805382730405,0.03324553686137,95.0,0.005,0.05,0.03206303756720525,0.003,0.007
V565_Lyr B,239,0.929,0.003,0.003,0.971,0.009,0.009,5430,125,125,0.736,0.077,0.077,0.28,0.05,0.05,4.432,0.008,0.008,,,,4.2347512,ms,G,,eker14,0.322927879440258,0.926879505664264,2.30202578268877,10.4619565217391,EB,3.734799829588847,0.0098842336880391,0.0101144413514875,-0.1331221856625011,0.0432127312565692,0.0479923997434889,125.0,0.008,0.05,0.04560256550002905,0.003,0.009
V568_Lyr A,240,1.075,0.008,0.008,1.4,0.016,0.016,5665,100,100,1.811,0.143,0.143,0.28,0.05,0.05,4.178,0.01,0.01,,,,4.0807087,ms,G,,eker14,0.744186046511628,1.14285714285714,1.76522506619594,7.8961899503037,EB,3.753199914199416,0.0075993974313015,0.0077347455286891,0.2579184503140584,0.0330061090686958,0.0357224040123385,100.0,0.01,0.05,0.03436425654051715,0.008,0.016
V568_Lyr B,241,0.827,0.004,0.004,0.768,0.006,0.006,4900,100,100,0.305,0.028,0.028,0.28,0.05,0.05,4.586,0.008,0.008,,,,4.5821662,ms,K,,eker14,0.483675937122128,0.78125,2.04081632653061,9.18032786885246,EB,3.690196080028514,0.0087739243075048,0.0089548426529266,-0.5157001606532142,0.0381443941595341,0.0418200702823372,100.0,0.008,0.05,0.03998223222093565,0.004,0.006
V570_Per A,242,1.447,0.009,0.009,1.521,0.034,0.034,6842,50,50,4.55,0.247,0.247,0.02,0.03,0.03,4.234,0.019,0.019,,,,3.3091852,ms,F,,torres10,0.621976503109882,2.2353714661407,0.730780473545747,5.42857142857143,EB,3.835183069849044,0.003162198926947,0.0031853926131475,0.6580113966571124,0.0229583218087847,0.0242400505745569,50.0,0.019,0.03,0.0235991861916708,0.009,0.034
V570_Per B,243,1.347,0.008,0.008,1.386,0.019,0.019,6562,50,50,3.199,0.135,0.135,0.02,0.03,0.03,4.284,0.012,0.012,,,,3.4927252,ms,F,,torres10,0.593912397921307,1.37085137085137,0.761962816214569,4.22006877149109,EB,3.817036226050029,0.0032966188493812,0.0033218341688838,0.505014240084107,0.0179513554078795,0.0187254791235406,50.0,0.012,0.03,0.01833841726571005,0.008,0.019
V636_Cen A,246,1.052,0.005,0.005,1.024,0.004,0.004,5900,85,85,1.14,0.07,0.07,-0.2,0.08,0.08,4.444,0.004,0.004,,,,3.9266662,ms,G,,eker14,0.475285171102662,0.390625,1.44067796610169,6.14035087719298,EB,3.770852011642144,0.006212143100285,0.006302292577677,0.0569048513364725,0.0258805189799775,0.0275210736512629,85.0,0.004,0.08,0.026700796315620202,0.005,0.004
V636_Cen B,247,0.854,0.003,0.003,0.835,0.004,0.004,5000,100,100,0.391,0.034,0.034,-0.2,0.08,0.08,4.532,0.005,0.005,,,,4.5166162,ms,K,,eker14,0.351288056206089,0.479041916167665,2.0,8.69565217391304,EB,3.6989700043360183,0.0086001717619175,0.0087739243075048,-0.4078232426041331,0.0362121726544447,0.0395085412836736,100.0,0.005,0.08,0.03786035696905915,0.003,0.004
VZ_Cep A,264,1.402,0.015,0.015,1.558,0.012,0.012,6670,160,160,4.315,0.46,0.46,0.06,0.09,0.09,4.213,0.008,0.008,,,,3.4219312,ms,F,,eker14,1.06990014265335,0.770218228498075,2.39880059970015,10.6604866743917,EB,3.824125833916549,0.0102948697649836,0.0105448453483569,0.6349808000512285,0.0439925758685366,0.0489564176642526,160.0,0.008,0.09,0.046474496766394605,0.015,0.012
VZ_Cep B,265,1.108,0.008,0.008,1.058,0.04,0.04,5720,120,120,1.076,0.137,0.137,0.06,0.09,0.09,4.446,0.033,0.033,,,,4.0446562,ms,G,,eker14,0.722021660649819,3.78071833648393,2.0979020979021,12.7323420074349,EB,3.757396028793024,0.0090168183193752,0.0092080017868241,0.0318122713303704,0.0520485295362026,0.0591466790642594,120.0,0.033,0.09,0.055597604300231,0.008,0.04
VZ_Hya A,266,1.271,0.009,0.009,1.315,0.005,0.005,6645,150,150,3.027,0.3,0.3,-0.2,0.12,0.12,4.305,0.005,0.005,,,,3.4383187,ms,F,,eker14,0.708103855232101,0.380228136882129,2.25733634311512,9.91080277502478,EB,3.822494985278751,0.0096944757897623,0.0099158298697039,0.481012420956573,0.0410403799122494,0.045327283014943,150.0,0.005,0.12,0.0431838314635962,0.009,0.005
WZ_Oph A,274,1.227,0.007,0.007,1.401,0.012,0.012,6165,100,100,2.547,0.182,0.182,-0.27,0.07,0.07,4.234,0.008,0.008,,,,3.7529587,ms,F,,eker14,0.570497147514262,0.856531049250535,1.6220600162206,7.14566156262269,EB,3.789933080931751,0.0069879943984183,0.0071022757291587,0.4060289449636151,0.0299745907062813,0.0321977998897847,100.0,0.008,0.07,0.031086195298033,0.007,0.012
WZ_Oph B,275,1.22,0.006,0.006,1.419,0.012,0.012,6115,100,100,2.529,0.181,0.181,-0.27,0.07,0.07,4.221,0.008,0.008,,,,3.7857337,ms,F,,eker14,0.491803278688525,0.845665961945032,1.63532297628782,7.15697904310004,EB,3.786396461372304,0.0070446716053593,0.0071608296964407,0.4029488293444047,0.0300204615300009,0.0322507367688278,100.0,0.008,0.07,0.03113559914941435,0.006,0.012
YZ_Cas A,282,2.308,0.01,0.01,2.547,0.03,0.03,9200,300,300,41.687,6.397,6.397,0.1,0.06,0.06,3.995,0.01,0.01,,,,1.7635162,ms,A,,eker14,0.433275563258232,1.17785630153121,3.26086956521739,15.3453114879939,EB,3.963787827345555,0.0139357779432924,0.0143978207006423,1.6200006423000677,0.0619999461802569,0.0723489839400985,300.0,0.01,0.06,0.0671744650601777,0.01,0.03
YZ_Cas B,283,1.347,0.01,0.01,1.359,0.02,0.02,6700,250,250,3.342,0.603,0.603,0.1,0.06,0.06,4.307,0.013,0.013,,,,3.4022662,ms,F,,eker14,0.742390497401633,1.47167034584253,3.73134328358209,18.0430879712747,EB,3.8260748027008256,0.0159100018892872,0.0165150880655589,0.5240064455573725,0.0720405619880666,0.0864144133034111,250.0,0.013,0.06,0.07922748764573885,0.01,0.02
EPIC201367296,291,1.15,0.04,0.04,1.73,0.04,0.04,5718,71,71,2.7,0.342211612410021,0.342211612410021,0.21,0.08,0.08,4.018,0.013,0.013,0.220864995383851,0.0106526525104751,0.0106526525104751,4.0459672,ms,G,,lund16,3.47826086956522,2.3121387283237,1.24169289961525,12.6745041633341,A,3.75724415102197,0.0053593985448334,0.0054263632850908,0.4313637641589873,0.0518256555861326,0.0588589397468107,71.0,0.013,0.08,0.055342297666471654,0.04,0.04
EPIC201367904,292,1.3,0.05,0.05,2.08,0.05,0.05,6251,78,78,6.664,0.597819169052716,0.597819169052716,-0.02,0.08,0.08,3.916,0.013,0.013,0.144876074142461,0.0071017683403167,0.0071017683403167,3.6965857,ms,F,,lund16,3.84615384615385,2.40384615384615,1.24780035194369,8.97087588614519,A,3.7959494989028033,0.0053855967717431,0.0054532219356939,0.8237349883987312,0.0373104416834625,0.0408196360488778,78.0,0.013,0.08,0.039065038866170146,0.05,0.05
EPIC201820830,293,1.29,0.08,0.08,1.74,0.05,0.05,6420,71,71,4.555,0.353974438320162,0.353974438320162,-0.07,0.11,0.11,4.063,0.016,0.016,0.243590654072864,0.0120730061785385,0.0120730061785385,3.5858062,ms,F,,lund16,6.2015503875969,2.8735632183908,1.10591900311526,7.77111829462485,A,3.807535028068853,0.0047765810622708,0.004829700994501,0.658488381309017,0.0325023893678733,0.0351330572424061,71.0,0.016,0.11,0.0338177233051397,0.08,0.05
EPIC201860743,294,1.14,0.05,0.05,1.88,0.03,0.03,5926,78,78,4.119,0.374560308738028,0.374560308738028,-0.02,0.11,0.11,3.945,0.014,0.014,0.170442440167602,0.00852212200838,0.00852212200838,3.9096232,ms,G,,lund16,4.3859649122807,1.59574468085106,1.31623354708066,9.09347678412305,A,3.772761647144032,0.0056790364272005,0.0057542831942281,0.6147917919564175,0.0377987828398809,0.0414049518163938,78.0,0.014,0.11,0.03960186732813735,0.05,0.03
EPIC204356572,295,1.18,0.07,0.07,1.5,0.04,0.04,6316,78,78,3.422,0.297267427373032,0.297267427373032,-0.07,0.08,0.08,4.157,0.015,0.015,0.350117179177615,0.0170442440167602,0.0170442440167602,3.6539782,ms,F,,lund16,5.93220338983051,2.66666666666667,1.23495883470551,8.68694995245564,A,3.800442121336257,0.0053305105994128,0.0053967509151315,0.5342800052050815,0.0361774014563424,0.0394671506297039,78.0,0.015,0.08,0.03782227604302315,0.07,0.04
EPIC204506926,296,1.08,0.05,0.05,1.41,0.02,0.02,5705,78,78,2.374,0.207373528160854,0.207373528160854,0.38,0.08,0.08,4.172,0.013,0.013,0.385626020879199,0.0170442440167602,0.0170442440167602,4.0544887,ms,G,,lund16,4.62962962962963,1.41843971631206,1.36722173531989,8.73519495201577,A,3.756255648754233,0.0058975435493611,0.0059787336002408,0.3754807146185724,0.0363701374579256,0.0396966695663251,78.0,0.013,0.08,0.03803340351212535,0.05,0.02
EPIC204550630,297,1.17,0.04,0.04,1.37,0.03,0.03,6199,65,65,3.635,0.304111216365601,0.304111216365601,-0.13,0.08,0.08,4.228,0.014,0.014,0.450252112776081,0.0213053050209502,0.0213053050209502,3.7306717,ms,F,,lund16,3.41880341880342,2.18978102189781,1.04855621874496,8.36619577346908,A,3.7923216363515735,0.0045301126983137,0.0045778647051069,0.5605044151950566,0.0348938276024106,0.0379442830923618,65.0,0.014,0.08,0.0364190553473862,0.04,0.03
EPIC204624076,298,1.22,0.05,0.05,1.83,0.04,0.04,6381,71,71,6.112,0.478281180350465,0.478281180350465,-0.13,0.11,0.11,4.0,0.014,0.014,0.1995596903629,0.00852212200838,0.00852212200838,3.6113707,ms,F,,lund16,4.09836065573771,2.18579234972678,1.11267826359505,7.82528109212148,A,3.8048887446223913,0.0048056140945327,0.004859385378257,0.7861833455676335,0.0327205989914013,0.0353881781258968,71.0,0.014,0.11,0.03405438855864905,0.05,0.04
EPIC204926239,299,1.44,0.05,0.05,2.45,0.05,0.05,6225,71,71,6.714,0.596776978402461,0.596776978402461,0.1,0.08,0.08,3.817,0.012,0.012,0.0972942262623393,0.00426106100419,0.00426106100419,3.7136287,ms,F,,lund16,3.47222222222222,2.04081632653061,1.14056224899598,8.88854599944089,A,3.794139355767774,0.0049253635832342,0.0049818638563343,0.8269813369119937,0.0369821986643263,0.0404270226258098,71.0,0.012,0.08,0.038704610645068055,0.05,0.05
EPIC205962429,301,1.15,0.04,0.04,1.79,0.04,0.04,6082,65,65,4.372,0.372936224763376,0.372936224763376,-0.24,0.08,0.08,3.99,0.012,0.012,0.1995596903629,0.0078119451743484,0.0078119451743484,3.8073652,ms,F,,lund16,3.47826086956522,2.23463687150838,1.06872739230516,8.530105781413,A,3.784046415808113,0.0046167973127442,0.0046664043164574,0.6406801532776651,0.0355502263055658,0.0387218231595235,65.0,0.012,0.08,0.037136024732544654,0.04,0.04
EPIC205974115,303,1.15,0.04,0.04,1.36,0.03,0.03,6121,71,71,3.386,0.460929317911396,0.460929317911396,-0.07,0.08,0.08,4.23,0.012,0.012,0.455223350614303,0.0177544208507919,0.0177544208507919,3.7818007,ms,F,,lund16,3.47826086956522,2.20588235294118,1.15994118608071,13.6127973393797,A,3.786822379499188,0.0050085681756484,0.0050670048467185,0.5296869537729164,0.0554272530373941,0.0635505888350028,71.0,0.012,0.08,0.059488920936198446,0.04,0.03
EPIC205995584,305,1.31,0.07,0.07,1.71,0.04,0.04,6433,71,71,4.784,0.38291610691645,0.38291610691645,-0.07,0.08,0.08,4.082,0.013,0.013,0.257794190753498,0.0113628293445068,0.0113628293445068,3.5772847,ms,F,,lund16,5.34351145038168,2.33918128654971,1.10368412871133,8.00409922484219,A,3.808413551400368,0.0047669811856434,0.0048198866290238,0.6797911709803545,0.033440239162358,0.0362315238543555,71.0,0.013,0.08,0.034835881508356745,0.07,0.04
EPIC206009487,306,1.03,0.05,0.05,1.49,0.04,0.04,5926,71,71,1.949,0.164977135740432,0.164977135740432,-0.24,0.08,0.08,4.101,0.012,0.012,0.30963709963781,0.0127831830125701,0.0127831830125701,3.9096232,ms,G,,lund16,4.85436893203883,2.68456375838926,1.1981100236247,8.4647068106943,A,3.772761647144032,0.0051724016937471,0.00523474773565,0.2898118391176214,0.0352884466563109,0.0384114230695956,71.0,0.012,0.08,0.03684993486295325,0.05,0.04
EPIC206064678,307,1.01,0.04,0.04,0.98,0.02,0.02,5562,71,71,0.9558,0.0889516392597488,0.0889516392597488,0.26,0.11,0.11,4.453,0.013,0.013,1.05319224486897,0.0426106100419004,0.0426106100419004,4.1482252,ms,G,,lund16,3.96039603960396,2.04081632653061,1.27651923768429,9.30651174510869,A,3.7452309845281406,0.00550876670721,0.0055795408187639,-0.0196329738152248,0.0386460350579329,0.0424238939375985,71.0,0.013,0.11,0.040534964497765696,0.04,0.02
EPIC206064711,308,1.27,0.05,0.05,1.57,0.03,0.03,6563,71,71,3.997,0.308407549090577,0.308407549090577,-0.18,0.08,0.08,4.147,0.011,0.011,0.32668134365457,0.0120730061785385,0.0120730061785385,3.4920697,ms,F,,lund16,3.93700787401575,1.91082802547771,1.08182233734573,7.71597570904621,A,3.8171024042569233,0.0046730629265403,0.0047238931027289,0.6017341482601049,0.0322801197116031,0.0348734751690726,71.0,0.011,0.08,0.03357679744033785,0.05,0.03
EPIC206070413,309,1.23,0.07,0.07,1.52,0.04,0.04,6446,71,71,3.855,0.316837613447796,0.316837613447796,-0.13,0.08,0.08,4.16,0.014,0.014,0.34798664867552,0.0156238903486968,0.0156238903486968,3.5687632,ms,F,,lund16,5.69105691056911,2.63157894736842,1.10145826869376,8.21887453820483,A,3.809290301176316,0.0047574198192839,0.0048101120703227,0.5860243823869757,0.0343030130156272,0.0372466210927606,71.0,0.014,0.08,0.0357748170541939,0.07,0.04
EPIC206078331,310,0.94,0.04,0.04,1.13,0.03,0.03,5809,78,78,1.423,0.123992980527382,0.123992980527382,-0.18,0.11,0.11,4.306,0.012,0.012,0.656203394645267,0.0255663660251403,0.0255663660251403,3.9863167,ms,G,,lund16,4.25531914893617,2.65486725663717,1.34274401790325,8.71349125280268,A,3.764101376476229,0.0057926593359405,0.0058709680184789,0.1532049000842843,0.0362834430105969,0.0395934021983333,78.0,0.012,0.11,0.0379384226044651,0.04,0.03
EPIC206088888,311,1.08,0.06,0.06,1.3,0.03,0.03,5965,71,71,2.132,0.17966884307268,0.17966884307268,-0.02,0.08,0.08,4.242,0.012,0.012,0.491442369149918,0.0198849513528869,0.0198849513528869,3.8840587,ms,G,,lund16,5.55555555555556,2.30769230769231,1.19027661357921,8.42724404656098,A,3.775610448006361,0.0051387830971916,0.0052003164924543,0.3287872003545347,0.0351384192178796,0.0382337151857191,71.0,0.012,0.08,0.03668606720179935,0.06,0.03
EPIC206094605,312,1.4,0.11,0.11,2.01,0.07,0.07,6537,78,78,6.616,0.579248511148907,0.579248511148907,0.04,0.08,0.08,3.979,0.014,0.014,0.172572970669697,0.0078119451743484,0.0078119451743484,3.5091127,ms,F,,lund16,7.85714285714286,3.48258706467662,1.19320789352914,8.75526770176704,A,3.815378484965918,0.0051513635576019,0.0052132004227685,0.8205954965444903,0.0364503017499316,0.0397921986506186,78.0,0.014,0.08,0.0381212502002751,0.11,0.07
EPIC206107253,313,1.16,0.03,0.03,1.31,0.02,0.02,6290,65,65,2.481,0.20841508252867,0.20841508252867,-0.18,0.08,0.08,4.267,0.01,0.01,0.516298558341027,0.0184645976848235,0.0184645976848235,3.6710212,ms,F,,lund16,2.58620689655172,1.52671755725191,1.03338632750397,8.40044669603668,A,3.798650645445269,0.0044649094447577,0.0045112896774952,0.3946267642722091,0.0350310718446569,0.0381066442153029,65.0,0.01,0.08,0.0365688580299799,0.03,0.02
EPIC206108325,314,1.3,0.05,0.05,2.15,0.05,0.05,6433,71,71,7.835,3.43972966891016,3.43972966891016,-0.18,0.11,0.11,3.887,0.014,0.014,0.13138271429586,0.006391591506285,0.006391591506285,3.5772847,ms,F,,lund16,3.84615384615385,2.32558139534884,1.10368412871133,43.9021017091277,A,3.808413551400368,0.0047669811856434,0.0048198866290238,0.894039000804609,0.1580671369109708,0.2510534092924097,71.0,0.014,0.11,0.20456027310169025,0.05,0.05
EPIC206189649,316,1.17,0.06,0.06,2.0,0.05,0.05,6082,78,78,8.906,1.59769482996764,1.59769482996764,-0.18,0.11,0.11,3.907,0.012,0.012,0.14842695831262,0.006391591506285,0.006391591506285,3.8073652,ms,F,,lund16,5.12820512820513,2.5,1.2824728707662,17.9395332356573,A,3.784046415808113,0.0055342963563123,0.0056057322368805,0.9496826907952042,0.0716594046561381,0.0858660170717401,78.0,0.012,0.11,0.0787627108639391,0.06,0.05
EPIC206201061,317,1.41,0.1,0.1,1.97,0.06,0.06,6589,71,71,5.989,0.54400862162162,0.54400862162162,-0.02,0.11,0.11,3.997,0.013,0.013,0.183935800014204,0.0078119451743484,0.0078119451743484,3.4750267,ms,F,,lund16,7.09219858156028,3.04568527918782,1.07755349825467,9.08346337655068,A,3.818819507547536,0.0046547216227645,0.0047051514184111,0.7773543130842088,0.0377589182450839,0.0413571166555296,71.0,0.013,0.11,0.03955801745030675,0.1,0.06
EPIC206245055,318,0.88,0.04,0.04,0.93,0.02,0.02,5835,71,71,1.027,0.0881553234679514,0.0881553234679514,-0.35,0.08,0.08,4.444,0.012,0.012,1.09580285491087,0.0426106100419004,0.0426106100419004,3.9692737,ms,G,,lund16,4.54545454545455,2.1505376344086,1.21679520137104,8.5837705421569,A,3.766040860381389,0.0052525822476705,0.0053168882394372,0.0115704435972781,0.035764918340299,0.0389766955321688,71.0,0.012,0.08,0.0373708069362339,0.04,0.02
EPIC206289767,319,1.36,0.08,0.08,2.06,0.06,0.06,6368,78,78,6.726,0.567887631238488,0.567887631238488,0.04,0.11,0.11,3.94,0.013,0.013,0.154108372984873,0.006391591506285,0.006391591506285,3.6198922,ms,F,,lund16,5.88235294117647,2.9126213592233,1.2248743718593,8.44317025332275,A,3.8040030547296126,0.005287246446703,0.0053524092843435,0.8277568629786168,0.035202205361776,0.038309253648882,78.0,0.013,0.11,0.036755729505329,0.08,0.06
EPIC206368174,320,1.32,0.08,0.08,1.78,0.05,0.05,6212,65,65,4.479,0.385317387049338,0.385317387049338,0.1,0.06,0.06,4.05,0.013,0.013,0.230807471060294,0.0092322988424117,0.0092322988424117,3.7221502,ms,F,,lund16,6.06060606060606,2.80898876404494,1.04636188023181,8.60275479011695,A,3.7932314470565207,0.0045206815941898,0.0045682339356631,0.6511810624446879,0.0358408415969606,0.0390668940711632,65.0,0.013,0.06,0.0374538678340619,0.08,0.05
EPIC206371648,321,0.83,0.03,0.03,0.93,0.02,0.02,5549,65,65,1.218,0.192773285125266,0.192773285125266,-0.24,0.08,0.08,4.421,0.016,0.016,1.03330729351609,0.0589446772246289,0.0589446772246289,4.1567467,ms,G,,lund16,3.6144578313253,2.1505376344086,1.17138223103262,15.8270349035523,A,3.744214724814166,0.0050576834842543,0.0051172786966908,0.0856472882968565,0.0638099388309091,0.0748273739961999,65.0,0.016,0.08,0.0693186564135545,0.03,0.02
EPIC206453540,323,1.42,0.08,0.08,1.87,0.05,0.05,6524,78,78,6.053,0.502935081754122,0.502935081754122,-0.02,0.11,0.11,4.044,0.011,0.011,0.215893757545629,0.00852212200838,0.00852212200838,3.5176342,ms,F,,lund16,5.63380281690141,2.67379679144385,1.19558553034948,8.30885646380508,A,3.8145139523682383,0.0051615676260543,0.0052236511919225,0.781970673912552,0.0346639705320428,0.0376726108851783,78.0,0.011,0.11,0.03616829070861055,0.08,0.05
KIC10003270,324,1.416,0.207465659809039,0.103232746742494,2.362,0.114947814246292,0.0984784240328814,6594,69,69,9.847,0.935283684854657,0.935283684854657,-0.181,0.1,0.1,3.848,0.0221359436211787,0.0230867927612304,0.1086,0.0081026892449359,0.0079175103410099,3.4717492,ms,F,,serenelli17,10.9709889319044,4.51791359608749,1.04640582347589,9.49815867629386,A,3.8191489428071344,0.0045208704610022,0.0045684267968155,0.9933039379194744,0.0394068161309443,0.0433425846777809,69.0,0.022611368191204552,0.1,0.0413747004043626,0.1553492032757665,0.1067131191395867
KIC10016239,325,1.264,0.0540370243444252,0.0596405902049938,1.298,0.0246981780704569,0.0255538646783613,6482,51,51,2.567,0.211327209888464,0.211327209888464,-0.005,0.1,0.1,4.312,0.010770329614269,0.010770329614269,0.5763,0.0184830611371602,0.0174825040826536,3.5451652,ms,F,,serenelli17,4.49674108185993,1.93574895026264,0.786794199321197,8.23245850753659,A,3.811709026696191,0.0034036314936214,0.003430517113423,0.4094258686714433,0.0343575235871064,0.0373109031497408,51.0,0.010770329614269,0.1,0.0358342133684236,0.056838807274709496,0.0251260213744091
KIC10018963,326,1.254,0.0445533388198909,0.046690470119715,1.965,0.0272029410174709,0.0284253408071038,6271,46,46,5.266,0.446821090674345,0.446821090674345,-0.219,0.1,0.1,3.949,0.0058309518948453,0.0058309518948453,0.1655,0.0019918413591448,0.0019695217693643,3.6834757,ms,F,,serenelli17,3.63811040429051,1.41547790902226,0.733535321320364,8.48501881265373,A,3.7973368007753496,0.0031740761190182,0.0031974450075757,0.7214808547700493,0.0353697686341822,0.0385078052294545,46.0,0.0058309518948453,0.1,0.03693878693181835,0.04562190446980295,0.02781414091228735
KIC10019747,327,1.168,0.0509901951359278,0.0556057550978314,1.7,0.0292061637330205,0.0308058436014987,5769,65,65,2.721,0.231861813052369,0.231861813052369,0.204,0.1,0.1,4.044,0.0106301458127346,0.0106301458127346,0.2377,0.0065952131125536,0.0065437454871044,4.0125367,ms,G,,serenelli17,4.56318280110271,1.76505903925056,1.12671173513607,8.52119856862805,A,3.7611005389581424,0.0048658858275714,0.0049210221143334,0.4347285417797577,0.035514581706466,0.0386795342177964,65.0,0.0106301458127346,0.1,0.0370970579621312,0.0532979751168796,0.030006003667259598
KIC10024648,328,1.444,0.087692645073575,0.13729530217746,2.0,0.0504479930225178,0.0602079728939615,6409,157,157,5.875,0.502415649551589,0.502415649551589,-0.006,0.1,0.1,3.994,0.0143178210632764,0.0161554944214035,0.1802,0.0061585879582904,0.0059393391585259,3.5930167,ms,F,,serenelli17,7.79044138680869,2.76639914791198,2.44968013730691,8.55175573704832,A,3.8067902715840662,0.0105106068092544,0.0107713022369173,0.7690078709437739,0.0356368522100174,0.0388246282327419,157.0,0.015236657742339949,0.1,0.03723074022137965,0.1124939736255175,0.05532798295823965
KIC10025841,329,1.121,0.133195345264014,0.0966488489326179,1.521,0.0945568612000208,0.0850940655980192,5738,187,187,3.181,0.271735078378362,0.271735078378362,0.197,0.1,0.1,4.127,0.0362215405525497,0.0392045915678253,0.3193,0.0449092151345356,0.040844652085677,4.0328572,ms,G,,serenelli17,10.251748180046,5.90568464161867,3.25897525270129,8.5424419483924,A,3.7587605439099794,0.013927810772162,0.0143893165781188,0.5025636691073634,0.035599587952709,0.0387803986132198,187.0,0.0377130660601875,0.1,0.0371899932829644,0.11492209709831594,0.08982546339902
KIC10068307,330,1.469,0.0095,0.0209,2.0823,0.018,0.018,6132,77,77,6.294,0.2,0.173,-0.23,0.1,0.1,3.9666,0.0044,0.0044,0.162767559122221,0.0028684042326539,0.0030708046303529,3.7745902,ms,F,,silva17,1.03471749489449,0.864428756663305,1.25570776255708,2.96313949793454,A,3.7876021461823375,0.0054195136636456,0.0054879987032663,0.7989267385772014,0.0135855457127812,0.0121043590780139,77.0,0.0044,0.1,0.01284495239539755,0.015199999999999998,0.018
KIC10070754,331,1.201,0.0552177507691141,0.056859475903318,1.284,0.0286356421265527,0.0286356421265527,6550,58,58,2.492,0.206873468067021,0.206873468067021,-0.21,0.099,0.099,4.299,0.0148660687473185,0.0148660687473185,0.5657,0.0260648158443523,0.0262609715166823,3.5005912,ms,F,,serenelli17,4.66599611458918,2.23019019677202,0.885496183206107,8.3015035339896,A,3.816241299991783,0.0038287343205425,0.0038627888375888,0.396548037987132,0.0346344859141701,0.0376377851791421,58.0,0.0148660687473185,0.099,0.036136135546656095,0.056038613336216056,0.0286356421265527
KIC10074716,332,1.217,0.0742495791233863,0.0920869154657707,1.465,0.046518813398452,0.0456179789118282,6064,91,91,2.686,0.2247932580903,0.2247932580903,0.11,0.1,0.1,4.189,0.019313207915828,0.0202484567313166,0.3864,0.0517320867934013,0.0183471170487355,3.8191642,ms,F,,serenelli17,6.83387405871639,3.14460042014608,1.50065963060686,8.36907141065898,A,3.782759192623997,0.0064688646433377,0.0065666778769251,0.4291060083326965,0.0349053520153945,0.0379579122652467,91.0,0.0197808323235723,0.1,0.0364316321403206,0.0831682472945785,0.0460683961551401
KIC10079226,333,1.147,0.0470106370941726,0.0460977222864644,1.158,0.0170880074906351,0.0170880074906351,6078,50,50,1.666,0.139281472396433,0.139281472396433,0.106,0.099,0.099,4.37,0.0076157731058639,0.0076157731058639,0.7383,0.0103502359876478,0.0104257321085859,3.8099872,ms,F,,serenelli17,4.05877765390746,1.47564831525346,0.822639025995393,8.36023243676071,A,3.783760695743924,0.0035580608806231,0.0035874521013301,0.2216749970707687,0.0348699279400738,0.0379160210336066,50.0,0.0076157731058639,0.099,0.0363929744868402,0.0465541796903185,0.0170880074906351
KIC10081026,334,1.354,0.0781024967590666,0.0744043009509531,2.341,0.0922821759604746,0.0862844134244418,6503,61,61,10.56,0.966112970046765,0.966112970046765,-0.244,0.101,0.101,3.83,0.0223606797749979,0.0223606797749979,0.1052,0.0086065515161416,0.0083177661063533,3.5313997,ms,F,,serenelli17,5.63171335709083,3.81389554431688,0.938028602183608,9.14879706483679,A,3.8131137540078983,0.0040548183731567,0.0040930335242261,1.0236639181977936,0.0380189536870974,0.0416693179470885,61.0,0.0223606797749979,0.101,0.03984413581709295,0.07625339885500984,0.0892832946924582
KIC10118942,336,1.184,0.0617170964968379,0.0609590026165127,2.14,0.0608358446970205,0.0599332962550868,6362,61,61,6.26,0.57991786244829,0.57991786244829,-0.325,0.0721110255092798,0.0721110255092798,3.85,0.0164924225024706,0.0164924225024706,0.1207,0.0070733940933614,0.0069151387549347,3.6238252,ms,F,p,serenelli17,5.18057850985433,2.82170890075017,0.95881798176674,9.26386361738483,A,3.803593664771344,0.0041442572427561,0.0041841851562174,0.7965743332104297,0.0384765532904397,0.0422197172832938,61.0,0.0164924225024706,0.0721110255092798,0.040348135286866746,0.0613380495566753,0.06038457047605365
KIC10129349,337,1.381,0.0578013840664737,0.0570087712549569,1.534,0.041146081222882,0.0393573373083089,6699,56,56,4.248,0.367732674870185,0.367732674870185,0.045,0.1,0.1,4.206,0.0177200451466694,0.0177200451466694,0.3817,0.0191729513638355,0.0191634382092567,3.4029217,ms,F,,serenelli17,4.15677607970422,2.62397061705316,0.83594566353187,8.65660722387442,A,3.826009977791101,0.003615375566949,0.0036457253495512,0.6281845080734126,0.0360561401698747,0.0393228613891359,56.0,0.0177200451466694,0.1,0.037689500779505294,0.0574050776607153,0.040251709265595445
KIC10130724,338,0.85,0.15,0.09,1.08,0.06,0.04,5648,70,70,4.802,1.39168643856667,1.39168643856667,0.32,0.15,0.15,4.306,0.022,0.016,0.6827,0.0216,0.0209,4.0918522,ms,G,,C14sdss,14.1176470588235,4.62962962962963,1.23937677053824,28.9813918901848,A,3.7518946880437474,0.0053494629782226,0.0054161781137165,0.6814221557210085,0.1105270592734037,0.148627843667046,70.0,0.019,0.15,0.12957745147022487,0.12,0.05
KIC10147635,340,1.467,0.0554707129934347,0.0468721665810319,2.688,0.0446542271235322,0.0414004830889689,6155,66,66,9.718,0.857439330910491,0.857439330910491,-0.035,0.1,0.1,3.746,0.0067082039324993,0.0067082039324993,0.07556,0.0014935084499258,0.001477372833783,3.7595137,ms,F,,serenelli17,3.48816903798454,1.60072005603611,1.07229894394801,8.82320776816722,A,3.789228057267335,0.0046321440753347,0.0046820832128124,0.9875768947269874,0.0367215234030202,0.0401156911483157,66.0,0.0067082039324993,0.1,0.038418607275667954,0.051171439787233305,0.04302735510625055
KIC10162436,341,1.413,0.0735527021937332,0.114061386980871,2.011,0.0418688428309166,0.0458039299623951,6346,108,108,5.258,0.435907811991826,0.435907811991826,-0.059,0.1,0.1,3.979,0.0094339811320566,0.0139283882771841,0.1731,0.0019343469724948,0.0021747519881586,3.6343132,ms,F,,serenelli17,6.63885665869088,2.17983025343888,1.7018594390167,8.2903729933782,A,3.8025000677643934,0.0073288933034927,0.0074546973432685,0.7208205817703439,0.0345898495921631,0.0375850728752099,108.0,0.011681184704620349,0.1,0.0360874612336865,0.0938070445873021,0.04383638639665585
KIC10186764,342,1.305,0.0629682459657247,0.0698140387028282,1.709,0.0651920240520265,0.062393909959226,6488,74,74,3.867,0.346675421583137,0.346675421583137,-0.167,0.102,0.102,4.087,0.0231948270094864,0.0251793566240283,0.2597,0.0225543216257993,0.0221663331202975,3.5412322,ms,F,,serenelli17,5.08744385703268,3.73276576978503,1.14056720098644,8.96497081932083,A,3.8121108412031,0.004925384846929,0.004981885610678,0.5873741720730654,0.0372869068866268,0.0407914642435928,74.0,0.02418709181675735,0.102,0.039039185565109796,0.06639114233427645,0.06379296700562626
KIC10202294,343,1.18,0.21,0.11,1.88,0.08,0.07,5803,66,66,4.243,0.36646582595668,0.36646582595668,0.36,0.1,0.1,3.961,0.026,0.015,0.1786,0.0062,0.0065,3.9902497,ms,G,,C14sdss,13.5593220338983,3.98936170212766,1.13734275374806,8.63695088278766,A,3.7636525705645294,0.004911538949043,0.0049677206820892,0.6276730317666159,0.0359775677486207,0.0392294148700876,66.0,0.020499999999999997,0.1,0.037603491309354156,0.16,0.07500000000000001
KIC10214328,344,1.23,0.085146931829632,0.0630317380372777,1.765,0.0539073278877742,0.051662365412358,6923,80,80,6.189,0.470228183233684,0.470228183233684,-0.584,0.102,0.102,4.033,0.0234093998214393,0.0206155281280883,0.2237,0.0147731362953166,0.0153182752292809,3.2560897,ms,F,,serenelli17,6.02352316532153,2.99064286969213,1.15556839520439,7.5978055135512,A,3.840294331611436,0.0049897947365553,0.0050477916151252,0.791620482692814,0.0318034138668559,0.034317714472122,80.0,0.0220124639747638,0.102,0.03306056416948895,0.07408933493345485,0.052784846650066095
KIC10215584,345,1.068,0.060605280298007,0.0638200595424354,1.139,0.0290688837074973,0.0290688837074973,5995,57,57,1.78,0.157131504009564,0.157131504009564,-0.015,0.1,0.1,4.352,0.0170880074906351,0.0170880074906351,0.7201,0.0373758863975157,0.0288770217300884,3.8643937,ms,G,,serenelli17,5.82515635957127,2.55214079960468,0.950792326939116,8.82761258480697,A,3.777789187434868,0.0041097319162815,0.0041489941748418,0.250420002308894,0.036739101903828,0.0401366727350112,57.0,0.0170880074906351,0.1,0.038437887319419606,0.0622126699202212,0.0290688837074973
KIC10273246,349,1.287,0.0509901951359278,0.0544518135602479,2.147,0.029,0.0320156211871642,6342,59,59,6.403,0.567072115737085,0.567072115737085,-0.262,0.1,0.1,3.883,0.0078102496759066,0.0078102496759066,0.13,0.0021014340341776,0.0021128816814956,3.6369352,ms,F,,serenelli17,4.09642613427256,1.4209506564314,0.930305897193314,8.85635039414471,A,3.80222623769107,0.0040215895047204,0.0040591779751308,0.8063835018241675,0.0368537697178377,0.0402735852340393,59.0,0.0078102496759066,0.1,0.0385636774759385,0.05272100434808785,0.030507810593582103
KIC10290021,350,1.37,0.13,0.11,2.05,0.06,0.07,6215,56,56,6.234,0.534000492474451,0.534000492474451,0.06,0.15,0.1,3.955,0.014,0.015,0.1612,0.0045,0.0045,3.7201837,ms,F,,C14sdss,8.75912408759124,3.17073170731707,0.901045856798069,8.56593667748558,A,3.793441132977664,0.003895667797686,0.0039309288874092,0.7947667979408211,0.0356935836916426,0.0388919797909517,56.0,0.014499999999999999,0.125,0.037292781741297146,0.12,0.065
KIC10319352,352,1.077,0.0622012861603359,0.060605280298007,1.483,0.0288444102037119,0.0366742416417845,5659,63,63,2.162,0.19153491573826,0.19153491573826,0.197,0.099,0.099,4.128,0.017464249196573,0.0165529453572468,0.3303,0.0227037728142263,0.0156028523033451,4.0846417,ms,G,,serenelli17,5.7013262051227,2.20899028474364,1.11327089591801,8.85915428946622,A,3.752739693935328,0.004808159533916,0.0048619881155378,0.3348556896172915,0.0368649560251042,0.040286945846679,63.0,0.017008597276909898,0.099,0.0385759509358916,0.06140328322917145,0.032759325922748196
KIC10322381,353,1.138,0.0687968022512675,0.0646374504447692,1.401,0.066098411478643,0.059464274989274,6464,63,63,2.627,0.213321387443824,0.213321387443824,-0.361,0.1,0.1,4.199,0.0280713376952364,0.0290688837074973,0.4109,0.0449059305660177,0.0438555013652791,3.5569642,ms,F,,serenelli17,5.86266488119669,4.48118081612837,0.974628712871287,8.12034211815091,A,3.8105013477665297,0.0042122649294471,0.0042535205707392,0.4194600727860702,0.0339074112385822,0.0367806305895683,63.0,0.02857011070136685,0.1,0.03534402091407525,0.06671712634801835,0.0627813432339585
KIC10324098,354,1.326,0.172754160586656,0.0738173421358423,2.11,0.0813941029804985,0.060802960454241,6370,68,68,6.862,0.611014165471671,0.611014165471671,-0.118,0.101,0.101,3.912,0.0167630546142402,0.0158113883008419,0.1408,0.0069354653773196,0.0067335551531119,3.6185812,ms,F,,serenelli17,9.29756797596146,3.36959865959099,1.06750392464678,8.90431602261252,A,3.8041394323353503,0.0046115400142445,0.0046610334973693,0.8364507137201546,0.0370450917636806,0.0405021989787895,68.0,0.01628722145754105,0.101,0.03877364537123505,0.12328575136124914,0.07109853171736975
KIC10351059,355,1.47,0.0729177618965366,0.0722495674727538,1.819,0.0457930125674212,0.0449444101084885,6530,58,58,5.568,0.459300526153019,0.459300526153019,0.16,0.1,0.1,4.085,0.0139283882771841,0.0148660687473185,0.244,0.0114702997345318,0.0114801862354232,3.5137012,ms,F,,serenelli17,4.93766426426158,2.49415675304865,0.888208269525268,8.24893186338038,A,3.814913181275074,0.0038404092226427,0.0038746726708578,0.7456992266025056,0.0344236196847241,0.0373888711288473,58.0,0.0143972285122513,0.1,0.0359062454067857,0.0725836646846452,0.04536871133795485
KIC10355856,356,1.347,0.0558659108938537,0.0530754180388624,1.738,0.0270185121722126,0.0264007575648882,6558,56,56,5.057,0.435711596721004,0.435711596721004,-0.152,0.1,0.1,4.087,0.0072111025509279,0.0072111025509279,0.2561,0.0032990013640494,0.0032228561866766,3.4953472,ms,F,,serenelli17,4.0438503686977,1.5368029268441,0.853918877706618,8.61600942695282,A,3.8167714123333454,0.0036927782443378,0.0037244471732384,0.7038929536325446,0.0358938426870399,0.0391298810142473,56.0,0.0072111025509279,0.1,0.037511861850643605,0.05447066446635805,0.0267096348685504
KIC10385708,357,1.227,0.128160056179763,0.054561891462815,1.766,0.0488466989672793,0.0407062648740952,6036,55,55,3.7,0.318249775162472,0.318249775162472,0.121,0.1,0.1,4.033,0.0178885438199983,0.0152643375224737,0.2228,0.0094411512009923,0.0092278273174133,3.8375182,ms,F,,serenelli17,7.44588213702436,2.53547462744548,0.911199469847581,8.6013452746614,A,3.780749231103552,0.003939368397869,0.0039754286914455,0.568201724066995,0.0358352050110553,0.0390601964944152,55.0,0.016576440671236002,0.1,0.03744770075273525,0.09136097382128901,0.04477648192068725
KIC10398597,359,1.47,0.0779358710735949,0.112538882169675,2.015,0.0784474346298207,0.0717843994193725,6412,65,65,6.768,0.567435482894059,0.567435482894059,0.112,0.1,0.1,3.991,0.0241867732448957,0.0241867732448957,0.1769,0.0144302044337563,0.0147180331566415,3.5910502,ms,F,,serenelli17,6.47873310351258,3.72783707318097,1.01372426699938,8.38409401439213,A,3.8069935136821074,0.0043803833717857,0.004425015368151,0.8304603500309671,0.0349655516798633,0.0380291193224914,65.0,0.0241867732448957,0.1,0.036497335501177355,0.09523737662163495,0.0751159170245966
KIC10454113,361,1.203,0.0384837628097877,0.0384837628097877,1.255,0.0134164078649987,0.0143178210632764,6197,45,45,2.627,0.230186565383304,0.230186565383304,-0.055,0.1,0.1,4.32,0.0053851648071345,0.0053851648071345,0.6076,0.0042054538399559,0.0038675052682575,3.7319827,ms,F,,serenelli17,3.19898277720596,1.10494935969223,0.726157818299177,8.762335949117,A,3.792181496149679,0.0031422681796349,0.0031651693563041,0.4194600727860702,0.0364785265995106,0.0398258424528019,45.0,0.0053851648071345,0.1,0.03815218452615625,0.0384837628097877,0.01386711446413755
KIC10462940,362,1.239,0.05060632371552,0.0522015325445528,1.271,0.0174928556845359,0.0174928556845359,6265,48,48,2.189,0.183679028296869,0.183679028296869,0.112,0.099,0.099,4.322,0.0072111025509279,0.0072111025509279,0.6025,0.0064220834625532,0.0064459653272415,3.6874087,ms,F,,serenelli17,4.14882390072933,1.37630650547096,0.766161213088587,8.39100174951434,A,3.796921075330169,0.0033147139971849,0.003340207962013,0.3402457615679317,0.0349932300553379,0.0380618658670723,48.0,0.0072111025509279,0.099,0.0365275479612051,0.0514039281300364,0.0174928556845359
KIC10491771,363,1.299,0.0551543289325507,0.0537587202228624,1.511,0.043081318457076,0.0412310562561766,6601,48,48,3.72,0.300924684209658,0.300924684209658,-0.101,0.1,0.1,4.192,0.0189736659610103,0.0189736659610103,0.3723,0.0134728505150172,0.0452306721263348,3.4671607,ms,F,,serenelli17,4.19218818919989,2.78995283630882,0.727162551128617,8.08937323144242,A,3.819609732751585,0.0031466001998055,0.0031695647954461,0.5705429398818975,0.0337829985434504,0.0366342722903682,48.0,0.0189736659610103,0.1,0.0352086354169093,0.05445652457770655,0.0421561873566263
KIC10514430,364,1.059,0.04,0.021,1.59,0.015,0.018,5784,98,98,2.634,0.151,0.124,-0.114,0.0721110255092798,0.0721110255092798,4.061,0.004,0.004,0.265606135927846,0.0028407073361267,0.0028407073361267,4.0027042,ms,G,p,silva15,2.88007554296506,1.0377358490566,1.69432918395574,5.2201974183751,A,3.7622282842864734,0.0072967358845761,0.0074214289320511,0.420615770625765,0.0242094288839826,0.0209420491447269,98.0,0.004,0.0721110255092798,0.02257573901435475,0.0305,0.0165
KIC10516096,365,1.0586,0.0494,0.0608,1.3986,0.024,0.021,5964,77,77,2.217,0.189,0.146,-0.11,0.1,0.1,4.169,0.011,0.0099,0.385592642567999,0.0070655493217811,0.0066458348128684,3.8847142,ms,G,,silva17,5.2049877196297,1.60875160875161,1.29107981220657,7.5552548488949,A,3.775537634780957,0.0055712009485091,0.0056435989687879,0.3457656931144882,0.0355299298893377,0.0295855942210355,77.0,0.010450000000000001,0.1,0.0325577620551866,0.055099999999999996,0.0225
KIC10518551,366,1.25,0.0523259018078045,0.0574891294072192,2.08,0.0366196668472011,0.0382753184180093,6242,60,60,7.12,0.615406327362857,0.615406327362857,-0.267,0.101,0.101,3.898,0.0089442719099991,0.0098488578017961,0.1388,0.0037746317701201,0.0036756045761207,3.7024852,ms,F,,serenelli17,4.39260124860095,1.8003602227214,0.961230374879846,8.64334729442215,A,3.795323764329314,0.0041546345086671,0.0041947636020278,0.8524799936368563,0.0360031377271319,0.0392598212931527,60.0,0.0093965648558976,0.101,0.0376314795101423,0.05490751560751185,0.0374474926326052
KIC10586004,368,1.178,0.021,0.03,1.653,0.009,0.012,5770,83,83,2.749,0.151,0.155,0.256,0.0721110255092798,0.0721110255092798,4.071,0.005,0.005,0.260634898089624,0.0028407073361267,0.0035508841701583,4.0118812,ms,G,p,silva15,2.16468590831919,0.635208711433757,1.43847487001733,5.5656602400873,A,3.7611758131557314,0.006202710958449,0.0062925849035639,0.4391747398434685,0.0232232580554875,0.0252047680954071,83.0,0.005,0.0721110255092798,0.0242140130754473,0.025500000000000002,0.010499999999999999
KIC10610027,371,1.329,0.0626258732474047,0.0551543289325507,1.48,0.057567351858497,0.0528109837060436,6704,58,58,5.015,0.1028789500582,0.1028789500582,-0.041,0.1,0.1,4.222,0.0253179778023443,0.0263058928759318,0.4115,0.0413831059854139,0.0375354853571923,3.3996442,ms,F,,serenelli17,4.43115884800434,3.72899782312637,0.865155131264916,2.05142472698305,A,3.82633400562222,0.0037411608075301,0.0037736686795279,0.7002709373564369,0.008819072224532,0.0090018767245485,58.0,0.025811935339138052,0.1,0.008910474474540249,0.058890101089977706,0.0551891677822703
KIC10644253,372,1.159,0.0447772263544762,0.0456946386351835,1.118,0.0136014705087354,0.014560219778561,6069,50,50,1.537,0.130345556857047,0.130345556857047,0.096,0.1,0.1,4.405,0.0067082039324993,0.0067082039324993,0.8301,0.0056789388093199,0.0056198424355136,3.8158867,ms,F,,serenelli17,3.90301402026142,1.25946736526371,0.823858955346845,8.48051768751117,A,3.7831171374904673,0.0035633157061814,0.0035927941656774,0.1866738674997451,0.0353517490551876,0.0384864451667125,50.0,0.0067082039324993,0.1,0.03691909711095005,0.04523593249482985,0.014080845143648199
KIC10655953,373,1.262,0.0483321838943783,0.0501597448159378,1.267,0.0269258240356725,0.026,6594,61,61,2.301,0.193171468513318,0.193171468513318,-0.073,0.099,0.099,4.333,0.012369316876853,0.0133416640641263,0.6211,0.030470144469628,0.0204480317879252,3.4717492,ms,F,,serenelli17,3.90221587600301,2.08862762571715,0.925083409159842,8.39510945299078,A,3.8191489428071344,0.0039991170035595,0.0040362846173218,0.3619166186686434,0.0350096882402597,0.0380813398596296,61.0,0.01285549047048965,0.099,0.03654551404994465,0.04924596435515805,0.02646291201783625
KIC10666592,374,1.497,0.042,0.04,1.986,0.018,0.015,6350,80,80,5.754,0.304,0.322,0.203,0.0721110255092798,0.0721110255092798,4.017,0.007,0.009,0.19103756835452,0.0028407073361267,0.0035508841701583,3.6316912,ms,F,p,silva15,2.73881095524382,0.830815709969789,1.25984251968504,5.43969412582551,A,3.802773725291976,0.0054372476322464,0.0055061844612591,0.7599698575543072,0.0223594114425297,0.025010096281862,80.0,0.008,0.0721110255092798,0.023684753862195852,0.041,0.0165
KIC10709834,376,1.39,0.04,0.03,1.76,0.03,0.02,6508,84,84,5.709,0.462955303593953,0.462955303593953,-0.08,0.09,0.09,4.092,0.01,0.01,0.2573,0.0083,0.0081,3.5281222,ms,F,,C14bruntt,2.51798561151079,1.42045454545455,1.29071911493546,8.10921884032147,A,3.813447544264821,0.0055696544242382,0.0056420119941966,0.7565600430066829,0.0338627292981033,0.0367280565388875,84.0,0.01,0.09,0.0352953929184954,0.035,0.025
KIC10717090,378,1.22,0.095,0.120880105890093,1.546,0.0585234995535981,0.0593632883186233,5817,74,74,2.651,0.221827032423064,0.221827032423064,0.238,0.1,0.1,4.141,0.0223606797749979,0.0241660919471891,0.3257,0.0444637450626912,0.013675961574968,3.9810727,ms,G,,serenelli17,8.84754532336445,3.81263867633316,1.2721334020973,8.36767379943659,A,3.764699063798368,0.0054899589376256,0.0055602475172014,0.4234097277330934,0.0348997509822965,0.0379512881894883,74.0,0.0232633858610935,0.1,0.0364255195858924,0.1079400529450465,0.0589433939361107
KIC10727922,379,1.212,0.0658559033041078,0.0700071424927486,1.917,0.0756439025963098,0.0729177618965366,6319,66,66,4.764,0.413800752012321,0.413800752012321,-0.304,0.1,0.1,3.954,0.0233452350598575,0.0243310501211929,0.171,0.0153607220207906,0.0144576927965703,3.6520117,ms,F,,serenelli17,5.60491113023335,3.87484779584889,1.04446906156037,8.68599395491857,A,3.800648355363988,0.0045125462354458,0.0045599266833198,0.67797175281074,0.0361735814367244,0.039462603828546,66.0,0.023838142590525198,0.1,0.037818092632635206,0.0679315228984282,0.0742808322464232
KIC10730618,380,1.368,0.0567274184147313,0.0552268050859363,1.777,0.0240831891575846,0.0240831891575846,6422,54,54,4.894,0.397201754280749,0.397201754280749,-0.006,0.1,0.1,4.074,0.0072111025509279,0.0072111025509279,0.2436,0.0023026022235722,0.0022029900135951,3.5844952,ms,F,,serenelli17,4.09189413379633,1.3552723217549,0.840859545312987,8.11609632776357,A,3.807670301230484,0.0036365388508525,0.0036672465008709,0.6896639650157704,0.0338903565428053,0.0367605621568358,54.0,0.0072111025509279,0.1,0.03532545934982055,0.0559771117503338,0.0240831891575846
KIC10731424,381,1.437,0.0823286098510111,0.0763806258157132,2.55,0.0974935895328508,0.0878179936004006,6432,65,65,10.5,0.942460199831208,0.942460199831208,-0.129,0.101,0.101,3.782,0.0182482875908947,0.0192353840616713,0.08646,0.006158342715374,0.0060087898948124,3.5779402,ms,F,,serenelli17,5.5222420204149,3.63356045359317,1.01057213930348,8.97581142696389,A,3.808346035740395,0.0043668310249738,0.0044111858765529,1.021189299069938,0.0373301114308632,0.040843183855964,65.0,0.018741835826283,0.101,0.0390866476434136,0.07935461783336215,0.0926557915666257
KIC10732098,382,1.121,0.0559464029227975,0.0603738353924943,1.778,0.0518941229813165,0.0509901951359278,5796,67,67,3.341,0.281171050181982,0.281171050181982,-0.01,0.1,0.1,3.987,0.014560219778561,0.01552417469626,0.199,0.0108820487041733,0.0107871675615057,3.9948382,ms,G,,serenelli17,5.18823542887118,2.8932597895738,1.1559696342305,8.41577522244784,A,3.763128376799137,0.0049915173856605,0.0050495545495241,0.5238764756381313,0.0350924795602628,0.0381793263547514,67.0,0.0150421972374105,0.1,0.0366359029575071,0.0581601191576459,0.05144215905862215
KIC10794845,383,1.142,0.054644304369257,0.0554707129934347,1.143,0.0480520551069359,0.0441474801092882,6398,55,55,1.717,0.140750470612926,0.140750470612926,-0.195,0.1,0.1,4.378,0.0294278779391243,0.0323882694814033,0.7723,0.0511312213818524,0.0503896705684806,3.6002272,ms,F,,serenelli17,4.82114787052065,4.03322551252074,0.859643638637074,8.19746479982096,A,3.806044235748088,0.0037174293590367,0.0037495243506242,0.2347702951609165,0.0342170848338839,0.037145325244887,55.0,0.0309080737102638,0.1,0.03568120503938545,0.055057508681345846,0.04609976760811205
KIC10858780,384,0.92,0.14,0.11,1.43,0.1,0.08,5672,60,60,2.386,0.210801878607723,0.210801878607723,-0.16,0.15,0.1,4.086,0.023,0.023,0.3093,0.026,0.0256,4.0761202,ms,G,,C14sdss,13.5869565217391,6.29370629370629,1.05782792665726,8.83494881004706,A,3.75373622217501,0.004569959550297,0.0046185598186876,0.3776704393343231,0.0367683773301628,0.0401716198327204,60.0,0.023,0.125,0.038469998581441595,0.125,0.09
KIC10873176,386,1.109,0.0540832691319598,0.0508035431835221,2.021,0.0393573373083089,0.0384707681233427,6517,89,89,6.273,0.535099039682648,0.535099039682648,-0.837,0.104,0.104,3.871,0.0125299640861417,0.0125299640861417,0.1342,0.0048013357516424,0.0046236480186104,3.5222227,ms,F,,serenelli17,4.72889144794779,1.92548504284145,1.36565904557312,8.53019352275862,A,3.8140477209956,0.0058908483597956,0.0059718529042926,0.7974752875373343,0.0355505774115244,0.0387222397512431,89.0,0.0125299640861417,0.104,0.03713640858138375,0.05244340615774095,0.0389140527158258
KIC10909629,388,1.302,0.116284134773408,0.105342299196477,2.112,0.0651920240520265,0.0581893461039046,6501,61,61,7.422,0.607339207044955,0.607339207044955,-0.297,0.101,0.101,3.903,0.0134536240470737,0.0116619037896906,0.1378,0.0018365600997517,0.001801517415958,3.5327107,ms,F,,serenelli17,8.51099976842873,2.9209604677067,0.938317181972004,8.1829588661406,A,3.81298016603948,0.0040560600105483,0.0040942986796683,0.8705209500127643,0.0341588554723275,0.0370767067773889,61.0,0.012557763918382151,0.101,0.035617781124858194,0.11081321698494251,0.061690685077965546
KIC10923629,389,1.688,0.0787718223732319,0.213459598050779,2.578,0.0431856457633784,0.0992975326984513,6195,87,87,9.692,0.806334524261021,0.806334524261021,0.157,0.1,0.1,3.84,0.0098994949366116,0.0211896201004171,0.09807,0.0016765157321063,0.0016757469976103,3.7332937,ms,F,,serenelli17,8.65614396990553,2.76344411291369,1.4043583535109,8.3195885705842,A,3.792041310712082,0.006056621350404,0.0061422823276986,0.9864134054654686,0.0347070017669893,0.0377234464115452,87.0,0.01554455751851435,0.1,0.03621522408926725,0.14611571021200545,0.07124158923091485
KIC10963065,392,1.131,0.044407206622349,0.044407206622349,1.242,0.0170293863659264,0.0178044938147649,6316,45,45,1.87,0.154763396060113,0.154763396060113,-0.146,0.0721110255092798,0.0721110255092798,4.303,0.0064031242374328,0.0072111025509279,0.5889,0.0047338001647724,0.0043423119418116,3.6539782,ms,F,p,serenelli17,3.92636663327578,1.40233011999562,0.71247625079164,8.27611743636969,A,3.800442121336257,0.0030832742402759,0.0031053205609068,0.2718416065364989,0.0345326744517071,0.0375175703804669,45.0,0.00680711339418035,0.0721110255092798,0.036025122416087005,0.044407206622349,0.01741694009034565
KIC10971974,393,1.057,0.0595399025864168,0.0586685605754905,1.19,0.0338378486313773,0.0328937684067971,6030,58,58,1.647,0.136094550586722,0.136094550586722,-0.077,0.102,0.102,4.311,0.0186815416922694,0.0186815416922694,0.6314,0.0379219561863573,0.0378822961421295,3.8414512,ms,F,,serenelli17,5.59169645988209,2.80384945538548,0.961857379767828,8.26317854199892,A,3.780317312140151,0.0041573316223653,0.0041975130871634,0.2166935991697543,0.0344807735677732,0.0374563115897473,58.0,0.0186815416922694,0.102,0.035968542578760254,0.05910423158095365,0.0333658085190872
KIC10972252,394,1.338,0.0650691939399898,0.0637024332345319,2.285,0.0536003731330296,0.0520096144957834,6237,60,60,8.655,0.740800397459084,0.740800397459084,-0.136,0.101,0.101,3.845,0.0125299640861417,0.0125299640861417,0.1118,0.0042264926357442,0.0042420381893613,3.7057627,ms,F,,serenelli17,4.81209369112562,2.31094064833289,0.962000962000962,8.55921891922686,A,3.794975744051132,0.0041579492509309,0.0041981427134381,0.9372670722114126,0.0356667099253539,0.0388600728837621,60.0,0.0125299640861417,0.101,0.037263391404558005,0.06438581358726085,0.0528049938144065
KIC10972873,395,1.177,0.0487647413609464,0.0550363516232681,1.861,0.0340587727318528,0.0374833296279826,5928,64,64,3.488,0.305307643040754,0.305307643040754,-0.057,0.101,0.101,3.968,0.0078102496759066,0.0086023252670426,0.1827,0.0035540766508335,0.0035898324473434,3.9083122,ms,G,,serenelli17,4.40956214886213,1.92214138527231,1.07962213225371,8.75308609635188,A,3.772908194971272,0.0046636097201382,0.0047142333382002,0.5425764762605296,0.0364415898160958,0.039781815060868,64.0,0.0082062874714746,0.101,0.0381117024384819,0.05190054649210725,0.035771051179917704
KIC11027406,400,1.066,0.064621977685614,0.0609261848469113,1.357,0.0299666481275434,0.0290688837074973,6250,94,94,2.054,0.177470421702783,0.177470421702783,-0.279,0.099,0.099,4.2,0.0120830459735946,0.0111803398874989,0.4262,0.0102866772575016,0.0099440064863213,3.6972412,ms,F,,serenelli17,5.88875058782952,2.17522224889612,1.504,8.64023474697095,A,3.795880017344075,0.0064831569654719,0.0065814061846345,0.3126004392612593,0.0359906953495705,0.0392450250072146,94.0,0.01163169293054675,0.099,0.037617860178392554,0.06277408126626265,0.029517765917520353
KIC11075448,402,1.326,0.0594138031100518,0.0572800139664787,1.564,0.0474341649025257,0.0455411901469428,6470,68,68,4.039,0.310442640064444,0.310442640064444,0.029,0.1,0.1,4.171,0.0196468827043885,0.0206155281280883,0.3469,0.0350600427980343,0.0106493709203877,3.5530312,ms,F,,serenelli17,4.40021934677717,2.97235789800091,1.05100463678516,7.68612627047399,A,3.810904280668701,0.0045406355756494,0.004588610860587,0.6062738531699883,0.0321597546230205,0.0347330245278485,68.0,0.0201312054162384,0.1,0.0334463895754345,0.058346908538265255,0.04648767752473425
KIC11075456,403,1.29,0.11,0.17,1.48,0.05,0.07,6513,58,58,3.247,0.263707259100837,0.263707259100837,-0.2,0.3,0.2,4.207,0.018,0.02,0.3983,0.0179,0.0172,3.5248447,ms,F,,C14sdss,10.8527131782946,4.05405405405405,0.890526639029633,8.12156634126384,A,3.8137810781740815,0.0038503890164327,0.0038848315716433,0.5114822886260014,0.0339123286326836,0.0367864172554845,58.0,0.019,0.25,0.03534937294408405,0.14,0.060000000000000005
KIC11081729,404,1.298,0.0587281874401041,0.0536003731330296,1.411,0.0264007575648882,0.0241867732448957,6605,51,51,2.588,0.13797264550973,0.13797264550973,-0.139,0.099,0.099,4.251,0.0072111025509279,0.0064031242374328,0.4618,0.0071613228526578,0.0071914800284781,3.4645387,ms,F,,serenelli17,4.32698615458912,1.79261271473366,0.772142316426949,5.3312459625089,A,3.819872821950546,0.0033404913321213,0.0033663849041891,0.4129642719966628,0.0225572214815277,0.0237933387187181,51.0,0.00680711339418035,0.099,0.0231752801001229,0.05616428028656685,0.02529376540489195
KIC11083308,406,1.305,0.0824621125123532,0.0765506368360186,2.084,0.0827345151674922,0.0765375724726098,6234,65,65,6.828,0.577672495564469,0.577672495564469,-0.042,0.1,0.1,3.915,0.022561028345357,0.022561028345357,0.1439,0.011615083340209,0.0111598280004667,3.7077292,ms,F,,serenelli17,6.09244250376903,3.82130728503124,1.04266923323709,8.46034703521484,A,3.794766797940821,0.0045048104090517,0.0045520276968415,0.834293512442696,0.0352709896922605,0.0383907383557863,65.0,0.022561028345357,0.1,0.0368308640240234,0.0795063746741859,0.07963604382005099
KIC11098033,407,1.38,0.21,0.14,2.26,0.12,0.09,6358,66,66,6.502,0.578005386824734,0.578005386824734,-0.14,0.2,0.15,3.877,0.024,0.027,0.1212,0.0087,0.0082,3.6264472,ms,F,,C14sdss,12.6811594202899,4.64601769911504,1.03806228373702,8.88965528798423,A,3.803320523578754,0.0044850086918706,0.0045318096275046,0.8130469651601079,0.036986622962905,0.0404323102247319,66.0,0.025500000000000002,0.175,0.03870946659381845,0.175,0.105
KIC11127479,408,1.162,0.0572450871254468,0.0608358446970205,1.372,0.0237065391822594,0.0245967477524977,5998,57,57,2.257,0.193984783998536,0.193984783998536,0.2,0.0721110255092798,0.0721110255092798,4.228,0.01,0.010816653826392,0.449,0.0087588538633773,0.0085472053912375,3.8624272,ms,G,p,serenelli17,5.08093510423698,1.76032386788473,0.950316772257419,8.59480655731216,A,3.778006461423508,0.0041076860555628,0.0041469090468213,0.353531559077762,0.0358090560315232,0.0390291279048515,57.0,0.010408326913196,0.0721110255092798,0.03741909196818735,0.059040465911233644,0.024151643467378553
KIC11133100,409,1.4,0.25,0.17,2.37,0.14,0.13,6222,51,51,15.06,1.3237011601931,1.3237011601931,0.0,0.15,0.15,3.849,0.025,0.027,0.1091,0.0088,0.0083,3.7155952,ms,F,,C14sdss,15.0,5.69620253164557,0.819672131147541,8.78951633594357,A,3.7939300067726847,0.0035452807646496,0.0035744603582981,1.1778249718646818,0.0365870459428505,0.0399552413231105,51.0,0.026000000000000002,0.15,0.038271143632980495,0.21000000000000002,0.135
KIC11133306,410,1.059,0.04,0.03,1.189,0.012,0.012,5982,82,82,1.628,0.092,0.079,-0.025,0.0721110255092798,0.0721110255092798,4.314,0.004,0.007,0.632767559122221,0.0056814146722533,0.006391591506285,3.8729152,ms,G,p,silva15,3.30500472143532,1.00925147182506,1.3707790036777,5.25184275184275,A,3.7768464086952993,0.0059127839286978,0.005994397053155,0.2116544005531824,0.0238740463543664,0.0216029827939764,82.0,0.0055,0.0721110255092798,0.0227385145741714,0.035,0.012
KIC11138101,412,1.305,0.0629364759102383,0.0622253967444162,2.332,0.081344944526381,0.076694197955256,6218,58,58,8.626,0.715976270095397,0.715976270095397,-0.219,0.101,0.101,3.817,0.0203960780543711,0.021377558326432,0.1025,0.0081303587251732,0.0077519265347396,3.7182172,ms,F,,serenelli17,4.79547404807105,3.38848933279668,0.93277581215825,8.30021180263618,A,3.793650717707173,0.004032217207726,0.0040700055427476,0.9358094538099327,0.034629305975516,0.0376316674360026,58.0,0.02088681819040155,0.101,0.0361304867057593,0.06258093632732725,0.0790195712408185
KIC11188219,413,1.153,0.0621288982680363,0.0629682459657247,1.344,0.0354682957019364,0.0345398320783411,6024,62,62,2.057,0.173338140097381,0.173338140097381,0.089,0.1,0.1,4.242,0.017464249196573,0.017464249196573,0.4739,0.0257710331380021,0.0257220070950927,3.8453842,ms,F,,serenelli17,5.42485447674592,2.60446903944485,1.02921646746348,8.42674477867675,A,3.779884963192644,0.0044469848295038,0.0044929914960323,0.313234291694724,0.0351364194456985,0.0382313473559671,62.0,0.017464249196573,0.1,0.0366838834008328,0.0625485721168805,0.03500406389013875
KIC11189107,414,1.52,0.18,0.15,2.26,0.13,0.1,6795,94,94,10.05,0.864098657474267,0.864098657474267,-0.1,0.15,0.1,3.909,0.027,0.026,0.1308,0.0122,0.0106,3.3399937,ms,F,,C14sdss,10.8552631578947,5.08849557522124,1.38337012509198,8.59799659178375,A,3.832189461068513,0.0059667236836347,0.0060498431325983,1.0021660617565078,0.0358218134926184,0.0390442850145508,94.0,0.0265,0.125,0.0374330492535846,0.16499999999999998,0.115
KIC11229052,416,1.27,0.12,0.15,1.48,0.05,0.07,6495,51,51,3.473,0.296828763696417,0.296828763696417,-0.02,0.15,0.15,4.198,0.015,0.017,0.39,0.0122,0.012,3.5366437,ms,F,,C14sdss,10.6299212598425,4.05405405405405,0.785219399538106,8.54675392157839,A,3.812579155409047,0.0033968455629387,0.0034236236618663,0.5407047833107623,0.0356168404571786,0.0388008748903871,51.0,0.016,0.15,0.03720885767378285,0.135,0.060000000000000005
KIC11253226,419,1.4082,0.0209,0.0095,1.6145,0.012,0.015,6642,77,77,4.834,0.124,0.184,-0.08,0.1,0.1,4.1734,0.0044,0.0055,0.337700447411405,0.0058277111000639,0.0058362332220723,3.4402852,ms,F,,silva17,1.07939213179946,0.836172189532363,1.15928937067148,3.18576748034754,A,3.8222988712623662,0.0050057698273686,0.0050641408368679,0.6843066460716315,0.010999876360171,0.0168536931816776,77.0,0.0049499999999999995,0.1,0.0139267847709243,0.015199999999999998,0.0135
KIC11295426,421,1.068,0.011,0.019,1.237,0.006,0.006,5793,74,74,1.581,0.043,0.04,0.136,0.0721110255092798,0.0721110255092798,4.28,0.003,0.003,0.564590583055181,0.0035508841701583,0.0078119451743484,3.9968047,ms,G,p,silva15,1.40449438202247,0.485044462409054,1.27740376316244,2.62492093611638,A,3.762903528499057,0.0055125597172747,0.0055834319523846,0.198931869932209,0.0116541549729474,0.0111292312137897,74.0,0.003,0.0721110255092798,0.01139169309336855,0.015,0.006
KIC11389393,423,1.403,0.0827586853448023,0.142270868416553,1.905,0.0721110255092798,0.0754718490564528,6174,66,66,4.74,0.376421965088296,0.376421965088296,0.14,0.1,0.1,4.019,0.0152970585407784,0.0162788205960997,0.2003,0.0116817260710907,0.0110960364094572,3.7470592,ms,F,,serenelli17,8.01958495229347,3.87356626156778,1.0689990281827,7.94139166852946,A,3.790566625146076,0.0046179645363477,0.0046675967616929,0.6757783416740851,0.0331880130442476,0.0359355947096019,66.0,0.01578793956843905,0.1,0.03456180387692475,0.11251477688067765,0.0737914372828663
KIC11389437,424,1.192,0.101921538449927,0.0488262224629348,1.69,0.0470106370941726,0.0355105618091294,6158,53,53,3.883,0.31150081620951,0.31150081620951,-0.023,0.099,0.099,4.059,0.0117046999107196,0.010770329614269,0.247,0.0070006226151678,0.0072441673089458,3.7575472,ms,F,,serenelli17,6.32331211882811,2.44145558885509,0.860669048392335,8.02216884392247,A,3.789439684567179,0.0037218446783717,0.0037540162862779,0.5891673905460476,0.0335128926960707,0.0363168353365929,53.0,0.011237514762494301,0.099,0.0349148640163318,0.0753738804564309,0.041260599451651
KIC11401755,428,1.059,0.03,0.021,1.632,0.015,0.021,5911,66,66,2.982,0.144,0.148,-0.179,0.0721110255092798,0.0721110255092798,4.039,0.004,0.004,0.245721184574959,0.002130530502095,0.00426106100419,3.9194557,ms,G,p,silva15,2.40793201133144,1.10294117647059,1.11656234139739,4.89604292421194,A,3.7716609593488872,0.0048222964847943,0.0048764438510282,0.4745076391169758,0.0204813345661923,0.0221077932055341,66.0,0.004,0.0721110255092798,0.0212945638858632,0.025500000000000002,0.018000000000000002
KIC11453915,431,1.25,0.06,0.09,1.22,0.03,0.03,6608,58,58,2.146,0.178748413158158,0.178748413158158,-0.12,0.15,0.15,4.359,0.011,0.013,0.6846,0.028,0.0264,3.4625722,ms,F,,C14sdss,6.0,2.45901639344262,0.87772397094431,8.32937619562713,A,3.8200700343123257,0.0037952750121856,0.0038287343205425,0.3316297176299322,0.0347462423103684,0.0377698133332884,58.0,0.012,0.15,0.0362580278218284,0.075,0.03
KIC11454149,432,1.141,0.0558032257132148,0.0566127194188726,1.153,0.0300832179129827,0.0291547594742265,6435,52,52,1.866,0.155988512475549,0.155988512475549,-0.233,0.1,0.1,4.37,0.0167630546142402,0.0177200451466694,0.7441,0.0365794850155111,0.0467107334988437,3.5759737,ms,F,,serenelli17,4.92620267888201,2.56886285287117,0.808080808080808,8.35951299440241,A,3.808548551240405,0.0034953466898213,0.0035237068106002,0.2709116394104812,0.0348670444940303,0.0379126115027002,52.0,0.0172415498804548,0.1,0.03638982799836525,0.0562079725660437,0.0296189886936046
KIC11456910,433,1.3,0.11,0.17,1.71,0.07,0.08,6386,61,61,3.678,0.320896124935965,0.320896124935965,-0.26,0.15,0.15,4.082,0.019,0.02,0.2591,0.0157,0.0152,3.6080932,ms,F,,C14sdss,10.7692307692308,4.3859649122807,0.955214531788287,8.72474510429487,A,3.805228914203426,0.0041287560076797,0.0041683843555704,0.5656117249020587,0.0363283981729406,0.0396469455637333,61.0,0.0195,0.15,0.037987671868336945,0.14,0.07500000000000001
KIC11460626,434,1.286,0.0558659108938537,0.0587962583843564,2.172,0.0696419413859206,0.0668505796534331,6176,62,62,6.979,0.623290104534071,0.623290104534071,-0.144,0.099,0.099,3.872,0.0194164878389476,0.0194164878389476,0.1249,0.0089495835098623,0.0085823704184799,3.7457482,ms,F,,serenelli17,4.45809367333632,3.14209302576781,1.00388601036269,8.93093716197264,A,3.79070728732768,0.0043380830934451,0.0043818529376098,0.8437931983259126,0.0371512400001539,0.0406291325837873,62.0,0.0194164878389476,0.099,0.0388901862919706,0.05733108463910505,0.06824626051967686
KIC11467550,435,1.247,0.0702922470831599,0.0715891053163818,1.968,0.0696419413859206,0.067955868032128,6146,58,58,5.592,0.484249154875977,0.484249154875977,-0.08,0.1,0.1,3.945,0.0182482875908947,0.0182482875908947,0.1635,0.0114645376705736,0.0110265644694982,3.7654132,ms,F,,serenelli17,5.68890747391907,3.49587930432034,0.94370322160755,8.65967730464909,A,3.78859255592036,0.004079233221208,0.0041179121578429,0.7475671627376249,0.036068410940493,0.0393374584114937,58.0,0.0182482875908947,0.1,0.03770293467599335,0.07094067619977085,0.0687989047090243
KIC11502597,437,1.08,0.19,0.11,1.61,0.11,0.07,5798,59,59,2.332,0.208250395098622,0.208250395098622,-0.1,0.15,0.1,4.061,0.012,0.012,0.2599,0.0123,0.0119,3.9935272,ms,G,,C14sdss,13.8888888888889,5.59006211180124,1.01759227319765,8.9301198584315,A,3.763278211018979,0.0043970130089809,0.0044419862720204,0.3677285460869764,0.0371479814974841,0.0406252350052445,59.0,0.012,0.125,0.0388866082513643,0.15,0.09
KIC11506988,438,1.251,0.168077363139716,0.114284732138637,1.872,0.0677421582177598,0.0643506021727847,6438,289,289,6.784,0.616199472594074,0.616199472594074,-0.23,0.1,0.1,3.994,0.0278926513619627,0.0230867927612304,0.1924,0.0101672820537251,0.0095911368127036,3.5740072,ms,F,,serenelli17,11.2854554467767,3.5281186001748,4.48897173035104,9.08312901819094,A,3.808750972349595,0.0190704553332072,0.0199464793049464,0.8314858392486574,0.0377575870606068,0.0413555194793833,289.0,0.02548972206159655,0.1,0.03955655326999505,0.1411810476391765,0.06604638019527224
KIC11507653,439,1.17,0.108503456166152,0.0630079360080935,1.641,0.0493963561409139,0.0493963561409139,5916,74,74,3.45,0.320121101695063,0.320121101695063,0.112,0.1,0.1,4.078,0.0240416305603426,0.0221359436211787,0.2672,0.0189498809758795,0.0190281157501209,3.9161782,ms,G,,serenelli17,7.32954667411304,3.01013748573515,1.25084516565247,9.27887251290036,A,3.772028165324855,0.0053986570644566,0.0054666126873237,0.5378190950732742,0.0385362055179859,0.0422915609822202,74.0,0.02308878709076065,0.1,0.04041388325010305,0.08575569608712275,0.0493963561409139
KIC11611414,443,1.272,0.0785175139698144,0.107377837564369,1.706,0.0594810894318522,0.058591808301161,6279,55,55,4.404,0.399251916089505,0.399251916089505,-0.074,0.1,0.1,4.074,0.0218403296678416,0.0218403296678416,0.2535,0.0208980506507186,0.014956223487231,3.6782317,ms,F,,serenelli17,7.307207214394,3.4605186908855,0.875935658544354,9.06566566960729,A,3.797890483058349,0.0037875759775438,0.0038208990767167,0.6438473102997142,0.0376880543735022,0.0412721080339026,55.0,0.0218403296678416,0.1,0.0394800812037024,0.0929476757670917,0.0590364488665066
KIC11708273,447,1.07,0.18,0.12,1.56,0.09,0.07,5959,96,96,3.277,0.28619581981843,0.28619581981843,0.24,0.15,0.1,4.081,0.023,0.022,0.2814,0.0146,0.0138,3.8879917,ms,G,,C14sdss,14.018691588785,5.12820512820513,1.61100855848297,8.73347024163655,A,3.775173385424787,0.0069407620542842,0.0070534912399895,0.5154764413823758,0.0363632488130727,0.0396884624034138,96.0,0.0225,0.125,0.03802585560824325,0.15,0.08
KIC11713510,449,1.08,0.0447213595499958,0.0420594816896262,1.62,0.0282842712474619,0.0275862284482674,5941,58,58,2.86,0.258193921285705,0.258193921285705,-0.143,0.1,0.1,4.052,0.0067082039324993,0.0067082039324993,0.2541,0.0048237252202006,0.0048568395073339,3.8997907,ms,G,,serenelli17,4.01763153887139,1.72439813875708,0.976266621780845,9.02775948551415,A,3.773859552376687,0.0042193095607681,0.0042607039892406,0.456366033129043,0.0375370874497105,0.0410911091136165,58.0,0.0067082039324993,0.1,0.039314098281663504,0.043390420619811,0.02793524984786465
KIC11723674,452,1.4,0.061400325732035,0.061400325732035,2.466,0.0653069674690228,0.0626099033699941,6246,63,63,10.05,0.93095053632956,0.93095053632956,-0.062,0.1,0.1,3.799,0.014560219778561,0.01552417469626,0.09306,0.0049693430712721,0.0048686284064405,3.6998632,ms,F,,serenelli17,4.38573755228821,2.5936105198503,1.00864553314121,9.26318941621453,A,3.79560197989418,0.0043585475118037,0.0044027333953042,1.0021660617565078,0.0384738735137815,0.0422164903356651,63.0,0.0150421972374105,0.1,0.040345181924723306,0.061400325732035,0.06395843541950845
KIC11757831,453,1.42,0.14,0.1,1.82,0.07,0.06,6754,70,70,7.031,0.617434133830106,0.617434133830106,-0.02,0.15,0.2,4.07,0.014,0.014,0.2351,0.01,0.0098,3.3668692,ms,F,,C14sdss,8.45070422535211,3.57142857142857,1.0364228605271,8.78159769350173,A,3.8295610562993927,0.0044779618600738,0.0045246150780391,0.8470170979353542,0.0365554330816165,0.0399175387114816,70.0,0.014,0.175,0.038236485896549044,0.12000000000000001,0.065
KIC11772920,455,0.835,0.0498196748283246,0.0498196748283246,0.849,0.0184390889145858,0.0184390889145858,5412,57,57,0.553,0.050619341144658,0.050619341144658,-0.092,0.1,0.1,4.501,0.01,0.01,1.362,0.0113552321420568,0.0112245916184064,4.2465502,ms,G,,serenelli17,5.96642812315265,2.17185970725392,1.05321507760532,9.1535879104264,A,3.7333577879255855,0.0045501354490533,0.0045983127577109,-0.2572748686953017,0.0380380156666886,0.0416922201497774,57.0,0.01,0.1,0.039865117908233,0.0498196748283246,0.0184390889145858
KIC11807274,458,1.239,0.04,0.04,1.582,0.015,0.021,6225,75,75,3.466,0.167,0.157,-0.089,0.0721110255092798,0.0721110255092798,4.135,0.007,0.009,0.315318514310063,0.0049712378382217,0.0049712378382217,3.7136287,ms,F,p,silva15,3.22841000807102,1.1378002528445,1.20481927710843,4.67397576457011,A,3.794139355767774,0.0052011936858078,0.005264239992357,0.5398285583778982,0.0204368394848164,0.0201317912180452,75.0,0.008,0.0721110255092798,0.0202843153514308,0.04,0.018000000000000002
KIC11817562,460,1.448,0.0815414005275848,0.0734098086089318,2.477,0.103740059764779,0.0933005894943864,6247,58,58,9.93,0.875129543737153,0.875129543737153,0.059,0.1,0.1,3.809,0.0243310501211929,0.0243310501211929,0.09475,0.0084198466138047,0.008058509291426,3.6992077,ms,F,,serenelli17,5.3505251773659,3.9774051122157,0.928445653913879,8.81298634176388,A,3.7956715059460215,0.0040135849630789,0.0040510232532073,0.9969492484953812,0.0366807295533982,0.0400670070460386,58.0,0.0243310501211929,0.1,0.038373868299718394,0.0774756045682583,0.0985203246295827
KIC11853905,461,1.117,0.021,0.029,1.555,0.012,0.012,5781,76,76,2.505,0.142,0.124,0.177,0.0721110255092798,0.0721110255092798,4.102,0.005,0.004,0.297564093459271,0.0028407073361267,0.00426106100419,4.0046707,ms,G,p,silva15,2.23813786929275,0.771704180064309,1.31465144438678,5.30938123752495,A,3.762002969375116,0.0056722546528442,0.0057473206208822,0.3988077302032645,0.0239462110980837,0.0220483347983846,76.0,0.0045000000000000005,0.0721110255092798,0.02299727294823415,0.025,0.012
KIC11862119,462,1.17,0.15,0.13,1.52,0.09,0.08,6271,56,56,2.733,0.242536025024653,0.242536025024653,-0.38,0.15,0.15,4.141,0.018,0.018,0.3318,0.0228,0.0225,3.6834757,ms,F,,C14sdss,11.965811965812,5.59210526315789,0.892999521607399,8.87435144620026,A,3.7973368007753496,0.0038610336837994,0.003895667797686,0.4366396316926607,0.0369255809739252,0.0403593677292871,56.0,0.018,0.15,0.03864247435160615,0.14,0.08499999999999999
KIC11904151,464,0.918,0.011,0.019,1.066,0.006,0.009,5647,74,74,1.063,0.032,0.034,-0.114,0.0721110255092798,0.0721110255092798,4.344,0.003,0.003,0.758468858745828,0.0049712378382217,0.00852212200838,4.0925077,ms,G,p,silva15,1.63398692810457,0.703564727954972,1.31043031698247,3.10442144873001,A,3.7518177877368792,0.0056541600287887,0.0057287446806788,0.0265332645232967,0.0128808546528403,0.0141178897608638,74.0,0.003,0.0721110255092798,0.01349937220685205,0.015,0.0075
KIC11919192,466,1.6,0.15,0.19,2.29,0.1,0.11,6788,81,81,9.2,0.763354240531006,0.763354240531006,-0.28,0.2,0.15,3.919,0.019,0.02,0.1324,0.0085,0.0081,3.3445822,ms,F,,C14sdss,10.625,4.58515283842795,1.19328226281674,8.29732870142398,A,3.8317418336456384,0.0051516827307955,0.0052135273049866,0.9637878273455552,0.0346177443027068,0.0376180131485871,81.0,0.0195,0.175,0.03611787872564695,0.16999999999999998,0.10500000000000001
KIC11962180,467,1.35,0.14,0.15,1.97,0.1,0.1,6329,80,80,6.241,0.54760477266195,0.54760477266195,0.06,0.15,0.1,3.979,0.016,0.018,0.1772,0.0119,0.0115,3.6454567,ms,F,,C14sdss,10.7407407407407,5.0761421319797,1.26402275240954,8.77431137096539,A,3.8013350956745455,0.0054551759095202,0.0055245710071383,0.7952541825808829,0.0365263425394594,0.0398828496222779,80.0,0.017,0.125,0.03820459608086865,0.14500000000000002,0.1
KIC11971746,469,1.11,0.1,0.17,1.35,0.05,0.08,5952,75,75,2.284,0.187851531564525,0.187851531564525,0.18,0.15,0.15,4.215,0.018,0.021,0.4471,0.021,0.0203,3.8925802,ms,G,,C14sdss,12.1621621621622,4.81481481481481,1.26008064516129,8.22467301070598,A,3.7746629225378223,0.0054382689300891,0.0055072318234237,0.3586960995738104,0.0343262823127705,0.0372740594593006,75.0,0.0195,0.15,0.03580017088603555,0.135,0.065
KIC12009504,470,1.1688,0.019,0.0399,1.4016,0.012,0.015,6179,77,77,2.544,0.106,0.113,-0.08,0.1,0.1,4.2108,0.0055,0.0066,0.424244726937007,0.0066096157943327,0.0069547617356721,3.7437817,ms,F,,silva17,2.51967830253251,0.963184931506849,1.2461563359767,4.30424528301887,A,3.7909181952145774,0.0053785448372134,0.0054459919081901,0.4055171069763763,0.0177287669604315,0.0197321481330405,77.0,0.00605,0.1,0.018730457546736003,0.029449999999999997,0.0135
KIC12011630,471,0.85,0.12,0.08,0.99,0.05,0.03,5817,85,85,1.085,0.0967060568359897,0.0967060568359897,-0.08,0.15,0.15,4.383,0.018,0.015,0.8915,0.0315,0.0307,3.9810727,ms,G,,C14sdss,11.7647058823529,4.04040404040404,1.46123431321987,8.91300063004514,A,3.764699063798368,0.0063001413655729,0.0063928820730607,0.0354297381845483,0.0370797233269138,0.040543604418857,85.0,0.0165,0.15,0.0388116638728854,0.1,0.04
KIC12055375,473,1.04,0.16,0.12,1.54,0.1,0.08,5991,75,75,2.481,0.210149961264132,0.210149961264132,-0.34,0.2,0.1,4.081,0.025,0.026,0.2845,0.0246,0.0235,3.8670157,ms,G,,C14sdss,13.4615384615385,5.84415584415584,1.25187781672509,8.47037328755068,A,3.777499319590365,0.0054030863842795,0.0054711542655101,0.3946267642722091,0.035311134730826,0.0384383088282943,75.0,0.025500000000000002,0.15000000000000002,0.03687472177956015,0.14,0.09
KIC12069127,476,1.59,0.0629682459657247,0.0629682459657247,2.295,0.031890437438204,0.0312409987036266,6476,66,66,9.191,0.784090215884662,0.784090215884662,0.076,0.1,0.1,3.916,0.0067082039324993,0.0067082039324993,0.1312,0.0017121244113673,0.001537,3.5490982,ms,F,,serenelli17,3.96026704186947,1.3754125521096,1.01914762198888,8.53106534527975,A,3.811306840081336,0.0044036997076268,0.0044488105625188,0.9633627661037362,0.0355540660829908,0.0387263791446573,66.0,0.0067082039324993,0.1,0.03714022261382405,0.0629682459657247,0.0315657180709153
KIC12069424,477,1.0491,0.019,0.0209,1.2156,0.012,0.012,5825,50,50,1.531,0.072,0.07,0.1,0.03,0.03,4.2867,0.0066,0.0066,0.58224770967971,0.0111199488672679,0.0120282650379945,3.9758287,ms,G,,silva17,1.90162996854447,0.987166831194472,0.858369098712446,4.6374918354017,A,3.765295929698056,0.0037119412457173,0.0037439411338744,0.184975190698261,0.0199583316558838,0.0203249747639642,50.0,0.0066,0.03,0.020141653209924,0.01995,0.012
KIC12069449,478,0.9883,0.0209,0.019,1.0957,0.009,0.009,5750,50,50,1.173,0.058,0.049,0.05,0.02,0.02,4.3527,0.0055,0.0066,0.750644840565301,0.0131723599176195,0.0151210851502024,4.0249912,ms,G,,silva17,2.01861782859456,0.821392716984576,0.869565217391304,4.56095481670929,A,3.759667844689631,0.0037601488733067,0.003792989017139,0.0692980121155292,0.020960040815787,0.0185317008824869,50.0,0.00605,0.02,0.01974587084913695,0.01995,0.009
KIC12069569,479,1.363,0.0763806258157132,0.0704343666117613,2.314,0.094847245611035,0.0885494212290515,6357,59,59,9.057,0.82883283083401,0.82883283083401,-0.109,0.1,0.1,3.843,0.0245153013442625,0.0254950975679639,0.1097,0.0100090151863208,0.0096250690387134,3.6271027,ms,F,,serenelli17,5.38572972954786,3.96276289628536,0.928110744061664,9.15129547128199,A,3.803252211430457,0.0040121438456499,0.0040495551299319,0.9569843677427602,0.0380288945361382,0.0416812612017428,59.0,0.0250051994561132,0.1,0.0398550778689405,0.07340749621373725,0.09169833342004324
KIC12117868,480,1.11,0.068264192663504,0.0632455532033676,1.326,0.0474341649025257,0.0445982062419555,6160,51,51,2.205,0.193501337269489,0.193501337269489,-0.108,0.099,0.099,4.239,0.021377558326432,0.0223606797749979,0.4732,0.0369493480456692,0.0355644038471053,3.7562362,ms,F,,serenelli17,5.92386242643566,3.47030057105887,0.827922077922078,8.77557085122398,A,3.7895807121644256,0.0035808170811253,0.0036105870324161,0.3434085938038573,0.0365313711363108,0.0398888456208889,51.0,0.021869119050714952,0.099,0.03821010837859985,0.06575487293343579,0.0460161855722406
KIC12156916,481,1.28,0.14,0.16,1.58,0.06,0.07,6546,56,56,3.54,0.309113868215457,0.309113868215457,-0.42,0.2,0.15,4.146,0.015,0.018,0.3241,0.0104,0.01,3.5032132,ms,F,,C14sdss,11.71875,4.11392405063291,0.855484265200122,8.73203017557787,A,3.8159760009719856,0.003699519022307,0.0037313041716164,0.5490032620257879,0.0363574969789501,0.0396816098605323,56.0,0.0165,0.175,0.0380195534197412,0.15000000000000002,0.065
KIC12253255,482,1.48,0.16,0.14,2.27,0.11,0.09,6457,64,64,9.183,0.787558936040192,0.787558936040192,0.1,0.2,0.1,3.89,0.018,0.018,0.1244,0.0068,0.0071,3.5615527,ms,F,,C14sdss,10.1351351351351,4.40528634361234,0.991172371070156,8.57627067450933,A,3.81003078640584,0.0042834138016201,0.0043260819719748,0.9629845843169972,0.0357349206379833,0.03894106709342,64.0,0.018,0.15000000000000002,0.03733799386570165,0.15000000000000002,0.1
KIC12258514,483,1.2581,0.0095,0.0095,1.6055,0.012,0.009,5964,77,77,3.162,0.104,0.09,0.0,0.1,0.1,4.1261,0.0033,0.0044,0.304067892905333,0.0045479724451388,0.0047262268304807,3.8847142,ms,G,,silva17,0.755106907241078,0.654001868576767,1.29107981220657,3.06767868437698,A,3.775537634780957,0.0055712009485091,0.0056435989687879,0.4999618655961902,0.0140543148044591,0.0125406542367157,77.0,0.00385,0.1,0.0132974845205874,0.0095,0.010499999999999999
KIC12265063,484,1.12,0.0754320886625844,0.0708378429936993,1.641,0.0572712842531054,0.0554616984954482,6189,60,60,3.367,0.302359729694871,0.302359729694871,-0.268,0.101,0.101,4.056,0.0240416305603426,0.0230867927612304,0.2531,0.0149093752048837,0.0251298521483912,3.7372267,ms,F,,serenelli17,6.52990766322695,3.43488673822528,0.969461948618517,8.98009295203062,A,3.791620482692814,0.0041900419745939,0.0042308613407042,0.5272431163880886,0.0373471739896055,0.0408636123428602,60.0,0.0235642116607865,0.101,0.03910539316623285,0.07313496582814186,0.0563664913742768
KIC12304142,485,1.36,0.09,0.11,1.83,0.04,0.05,6186,56,56,4.448,0.382339102492622,0.382339102492622,0.06,0.15,0.1,4.045,0.012,0.013,0.2218,0.006,0.006,3.7391932,ms,F,,C14sdss,7.35294117647059,2.45901639344262,0.905269964435823,8.59575320352117,A,3.79140991566716,0.0039138486621537,0.003949441148745,0.6481647785740011,0.0358128418611223,0.0390336257384903,56.0,0.0125,0.125,0.037423233799806305,0.1,0.045
KIC12317678,488,1.452,0.0742024258363566,0.0730068489937759,1.851,0.0346698716467194,0.034132096331752,6549,48,48,5.484,0.499756557166578,0.499756557166578,-0.3,0.204,0.204,4.066,0.0084852813742385,0.0084852813742385,0.2292,0.0028247718491942,0.0029190870148044,3.5012467,ms,F,,serenelli17,5.06918990461889,1.85850804912133,0.732936326156665,9.1129933837815,A,3.816174990428802,0.0031714936516511,0.0031948243893213,0.7390974461174751,0.0378764702847423,0.0414981999267923,48.0,0.0084852813742385,0.204,0.0396873351057673,0.07360463741506625,0.0344009839892357
KIC12366681,489,1.516,0.0965401470891774,0.0802807573457052,2.62,0.0560357029044876,0.0459673797382448,6188,66,66,14.21,1.14715463299792,1.14715463299792,0.15,0.1,0.1,3.781,0.0134164078649987,0.01,0.08423,0.0017732016241815,0.0017564296171495,3.7378822,ms,F,,serenelli17,5.83182402489718,1.94662371455596,1.06658047834518,8.07286863474963,A,3.79155030502733,0.0046075718795846,0.0046569797660143,1.1525940779274697,0.0337166793267198,0.0365562920608248,66.0,0.011708203932499349,0.1,0.0351364856937723,0.08841045221744129,0.0510015413213662
KIC12507240,490,1.37,0.11,0.1,1.94,0.06,0.06,6157,97,97,4.666,0.394698516195017,0.394698516195017,0.02,0.2,0.15,4.001,0.015,0.015,0.1892,0.0071,0.0071,3.7582027,ms,F,,C14sdss,7.66423357664234,3.09278350515464,1.57544258567484,8.45903378043327,A,3.7893691535914815,0.0067887233154331,0.0068965294251954,0.6689447344577338,0.0352657311551687,0.0383845078841229,97.0,0.015,0.175,0.0368251195196458,0.10500000000000001,0.06
KIC12735580,492,1.17,0.2,0.12,1.81,0.1,0.08,6170,64,64,4.369,0.387567902099446,0.387567902099446,0.06,0.15,0.15,3.994,0.03,0.029,0.199,0.0176,0.0168,3.7496812,ms,F,,C14sdss,13.6752136752137,4.97237569060773,1.03727714748784,8.87086065688822,A,3.7902851640332416,0.0044816339075794,0.0045283640705986,0.6403820447095684,0.0369116561622503,0.0403427313429031,64.0,0.0295,0.15,0.0386271937525767,0.16,0.09
KIC1430163,493,1.34,0.06,0.06,1.48,0.03,0.03,6520,84,84,3.592,0.288982235214758,0.288982235214758,-0.11,0.09,0.09,4.221,0.013,0.014,0.4099,0.0171,0.0174,3.5202562,ms,F,,C14bruntt,4.47761194029851,2.02702702702703,1.28834355828221,8.04516245029951,A,3.81424759573192,0.0055594688588356,0.0056315603049283,0.5553363279952668,0.0336053268122925,0.0364254185098908,84.0,0.0135,0.09,0.03501537266109165,0.06,0.03
KIC1435467,494,1.344,0.0447772263544762,0.042190046219458,1.693,0.0180277563773199,0.0188679622641132,6433,86,86,4.083,0.335815055345119,0.335815055345119,-0.028,0.099,0.099,4.109,0.0063245553203367,0.0063245553203367,0.2777,0.0028125435107745,0.0028252267165663,3.5772847,ms,F,,serenelli17,3.23538960468505,1.08965501008367,1.33685683196021,8.22471357690714,A,3.808413551400368,0.0057674296398184,0.005845053086412,0.6109793799229971,0.034326445100733,0.0372742514246337,86.0,0.0063245553203367,0.099,0.03580034826268335,0.0434836362869671,0.018447859320716548
KIC1725815,495,1.43,0.15,0.11,2.02,0.08,0.08,6550,82,82,6.845,0.587496080720966,0.587496080720966,-0.08,0.15,0.1,3.982,0.014,0.014,0.1732,0.0077,0.0074,3.5005912,ms,F,,C14sdss,9.09090909090909,3.96039603960396,1.25190839694656,8.58284997400973,A,3.816241299991783,0.0054032175504339,0.0054712887574197,0.8353734524700088,0.0357612363963097,0.0389723221768475,82.0,0.014,0.125,0.0373667792865786,0.13,0.08
KIC2010607,496,1.402,0.0818413098624405,0.0693541635375988,2.41,0.105948100502085,0.0965660395791398,6361,71,71,10.71,0.986519042556871,0.986519042556871,-0.07,0.1,0.1,3.819,0.0271661554144122,0.0271661554144122,0.09973,0.0099648451066737,0.0095016656434543,3.6244807,ms,F,,serenelli17,5.39213528530811,4.20153817595903,1.11617670177645,9.21119554208096,A,3.803525395576533,0.0048206401638624,0.0048747501312633,1.0297894708318556,0.0382671613808276,0.041967702821668,71.0,0.0271661554144122,0.1,0.040117432101247796,0.07559773670001965,0.1012570700406124
KIC2450729,499,1.112,0.0591692487699481,0.0591692487699481,1.758,0.0633245607959503,0.0605392434706612,6029,59,59,3.406,0.295644468294535,0.295644468294535,-0.212,0.1,0.1,3.994,0.0208806130178211,0.0218403296678416,0.2043,0.0161996889167663,0.0152560388371294,3.8421067,ms,F,,serenelli17,5.32097560880828,3.52286132726426,0.97860341681871,8.68010770095524,A,3.780245283865352,0.0042293598971641,0.0042709527359834,0.5322446436265822,0.0361500601277759,0.0394346093802049,59.0,0.021360471342831353,0.1,0.037792334753990395,0.0591692487699481,0.061931902133305745
KIC2837475,500,1.4291,0.019,0.0209,1.6385,0.015,0.018,6614,77,77,4.767,0.218,0.171,0.01,0.1,0.1,4.1635,0.0066,0.0066,0.325029472338612,0.0075470492152546,0.0076003124778069,3.4586392,ms,F,,silva17,1.39598348611014,1.00701861458651,1.1641971575446,4.08013425634571,A,3.820464190577684,0.0050268393017467,0.0050857056117661,0.678245151927042,0.0194200107206324,0.0158651319107944,77.0,0.0066,0.1,0.0176425713157134,0.01995,0.0165
KIC2849125,501,1.534,0.19670536342459,0.080529497701153,2.534,0.118359621493143,0.0933005894943864,6158,56,56,7.412,0.33738489056096,0.33738489056096,0.293,0.101,0.101,3.82,0.0151327459504216,0.0151327459504216,0.09451,0.0054907079689235,0.0052632790159747,3.7575472,ms,F,,serenelli17,9.03633836785342,4.17640511025117,0.909386164339071,4.55187386077928,A,3.789439684567179,0.0039315643517765,0.003967481260791,0.86993541064686,0.019331820990165,0.0202325933613011,56.0,0.0151327459504216,0.101,0.01978220717573305,0.1386174305628715,0.1058301054937647
KIC2852862,502,1.458,0.061057350089895,0.0595399025864168,2.087,0.0322024843762092,0.0334215499341368,6417,58,58,6.696,0.554198346414326,0.554198346414326,-0.155,0.1,0.1,3.962,0.0064031242374328,0.0080622577482985,0.1604,0.0016999806734195,0.0016398336165599,3.5877727,ms,F,,serenelli17,4.13570825364581,1.57220973431591,0.90384915069347,8.276558339521,A,3.8073320392911914,0.0039077334620989,0.003943214307577,0.8258154449852035,0.034534442906472,0.037519657974892,58.0,0.007232690992865649,0.1,0.036027050440681996,0.0602986263381559,0.032812017155173
KIC2865774,503,1.28,0.11,0.21,1.79,0.08,0.11,6074,63,63,3.998,0.356470016644336,0.356470016644336,-0.06,0.15,0.15,4.03,0.022,0.025,0.2202,0.0165,0.0161,3.8126092,ms,F,,C14sdss,12.5,5.3072625698324,1.03720777082647,8.91620852036858,A,3.783474787582247,0.0044813357016852,0.0045280596136296,0.6018427897820982,0.0370925147158333,0.0405588996158496,63.0,0.0235,0.15,0.03882570716584145,0.16,0.095
KIC2991448,504,1.113,0.052773099207835,0.0554616984954482,1.757,0.0408044115262063,0.0416173040933696,5836,70,70,2.843,0.1697884633087,0.1697884633087,-0.085,0.1,0.1,3.994,0.0076157731058639,0.0076157731058639,0.2051,0.0053936419050582,0.0053382898010505,3.9686182,ms,G,,serenelli17,4.86229998667041,2.3455240643021,1.19945167923235,5.97215839988392,A,3.766115283221414,0.0051781594076456,0.0052406451692248,0.4537768596904421,0.0251917799673559,0.0267435329642991,70.0,0.0076157731058639,0.1,0.0259676564658275,0.0541173988516416,0.04121085780978795
KIC2998253,505,1.262,0.0594138031100518,0.0622414652783817,1.425,0.0642884126417817,0.0585234995535981,6333,54,54,3.188,0.263328546014609,0.263328546014609,0.057,0.1,0.1,4.23,0.0294278779391243,0.0304138126514911,0.4347,0.0468969756061092,0.0309065223051705,3.6428347,ms,F,,serenelli17,4.81993931808374,4.30918990159228,0.852676456655613,8.25999203308058,A,3.801609488027319,0.0036874281306658,0.0037190049689699,0.5035183127240748,0.0344679907950455,0.0374412264888739,54.0,0.0299208452953077,0.1,0.0359546086419597,0.06082763419421675,0.061405956097689895
KIC3112152,507,1.251,0.0982700361249552,0.0834086326467471,1.741,0.056302753041037,0.0554707129934347,6282,59,59,4.304,0.355182210531848,0.355182210531848,-0.136,0.1,0.1,4.052,0.014560219778561,0.0164924225024706,0.2361,0.0110771837576164,0.0113121527571015,3.6762652,ms,F,,serenelli17,7.26133768072351,3.2100363594047,0.939191340337472,8.25237478001505,A,3.798097932062486,0.0040598211244753,0.0040981310780154,0.6338722626583327,0.0344374324392003,0.0374051681353155,59.0,0.0155263211405158,0.1,0.0359213002872579,0.09083933438585115,0.055886733017235846
KIC3112889,508,1.235,0.058,0.0630317380372777,1.986,0.0605392434706612,0.0588302643203309,6433,65,65,5.684,0.492828563865588,0.492828563865588,-0.358,0.102,0.102,3.932,0.017464249196573,0.017464249196573,0.1568,0.0097145334422194,0.0096366135130553,3.5772847,ms,F,,serenelli17,4.90007036588169,3.00527461709447,1.01041504741178,8.67045326997868,A,3.808413551400368,0.0043661556085958,0.0044104966707556,0.7546540692554321,0.0361114785286943,0.0393886977570954,65.0,0.017464249196573,0.102,0.03775008814289485,0.060515869018638854,0.059684753895496045
KIC3123191,510,1.3,0.11,0.17,1.42,0.05,0.06,6568,93,93,3.494,0.323861480811423,0.323861480811423,-0.1,0.15,0.1,4.243,0.02,0.022,0.4505,0.0234,0.0221,3.4887922,ms,F,,C14sdss,10.7692307692308,3.87323943661972,1.41595615103532,9.26907500891309,A,3.817433144111385,0.0061062895454746,0.006193371358095,0.5433229006469121,0.0384972666767001,0.0422446615190933,93.0,0.020999999999999998,0.125,0.0403709640978967,0.14,0.055
KIC3223000,511,1.069,0.0624819974072532,0.0609590026165127,1.164,0.0241867732448957,0.0241867732448957,6198,47,47,2.195,0.187430825510991,0.187430825510991,-0.185,0.1,0.1,4.335,0.0125299640861417,0.0125299640861417,0.6786,0.0206590867174713,0.0214107861602511,3.7313272,ms,F,,serenelli17,5.77366697959616,2.07790148152024,0.758309131978057,8.53898977271031,A,3.792251571903264,0.0032808708068903,0.0033058448795162,0.3414345245781401,0.0355857750638079,0.0387640059543052,47.0,0.0125299640861417,0.1,0.03717489050905655,0.06172050001188295,0.0241867732448957
KIC3236382,512,1.44,0.16,0.11,1.64,0.06,0.05,6831,58,58,4.73,0.385700199815086,0.385700199815086,-0.06,0.15,0.15,4.165,0.014,0.013,0.3254,0.0114,0.0112,3.3163957,ms,F,,C14sdss,9.375,3.35365853658537,0.849070414287806,8.1543382624754,A,3.834484285334805,0.0036718994173425,0.0037032097284441,0.6748611407378116,0.0340439444470164,0.0369413524550705,58.0,0.0135,0.15,0.035492648451043454,0.135,0.055
KIC3241581,513,1.062,0.0721387551874857,0.0721387551874857,1.084,0.0294108823397055,0.0294108823397055,5770,81,81,1.13,0.0996572855368258,0.0996572855368258,0.185,0.1,0.1,4.393,0.0165529453572468,0.0165529453572468,0.8323,0.0448323360533444,0.0339039062056277,4.0118812,ms,G,,serenelli17,6.79272647716438,2.71318102764811,1.40381282495667,8.81922880856866,A,3.7611758131557314,0.0060542849549869,0.0061398793879599,0.0530784434834196,0.0367056437774771,0.0400967389297709,81.0,0.0165529453572468,0.1,0.038401191353624,0.0721387551874857,0.0294108823397055
KIC3344897,515,1.55,0.16,0.18,2.34,0.08,0.1,6630,83,83,8.694,0.765139525104026,0.765139525104026,-0.04,0.15,0.1,3.89,0.017,0.016,0.1217,0.0043,0.0044,3.4481512,ms,F,,C14sdss,10.9677419354839,3.84615384615385,1.25188536953243,8.80077668626669,A,3.821513528404773,0.0054031187801473,0.0054711874827764,0.9392196358548184,0.0366319956319756,0.0400088602680325,83.0,0.0165,0.125,0.03832042795000405,0.16999999999999998,0.09
KIC3424541,516,1.824,0.0765571681816928,0.0778203058333749,2.658,0.0427200187265877,0.0436577599058861,6475,66,66,10.67,0.892296144690191,0.892296144690191,0.27,0.1,0.1,3.849,0.0092195444572928,0.0092195444572928,0.09704,0.0017502324102815,0.0017386860699965,3.5497537,ms,F,,serenelli17,4.23183865172883,1.62486415787197,1.01930501930502,8.36266302427546,A,3.8112397727532894,0.0044043763786758,0.0044495011692227,1.02816441942447,0.0348796693265871,0.0379275401019394,66.0,0.0092195444572928,0.1,0.03640360471426325,0.07718873700753384,0.0431888893162369
KIC3425851,517,1.178,0.049,0.049,1.36,0.015,0.018,6343,85,85,2.728,0.162,0.157,-0.016,0.0721110255092798,0.0721110255092798,4.243,0.008,0.008,0.470137064128968,0.006391591506285,0.0056814146722533,3.6362797,ms,F,p,silva15,4.15959252971138,1.21323529411765,1.34005990856062,5.84677419354839,A,3.802294711397464,0.005781156693843,0.0058591525872895,0.4358443659844413,0.0250534767721065,0.0257422893415806,85.0,0.008,0.0721110255092798,0.025397883056843547,0.049,0.0165
KIC3427720,518,1.1,0.0457930125674212,0.0483735464897913,1.117,0.0152643375224737,0.017,6023,51,51,1.54,0.129570502985013,0.129570502985013,-0.037,0.1,0.1,4.384,0.0072111025509279,0.0080622577482985,0.7906,0.00605696565947,0.0061640092472351,3.8460397,ms,F,,serenelli17,4.28029813896421,1.44424071273383,0.846754109247883,8.41366902500082,A,3.779812863170581,0.003661924411666,0.0036930641175927,0.187520720836463,0.035084042422657,0.038169338833282,51.0,0.0076366801496132,0.1,0.0366266906279695,0.04708327952860625,0.01613216876123685
KIC3430893,520,1.2,0.0619112267686564,0.0715541752799933,1.466,0.0484664832642105,0.0475394572960188,6270,60,60,3.507,0.286407736195391,0.286407736195391,-0.11,0.1,0.1,4.184,0.0181107702762748,0.0181107702762748,0.3808,0.027248209647608,0.0244873136337982,3.6841312,ms,F,,serenelli17,5.56105841869374,3.2744181637186,0.956937799043062,8.1667446876359,A,3.797267540830717,0.0041361691866388,0.0041759406541364,0.5449357658815026,0.0340937596746379,0.0370000205056242,60.0,0.0181107702762748,0.1,0.03554689009013105,0.06673270102432485,0.048002970280114646
KIC3438633,522,1.28,0.0802620707432845,0.0586941223633168,1.965,0.0679779375974294,0.0566038867923396,6432,73,73,5.59,0.448421680043221,0.448421680043221,-0.184,0.1,0.1,3.959,0.014142135623731,0.014142135623731,0.1686,0.0089451790926733,0.0088151782738637,3.5779402,ms,F,,serenelli17,5.42797629322661,3.17002097683891,1.13495024875622,8.02185474138141,A,3.808346035740395,0.0049012651572102,0.0049572107567814,0.7474118078864233,0.0335116298701145,0.0363153522317436,73.0,0.014142135623731,0.1,0.03491349105092905,0.06947809655330064,0.0622909121948845
KIC3456181,523,1.4975,0.0304,0.019,2.1483,0.027,0.027,6384,77,77,7.215,0.243,0.295,-0.15,0.1,0.1,3.949,0.0088,0.0077,0.151095092678077,0.0052517576876642,0.0040962999786947,3.6094042,ms,F,,silva17,1.64941569282137,1.25680770842061,1.20614035087719,3.72834372834373,A,3.805092878342673,0.0052068626974959,0.0052700473493532,0.858236335429513,0.0143860435957753,0.0181302409727552,77.0,0.00825,0.1,0.01625814228426525,0.0247,0.027
KIC3534307,525,0.96,0.13,0.11,1.44,0.07,0.06,5781,59,59,2.003,0.175425643030756,0.175425643030756,-0.24,0.15,0.1,4.104,0.019,0.017,0.3223,0.0098,0.0098,4.0046707,ms,G,,C14sdss,12.5,4.51388888888889,1.02058467393185,8.75814493413659,A,3.762002969375116,0.004409877737284,0.0044551159058716,0.3016809492935762,0.0364617913047704,0.0398058935326305,59.0,0.018000000000000002,0.125,0.03813384241870045,0.12,0.065
KIC3544595,526,0.899,0.009,0.009,0.916,0.006,0.006,5669,75,75,0.78,0.029,0.025,-0.092,0.0721110255092798,0.0721110255092798,4.468,0.003,0.003,1.17392230665436,0.0113628293445068,0.0127831830125701,4.0780867,ms,G,p,silva15,1.00111234705228,0.655021834061135,1.32298465337802,3.46153846153846,A,3.75350645699097,0.0057079742432737,0.0057839949554616,-0.1079053973095195,0.0158539189217919,0.0141476510612921,75.0,0.003,0.0721110255092798,0.015000784991542001,0.009,0.006
KIC3545753,527,1.258,0.0573149195236284,0.0618465843842649,2.296,0.0577754273026172,0.056859475903318,6206,58,58,8.035,0.720810235740592,0.720810235740592,-0.338,0.105,0.105,3.814,0.0148660687473185,0.0158113883008419,0.1036,0.0054895719323094,0.005310410153651,3.7260832,ms,F,,serenelli17,4.73614880397032,2.4964046865404,0.934579439252336,8.97088034524695,A,3.792811771248147,0.0040399778017401,0.0040779124204397,0.9049858810993634,0.0373104594548461,0.0408196573229848,58.0,0.015338728524080199,0.105,0.039065058388915455,0.05958075195394665,0.0573174516029676
KIC3547794,528,1.4,0.11,0.13,1.75,0.06,0.06,6825,81,81,5.785,0.491271159812543,0.491271159812543,-0.14,0.15,0.15,4.093,0.019,0.019,0.2585,0.0152,0.0145,3.3203287,ms,F,,C14sdss,8.57142857142857,3.42857142857143,1.18681318681319,8.49215488007853,A,3.8341026557127935,0.0051239183006419,0.0051850940961077,0.7623033632877684,0.0353983352769626,0.0385416715484179,81.0,0.019,0.15,0.03697000341269025,0.12,0.06
KIC3632418,530,1.4082,0.0209,0.0209,1.9114,0.021,0.024,6193,77,77,5.14,0.209,0.2,-0.041,0.0721110255092798,0.0721110255092798,4.0238,0.0077,0.0077,0.202028265037994,0.0065812087209715,0.0054079965911512,3.7346047,ms,F,p,silva17,1.48416418122426,1.17714764047295,1.24333925399645,3.97859922178988,A,3.791901080009571,0.0053664608211452,0.0054336032692887,0.7109631189952758,0.0173094788997412,0.0172361700716289,77.0,0.0077,0.0721110255092798,0.01727282448568505,0.0209,0.0225
KIC3633847,531,1.285,0.142337626789265,0.071505244562899,1.858,0.0581377674149945,0.0485489443757534,6122,51,51,5.266,0.47585644152796,0.47585644152796,0.12,0.1,0.1,4.013,0.0183575597506858,0.0158113883008419,0.2025,0.0070778099013748,0.0069596805961193,3.7811452,ms,F,,serenelli17,8.32073429385851,2.87100946692002,0.833061091146684,9.03639273695329,A,3.786893325261316,0.0036029517057936,0.0036330923883669,0.7214808547700493,0.0375714752518747,0.0411323255479751,51.0,0.01708447402576385,0.1,0.0393519003999249,0.106921435676082,0.05334335589537395
KIC3633889,532,1.208,0.0576281181368956,0.06,1.322,0.0355105618091294,0.0355105618091294,6452,49,49,2.788,0.231897345463035,0.231897345463035,-0.12,0.1,0.1,4.276,0.0120415945787923,0.0120415945787923,0.5205,0.0230650326034888,0.025021395424716,3.5648302,ms,F,,serenelli17,4.86871349904369,2.68612419131085,0.759454432734036,8.31769531789937,A,3.809694358716924,0.0032858073225563,0.0033108568927566,0.4452927694259718,0.0346994109296309,0.0377144780758733,49.0,0.0120415945787923,0.1,0.0362069445027521,0.0588140590684478,0.0355105618091294
KIC3643774,535,1.275,0.0565862174031804,0.0618465843842649,1.588,0.0233452350598575,0.0256124969497314,6029,104,104,2.911,0.199115374876444,0.199115374876444,0.158,0.1,0.1,4.141,0.0086023252670426,0.0086023252670426,0.3183,0.0046910793001184,0.0047410869007011,3.8421067,ms,F,,serenelli17,4.64442359950766,1.54149030256892,1.72499585337535,6.84010219431274,A,3.780245283865352,0.0074276808221407,0.0075569291832109,0.4640422054388108,0.0287342947593396,0.030770996548375,104.0,0.0086023252670426,0.1,0.0297526456538573,0.059216400893722654,0.02447886600479445
KIC3656476,536,1.075,0.0402243707222375,0.0410487515035476,1.316,0.0184390889145858,0.0184390889145858,5684,56,56,1.626,0.13908986340791,0.13908986340791,0.233,0.1,0.1,4.23,0.0072111025509279,0.0072111025509279,0.4711,0.0058323947748759,0.005856259642468,4.0682542,ms,G,,serenelli17,3.78014521980396,1.40114657405667,0.985221674876847,8.55411214070789,A,3.754654069255432,0.0042578231425416,0.0042999804927239,0.2111205412580493,0.035646279620861,0.0388358191123471,56.0,0.0072111025509279,0.1,0.03724104936660405,0.04063656111289255,0.0184390889145858
KIC3657002,537,1.219,0.0646606526413089,0.0898943824718764,1.516,0.0324499614791759,0.037589892258425,6006,64,64,2.732,0.226473371932982,0.226473371932982,0.112,0.1,0.1,4.161,0.0128062484748657,0.0136014705087354,0.3487,0.0097561784014028,0.0094253934135398,3.8571832,ms,F,,serenelli17,6.33941899561875,2.31002156126652,1.06560106560107,8.28965490237855,A,3.778585327862962,0.0046033632122952,0.004652680395317,0.436480695009495,0.0345869697055763,0.0375816723408507,64.0,0.01320385949180055,0.1,0.0360843210232135,0.07727751755659265,0.035019926868800455
KIC3730801,539,1.24,0.0678969807870718,0.113159179919262,1.595,0.0449444101084885,0.052773099207835,5894,58,58,2.844,0.246867410490714,0.246867410490714,0.164,0.1,0.1,4.123,0.0126491106406735,0.0136014705087354,0.3043,0.0130806536916165,0.0124754559435718,3.9305992,ms,G,,serenelli17,7.30065164138445,3.06324480615434,0.984051577875806,8.68028869517279,A,3.7704101315139065,0.0042527910239158,0.0042948482924924,0.4539295920577286,0.036150783394675,0.039435470144118,58.0,0.01312529057470445,0.1,0.0377931267693965,0.0905280803531669,0.04885875465816175
KIC3733735,540,1.441,0.0660378679243962,0.0718401002226472,1.425,0.0277848879788996,0.0277848879788996,6711,66,66,3.631,0.279777268342257,0.279777268342257,-0.077,0.1,0.1,4.287,0.01,0.0106301458127346,0.4983,0.01103520951319,0.0115270822414,3.3950557,ms,F,,serenelli17,4.78410715291615,1.94981670027366,0.983459991059455,7.70524010857221,A,3.826787238816292,0.0042502468237333,0.0042922535375411,0.5600262489128923,0.032236833241123,0.0348229556895812,66.0,0.0103150729063673,0.1,0.0335298944653521,0.0689389840735217,0.0277848879788996
KIC3735871,541,1.15,0.0427200187265877,0.0475394572960188,1.113,0.0148660687473185,0.0167630546142402,6176,50,50,1.542,0.12896442448014,0.12896442448014,-0.032,0.099,0.099,4.405,0.0067082039324993,0.0076157731058639,0.8332,0.0081211295396638,0.0081810665563849,3.7457482,ms,F,,serenelli17,3.92432504446115,1.42089502971962,0.809585492227979,8.36345165240859,A,3.79070728732768,0.0035018290188166,0.0035302948571258,0.1880843737149382,0.0348828299687368,0.0379312776431159,50.0,0.0071619885191816,0.099,0.03640705380592635,0.04512973801130325,0.01581456168077935
KIC3761840,542,1.538,0.0658027355054484,0.0698927750200262,2.814,0.0746726188103779,0.0737360156233031,6236,61,61,12.97,1.13237954655977,1.13237954655977,0.011,0.1,0.1,3.725,0.0158113883008419,0.0158113883008419,0.06876,0.0037977222502442,0.0036961069099797,3.7064182,ms,F,,serenelli17,4.41142752033403,2.63696933961764,0.978191148171905,8.73075980385329,A,3.794906106516804,0.0042275867852588,0.0042691445851006,1.11293997608408,0.0363524228655351,0.0396755648965503,61.0,0.0158113883008419,0.1,0.0380139938810427,0.0678477552627373,0.07420431721684051
KIC3854781,543,1.197,0.0567274184147313,0.0598163857149527,1.792,0.0358050275799363,0.0374432904536981,5705,102,102,3.408,0.294317890671679,0.294317890671679,0.256,0.1,0.1,4.009,0.010295630140987,0.010295630140987,0.2079,0.0062508867370957,0.0061570021926258,4.0544887,ms,G,,serenelli17,4.8681622443477,2.04375887370632,1.78790534618755,8.63608834130513,A,3.756255648754233,0.0076961772790906,0.0078350262866648,0.5324995860946625,0.0359741195802919,0.0392253147963527,102.0,0.010295630140987,0.1,0.0375997171883223,0.058271902064842,0.0366241590168172
KIC3952307,545,1.275,0.0622896460095897,0.0684105255059483,2.076,0.0483735464897913,0.0475078940808788,6210,118,118,6.262,0.48695300120495,0.48695300120495,-0.118,0.1,0.1,3.908,0.0139283882771841,0.0139283882771841,0.1421,0.0059768520142295,0.0058612452601814,3.7234612,ms,F,,serenelli17,5.12549692217796,2.30928325073868,1.90016103059581,7.77631748969898,A,3.79309160017658,0.0081748703130402,0.0083317055125751,0.7967130632808964,0.0325233405030445,0.0351575403038504,118.0,0.0139283882771841,0.1,0.03384044040344745,0.065350085757769,0.04794072028533505
KIC3952580,546,1.458,0.0642028036770981,0.0618465843842649,2.709,0.0466154480832267,0.0474341649025257,6115,101,101,11.88,1.0567874435588,1.0567874435588,-0.074,0.1,0.1,3.736,0.010295630140987,0.0094339811320566,0.07331,0.001970789915237,0.0019448786311747,3.7857337,ms,F,,serenelli17,4.32268134641163,1.73587325555098,1.6516762060507,8.8955172016734,A,3.786396461372304,0.0071145444205535,0.0072330376078055,1.0748164406451748,0.0370100019353127,0.0404602530305315,101.0,0.0098648056365218,0.1,0.0387351274829221,0.0630246940306815,0.0470248064928762
KIC3967430,547,1.36,0.09,0.12,1.47,0.04,0.05,6622,53,53,3.565,0.281704945624284,0.281704945624284,0.0,0.15,0.15,4.236,0.014,0.014,0.4287,0.0162,0.0158,3.4533952,ms,F,,C14sdss,7.72058823529412,3.06122448979592,0.800362428269405,7.90196200909632,A,3.8209891764160497,0.0034620936205631,0.0034899145482913,0.5520595341878843,0.0330293416428463,0.0357496216902319,53.0,0.014,0.15,0.0343894816665391,0.105,0.045
KIC3967859,548,1.008,0.0605392434706612,0.0596824932455071,1.284,0.0344383507154451,0.0335410196624968,6211,78,78,1.933,0.172593806759579,0.172593806759579,-0.375,0.1,0.1,4.224,0.0158113883008419,0.0158113883008419,0.4756,0.0136867563724938,0.0296650130625287,3.7228057,ms,F,,serenelli17,5.96337979742898,2.64717174368933,1.25583641925616,8.92880531606718,A,3.793161529245551,0.0054200654829967,0.0054885645580577,0.286231854028553,0.0371427405049971,0.0406189662545457,78.0,0.0158113883008419,0.1,0.0388808533797714,0.060110868358084144,0.03398968518897095
KIC4049576,550,1.159,0.0674166151627327,0.0691158447825099,1.944,0.0919238815542512,0.0861278120005379,6066,84,84,4.633,0.331409816577219,0.331409816577219,-0.264,0.101,0.101,3.923,0.0284429253066558,0.0304138126514911,0.1568,0.0171971463911894,0.016751905682638,3.8178532,ms,F,,serenelli17,5.8900974954807,4.57951886714992,1.38476755687438,7.15324447608935,A,3.782902405974645,0.0059727098007722,0.0060559972793452,0.6658623002031552,0.0300053255106494,0.0322332678281462,84.0,0.02942836897907345,0.101,0.0311192966693978,0.0682662299726213,0.08902584677739456
KIC4141376,554,1.019,0.021,0.03,1.039,0.009,0.009,6134,91,91,1.363,0.052,0.056,-0.269,0.0721110255092798,0.0721110255092798,4.412,0.003,0.004,0.907605993892479,0.0078119451743484,0.0092322988424117,3.7732792,ms,F,p,silva15,2.50245338567223,0.866217516843118,1.48353439843495,3.96184886280264,A,3.7877437716464666,0.0063955841213072,0.00649117739801,0.1344958558346735,0.0162605840256354,0.0182202682541292,91.0,0.0035,0.0721110255092798,0.017240426139882303,0.025500000000000002,0.009
KIC4143755,555,0.918,0.021,0.03,1.414,0.012,0.013,5622,106,106,1.997,0.029,0.038,-0.357,0.0721110255092798,0.0721110255092798,4.102,0.001,0.002,0.323840636318443,0.00426106100419,0.00426106100419,4.1088952,ms,G,p,silva15,2.77777777777778,0.884016973125884,1.88545001778726,1.67751627441162,A,3.749890841271422,0.0081121680283771,0.0082665837676096,0.3003780648707025,0.006261376153559,0.0083436288759661,106.0,0.0015,0.0721110255092798,0.00730250251476255,0.025500000000000002,0.0125
KIC4247542,558,1.129,0.0917877987534291,0.0710633520177595,1.581,0.052773099207835,0.0501198563445667,6440,66,66,3.696,0.272247043342329,0.272247043342329,-0.44,0.1,0.1,4.095,0.0202484567313166,0.0202484567313166,0.2863,0.0196156729428281,0.0165137586575558,3.5726962,ms,F,,serenelli17,7.21218559659825,3.25404666516134,1.02484472049689,7.36599143242233,A,3.808885867359812,0.0044281915860229,0.004473808222098,0.5677319625480691,0.0308667387920955,0.0332295422412738,66.0,0.0202484567313166,0.1,0.03204814051668465,0.0814255753855943,0.05144647777620085
KIC4346201,560,1.142,0.0574543296888929,0.0549181208709839,1.902,0.0331209903233584,0.0322490309931942,6147,51,51,5.527,0.551784265879922,0.551784265879922,-0.337,0.099,0.099,3.937,0.0106301458127346,0.0106301458127346,0.1661,0.0035392356519452,0.0035206127307615,3.7647577,ms,F,,serenelli17,4.91998470052,1.71845481904712,0.829673011224988,9.98343162438796,A,3.7886632131208575,0.0035883587824065,0.0036182547893135,0.7424894645817751,0.0413272661031364,0.0456775473178096,51.0,0.0106301458127346,0.099,0.04350240671047299,0.0561862252799384,0.032685010658276295
KIC4349452,562,1.159,0.04,0.051,1.297,0.015,0.015,6270,79,79,2.406,0.126,0.128,-0.045,0.0721110255092798,0.0721110255092798,4.275,0.007,0.008,0.529081741353597,0.006391591506285,0.0071017683403167,3.6841312,ms,F,p,silva15,3.92579810181191,1.15651503469545,1.25996810207337,5.27847049044057,A,3.797267540830717,0.0054377862436356,0.0055067368178116,0.3812956230038259,0.0221680783414915,0.0237419032607443,79.0,0.0075,0.0721110255092798,0.0229549908011179,0.0455,0.015
KIC4450844,566,1.056,0.0464004310324807,0.0472016948848238,1.548,0.0254950975679639,0.0254950975679639,5968,59,59,2.81,0.241286059060407,0.241286059060407,-0.136,0.0721110255092798,0.0721110255092798,4.082,0.0072111025509279,0.0072111025509279,0.2847,0.0045789781611184,0.0045854242987972,3.8820922,ms,G,p,serenelli17,4.43191884078146,1.64697012712945,0.988605898123324,8.58669249325293,A,3.775828814464613,0.004272377003299,0.004314824484946,0.4487063199050799,0.0357766048949043,0.0389905771757868,59.0,0.0072111025509279,0.0721110255092798,0.037383591035345554,0.046801062958652245,0.0254950975679639
KIC4465324,568,1.079,0.0793788384898645,0.0590338885725818,1.388,0.0373363094051889,0.0326955654485436,5850,59,59,2.207,0.192897800358889,0.192897800358889,0.037,0.1,0.1,4.187,0.0120830459735946,0.0120830459735946,0.4036,0.0133407874205386,0.0131244774753131,3.9594412,ms,G,,serenelli17,6.41393545238398,2.52276206245434,1.00854700854701,8.74027187851785,A,3.767155866082181,0.0043581238974859,0.0044023011488065,0.343802333161655,0.036390414514436,0.0397208293998244,59.0,0.0120830459735946,0.1,0.0380556219571302,0.06920636353122316,0.03501593742686625
KIC4465529,569,1.322,0.054561891462815,0.0579827560572969,1.657,0.0306104557300279,0.0306104557300279,6345,49,49,4.239,0.367701157208098,0.367701157208098,0.025,0.1,0.1,4.12,0.010295630140987,0.010295630140987,0.2905,0.0082985055281056,0.008272235066776,3.6349687,ms,F,,serenelli17,4.25660542814341,1.84734192697815,0.772261623325453,8.67424291597307,A,3.802431626430724,0.0033410055049456,0.0033669070797155,0.627263416568221,0.0361266233412687,0.0394067188307746,49.0,0.010295630140987,0.1,0.03776667108602165,0.05627232376005595,0.0306104557300279
KIC4543171,571,1.315,0.0684105255059483,0.069656299069072,1.663,0.0438292140016222,0.0438292140016222,6129,59,59,3.486,0.296648102055351,0.296648102055351,0.137,0.1,0.1,4.114,0.0139283882771841,0.0148660687473185,0.2851,0.0132379065187816,0.0133563082099808,3.7765567,ms,F,,serenelli17,5.24968914733917,2.63555105241264,0.962636645456029,8.50969885414088,A,3.78738962135211,0.0041606836752201,0.0042009302768524,0.5423273827739744,0.0354685581899141,0.0386249428962949,59.0,0.0143972285122513,0.1,0.0370467505431045,0.06903341228751014,0.0438292140016222
KIC4571351,573,1.235,0.0743303437365925,0.0998098191562333,1.585,0.0689492567037528,0.0698927750200262,6000,59,59,2.923,0.255209864123749,0.255209864123749,0.143,0.101,0.101,4.125,0.0263058928759318,0.0282842712474619,0.3066,0.0310935595260498,0.0270755229681718,3.8611162,ms,F,,serenelli17,7.05020902400105,4.37987481778483,0.983333333333333,8.73109353827401,A,3.7781512503836434,0.0042497021128862,0.0042916980069565,0.4658288153574364,0.0363537558719003,0.0396771529374064,59.0,0.02729508206169685,0.101,0.03801545440465336,0.0870700814464129,0.0694210158618895
KIC4586099,576,1.253,0.118595952713404,0.0778331548891602,1.813,0.0516236379965612,0.0403608721412211,6383,58,58,5.663,0.482656291450163,0.482656291450163,-0.151,0.1,0.1,4.021,0.0138924439894498,0.0122065556157337,0.2112,0.0028731978699699,0.0028144990673297,3.6100597,ms,F,,serenelli17,7.83835225868174,2.5368039199609,0.908663637787874,8.5229788354258,A,3.805024844429805,0.0039284547261058,0.0039643145819496,0.7530465616265292,0.0355217061550999,0.03868798609471,58.0,0.013049499802591749,0.1,0.037104846124904944,0.0982145538012821,0.04599225506889115
KIC4638884,577,1.522,0.0508035431835221,0.0468614980554399,1.928,0.0269072480941474,0.0256124969497314,6662,57,57,6.055,0.488982163912133,0.488982163912133,0.008,0.099,0.099,4.05,0.0067082039324993,0.0067082039324993,0.2123,0.0035201355087553,0.0034604804579711,3.4271752,ms,F,,serenelli17,3.20844419313279,1.36202658308814,0.85559891924347,8.07567570457692,A,3.823604628355158,0.0037000127345767,0.0037318064046121,0.782114147479071,0.0337279594853727,0.036569553799026,57.0,0.0067082039324993,0.099,0.03514875664219935,0.048832520619481,0.026259872521939398
KIC4646780,579,1.43,0.15,0.1,1.92,0.08,0.07,6856,138,138,6.537,0.540582863111397,0.540582863111397,-0.12,0.15,0.15,4.029,0.019,0.019,0.2029,0.0125,0.0122,3.3000082,ms,F,,C14sdss,8.74125874125874,3.90625,2.01283547257876,8.26958640219362,A,3.836070808915142,0.0086548190580839,0.0088308094094964,0.815378484965918,0.0345064777453826,0.0374866483234279,138.0,0.019,0.15,0.03599656303440525,0.125,0.07500000000000001
KIC4739932,581,1.166,0.058591808301161,0.0630713881248859,1.805,0.0470106370941726,0.047927027865287,5876,111,111,4.034,0.323248423765954,0.323248423765954,0.008,0.1,0.1,3.991,0.0161554944214035,0.0161554944214035,0.1979,0.0103105307816814,0.0099581135763758,3.9423982,ms,G,,serenelli17,5.21711820008778,2.62985221494348,1.88904016337645,8.01309925051942,A,3.769081787118219,0.0081274710274659,0.0082824754875012,0.6057358938767466,0.033476427591043,0.0362740132768379,111.0,0.0161554944214035,0.1,0.03487522043394045,0.06083159821302345,0.0474688324797298
KIC4755204,582,1.19,0.102459748194108,0.0658634952003005,1.645,0.0438634243989226,0.0393573373083089,6073,70,70,2.924,0.263173003459093,0.263173003459093,-0.072,0.1,0.1,4.084,0.0120830459735946,0.0120830459735946,0.2693,0.0066135346827547,0.0065614054896797,3.8132647,ms,F,,serenelli17,7.07240518463901,2.52950643487026,1.1526428453812,9.00044471474326,A,3.7834032811225633,0.0049772341969998,0.0050349377666893,0.4659773682858228,0.0374282698375505,0.0409607300704553,70.0,0.0120830459735946,0.1,0.0391944999540029,0.08416162169720426,0.04161038085361575
KIC4756112,583,1.378,0.073,0.071505244562899,2.619,0.0904765162901402,0.0857962703152066,6182,60,60,11.38,1.04068423933855,1.04068423933855,-0.209,0.1,0.1,3.739,0.0194164878389476,0.0203960780543711,0.07641,0.0058137535207471,0.0056106934509024,3.7418152,ms,F,,serenelli17,5.24329624683959,3.36526893099173,0.970559689420899,9.14485271826496,A,3.791129000727286,0.0041947636020278,0.0042356754659702,1.0561422620590524,0.0380032591586239,0.0416504632626033,60.0,0.01990628294665935,0.1,0.0398268612106136,0.07225262228144949,0.0881363933026734
KIC4841753,584,1.314,0.0560357029044876,0.0536003731330296,2.149,0.0794040301244213,0.0746324326281812,5966,67,67,6.304,0.560000152692,0.560000152692,0.127,0.1,0.1,3.891,0.0223606797749979,0.0233452350598575,0.132,0.0112369519443664,0.0109104898606799,3.8834032,ms,G,,serenelli17,4.17184459807904,3.58391025483021,1.12303050620181,8.88325115310913,A,3.775683249026044,0.0048500762903604,0.004904852856896,0.799616204481499,0.0369610800201775,0.0404017847920484,67.0,0.0228529574174277,0.1,0.03868143240611295,0.054818038018758605,0.07701823137630125
KIC4842436,585,1.089,0.0604400529450463,0.06200806399171,1.57,0.0569209978830308,0.0540832691319598,5688,63,63,2.791,0.254711365146508,0.254711365146508,0.139,0.1,0.1,4.082,0.0237697286480094,0.0237697286480094,0.2807,0.0218564483848589,0.0206990612347517,4.0656322,ms,G,,serenelli17,5.62204393649019,3.53516773933091,1.10759493670886,9.12616858282007,A,3.75495958772171,0.004783779876015,0.0048370609383097,0.445759836488631,0.0379289074018556,0.0415611608628481,63.0,0.0237697286480094,0.1,0.03974503413235185,0.061224058468378154,0.055502133507495305
KIC4914423,587,1.099,0.019,0.03,1.45,0.009,0.009,5845,88,88,2.256,0.115,0.119,0.131,0.0721110255092798,0.0721110255092798,4.155,0.004,0.004,0.360059654854059,0.0035508841701583,0.0035508841701583,3.9627187,ms,G,p,silva15,2.22929936305733,0.620689655172414,1.50556030795552,5.18617021276596,A,3.766784515497859,0.0064898328395948,0.0065882860427248,0.3533390953113046,0.0215924586668835,0.0235345731472353,88.0,0.004,0.0721110255092798,0.0225635159070594,0.0245,0.009
KIC4914923,588,1.0586,0.0589,0.0494,1.3566,0.024,0.024,5805,77,77,1.885,0.153,0.142,0.08,0.1,0.1,4.1965,0.0099,0.0077,0.424092038917691,0.0064448547688374,0.0065137419217385,3.9889387,ms,G,,silva17,5.11524655204988,1.76912870411322,1.32644272179156,7.82493368700265,A,3.7638022240745928,0.0057227960964576,0.0057992147747936,0.2753113545418116,0.0338928251285958,0.0340139674318184,77.0,0.0088,0.1,0.033953396280207104,0.054150000000000004,0.024
KIC4931390,591,1.37,0.1,0.1,1.41,0.04,0.04,6557,51,51,3.532,0.310919874595679,0.310919874595679,-0.06,0.15,0.15,4.274,0.012,0.012,0.487,0.0134,0.0131,3.4960027,ms,F,,C14sdss,7.2992700729927,2.83687943262411,0.777794723196584,8.80294095684256,A,3.816705183666515,0.0033648506458106,0.0033911247206801,0.548020694905531,0.036640634553945,0.0400191667365233,51.0,0.012,0.15,0.03832990064523415,0.1,0.04
KIC4947253,592,1.173,0.0550726792520575,0.0568242905807015,2.006,0.0483321838943783,0.0483321838943783,5953,59,59,5.318,0.47408994136162,0.47408994136162,-0.196,0.1,0.1,3.901,0.013,0.013,0.145,0.0064690804601581,0.0062385524763361,3.8919247,ms,G,,serenelli17,4.769691808728,2.40938105156422,0.991096925919704,8.91481649796201,A,3.774735882551753,0.0042830893631173,0.0043257510378467,0.7257483329955482,0.0370869641047593,0.040552262397301,59.0,0.013,0.1,0.03881961325103015,0.0559484849163795,0.0483321838943783
KIC5021689,593,1.22,0.08,0.07,1.79,0.04,0.04,6168,84,84,4.306,0.358627328127141,0.358627328127141,-0.08,0.09,0.09,4.016,0.011,0.01,0.2114,0.0045,0.0046,3.7509922,ms,F,,C14bruntt,6.14754098360656,2.23463687150838,1.36186770428016,8.32854919013332,A,3.790144365042901,0.0058746043042487,0.0059551596619398,0.6340740254874684,0.0347429268173227,0.0377658953682144,84.0,0.010499999999999999,0.09,0.03625441109276855,0.07500000000000001,0.04
KIC5084157,595,1.102,0.0822982381342395,0.0735730929076656,1.378,0.0483011387029333,0.0456508488420533,5803,83,83,2.351,0.197037740566424,0.197037740566424,0.125,0.1,0.1,4.201,0.0111803398874989,0.0111803398874989,0.4201,0.0188341925497219,0.0173373155073097,3.9902497,ms,G,,serenelli17,7.07220195289951,3.40899809669763,1.43029467516802,8.38101831418223,A,3.7636525705645294,0.0061676871990616,0.0062565417715059,0.3712526291249393,0.0349532271907895,0.0380145395702811,83.0,0.0111803398874989,0.1,0.0364838833805353,0.07793566552095255,0.0469759937724933
KIC5094751,597,1.068,0.04,0.04,1.339,0.015,0.018,5952,75,75,2.04,0.124,0.112,-0.017,0.0721110255092798,0.0721110255092798,4.213,0.008,0.007,0.445991051771891,0.0056814146722533,0.0049712378382217,3.8925802,ms,G,p,silva15,3.74531835205993,1.23226288274832,1.26008064516129,5.7843137254902,A,3.7746629225378223,0.0054382689300891,0.0055072318234237,0.3096301674258988,0.025627089008633,0.0245231378590868,75.0,0.0075,0.0721110255092798,0.0250751134338599,0.04,0.0165
KIC5095850,599,1.43,0.25,0.11,2.27,0.17,0.09,6836,85,85,11.33,1.01207189132385,1.01207189132385,0.1,0.15,0.15,3.885,0.018,0.021,0.1224,0.0095,0.0104,3.3131182,ms,F,,C14sdss,12.5874125874126,5.72687224669604,1.24341720304272,8.93267335678601,A,3.834802054048699,0.0053667951920566,0.0054339460598789,1.0542299098633972,0.0371581619438889,0.0406374123111838,85.0,0.0195,0.15,0.038897787127536346,0.18,0.13
KIC5184732,602,1.1479,0.0399,0.0589,1.3206,0.015,0.021,5846,77,77,1.806,0.128,0.128,0.36,0.1,0.1,4.2548,0.0077,0.0099,0.497920602229955,0.0086243874724806,0.0086236772956466,3.9620632,ms,G,,silva17,4.3035107587769,1.36301681054066,1.31713992473486,7.0874861572536,A,3.7668588110214176,0.0056829216195257,0.0057582720632751,0.256717745977487,0.0297387237694959,0.0319257894848055,77.0,0.0088,0.1,0.0308322566271507,0.0494,0.018000000000000002
KIC5214711,603,1.255,0.0764852927038918,0.0707248188403477,1.868,0.0734098086089318,0.069778220097678,6194,54,54,5.291,0.438711511084827,0.438711511084827,-0.025,0.1,0.1,3.993,0.0237697286480094,0.0237697286480094,0.1918,0.0166594021801504,0.0147351308443461,3.7339492,ms,F,,serenelli17,5.86494468303743,3.83265601463088,0.871811430416532,8.29165585115909,A,3.791971201020768,0.0037698198484759,0.0038028298796,0.7235377615320568,0.0345949944147347,0.0375911479402846,54.0,0.0237697286480094,0.1,0.03609307117750965,0.07360505577211976,0.0715940143533049
KIC5253542,604,1.077,0.061400325732035,0.061400325732035,1.191,0.0264007575648882,0.0264007575648882,5770,96,96,1.463,0.123674067491704,0.123674067491704,0.203,0.1,0.1,4.318,0.013,0.013,0.6374,0.0220204083522536,0.0207702210869312,4.0118812,ms,G,,serenelli17,5.70105160000325,2.21668829260186,1.66377816291161,8.45345642458675,A,3.7611758131557314,0.0071662454888019,0.0072864816958979,0.1652443261253108,0.0352433975876917,0.0383580482433618,96.0,0.013,0.1,0.036800722915526746,0.061400325732035,0.0264007575648882
KIC5309966,606,1.34,0.08,0.13,1.64,0.05,0.06,6356,61,61,4.22,0.352765649687295,0.352765649687295,0.1,0.15,0.15,4.131,0.014,0.015,0.3023,0.0137,0.0133,3.6277582,ms,F,,C14sdss,7.83582089552239,3.35365853658537,0.959723096286973,8.35937558500699,A,3.803183888535342,0.0041481507558485,0.0041881540914605,0.6253124509616739,0.034866493770071,0.0379119603047483,61.0,0.014499999999999999,0.15,0.03638922703740965,0.10500000000000001,0.055
KIC5344612,607,1.298,0.0756637297521078,0.108784190027779,1.746,0.0608276253029822,0.0608276253029822,6359,84,84,4.715,0.390669340921946,0.390669340921946,-0.123,0.1,0.1,4.063,0.0203960780543711,0.0203960780543711,0.2412,0.0178691461463608,0.016041670237229,3.6257917,ms,F,,serenelli17,7.10508165561969,3.48382733694056,1.32096241547413,8.28567000894902,A,3.803388824983613,0.0056993063627328,0.0057750948305375,0.6734816970733472,0.0345709880398134,0.0375628022817721,84.0,0.0203960780543711,0.1,0.03606689516079275,0.0922239598899434,0.0608276253029822
KIC5353186,608,1.362,0.210582525390879,0.0877097486029917,2.187,0.104709120901667,0.0672681202353686,6166,55,55,7.67,0.655138125827586,0.655138125827586,0.073,0.1,0.1,3.893,0.0126491106406735,0.0126491106406735,0.13,0.005482622182861,0.005401681404896,3.7523032,ms,F,,serenelli17,10.9505240085855,3.93180706760485,0.891988323061953,8.54156617767388,A,3.79000352039049,0.0038566809521802,0.0038912366706629,0.884795363948981,0.0355960838494472,0.0387762399567067,55.0,0.0126491106406735,0.1,0.03718616190307695,0.14914613699693535,0.0859886205685178
KIC5371516,609,1.454,0.0700927956355002,0.127945300812496,2.049,0.0353553390593274,0.0586003412959344,6350,81,81,5.834,0.497365294201537,0.497365294201537,0.075,0.1,0.1,3.976,0.01,0.0143178210632764,0.169,0.0024311857189445,0.0024153417977586,3.6316912,ms,F,,serenelli17,6.81011335790907,2.29272036006007,1.2755905511811,8.52528786769861,A,3.802773725291976,0.0055047842907924,0.0055754554530165,0.7659664247857139,0.0355309464958765,0.0386989485486491,81.0,0.0121589105316382,0.1,0.0371149475222628,0.0990190482239981,0.0469778401776309
KIC5431016,612,1.336,0.175559106855782,0.0843148859929254,2.142,0.0813941029804985,0.0462276973253049,6601,62,62,8.646,0.79107460085969,0.79107460085969,-0.264,0.101,0.101,3.903,0.0192353840616713,0.0127279220613579,0.1363,0.0024150544507319,0.0028010221348643,3.4671607,ms,F,,serenelli17,9.72582308565523,2.97903362058365,0.93925162854113,9.14960213809496,A,3.819609732751585,0.0040600805165516,0.0040983953888207,0.936815231197633,0.0380221569984805,0.0416731664423357,62.0,0.0159816530615146,0.101,0.0398476617204081,0.1299369964243537,0.0638109001529017
KIC5450445,614,1.39,0.07,0.06,1.99,0.04,0.04,6112,84,84,5.484,0.465478938984048,0.465478938984048,0.05,0.09,0.09,3.985,0.009,0.009,0.1775,0.0041,0.004,3.7877002,ms,F,,C14bruntt,4.67625899280576,2.01005025125628,1.37434554973822,8.48794564157637,A,3.7861833455676335,0.0059280635195348,0.0060101019250393,0.7390974461174751,0.0353814853533951,0.0385216950424747,84.0,0.009,0.09,0.0369515901979349,0.065,0.04
KIC5468089,615,1.56,0.15,0.17,2.0,0.07,0.07,6728,429,429,5.431,0.462468950326639,0.462468950326639,0.0,0.15,0.15,4.03,0.018,0.025,0.1951,0.0089,0.0103,3.3839122,ms,F,,C14sdss,10.2564102564103,3.5,6.37633769322235,8.51535537335001,A,3.827885982789856,0.0268450344240864,0.0286143744399831,0.7348798027926275,0.0354911970054057,0.0386517946061802,429.0,0.0215,0.15,0.03707149580579295,0.16,0.07
KIC5512589,617,1.132,0.041146081222882,0.0447772263544762,1.658,0.0248394846967484,0.0256124969497314,5789,56,56,2.979,0.248201743034408,0.248201743034408,0.032,0.1,0.1,4.052,0.0078102496759066,0.0078102496759066,0.2484,0.0046999315952468,0.0047219365730598,3.9994267,ms,G,,serenelli17,3.79519909793985,1.52147109910977,0.967351874244256,8.33171342847963,A,3.762603549566804,0.0041809659310554,0.0042216077921284,0.4740705032150436,0.0347556122192207,0.0377808862400569,56.0,0.0078102496759066,0.1,0.036268249229638796,0.0429616537886791,0.0252259908232399
KIC5516982,620,1.263,0.0452769256906871,0.0444184646290256,1.472,0.0194164878389476,0.0194164878389476,6444,50,50,3.568,0.306744935856814,0.306744935856814,-0.065,0.1,0.1,4.203,0.0072111025509279,0.0072111025509279,0.3954,0.0044696551321103,0.0050578258174832,3.5700742,ms,F,,serenelli17,3.55088639428791,1.31905488036329,0.775915580384854,8.59711143096453,A,3.8091555317471806,0.0033567525428019,0.0033828998115112,0.5524248457040855,0.0358182736296549,0.0390400792139811,50.0,0.0072111025509279,0.1,0.037429176421818006,0.04484769515985635,0.0194164878389476
KIC5530375,622,1.404,0.0643506021727847,0.0618546683767685,2.753,0.0657419196555744,0.0648459713474939,6210,55,55,8.503,1.20824327316213,1.20824327316213,-0.226,0.1,0.1,3.706,0.012369316876853,0.012369316876853,0.0673,0.0029615745069135,0.0029292066434446,3.7234612,ms,F,,serenelli17,4.49448969193565,2.37173794048435,0.885668276972625,14.2096115860535,A,3.79309160017658,0.003829475153589,0.003863542909245,0.92957217907655,0.0577026545502235,0.0665613659113137,55.0,0.012369316876853,0.1,0.0621320102307686,0.0631026352747766,0.06529394550153414
KIC5543462,623,1.033,0.0612943716828878,0.058821764679411,1.298,0.057974132162543,0.053160135440008,6246,54,54,2.252,0.188741772329695,0.188741772329695,-0.372,0.102,0.102,4.224,0.0292745623366089,0.0302654919008431,0.4679,0.0594125392909611,0.0453650429846595,3.6998632,ms,F,,serenelli17,5.81394658094379,4.28098103245574,0.864553314121038,8.38107337165607,A,3.79560197989418,0.0037385695594021,0.0037710322193436,0.3525683861793086,0.034953447811996,0.0380148005551101,54.0,0.029770027118726,0.102,0.03648412418355305,0.0600580681811494,0.055567133801275495
KIC5636956,629,1.464,0.0724223722339996,0.127137720602503,2.055,0.0554616984954482,0.064621977685614,6369,60,60,7.338,0.637729562098162,0.637729562098162,0.094,0.1,0.1,3.975,0.0121655250605964,0.0131529464379659,0.1681,0.0069506593212442,0.0068850477122529,3.6192367,ms,F,,serenelli17,6.81557694113737,2.92174394601125,0.942063118228921,8.69078171297577,A,3.804071248885661,0.0040721768758298,0.004110721479678,0.8655777074199291,0.0361927122468017,0.0394853752686298,60.0,0.012659235749281149,0.1,0.037839043757715754,0.0997800464182513,0.0600418380905311
KIC5683538,631,1.22,0.0586003412959345,0.0610327780786685,2.302,0.101651364968701,0.093962758580195,6366,73,73,6.302,0.483941955862439,0.483941955862439,-0.557,0.102,0.102,3.798,0.027459060435492,0.0294278779391243,0.09954,0.0106766101361809,0.0101197432773762,3.6212032,ms,F,,serenelli17,4.90299669568045,4.24878634988913,1.14671693371034,7.67918051193968,A,3.803866634284984,0.0049517908071399,0.0050089025374986,0.7994783988379808,0.0321317417118401,0.0347003491454169,73.0,0.02844346918730815,0.102,0.0334160454286285,0.0598165596873015,0.097807061774448
KIC5686856,632,1.14,0.14,0.11,1.78,0.09,0.08,6125,55,55,2.777,0.0705307105203809,0.0705307105203809,0.0,0.2,0.15,3.996,0.012,0.012,0.2032,0.0105,0.0101,3.7791787,ms,F,,C14sdss,10.9649122807018,4.7752808988764,0.897959183673469,2.53981672741739,A,3.78710609303657,0.0038823820522457,0.0039174019613126,0.4435758797502576,0.0108925368771282,0.0111727762689405,55.0,0.012,0.175,0.011032656573034351,0.125,0.08499999999999999
KIC5773155,636,1.429,0.0778331548891602,0.0792085853932514,1.896,0.0521536192416212,0.0521536192416212,6317,55,55,5.469,0.458863499927987,0.458863499927987,0.138,0.1,0.1,4.036,0.0131529464379659,0.0131529464379659,0.2091,0.0098167469662816,0.0095756559044276,3.6533227,ms,F,,serenelli17,5.49481246614456,2.7507183144315,0.870666455596011,8.39026330093228,A,3.800510876894368,0.0037648902347262,0.0037978136134713,0.7379079233746387,0.0349902712743355,0.0380583650881324,55.0,0.0131529464379659,0.1,0.03652431818123395,0.0785208701412058,0.0521536192416212
KIC5773345,637,1.508,0.0448218696620299,0.0472016948848238,2.024,0.0183847763108502,0.0198494332412792,6214,61,61,5.275,0.432457782163645,0.432457782163645,0.255,0.1,0.1,4.003,0.0063245553203367,0.0063245553203367,0.1816,0.0016526938615484,0.0014767518545781,3.7208392,ms,F,,serenelli17,3.05117919585059,0.944520986959719,0.981654328934664,8.19825179457146,A,3.793371248918956,0.0042424812341201,0.004284333830927,0.7222224639697303,0.0342202437455555,0.0371490483331624,61.0,0.0063245553203367,0.1,0.03568464603935895,0.04601178227342685,0.0191171047760647
KIC5774694,638,1.06,0.05,0.06,1.0,0.03,0.03,5875,84,84,0.953,0.0616863833418763,0.0616863833418763,0.07,0.09,0.09,4.463,0.017,0.019,1.0618,0.0611,0.0614,3.9430537,ms,G,,C14bruntt,5.18867924528302,3.0,1.42978723404255,6.4728628900185,A,3.7690078709437738,0.0061655144810131,0.0062543060103998,-0.0209070993616736,0.0272389317287699,0.0290623593182835,84.0,0.018000000000000002,0.09,0.0281506455235267,0.055,0.03
KIC5866724,641,1.199,0.029,0.03,1.399,0.012,0.012,6169,50,50,2.577,0.103,0.095,0.131,0.0721110255092798,0.0721110255092798,4.224,0.005,0.007,0.437468929763511,0.0049712378382217,0.0056814146722533,3.7503367,ms,F,p,silva15,2.4603836530442,0.857755539671194,0.810504133571081,3.84167636786962,A,3.79021477024398,0.0035057865695438,0.0035343170473307,0.4111144185509047,0.017020375477884,0.0163126413881937,50.0,0.006,0.0721110255092798,0.01666650843303885,0.0295,0.012
KIC5939450,643,1.53,0.1,0.09,2.88,0.07,0.06,6282,84,84,11.37,0.90844011539364,0.90844011539364,-0.18,0.09,0.09,3.701,0.017,0.013,0.0639,0.0018,0.0017,3.6762652,ms,F,,C14bruntt,6.20915032679739,2.25694444444444,1.33715377268386,7.98979872817625,A,3.798097932062486,0.0057687022224981,0.005846360159222,1.0557604646877348,0.0333827317340611,0.0361640192799539,84.0,0.015,0.09,0.0347733755070075,0.095,0.065
KIC5950854,644,0.956,0.0492036584005702,0.0476340214552582,1.233,0.0214009345590327,0.0206155281280883,5913,61,61,1.875,0.157345852339323,0.157345852339323,-0.238,0.1,0.1,4.236,0.0086023252670426,0.0086023252670426,0.5096,0.0063772862567082,0.0064109471999073,3.9181447,ms,G,,serenelli17,5.06473221003287,1.70383060369509,1.03162523253847,8.39177879143054,A,3.771807878999106,0.0044573392690034,0.0045035615458326,0.2730012720637376,0.0349963434485288,0.0380655496367248,61.0,0.0086023252670426,0.1,0.0365309465426268,0.048418839927914195,0.0210082313435605
KIC5961597,646,1.465,0.0685930025585701,0.0776208734813001,1.923,0.0449444101084885,0.0449444101084885,6492,53,53,6.678,0.526709025362363,0.526709025362363,0.051,0.1,0.1,4.035,0.0126491106406735,0.0136014705087354,0.2054,0.0084384918676265,0.0082416046981155,3.5386102,ms,F,,serenelli17,4.99023467712867,2.33720281375395,0.816389402341343,7.88722709437501,A,3.8123785111541935,0.0035311397325803,0.0035600860620701,0.824646414718352,0.0329700310518817,0.0356801437683089,53.0,0.01312529057470445,0.1,0.034325087410095295,0.07310693801993509,0.0449444101084885
KIC6047087,649,1.096,0.0615873363606513,0.0607453701939498,1.315,0.0277308492477241,0.0268328157299975,6189,61,61,2.129,0.176385379791107,0.176385379791107,-0.188,0.1,0.1,4.239,0.0116619037896906,0.0116619037896906,0.4817,0.0135540879811222,0.0139027048087773,3.7372267,ms,F,,serenelli17,5.58087164938873,2.07466406759398,0.985619647762159,8.2848933673606,A,3.791620482692814,0.0042595346512612,0.0043017260682667,0.3281756614383225,0.0345678732013883,0.0375591246696889,61.0,0.0116619037896906,0.1,0.036063498935538604,0.06116635327730055,0.027281832488860798
KIC6049366,650,1.212,0.0672681202353686,0.0657951365983839,1.822,0.0866487160897379,0.0800562302385017,6220,62,62,4.637,0.392941597752257,0.392941597752257,-0.143,0.099,0.099,3.998,0.0294278779391243,0.0304138126514911,0.1992,0.02324625957009,0.0202833474554867,3.7169062,ms,F,,serenelli17,5.48940828522081,4.57477898815147,0.996784565916399,8.47404782730767,A,3.7937903846908183,0.0043075473716673,0.0043507001236395,0.6662370958958044,0.0353258466310626,0.0384557443235678,62.0,0.0299208452953077,0.099,0.0368907954773152,0.06653162841687625,0.0833524731641198
KIC6064910,651,1.4,0.15,0.13,2.37,0.1,0.09,6508,75,75,8.907,0.76773077848419,0.76773077848419,-0.26,0.2,0.15,3.836,0.015,0.015,0.1057,0.004,0.004,3.5281222,ms,F,,C14sdss,10.0,4.0084388185654,1.15242778119238,8.61940921167835,A,3.813447544264821,0.0049763108272573,0.0050339928644529,0.9497314523157072,0.0359074363059381,0.0391460384965682,75.0,0.015,0.175,0.037526737401253146,0.14,0.095
KIC6106415,653,1.0681,0.0513,0.0399,1.2186,0.018,0.018,6037,77,77,1.765,0.121,0.112,-0.04,0.1,0.1,4.2955,0.0088,0.0088,0.592842837866629,0.010651232156807,0.0115872452240608,3.8368627,ms,F,,silva17,4.26926317760509,1.47710487444609,1.27546794765612,6.60056657223796,A,3.780821175853473,0.0055042585365967,0.0055749161132365,0.2467447097238413,0.0287969786774681,0.0284718561523939,77.0,0.0088,0.1,0.028634417414931,0.0456,0.018
KIC6116048,654,1.059,0.0382753184180093,0.0399624824053762,1.239,0.0164012194668567,0.0164012194668567,6072,49,49,1.657,0.121907720037962,0.121907720037962,-0.253,0.099,0.099,4.276,0.0064031242374328,0.0064031242374328,0.5572,0.0051146195205508,0.005461329600015,3.8139202,ms,F,,serenelli17,3.69394715880007,1.32374652678424,0.806982872200264,7.3571345828583,A,3.783331762887424,0.0034906166117636,0.0035188997168433,0.2193225084193367,0.0308309114365026,0.033188020805674,49.0,0.0064031242374328,0.099,0.0320094661210883,0.03911890041169275,0.0164012194668567
KIC6129877,656,1.115,0.0676756972627545,0.070178344238091,1.328,0.0384837628097877,0.0384837628097877,6064,72,72,2.353,0.200690221794277,0.200690221794277,-0.048,0.1,0.1,4.238,0.0158113883008419,0.0167630546142402,0.4746,0.025305566897424,0.022265309699171,3.8191642,ms,F,,serenelli17,6.18179558299756,2.8978737055563,1.18733509234828,8.52912119822683,A,3.782759192623997,0.0051261583169273,0.0051873879325872,0.3716219271760213,0.0355462863758914,0.0387171484329694,72.0,0.01628722145754105,0.1,0.0371317174044304,0.06892702075042276,0.0384837628097877
KIC6196457,658,1.209,0.019,0.03,1.716,0.012,0.012,5871,94,94,3.316,0.185,0.164,0.19,0.0721110255092798,0.0721110255092798,4.049,0.004,0.005,0.237909239400611,0.0028407073361267,0.0028407073361267,3.9456757,ms,G,p,silva15,2.02646815550041,0.699300699300699,1.60109010390053,5.26236429433052,A,3.768712080377664,0.0068983676286973,0.0070097128362509,0.5206145218782359,0.0235775888867967,0.0220283130607182,94.0,0.0045000000000000005,0.0721110255092798,0.02280295097375745,0.0245,0.012
KIC6225718,659,1.1593,0.0304,0.0304,1.2336,0.012,0.015,6313,76,76,2.137,0.094,0.09,-0.07,0.1,0.1,4.3186,0.0066,0.0055,0.618341737092536,0.0117995880974363,0.0126837582558057,3.6559447,ms,F,,silva17,2.6222720607263,1.0943579766537,1.20386504039284,4.30510060832943,A,3.800235789327354,0.005197098804786,0.0052600452762221,0.3298045221640694,0.0186950481197683,0.0186866795015637,76.0,0.00605,0.1,0.018690863810666,0.0304,0.0135
KIC6232600,660,1.132,0.0590762219509677,0.0590762219509677,1.312,0.0246981780704569,0.0246981780704569,6435,70,70,2.61,0.199951274588325,0.199951274588325,-0.294,0.1,0.1,4.255,0.010295630140987,0.010295630140987,0.5006,0.0113514906950585,0.0108355129550935,3.5759737,ms,F,,serenelli17,5.21874752217029,1.88248308463849,1.08780108780109,7.6609683750316,A,3.808548551240405,0.0046987496571997,0.0047501432507313,0.4166405073382809,0.0320582818333866,0.0346146842806311,70.0,0.010295630140987,0.1,0.03333648305700885,0.0590762219509677,0.0246981780704569
KIC6278762,662,0.739,0.009,0.011,0.748,0.006,0.003,5046,74,74,0.341,0.02,0.016,-0.482,0.0721110255092798,0.0721110255092798,4.56,0.003,0.002,1.77402173141112,0.0127831830125701,0.0177544208507919,4.4864632,ms,K,p,silva15,1.3531799729364,0.601604278074866,1.46650812524772,5.27859237536657,A,3.702947246181556,0.0063227147942748,0.0064161262119486,-0.4672456210075022,0.0247528229131602,0.0208710180136234,74.0,0.0025,0.0721110255092798,0.0228119204633918,0.009999999999999998,0.0045000000000000005
KIC6287060,663,1.157,0.0798811617341661,0.0782368199762746,1.488,0.0470106370941726,0.0452769256906871,6020,53,53,3.112,0.271405410100712,0.271405410100712,-0.016,0.1,0.1,4.155,0.017464249196573,0.0183847763108502,0.3492,0.0204484546115348,0.0220271604161771,3.8480062,ms,F,,serenelli17,6.8331020618168,3.10106057744824,0.880398671096345,8.72125353794062,A,3.779596491257824,0.0038067898647389,0.0038404534137264,0.4930395883176513,0.036314451096329,0.0396303327479117,53.0,0.0179245127537116,0.1,0.037972391922120347,0.07905899085522035,0.04614378139242985
KIC6363365,667,1.12,0.13,0.11,1.41,0.06,0.05,6282,76,76,4.057,0.854109437523083,0.854109437523083,-0.58,0.15,0.1,4.188,0.016,0.016,0.3993,0.0138,0.0136,3.6762652,ms,F,,C14sdss,10.7142857142857,3.90070921985816,1.20980579433301,21.0527344718532,A,3.798097932062486,0.0052225915162678,0.005286160814339,0.6082050077043262,0.0829746042083475,0.1026629079179185,76.0,0.016,0.125,0.092818756063133,0.12,0.055
KIC6370489,668,1.211,0.0581377674149945,0.0615223536610881,2.002,0.034828149534536,0.0374833296279826,6302,80,80,5.209,0.448219506848109,0.448219506848109,-0.452,0.1,0.1,3.918,0.0086023252670426,0.0086023252670426,0.151,0.0023491753872369,0.0023412680324986,3.6631552,ms,F,,serenelli17,4.94055000314131,1.8059809980649,1.26943827356395,8.60471312820329,A,3.799478398837981,0.0054784010195105,0.0055483920652963,0.7167543574326971,0.0358486727772859,0.039076199652906,80.0,0.0086023252670426,0.1,0.03746243621509595,0.059830060538041296,0.0361557395812593
KIC6421967,669,1.24,0.1,0.11,1.27,0.04,0.05,6464,73,73,2.237,0.18956809924424,0.18956809924424,-0.12,0.15,0.15,4.321,0.015,0.017,0.6012,0.0252,0.0238,3.5569642,ms,F,,C14sdss,8.46774193548387,3.54330708661417,1.12933168316832,8.47421096308626,A,3.8105013477665297,0.0048771371993883,0.0049325302179741,0.3496659840966297,0.0353264997726812,0.0384565184103694,73.0,0.016,0.15,0.036891509091525304,0.10500000000000001,0.045
KIC6442183,671,1.08,0.05,0.05,1.71,0.03,0.03,5760,84,84,2.577,0.220611380297771,0.220611380297771,-0.11,0.09,0.09,4.006,0.009,0.008,0.2168,0.004,0.004,4.0184362,ms,G,,C14bruntt,4.62962962962963,1.75438596491228,1.45833333333333,8.560783092657,A,3.760422483423212,0.0062877238390472,0.0063800966377756,0.4111144185509047,0.0356729674040124,0.0388675019290043,84.0,0.0085,0.09,0.03727023466650835,0.05,0.03
KIC6448798,672,1.4,0.22,0.12,2.4,0.14,0.1,6349,67,67,9.553,0.859532225356941,0.859532225356941,-0.16,0.15,0.15,3.829,0.017,0.017,0.1023,0.006,0.0058,3.6323467,ms,F,,C14sdss,12.1428571428571,5.0,1.05528429673964,8.99751099504806,A,3.802705327074352,0.0045590282017551,0.0046073950118659,0.9801397777457546,0.0374165807529349,0.0409467291477717,67.0,0.017,0.15,0.0391816549503533,0.16999999999999998,0.12000000000000001
KIC6450651,674,1.1,0.18,0.12,1.72,0.11,0.09,5995,69,69,3.177,0.273070117588635,0.273070117588635,-0.12,0.15,0.15,4.01,0.02,0.021,0.2171,0.0166,0.016,3.8643937,ms,G,,C14sdss,13.6363636363636,5.81395348837209,1.15095913261051,8.59521931346033,A,3.777789187434868,0.0049700051891297,0.0050275402908352,0.5020172148271475,0.0358107067308756,0.03903108904202,69.0,0.0205,0.15,0.0374208978864478,0.15,0.1
KIC6508366,677,1.544,0.0532634959423431,0.0623698645180507,2.173,0.0280178514522438,0.0325269119345812,6499,46,46,6.936,0.569259634721573,0.569259634721573,-0.03,0.099,0.099,3.952,0.0064031242374328,0.0064031242374328,0.1504,0.00159920761629,0.0014223481606132,3.5340217,ms,F,,serenelli17,3.74460364185213,1.39311466605672,0.707801200184644,8.20731883969973,A,3.812846536967071,0.0030631139197034,0.0030848718599463,0.8411090844681539,0.0342566362252605,0.0371919447073408,46.0,0.0064031242374328,0.099,0.03572429046630065,0.0578166802301969,0.030272381693412502
KIC6520835,678,1.328,0.0587962583843564,0.0574891294072192,2.144,0.034828149534536,0.0340587727318528,6146,50,50,7.205,0.572534041791144,0.572534041791144,0.032,0.1,0.1,3.898,0.0106301458127346,0.0106301458127346,0.1347,0.0033238354351562,0.0032992758296329,3.7654132,ms,F,,serenelli17,4.37821490179125,1.60650471703332,0.813537260006508,7.94634339751761,A,3.78859255592036,0.0035188531668088,0.0035475975888155,0.8576339851500081,0.0332079355152964,0.0359589555495408,50.0,0.0106301458127346,0.1,0.0345834455324186,0.0581426938957878,0.0344434611331944
KIC6521045,679,1.108,0.021,0.019,1.513,0.009,0.012,5825,75,75,2.478,0.112,0.112,0.102,0.0721110255092798,0.0721110255092798,4.125,0.004,0.004,0.32242028265038,0.0028407073361267,0.00426106100419,3.9758287,ms,G,p,silva15,1.80505415162455,0.69398545935228,1.28755364806867,4.51977401129944,A,3.765295929698056,0.0055560819440878,0.0056280850084258,0.3941013020400447,0.0191984620412071,0.0200865617481331,75.0,0.004,0.0721110255092798,0.0196425118946701,0.02,0.010499999999999999
KIC6529109,681,1.19,0.0524309069156733,0.0566038867923396,1.828,0.0310644491340181,0.0327566787083184,5806,90,90,3.483,0.301768721633351,0.301768721633351,0.072,0.099,0.099,3.989,0.01,0.01,0.1947,0.0048855236157447,0.0048762748076785,3.9882832,ms,G,,serenelli17,4.58129385327786,1.74565448146435,1.55012056493283,8.66404598430524,A,3.763877031495655,0.0066804433553402,0.0067848113767223,0.5419534744582363,0.0360858714684041,0.0393582306048226,90.0,0.01,0.099,0.03772205103661335,0.05451739685400645,0.03191056392116825
KIC6530901,682,1.3,0.0502493781056045,0.0530377224247045,1.559,0.02343074902772,0.0242074368738204,6374,53,53,3.626,0.303046763941749,0.303046763941749,0.018,0.1,0.1,4.165,0.01,0.01,0.3424,0.0074552137460974,0.0073334156434774,3.6159592,ms,F,,serenelli17,3.97258078962727,1.52784432012637,0.831502980859743,8.35760518317012,A,3.804412059137714,0.0035962407726861,0.0036262688099513,0.5594277997594899,0.0348593981032175,0.0379035702667431,53.0,0.01,0.1,0.0363814841849803,0.051643550265154506,0.0238190929507702
KIC6592305,685,1.362,0.0565862174031804,0.0537587202228624,2.248,0.0410487515035476,0.0394081209904761,6132,55,55,6.92,0.596243013590098,0.596243013590098,0.06,0.1,0.1,3.868,0.010295630140987,0.010295630140987,0.1199,0.0036611528239067,0.0036575543741686,3.7745902,ms,F,,serenelli17,4.05084205675635,1.78952118536529,0.896934116112198,8.61622852008812,A,3.7876021461823375,0.0038779698376631,0.0039129098350212,0.8401060944567578,0.0358947187166808,0.0391309222366008,55.0,0.010295630140987,0.1,0.0375128204766408,0.0551724688130214,0.04022843624701185
KIC6593461,686,0.94,0.2,0.11,1.29,0.08,0.06,5817,101,101,2.059,0.178590730236283,0.178590730236283,0.24,0.15,0.15,4.193,0.026,0.023,0.4394,0.0208,0.0201,3.9810727,ms,G,,C14sdss,16.4893617021277,5.42635658914729,1.73629018394361,8.67366344032456,A,3.764699063798368,0.0074758970262465,0.0076068436794352,0.3136563466180314,0.036124307578667,0.0394039631757858,101.0,0.0245,0.15,0.0377641353772264,0.155,0.07
KIC6593620,687,0.985,0.0560802995712398,0.0543783044972901,1.581,0.0434626276242015,0.0416293165929973,5791,60,60,2.585,0.222583044657376,0.222583044657376,-0.26,0.1,0.1,4.033,0.0152315462117278,0.0152315462117278,0.249,0.0129682353849705,0.0120459922380848,3.9981157,ms,G,,serenelli17,5.60703573951928,2.69107982976593,1.03609048523571,8.61056265599132,A,3.762753564933374,0.0044765331773444,0.0045231564756242,0.4124605474299613,0.0358720635598312,0.0391039964794937,60.0,0.0152315462117278,0.1,0.037488030019662444,0.055229302034264946,0.042545972108599395
KIC6603624,688,1.007,0.0393954312071844,0.0393954312071844,1.15,0.0156524758424985,0.0156524758424985,5612,66,66,1.237,0.107553688677933,0.107553688677933,0.2,0.1,0.1,4.319,0.0063245553203367,0.0063245553203367,0.6613,0.0062786076481971,0.006135080626202,4.1154502,ms,G,,serenelli17,3.91215801461613,1.36108485586944,1.17605131860299,8.69472018414976,A,3.7491176623563214,0.0050777258335159,0.0051377971144792,0.0923696996291206,0.0362084488647756,0.0395041082423646,66.0,0.0063245553203367,0.1,0.0378562785535701,0.0393954312071844,0.0156524758424985
KIC6605673,689,1.135,0.0895377015563835,0.0605392434706612,1.65,0.039,0.032649655434629,6222,60,60,3.612,0.307113151273186,0.307113151273186,-0.258,0.1,0.1,4.058,0.0143178210632764,0.0116619037896906,0.2528,0.0069700136298288,0.0068329976584219,3.7155952,ms,F,,serenelli17,6.61131916418699,2.17120167983724,0.964320154291225,8.50257893890327,A,3.7939300067726847,0.0041679252898014,0.0042083127917629,0.5577477416414682,0.0354400608170293,0.0385911467501538,60.0,0.0129898624264835,0.1,0.03701560378359155,0.07503847251352236,0.0358248277173145
KIC6612225,690,1.186,0.065,0.0681175454637056,1.783,0.0490407993409569,0.0498196748283246,6374,54,54,5.549,0.478999685729615,0.478999685729615,-0.337,0.1,0.1,4.009,0.0111803398874989,0.0111803398874989,0.209,0.0094834015521858,0.0092955766362286,3.6159592,ms,F,,serenelli17,5.61203817300614,2.77230718365904,0.847191716347662,8.63218031590583,A,3.804412059137714,0.0036638089535929,0.0036949808553288,0.7442147248141658,0.0359584961864414,0.039206738560536,54.0,0.0111803398874989,0.1,0.0375826173734887,0.0665587727318528,0.04943023708464075
KIC6671492,691,1.413,0.0651152823843988,0.0666033032213869,2.445,0.0496487663492256,0.0470106370941726,6103,103,103,8.403,0.739168990260694,0.739168990260694,0.067,0.1,0.1,3.81,0.0125299640861417,0.0125299640861417,0.09654,0.0035700523805681,0.0035228626144089,3.7935997,ms,F,,serenelli17,4.66095490466333,1.97667491704291,1.68769457643782,8.79648923313928,A,3.785543369956593,0.007268401291554,0.0073921195729496,0.9244343635432308,0.0366148812879417,0.0399884437184191,103.0,0.0125299640861417,0.1,0.0383016625031804,0.06585929280289285,0.0483297017216991
KIC6679371,692,1.5279,0.0399,0.019,2.2143,0.024,0.024,6479,77,77,7.741,0.257,0.266,0.01,0.1,0.1,3.9336,0.0077,0.0066,0.141852851359989,0.0032987713940771,0.0034173709253604,3.5471317,ms,F,,silva17,1.92748216506316,1.08386397507113,1.18845500848896,3.37811652241313,A,3.811507979945327,0.0051309649531345,0.0051923101372133,0.8887970674566807,0.014184332340822,0.0151858704602134,77.0,0.00715,0.1,0.0146851014005177,0.029449999999999997,0.024
KIC6689943,694,1.178,0.0640312423743285,0.0746257328272225,1.479,0.0382753184180093,0.0391152144312159,6011,54,54,3.222,0.274607079184668,0.274607079184668,-0.002,0.1,0.1,4.168,0.0120830459735946,0.013,0.3628,0.0142389588453651,0.0132735168286329,3.8539057,ms,F,,serenelli17,5.88527059429334,2.6163128076141,0.898353019464315,8.52287644893444,A,3.778946727968617,0.0038840772339749,0.0039191278697723,0.5081255360831992,0.0355212964178289,0.0386875000069169,54.0,0.0125415229867973,0.1,0.037104398212372894,0.0693284876007755,0.0386952664246126
KIC6766513,696,1.271,0.0523450093132096,0.0537401153701776,2.054,0.0339705755029261,0.0339705755029261,6594,77,77,6.876,0.643260766853105,0.643260766853105,-0.397,0.102,0.102,3.916,0.0080622577482985,0.0080622577482985,0.1465,0.0031939463051216,0.0031781669245022,3.4717492,ms,F,,serenelli17,4.17329365394914,1.6538741724891,1.16772823779193,9.35515949466411,A,3.8191489428071344,0.0050419978454487,0.0051012218115347,0.8373358680150148,0.0388392783402854,0.0426569108606089,77.0,0.0080622577482985,0.102,0.04074809460044715,0.053042562341693605,0.0339705755029261
KIC6837853,699,1.146,0.0757429864739964,0.0779871784333809,1.376,0.051,0.0492442890089805,5886,57,57,2.122,0.177657336346075,0.177657336346075,0.154,0.1,0.1,4.218,0.0206155281280883,0.0215870331449229,0.4385,0.0303283448278999,0.0303480691313302,3.9358432,ms,G,,serenelli17,6.70724977780879,3.64259771108214,0.968399592252803,8.37216476654454,A,3.769820257763592,0.0041854724946173,0.0042262024441468,0.3267453795653218,0.0349177486171252,0.0379725738002671,57.0,0.021101280636505598,0.1,0.03644516120869615,0.07686508245368864,0.05012214450449025
KIC6853020,701,1.515,0.0980815986819138,0.134525090596513,2.092,0.0708307842678591,0.0708307842678591,6437,56,56,7.406,0.598470001515005,0.598470001515005,0.125,0.1,0.1,3.973,0.0186815416922694,0.0196468827043885,0.164,0.0101566972978424,0.0099350201308301,3.5746627,ms,F,,serenelli17,7.67678842503059,3.38579274702959,0.869970483144322,8.08088038772624,A,3.808683509128969,0.0037618937437868,0.0037947645065776,0.8695837077134237,0.0337488736340167,0.0365941439081357,56.0,0.01916421219832895,0.1,0.0351715087710762,0.1163033446392134,0.0708307842678591
KIC6933899,703,1.126,0.0360555127546399,0.0377359245282264,1.591,0.0220227155455452,0.0226715680975093,5841,56,56,3.008,0.275374420546736,0.275374420546736,-0.045,0.1,0.1,4.085,0.0070710678118654,0.0070710678118654,0.2794,0.0048997802246631,0.0049163647230448,3.9653407,ms,G,,serenelli17,3.27670680652159,1.4045972232261,0.958739941790789,9.15473472562286,A,3.766487206239694,0.0041439215381124,0.0041838429519254,0.4782778319196046,0.0380425785299415,0.0416977025749366,56.0,0.0070710678118654,0.1,0.03987014055243905,0.03689571864143315,0.02234714182152725
KIC7019341,705,0.98,0.2,0.12,1.39,0.1,0.08,5723,77,77,2.351,0.220003794667945,0.220003794667945,0.38,0.1,0.1,4.145,0.02,0.02,0.365,0.0257,0.0244,4.0426897,ms,G,,C14sdss,16.3265306122449,6.47482014388489,1.34544819150795,9.35788152564631,A,3.757623745908389,0.0058042476545483,0.0058828720974886,0.3712526291249393,0.0388500885144724,0.0426699527588445,77.0,0.02,0.1,0.04076002063665845,0.16,0.09
KIC7038145,706,1.471,0.0771038261048049,0.0667083203206317,2.459,0.0758946638440411,0.0627694193059009,6074,58,58,8.695,0.807294838872495,0.807294838872495,0.257,0.1,0.1,3.823,0.0167630546142402,0.0158113883008419,0.09879,0.0050209871539369,0.0049123395648102,3.8126092,ms,F,,serenelli17,4.88824427006922,2.81952182086096,0.954889693776753,9.28458699105802,A,3.783474787582247,0.0041273586000909,0.0041669599986606,0.9392695863387313,0.0385589153189475,0.0423189178346475,58.0,0.01628722145754105,0.1,0.040438916576797504,0.0719060732127183,0.069332041574971
KIC7103006,708,1.512,0.0424381903478459,0.0441021541423999,1.967,0.0178044938147649,0.0194164878389476,6421,51,51,5.368,0.425013971914842,0.425013971914842,0.071,0.099,0.099,4.03,0.0053851648071345,0.0063245553203367,0.1986,0.0017227930810169,0.0017864335979823,3.5851507,ms,F,,serenelli17,2.86178387864569,0.946135781741547,0.794268805482012,7.91754791197545,A,3.8076026699164944,0.0034358386877215,0.003463237581144,0.7298125071609357,0.0330920687950867,0.0358231242814037,51.0,0.0058548600637356,0.099,0.0344575965382452,0.043270172245122904,0.01861049082685625
KIC7106245,709,1.056,0.0458802789878178,0.0449221548904324,1.158,0.0183575597506858,0.0183575597506858,6074,54,54,1.575,0.133722995601902,0.133722995601902,-0.188,0.1,0.1,4.333,0.0080622577482985,0.0072111025509279,0.6796,0.0061766166304863,0.0062097072394759,3.8126092,ms,F,,serenelli17,4.29935766468988,1.58528149833211,0.889035232136977,8.4903489271049,A,3.783474787582247,0.0038439690423008,0.0038782963244221,0.1972805581256193,0.0353911059806159,0.0385331006147381,54.0,0.0076366801496132,0.1,0.036962103297677004,0.045401216939125105,0.0183575597506858
KIC7133688,711,1.418,0.0813203541556479,0.0966074531286277,1.932,0.0639531078212779,0.0621771662268393,6400,63,63,6.589,0.59660481336717,0.59660481336717,0.028,0.1,0.1,4.015,0.0196468827043885,0.0215870331449229,0.1949,0.0136514664413754,0.0122982655687703,3.5989162,ms,F,,serenelli17,6.27390011580661,3.26424104679392,0.984375,9.05455779886432,A,3.806179973983887,0.0042541819387857,0.0042962668586472,0.8188195075475364,0.0376438210887859,0.04121906104795,63.0,0.020616957924655697,0.1,0.03943144106836795,0.0889639036421378,0.06306513702405861
KIC7174470,712,1.412,0.22155134844997,0.122674365700418,2.266,0.0962548700066651,0.080156097709407,6119,84,84,6.988,0.592399743671777,0.592399743671777,0.192,0.1,0.1,3.882,0.0228254244210267,0.021095023109729,0.1228,0.0060694647210441,0.0059424002726171,3.7831117,ms,F,,serenelli17,12.1892958268551,3.89256327705366,1.37277332897532,8.47738614298479,A,3.7866804531966487,0.0059213279683176,0.0060031787632808,0.8443528963108934,0.0353392119456033,0.0384715850603627,84.0,0.021960223765377852,0.1,0.036905398502982995,0.172112857075194,0.08820548385803606
KIC7206837,715,1.355,0.0510881590977792,0.0495782210249622,1.573,0.0178044938147649,0.0178044938147649,6392,59,59,3.725,0.309186928457774,0.309186928457774,0.128,0.1,0.1,4.176,0.0067082039324993,0.0067082039324993,0.3482,0.0027197624896303,0.0025757416407706,3.6041602,ms,F,,serenelli17,3.71462657279488,1.13188136139637,0.923028785982478,8.30032022705433,A,3.805636766305935,0.0039902755881149,0.0040272782786159,0.5711262770843116,0.03462974076786,0.0376321809394171,59.0,0.0067082039324993,0.1,0.03613096085363855,0.0503331900613707,0.0178044938147649
KIC7282890,720,1.596,0.0944139820153774,0.215615398336946,2.393,0.0750732975164938,0.10770329614269,6341,47,47,8.587,0.730976121479442,0.730976121479442,-0.014,0.099,0.099,3.877,0.0130384048104053,0.0156524758424985,0.1156,0.0026511606892076,0.0026906930334023,3.6375907,ms,F,,serenelli17,9.71269988572442,3.81898440574977,0.741208011354676,8.51259021170889,A,3.8021577531869615,0.003207154279484,0.00323101460976,0.9338414628987212,0.0354801302790526,0.0386386680722269,47.0,0.014345440326451901,0.099,0.037059399175639746,0.1550146901761617,0.0913882968295919
KIC7296438,721,1.159,0.0403608721412211,0.0550726792520575,1.393,0.02,0.0233452350598575,5749,56,56,2.202,0.188867863577406,0.188867863577406,0.268,0.0721110255092798,0.0721110255092798,4.213,0.0058309518948453,0.0076157731058639,0.4279,0.0056071183329764,0.0057844360139948,4.0256467,ms,G,p,serenelli17,4.11706433965827,1.55582322540766,0.974082449121586,8.57710552122642,A,3.759592308645975,0.0042099154286177,0.0042511248344276,0.3428173146357329,0.035738259930504,0.0389450329235231,56.0,0.0067233625003546,0.0721110255092798,0.037341646427013556,0.047716775696639305,0.021672617529928752
KIC7376493,722,0.997,0.0591692487699481,0.0549181208709839,1.494,0.0368917334913934,0.0360555127546399,5803,73,73,2.293,0.202475320082968,0.202475320082968,-0.123,0.101,0.101,4.087,0.010770329614269,0.010770329614269,0.299,0.0092073425047621,0.009184336230779,3.9902497,ms,G,,serenelli17,5.72153308129047,2.44134023581102,1.25797001550922,8.83014915320401,A,3.7636525705645294,0.0054292165536886,0.0054979485971404,0.3604040547299388,0.0367492243791219,0.0401487557023848,73.0,0.010770329614269,0.101,0.03844899004075335,0.057043684820466,0.03647362312301665
KIC7383120,723,1.105,0.0813019064967114,0.0754519714785505,1.393,0.0541294744108974,0.0523259018078045,6048,58,58,2.549,0.220573734765004,0.220573734765004,-0.112,0.1,0.1,4.194,0.0182482875908947,0.0182482875908947,0.4091,0.0271589981589896,0.0269457674041769,3.8296522,ms,F,,serenelli17,7.09293565498923,3.82108313778543,0.958994708994709,8.65334385111826,A,3.78161178249315,0.0041450174694928,0.0041849601038386,0.4063698354692675,0.0360430964526082,0.0393073458776028,58.0,0.0182482875908947,0.1,0.0376752211651055,0.07837693898763096,0.053227688109350954
KIC7429287,725,0.937,0.053,0.05131276644267,1.498,0.0368917334913934,0.0360555127546399,5802,60,60,2.599,0.234262776568488,0.234262776568488,-0.381,0.1,0.1,4.058,0.0111803398874989,0.0111803398874989,0.2784,0.0097011019992576,0.0096527577406666,3.9909052,ms,G,,serenelli17,5.56631624560672,2.43482130327214,1.03412616339193,9.01357355015344,A,3.7635777244666455,0.0044680896357713,0.0045145363061585,0.4148062795010126,0.0374805763894385,0.0410233918285531,60.0,0.0111803398874989,0.1,0.0392519841089958,0.052156383221335,0.03647362312301665
KIC7465072,728,1.15,0.22,0.11,1.66,0.1,0.08,6192,55,55,4.49,0.388140707520046,0.388140707520046,0.06,0.15,0.15,4.061,0.034,0.033,0.2532,0.026,0.0245,3.7352602,ms,F,,C14sdss,14.3478260869565,5.42168674698795,0.888242894056848,8.64455918752888,A,3.791830947674836,0.0038405582711855,0.0038748243909041,0.6522463410033232,0.036007982161389,0.0392655824716142,55.0,0.0335,0.15,0.037636782316501596,0.165,0.09
KIC7510397,729,1.3683,0.0209,0.0209,1.8574,0.018,0.018,6171,77,77,4.924,0.178,0.14,-0.21,0.1,0.1,4.0359,0.0044,0.0066,0.213393935089837,0.0044208507918471,0.0046516582629074,3.7490257,ms,F,,silva17,1.52744281224878,0.969096586626467,1.24777183600713,3.22908204711617,A,3.7903555464143865,0.0053854744548571,0.0054530965277317,0.6923180442592788,0.0154224100144925,0.0125268732789243,77.0,0.0055,0.1,0.0139746416467084,0.0209,0.018
KIC7529180,730,1.352,0.0672681202353686,0.0679411510058521,1.455,0.0325576411921994,0.0325576411921994,6682,58,58,3.766,0.297722752359854,0.297722752359854,-0.024,0.1,0.1,4.243,0.0098488578017961,0.0098488578017961,0.4384,0.0133242373140079,0.013271446793775,3.4140652,ms,F,,serenelli17,5.00034287134692,2.23763856991061,0.868003591739,7.90554307912519,A,3.824906471302112,0.0037534252332074,0.0037861475252887,0.575880315680646,0.0330437548482844,0.0357665087947123,58.0,0.0098488578017961,0.1,0.03440513182149835,0.06760463562061035,0.0325576411921994
KIC7530690,731,1.35,0.07,0.09,1.34,0.04,0.04,6836,62,62,3.41,0.283974195472475,0.283974195472475,-0.04,0.15,0.15,4.311,0.013,0.014,0.5547,0.0304,0.0261,3.3131182,ms,F,,C14sdss,5.92592592592593,2.98507462686567,0.906963136337039,8.32768901678813,A,3.834802054048699,0.0039211359826727,0.0039568617400878,0.5327543789924978,0.0347394783263823,0.0377618203068799,62.0,0.0135,0.15,0.0362506493166311,0.08,0.04
KIC7591963,734,1.2,0.0520096144957834,0.056859475903318,1.833,0.0478852795752515,0.0478852795752515,5966,61,61,4.338,0.384319148615083,0.384319148615083,0.011,0.1,0.1,3.99,0.0152315462117278,0.0152315462117278,0.1945,0.0100104400003197,0.0099547733776314,3.8834032,ms,G,,serenelli17,4.53621209996256,2.6123993221632,1.02246061012404,8.85936257757222,A,3.775683249026044,0.0044179424418677,0.00446334707651,0.6372895476781745,0.036865786991403,0.0402879383597256,61.0,0.0152315462117278,0.1,0.0385768626755643,0.0544345451995507,0.0478852795752515
KIC7611858,735,1.128,0.103469802357983,0.0678011799307357,1.54,0.0626258732474047,0.0588727441181401,5926,58,58,2.849,0.251522846436934,0.251522846436934,0.021,0.099,0.099,4.119,0.0269258240356725,0.0288617393793236,0.311,0.0287839058503185,0.0280820963604927,3.9096232,ms,G,,serenelli17,7.59179886031553,3.94476030407613,0.978737765777928,8.82846073839713,A,3.772761647144032,0.0042299377123726,0.0042715419727872,0.4546924492394769,0.0367424865869971,0.0401407128851903,58.0,0.027893781707498053,0.099,0.0384415997360937,0.08563549114435935,0.0607493086827724
KIC7622208,736,1.39,0.11,0.19,1.92,0.07,0.1,6606,99,99,6.48,0.616787232798933,0.616787232798933,0.0,0.15,0.15,4.008,0.013,0.014,0.1942,0.0086,0.0084,3.4638832,ms,F,,C14sdss,10.7913669064748,4.42708333333333,1.49863760217984,9.51832149381069,A,3.8199385693553953,0.0064602128322222,0.0065577626215396,0.8115750058705934,0.0394867790671132,0.0434393515041929,99.0,0.0135,0.15,0.04146306528565305,0.15,0.085
KIC7668623,738,1.389,0.0771038261048049,0.0708378429936993,2.291,0.0552177507691141,0.046690470119715,6277,48,48,8.698,0.736795260527855,0.736795260527855,-0.004,0.1,0.1,3.859,0.0125299640861417,0.010816653826392,0.1151,0.0030926805525304,0.0030439612349699,3.6795427,ms,F,,serenelli17,5.32547404962218,2.22409910276799,0.764696511072168,8.47085836431197,A,3.797752128650711,0.0033084011971449,0.0033337977765697,0.9394194033293172,0.0353130768804039,0.0384406104515668,48.0,0.01167330895626685,0.1,0.03687684366598535,0.0739708345492521,0.05095411044441455
KIC7670943,739,1.239,0.04,0.051,1.417,0.015,0.021,6463,110,110,3.039,0.167,0.173,-0.071,0.0721110255092798,0.0721110255092798,4.228,0.008,0.008,0.437468929763511,0.006391591506285,0.0071017683403167,3.5576197,ms,F,p,silva15,3.67231638418079,1.27028934368384,1.70199597710042,5.59394537676867,A,3.810434155922673,0.0073294763576949,0.0074553005874111,0.4827307000799429,0.0232328179381831,0.0254545140186172,110.0,0.008,0.0721110255092798,0.02434366597840015,0.0455,0.018000000000000002
KIC7680114,740,1.096,0.0509901951359278,0.0439089968002003,1.409,0.0228035085019828,0.0212602916254693,5800,56,56,2.222,0.200872572946127,0.200872572946127,0.058,0.1,0.1,4.179,0.0080622577482985,0.0072111025509279,0.3914,0.0055260772705419,0.0055185564235586,3.9922162,ms,G,,serenelli17,4.32934269781606,1.56365507904372,0.96551724137931,9.04016979955566,A,3.763427993562937,0.0041730744873982,0.0042135623286934,0.3467440546048488,0.0375865191192862,0.0411503590401862,56.0,0.0076366801496132,0.1,0.039368439079736195,0.04744959596806405,0.02203190006372605
KIC7700968,741,0.866,0.0876641317757725,0.0765571681816928,1.148,0.0557853027239254,0.0509607692249636,5982,75,75,1.73,0.201858942294638,0.201858942294638,-0.517,0.204,0.204,4.255,0.0296141857899217,0.0305941170815567,0.5761,0.0596389897969441,0.050883800015329,3.8729152,ms,G,,serenelli17,9.48159930470354,4.64921916153698,1.25376128385155,11.6681469534473,A,3.7768464086952993,0.0054111649680024,0.0054794378375184,0.2380461031287954,0.0479293094167594,0.053882658734936,75.0,0.030104151435739197,0.204,0.050905984075847704,0.08211064997873264,0.0533730359744445
KIC7739672,742,1.228,0.120154067763018,0.0732461603089199,1.733,0.0554616984954482,0.0501198563445667,6069,55,55,4.124,0.348405035166823,0.348405035166823,0.085,0.099,0.099,4.054,0.0228473193175917,0.0228473193175917,0.239,0.0143338654939971,0.0128544155837595,3.8158867,ms,F,,serenelli17,7.87460212019293,3.04620758338185,0.906244850881529,8.44823072664459,A,3.7831171374904673,0.003918044535756,0.0039537137259686,0.6153186566114789,0.0352224711319263,0.0383332583723282,55.0,0.0228473193175917,0.099,0.03677786475212725,0.09670011403596895,0.05279077742000745
KIC7747078,743,1.1,0.06,0.06,1.93,0.04,0.04,5840,84,84,4.465,0.382422650898996,0.382422650898996,-0.26,0.09,0.09,3.907,0.01,0.01,0.1523,0.0031,0.0031,3.9659962,ms,G,,C14bruntt,5.45454545454545,2.07253886010363,1.43835616438356,8.56489699661804,A,3.7664128471124,0.0062022027367714,0.0062920618478319,0.6498214632245652,0.0356894246539226,0.0388870415318369,84.0,0.01,0.09,0.03728823309287975,0.06,0.04
KIC7771282,744,1.321,0.054817880294663,0.0524976189936268,1.656,0.0240416305603426,0.0240416305603426,6407,74,74,4.198,0.356885410974872,0.356885410974872,-0.033,0.1,0.1,4.12,0.0072111025509279,0.0072111025509279,0.2907,0.0033447955094444,0.0030726869349154,3.5943277,ms,F,,serenelli17,4.06190383377327,1.45178928504484,1.1549867332605,8.50131993746718,A,3.8066547239918607,0.0049872974612905,0.0050452359645416,0.6230424342463817,0.0354350214847477,0.0385851709138047,74.0,0.0072111025509279,0.1,0.0370100961992762,0.0536577496441449,0.0240416305603426
KIC7800289,747,1.486,0.0765767588763066,0.0759275970909129,2.858,0.0512249938994628,0.0518555686498567,6422,53,53,12.69,1.03555484700381,1.03555484700381,-0.362,0.101,0.101,3.697,0.0092195444572928,0.0084852813742385,0.06365,0.000962192673013,0.0009481929445002,3.5844952,ms,F,,serenelli17,5.13137133133309,1.8033688339629,0.825288072251635,8.16040068560921,A,3.807670301230484,0.0035694715228058,0.0035990523448221,1.1034616220947049,0.0340682874661513,0.036970019718844,53.0,0.008852412915765651,0.101,0.035519153592497646,0.07625217798360975,0.05154028127465975
KIC7833440,748,1.09,0.0579827560572969,0.0571401785086466,1.654,0.0348855270850248,0.0348855270850248,6327,59,59,3.976,0.3465628096346,0.3465628096346,-0.467,0.103,0.103,4.038,0.0120830459735946,0.0120830459735946,0.2408,0.0079172056307765,0.0078538044920917,3.6467677,ms,F,,serenelli17,5.2808685580708,2.1091612506061,0.932511458827248,8.71636845157444,A,3.801197834459149,0.0040310797442768,0.0040688466625966,0.5994463757252757,0.0362949368463717,0.0396070906530608,59.0,0.0120830459735946,0.103,0.03795101374971625,0.05756146728297175,0.0348855270850248
KIC7870112,749,1.151,0.10255242561734,0.085146931829632,1.605,0.0760065786626395,0.0734982993000518,5656,79,79,2.854,0.249733138261562,0.249733138261562,0.351,0.099,0.099,4.088,0.0294278779391243,0.0294278779391243,0.2791,0.0282133745588861,0.0283405152387884,4.0866082,ms,G,,serenelli17,8.15375140951224,4.6574728337287,1.3967468175389,8.75028515282277,A,3.752509400788843,0.0060240214484434,0.0061087562972819,0.4554539687786281,0.0364304043865377,0.0397684840275526,79.0,0.0294278779391243,0.099,0.03809944420704515,0.093849678723486,0.07475243898134565
KIC7871531,750,0.789,0.0480832611206852,0.0440454310910905,0.857,0.0170293863659264,0.015556349186104,5378,57,57,0.7271,0.0719136479515017,0.0719136479515017,-0.474,0.139,0.139,4.469,0.0086023252670426,0.0078102496759066,1.254,0.0094272634947793,0.0093436182499072,4.2688372,ms,G,,serenelli17,5.83832016551177,1.90115143244052,1.05987355894385,9.89047558128204,A,3.730620797887283,0.0045787505350305,0.0046275389625605,-0.1384058553561347,0.0409600529171907,0.0452293024295984,57.0,0.0082062874714746,0.139,0.043094677673394546,0.046064346105887846,0.0162928677760152
KIC7880676,751,1.436,0.125207827231368,0.137277092043793,2.054,0.0773886296557834,0.0748865809073962,6269,56,56,6.669,0.584602537774424,0.584602537774424,0.048,0.099,0.099,3.96,0.0187882942280559,0.0196977156035922,0.1618,0.0088687169872535,0.0086853938310245,3.6847867,ms,F,,serenelli17,9.13944704997077,3.70679675178139,0.893284415377253,8.76596997712436,A,3.797198269838959,0.0038622600088964,0.0038969162258442,0.824060717418653,0.0364930372472545,0.0398431408981185,56.0,0.01924300491582405,0.099,0.0381680890726865,0.1312424596375805,0.0761376052815898
KIC7910848,752,1.274,0.0700071424927486,0.103831594420966,1.637,0.0564623768539724,0.0546260011349907,6074,56,56,3.745,0.314117072361303,0.314117072361303,0.11,0.1,0.1,4.111,0.0230867927612304,0.0240416305603426,0.2869,0.0270083029640887,0.012393241262882,3.8126092,ms,F,,serenelli17,6.82255639378786,3.39304758671237,0.921962462956865,8.3876387813432,A,3.783474787582247,0.0039856869361685,0.0040226041781847,0.5734518220354853,0.0349797553097073,0.0380459232005193,56.0,0.0235642116607865,0.1,0.0365128392551133,0.0869193684568573,0.05554418899448155
KIC7938112,754,1.37,0.13,0.17,1.84,0.07,0.09,6520,70,70,7.203,0.779587287365598,0.779587287365598,-0.22,0.15,0.15,4.043,0.018,0.02,0.219,0.013,0.0125,3.5202562,ms,F,,C14sdss,10.9489051094891,4.34782608695652,1.07361963190184,10.8230915919145,A,3.81424759573192,0.0046378188620894,0.0046878810966526,0.8575134147766897,0.0446302613497892,0.0497475878799102,70.0,0.019,0.15,0.047188924614849706,0.15000000000000002,0.08
KIC7940546,755,1.3987,0.0304,0.0114,1.9414,0.027,0.009,6235,77,77,6.189,0.023,0.257,-0.2,0.1,0.1,4.0073,0.0011,0.0033,0.19157304168738,0.0008571834386762,0.0029649882820822,3.7070737,ms,F,,silva17,1.49424465575177,0.927165962707325,1.23496391339214,2.26207788010987,A,3.7948364578145615,0.0053305323868024,0.0053967732473823,0.791620482692814,0.0016109643637068,0.0184193403364696,77.0,0.0022,0.1,0.010015152350088201,0.020900000000000002,0.018
KIC7970740,756,0.728,0.0304,0.0095,0.7628,0.006,0.006,5309,77,77,0.429,0.025,0.022,-0.54,0.1,0.1,4.5386,0.0055,0.0044,1.65760457353881,0.0223180171862794,0.0276649385697039,4.3140667,ms,G,,silva17,2.74038461538462,0.786575773466177,1.45036730080995,5.47785547785548,A,3.725012725341157,0.0062536237343349,0.0063449900249459,-0.3675427078152757,0.0245985606723797,0.0228628829595042,77.0,0.0049499999999999995,0.1,0.02373072181594195,0.01995,0.006
KIC7976303,757,1.133,0.0484664832642105,0.0447772263544762,1.979,0.0358468966578698,0.034132096331752,6304,46,46,5.37,0.457695667316105,0.457695667316105,-0.577,0.102,0.102,3.899,0.0076157731058639,0.0076157731058639,0.146,0.0028939012353568,0.0028814557709602,3.6618442,ms,F,,serenelli17,4.11490333710003,1.76803923672617,0.729695431472081,8.52319678428501,A,3.7996162044814983,0.0031575208104768,0.0031806456713243,0.7299742856995556,0.0355225783564794,0.0386890208256013,46.0,0.0076157731058639,0.102,0.03710579959104035,0.04662185480934335,0.0349894964948109
KIC8006161,758,0.9788,0.0304,0.0304,0.9247,0.012,0.009,5488,77,77,0.688,0.047,0.049,0.34,0.1,0.1,4.4935,0.0066,0.0066,1.23063205738229,0.0209665506711171,0.0197507279312549,4.1967322,ms,G,,silva17,3.10584389047814,1.13550340651022,1.4030612244898,6.97674418604651,A,3.7394141026986953,0.0060510659720316,0.0061365687661134,-0.1624115617644887,0.0286989008486836,0.0320875800771111,77.0,0.0066,0.1,0.030393240462897347,0.0304,0.010499999999999999
KIC8012842,759,1.107,0.0694046107978425,0.0670074622710038,1.305,0.0490407993409569,0.0462385120867876,5849,58,58,1.931,0.163391808131305,0.163391808131305,0.152,0.1,0.1,4.251,0.0237697286480094,0.0237697286480094,0.4971,0.0390999687467906,0.0383260741010608,3.9600967,ms,G,,serenelli17,6.16134024701203,3.65054833056492,0.991622499572577,8.46151259095313,A,3.767081621363322,0.0042853494944585,0.0043280564299483,0.2857822737793947,0.0352756567592528,0.0383962681740865,58.0,0.0237697286480094,0.1,0.03683596246666965,0.06820603653442316,0.04763965571387225
KIC8016496,760,1.5,0.10555093557141,0.133809566175218,2.081,0.109128364782031,0.100344406919369,6446,73,73,6.152,0.590682772861468,0.590682772861468,0.088,0.1,0.1,3.972,0.0281602556806574,0.0291547594742265,0.164,0.0178791710098651,0.0167524701462202,3.5687632,ms,F,,serenelli17,7.97868339155427,5.0329834623114,1.13248526217809,9.60147550164936,A,3.809290301176316,0.004890679863871,0.0049463826964499,0.7890163267933746,0.0398164008446182,0.0438386581026674,73.0,0.02865750757744195,0.1,0.041827529473642794,0.11968025087331399,0.1047363858507
KIC8019508,762,1.477,0.0578013840664737,0.0635137780328017,2.61,0.0403112887414927,0.041182520563948,6211,55,55,9.85,0.868727966273648,0.868727966273648,0.052,0.1,0.1,3.772,0.0094339811320566,0.0094339811320566,0.08283,0.0020430531074839,0.0020197735021531,3.7228057,ms,F,,serenelli17,4.10680982055773,1.56118408631113,0.885525680244727,8.8195732616614,A,3.793161529245551,0.0038288613001355,0.00386291808611,0.9934362304976118,0.0367070184779075,0.0400983795647212,55.0,0.0094339811320566,0.1,0.03840269902131435,0.0606575810496377,0.04074690465272035
KIC8026226,763,1.503,0.0580517010948,0.0551543289325507,2.836,0.0424264068711929,0.0403608721412211,6319,54,54,11.41,0.911453845344609,0.911453845344609,-0.272,0.103,0.103,3.709,0.0064031242374328,0.0064031242374328,0.06578,0.0010064535210331,0.0009895692497243,3.6520117,ms,F,,serenelli17,3.76600232958585,1.45957826185497,0.854565595822124,7.98820197497467,A,3.800648355363988,0.0036955631158774,0.0037272800338192,1.0572856444182146,0.033376310143879,0.0361564825603542,54.0,0.0064031242374328,0.103,0.0347663963521166,0.056603015013675345,0.041393639506207
KIC8027956,764,1.178,0.0534134814442946,0.0558032257132148,1.728,0.0493963561409139,0.0475394572960188,5967,70,70,3.431,0.298165152476544,0.298165152476544,0.042,0.1,0.1,4.033,0.0167630546142402,0.0167630546142402,0.2277,0.0132280249470584,0.0135603039788937,3.8827477,ms,G,,serenelli17,4.63568366542909,2.80485571287421,1.17311882017764,8.69032796492405,A,3.775756037844098,0.0050651380093751,0.0051249100662915,0.5354207180561734,0.036190899207248,0.0394832171099126,70.0,0.0167630546142402,0.1,0.0378370581585803,0.054608353578754695,0.04846790671846635
KIC8077137,766,1.117,0.04,0.049,1.632,0.018,0.009,6072,75,75,3.183,0.293,0.202,-0.032,0.0721110255092798,0.0721110255092798,4.056,0.013,0.01,0.256373837085434,0.00426106100419,0.0071017683403167,3.8139202,ms,F,p,silva15,3.98388540734109,0.827205882352941,1.23517786561265,7.77568331762488,A,3.783331762887424,0.0053314502334336,0.0053977140496446,0.502836638621003,0.0382431291556257,0.0284746625883722,75.0,0.0115,0.0721110255092798,0.03335889587199895,0.0445,0.013499999999999998
KIC8106950,767,1.054,0.0651920240520265,0.0626817357768593,1.676,0.0904433524367601,0.0828733974204026,6098,63,63,3.457,0.313045756900715,0.313045756900715,-0.385,0.101,0.101,4.011,0.0310644491340181,0.0330605505096331,0.2223,0.0263225719867949,0.0255450248776547,3.7968772,ms,F,,serenelli17,6.06611763894145,5.17054743010629,1.03312561495572,9.05541674575399,A,3.785187420029362,0.0044637887640477,0.0045101455959941,0.5386993795424068,0.0376472417108386,0.0412231628220137,63.0,0.0320624998218256,0.101,0.03943520226642615,0.0639368799144429,0.08665837492858136
KIC8114155,768,1.063,0.0596405902049938,0.058821764679411,1.538,0.0540832691319598,0.0512640224719052,5761,60,60,2.673,0.237112104909079,0.237112104909079,0.019,0.1,0.1,4.089,0.0215870331449229,0.022561028345357,0.2914,0.0234370906044244,0.0229752152547044,4.0177807,ms,G,,serenelli17,5.57207689954867,3.42481442145205,1.04148585315049,8.87063617317914,A,3.760497875226527,0.0044997240583537,0.0045468342223946,0.4269989587565372,0.0369107606780403,0.0403416615213648,60.0,0.02207403074513995,0.1,0.038626211099702545,0.059231177442202396,0.0526736458019325
KIC8150065,769,1.22,0.0444184646290256,0.0559464029227975,1.408,0.0174928556845359,0.0219317121994613,6265,58,58,2.811,0.236825362985485,0.236825362985485,-0.033,0.1,0.1,4.227,0.0072111025509279,0.0080622577482985,0.437,0.004788384383067,0.0049517076852334,3.6874087,ms,F,,serenelli17,4.11331424392718,1.40002016633513,0.925778132482043,8.4249506576124,A,3.796921075330169,0.0040021064830493,0.004039329944772,0.4488608456074407,0.0351292331806654,0.0382228386571834,58.0,0.0076366801496132,0.1,0.036676035918924405,0.05018243377591155,0.0197122839419986
KIC8174170,771,1.25,0.13,0.2,2.18,0.12,0.16,5983,64,64,2.899,0.668392808888767,0.668392808888767,-0.04,0.15,0.15,3.859,0.016,0.016,0.1216,0.0095,0.0085,3.8722597,ms,G,,C14sdss,13.2,6.42201834862385,1.06969747618252,23.0559782300368,A,3.7769190028420474,0.0046209657638951,0.0046706628701929,0.4622482153549974,0.0901027171794088,0.113825117394234,64.0,0.016,0.15,0.1019639172868214,0.165,0.14
KIC8174981,772,1.227,0.0558032257132148,0.055,1.984,0.0416773319683494,0.0425440947723653,6065,53,53,5.635,0.472254111606762,0.472254111606762,-0.099,0.1,0.1,3.932,0.0125299640861417,0.0125299640861417,0.1573,0.0062046705794909,0.0061556173532798,3.8185087,ms,F,,serenelli17,4.51520887176915,2.12251579487688,0.873866446826051,8.38072957598514,A,3.782830805202592,0.0037786674460678,0.0038118332877212,0.7508939203821253,0.034952070184012,0.0380131708887502,53.0,0.0125299640861417,0.1,0.0364826205363811,0.0554016128566074,0.04211071337035735
KIC8176564,773,1.174,0.0452216762183801,0.068154236845555,1.526,0.0240831891575846,0.0316227766016838,6109,51,51,2.746,0.232140294724242,0.232140294724242,-0.126,0.0721110255092798,0.0721110255092798,4.14,0.0078102496759066,0.010295630140987,0.3296,0.0043370899229783,0.0043867409314888,3.7896667,ms,F,p,serenelli17,4.82861639965652,1.82522823588691,0.834833851694222,8.45376164327174,A,3.7859701251320095,0.0036105870324161,0.0036408561351723,0.4387005329007363,0.0352446198134143,0.0383594961954795,51.0,0.0090529399084468,0.0721110255092798,0.0368020580044469,0.05668795653196755,0.027852982879634197
KIC8179536,774,1.289,0.0442040722106007,0.0426380112106557,1.366,0.0164012194668567,0.0156204993518133,6418,50,50,2.624,0.222979865212947,0.222979865212947,0.031,0.1,0.1,4.276,0.0067082039324993,0.0058309518948453,0.5057,0.0036871400841302,0.0041233099568186,3.5871172,ms,F,,serenelli17,3.36858353069264,1.17209805339202,0.779058896852602,8.49770827793244,A,3.807399712759485,0.003370298474878,0.0033966580298727,0.4189638307036227,0.0354205649793938,0.0385680286681504,50.0,0.0062695779136723,0.1,0.0369942968237721,0.0434210417106282,0.016010859409335
KIC8216936,777,1.378,0.0856329375882902,0.111503363177978,1.896,0.0896939239859646,0.0845990543682375,6437,50,50,9.234,0.780591872572674,0.780591872572674,-0.106,0.1,0.1,4.017,0.021095023109729,0.0240831891575846,0.1999,0.0280410501943133,0.0130431781403153,3.5746627,ms,F,,serenelli17,7.15298623970493,4.59633381735765,0.776759359950287,8.45345324423516,A,3.808683509128969,0.0033603888012576,0.0033865929709842,0.9653898702151223,0.0352433848521901,0.0383580331558548,50.0,0.0225891061336568,0.1,0.03680070900402245,0.0985681503831341,0.08714648917710105
KIC8228742,779,1.39,0.047169905660283,0.12459534501738,1.877,0.0259422435421457,0.0541294744108974,6130,51,51,4.252,0.384700415050111,0.384700415050111,-0.019,0.1,0.1,4.033,0.0078102496759066,0.0161554944214035,0.2097,0.0026206985118475,0.0028241816513815,3.7759012,ms,F,,serenelli17,6.17860613948429,2.13297064339486,0.831973898858075,9.0475168167947,A,3.787460474518415,0.0035982690734104,0.0036283311339739,0.6285932558512591,0.0376157804599522,0.041185439337806,51.0,0.011982872048655049,0.1,0.0394006098988791,0.0858826253388315,0.04003585897652155
KIC8241455,780,1.383,0.0608769250208977,0.0616198020120156,2.429,0.0490917508345343,0.0482597140480546,6262,66,66,9.402,0.792686091351386,0.792686091351386,-0.094,0.099,0.099,3.806,0.0120830459735946,0.0120830459735946,0.09617,0.0034408942514991,0.0033419000957539,3.6893752,ms,F,,serenelli17,4.42865969027163,2.00394122854238,1.05397636537847,8.43103692141444,A,3.796713063280897,0.0045534072087236,0.0046016541937281,0.9732202468522336,0.0351536109330608,0.0382517037098888,66.0,0.0120830459735946,0.099,0.0367026573214748,0.06124836351645665,0.048675732441294445
KIC8249189,781,1.271,0.0700927956355002,0.0888144132446981,1.64,0.080529497701153,0.0769220384545288,6432,65,65,6.48,0.770738566464307,0.770738566464307,-0.187,0.1,0.1,4.111,0.0270739727413618,0.0290688837074973,0.2862,0.015057875979035,0.0123541259909392,3.5779402,ms,F,,serenelli17,6.25126706845784,4.80035171206347,1.01057213930348,11.8941136800047,A,3.808346035740395,0.0043668310249738,0.0044111858765529,0.8115750058705934,0.0488072405629114,0.0549950755732547,65.0,0.02807142822442955,0.1,0.05190115806808305,0.07945360444009915,0.0787257680778409
KIC8289241,782,1.214,0.0573846669416143,0.0668505796534331,1.364,0.043081318457076,0.042154477816716,6306,52,52,2.682,0.220423644931912,0.220423644931912,-0.004,0.1,0.1,4.251,0.0192353840616713,0.0192353840616713,0.4752,0.0335134596244554,0.0331348755241362,3.6605332,ms,F,,serenelli17,5.11677292401348,3.12447933554956,0.824611481129083,8.21862956494824,A,3.799753966411886,0.0035665571668679,0.0035960895049713,0.4284587735155801,0.0343020299093584,0.0372454619177012,52.0,0.0192353840616713,0.1,0.0357737459135298,0.062117623297523704,0.042617898136896
KIC8292840,783,1.148,0.051,0.049,1.345,0.015,0.018,6239,94,94,2.636,0.148,0.142,-0.164,0.0721110255092798,0.0721110255092798,4.24,0.008,0.008,0.472977771465095,0.0071017683403167,0.0071017683403167,3.7044517,ms,F,p,silva15,4.35540069686411,1.22676579925651,1.50665170700433,5.50075872534143,A,3.795114985630363,0.0064945023969555,0.0065930984078903,0.4209454059219722,0.0237238250165522,0.0240489567794484,94.0,0.008,0.0721110255092798,0.0238863908980003,0.05,0.0165
KIC8298626,784,1.206,0.056302753041037,0.0631347764706584,1.378,0.0277308492477241,0.0295465734053883,6211,84,84,3.33,0.295233576406985,0.295233576406985,0.038,0.099,0.099,4.24,0.0117046999107196,0.0126491106406735,0.4597,0.0158928716410849,0.0153631692368469,3.7228057,ms,F,,serenelli17,4.95180470612336,2.07828093806649,1.3524392207374,8.86587316537492,A,3.793161529245551,0.0058342051983304,0.0059136489135971,0.5224442335063199,0.0368917602080387,0.0403189630862629,84.0,0.01217690527569655,0.099,0.038605361647150796,0.0597187647558477,0.0286387113265562
KIC8321567,785,1.073,0.0584123274660409,0.0576281181368956,1.586,0.0340587727318528,0.0340587727318528,5744,58,58,2.503,0.230610553671934,0.230610553671934,0.032,0.101,0.101,4.067,0.0114017542509914,0.0114017542509914,0.2686,0.0073346974034379,0.0072718991329638,4.0289242,ms,G,,serenelli17,5.40729010265315,2.14746360226058,1.00974930362117,9.21336610754831,A,3.759214431234244,0.0043632932324015,0.0044075758798207,0.3984608496082232,0.0382757928698687,0.0419780859947854,58.0,0.0114017542509914,0.101,0.04012693943232705,0.05802022280146825,0.0340587727318528
KIC8349582,786,1.068,0.021,0.019,1.417,0.012,0.009,5699,74,74,1.891,0.09,0.094,0.268,0.0721110255092798,0.0721110255092798,4.163,0.003,0.004,0.374973368368724,0.00426106100419,0.0035508841701583,4.0584217,ms,G,p,silva15,1.87265917602996,0.741002117148906,1.29847341638884,4.86515071390799,A,3.7557986569738304,0.0056029005248006,0.0056761301904302,0.2766915288450397,0.0201929466935073,0.0221434517360659,74.0,0.0035,0.0721110255092798,0.0211681992147866,0.02,0.010499999999999999
KIC8360349,787,1.727,0.114725759966975,0.114725759966975,2.656,0.066407830863536,0.0689420046125727,6258,49,49,9.716,0.765419363611993,0.765419363611993,0.153,0.099,0.099,3.826,0.0111803398874989,0.0122065556157337,0.09212,0.0014339554944279,0.0014066198349234,3.6919972,ms,F,,serenelli17,6.64306658754923,2.54800142086048,0.782997762863535,7.87792675599005,A,3.7964355588101744,0.0033872721831453,0.0034138989641911,0.9874875061330928,0.032932591404461,0.0356362966272466,49.0,0.0116934477516163,0.099,0.0342844440158538,0.114725759966975,0.06767491773805434
KIC8367710,788,1.455,0.0644437739428721,0.122772146678308,2.041,0.0339705755029261,0.0559464029227975,6352,66,66,6.585,0.565773538492933,0.565773538492933,0.014,0.1,0.1,3.98,0.0080622577482985,0.0117046999107196,0.171,0.0030015659729547,0.0029138958955323,3.6303802,ms,F,,serenelli17,6.43353679110585,2.20276772233522,1.03904282115869,8.59185328007491,A,3.80291048941904,0.0044892233404456,0.0045361127374783,0.8185557792978027,0.0357972450666258,0.0390150961935263,66.0,0.00988347882950905,0.1,0.03740617063007605,0.09360796031059004,0.0449584892128618
KIC8377423,789,1.21,0.19,0.14,1.99,0.12,0.11,6059,57,57,6.765,0.601312885270374,0.601312885270374,0.24,0.15,0.15,3.928,0.032,0.031,0.156,0.0153,0.0157,3.8224417,ms,F,,C14sdss,13.6363636363636,5.77889447236181,0.940749298564119,8.88858662631743,A,3.7824009524965296,0.0040665242437527,0.004104961407696,0.8302678009336417,0.036982360701801,0.0404272162790932,57.0,0.0315,0.15,0.0387047884904471,0.165,0.11499999999999999
KIC8379927,790,1.1194,0.0399,0.0399,1.1197,0.015,0.015,6067,120,120,1.624,0.104,0.101,-0.1,0.15,0.15,4.3879,0.0066,0.0077,0.796505929976564,0.0132227824728357,0.0146211206590441,3.8171977,ms,F,,silva17,3.56440950509201,1.33964454764669,1.97791330146695,6.3115763546798,A,3.782973994944048,0.0085061210759525,0.0086760564447705,0.2105860249051565,0.0269577132377179,0.0278861215691139,120.0,0.00715,0.15,0.027421917403415902,0.0399,0.015
KIC8391021,791,1.26,0.1,0.11,1.54,0.05,0.05,6250,51,51,2.947,0.251913091070874,0.251913091070874,-0.22,0.2,0.15,4.163,0.01,0.011,0.3469,0.0111,0.011,3.6972412,ms,F,,C14sdss,8.33333333333333,3.24675324675325,0.816,8.54811981916775,A,3.795880017344075,0.0035294622710515,0.0035583809925019,0.4693801358499251,0.0356223053654531,0.0388073613328183,51.0,0.010499999999999999,0.175,0.037214833349135695,0.10500000000000001,0.05
KIC8394589,792,1.121,0.0574282160614449,0.0566127194188726,1.192,0.0240416305603426,0.0240416305603426,6251,54,54,1.847,0.164029888632896,0.164029888632896,-0.27,0.139,0.139,4.335,0.0092195444572928,0.0092195444572928,0.6622,0.0046886489525235,0.0047408763957732,3.6965857,ms,F,,serenelli17,5.0865716092916,2.01691531546498,0.863861782114862,8.88088189674587,A,3.7959494989028033,0.0037355920062971,0.0037680027531243,0.2664668954402414,0.0369516298416709,0.0403904922294803,54.0,0.0092195444572928,0.139,0.038671061035575605,0.05702046774015875,0.0240416305603426
KIC8408931,793,1.493,0.0746525284233562,0.0738782782690555,2.866,0.0532541078227774,0.0532541078227774,6252,120,120,11.63,1.02525741165987,1.02525741165987,-0.124,0.101,0.101,3.697,0.0125299640861417,0.0116619037896906,0.06335,0.0018764075143742,0.0018288032042841,3.6959302,ms,F,,serenelli17,4.97424000979276,1.85813355976195,1.91938579654511,8.81562692742792,A,3.796018969347149,0.0082567977819447,0.0084168231648118,1.0655797147284485,0.0366912685332292,0.0400795834902225,120.0,0.01209593393791615,0.101,0.03838542601172586,0.07426540334620585,0.0532541078227774
KIC8414062,794,1.3,0.0721248916810278,0.0802807573457052,1.726,0.105304320899002,0.102459748194108,6578,61,61,3.12,0.281430926714807,0.281430926714807,-0.251,0.1,0.1,4.076,0.0421070065428546,0.0411096095821889,0.2525,0.0439975786265563,0.0353931861380125,3.4822372,ms,F,,serenelli17,5.86175573179742,6.01865785321871,0.927333536029188,9.02022201008997,A,3.818093869146636,0.0040087995002844,0.0040461481510361,0.4941545940184428,0.0375070620950794,0.041055127276064,61.0,0.04160830806252175,0.1,0.0392810946855717,0.07620282451336649,0.10388203454655501
KIC8416311,795,1.565,0.091438503924769,0.150479234447813,2.275,0.0760591874792257,0.0877268487978452,6446,60,60,8.627,0.726635065752401,0.726635065752401,0.131,0.1,0.1,3.915,0.0152970585407784,0.0152970585407784,0.132,0.0073672600062709,0.0071433868717856,3.5687632,ms,F,,serenelli17,7.7290012259611,3.59969310499057,0.930809804529941,8.42280127219661,A,3.809290301176316,0.0040237577695192,0.0040613869728898,0.9358597980378804,0.0351206237649137,0.0382126453209241,60.0,0.0152970585407784,0.1,0.0366666345429189,0.12095886918629101,0.08189301813853544
KIC8420801,796,1.35,0.1,0.19,1.74,0.06,0.08,6506,73,73,4.674,0.40855015265179,0.40855015265179,0.07,0.15,0.15,4.08,0.017,0.02,0.2524,0.013,0.0127,3.5294332,ms,F,,C14sdss,10.7407407407407,4.02298850574713,1.12204119274516,8.74091041189111,A,3.813314058945835,0.0048458274513505,0.0049005075454666,0.6696887080562082,0.036392964726069,0.0397238681168619,73.0,0.018500000000000003,0.15,0.03805841642146545,0.14500000000000002,0.07
KIC8424992,797,0.929,0.0474236228055175,0.0474236228055175,1.052,0.0192353840616713,0.0192353840616713,5807,57,57,1.148,0.0997577347485686,0.0997577347485686,-0.127,0.101,0.101,4.362,0.0076157731058639,0.0076157731058639,0.7986,0.0071227296031788,0.0072322110726941,3.9876277,ms,G,,serenelli17,5.10480331598681,1.82845856099537,0.981573962459101,8.68969814883002,A,3.763951826033324,0.0042421355997475,0.0042839813436934,0.0599418880619546,0.0361883826406698,0.0394802215377588,57.0,0.0076157731058639,0.101,0.0378343020892143,0.0474236228055175,0.0192353840616713
KIC8435400,798,1.5,0.13,0.21,2.34,0.12,0.13,6322,59,59,9.416,0.822782257353369,0.822782257353369,0.14,0.15,0.1,3.863,0.016,0.016,0.114,0.0072,0.0071,3.6500452,ms,F,,C14sdss,11.3333333333333,5.34188034188034,0.933248971844353,8.73812932618276,A,3.800854491503561,0.0040342531188302,0.0040720798022535,0.9738664498353784,0.0363818573551854,0.039710633360972,59.0,0.016,0.125,0.0380462453580787,0.16999999999999998,0.125
KIC8478994,799,0.81,0.019,0.011,0.772,0.003,0.006,5417,75,75,0.467,0.023,0.025,-0.248,0.0721110255092798,0.0721110255092798,4.57,0.003,0.002,1.76549960940274,0.0156238903486968,0.0177544208507919,4.2432727,ms,G,p,silva15,1.85185185185185,0.582901554404145,1.38453018275798,5.13918629550321,A,3.733758835587203,0.0059716929775146,0.0060549519018486,-0.3306831194338878,0.0208791994624015,0.0238946112170202,75.0,0.0025,0.0721110255092798,0.02238690533971085,0.015,0.0045000000000000005
KIC8491374,800,1.38,0.14,0.19,1.95,0.09,0.1,6520,65,65,5.685,0.476353911087547,0.476353911087547,0.0,0.15,0.1,3.988,0.023,0.023,0.1822,0.0132,0.0127,3.5202562,ms,F,,C14sdss,11.9565217391304,4.87179487179487,0.996932515337423,8.37913651869037,A,3.81424759573192,0.0043081835658824,0.004351349129481,0.7547304690237535,0.034945686566925,0.0380056195300194,65.0,0.023,0.125,0.036475653048472195,0.165,0.095
KIC8493800,802,1.252,0.0572800139664787,0.0631268564083465,1.482,0.0291547594742265,0.030886890422961,6241,73,73,2.704,0.227754039250838,0.227754039250838,0.039,0.1,0.1,4.193,0.0125299640861417,0.0134164078649987,0.3836,0.0138699912040347,0.0129525077108643,3.7031407,ms,F,,serenelli17,4.8085810852566,2.02569669018851,1.16968434545746,8.42285648117003,A,3.7952541825808823,0.0050503949753157,0.0051098175379822,0.4320066872695983,0.0351208449079402,0.0382129071433,73.0,0.0129731859755702,0.1,0.036666876025620104,0.0602034351874126,0.03002082494859375
KIC8494142,803,1.418,0.03,0.019,1.887,0.012,0.012,6144,106,106,4.818,0.259,0.243,0.058,0.0721110255092798,0.0721110255092798,4.038,0.005,0.005,0.211632696541439,0.0035508841701583,0.0028407073361267,3.7667242,ms,F,p,silva15,1.7277856135402,0.635930047694754,1.72526041666667,5.20963055209631,A,3.788451207023456,0.0074288103206199,0.0075580983363767,0.6828667956623246,0.0227403677422805,0.0224756972598575,106.0,0.005,0.0721110255092798,0.022608032501069,0.0245,0.012
KIC8499940,804,1.163,0.102156742312977,0.0617170964968379,1.648,0.0407062648740952,0.0363593179253957,6023,58,58,3.065,0.266432730444261,0.266432730444261,-0.006,0.1,0.1,4.07,0.0143178210632764,0.0125299640861417,0.2604,0.0080750848911946,0.0081017403685874,3.8460397,ms,F,,serenelli17,7.0453069135776,2.33815481794572,0.962975261497593,8.69274813847508,A,3.779812863170581,0.0041621402420908,0.0042024151642197,0.4864304788544338,0.0362005693990343,0.0394947282885712,58.0,0.013423892574709051,0.1,0.03784764884380275,0.08193691940490745,0.03853279139974545
KIC8516041,805,1.09,0.13,0.12,1.3,0.06,0.06,6214,65,65,2.381,0.222320260232039,0.222320260232039,0.18,0.15,0.15,4.246,0.018,0.019,0.4945,0.028,0.0278,3.7208392,ms,F,,C14sdss,11.4678899082569,4.61538461538461,1.04602510460251,9.33726418446195,A,3.793371248918956,0.0045192341393933,0.0045667558743072,0.3767593954048798,0.0387682028603089,0.0425711799203394,65.0,0.0185,0.15,0.040669691390324156,0.125,0.06
KIC8554498,808,1.197,0.021,0.029,1.794,0.015,0.015,5945,60,60,3.684,0.13,0.182,0.17,0.05,0.05,4.007,0.003,0.003,0.207371635537249,0.002130530502095,0.002130530502095,3.8971687,ms,G,p,silva15,2.08855472013367,0.836120401337793,1.00925147182506,4.23452768729642,A,3.7741518589547103,0.0043611527842144,0.0044053917752568,0.5663196215248113,0.0150610671851755,0.0220034797773839,60.0,0.003,0.05,0.0185322734812797,0.025,0.015
KIC8579578,811,1.538,0.0903382532485547,0.159154013458662,2.218,0.0502195181179589,0.0726704891960967,6308,45,45,7.653,0.642982127265446,0.642982127265446,0.054,0.1,0.1,3.932,0.0120415945787923,0.015,0.1409,0.0030925867748537,0.003141930132896,3.6592222,ms,F,,serenelli17,8.11093194756882,2.77028871312118,0.713379835129994,8.40170034320458,A,3.799891684656865,0.0030871706783965,0.0031092729555575,0.8838317133294524,0.0350360944152791,0.0381125880846057,45.0,0.01352079728939615,0.1,0.036574341249942396,0.12474613335360835,0.0614450036570278
KIC8656342,814,1.159,0.112307613277106,0.0738782782690555,1.621,0.0457930125674212,0.0432666153055679,6074,71,71,3.33,0.299756919590974,0.299756919590974,-0.05,0.099,0.099,4.085,0.0174928556845359,0.0158113883008419,0.274,0.0102131243016033,0.0100668339114143,3.8126092,ms,F,,serenelli17,8.03217823753933,2.74705823173933,1.16891669410603,9.00170929702625,A,3.783474787582247,0.0050470996402265,0.0051064442263726,0.5224442335063199,0.0374333083300361,0.0409667653188884,71.0,0.0166521219926889,0.099,0.03920003682446225,0.09309294577308075,0.04452981393649455
KIC8677016,815,1.081,0.064007812023221,0.0622655603042324,1.324,0.0322024843762092,0.0313049516849971,6248,75,75,3.585,0.402598293514387,0.402598293514387,-0.27,0.101,0.101,4.227,0.0139283882771841,0.0139283882771841,0.4648,0.0175545612591144,0.0188799396450306,3.6985522,ms,F,,serenelli17,5.84058151375825,2.39831707179782,1.20038412291933,11.2300779222981,A,3.795741020869244,0.0051821609439746,0.0052447439021343,0.5544891600038189,0.0462222414670039,0.0517341613435293,75.0,0.0139283882771841,0.101,0.0489782014052666,0.0631366861637267,0.031753718030603145
KIC8694723,817,1.176,0.0644049687524185,0.0749666592559653,1.554,0.0292061637330205,0.0318276609256791,6351,62,62,3.211,0.269658569171998,0.269658569171998,-0.359,0.1,0.1,4.125,0.0084852813742385,0.01,0.3135,0.002458073432589,0.0029284024655091,3.6310357,ms,F,,serenelli17,5.92566445613876,1.96376527215893,0.976224216658794,8.39796229124878,A,3.8028421127390746,0.0042191271781644,0.0042605180105268,0.5066403055665025,0.0350211182357231,0.0380948652423769,62.0,0.00924264068711925,0.1,0.03655799173905,0.0696858140041919,0.030516912329349798
KIC8696343,818,1.119,0.061057350089895,0.061057350089895,1.183,0.0341760149812701,0.0332415402771893,6178,65,65,1.909,0.162372778192266,0.162372778192266,-0.056,0.099,0.099,4.341,0.0186815416922694,0.0196468827043885,0.6768,0.0335803942948858,0.033709544360611,3.7444372,ms,F,,serenelli17,5.45642091956166,2.84943175225949,1.05212042732276,8.5056457932041,A,3.790847903965432,0.0045454309658574,0.0045935081756516,0.2808059283936668,0.0354523360927832,0.0386057038841869,65.0,0.01916421219832895,0.099,0.037029019988485054,0.061057350089895,0.0337087776292297
KIC8738809,820,1.332,0.0438292140016222,0.041182520563948,2.163,0.0270185121722126,0.0262488094968134,6058,59,59,6.269,0.527974582093028,0.527974582093028,0.074,0.1,0.1,3.892,0.0078102496759066,0.0070710678118654,0.1317,0.0023364488353054,0.0023295001373685,3.8230972,ms,F,,serenelli17,3.19113117738627,1.2313296733478,0.973918785077583,8.4219904624825,A,3.782329268996837,0.0042092115009655,0.004250407059382,0.7971982698389589,0.035117376002476,0.0382088001648072,59.0,0.007440658743886,0.1,0.0366630880836416,0.042505867282785104,0.026633660834513
KIC8760414,822,0.8115,0.031,0.0186,1.0196,0.0097,0.0121,5873,77,77,1.208,0.052,0.052,-0.92,0.1,0.1,4.3293,0.0047,0.0063,0.76353526027981,0.0133712094311484,0.0095504580640579,3.9443647,ms,G,,silva17,3.05606900800986,1.0690466849745,1.31108462455304,4.3046357615894,A,3.768860000842957,0.0056569648855928,0.0057316240438201,0.082066934285113,0.0183036108324499,0.0191091002006027,77.0,0.0055,0.1,0.018706355516526302,0.0248,0.0109
KIC8776961,823,1.065,0.0531413210223457,0.0512640224719052,1.676,0.034,0.034,5777,72,72,2.977,0.266738425847769,0.266738425847769,-0.126,0.1,0.1,4.017,0.0089442719099991,0.0098488578017961,0.2264,0.0062512178813412,0.0061536936062823,4.0072927,ms,G,,serenelli17,4.90165931897891,2.02863961813842,1.24632162021811,8.95997399555824,A,3.761702367541413,0.0053792538219097,0.0054467187871791,0.4737788346467247,0.0372669909197845,0.0407676268982138,72.0,0.0093965648558976,0.1,0.039017308908999154,0.05220267174712545,0.034
KIC8802782,824,1.44,0.155595629758679,0.0772334124585985,2.359,0.11610770861575,0.100319489631876,6089,68,68,8.073,0.665018024377498,0.665018024377498,0.254,0.1,0.1,3.851,0.0230867927612304,0.0240831891575846,0.1095,0.0098382328189568,0.0096305975411705,3.8027767,ms,F,,serenelli17,8.08434174365548,4.58726575344693,1.11676794219084,8.23755759169451,A,3.7845459740545215,0.004823179536959,0.0048773468473743,0.907034952483417,0.0343779837335308,0.0373350354911279,68.0,0.023584990959407498,0.1,0.03585650961232935,0.11641452110863874,0.108213599123813
KIC8866102,827,1.228,0.042,0.04,1.357,0.012,0.015,6325,75,75,2.753,0.13,0.13,-0.005,0.0721110255092798,0.0721110255092798,4.262,0.007,0.008,0.493572899652013,0.0071017683403167,0.0078119451743484,3.6480787,ms,F,p,silva15,3.33876221498371,0.994841562269713,1.18577075098814,4.72212132219397,A,3.801060529847856,0.0051194441360316,0.00518051250378,0.4398062113933302,0.0200384309948775,0.0210079208029766,75.0,0.0075,0.0721110255092798,0.02052317589892705,0.041,0.0135
KIC8915084,829,1.131,0.105118980208143,0.0742024258363566,1.501,0.0433820239269677,0.0372155881318568,5817,60,60,2.713,0.229036117736117,0.229036117736117,0.09,0.1,0.1,4.141,0.0152643375224737,0.014422205101856,0.3364,0.0101268447702135,0.0100400382469391,3.9810727,ms,G,,serenelli17,7.92755994891688,2.68479720382493,1.03145951521403,8.44217168212742,A,3.764699063798368,0.0044566269160308,0.0045028343432336,0.4334497937615961,0.0351982062537125,0.0383045170104883,60.0,0.014843271312164851,0.1,0.036751361632100396,0.0896607030222498,0.04029880602941225
KIC8938364,830,1.037,0.0487954915950234,0.0494974746830583,1.376,0.02343074902772,0.02343074902772,5965,62,62,1.866,0.164602038573962,0.164602038573962,-0.18,0.1,0.1,4.176,0.0078102496759066,0.0078102496759066,0.3973,0.0050949273792665,0.004994262584206,3.8840587,ms,G,,serenelli17,4.7392944203511,1.70281606306104,1.03939647946354,8.82111675101618,A,3.775610448006361,0.0044907434615506,0.004537664785166,0.2709116394104812,0.0367131784373309,0.0401057313024496,62.0,0.0078102496759066,0.1,0.03840945486989025,0.04914648313904085,0.02343074902772
KIC8940939,831,1.095,0.0863133825081603,0.0658027355054484,1.458,0.0563560112144215,0.0485489443757534,6343,58,58,5.227,0.440074512251665,0.440074512251665,-0.402,0.1,0.1,4.149,0.014142135623731,0.014142135623731,0.3518,0.0204276904225612,0.0205894544852456,3.6362797,ms,F,,serenelli17,6.94594146180862,3.59756363477966,0.91439381995901,8.41925602165037,A,3.802294711397464,0.0039531157983265,0.0039894293754874,0.7182525000977505,0.0351064228043755,0.0381958326976041,58.0,0.014142135623731,0.1,0.036651127750989804,0.07605805900680435,0.05245247779508745
KIC8950146,832,1.237,0.0546717477313466,0.0610327780786685,1.33,0.0322024843762092,0.0322024843762092,6374,60,60,2.588,0.214813087204816,0.214813087204816,-0.014,0.101,0.101,4.282,0.0143178210632764,0.0143178210632764,0.5263,0.023450999211121,0.0257546998429413,3.6159592,ms,F,,serenelli17,4.67681995998444,2.42123942678265,0.94132412927518,8.3003511284705,A,3.804412059137714,0.004068997428237,0.0041074815815154,0.4129642719966628,0.0346298646854308,0.0376323272901656,60.0,0.0143178210632764,0.101,0.0361310959877982,0.05785226290500755,0.0322024843762092
KIC8952800,833,1.293,0.0662193325245732,0.0632455532033676,2.014,0.0486004115208915,0.045453272709454,6122,55,55,5.939,0.50748463091393,0.50748463091393,0.03,0.1,0.1,3.941,0.010770329614269,0.010770329614269,0.1581,0.0056820793729056,0.0056222298956908,3.7811452,ms,F,,serenelli17,5.0063760915677,2.3349971258775,0.898399215942502,8.54495084886226,A,3.786893325261316,0.0038842760763779,0.0039193303172675,0.7737133252770216,0.035609626321273,0.0387923125173125,55.0,0.010770329614269,0.1,0.037200969419292754,0.0647324428639704,0.047026842115172746
KIC8956017,834,1.497,0.0746525284233562,0.0746525284233562,1.881,0.0771621668954417,0.0724499827467198,6605,86,86,5.943,0.482317728986627,0.482317728986627,0.128,0.1,0.1,4.063,0.0243310501211929,0.0253179778023443,0.2239,0.0205113511256572,0.019435872118328,3.4645387,ms,F,,serenelli17,4.98680884591558,3.97693114412976,1.30204390613172,8.11572823467318,A,3.819872821950546,0.0056182079288849,0.0056918409103592,0.7740057302582095,0.0338888779371625,0.0367588223474526,86.0,0.0248245139617686,0.1,0.035323850142307545,0.0746525284233562,0.07480607482108075
KIC8981766,835,1.38,0.11,0.09,1.82,0.05,0.05,6237,72,72,14.37,1.34284437137607,1.34284437137607,-0.18,0.25,0.25,4.059,0.014,0.015,0.2294,0.0093,0.009,3.7057627,ms,F,,C14sdss,7.2463768115942,2.74725274725275,1.15440115440115,9.34477641876182,A,3.794975744051132,0.0049847833548515,0.0050426631193811,1.1574567681342256,0.0387980409018369,0.0426071666688767,72.0,0.014499999999999999,0.25,0.0407026037853568,0.1,0.05
KIC9005973,836,1.122,0.0743034319530397,0.0691158447825099,1.452,0.0384837628097877,0.0375765884561119,6131,57,57,2.539,0.214719268567862,0.214719268567862,-0.128,0.1,0.1,4.164,0.0143178210632764,0.0152315462117278,0.3667,0.0159856368030804,0.0142177278072131,3.7752457,ms,F,,serenelli17,6.39123336611184,2.61915810144282,0.929701516881422,8.45684397667831,A,3.787531316127234,0.0040189889000958,0.0040565285449876,0.4046627008737222,0.0352569625975406,0.0383741190019453,57.0,0.0147746836375021,0.1,0.03681554079974295,0.0717096383677748,0.0380301756329498
KIC9025370,837,0.956,0.0405215991787096,0.0414849370253831,0.997,0.0148660687473185,0.0158113883008419,5659,73,73,1.574,0.141076619597965,0.141076619597965,-0.033,0.1,0.1,4.42,0.0076157731058639,0.0076157731058639,0.9631,0.0096590277461036,0.0086026699343866,4.0846417,ms,G,,serenelli17,4.28904478054878,1.5384883173601,1.28998056193674,8.9629364420562,A,3.752739693935328,0.005566487789979,0.0056387625703417,0.1970047280230457,0.0372787985279383,0.0407817590899157,73.0,0.0076157731058639,0.1,0.039030278808926996,0.04100326810204635,0.015338728524080199
KIC9049593,840,1.157,0.0892020179143947,0.0976217188949262,1.414,0.0528015151297763,0.0520096144957834,5788,59,59,2.614,0.217129480850223,0.217129480850223,0.202,0.1,0.1,4.197,0.019313207915828,0.019313207915828,0.4067,0.0247795419852749,0.0243676363441348,4.0000822,ms,G,,serenelli17,8.07362734698881,3.70619270245968,1.01935038009675,8.30640707154641,A,3.762528522447,0.004404571390284,0.0044497001973873,0.4173055832445255,0.0346541489015202,0.037661009510249,59.0,0.019313207915828,0.1,0.036157579205884596,0.09341186840466045,0.05240556481277985
KIC9073645,842,1.373,0.0777946013551069,0.0702922470831599,2.342,0.0876641317757725,0.0796492310069595,6438,64,64,8.356,0.740955343971847,0.740955343971847,-0.152,0.1,0.1,3.836,0.021377558326432,0.021377558326432,0.1067,0.0080795633700095,0.0078672381589729,3.5740072,ms,F,,serenelli17,5.39282040925953,3.57201884677054,0.994097545821684,8.8673449493998,A,3.808750972349595,0.0042959928105128,0.0043389132118809,0.921998431308271,0.0368976315003118,0.0403259768456979,64.0,0.021377558326432,0.1,0.038611804173004846,0.0740434242191334,0.083656681391366
KIC9093289,845,1.237,0.0558659108938537,0.0682422156732913,1.448,0.0326955654485436,0.0336154726279432,6285,57,57,3.143,0.279932795330638,0.279932795330638,-0.011,0.1,0.1,4.207,0.0143178210632764,0.0152315462117278,0.4056,0.0191918096072257,0.0161968532746333,3.6742987,ms,F,,serenelli17,5.01649662761297,2.28974578993394,0.906921241050119,8.90654773562323,A,3.798305282021977,0.0039209556690935,0.0039566781258937,0.49734438101758,0.0370539914175274,0.0405128386982128,57.0,0.0147746836375021,0.1,0.0387834150578701,0.062054063283572505,0.0331555190382434
KIC9098294,846,1.055,0.0399249295553543,0.0380788655293195,1.174,0.0161245154965971,0.0152643375224737,6020,51,51,1.46,0.123333430392102,0.123333430392102,-0.112,0.1,0.1,4.321,0.0067082039324993,0.0067082039324993,0.651,0.0054932803496635,0.0054857723248417,3.8480062,ms,F,,serenelli17,3.69686232628786,1.33683360387866,0.847176079734219,8.44749523233576,A,3.779596491257824,0.0036637416151243,0.00369491236615,0.1643528557844371,0.0352195257431373,0.038329769419146,51.0,0.0067082039324993,0.1,0.036774647581141656,0.039001897542336905,0.0156944265095354
KIC9116461,847,1.208,0.0511077293567225,0.0537121960079831,1.251,0.0295465734053883,0.0295465734053883,6470,47,47,2.402,0.193508830913632,0.193508830913632,-0.116,0.1,0.1,4.324,0.0120415945787923,0.0130384048104053,0.6161,0.0261437877133364,0.0284005921769248,3.5530312,ms,F,,serenelli17,4.3385730697312,2.36183640330842,0.726429675425039,8.05615449265747,A,3.810904280668701,0.003143440326899,0.0031663586546,0.3805730030668873,0.0336495077864073,0.0364773360469524,47.0,0.0125399996945988,0.1,0.035063421916679854,0.052409962682352804,0.0295465734053883
KIC9138680,849,1.416,0.0554436651025164,0.0554436651025164,2.477,0.0537121960079831,0.0528015151297763,5990,60,60,7.756,0.670259576550073,0.670259576550073,0.129,0.099,0.099,3.8,0.0126491106406735,0.0126491106406735,0.09307,0.0042331129207711,0.0040786180257533,3.8676712,ms,G,,serenelli17,3.91551307221161,2.15005472623657,1.0016694490818,8.64182022369873,A,3.777426822389312,0.0043285522631575,0.0043721290250489,0.8896378004066677,0.0359970333216058,0.0392525619110909,60.0,0.0126491106406735,0.099,0.03762479761634835,0.0554436651025164,0.0532568555688797
KIC9139151,850,1.184,0.0466154480832267,0.0466154480832267,1.161,0.0147648230602334,0.0147648230602334,6134,48,48,1.742,0.147621486789559,0.147621486789559,0.045,0.1,0.1,4.381,0.0067082039324993,0.0067082039324993,0.7565,0.0053781745973889,0.0056608290912197,3.7732792,ms,F,,serenelli17,3.93711554756982,1.27173325238875,0.78252363873492,8.47425297299418,A,3.7877437716464666,0.0033852290808193,0.0034118236243183,0.2410481506716444,0.0353266679662776,0.0384567177495456,48.0,0.0067082039324993,0.1,0.0368916928579116,0.0466154480832267,0.0147648230602334
KIC9139163,851,1.33,0.0484148737476408,0.0445982062419555,1.538,0.0184390889145858,0.0176918060129541,6405,44,44,3.512,0.31227663476093,0.31227663476093,0.076,0.099,0.099,4.187,0.0058309518948453,0.0058309518948453,0.3656,0.0023042293722631,0.0024789469538495,3.5956387,ms,F,,serenelli17,3.49673233043595,1.17460646708517,0.68696330991413,8.8917037232611,A,3.806519134080705,0.0029732428566369,0.0029937385041725,0.545554507234065,0.0369947928461434,0.0404420745839927,44.0,0.0058309518948453,0.099,0.03871843371506805,0.046506539994798146,0.01806544746376995
KIC9143749,852,1.151,0.0574282160614449,0.0624339651151519,1.708,0.046518813398452,0.0456179789118282,6075,76,76,3.896,0.337951413225325,0.337951413225325,-0.122,0.101,0.101,4.033,0.0148660687473185,0.0148660687473185,0.2307,0.0114946015154941,0.0113678566141555,3.8119537,ms,F,,serenelli17,5.2068714672718,2.69721288964521,1.25102880658436,8.67431758791903,A,3.7835462822703496,0.0053994447533982,0.0054674203328946,0.5906189482065779,0.0361269217523924,0.0394070739291431,76.0,0.0148660687473185,0.101,0.037766997840767744,0.0599310905882984,0.0460683961551401
KIC9163769,855,1.315,0.0616198020120156,0.0586941223633168,1.537,0.0380131556174964,0.0371214223865412,6438,100,100,3.949,0.322075476813396,0.322075476813396,0.049,0.1,0.1,4.183,0.0167630546142402,0.0167630546142402,0.3616,0.0205551034052373,0.0188347597807883,3.5740072,ms,F,,serenelli17,4.574673930621,2.44419577111378,1.55327741534638,8.15587431788797,A,3.808750972349595,0.006693943894755,0.0067987374953131,0.5964871337365442,0.0340501124441869,0.0369486157917967,100.0,0.0167630546142402,0.1,0.0354993641179918,0.060156962187666196,0.037567289002018805
KIC9202077,857,1.444,0.0914166286842826,0.167764716195033,1.981,0.0552268050859363,0.0704911341943084,6119,70,70,5.599,0.476347427377792,0.476347427377792,0.148,0.1,0.1,3.999,0.015,0.0174928556845359,0.1842,0.0057482450365307,0.0057577079641121,3.7831117,ms,F,,serenelli17,8.97442329914528,3.17309286421617,1.1439777741461,8.50772329662068,A,3.7866804531966487,0.0049400294961654,0.004996868689298,0.7481104674949838,0.0354606512327563,0.0386155652414403,70.0,0.01624642784226795,0.1,0.0370381082370983,0.1295906724396578,0.06285896964012234
KIC9204313,858,1.018,0.0618546683767685,0.0586003412959345,1.508,0.0338378486313773,0.0330151480384384,5853,57,57,2.117,0.18289840254076,0.18289840254076,-0.158,0.1,0.1,4.088,0.0122065556157337,0.0122065556157337,0.2966,0.0088881370939021,0.0086573308242205,3.9574747,ms,G,,serenelli17,5.91625784247067,2.21661129541829,0.97385955920041,8.63950885879829,A,3.767378524114181,0.0042089567670751,0.0042501473150435,0.325720858019412,0.0359877935675395,0.0392415743856571,57.0,0.0122065556157337,0.1,0.0376146839765983,0.0602275048363515,0.03342649833490785
KIC9206432,859,1.567,0.0751664818918645,0.0672086303981862,1.569,0.0272029410174709,0.0212602916254693,6494,46,46,3.842,0.312534723193249,0.312534723193249,0.165,0.139,0.139,4.241,0.0070710678118654,0.0078102496759066,0.4052,0.0046267358904523,0.0048715374369905,3.5372992,ms,F,,serenelli17,4.54291998372849,1.54439874579159,0.708346165691407,8.13468826635213,A,3.812512284289983,0.0030654640342846,0.0030872554929484,0.5845573605256749,0.0339650325849936,0.0368484469006875,46.0,0.007440658743886,0.139,0.035406739742840546,0.07118755614502535,0.024231616321470098
KIC9225600,860,1.425,0.0729177618965366,0.0777946013551069,1.84,0.0441021541423999,0.0441021541423999,6262,56,56,4.758,0.411033863930155,0.411033863930155,0.219,0.1,0.1,4.061,0.012369316876853,0.012369316876853,0.2278,0.0090844267292988,0.0089494082485938,3.6893752,ms,F,,serenelli17,5.28815309654889,2.3968562033913,0.894282976684765,8.63879495439585,A,3.796713063280897,0.0038665582882337,0.0039012920327494,0.6774244377012474,0.035984939672446,0.0392381807575432,56.0,0.012369316876853,0.1,0.0376115602149946,0.07535618162582175,0.0441021541423999
KIC9226926,861,1.39,0.05,0.04,1.64,0.03,0.03,6892,84,84,4.548,0.365619368849666,0.365619368849666,-0.23,0.09,0.09,4.151,0.013,0.012,0.3147,0.0126,0.0126,3.2764102,ms,F,,C14bruntt,3.23741007194245,1.82926829268293,1.2188044109112,8.03912420513778,A,3.838345268775991,0.0052612031485201,0.0053257216994593,0.6578204560156972,0.0335810550191382,0.0363969013537722,84.0,0.0125,0.09,0.0349889781864552,0.045,0.03
KIC9266926,862,0.956,0.0535350352572967,0.0526972485050216,1.47,0.0367151195013716,0.0358468966578698,5971,63,63,2.318,0.198602336787427,0.198602336787427,-0.387,0.099,0.099,4.083,0.0120830459735946,0.0120830459735946,0.3007,0.0107270844594419,0.01056070627373,3.8801257,ms,G,,serenelli17,5.55608178673213,2.4680957877293,1.05509964830012,8.56783161291745,A,3.77604707118178,0.0045582346571899,0.0046065845418676,0.3651134316275772,0.0357011639036762,0.0389009804685942,63.0,0.0120830459735946,0.099,0.037301072186135195,0.05311614188115915,0.0362810080796207
KIC9273544,863,1.14,0.12,0.12,1.55,0.07,0.07,6125,55,55,3.128,0.27169073554991,0.27169073554991,-0.22,0.15,0.15,4.112,0.013,0.013,0.3047,0.0139,0.0138,3.7791787,ms,F,,C14sdss,10.5263157894737,4.51612903225806,0.897959183673469,8.68576520300222,A,3.78710609303657,0.0038823820522457,0.0039174019613126,0.4952667443878104,0.036172667374149,0.0394615158730957,55.0,0.013,0.15,0.03781709162362235,0.12,0.07
KIC9287845,864,1.589,0.0906035319399856,0.147627910640231,2.313,0.0939201788754685,0.0929731143933557,6488,62,62,8.928,0.762176079154507,0.762176079154507,0.131,0.1,0.1,3.905,0.0222036033111745,0.0231948270094864,0.1269,0.0106088840600697,0.0102340422610032,3.5412322,ms,F,,serenelli17,7.49626943298353,4.04006254364082,0.955610357583231,8.53691844931124,A,3.8121108412031,0.0041304587886834,0.0041701199876005,0.9507541815935036,0.0355774870476034,0.0387541705705266,62.0,0.022699215160330452,0.1,0.037165828809065,0.1191157212901083,0.0934466466344121
KIC9289275,865,1.349,0.0672681202353686,0.065299310869258,1.767,0.0268700576850888,0.0268700576850888,6227,48,48,4.012,0.342633039749413,0.342633039749413,0.092,0.1,0.1,4.073,0.0084852813742385,0.0092195444572928,0.2441,0.0030578562752359,0.0029765249872964,3.7123177,ms,F,,serenelli17,4.91354451833308,1.5206597444872,0.770836678978641,8.54020537760253,A,3.7942788657214,0.0033348644316757,0.0033606705068218,0.6033609243483805,0.0355906390075543,0.038769778184504,48.0,0.008852412915765651,0.1,0.03718020859602915,0.0662837155523133,0.0268700576850888
KIC9292130,866,1.347,0.0608769250208977,0.0595482997238376,2.176,0.0526972485050216,0.0502195181179589,6176,52,52,6.423,0.541940302001592,0.541940302001592,0.049,0.1,0.1,3.891,0.0117046999107196,0.0117046999107196,0.1304,0.0054667629361442,0.0052854968546012,3.7457482,ms,F,,serenelli17,4.47012712489738,2.3648154095354,0.841968911917098,8.43749497122205,A,3.79070728732768,0.003641316568403,0.0036721053014563,0.8077379220141008,0.0351794763306051,0.0382823341135594,52.0,0.0117046999107196,0.1,0.03673090522208225,0.06021261237236765,0.05145838331149025
KIC9328372,867,1.464,0.0706045324324154,0.0690289794216893,1.781,0.0705195008490559,0.0657875368135941,6572,80,80,6.039,0.521100979493793,0.521100979493793,0.16,0.1,0.1,4.101,0.0243310501211929,0.0253179778023443,0.2579,0.0236322448362402,0.0197703564965329,3.4861702,ms,F,,serenelli17,4.76890409337789,3.82669954134335,1.21728545343883,8.62892829100502,A,3.817697554763024,0.0052546857844575,0.0053190436088299,0.7809650296083169,0.0359454949044484,0.0391912811342726,80.0,0.0248245139617686,0.1,0.0375683880193605,0.06981675592705236,0.068153518831325
KIC9353712,869,1.5089,0.0285,0.0209,2.1723,0.024,0.021,6278,77,77,6.985,0.275,0.223,-0.05,0.1,0.1,3.9435,0.0055,0.0066,0.147718201832256,0.003184432923798,0.0033349904126127,3.6788872,ms,F,,silva17,1.63695407250315,1.03576854025687,1.2265052564511,3.5647816750179,A,3.797821311364024,0.005294243526003,0.0053595800170729,0.8441664104502007,0.0167702102498931,0.0140912440204504,77.0,0.00605,0.1,0.01543072713517175,0.0247,0.0225
KIC9390670,871,1.37,0.071505244562899,0.0695269731830748,1.711,0.069462219947249,0.0648845127900333,6246,50,50,4.782,0.397738991301202,0.397738991301202,0.195,0.1,0.1,4.107,0.0241867732448957,0.0251793566240283,0.2734,0.0244420081212653,0.0239866496409982,3.6998632,ms,F,,serenelli17,5.14716123160488,3.92597114954069,0.80051232788985,8.31741930784613,A,3.79560197989418,0.0034627394568285,0.0034905708070112,0.679609571779756,0.0346983042794621,0.0377131706320535,50.0,0.024683064934462,0.1,0.036205737455757794,0.0705161088729869,0.06717336636864114
KIC9394953,872,1.205,0.0590338885725818,0.0537587202228624,1.746,0.0393573373083089,0.0349857113690718,6018,65,65,3.682,0.317461913620585,0.317461913620585,0.076,0.1,0.1,4.034,0.014422205101856,0.0136014705087354,0.2262,0.0082791137810758,0.0080020393650618,3.8493172,ms,F,p,serenelli17,4.68019123632549,2.12895328400288,1.08009305417082,8.62199656764219,A,3.7794521834040617,0.0046656330588614,0.0047163008523085,0.5660837841679959,0.0359177812437628,0.0391583353127336,65.0,0.0140118378052957,0.1,0.0375380582782482,0.0563963043977221,0.03717152433869035
KIC9402223,873,1.46,0.25,0.13,2.6,0.15,0.11,6350,52,52,11.16,0.975636586344381,0.975636586344381,-0.08,0.2,0.15,3.776,0.016,0.016,0.0833,0.0041,0.0038,3.6316912,ms,F,,C14sdss,13.013698630137,5.0,0.818897637795276,8.74226331849804,A,3.802773725291976,0.0035419445161379,0.0035710689914503,1.04766419460156,0.0363983679934929,0.0397303065355649,52.0,0.016,0.175,0.0380643372645289,0.19,0.13
KIC9410862,874,1.007,0.0434626276242015,0.0434626276242015,1.163,0.0178885438199983,0.0178885438199983,6230,53,53,1.834,0.158522908328121,0.158522908328121,-0.399,0.1,0.1,4.309,0.0076157731058639,0.0067082039324993,0.6391,0.005098955285154,0.0053129701674298,3.7103512,ms,F,,serenelli17,4.31605040955327,1.53813790369719,0.850722311396469,8.64356097754203,A,3.7944880466591697,0.0036790130567694,0.003710445321476,0.2633993313340023,0.0360039919102079,0.0392608371087023,53.0,0.0071619885191816,0.1,0.0376324145094551,0.0434626276242015,0.0178885438199983
KIC9414417,876,1.399,0.0737360156233031,0.0752396172239067,1.917,0.0366878726556883,0.0389101529166874,6278,52,52,5.158,0.42856413772693,0.42856413772693,-0.049,0.0721110255092798,0.0721110255092798,4.018,0.0094339811320566,0.01,0.1986,0.0015554761618231,0.0016956426510323,3.6788872,ms,F,p,serenelli17,5.32436143127984,1.97177948806405,0.828289264096846,8.30872698191023,A,3.797821311364024,0.0035823986533314,0.0036121950175274,0.7124813378019187,0.0346634513380648,0.0376719975954911,52.0,0.009716990566028299,0.0721110255092798,0.03616772446677795,0.0744878164236049,0.03779901278618785
KIC9446628,877,1.213,0.0718401002226472,0.0757429864739964,1.893,0.0919238815542512,0.0864060183089118,6298,59,59,5.317,0.439688712631072,0.439688712631072,-0.268,0.101,0.101,3.965,0.0292745623366089,0.0302654919008431,0.1776,0.0198469729681884,0.0190804831175733,3.6657772,ms,F,,serenelli17,6.08339186713288,4.71024563822406,0.936805335026993,8.26948867088719,A,3.799202656300525,0.0040495551299319,0.0040876706701618,0.7256666603141786,0.0345060857222147,0.0374861856181721,59.0,0.029770027118726,0.101,0.0359961356701934,0.0737915433483218,0.0891649499315815
KIC9451741,879,1.124,0.0785175139698144,0.0792085853932514,1.291,0.054644304369257,0.0522015325445528,5835,68,68,1.99,0.166780592657199,0.166780592657199,0.206,0.1,0.1,4.266,0.0191049731745428,0.0200997512422418,0.526,0.0487155334569991,0.0379326257989083,3.9692737,ms,G,,serenelli17,7.01628555885524,4.13810367598024,1.16538131962296,8.38093430438188,A,3.766040860381389,0.0050319228398056,0.0050909089704918,0.2988530764097066,0.0349528905542877,0.0380141413452045,68.0,0.0196023622083923,0.1,0.036483515949746095,0.0788630496815329,0.0534229184569049
KIC9455860,880,1.385,0.0722495674727538,0.0651152823843988,1.678,0.0510783711564885,0.0483321838943783,6716,59,59,5.166,0.422130072484233,0.422130072484233,-0.051,0.1,0.1,4.129,0.0189736659610103,0.0199248588451713,0.2934,0.0202268675033976,0.0197223469445196,3.3917782,ms,F,,serenelli17,4.95901985043872,2.96217386921534,0.878499106611078,8.17131383051168,A,3.827110687466011,0.0037986120804323,0.0038321305143402,0.7131544018372984,0.0341121046071187,0.0370216292670514,59.0,0.0194492624030908,0.1,0.03556686693708505,0.06868242492857629,0.0497052775254334
KIC9457728,881,1.194,0.0634113554499508,0.0659469483751902,1.822,0.0353836120259083,0.0361247837363769,6390,49,49,5.208,0.437591644046782,0.437591644046782,-0.161,0.0721110255092798,0.0721110255092798,3.993,0.0106301458127346,0.0106301458127346,0.1972,0.0047999070824339,0.0047515058665648,3.6054712,ms,F,p,serenelli17,5.41701439803773,1.96235992761485,0.766823161189358,8.40229731272623,A,3.8055008581584,0.0033175669337239,0.0033431049714387,0.7166709755601356,0.0350384860738456,0.0381154185019272,49.0,0.0106301458127346,0.0721110255092798,0.0365769522878864,0.06467915191257051,0.0357541978811426
KIC9458636,882,1.204,0.116811814470969,0.0608276253029822,1.735,0.0630634601017103,0.056938563381947,6220,56,56,4.007,0.342379248040584,0.342379248040584,-0.059,0.1,0.1,4.043,0.0162788205960997,0.0182482875908947,0.2319,0.0131927404279778,0.0139172878104895,3.7169062,ms,F,,serenelli17,7.37705314675876,3.45827157013422,0.90032154340836,8.54452827653067,A,3.7937903846908183,0.0038925502240805,0.0039277546444371,0.6028193424326997,0.0356079355822049,0.0387903058439845,56.0,0.0172635540934972,0.1,0.0371991207130947,0.0888197198869756,0.06000101174182865
KIC9468847,883,1.17,0.0579827560572969,0.0579827560572969,1.796,0.0528015151297763,0.0518941229813165,6064,52,52,4.292,0.37421982497498,0.37421982497498,-0.109,0.1,0.1,3.998,0.0170880074906351,0.0170880074906351,0.2019,0.011854530610699,0.0120564420954111,3.8191642,ms,F,,serenelli17,4.95579111600828,2.91468925699033,0.857519788918206,8.71900803762768,A,3.782759192623997,0.0037082841162852,0.0037402207091266,0.6326597132939135,0.0363054811991445,0.0396196490297656,52.0,0.0170880074906351,0.1,0.037962565114455046,0.0579827560572969,0.052347819055546405
KIC9512063,885,1.158,0.0499299509312797,0.0507740090991444,2.053,0.0360693775937429,0.0374833296279826,5977,58,58,4.637,0.403547097521101,0.403547097521101,-0.332,0.102,0.102,3.876,0.0067082039324993,0.0067082039324993,0.1338,0.0030023532437073,0.0029858590053785,3.8761927,ms,G,,serenelli17,4.34818480269534,1.79134698542926,0.970386481512464,8.70276250854219,A,3.7764832558336816,0.0041940185996862,0.004234915861828,0.6662370958958044,0.0362405811329474,0.0395423633240475,58.0,0.0067082039324993,0.102,0.03789147222849745,0.05035198001521205,0.03677635361086275
KIC9542776,886,1.385,0.0848645980371085,0.0806597793203031,2.475,0.153388395910512,0.136894119669181,6343,87,87,11.52,1.02457871859058,1.02457871859058,-0.157,0.101,0.101,3.791,0.0355105618091294,0.0374833296279826,0.09076,0.0133405578594,0.0123110919093312,3.6362797,ms,F,,serenelli17,5.97560929088129,5.8642932440342,1.37159072993852,8.89391248776547,A,3.802294711397464,0.005916261526758,0.0059979713456721,1.061452479087193,0.0370036020067554,0.0404526034370522,87.0,0.036496945718555995,0.101,0.0387281027219038,0.0827621886787058,0.1451412577898465
KIC9579208,888,1.204,0.0635137780328017,0.051662365412358,1.781,0.034132096331752,0.0276586333718787,6422,56,56,4.92,0.408637298681031,0.408637298681031,-0.17,0.0721110255092798,0.0721110255092798,4.017,0.0111803398874989,0.0086023252670426,0.2132,0.0031277239328303,0.0029962660095525,3.5844952,ms,F,p,serenelli17,4.78306243543022,1.73472009274651,0.87200249143569,8.30563615205347,A,3.807670301230484,0.0037706424436745,0.0038036669454992,0.6919651027673603,0.0346510576045009,0.0376573581681689,56.0,0.009891332577270751,0.0721110255092798,0.0361542078863349,0.05758807172257985,0.03089536485181535
KIC9592705,889,1.509,0.029,0.021,2.124,0.015,0.012,6174,92,92,6.088,0.227,0.247,0.216,0.0721110255092798,0.0721110255092798,3.961,0.004,0.003,0.156949080321,0.002130530502095,0.002130530502095,3.7470592,ms,F,p,silva15,1.65672630881378,0.635593220338983,1.4901198574668,3.89290407358738,A,3.790566625146076,0.0064237653996102,0.006520209337963,0.7844746437625164,0.0158987111288331,0.0179874375228222,92.0,0.0035,0.0721110255092798,0.016943074325827652,0.025,0.0135
KIC9641837,890,1.304,0.0587281874401041,0.0567274184147313,2.193,0.0464004310324807,0.0448218696620299,6270,51,51,6.06,0.546385001091756,0.546385001091756,-0.161,0.1,0.1,3.871,0.0111803398874989,0.0111803398874989,0.1237,0.0042101330145257,0.0041948430244766,3.6841312,ms,F,,serenelli17,4.42697875210259,2.07985181702031,0.813397129186603,9.01625414342831,A,3.797267540830717,0.0035182494970462,0.0035469840171931,0.7824726241662862,0.0374912553582739,0.0410361869680294,51.0,0.0111803398874989,0.1,0.039263721163151646,0.0577278029274177,0.0456111503472553
KIC9664694,891,1.252,0.0524309069156733,0.0574543296888929,2.293,0.057706152185014,0.0594810894318522,6080,55,55,8.512,0.725162235923812,0.725162235923812,-0.272,0.1,0.1,3.813,0.0121655250605964,0.0121655250605964,0.1035,0.0047600887596766,0.0046371737081977,3.8086762,ms,F,,serenelli17,4.38838804331335,2.55532580935164,0.904605263157895,8.51929318519516,A,3.783903579272735,0.003910987790288,0.0039465280258292,0.930031614950973,0.0355069564241591,0.0386704885276458,55.0,0.0121655250605964,0.1,0.03708872247590245,0.0549426183022831,0.0585936208084331
KIC9693187,892,0.986,0.0532541078227774,0.0508035431835221,1.423,0.0283196045170126,0.0275862284482674,5790,55,55,2.982,0.268050525294423,0.268050525294423,-0.164,0.1,0.1,4.125,0.0086023252670426,0.0086023252670426,0.3421,0.0056120912323304,0.0057766586362706,3.9987712,ms,G,,serenelli17,5.27675715042087,1.96436517797892,0.949913644214162,8.98895121711681,A,3.762678563727436,0.0041059517704229,0.0041451414901496,0.4745076391169758,0.0373824734575914,0.0409058809298887,55.0,0.0086023252670426,0.1,0.039144177193740054,0.052028825503149745,0.02795291648264
KIC9697131,894,1.436,0.0581377674149945,0.0635609943282828,1.922,0.0283019433961698,0.030886890422961,6491,69,69,5.503,0.446981720087574,0.446981720087574,0.11,0.0721110255092798,0.0721110255092798,4.027,0.0085440037453175,0.0085440037453175,0.2019,0.0033778066848178,0.0032027058872147,3.5392657,ms,F,p,serenelli17,4.2374220662701,1.53977195159029,1.06301032198429,8.12250990528028,A,3.812311609131124,0.0045922302445364,0.0046413079006404,0.7405995128111565,0.033916118652302,0.0367908773527406,69.0,0.0085440037453175,0.0721110255092798,0.0353534980025213,0.060849380871638645,0.0295944169095654
KIC9700430,895,1.221,0.0672681202353686,0.0909175450614456,1.511,0.0451774279923061,0.0469574275274956,6111,90,90,2.801,0.241816090376488,0.241816090376488,0.024,0.1,0.1,4.164,0.01552417469626,0.0164924225024706,0.3525,0.0186507356691365,0.0180376367908881,3.7883557,ms,F,,serenelli17,6.47770947161401,3.04880395499013,1.47275405007364,8.63320565428375,A,3.7861122837198256,0.0063494476271244,0.0064436565126784,0.4473131088235682,0.0359625953097106,0.0392116122819377,90.0,0.016008298599365298,0.1,0.03758710379582415,0.07909283264840711,0.046067427759900845
KIC9702369,896,1.281,0.0502095608425328,0.0481040538832228,1.379,0.0183847763108502,0.0183847763108502,6431,50,50,2.29,0.20188288836486,0.20188288836486,0.03,0.1,0.1,4.266,0.0067082039324993,0.0067082039324993,0.488,0.0046812692723234,0.004616132255471,3.5785957,ms,F,,serenelli17,3.83737762395611,1.33319625169327,0.777484061576738,8.81584665348734,A,3.808278509582768,0.0033635118703831,0.0033897649603766,0.359835482339888,0.0366921454818944,0.0400806300064937,50.0,0.0067082039324993,0.1,0.03838638774419405,0.0491568073628778,0.0183847763108502
KIC9702752,897,1.188,0.0422018956920184,0.0446542271235322,1.701,0.025,0.0258069758011279,5770,62,62,2.656,0.233806485366682,0.233806485366682,0.265,0.1,0.1,4.051,0.0092195444572928,0.0092195444572928,0.2412,0.0057366165986581,0.0056365785721481,4.0118812,ms,G,,serenelli17,3.65556072456021,1.49344432102081,1.07452339688042,8.80295502133592,A,3.7611758131557314,0.0046417021541866,0.0046918487131222,0.4242280706959799,0.0366406906933416,0.0400192337138184,62.0,0.0092195444572928,0.1,0.03832996220358,0.043428061407775304,0.025403487900563952
KIC9715099,898,1.37,0.15,0.17,2.49,0.1,0.11,6225,53,53,9.337,0.806574526556546,0.806574526556546,-0.22,0.4,0.3,3.78,0.019,0.019,0.0886,0.0032,0.0031,3.7136287,ms,F,,C14sdss,11.6788321167883,4.21686746987952,0.85140562248996,8.63847624029717,A,3.794139355767774,0.0036819555962499,0.0037134383766632,0.9702073588068546,0.0359836655789927,0.0392366657213431,53.0,0.019,0.35,0.0376101656501679,0.16,0.10500000000000001
KIC9754284,899,1.276,0.0628012738724303,0.0812157620169878,1.621,0.0298328677803526,0.0346698716467194,6182,54,54,3.351,0.281864611514729,0.281864611514729,0.025,0.1,0.1,4.123,0.0120415945787923,0.0136014705087354,0.2992,0.0078388471728947,0.0078352029329175,3.7418152,ms,F,,serenelli17,5.64330077936591,1.98959714457347,0.873503720478809,8.41135814726139,A,3.791129000727286,0.0037771057895179,0.0038102441027385,0.5251744278352715,0.035074785175339,0.0381583809886031,54.0,0.01282153254376385,0.1,0.03661658308197105,0.07200851794470906,0.032251369713535996
KIC9762786,901,1.38,0.14,0.19,1.96,0.1,0.12,6482,52,52,6.917,0.598725134424361,0.598725134424361,0.06,0.15,0.15,3.99,0.014,0.014,0.1826,0.013,0.012,3.5451652,ms,F,,C14sdss,11.9565217391304,5.61224489795918,0.802221536562789,8.65584985433513,A,3.811709026696191,0.0034701034432274,0.0034980537719691,0.839917775678681,0.0360531129949387,0.0393192604713459,52.0,0.014,0.15,0.0376861867331423,0.165,0.11
KIC9768011,902,1.35,0.16,0.16,2.02,0.13,0.13,6630,68,68,6.611,0.560297442785581,0.560297442785581,-0.26,0.2,0.15,3.955,0.023,0.024,0.1628,0.0155,0.0148,3.4481512,ms,F,,C14sdss,11.8518518518519,6.43564356435644,1.02564102564103,8.47522981070309,A,3.821513528404773,0.004431614799075,0.0044773023547444,0.8202671571609645,0.0353305788788205,0.0384613529205698,68.0,0.0235,0.175,0.03689596589969515,0.16,0.13
KIC9778067,903,1.189,0.0659469483751902,0.0674759216313494,1.998,0.0653681879816169,0.0644980619863884,6433,90,90,5.769,0.486377408885799,0.486377408885799,-0.529,0.102,0.102,3.911,0.0182482875908947,0.0192353840616713,0.1486,0.0098845886611431,0.0095669106821376,3.5772847,ms,F,,serenelli17,5.61071783038434,3.24990615535549,1.39903621949324,8.43087898918008,A,3.808413551400368,0.0060338271221191,0.0061188400029044,0.7611005389581423,0.0351529783729581,0.0382509546674574,90.0,0.018741835826283,0.102,0.036701966520207754,0.0667114350032698,0.06493312498400264
KIC9787965,904,1.31,0.0845990543682375,0.0835284382710463,2.062,0.0846286003665428,0.0782432105680742,6200,65,65,7.654,0.783754291524599,0.783754291524599,0.001,0.1,0.1,3.926,0.0191049731745428,0.0200997512422418,0.1489,0.0111745541745521,0.0107012597856514,3.7300162,ms,F,,serenelli17,6.41707987172839,3.94936495961729,1.04838709677419,10.2397999937889,A,3.792391689498254,0.004529385831915,0.0045771224352306,0.8838884578884805,0.0423384166311064,0.046916188379613,65.0,0.0196023622083923,0.1,0.0446273025053597,0.0840637463196419,0.0814359054673085
KIC9791157,906,1.186,0.0492442890089805,0.0575847201955519,1.952,0.0376961536499415,0.039560080889705,5852,63,63,4.555,0.40781935746871,0.40781935746871,-0.047,0.1,0.1,3.929,0.0116619037896906,0.0116619037896906,0.1589,0.0058789905596114,0.005834953384561,3.9581302,ms,G,,serenelli17,4.50375249597523,1.97889945029832,1.07655502392344,8.95322409371483,A,3.767304317453273,0.0046504315106759,0.0047007678864696,0.658488381309017,0.0372400862150614,0.0407354285719806,63.0,0.0116619037896906,0.1,0.038987757393521,0.0534145046022662,0.03862811726982325
KIC9812850,908,1.339,0.0552177507691141,0.0602079728939615,1.789,0.0250599281722833,0.029732137494637,6407,47,47,4.628,0.38147187235337,0.38147187235337,-0.125,0.1,0.1,4.059,0.0064031242374328,0.0064031242374328,0.2342,0.0017609329913429,0.0019178618302682,3.5943277,ms,F,,serenelli17,4.31014651467795,1.53136013602349,0.733572654908694,8.2426938710754,A,3.8066547239918607,0.0031742370760254,0.0031976083434468,0.6653933502797119,0.0343985921518784,0.0373593452213993,47.0,0.0064031242374328,0.1,0.03587896868663885,0.0577128618315378,0.02739603283346015
KIC9821513,909,1.291,0.068622153857191,0.0960416576283438,1.775,0.0560357029044876,0.0593632883186233,6550,65,65,5.837,0.488221059178963,0.488221059178963,-0.307,0.101,0.101,4.048,0.014142135623731,0.0131529464379659,0.2299,0.0122443456338018,0.0119600167223963,3.5005912,ms,F,,serenelli17,6.37737457341343,3.25067580910172,0.99236641221374,8.36424634536514,A,3.816241299991783,0.0042885485317367,0.0043313195716843,0.76618969331016,0.0348860148940513,0.037935043959816,65.0,0.01364754103084845,0.101,0.03641052942693365,0.0823319057427674,0.05769949561155545
KIC9880787,911,1.168,0.0537121960079831,0.0554707129934347,2.014,0.0389101529166874,0.0398120584747888,6074,56,56,5.216,0.446910121855063,0.446910121855063,-0.314,0.102,0.102,3.896,0.010295630140987,0.010295630140987,0.1427,0.0042925016016304,0.0041646590496702,3.8126092,ms,F,,serenelli17,4.6739258990333,1.95437466215184,0.921962462956865,8.56806215212927,A,3.783474787582247,0.0039856869361685,0.0040226041781847,0.7173375827238638,0.0357020861087139,0.0389020755102578,56.0,0.010295630140987,0.102,0.037302080809485855,0.0545914545007089,0.0393611056957381
KIC9955598,916,0.883,0.0430116263352131,0.0430116263352131,0.882,0.0156524758424985,0.0156524758424985,5434,77,77,0.6574,0.063711894918518,0.063711894918518,0.118,0.072,0.072,4.492,0.0076157731058639,0.0076157731058639,1.286,0.0093888070062175,0.0085299784290465,4.2321292,ms,G,p,serenelli17,4.87107886016004,1.77465712499983,1.417004048583,9.69149603263127,A,3.735119634081872,0.0061107769435988,0.0061979877090125,-0.1821703002543944,0.0401729596689704,0.0442713520983505,77.0,0.0076157731058639,0.072,0.04222215588366045,0.0430116263352131,0.0156524758424985
KIC9962623,917,0.987,0.0847584804016684,0.0763216876123687,1.395,0.042154477816716,0.0403112887414927,5913,166,166,2.079,0.180289341817693,0.180289341817693,-0.207,0.101,0.101,4.143,0.0161554944214035,0.0152315462117278,0.3635,0.0125135117373182,0.0123864432344398,3.9181447,ms,G,,serenelli17,8.16008956504747,2.9557622422297,2.80737358362929,8.67192601335704,A,3.771807878999106,0.0120242643853352,0.0123666818654082,0.3178544893314692,0.0361173642130656,0.0393957010709455,166.0,0.01569352031656565,0.101,0.03775653264200555,0.08054008400701855,0.04123288327910435
KIC9965715,918,1.245,0.0730068489937759,0.0730068489937759,1.3,0.0373363094051889,0.0373363094051889,7030,405,405,2.585,0.225418203421083,0.225418203421083,-0.404,0.1,0.1,4.304,0.015,0.0142126704035519,0.5659,0.0282817432277432,0.0276861644147397,3.1859512,ms,F,,serenelli17,5.86400393524305,2.87202380039915,5.76102418207681,8.72023997760477,A,3.846955325019824,0.024325647838149,0.0257694424109784,0.4124605474299613,0.0363104023413851,0.0396255103633576,405.0,0.01460633520177595,0.1,0.03796795635237135,0.0730068489937759,0.0373363094051889
