ID,Teff,logg,FeH,L,eTeff,elogg,eFeH,eL,M,R,eM,eR
KIC8499940,-0.30711104868799805,-0.3750884620565015,0.3091756377648799,-0.3087573025150777,0.15639529139840883,0.07079139271717738,0.49215816126339523,0.1082336180466216,-0.19851997331002358,0.15181299737734769,0.49336648607263983,0.09308545559806473
KIC9093289,0.39936423314619357,0.3473860960683696,0.2845677297017102,-0.27707117218253013,0.15369882085705697,0.07791483892771794,0.49215816126339523,0.11371778239390193,0.24705596992718043,-0.33133629949134513,0.373645917239376,0.08009532846083295
TIC446092483_B,-0.11026869916931106,0.7323542912735963,-0.8916902757178043,-0.5748395508204459,0.2993082300900583,0.21094147682478057,0.049215816126339525,0.054841379421717136,1.7463588059550677,-0.30476308816356673,0.16859630284650948,0.18601247929444678
KIC9143749,-0.16689458053770048,-0.570209328119423,-0.2617278293006585,0.028821855258603247,0.2049317611427426,0.07839676373597722,0.4970797428760292,0.13728682715880317,-0.27077553167281343,0.2967577864379557,0.36086286728069883,0.11128956567634252
KIC10644253,0.06769835655991278,1.4706494601603266,1.062669782659138,-0.9037253343746844,0.4098635222854852,0.10547073841239028,0.022147117256852783,0.06833235875945955,-0.2165838629007217,-1.1478586111994358,0.24085186120929925,0.0483149296868693
KIC8696343,0.1108418852215428,1.0540400434313864,0.0630965571331823,-0.7783620033410407,0.17527058518787197,0.10106318217334799,0.4872365796507613,0.06596108982263885,-0.463457020640253,-0.971509117842363,0.3676444097001902,0.08143186073714107
KIC6530901,0.6393501113265107,0.12589754540235104,0.4272935964680948,-0.08086090358483101,0.14291293869164945,0.05273536920619514,0.49215816126339523,0.12310742642257458,0.6263976513318265,-0.0631884397292206,0.3109611284238876,0.057540890175000026
KIC8435400,0.499133643176213,-1.4667106046247425,1.027726553209437,2.271224924946593,0.1590917619397607,0.08437659072991223,0.615197701579244,0.3342408439821761,1.8306569573783225,1.823509564543025,1.0236204101395217,0.3019683105429331
EPIC206107253,0.412846585852953,0.6637983113055431,-0.5471795628334277,-0.5459970475690245,0.17527058518787197,0.05273536920619514,0.3937265290107162,0.08466496773341976,-0.2165838629007217,-0.664709314330743,0.18063889590697443,0.0483149296868693
KIC9458636,0.22409364795832162,-0.5174739589132291,0.048331812295280455,0.07391365611645946,0.15100235031570508,0.09103999203687715,0.49215816126339523,0.13908555737548287,0.048353184429507694,0.3619829415152296,0.5348098688415723,0.1449472325881768
KIC3967430,1.308074805581776,0.5003186667663351,0.3387051274406836,-0.10564108243464392,0.14291293869164945,0.0738295168886732,0.7382372418950928,0.11443768761896544,0.9876754431457756,-0.2781898768357889,0.6322361356744105,0.1087085917954559
KIC7019341,-1.116052211093561,0.02042680698995832,2.2089061402415853,-0.5988072647899372,0.2076282316840945,0.10547073841239028,0.49215816126339523,0.08937267848750129,-1.300417238342568,-0.4714495955832662,0.963407444837197,0.2174171835909118
KIC9693187,-0.9353886848229853,-0.0850439314224297,-0.46843425703128455,-0.34247459504842964,0.1483058797743532,0.045364678490668255,0.49215816126339523,0.10889081885715164,-1.264289459161173,-0.39172996159993156,0.31328098645522123,0.06752715976202142
KIC11769146_A,-0.9084239794094665,1.7185056954294422,0.3387051274406836,-1.1679389134553126,0.40447058120278145,0.005273536920619514,1.230395403158488,0.03452975741367374,-1.1739700112076865,-1.490894611976208,0.04214907571162737,0.004831492968686929
KIC4141376,-0.0078028185979397615,1.4284611647953704,-0.9852003263578496,-1.0001649156688743,0.24537881926302077,0.0184573792221683,0.3549002996297688,0.021936551768686852,-1.0655866736635016,-1.3193766115878223,0.15354306152092828,0.02174171835909118
ASAS_J051753-5406.0_B,0.5234018780483799,0.9944490762283842,0.3387051274406836,-0.7332702024831844,0.11594823327813068,0.013711195993610736,0.9843163225267905,0.024373946409652056,-0.6404831386290886,-0.9751327375688784,0.020472408202790435,0.008938261992070819
KIC6287060,-0.3152004603120537,0.07316217619615702,0.25995982163854037,-0.2896643778275169,0.14291293869164945,0.09452557845285599,0.49215816126339523,0.11025368197716075,-0.2346477524914185,-0.23470644011760647,0.4760376281919809,0.11147167793293801
KIC3952580,-0.05903575888362542,-2.1364497935434197,-0.02549191189422882,3.272181657502971,0.27234352467653955,0.052022416018980444,0.49215816126339523,0.4293013421074863,1.577762503108558,2.714920017265764,0.3794903713011639,0.1136000109793067
KIC4346201,0.027251298439634634,-1.076468872498899,-1.3198678760169584,0.6913869651609784,0.1375199976089457,0.05605846740257584,0.4872365796507613,0.22415266881955326,-0.32496720044490646,0.7654126044005877,0.33831392465000976,0.07895869920610422
*_tet_Cyg,2.0954442036565237,0.5214128144488155,0.19105767906166507,0.2867794547607541,0.08898352786461193,0.15820610761858542,0.14764744837901855,0.007312183922895617,0.38554579012252693,-0.24436942605498033,0.2288092681488343,0.0338204507808085
KIC8301013_B,-0.460809869545055,0.996031137304571,0.2451950768006385,-0.8876385297443142,0.261557642511132,0.10547073841239028,0.17225535644218834,0.10358927224102124,-0.5176486894123448,-0.9304414276085243,0.3010648265116241,0.02415746484343465
KIC9402223,0.5746348183340656,-1.925508316718641,-0.05502140157003256,2.9796943005871457,0.1402164681502976,0.08437659072991223,0.8612767822109415,0.3963352310409982,1.5898050961690229,2.4516036504723266,1.1440463407441714,0.3140470429646504
KIC10081026,0.9871948111609027,-1.640737323005186,-0.8621607860420006,2.735954836490625,0.16448470302246446,0.11791987155015836,0.4970797428760292,0.3924664292741631,0.9515476639643807,1.8259253110273694,0.45914432681713296,0.2156858047989772
KIC7611858,-0.5686686911991301,-0.116685152946148,0.44205834130599664,-0.39650350958982505,0.15639529139840883,0.14709888659594356,0.4872365796507613,0.10217673948678613,-0.40926535186816126,-0.1090876229317462,0.5156366848230549,0.14675492843517154
KIC9778067,0.7984418732662714,-1.2135808324350055,-2.264811545642677,0.7896952156799084,0.24268234872166888,0.09883576410619596,0.5020013244886631,0.19758228169719033,-0.04196626352397894,0.9973242668975605,0.4016893320923297,0.15686196843618472
KIC5309966,0.5908136415821769,-0.05340270989871143,0.8308632887040789,0.1604411658707243,0.16448470302246446,0.07646628534898295,0.7382372418950928,0.14330485080443456,0.8672495125411259,0.13248702550259994,0.6322361356744106,0.13286605663889056
KIC8298626,0.19982541308615473,0.5214128144488155,0.5257252287207739,-0.20110570587244775,0.22650352547355762,0.06421536073314482,0.4872365796507613,0.11993345599589897,0.06039577748997267,-0.5004385533953878,0.3595843894736207,0.0691838654143785
KOI-6964_A,0.850726437063085,0.5425069621312912,-0.6652975215366426,-0.274227545101404,0.14782051507690988,0.24258269834849763,0.1525690299916525,0.8855867195506913,0.6685467270434532,-0.3989772010529622,0.15053241325581204,0.478317803900006
KIC11098033,0.5962065826648806,-1.3928810877360702,-0.35031629832806976,1.0874635943178241,0.17796705572922386,0.13447519147579762,0.8612767822109415,0.23480453878713664,1.108101373750424,1.6302498457955477,1.0537268927906842,0.25365338085606376
KIC8802782,-0.1291439929587742,-1.5299930476721766,1.5887868570497075,1.7256547578105474,0.1833599968119276,0.12437632081097895,0.49215816126339523,0.2701518946404784,1.4693791655643733,1.8694087477455512,0.7009663513659764,0.2614166225502767
KIC9762786,0.9305689297925133,-0.796971415706063,0.6340000241987207,1.2560500569845843,0.1402164681502976,0.0738295168886732,0.7382372418950928,0.24322157217046247,1.108101373750424,0.9055259004925088,0.9935139274883594,0.2657321132777811
KIC3438633,0.7957454027249194,-0.9604510602452686,-0.5668658892839635,0.716979608891113,0.19684234951868698,0.07457907633242236,0.49215816126339523,0.18216343328743573,0.5059717207271767,0.9176046329142263,0.4183482213826075,0.1504790528784214
KIC4571351,-0.36912987113909124,-0.0850439314224297,1.0424912980473386,-0.3664423090179209,0.1590917619397607,0.14394162267833713,0.4970797428760292,0.10367452580584317,0.23501337686671545,-0.0003790311362904592,0.5242747796230094,0.16770357534155142
KIC10202294,-0.9003345677854109,-0.9499039864040307,2.1104745079889065,0.1697845119944245,0.17796705572922386,0.10810750687270002,0.49215816126339523,0.1488703067315479,-0.09615793229607199,0.7122661817450314,0.963407444837197,0.18118098632575988
KIC8019508,0.19982541308615473,-1.9466024644011193,0.5946273712976491,2.447529803976409,0.1483058797743532,0.049750447111923,0.49215816126339523,0.3529054814641672,1.6921671371829758,2.4757611153157604,0.3652372820075957,0.09843419250162715
*_mu._Ara,-0.43923810521424,0.5741481836550095,1.7659637951045295,-0.7905489765458668,0.16448470302246446,0.31641221523717084,0.049215816126339525,0.007718416363056485,-1.5954607683239592,-0.7371817088610471,0.3552564952837164,0.06039366210858662
UCAC4_576-009710_A,0.07452042702953234,0.6901659959086401,-0.08947247285847018,-0.875451556539488,0.03807416404388849,0.12129134917424882,0.06398056096424137,0.4773231171890195,0.4156522727736887,-1.0971279350282233,0.054191668772092326,0.3889351839792978
KIC4947253,-0.4958639865826294,-1.266316201641202,-0.6259248686355711,0.6064843851673569,0.1590917619397607,0.06855597996805368,0.49215816126339523,0.19259071358815177,-0.1383070080076987,1.0166502387723078,0.33688241860226403,0.11675830357864145
KIC3733735,1.2945924528750166,0.7850896604797902,0.254546081864643,-0.09894230949639117,0.15100235031570508,0.10547073841239028,0.023623591740642966,0.07811037359413163,1.5898050961690229,-0.35066227136609285,0.24085186120929925,0.07247239453030394
V443_Cyg_B,0.1701642371312841,1.3493581109860793,-0.7095917560503482,-0.8994923923482082,1.483058797743532,1.0388867733620444,0.12303954031584881,0.33381947653999217,-0.5778616547146695,-1.1720160760428706,1.8063889590697444,0.48314929686869296
KIC8938364,-0.4635063400864069,0.18390645152916632,-0.5471795628334277,-0.795829998267958,0.16718117356381634,0.04118764173426856,0.49215816126339523,0.0668666879584243,-0.957203336119317,-0.5052700463640748,0.2959255505716779,0.056602749522284154
KIC10130724,-1.3182875016949518,0.8694662512097026,1.9136112434835484,0.3968684460443492,0.18875293789463135,0.10019720149177076,0.7382372418950928,0.5653481780537585,-2.083185787272791,-1.2203310057297398,0.7225555836278977,0.12078732421717324
KIC9542776,0.5557595245446024,-1.8464052629093477,-0.43398318574284683,3.125937979045058,0.23459293709761325,0.1924679922208567,0.4970797428760292,0.4162171131562659,1.1382078564015872,2.1496353399293935,0.49833567844949656,0.35062448374668775
KIC7880676,0.35622070448456356,-0.9551775233246497,0.5749410448471133,1.1553044118246891,0.15100235031570508,0.1014786973311659,0.4872365796507613,0.23748451553597633,1.4452939794434432,1.132606070020794,0.7902497660065269,0.18392915281295463
HS_Aur B,-2.526306304220592,1.892532413809888,0.2894893113143441,-1.3503372790875423,0.1941458789773351,0.15820610761858542,0.049215816126339525,0.019499157127721645,-1.9206107809565134,-1.7179747815044937,0.10236204101395219,0.07247239453030394
KIC8150065,0.34543482231915607,0.45285683448076236,0.1762929342237632,-0.4119403423159381,0.15639529139840883,0.040272316567725085,0.49215816126339523,0.09620614510347326,0.1446939289132275,-0.4279661588650838,0.3021633157228205,0.04761988077137993
KIC10972252,0.2699336471613035,-1.5616342691958927,-0.3306299718775339,1.9620820379841721,0.1617882324811126,0.06607722776803336,0.4970797428760292,0.3009371529454495,0.8552069194806609,1.6906435079041353,0.38768607542374567,0.1275634774034045
KIC6225718,0.4748654083040461,0.9359128164095082,-0.005805585443693063,-0.6857410069843629,0.2049317611427426,0.03190489836974806,0.49215816126339523,0.03737338449479982,-0.22079877047188398,-0.8492723457345838,0.18304741451906742,0.03261257753863677
KIC9455860,1.5615430364688523,-0.06394978373995398,0.08770446519635207,0.5447370542629053,0.1590917619397607,0.1025664038725706,0.49215816126339523,0.17148292921384276,1.1382078564015872,0.22428539190765168,0.4135572443298044,0.1200753493739413
KIC7800289,0.7687806973114006,-2.3421177334475813,-1.442907416332807,3.6012299340332734,0.14291293869164945,0.04668352415530369,0.4970797428760292,0.42067597241722393,1.7463588059550677,3.0748662434329406,0.45913697481406957,0.12450825383569751
*_16_Cyg_A,-0.7762969228832246,0.7323542912735963,0.7324316564513998,-0.9120124761539661,0.10516235111272318,0.05273536920619514,0.049215816126339525,0.004062324401608676,-0.7223727714402493,-0.8700477654999375,0.28300093692092665,0.03865194374949543
NGC_2506_V5_A,-1.205035738958173,3.2109166439647665,-1.433064253107539,-1.3764661496386894,0.35054117037574395,0.2636768460309757,0.049215816126339525,0.023084158412141304,-1.511162616900705,-2.1866295994671257,0.021074537855813685,0.0966298593737386
KIC12055375,-0.3933981060112581,-0.3170795559296862,-1.3346326208548602,-0.5459970475690245,0.20223529060139073,0.13447519147579762,0.7382372418950929,0.08536973145674116,-0.9391394465286188,-0.1090876229317462,0.8429815142325474,0.2174171835909118
KIC8379927,-0.1884663448685155,1.3013689250084413,-0.1534530338227116,-0.8941382487868879,0.3235764649622252,0.037705788982429524,0.7382372418950928,0.041638825116488934,-0.4610485020281603,-1.1244258703013046,0.240249731556276,0.03623619726515197
HIP_41378,0.412846585852953,0.8272779558447464,0.09262604680898599,-0.5856737699995364,0.2076282316840945,0.021094147682478057,0.49215816126339523,0.049970652464188324,0.1446939289132275,-0.6888667791741777,0.15053241325581204,0.02174171835909118
KIC11502597,-0.9138169204921702,-0.4225502943420789,-0.1534530338227116,-0.6065256811529938,0.1590917619397607,0.06328244304743416,0.615197701579244,0.08459806612531455,-0.6982875853193193,0.06001463097229648,0.9031944795348722,0.2174171835909118
NGC_2506_V4_B,1.8511170079046313,0.11535047156111317,-1.433064253107539,0.31480949313185397,0.11039350396294582,0.06328244304743416,0.49215816126339523,0.1117139210442386,0.3253328248202021,-0.123582101837807,0.024085186120929927,0.019325971874747716
KIC7530690,1.8851195014310775,0.8958339358127996,0.14184186293532552,-0.1686071106595783,0.16718117356381634,0.07119274842836344,0.7382372418950928,0.11535953017756805,0.9274624778434507,-0.592236919800439,0.4817037224185985,0.0966298593737386
KIC7177553_A,-0.9084239794094665,1.945267783016082,1.34270777641801,-1.1878971132404161,0.35054117037574395,0.0369147584443366,0.06398056096424137,0.0330571648180906,-0.921075556937922,-1.5585355135378252,0.08429815142325474,0.012078732421717324
KIC3735871,-0.6172051609434639,1.1542372449231577,0.5729724122020597,-1.0337684631189812,0.4503105804057634,0.15820610761858542,0.023623591740642966,0.06556794700416484,-0.818713515923969,-1.2203310057297398,0.24085186120929925,0.07247239453030394
KIC6129877,-0.19655575649257112,0.5108657406075776,0.10246921003425391,-0.5979947999096153,0.1941458789773351,0.08589126391455792,0.49215816126339523,0.08152687859948624,-0.48754220676118293,-0.6212258776125607,0.41503002937591316,0.0929670151715571
KIC5773155,0.48565129046945366,-0.5543887173575687,1.017883389984169,0.6678254836316482,0.1483058797743532,0.06936254634591475,0.49215816126339523,0.18640523930575628,1.4031449037318164,0.7509181254945269,0.4727974420818357,0.1259899217450385
KIC5866724,0.035340710063690266,0.4686774452426215,1.008040226758901,-0.49814692844247577,0.28852234792465076,0.05273536920619514,0.029529489675803714,0.07498238380489296,0.3253328248202021,-0.3989772010529622,0.12042593060464962,0.02415746484343465
EPIC201820830,0.7633877562286969,-0.41200322050084104,-0.005805585443693063,0.29652903332461494,0.19144940843598324,0.08437659072991223,0.5413739773897347,0.14379589970331175,0.5661846860295016,0.3740616739369466,0.4817037224185985,0.12078732421717324
KIC9225600,0.33734541069510043,-0.4225502943420789,1.4165315006075192,0.3789942186772712,0.15100235031570508,0.0652300498823466,0.49215816126339523,0.1669752895614702,1.3790597176108865,0.6156363223712933,0.45374191419751914,0.10653962347747406
KIC6147573_A,-1.180767504086006,1.4811965340015645,0.32394038260278174,-1.1679389134553126,0.26964705413518764,0.01582061076185854,0.1525690299916525,0.044685568417695436,-1.300417238342568,-1.3966804990868131,0.06021296530232481,0.012078732421717324
KIC4756112,0.12162776738695032,-2.120629182781563,-0.6899054295998123,3.069065437422537,0.1617882324811126,0.10497651835280059,0.49215816126339523,0.42275969784592554,1.096058780689959,2.4975028336748526,0.43505446515944735,0.21291518153246397
UCAC4_555-031577_A,1.1036014444310633,-0.09031746834305099,-1.551182211810754,0.10763094864981154,0.10540503346144486,0.2320356245072586,0.1328827035411167,0.7291872300887574,-0.27077553167281343,-0.03178373543275526,0.24085186120929925,0.3478674937454589
KIC9138680,-0.39609457655261,-1.7989434306237726,0.9735891554704634,1.5968790742795524,0.1617882324811126,0.06670555387151442,0.4872365796507613,0.27228118350590097,1.3248680488387936,2.1544668328980796,0.3338427476878721,0.12865506144131292
KIC7383120,-0.23969928515420114,0.2788301161003165,-0.21251201317431903,-0.5183732416380854,0.15639529139840883,0.09623302050609804,0.49215816126339523,0.08960420660444657,-0.5477551720635078,-0.4642023561302355,0.4719307878402945,0.1285846001557308
ASAS_J065134-2211.5_A,-1.729741941599835,1.4759229970809478,0.7816474725777393,-1.2219678279967081,0.11853684499782849,0.01582061076185854,0.6398056096424138,0.024373946409652056,-1.4449283550681478,-1.4208379639302475,0.030106482651162406,0.004831492968686929
KIC5214711,0.15398541388317283,-0.7811508049442062,0.2156655871248348,0.5955161092830138,0.14560940923300134,0.12535054347462035,0.49215816126339523,0.17821884764019133,0.3554393074713638,0.6832772239329103,0.4431978683003675,0.17295298882841004
KIC3112152,0.39127482152213794,-0.47001212662765635,-0.3306299718775339,0.1945646908442374,0.1590917619397607,0.08187862967165854,0.49215816126339523,0.14428653627626217,0.3313541213504339,0.37647742042129034,0.5469705696334778,0.13500817876619187
KIC9579208,0.7687806973114006,-0.6545859188493354,-0.4979637467070883,0.4448038739833317,0.15100235031570508,0.05216230713287371,0.3549002996297688,0.16600172711351607,0.048353184429507694,0.4731072797950285,0.34675485510573006,0.07463536817338488
TIC369605666_A,-0.05633928834227354,1.3651787217479385,0.09262604680898599,-1.001383612989357,0.29121881846600267,0.15820610761858542,0.049215816126339525,0.020311622008043383,-1.2100977903890806,-1.3145451186191353,0.08429815142325474,0.08696687343636472
V505_Per A,1.0114630460330696,0.943295768098377,-0.2518846660753906,-0.4655630244171727,0.056625881368389405,0.05273536920619514,0.14764744837901855,0.02803003837109987,0.4578013484853168,-0.7178557369862993,0.006021296530232482,0.0338204507808085
KIC9768011,1.329646569912591,-0.9815452079277467,-0.940906091844144,1.1317429302953588,0.1833599968119276,0.12392811763455858,0.8612767822109415,0.22761099748578462,0.9274624778434507,1.0504706895531168,0.963407444837197,0.3140470429646504
KIC10147635,0.04882306277044964,-2.0837144243372254,0.16644977099849528,2.3939071218751744,0.17796705572922386,0.035375961465047505,0.49215816126339523,0.3483196717220319,1.631954171880651,2.6641893410945516,0.3081184141189996,0.1039431815718482
IM_Vir A,-1.5286122039203982,1.2544344464149244,-0.1534530338227116,-1.157783102451291,0.26964705413518764,0.0738295168886732,1.230395403158488,0.033311060093191146,-1.2943959418123354,-1.2638144424479223,0.07225555836278978,0.03865194374949543
KIC4465529,0.5611524656273061,-0.11141161602552672,0.4617446677565324,0.16815958223378083,0.13212705652624196,0.054294384926037886,0.49215816126339523,0.1493721382580843,0.7588661749969411,0.17355471573643916,0.3388323462386697,0.07394710146615031
KIC3430893,0.3589171750259154,0.22609474689412248,-0.20266884994905113,-0.12920256396397417,0.1617882324811126,0.09550781425584828,0.49215816126339523,0.11634811347622959,0.02426799830857775,-0.28785286277316274,0.40181738098434167,0.1159630060155448
ZTF_J034350.31+515137.1_A,-0.6337614900673653,0.9591163788602362,0.46666624936916634,-0.5707772264188373,0.19937703182755775,0.4904389336176148,0.27068698869486735,0.5016970635986715,-0.8126922193937373,-0.23712218660194967,0.2589157507999967,0.37202495858889356
KIC5950854,-0.6037228082367044,0.5003186667663351,-0.8326312963661969,-0.7921739063065102,0.16448470302246446,0.045364678490668255,0.49215816126339523,0.06391898940715074,-1.4449283550681478,-0.8507217936251897,0.2915441902792334,0.05075056138839863
KIC5371516,0.5746348183340656,-0.8708009325947373,0.70782374838823,0.8161003242903646,0.218414113849502,0.06412046343625827,0.49215816126339523,0.20204591703294733,1.5536773169876281,1.120527337599077,0.5962230531599718,0.11348655182204978
KIC5512589,-0.9380851553643371,-0.47001212662765635,0.4961957390449701,-0.3436932923689123,0.15100235031570508,0.04118764173426856,0.49215816126339523,0.10082759971107054,-0.38518016574723135,0.17597046222078236,0.25868485515260015,0.06093959907232989
KIC3547794,1.855458325476207,-0.2537971128822543,-0.35031629832806976,0.7961949347224823,0.218414113849502,0.10019720149177076,0.7382372418950928,0.19957028210746003,1.2285273043550737,0.3982191387803813,0.7225555836278977,0.14494478906060787
KIC8394589,-0.3610404595150356,0.8905603988921783,-1.14761251957477,-0.9143320633872847,0.590527048556061,0.10547073841239028,0.024607908063169762,0.09601913071862347,-1.1197783424355934,-1.0270712869822631,0.18063889590697443,0.0483149296868693
Kepler-35A,-1.4315392644317306,1.1663663798405826,-1.3346326208548602,-1.1720012378569213,0.40447058120278145,0.010547073841239029,0.9843163225267905,0.04062324401608677,-1.8567850377360495,-1.3449835243218629,0.0313107419572089,0.004710705644469756
KIC8493800,0.280719529326711,0.2735565791796952,0.5306468103334078,-0.4554072134131508,0.19684234951868698,0.06841457534906419,0.49215816126339523,0.09252107901946341,0.33737541788066705,-0.24920091902366728,0.3625027342735767,0.07252270124296716
KIC8349582,-1.180767504086006,0.11535047156111317,1.657688999626583,-0.7856741872639363,0.19953882006003887,0.0184573792221683,0.3549002996297688,0.03737338449479982,-0.7705431436821092,-0.4062244405059923,0.12042593060464962,0.025365338085606377
KIC11507653,-0.5956333966126488,-0.3329001666915453,0.8899222680556862,-0.1523578130531436,0.19953882006003887,0.12175957333358832,0.49215816126339523,0.130043576412446,-0.15637089759839684,0.13490277198694367,0.5163604747724714,0.11932907334637821
KIC6766513,1.2325736304239234,-1.1872131478319086,-1.6151627727749955,1.239394526937989,0.2076282316840945,0.042516615226560035,0.5020013244886631,0.2613133910381613,0.45178005195508364,1.132606070020794,0.3193849945252413,0.08206429954312248
KIC3643774,-0.2909322254398868,-0.000667340692517414,1.116315022236848,-0.3713170982998513,0.2804329363005952,0.045364678490668255,0.49215816126339523,0.08088712465979622,0.47586523807601355,0.006868208316740209,0.35655950686350696,0.05913473448021477
KIC_6131659 A,-1.2859298551987293,1.9229373969880628,-0.6948270112124463,-1.2642160017734383,0.3775058757892627,0.02337071775049874,0.49215816126339523,0.03168613033254768,-1.6496524370960515,-1.7034803025984329,0.04214907571162737,0.007247239453030394
KIC9410862,-0.4958639865826294,0.8378250296859843,-1.3740052737559316,-0.9246666166649772,0.39368469903737396,0.10547073841239028,0.03445107128843766,0.06540342286589969,-1.1197783424355934,-1.0029138221388283,0.18063889590697443,0.0483149296868693
KIC10873176,1.024945398739829,-1.4245223092597863,-3.7806586823339345,0.9944363655209855,0.239985878180317,0.06607722776803336,0.511844487713931,0.21737458874693769,-0.5236699859425779,1.05288643603746,0.31577729858137327,0.09400648551843202
KIC11807274,-0.24778869677825677,-0.05867624681933271,-0.20759043156168508,-0.31834438810287424,0.3882917579546702,0.05273536920619514,0.03445107128843766,0.11881486409825055,0.08448096361090261,0.011699701285427144,0.12042593060464962,0.02415746484343465
EPIC210822691_A,-0.4861027632229359,0.7639955127973098,0.3387051274406836,-0.8348283125234013,0.1445577857218741,0.1107442753330098,0.24607908063169762,0.06093486602413015,-0.6380746200169944,-0.809654103391351,0.024085186120929927,0.009662985937373858
KIC8760414,-0.7115816298907796,0.9923396614601366,-4.189149956182552,-1.0631309438938088,0.2076282316840945,0.029004453063407324,0.49215816126339523,0.021124086888365114,-2.315005703686741,-1.366242093384085,0.14932815394976554,0.026331636679343764
KIC7821010_A,1.5569320718431405,1.0065782111458088,0.8308632887040789,-0.3392247355271427,0.181041032146365,0.0369147584443366,0.3937265290107162,0.11577624544584729,0.48790783113647856,-0.7468446947984209,0.04214907571162737,0.012078732421717324
ASAS_J231922-0852.2_B,0.2708774118507776,1.101501875716959,-1.5807117014865577,-0.8713892321378794,0.11772790383542292,0.09492366457115124,0.3445107128843767,0.05077905502010845,-1.1438635285565233,-1.1478586111994358,0.006021296530232482,0.02415746484343465
KIC9512063,-0.4311486935901844,-1.3981546246566892,-1.2952599679537886,0.329840093417806,0.15639529139840883,0.035375961465047505,0.5020013244886631,0.1639339223403768,-0.2286264559611867,1.130190323536451,0.3031842024643353,0.08884234788247071
KIC6689943,-0.33946869518422057,0.14171815616421019,0.3288619642154157,-0.2449788094098215,0.14560940923300134,0.0661381845812988,0.49215816126339523,0.11155430378761814,-0.10820052535653696,-0.2564481584766974,0.417447381230016,0.09347795280023521
BW_Aqr B,0.8442818724692532,-0.34872077745340446,-0.005805585443693063,0.4634905662307317,0.26964705413518764,0.1160178122536293,0.5413739773897347,0.1693989275470818,1.0900374841597271,0.490017505185433,0.12042593060464962,0.0966298593737386
AD_Boo A,1.1813406901382377,0.16808584076730718,0.8308632887040789,0.22340719409565887,0.3235764649622252,0.042188295364956115,0.7382372418950928,0.14461874869726887,1.3128254557783285,0.06967761690967035,0.054191668772092326,0.0338204507808085
KIC11127479,-0.37452281222179495,0.45813037140137897,1.3230214499674742,-0.6369931141650587,0.15369882085705697,0.05488869671638094,0.3549002996297688,0.07880291215839882,-0.20454126984025675,-0.514933032301448,0.35550015306910876,0.05834424787624169
KIC8179536,0.7579948151459932,0.7112601435911159,0.4912741574323361,-0.4879058086260203,0.13482352706759382,0.03306285105970385,0.49215816126339523,0.09058165466569085,0.5601633894992684,-0.5294275112075089,0.26145096652303057,0.03867817634056893
KIC4842436,-1.2104286800408768,-0.3118060190090696,1.022804971596803,-0.42006499111915546,0.16987764410516823,0.12535054347462035,0.49215816126339523,0.10347201934065542,-0.6440959165472276,-0.03661522840144219,0.36864821101280043,0.13407908387618664
KIC5431016,1.2514489242133866,-1.2557691277999616,-0.9605924182946798,1.958425946022725,0.16718117356381634,0.08427983714802961,0.4970797428760292,0.32136016551351476,0.8431643264201959,1.3451917606430193,0.7823891861742801,0.1541509573377924
V570_Per_B,0.892818342213587,0.8009102712416494,1.1753740015884555,-0.3392247355271427,0.07145646934582472,0.05800890612681465,0.049215816126339525,0.044685568417695436,0.9750307204322874,-0.5028542998797311,0.055094863251627206,0.0338204507808085
KIC9664694,-0.15341222783094108,-1.730387450655717,-0.9999650711957514,1.9039907990411684,0.1483058797743532,0.06415534524621971,0.49215816126339523,0.29458442464279094,0.33737541788066705,1.709969479778883,0.33082579813593693,0.14154733272783016
KIC9641031_B,-1.7443298472285482,1.9347207091748442,-1.8120260372803534,-1.2857463211019642,0.6471529299244504,0.12129134917424882,0.05905897935160743,0.04874789281930411,-1.473830578413263,-1.6551653729115636,0.023483056467906677,0.057977915624243155
KIC7739672,-0.18307340378581174,-0.45946505278641375,0.7570395645145697,0.12144285161528097,0.1483058797743532,0.12048618028367172,0.4872365796507613,0.1415334275323825,0.19286430115508738,0.3571514485465426,0.5822600609012855,0.12752913394350981
KIC7870112,-1.2967157373641367,-0.28016479748535134,2.066180273475201,-0.39447234738902076,0.21302117276679824,0.15518900112848674,0.4872365796507613,0.1014497020387707,-0.27077553167281343,0.04793589855057888,0.5650967465261321,0.1805829417103493
KIC9965715,2.4082347864533418,0.8589191773684647,-1.6496138440634331,-0.5037488737922942,1.09207056924751,0.07702704689743703,0.49215816126339523,0.09157218666136782,0.2952263421690403,-0.6888667791741777,0.4395958865669067,0.09019505720511126
KIC11723674,0.2942018820334704,-1.8042169675443915,0.033567067457378585,2.528776292008583,0.16987764410516823,0.07932558388350056,0.49215816126339523,0.3781823079083476,1.2285273043550737,2.1278936215703026,0.3697095698989432,0.15450736449535998
UCAC4_625-128029_B,-1.7300115886539686,-1.4192487723391674,-0.17806094188588134,-0.3392247355271427,0.11853684499782849,0.6961068735217759,0.09843163225267905,0.7738727985064529,-1.264289459161173,0.7726598438536184,0.04214907571162737,0.5966893816328358
KIC9204313,-0.7655110407178171,-0.28016479748535134,-0.43890476735548084,-0.6938656557875802,0.15369882085705697,0.06437172373960966,0.49215816126339523,0.07429926455221575,-1.0716079701937335,-0.18639151043073712,0.36264766387041114,0.08074994623528708
KIC3952307,0.19712894254480284,-1.2294014431968647,-0.2420415028501227,0.9899678086792159,0.3181835238795214,0.07345186836271379,0.49215816126339523,0.1978161058398874,0.47586523807601355,1.185752492676351,0.39349224608219424,0.11581262579689444
KIC11708273,-0.47968516333451816,-0.3170795559296862,1.519884714472832,-0.22263602520097373,0.25886117196978015,0.11865458071393906,0.615197701579244,0.11626202632244044,-0.7585005506216442,-0.06077269324487686,0.9031944795348722,0.1932597187474772
KIC11401755,-0.6091157493194083,-0.5385681065957095,-0.5422579812207937,-0.34247459504842964,0.17796705572922386,0.021094147682478057,0.3549002996297688,0.05930993626348667,-0.8247348124542022,0.11316105362785221,0.15354306152092828,0.04348343671818237
EPIC201860743,-0.5686686911991301,-1.0342805771339432,0.24027349518800456,0.11941168941447668,0.21032470222544636,0.0738295168886732,0.5413739773897347,0.15215854831247858,-0.33700979350537147,0.7122661817450314,0.3010648265116241,0.07247239453030394
EF_Aqr A,0.035340710063690266,0.7323542912735963,0.3387051274406836,-0.6191188867979805,0.17527058518787197,0.0369147584443366,0.49215816126339523,0.043873103537373705,0.28920504563880717,-0.5970684127691259,0.048170372241859855,0.028988957812121578
TIC369605666_B,-1.7551157293939557,2.208944629047057,0.09262604680898599,-1.3466811871260946,0.31279058279681765,0.2636768460309757,0.049215816126339525,0.014218135405630368,-2.221675607468138,-1.9233132326736881,0.14451111672557956,0.10629284531111244
EPIC206070413,0.8334959903038457,0.09952986079925402,-0.3011004822017302,0.012166325212007707,0.19144940843598324,0.0738295168886732,0.3937265290107162,0.12870971666373465,0.20490689421555236,-0.15740255261861552,0.4214907571162737,0.0966298593737386
KIC8012842,-0.7762969228832246,0.5794217205756308,1.0867855325610443,-0.7694248896575016,0.15639529139840883,0.12535054347462035,0.49215816126339523,0.06637505286613597,-0.5357125790030428,-0.6767880467524606,0.41068877091836004,0.1150853302894588
EPIC205962429,-0.14801928674823733,-0.796971415706063,-0.8424744595914648,0.22218849677517624,0.17527058518787197,0.06328244304743416,0.3937265290107162,0.15149879270613237,-0.2767968282030466,0.49484899815412,0.24085186120929925,0.0966298593737386
2MASS_J05282082+0338327_B,-3.7370215772875848,-0.3065324820884483,0.4617446677565324,-0.9925439950914565,0.0701082340751488,0.03164122152371708,1.353434943474337,0.01388705596689926,0.7889726576481029,0.3619829415152296,0.048170372241859855,0.02415746484343465
DS_And_B,-0.4490802226901734,0.7165336805117372,0.19105767906166507,-0.8226413393185753,0.16097929131870703,0.13183842301548784,0.09843163225267905,0.06905951482734748,-0.6561385096076926,-0.7975753709696339,0.10236204101395219,0.014494478906060789
KIC4465324,-0.7736004523418727,0.2419153576559816,0.5208036471081399,-0.6573047361731021,0.1590917619397607,0.06372038919454394,0.49215816126339523,0.07836134399566301,-0.7043088818495524,-0.47628108855195317,0.4167120364125578,0.08458962670374223
ASAS_J085002+1752.5_A,1.1448035143029194,0.14171815616421019,0.2894893113143441,0.11981792185463767,0.24769778392858338,0.0738295168886732,1.328827035411167,0.2254590042892815,0.7829513611178711,-0.03419948191709899,0.006021296530232482,0.02657321132777811
KIC4739932,-0.7034922182667239,-0.7916978787854441,0.37807778034175527,0.08488193200080293,0.2993082300900583,0.08519659407984703,0.49215816126339523,0.13131399605967475,-0.1804560837193268,0.5310851954192717,0.36628508996589715,0.1146726652277638
KIC9700430,-0.06982164104903292,0.12062400848172976,0.45682308614389844,-0.4160026667175467,0.24268234872166888,0.08442035581281644,0.49215816126339523,0.09823354031085998,0.15071522544346064,-0.179144270977707,0.47624139789850883,0.11128722723374569
KIC11922782_A,-0.39609457655261,-0.143052837549245,-0.7588075721766877,-0.49359306278827253,0.2966117595487064,0.17402671838044398,0.05905897935160743,0.10968275884343427,-0.7765644402123423,-0.20330173582114167,0.06021296530232481,0.1376975496075775
EPIC201367904,0.30768423474022977,-1.1872131478319086,0.24027349518800456,1.1532732496238847,0.21032470222544636,0.06855597996805368,0.3937265290107162,0.2428535397978121,0.6263976513318265,1.1954154786137248,0.3010648265116241,0.12078732421717324
TIC46299496_A,-0.21812752082338613,1.2597079833355458,-2.4173805756343296,-0.9282617737604009,0.304701171172762,0.05273536920619514,0.14764744837901855,0.016249297606434704,-0.43937183451932305,-1.099543681512567,0.16859630284650948,0.04348343671818236
KIC8114155,-1.0135863305221897,-0.27489126056473007,0.43221517808072873,-0.4680004190581378,0.1617882324811126,0.11640821482863123,0.49215816126339523,0.09632262900582986,-0.8006496263332723,-0.11391911590043313,0.3566484835623342,0.12724617393417897
KIC3425851,0.5557595245446024,0.5372334252106746,0.25995982163854037,-0.44565763484929,0.2291999960149095,0.042188295364956115,0.3549002996297688,0.06479407420565839,-0.10820052535653696,-0.5439219901135697,0.2950435299813916,0.03985981699166717
KIC6232600,0.8038348143489751,0.6005158682581065,-1.1082398666736981,-0.49359306278827253,0.18875293789463135,0.054294384926037886,0.49215816126339523,0.08122669435652669,-0.38518016574723135,-0.6598778213620561,0.35571545054784376,0.059664536673189106
KIC2865774,-0.16959105107905234,-0.5860299388812822,0.0434102306826465,0.07025756415501187,0.16987764410516823,0.12392811763455858,0.7382372418950928,0.14480968485009596,0.5059717207271767,0.49484899815412,0.963407444837197,0.22949591601262914
KIC10586004,-0.9893180956500228,-0.3698149251358849,1.5986300202749752,-0.43712675360591186,0.22380705493220576,0.02636768460309757,0.3549002996297688,0.06215356334461274,-0.10820052535653696,0.16389172979906527,0.15354306152092828,0.025365338085606377
KIC6933899,-0.47698869279316625,-0.26961772364411346,0.513421274689189,-0.35682678715931315,0.30739764171411393,0.05273536920619514,0.025592224385696548,0.09281801909015584,-0.33700979350537147,0.06001463097229648,0.18063889590697443,0.02415746484343465
EPIC206064678,-1.550183968251213,1.6446761785407724,1.6183163467255113,-1.1655827653023798,0.19144940843598324,0.06855597996805368,0.5413739773897347,0.036135041367278596,-1.1197783424355934,-1.4619056541640865,0.24085186120929925,0.0483149296868693
KIC10971974,-0.2882357548985349,0.8958339358127996,-0.04025665673213069,-0.8847949026631879,0.15639529139840883,0.09851780147110412,0.5020013244886631,0.05528602154532765,-0.8367774055146672,-0.9545988924519591,0.3558841070636556,0.08060333458115228
KIC8077137,-0.1749839921617561,-0.44891797894517593,0.18121451583639714,-0.2608218745760954,0.20223529060139073,0.06064567458712441,0.3549002996297688,0.10054252893981473,-0.47549961370071797,0.11316105362785221,0.2679476955953454,0.03261257753863677
KIC8367710,0.5800277594167693,-0.8497067849122594,0.4076072700175589,1.1211808868511763,0.17796705572922386,0.052120891410667634,0.49215816126339523,0.22983556492018736,1.5596986135178612,1.1012013657243294,0.5636412877607891,0.10860831295101758
AL_Ari_A,0.6230634292567454,0.46340390832200024,-1.7283591498655761,-0.42047122355931627,0.0686791046882323,0.02636768460309757,0.3937265290107162,0.044685568417695436,-0.19249867677979177,-0.514933032301448,0.006021296530232482,0.009662985937373858
KIC11027406,0.3049877641988779,0.3104713376240348,-1.0344161424841891,-0.7194582995177149,0.2534682308870764,0.061340162484811556,0.4872365796507613,0.07209424258543892,-0.7825857367425741,-0.5511692295666003,0.37798135912448094,0.07130743944017305
KIC8915084,-0.8625839802064846,-0.000667340692517414,0.7816474725777393,-0.4517511214517031,0.1617882324811126,0.0782765402780294,0.49215816126339523,0.09304190110011241,-0.39120146227746316,-0.20330173582114167,0.5398736798721051,0.09735169891773932
KIC9292130,0.10544894413883905,-1.319051570847396,0.5798626264597473,1.0553712315451158,0.1402164681502976,0.061725167594775227,0.49215816126339523,0.22015373130297752,0.9093985882527527,1.4273271411106976,0.3625579947224829,0.12431040903012273
KIC7174470,-0.048249876718217906,-1.3665134031329709,1.2836487970664023,1.2848925602360062,0.22650352547355762,0.11580804941230628,0.49215816126339523,0.24065199355579328,1.3007828627178635,1.6447443247016091,1.0363425486624993,0.2130820878728137
UCAC4_570-022931_A,0.8079604142772427,-0.48055920046889417,0.6487647690366226,1.5578807600241091,0.06689943413094006,0.2162150137454001,0.11319637709058089,0.9973006405949301,0.45178005195508364,1.5456987188435272,0.24085186120929925,0.36477771913586315
KIC11188219,-0.3044145781466462,0.5319598882900534,0.7767258909651054,-0.7182396021972323,0.16718117356381634,0.09209836189239243,0.49215816126339523,0.07041557558514609,-0.2587329386123485,-0.5825739338630651,0.3766234995545965,0.08456094454573364
EPIC206201061,1.219091277717164,-0.7600566572617281,0.24027349518800456,0.8790663525152992,0.19144940843598324,0.06855597996805368,0.5413739773897347,0.22099394998361105,1.2887402696573986,0.9296833653359434,0.6021296530232482,0.14494478906060787
KIC12735580,0.08927012089072779,-0.7758772680235849,0.6340000241987207,0.22096979945469358,0.1725741146465201,0.15556933915827564,0.7382372418950928,0.15744265455748802,-0.15637089759839684,0.5431639278409893,0.963407444837197,0.2174171835909118
V2653_Oph_B,0.5746348183340656,-1.0553747248164211,-0.5274932363828919,0.8263983166484428,1.7527058518787197,0.13183842301548784,0.2756085703075013,0.9939573476124061,0.4638226450155486,1.0021557598662474,0.11440463407441714,0.135281803123234
2MASS_J05282082+0338327_A,-2.7878639467317243,-0.4963798112307533,0.4617446677565324,-0.7181746050068065,0.0701082340751488,0.03164122152371708,1.353434943474337,0.019314321367448452,1.0238032223271705,0.6035575899495758,0.06623426183255729,0.02415746484343465
KIC10666592,0.5746348183340656,-0.6545859188493354,1.337786194805376,0.7836017290774951,0.21571764330815013,0.042188295364956115,0.3549002996297688,0.12715075377035157,1.8125930677876256,0.968335309085439,0.24687315773953175,0.03985981699166717
KIC7103006,0.4667759966799905,-0.5860299388812822,0.9563636198262446,0.5407072284565094,0.2076282316840945,0.10547073841239028,0.021162800934325994,0.11135846765909783,0.9876754431457756,0.7605811114319008,0.18063889590697443,0.0483149296868693
EPIC206094605,1.0788748095668665,-0.8549803218328783,0.5355683919460418,1.133774092496163,0.21032470222544636,0.0738295168886732,0.3937265290107162,0.23530953608307917,1.2285273043550737,1.0263132247096816,0.662342618325573,0.16910225390404254
KIC10322381,0.8820324600481795,0.3051978007034135,-1.437985834720173,-0.4866871113055378,0.16987764410516823,0.15066553518469772,0.49215816126339523,0.08665806757951079,-0.3490523865658364,-0.4448763842554878,0.40172359929088325,0.15166380863461115
KIC7429287,-0.9030310383267628,-0.43837090510393806,-1.536417466972852,-0.4980616196300419,0.1617882324811126,0.05895993577507918,0.49215816126339523,0.09516513953957118,-1.5593329891425642,-0.2105489752741718,0.3140490479873764,0.08811102653351892
KIC11133306,-0.41766634088342497,0.9116545465746587,0.2156655871248348,-0.8925133190262444,0.22111058439085388,0.029004453063407324,0.3549002996297688,0.03473287363375418,-0.8247348124542022,-0.9570146389363022,0.21074537855813685,0.028988957812121578
KIC2010607,0.6042959942889362,-1.6987462291320012,-0.005805585443693063,2.7968897025147554,0.19144940843598324,0.1432617213837724,0.49215816126339523,0.40075603810305394,1.2405698974155388,1.9926118184470683,0.4551963914915277,0.24461141207529336
KIC10518551,0.2834159998680629,-1.2821368124030588,-0.9753571631325817,1.3385152423372406,0.1617882324811126,0.049553132454501096,0.4970797428760292,0.2499980139076468,0.3253328248202021,1.1954154786137248,0.3306144325638362,0.09046364835435326
KIC3545753,0.18634306037939535,-1.7251139137350981,-1.3247894576295922,1.7102179250844345,0.15639529139840883,0.08088935106010878,0.516766069326565,0.2928165010632109,0.373503197062062,1.7172167192319125,0.35875337528624196,0.13846443195265204
KIC6612225,0.6393501113265107,-0.6967742142142915,-1.3198678760169584,0.7003240788445176,0.14560940923300134,0.05895993577507918,0.49215816126339523,0.19458521128006936,-0.06003015311467706,0.47793877276371544,0.4007701059107831,0.11941092125301425
TIC100520485_A,-0.12644752241742233,-0.32235309285030744,-1.7283591498655761,-0.20923035467566511,0.3424517587516883,0.10547073841239028,0.24607908063169762,0.04062324401608677,0.1326513358527625,0.13007127901825674,0.09031944795348722,0.09904560585808206
V*_V714_And_B,0.6993465808715899,-0.23797650212039517,1.1655308383631877,0.253874627107724,0.09807063358896774,0.3005916044753123,0.049215816126339525,0.15843065166273837,0.8913346986620558,0.31849950479704714,0.6201935426139455,0.06280940859293008
KIC10003270,1.2325736304239234,-1.5458136584340358,-0.5521011444460617,2.4463111066559264,0.18605646735327946,0.11924188661048307,0.49215816126339523,0.3799425736001983,1.3248680488387936,1.876655987198582,0.9354036200089296,0.25779184205757577
ASAS_J090232-5653.4_A,2.4101762452431155,0.31574487454465133,-0.39953211445440917,0.5341750108187224,0.2654135953852652,0.03164122152371708,0.6398056096424138,0.270144572706977,1.4452939794434432,-0.14049232722821153,0.04214907571162737,0.007247239453030394
TIC126323537_B,1.262234806378794,0.04679449159306001,-2.269733127255311,-0.03455040540649198,0.5096329323155047,0.10547073841239028,0.24607908063169762,0.05687254162252147,-0.3309884969751383,-0.2516166655080105,0.09634074448371971,0.11837157773282977
V636_Cen B,-3.0656004124909675,2.0612855952697124,-0.6456111950861069,-1.3950228475052378,0.26964705413518764,0.02636768460309757,0.3937265290107162,0.0138119029654695,-2.0591006011518607,-1.8121888943938889,0.018063889590697445,0.009662985937373858
KIC10025841,-1.0756051529732829,-0.07449685758119184,1.3082567051295722,-0.26163433945641706,0.5042399912328009,0.19888124857752898,0.49215816126339523,0.11038760381324371,-0.45141442757978806,-0.15498680613427232,0.6919800239131406,0.21699554765464724
KIC11229052,0.9656230468300877,0.2999242637827969,0.24027349518800456,-0.14301446692944378,0.1375199976089457,0.08437659072991223,0.7382372418950928,0.12058147310965431,0.4457587554248518,-0.2540324119923542,0.8128750315813851,0.1449447890606079
KIC10355856,0.7849595205595119,-0.26961772364411346,-0.20365316627157792,0.29468473804628476,0.059322351909741285,0.05273536920619514,0.026576540708223344,0.033203408496548514,1.108101373750424,0.32574674425007727,0.12042593060464962,0.02415746484343465
KIC5450445,-0.06712517050768105,-0.8233391003091624,0.5847842080723812,0.6739189702340611,0.22650352547355762,0.04746183228557562,0.44294234513705566,0.18909264523346164,1.1683143390527488,0.9779982950228128,0.3913842744651113,0.0966298593737386
KIC8430105_B,-1.2994122079054886,2.414612568951221,-1.9252224143709344,-1.3436628800956991,0.21571764330815013,0.020566793990416107,0.49215816126339523,0.012054947661773747,-2.303565240279299,-2.0189767934536897,0.030106482651162406,0.009783773261591031
KIC7940546,0.26454070607859975,-0.7057392269793472,-0.6456111950861069,0.9603128405474728,0.2076282316840945,0.011601781225362932,0.49215816126339523,0.05687254162252147,1.2206996188657724,0.8605930158837205,0.12584509748185888,0.04348343671818236
KIC9116461,0.8982112832962907,0.9643899157808528,-0.23219833962485487,-0.5780894103417329,0.1267341154435382,0.0661301529845687,0.49215816126339523,0.07860956460980695,0.07243837055043764,-0.8072383569070078,0.31557592535086443,0.07137702984914754
KIC9821513,1.1139289266044408,-0.49110627431013204,-1.1722204276379395,0.8173190216108472,0.17527058518787197,0.07197081133916856,0.4970797428760292,0.19833123213549292,0.5722059825597333,0.4586128008889677,0.4957448199252269,0.13938735340251657
TV_Cet_A,2.063086557160301,0.5055922036869563,-0.2617278293006585,0.27523839113578386,0.40447058120278145,0.10547073841239028,0.024607908063169762,0.16655123814155412,1.1382078564015872,-0.24436942605498033,0.31310741957208904,0.0483149296868693
TIC39022841_A,-0.6010263376953526,1.5761201985727191,-0.5963953789597672,-1.1679389134553126,0.27234352467653955,0.10547073841239028,0.14764744837901855,0.024373946409652056,-2.047058008091396,-1.585108724865603,0.2890222334511591,0.14252904257626442
EPIC211563123_A,-0.4447119404131836,-1.7989434306237726,-0.8129449699156612,0.465115495991375,0.029094917141186744,0.21094147682478057,0.049215816126339525,0.4732607927874108,-0.2888394212635116,1.197831225098068,0.054191668772092326,0.25365338085606376
KIC11456910,0.6717077578227331,-0.3118060190090696,-0.940906091844144,-0.05973681669646588,0.16448470302246446,0.10283396995208052,0.7382372418950928,0.1303584158969168,0.6263976513318265,0.3015892794066426,0.8429815142325474,0.18118098632575988
KIC7680114,-0.9084239794094665,0.19972706229102546,0.6241568609734528,-0.6512112495706891,0.15100235031570508,0.040272316567725085,0.49215816126339523,0.08160095549118201,-0.6019468408355996,-0.4255504123807401,0.28570808775573303,0.05322348617628002
KIC7177553_B,-1.070212211890579,1.813429360000597,1.34270777641801,-1.202058376104424,0.3775058757892627,0.042188295364956115,0.06398056096424137,0.03454397554907938,-1.264289459161173,-1.5561197670534817,0.09031944795348722,0.012078732421717324
Tyc_5227-1023-1_B,-0.5599051619397365,1.2597079833355458,-2.761891288518706,-1.1070040474311826,0.25581416025805254,0.05273536920619514,0.5413739773897347,0.06093486602413015,-2.149420049105348,-1.469152893617117,0.030106482651162406,0.009662985937373858
KIC7910848,-0.16959105107905234,-0.15887344831110414,0.8800791048304183,-0.032519243205687685,0.15100235031570508,0.1242667419873054,0.49215816126339523,0.12760454465474694,0.46984394154578174,0.1252397860495698,0.5233672889484001,0.13418067930245894
KIC1435467,0.1108418852215428,-0.21688235443791942,0.7314473401288729,-0.10232216339852954,0.23459293709761325,0.05273536920619514,0.022639275418116177,0.08365138407792586,0.2651198595178772,0.15664449034603461,0.12042593060464962,0.02415746484343465
KIC9049593,-0.940781625905689,0.29465072686217564,1.332864613192742,-0.49196813302762904,0.1590917619397607,0.10184891544360415,0.49215816126339523,0.08820503889749275,-0.2346477524914185,-0.413471679959023,0.5624605596815828,0.12659855820090968
KIC9791157,-0.768207511259169,-1.1186571678638553,0.10739079164688786,0.29652903332461494,0.16987764410516823,0.0614994813087204,0.49215816126339523,0.16566945253894602,-0.06003015311467706,0.8861999286177611,0.32162457060993727,0.09331573904743128
HD181420,1.2460559831306828,0.15226523000544803,0.33476786215057647,0.26756872266554693,0.04044705812027815,0.05273536920619514,0.025100066224433157,0.02792848026105965,1.3489532349597235,0.08417209581573115,0.12042593060464962,0.02415746484343465
KIC11460626,0.10544894413883905,-1.4192487723391674,-0.3700026247786054,1.2812364682745583,0.16718117356381634,0.10239356633676575,0.4872365796507613,0.2532006602822734,0.5420994999085716,1.4176641551733238,0.3452074601743152,0.16486566387246326
VZ_Cep A,1.437505391566666,0.3790273175920879,0.6340000241987207,0.19903324768600697,0.43143528661630026,0.042188295364956115,0.44294234513705566,0.1868669224739991,1.2405698974155388,-0.0656041862135638,0.09031944795348722,0.028988957812121578
Kepler-34B,-0.7277604531388908,1.2085546752055387,-0.005805585443693063,-1.0338822082022263,0.35054117037574395,0.011601781225362932,0.7382372418950928,0.044685568417695436,-1.0547483399090831,-1.189651025378578,0.01324685236651146,0.0071264521288132215
KIC10273246,0.5530630540032505,-1.361239866212352,-0.9507492550694119,1.0472465827418982,0.1590917619397607,0.04118764173426856,0.49215816126339523,0.23036308942986658,0.5481207964388034,1.3572704930647363,0.31744880146622106,0.07369913596039164
KIC10351059,1.0599995157774034,-0.2959854082472105,1.1261581854621159,0.7080424952075738,0.15639529139840883,0.0759243160493455,0.49215816126339523,0.18658277344415003,1.6500180614713478,0.5649056462000802,0.43704776720540855,0.10959930530531792
KIC3439031_B,1.0635318921865753,0.48449805600447593,0.8308632887040789,-0.24172894988853455,0.26417321893624335,0.010547073841239029,0.6398056096424138,0.1828045980723904,0.18684300462485556,-0.44004489128680085,0.006021296530232482,0.0024157464843434645
KIC11389437,0.05691247439450527,-0.4330973681833168,0.2255087503501027,0.02354083353651201,0.14291293869164945,0.0592614502485156,0.4872365796507613,0.12654173659578144,-0.023902373933282144,0.2532743497197733,0.45384848211415946,0.09967514818402871
KIC5636956,0.6258677586197512,-0.8760744695153563,0.8013337990282751,1.4270739142923097,0.1617882324811126,0.06675894579606724,0.49215816126339523,0.2590664361339813,1.6138902822899528,1.1350218165051384,0.6008052477768856,0.14504585906201983
KIC6593620,-0.9326922142816334,-0.570209328119423,-0.940906091844144,-0.5037488737922942,0.1617882324811126,0.08032412018911447,0.49215816126339523,0.0904204535087862,-1.2703107556914055,-0.010042017073664327,0.33255200449976186,0.10278028348984873
KIC5353186,0.07848423872532029,-1.3085044970061581,0.6979805851629621,1.5619430844257176,0.1483058797743532,0.06670555387151442,0.49215816126339523,0.26613835956739795,0.9997180362062406,1.453900352438475,0.8980531172156784,0.20772670766641937
KIC8228742,0.1000560030561353,-0.6387653080874809,0.0434102306826465,0.1883208982389649,0.2291999960149095,0.05273536920619514,0.024607908063169762,0.09787155064575703,0.2651198595178772,0.5431639278409893,0.12042593060464962,0.02415746484343465
KIC3439031_A,1.0635318921865753,0.4686774452426215,0.8308632887040789,-0.2336043010853172,0.26417321893624335,0.005273536920619514,0.6398056096424138,0.1828045980723904,0.1808217080946224,-0.430381905349427,0.006021296530232482,0.0024157464843434645
EPIC204624076,0.6582254051159737,-0.744236046499869,-0.3011004822017302,0.929032942655086,0.19144940843598324,0.0738295168886732,0.5413739773897347,0.19429333083441916,0.1446939289132275,0.5914788575278587,0.3010648265116241,0.0966298593737386
KIC8950146,0.6393501113265107,0.7429013651148342,0.26980298486380827,-0.5025301764718115,0.1617882324811126,0.0755055576663214,0.4970797428760292,0.08726404451049875,0.24705596992718043,-0.6163943846438736,0.348345630467997,0.07779303751012667
CD_Tau A,0.1701642371312841,-0.2854383344059726,0.7324316564513998,0.18684627448118085,0.13482352706759382,0.05273536920619514,0.7382372418950928,0.06946574726750837,1.4754004620946064,0.5141749700288677,0.09634074448371971,0.041067690233838904
EPIC205995584,0.7984418732662714,-0.3118060190090696,-0.005805585443693063,0.38955626212145367,0.19144940843598324,0.06855597996805368,0.3937265290107162,0.15555294452350987,0.6866106166341512,0.3015892794066426,0.4214907571162737,0.0966298593737386
TIC126323537_A,1.7529924449048355,-0.48055920046889417,-2.269733127255311,0.5910475524412442,0.3586305819997996,0.05273536920619514,0.24607908063169762,0.054841379421717136,-0.30690331085420836,0.19529643409553007,0.28300093692092665,0.06522515507727354
ASAS_J090232-5653.4_B,1.4737459556424342,0.5425069621312912,-0.39953211445440917,-0.14017083984831766,0.2703211717705256,0.0369147584443366,0.6398056096424138,0.1970227334780208,1.0599310015085655,-0.46661810261457926,0.048170372241859855,0.007247239453030394
KIC10972873,-0.5632757501164263,-0.9129892279596935,0.05817497552054834,-0.1369209803270307,0.1725741146465201,0.043276160112468404,0.4970797428760292,0.12402586881565304,-0.11422182188676877,0.6663669985425058,0.31250858055761954,0.08641379190239401
KIC7871531,-2.1784616043862,1.6815909369851072,-2.086158133104065,-1.3304562634660695,0.8116376329469148,0.10547073841239028,0.039372652901071614,0.05167276638846236,-2.384250613784414,-1.7276377674418677,0.24085186120929925,0.0483149296868693
KIC8610483_A,-1.1780710335446543,-0.3750884620565015,-0.8916902757178043,-0.7413948512864017,0.40447058120278145,0.021094147682478057,1.230395403158488,0.08124648803217353,-1.6616950301565165,-0.29993159519487983,0.12042593060464962,0.02415746484343465
WZ_Oph B,-0.05903575888362542,0.42121561295704407,-0.9901219079704835,-0.5264978904413028,0.26964705413518764,0.042188295364956115,0.3445107128843767,0.07352807166911704,0.1446939289132275,-0.4013929475373054,0.03612777918139489,0.028988957812121578
KIC11922782_B,-0.7390856294125682,1.908353024571747,-0.7588075721766877,-1.2421819542191128,0.33058728836974005,0.3375063629196489,0.05905897935160743,0.0413463377595731,-2.1674839386960456,-1.7783684436130804,0.03612777918139489,0.15219202851363828
KIC8408931,0.3103807052815817,-2.3421177334475813,-0.2715709925259264,3.1706235474627538,0.3235764649622252,0.06378835453837688,0.4970797428760292,0.416492820269776,1.7885078816666957,3.094192215307688,0.44717401340021695,0.12864842417784716
KIC9446628,0.434418350183768,-0.9288098387215526,-0.9802787447452156,0.6060781527271962,0.1590917619397607,0.1569933365123398,0.4970797428760292,0.1786158187931814,0.10254485320160074,0.7436708860414968,0.44432076182640096,0.2153999144891608
EPIC206088888,-0.4635063400864069,0.5319598882900534,0.24027349518800456,-0.6877721691851671,0.19144940843598324,0.06328244304743416,0.3937265290107162,0.07298731251276981,-0.6982875853193193,-0.6888667791741777,0.36127779181394887,0.07247239453030394
GX_Gem A,0.15398541388317283,-1.340145718529874,-0.2518846660753906,1.3685764429091447,0.26964705413518764,0.021094147682478057,0.49215816126339523,0.2018975227599512,1.7584013990155325,1.809015085636965,0.06623426183255729,0.028988957812121578
EPIC211770390_B,-2.138796522722914,-1.9571495382423572,0.506038902270238,-0.3595363575351862,0.6479079416760288,0.8068511488547856,0.3297459680464748,1.1760429142657118,-2.028994118500698,0.9973242668975605,0.18063889590697443,0.8020278328020303
KIC7622208,1.264931276920146,-0.7020477511349128,0.3387051274406836,1.0785264806342854,0.2669505835938358,0.07119274842836344,0.7382372418950928,0.25055898272165966,1.1683143390527488,0.8088960411187701,0.9031944795348722,0.2053384511691945
KIC8494142,0.019161886815579003,-0.543841643516326,0.6241568609734528,0.4033681650869231,0.2858258773832989,0.02636768460309757,0.3549002996297688,0.10196434248037778,1.3369106418992585,0.729176407135436,0.1475217649906958,0.028988957812121578
KIC11971746,-0.4985604571239813,0.3895743914333258,1.224589817714795,-0.6260248382807154,0.20223529060139073,0.10283396995208052,0.7382372418950928,0.0763113862323173,-0.5176486894123448,-0.5680794549570044,0.8128750315813851,0.1570235214823252
V568_Lyr A,-1.27244750249197,0.1944535253704042,1.7167479789781903,-0.8181727824768057,0.26964705413518764,0.05273536920619514,0.24607908063169762,0.05809123894300407,-0.7283940679704825,-0.44729213073983154,0.048170372241859855,0.03865194374949543
KIC5084157,-0.9003345677854109,0.31574487454465133,0.9539028290199276,-0.5988072647899372,0.22380705493220576,0.05895993577507918,0.49215816126339523,0.08004312233021503,-0.5658190616542046,-0.5004385533953878,0.4692737522565093,0.1134820923540397
HIP93427,-0.32598634247746117,0.8378250296859843,0.09262604680898599,-0.7629251706149277,0.16987764410516823,0.05273536920619514,0.09843163225267905,0.0012186973204826028,0.3554393074713638,-0.72510297643933,0.475682425888366,0.06522515507727354
KIC10024648,0.7337265802738263,-0.7758772680235849,0.3091756377648799,0.8327558543369603,0.42334587499224463,0.08035107587308422,0.49215816126339523,0.2040975354745084,1.4934643516853032,1.0021557598662474,0.6773595723076148,0.13365838041806496
KIC8524425,-1.2832333846573774,-1.0079128925308438,1.0021343288237403,-0.3224595227217037,0.4503105804057634,0.05273536920619514,0.024115749901906364,0.14606899850864316,-0.7585005506216442,0.5431639278409893,0.12042593060464962,0.02415746484343465
KIC10398597,0.7418159918978819,-0.7916978787854441,0.8899222680556862,1.195521423400615,0.17527058518787197,0.1275498404061432,0.49215816126339523,0.23051070089295053,1.6500180614713478,1.0383919571313998,0.5734524846678944,0.1814610124109855
EF_Aqr B,-2.5667533623408705,1.6446761785407724,0.3387051274406836,-1.3129638945927424,0.2966117595487064,0.05800890612681465,0.49215816126339523,0.023155249089169456,-1.5051413203704724,-1.5198835697883297,0.03612777918139489,0.028988957812121578
TIC431925451_A,2.2976794942579146,0.5741481836550095,-0.6456111950861069,0.37168203475437567,0.3532376409170958,0.2636768460309757,0.09843163225267905,0.11983856984745594,1.3850810141411185,-0.23470644011760647,0.475682425888366,0.2174171835909118
KIC10324098,0.6285642291611031,-1.2083072955143865,-0.2420415028501227,1.2337072727757368,0.1833599968119276,0.08589126391455792,0.4970797428760292,0.248213775220805,0.7829513611178711,1.2678878731440282,0.7423400677340538,0.1717560275131081
KIC9702369,0.7930489321835675,0.6585247743849219,0.48635257581970215,-0.62358744363975,0.13482352706759382,0.035375961465047505,0.49215816126339523,0.08201137821896315,0.5119930172574085,-0.49802280691104406,0.295987714437056,0.0444129579874421
UCAC4_473-001351_B,-0.04628145322303222,-1.4983518261484583,0.7275100748387658,0.26606160031255016,0.7957014920475252,0.6644656519980587,0.11811795870321486,1.4604056223783193,-1.5894394717937266,0.7170976747137183,0.13848982019534706,0.577363409758088
BN_Scl_A,0.4656165143472084,-0.4330973681833168,-0.7932586434651254,0.40011830556563616,0.05104418734779102,0.01582061076185854,0.2952948967580371,0.052810217220912795,1.2706763800667018,0.6011418434652325,0.006021296530232482,0.007247239453030394
ASASSN-V_J010440.99+051109.8_A,-2.4932745400890317,2.725751247267773,-0.02549191189422882,-1.4076160531502246,0.08380630442521632,0.2689503829515952,0.14272586676638463,0.06702835262654316,-2.318016351951857,-2.0489320498595482,0.012042593060464964,0.17151800038838597
EPIC204356572,0.48295481992810174,0.08370925003739488,-0.005805585443693063,-0.1637323213776479,0.21032470222544636,0.07910305380929271,0.3937265290107162,0.12075967225055258,-0.09615793229607199,-0.20571748230548487,0.4214907571162737,0.0966298593737386
KIC9073645,0.8119242259730307,-1.60909610148147,-0.4093752776796771,1.840618538376073,0.1725741146465201,0.11273534138568506,0.49215816126339523,0.30100009744335504,1.0659522980387972,1.8283410575117125,0.4458374120177324,0.20209333422546594
KIC9098294,-0.614508690402112,0.8905603988921783,-0.51272849154499,-0.9739832349005063,0.46379293311252273,0.05273536920619514,0.08858846902741113,0.07057273066694672,-1.360630203644893,-1.0753862166691324,0.18063889590697443,0.0483149296868693
KIC10019747,-0.9920145661913746,-0.5122004219926125,1.34270777641801,-0.4485012619304161,0.17527058518787197,0.05605846740257584,0.49215816126339523,0.09418979007511277,-0.16841349065886183,0.277431814563208,0.32092291193591754,0.07248689867219593
KIC10655953,1.2325736304239234,1.0118517480664302,-0.020570330281594863,-0.6191188867979805,0.16448470302246446,0.06779390378442342,0.4872365796507613,0.0784725172213294,0.39758838318299194,-0.7685864131575124,0.296524555171802,0.06392768662949048
KIC8491374,1.0330348103638847,-0.8075184895473032,0.3387051274406836,0.7555716907063953,0.17527058518787197,0.12129134917424882,0.615197701579244,0.19351041164570276,1.108101373750424,0.8813684356490741,0.9935139274883594,0.22949591601262914
Tyc_5227-1023-1_A,0.5835601358259414,-0.05867624681933271,-2.761891288518706,-0.4042219259528816,0.23985105465324943,0.05273536920619514,0.5413739773897347,0.14827484065871668,-1.4449283550681478,-0.47628108855195317,0.04214907571162737,0.009662985937373858
*_16_Cyg_B,-0.8895486856200033,1.101501875716959,0.6832158403250603,-1.0391632299243176,0.09707293948866755,0.05273536920619514,0.049215816126339525,0.0008124648803217353,-1.0113950048914087,-1.1406113717464057,0.2589157507999967,0.0338204507808085
KIC6106415,-0.2693604611090718,0.8140941135431956,0.14184186293532552,-0.8368594747242057,0.2076282316840945,0.04640712490145173,0.49215816126339523,0.04732607927874107,-0.769941014029086,-0.885508542999736,0.27457112177860116,0.04348343671818236
KIC9850387_B,0.0783494151982522,1.3440845740654581,-0.6456111950861069,-0.9363864225636181,0.08313218678987835,0.01582061076185854,0.24607908063169762,0.028436270811260735,-0.8066709228635041,-1.2179152592453966,0.012042593060464964,0.0024157464843434645
EPIC206108325,0.7984418732662714,-1.340145718529874,-0.5471795628334277,1.6289714370522608,0.19144940843598324,0.0738295168886732,0.5413739773897347,1.3973297769316035,0.6263976513318265,1.3645177325177669,0.3010648265116241,0.12078732421717324
KIC3657002,-0.35295104789098,0.10480339771987061,0.8899222680556862,-0.44403270508864656,0.1725741146465201,0.06963104056792271,0.49215816126339523,0.09200083053901992,0.13867263238299565,-0.1670655385559894,0.46531084798772987,0.08459926432434153
KIC9139163,0.6636183461986774,0.25773596841784074,1.0100088594039547,-0.05635696279432751,0.11055529219542694,0.05273536920619514,0.020670642773062596,0.042946893573806925,1.4693791655643733,-0.03661522840144219,0.18063889590697443,0.02415746484343465
KIC10920273,-0.8868522150786515,-1.1133836309432341,-0.34539471671543576,-0.11306701144078452,0.7577082221198773,0.05273536920619514,0.09843163225267905,0.2805217803908863,-0.6380746200169944,0.6639512520581626,0.12042593060464962,0.02415746484343465
47_Tuc_E32_A,-0.3001002252804822,0.45285683448076236,-3.1556178175294223,-0.8795138809410966,0.04875218738764192,0.010547073841239029,0.49215816126339523,0.020311622008043383,-2.010930228910001,-0.971509117842363,0.012042593060464964,0.0024157464843434645
KIC10016239,0.9305689297925133,0.9011074727334208,0.31409721937751384,-0.5110610577151897,0.1375199976089457,0.05679773290225597,0.49215816126339523,0.0858479681906881,0.4096309762434569,-0.6936982721428646,0.3422433113716537,0.0606980981041633
KIC8956017,1.262234806378794,-0.41200322050084104,0.9686675738578295,0.8603796602678991,0.23189646655626137,0.130912991115436,0.49215816126339523,0.19593310798451805,1.8125930677876256,0.7146819282293752,0.44950500781948316,0.18071251268878355
EPIC219394517_B,-0.7064853005676236,1.5233848293665206,0.6832158403250603,-1.0663808034150957,0.11087886866038915,0.05273536920619514,0.14764744837901855,0.04062324401608677,-0.7825857367425741,-1.3121293721347915,0.006021296530232482,0.012078732421717324
KIC11389393,0.1000560030561353,-0.6440388450080975,1.027726553209437,0.37168203475437567,0.17796705572922386,0.08325828449052565,0.49215816126339523,0.15291481337209872,1.246591193945772,0.7726598438536184,0.6774848333393331,0.1782614057152755
KIC5955122,-0.6387769252742789,-1.4297958461804052,-0.36508104316597145,0.43933192301436486,0.3451482292930402,0.10547073841239028,0.03445107128843766,0.17709093880152785,0.02426799830857775,1.2920453379874635,0.18063889590697443,0.0483149296868693
*_mu._Her,-1.27244750249197,-0.6387653080874809,1.5691005305991717,-0.4834372517842509,0.04314352866163002,0.05273536920619514,0.049215816126339525,0.008124648803217352,-0.6922662887890875,0.24361136378239942,0.09634074448371971,0.01691022539040425
KIC3456181,0.6663148167400293,-1.013186429451465,-0.39953211445440917,1.377107324152523,0.2076282316840945,0.043506679595110995,0.49215816126339523,0.1092765264032734,1.8156037160527416,1.360410963494383,0.14872602429674228,0.06522515507727354
ASAS_J231922-0852.2_A,0.3485087987362981,-0.40672968358021977,-1.5807117014865577,-0.03455040540649198,0.05069364617741528,0.02636768460309757,0.3445107128843767,0.044685568417695436,-0.3610949796263014,0.13248702550259994,0.006021296530232482,0.009662985937373858
ZTF_J034350.31+515137.1_B,-2.299614025809141,-1.1819396109112896,0.46666624936916634,-0.7088962560735322,0.356365546745064,0.9017748134259369,0.27068698869486735,0.7677793119040398,-1.8242700364727937,0.328162490734421,0.2589157507999967,0.7053979734282916
EPIC204506926,-1.1645886808378947,0.1628123038466859,2.2089061402415853,-0.5894639186662372,0.21032470222544636,0.06855597996805368,0.3937265290107162,0.08424185430420801,-0.6982875853193193,-0.42313466589639687,0.3010648265116241,0.0483149296868693
KIC10215584,-0.3826122238458506,1.1120489495582015,0.2648814032511743,-0.8307659881217925,0.15369882085705697,0.0901142358143047,0.49215816126339523,0.06383191429606713,-0.7705431436821092,-1.0778019631534757,0.3746009340074984,0.07022305432678799
EPIC204926239,0.237576000665081,-1.7092933029732391,0.8308632887040789,1.1735848716319284,0.19144940843598324,0.06328244304743416,0.3937265290107162,0.2424301680047684,1.4693791655643733,2.089241677820807,0.3010648265116241,0.12078732421717324
KIC7833440,0.5126159958829724,-0.543841643516326,-1.959673485659372,0.061320450471472686,0.1590917619397607,0.06372038919454394,0.506922906101297,0.14078505597530713,-0.6380746200169944,0.16630747628340847,0.34659466453283977,0.08427458920471902
HIP97527,0.26723717661995167,0.996031137304571,-0.10423721769637205,-0.6134316326357284,0.218414113849502,0.05273536920619514,0.09843163225267905,0.0024373946409652057,0.9635902570248457,-0.6792037932368038,0.638257432204643,0.08213538046767781
KIC4841753,-0.460809869545055,-1.319051570847396,0.9637459922451955,1.0070295711659727,0.18066352627057572,0.12051591512159862,0.49215816126339523,0.22749022864364918,0.7106958027550813,1.3621019860334238,0.3300756620035523,0.1860565219764761
ASASSN-V_J010440.99+051109.8_B,-3.386291653973947,0.8220044189241251,-0.02549191189422882,-1.3101202675116164,0.1503282326803671,0.358600510602127,0.14272586676638463,0.06702835262654316,-2.101249676863488,-1.2154995127610528,0.012042593060464964,0.14252904257626442
EPIC205974115,-0.042856935635514154,0.4686774452426215,-0.005805585443693063,-0.17835668922343914,0.19144940843598324,0.06328244304743416,0.3937265290107162,0.18724444159282452,-0.2767968282030466,-0.5439219901135697,0.24085186120929925,0.07247239453030394
KIC8216936,0.8092277554316788,-0.6545859188493354,-0.1829825234985153,2.1972906208373146,0.13482352706759382,0.1191244844947878,0.49215816126339523,0.3171017413385321,1.096058780689959,0.7509181254945269,0.5935080625970831,0.2105238244246264
KIC11506988,0.8119242259730307,-0.7758772680235849,-0.7932586434651254,1.2020211424431888,0.7792799864506923,0.13442099006332747,0.49215816126339523,0.2503202155426307,0.3313541213504339,0.6929402098702843,0.8500929514463371,0.08980610269516008
KIC7668623,0.3777924688153786,-1.4878047523072204,0.3190188009901478,1.9795500329110898,0.12943058598489007,0.061559625997300055,0.49215816126339523,0.29931013677499335,1.162293042522517,1.7051379868101955,0.4454003291132511,0.12309221330322341
EW_Ori B,-0.6387769252742789,1.4073670171128947,0.5847842080723812,-1.0208827701170786,0.2561647014284283,0.02636768460309757,0.44294234513705566,0.03696715205463895,-0.43937183451932305,-1.1768475690115574,0.054191668772092326,0.012078732421717324
KIC1725815,1.1139289266044408,-0.8391597110710192,-0.05502140157003256,1.2268013212930018,0.22111058439085388,0.0738295168886732,0.615197701579244,0.23865996656957672,1.4091662002620484,1.0504706895531168,0.7827685489302226,0.1932597187474772
KIC9328372,1.1732512785141822,-0.21160881751729815,1.1261581854621159,0.8993779745233424,0.21571764330815013,0.130912991115436,0.49215816126339523,0.21168812226938702,1.6138902822899528,0.4731072797950285,0.4203873876442395,0.16464162391988552
*_alf_Cen_A,-0.897638097244059,0.943295768098377,1.3230214499674742,-0.9388238172045833,0.0350541170375744,0.2636768460309757,0.049215816126339525,0.0012186973204826028,-0.5116273928821129,-0.8893737373746852,0.15655370978604452,0.012078732421717324
EPIC219511354_A,-2.971196978838238,1.7343263061913012,0.6832158403250603,-1.354399603489151,0.1765109616368938,0.08437659072991223,0.14764744837901855,0.024780178849812925,-1.7098654023983764,-1.6068504432246942,0.03612777918139489,0.01691022539040425
KIC10385708,-0.27205693165042366,-0.570209328119423,0.9342165025693918,-0.050799703012926696,0.1483058797743532,0.08741647362597106,0.49215816126339523,0.12928338267889708,0.18684300462485556,0.4368710825298768,0.5501115127342117,0.10816862897276842
KIC3534307,-0.9596569196951522,-0.195788206755439,-0.8424744595914648,-0.7401761539659191,0.1590917619397607,0.09492366457115126,0.615197701579244,0.07126358702267922,-1.4208431689472176,-0.35066227136609285,0.7225555836278977,0.1570235214823252
KIC11757831,1.6640089170402237,-0.3750884620565015,0.24027349518800456,1.3023605551629232,0.18875293789463135,0.0738295168886732,0.8612767822109415,0.2508217748934321,1.3489532349597235,0.5673213926844239,0.7225555836278978,0.1570235214823252
KIC9970397_B,0.22679011849967348,1.0978103998725293,-1.3838484369811994,-0.8798063682980126,0.33705881766898454,0.028477099371345377,0.49215816126339523,0.05994975235674004,-1.1619274181472214,-1.1505159323322138,0.051181020506976094,0.012561881718586016
TIC278683641_A,-0.5309181036202038,-0.06922332066057058,1.7694089022333734,-0.36766100633840354,0.2966117595487064,0.005273536920619514,0.019194168289272413,0.05687254162252147,0.4638226450155486,0.06484612394098341,0.04214907571162737,0.007247239453030394
*_18_Sco,-0.8437086864170215,1.5761201985727191,0.48635257581970215,-1.1094414420721477,0.0808941162405563,0.2636768460309757,0.049215816126339525,0.004468556841769543,-0.8367774055146672,-1.348365569399944,0.21074537855813685,0.02174171835909118
KIC7670943,0.8793359895068276,0.45813037140137897,-0.010727167056326951,-0.3193193459592602,0.2966117595487064,0.042188295364956115,0.3549002996297688,0.06905951482734748,0.2590985629876454,-0.4062244405059923,0.2739689921255779,0.04348343671818237
EPIC206078331,-0.8841557445372996,0.8694662512097026,-0.5471795628334277,-0.9757909692592224,0.21032470222544636,0.06328244304743416,0.5413739773897347,0.0503699712344501,-1.5412690995518674,-1.099543681512567,0.24085186120929925,0.07247239453030394
KIC10709834,1.0006771638676621,-0.2590706498028756,-0.05502140157003256,0.7653212692702561,0.22650352547355762,0.05273536920619514,0.44294234513705566,0.18806746282933628,1.1683143390527488,0.42237660362381596,0.21074537855813685,0.06039366210858662
KIC8006161,-1.749722788311252,1.8582544238258614,2.0120428757362276,-1.2743718127774601,0.2076282316840945,0.03480534367608879,0.49215816126339523,0.019499157127721645,-1.3076427941788469,-1.59549643474828,0.18304741451906742,0.025365338085606377
KIC3633889,0.849674813551957,0.7112601435911159,-0.2518846660753906,-0.4212836884396381,0.13212705652624196,0.06350179581564734,0.49215816126339523,0.09420422432617657,0.07243837055043764,-0.6357203565186215,0.35413688938558846,0.08578451530856064
KIC9787965,0.1701642371312841,-1.134477778625712,0.34362670905331755,1.5554433653831439,0.17527058518787197,0.10337377973834896,0.49215816126339523,0.3183864185257132,0.6866106166341512,1.1519320418955419,0.5061727421081446,0.19672850241095158
KIC8677016,0.29959482311617414,0.45285683448076236,-0.9901219079704835,-0.09751643363142656,0.20223529060139073,0.07345186836271379,0.4970797428760292,0.1635484873762224,-0.6922662887890875,-0.6308888635499345,0.38016470834217764,0.0767089326233338
KIC8027956,-0.4581133990037031,-0.570209328119423,0.5454115551713097,-0.16007622941620014,0.18875293789463135,0.08840058944487554,0.49215816126339523,0.121124357267896,-0.10820052535653696,0.34507271612482504,0.32881308945125876,0.11708617473086277
KIC8516041,0.20791482471021036,0.5530540359725338,1.224589817714795,-0.5866202915851112,0.17527058518787197,0.097560433031461,0.7382372418950928,0.09031370171699853,-0.6380746200169944,-0.6888667791741777,0.7526620662790602,0.14494478906060787
V565_Lyr B,-1.9061180797096609,1.5339319032077632,1.7167479789781903,-1.2548726556497385,0.33705881766898454,0.042188295364956115,0.24607908063169762,0.031279897892386804,-1.607503361384424,-1.4836473725231778,0.018063889590697445,0.02174171835909118
KIC11133100,0.22948658904102537,-1.5405401215134145,0.3387051274406836,4.56400081721453,0.1375199976089457,0.13711195993610736,0.7382372418950928,0.537730352270571,1.2285273043550737,1.8959819590733296,1.2644722713488212,0.3261257753863677
KIC2998253,0.5287948191310836,0.4686774452426215,0.6192352793608189,-0.25879071237529094,0.14560940923300134,0.15778868344040226,0.49215816126339523,0.10697259780559328,0.39758838318299194,-0.3868984686312446,0.36626122154645135,0.14834122353262272
KIC8981766,0.2699336471613035,-0.4330973681833168,-0.5471795628334277,4.2837004335035305,0.1941458789773351,0.07646628534898295,1.230395403158488,0.5455069455876154,1.108101373750424,0.5673213926844239,0.6021296530232482,0.12078732421717324
KIC6592305,-0.013195759680643515,-1.4403429200216453,0.6340000241987207,1.257268754305067,0.1483058797743532,0.054294384926037886,0.49215816126339523,0.24221325450609035,0.9997180362062406,1.6012608879834271,0.33220979314341087,0.09718170404550931
KIC12069569,0.5935101121235287,-1.5721813430371328,-0.19774726833641715,2.1253874789288414,0.1590917619397607,0.1318658427707066,0.49215816126339523,0.33669878342257004,1.0057393327364723,1.7607001559500954,0.44200830396850305,0.22151992677277957
KIC4349452,0.3831854098980823,0.7323542912735963,0.0434102306826465,-0.5626200790204071,0.2561647014284283,0.05273536920619514,0.024607908063169762,0.0618549825010945,0.3253328248202021,-0.6405518494873084,0.12042593060464962,0.02415746484343465
KIC10191056_Ab,1.2064178661728107,0.041520954672438735,0.9391380841820257,0.33935811949077527,0.41876187507194645,0.08437659072991223,0.03445107128843766,0.1865317807108664,1.3068041592480968,0.1783862087051261,0.09634074448371971,0.07247239453030394
EPIC210822691_B,-1.5581655210536147,1.7501469169531605,0.3387051274406836,-1.2451230770858777,0.17988154981358367,0.17402671838044398,0.24607908063169762,0.034935989853834615,-1.4208431689472176,-1.5585355135378252,0.054191668772092326,0.009662985937373858
KIC9202077,-0.048249876718217906,-0.7495095834204879,1.0670992061105085,0.7206357008525609,0.18875293789463135,0.08567613788618665,0.49215816126339523,0.19350777763456076,1.4934643516853032,0.9562565766637219,0.7803038666747438,0.15185133457907807
KIC10290021,0.21061129525156225,-0.9815452079277467,0.6340000241987207,0.9785933003547118,0.15100235031570508,0.07646628534898295,0.615197701579244,0.21692832291226385,1.0478884084481004,1.1229430840834203,0.7225555836278977,0.1570235214823252
KIC5184732,-0.7843863345072802,0.599461160873985,2.1104745079889065,-0.82020394467761,0.2076282316840945,0.04640712490145173,0.49215816126339523,0.05199775234059106,-0.28944155091653473,-0.6391024015967024,0.29745204859348456,0.04348343671818237
KIC8656342,-0.16959105107905234,-0.2959854082472105,0.09262604680898599,-0.20110570587244775,0.19144940843598324,0.08781558017366045,0.4872365796507613,0.12177098506670597,-0.22260515943095355,0.08658784230007434,0.5605402297282714,0.10757274161896839
*_alf_Cen_B,-2.5074310104311293,2.0507385214284746,1.519884714472832,-1.3556183008096336,0.03235764649622252,0.2636768460309757,0.049215816126339525,0.0008124648803217353,-1.7520144781100038,-1.7542109787696458,0.06623426183255729,0.009662985937373858
KIC11862119,0.36161364556726733,-0.000667340692517414,-1.531495885360218,-0.4436264726484857,0.15100235031570508,0.09492366457115124,0.7382372418950928,0.0985260012626672,-0.15637089759839684,-0.15740255261861552,0.8429815142325474,0.20533845116919447
KIC11454149,0.8038348143489751,1.2069726141293518,-0.8080233883030272,-0.795829998267958,0.1402164681502976,0.09092395049370738,0.49215816126339523,0.06336759386682278,-0.3309884969751383,-1.043981512372667,0.3384448697856527,0.0715519673386845
ASAS_J171750-1915.3_B,0.982610811240605,-0.04285563605747356,0.5355683919460418,0.22543835629646317,0.15777049137449828,0.01582061076185854,0.5905897935160742,0.14827484065871668,0.8973559951922876,0.15181299737734769,0.006021296530232482,0.007247239453030394
KIC3241581,-0.9893180956500228,1.3282639633035989,1.2491977257779647,-1.0948170742263565,0.218414113849502,0.08729256660248418,0.49215816126339523,0.04048402247158947,-0.8066709228635041,-1.210668019792366,0.43436883517679103,0.07104923479294048
TIC39022841_B,-0.17768046270310797,0.996031137304571,-0.5963953789597672,-0.9810719909813136,0.2750399952178914,0.15820610761858542,0.14764744837901855,0.04671673061849977,-1.8302913330030262,-1.2348254846358007,0.2227879716186018,0.2101699441378814
KIC7376493,-0.9003345677854109,-0.2854383344059726,-0.2666494109132925,-0.6223687463192674,0.19684234951868698,0.05679773290225597,0.4970797428760292,0.08225204331595251,-1.1980551973286158,-0.22021196121154568,0.34347694256217465,0.08811102653351892
KIC9163769,0.8119242259730307,0.2208212099735012,0.5798626264597473,0.050352174587129206,0.26964705413518764,0.08840058944487554,0.49215816126339523,0.1308375069376854,0.716717099285313,-0.11633486238477686,0.3622229065599272,0.09075304632806493
KIC10018963,0.027251298439634634,-1.06064826173704,-0.7322310314684642,0.453541933771192,0.2534682308870764,0.05273536920619514,0.030513805998330503,0.12451430523370753,0.20490689421555236,0.9055259004925088,0.12042593060464962,0.02415746484343465
KIC7747078,-0.528221633078852,-1.2188543693556244,-0.7115603886954018,0.1798509518616107,0.38020234633061456,0.05273536920619514,0.03199028048212069,0.16563924631339297,-0.5778616547146695,0.8813684356490741,0.12042593060464962,0.02415746484343465
KIC5686856,-0.03207105347010665,-0.765330194182347,0.3387051274406836,-0.42575224528140754,0.1483058797743532,0.06328244304743416,0.8612767822109415,0.028651862835810945,-0.33700979350537147,0.4706915333106853,0.7526620662790602,0.20533845116919447
KIC9948002_A,-0.09948281700390356,-0.6651329926905779,0.3387051274406836,0.15231651706750712,0.40447058120278145,0.021094147682478057,1.230395403158488,0.16249297606434707,0.3253328248202021,0.5673213926844239,0.18063889590697443,0.02415746484343465
KIC10794845,0.7040654043189556,1.249160909494308,-0.6210032870229371,-0.8563586318519272,0.1483058797743532,0.1629948667474716,0.49215816126339523,0.05717740728812143,-0.32496720044490646,-1.0681389772161016,0.33151758489429534,0.11136535126717612
KIC11081729,1.4482912737320734,0.8378250296859843,-0.2887965281701453,-0.08969239683392823,0.04314352866163002,0.05273536920619514,0.026576540708223344,0.043568429207253054,1.529592130866698,-0.3989772010529622,0.18063889590697443,0.0483149296868693
KIC10987439_A,0.9192437535188359,1.8556176553655532,-0.43890476735548084,-0.9940876783640679,0.4360192865365984,0.0738295168886732,0.05905897935160743,0.06300055798234816,-1.2630851998551267,-1.5778614854125728,0.020472408202790435,0.03623619726515197
EPIC204550630,0.1674677665899322,0.45813037140137897,-0.3011004822017302,-0.07720481162338325,0.17527058518787197,0.0738295168886732,0.3937265290107162,0.1235398413559687,-0.15637089759839684,-0.5197645252701351,0.24085186120929925,0.07247239453030394
KIC11467550,0.024554827898282755,-1.0342805771339432,-0.05502140157003256,0.7177920737714346,0.15639529139840883,0.09623302050609804,0.49215816126339523,0.1967177158814882,0.30726893522950527,0.9248518723672565,0.4271548462511467,0.1662007116725568
V1130_Tau B,1.3835759807396284,0.3526596329889909,-0.8916902757178043,0.0300405525790859,0.18875293789463135,0.03164122152371708,0.49215816126339523,0.07474676898959964,0.6625254305132213,-0.22987494714891954,0.048170372241859855,0.02415746484343465
KIC9962623,-0.6037228082367044,0.009879733148720453,-0.6800622663745444,-0.7093024885136932,0.4476141098644115,0.08276035713448075,0.4970797428760292,0.07323937933565719,-1.2582681626309407,-0.4593708631615486,0.48495572833383255,0.09960819335446865
TIC196817076_A,-2.297106308205683,0.7323542912735963,0.09262604680898599,-1.3765636454243277,0.40447058120278145,1.4238549685672688,0.7382372418950928,0.020270998764027295,-1.2462255695704756,-1.9257289791580317,0.006021296530232482,0.012078732421717324
KIC7771282,0.7283336391911225,-0.11141161602552672,0.1762929342237632,0.15150405218718546,0.19953882006003887,0.03802801790889014,0.49215816126339523,0.14497843136834415,0.752844878466708,0.1711389692520954,0.3230892208844337,0.058078485566132855
HS_Aur A,-2.121835723017811,1.3124433525417398,0.2894893113143441,-1.2520290285686124,0.18875293789463135,0.10547073841239028,0.049215816126339525,0.022342784208847718,-1.7941635538216312,-1.4015119920555001,0.11440463407441714,0.055562169139899684
KIC7591963,-0.460809869545055,-0.796971415706063,0.39284252517965706,0.2083765938097068,0.16448470302246446,0.08032412018911447,0.49215816126339523,0.15612290569881807,0.02426799830857775,0.5987260969808887,0.3277665369332839,0.11567869681180243
KIC10068307,-0.013195759680643515,-0.9203721796485601,-0.7932586434651254,1.0029672467643638,0.2076282316840945,0.023203562450725863,0.49215816126339523,0.07576235009000182,1.643996764941116,1.2009716955277148,0.09152370725953371,0.04348343671818236
KIC12156916,1.1031430444390333,0.025700343910579595,-1.7283591498655761,-0.11579689343866557,0.15100235031570508,0.08701335919022199,0.8612767822109415,0.12557208088520433,0.5059717207271767,-0.012457763558007526,0.9031944795348723,0.1570235214823252
KIC9754284,0.12162776738695032,-0.09559100526366758,0.4617446677565324,-0.19257482462906958,0.14560940923300134,0.06761482765444148,0.49215816126339523,0.11450254912775618,0.48188653460624675,0.08658784230007434,0.43358463958058313,0.07791113369276029
UCAC4_625-128029_A,-0.3235595189902455,0.5161392775281942,-0.17806094188588134,0.04669608262568144,0.0872038573073197,0.15820610761858542,0.09843163225267905,0.6215356334461275,-0.05400885658444391,0.579400125106141,0.04214907571162737,0.3599462261671762
KIC8321567,-1.0594263297251716,-0.3909090728183606,0.4961957390449701,-0.5370599338854852,0.15639529139840883,0.06012757067882123,0.4970797428760292,0.09368148807826952,-0.7404366610309474,0.002036715348053276,0.34935696442256653,0.08227736113580211
KIC3123191,1.1624653963487745,0.5372334252106746,-0.1534530338227116,-0.13448358568606542,0.2507717603457245,0.11074427533300978,0.615197701579244,0.13156303970074246,0.6263976513318265,-0.3989772010529622,0.8429815142325474,0.13286605663889056
KIC8174981,-0.19385928595121923,-1.1028365571019962,-0.14853145221007766,0.735260068698352,0.14291293869164945,0.06607722776803336,0.49215816126339523,0.19184494029376367,0.18684300462485556,0.963503816116752,0.33358954012618275,0.10172880809081986
KIC6116048,-0.5605792795750745,0.6796189220673976,-0.5924581136696602,-0.8807041419907681,0.4017741106614296,0.05273536920619514,0.030513805998330503,0.07121864024680251,-1.1799913077379183,-0.882126497921655,0.06021296530232481,0.0483149296868693
KIC12117868,0.062305415477209025,0.5161392775281942,-0.1928256867237832,-0.6581172010534239,0.1375199976089457,0.1153276064679217,0.4872365796507613,0.07860652030390038,-0.5176486894123448,-0.6260573705812476,0.39592958864077743,0.11116343834452172
KIC6064910,1.0006771638676621,-1.60909610148147,-0.940906091844144,2.064452612904711,0.20223529060139073,0.07910305380929271,0.8612767822109415,0.3118771473335413,1.2285273043550737,1.8959819590733296,0.8429815142325474,0.22949591601262914
KIC9540226_B,0.0542160038531534,1.5075642186046614,-0.7932586434651254,-1.0130790449415883,0.3532376409170958,0.5273536920619514,0.49215816126339523,0.0707920961846336,-1.1679487146774532,-1.3797702736964086,0.09031944795348722,0.0338204507808085
V818_Tau_A,-1.3145933370533,1.9874560783810382,0.5847842080723812,-1.2361859634023384,0.060940234234552415,0.0738295168886732,0.24607908063169762,0.01543683272611297,-1.0354801910123386,-1.5996032037716639,0.006021296530232482,0.01691022539040425
KIC4914923,-0.8221369220862065,0.7323542912735963,0.914530176118856,-0.7592000191386525,0.4125599928268371,1.107442753330098,0.05413739773897347,0.08425057692716315,-0.6380746200169944,-0.5197645252701351,0.06021296530232481,0.02415746484343465
ASAS_J163903-2847.2_B,1.2264796070004675,0.943295768098377,-0.5963953789597672,-0.5179670091979246,0.4443513805093757,0.01582061076185854,0.7874530580214324,0.24170830189571624,-0.3309884969751383,-0.8724635119842812,0.006021296530232482,0.004831492968686929
V568_Lyr B,-3.3352474666261553,2.346056588983168,1.7167479789781903,-1.4299588373590724,0.26964705413518764,0.042188295364956115,0.24607908063169762,0.011374508324504293,-2.221675607468138,-1.9740439088449009,0.024085186120929927,0.014494478906060789
KIC6363365,0.39127482152213794,0.2471888945765982,-2.515812207887008,0.09422527812450313,0.2049317611427426,0.08437659072991223,0.615197701579244,0.3469669611631673,-0.45743572411001987,-0.42313466589639687,0.7225555836278977,0.13286605663889056
TIC189069314_A,0.4020607036875455,0.15226523000544803,-1.236200988602181,-0.3757856551416209,0.29121881846600267,0.05273536920619514,0.14764744837901855,0.036560919614478084,-0.4213079449286263,-0.3530780178504361,0.41546946058604123,0.11354008476414283
KIC7938112,1.0330348103638847,-0.5174739589132291,-0.7440428273387858,1.3722325348705926,0.18875293789463135,0.10019720149177076,0.7382372418950928,0.31669364591640065,1.0478884084481004,0.6156363223712933,0.9031944795348723,0.1932597187474772
KIC9702752,-0.9893180956500228,-0.4752856635482729,1.6429242547886809,-0.47490637054087254,0.16718117356381634,0.048619605675276116,0.49215816126339523,0.0949797789269853,-0.04798756005421209,0.2798475610475517,0.26149323602467284,0.0613683868260614
KIC5516982,0.828103049221142,0.3262919483858939,0.01880232261947672,-0.10442238511416127,0.13482352706759382,0.03802801790889014,0.49215816126339523,0.12460974385826917,0.40360967971322376,-0.27335838386710193,0.27004127330307287,0.04690531262429707
TIC189069314_B,-1.072908682431931,1.3651787217479385,-1.236200988602181,-1.1435649670456607,0.31548705333816957,0.15820610761858542,0.14764744837901855,0.016249297606434704,-1.4208431689472176,-1.3580285553373177,0.325150012632554,0.08455112695202127
KIC9715099,0.237576000665081,-1.9044141690361631,-0.7440428273387858,2.239132562173884,0.14291293869164945,0.10019720149177076,1.722553564421883,0.3276567382748076,1.0478884084481004,2.185871537194546,0.963407444837197,0.2536533808560638
KIC3967859,0.19982541308615473,0.4370362237189032,-1.5068879772970485,-0.7686124247771798,0.21032470222544636,0.08338193838424034,0.49215816126339523,0.07011320337426383,-1.1318209354960584,-0.7275187229236731,0.36194536091766266,0.08211046325056504
KIC11962180,0.5180089369656762,-0.8549803218328783,0.6340000241987207,0.9814369274358378,0.21571764330815013,0.08965012765053175,0.615197701579244,0.222454823179528,0.9274624778434507,0.9296833653359434,0.8730879968837099,0.24157464843434648
alf_Cen_A,-0.8437086864170215,0.8694662512097026,1.519884714472832,-0.9246056817989531,0.0701082340751488,0.021094147682478057,0.1968632645053581,0.011780740764665162,-0.5477551720635078,-0.8724635119842812,0.04214907571162737,0.007247239453030394
KIC10963065,0.48295481992810174,0.8536456404478434,-0.37984578800387336,-0.7942050685073144,0.12134117436083444,0.03589756436509752,0.3549002996297688,0.06286991200466266,-0.39120146227746316,-0.8289800752660987,0.26738896142641555,0.04207491157302106
EPIC206453540,1.043820692529292,-0.5122004219926125,0.24027349518800456,0.9050652286855947,0.21032470222544636,0.05800890612681465,0.5413739773897347,0.20430854560336606,1.3489532349597235,0.6881087169015974,0.4817037224185985,0.12078732421717324
KIC1430163,1.0330348103638847,0.42121561295704407,-0.20266884994905113,-0.09467280655030044,0.22650352547355762,0.07119274842836344,0.44294234513705566,0.11739395848719128,0.8672495125411259,-0.2540324119923542,0.36127779181394887,0.07247239453030394
EK_Cep B,-1.1780710335446543,0.5794217205756308,0.6832158403250603,-0.8872322973041532,0.5123294028568566,0.07910305380929271,0.24607908063169762,0.10399550468118211,-0.44539313104955486,-0.652630581909026,0.06021296530232481,0.03623619726515197
KIC7529180,1.4698630380628885,0.5372334252106746,0.22058716873746875,-0.0239883619623095,0.15639529139840883,0.051938316288938864,0.49215816126339523,0.12094464003636882,0.9395050709039158,-0.3144260741009406,0.4070675571637817,0.07865100678426663
KIC11075448,0.8982112832962907,0.1575387669260693,0.4814309942070682,0.08691309420160724,0.1833599968119276,0.10616265546082862,0.49215816126339523,0.12611187117718176,0.7829513611178711,-0.05110970730750299,0.3513240377008421,0.1123024434859178
TYC_2271-1530-1_B,1.3183483583443276,-0.5491151804369474,-0.15837461543534556,0.4407415495817231,0.253603054414144,0.4640712490145172,0.06398056096424137,0.7759039607072572,-0.43937183451932305,0.2291168848763386,0.1866601924372069,0.3140470429646504
KIC9273544,-0.03207105347010665,-0.15359991139048287,-0.7440428273387858,-0.283164658784943,0.1483058797743532,0.06855597996805368,0.7382372418950928,0.11036959065438208,-0.33700979350537147,-0.08493015808831153,0.7225555836278977,0.16910225390404254
KIC11295426,-1.1214451521762647,0.6796189220673976,0.8475966661870342,-0.9607075587560494,0.22111058439085388,0.05273536920619514,0.024115749901906364,0.03535440926720031,-1.0595653771332685,-0.8579690330782204,0.12042593060464962,0.02415746484343465
KIC9390670,0.2942018820334704,-0.17996759599357987,1.2984135419043044,0.388743797241132,0.13482352706759382,0.1301670545915513,0.49215816126339523,0.16157448086105136,1.0478884084481004,0.3040050258909864,0.42459840244719543,0.16227382396389006
KIC11026764,-0.8491016274997252,-1.4825312153866015,0.6236647028121894,0.2132595077404403,0.4341317571576521,0.05273536920619514,0.025592224385696548,0.19637885506036584,-0.5176486894123448,1.1229430840834203,0.12042593060464962,0.02415746484343465
KIC7037405_B,-0.11566164025201482,-0.7495095834204879,-0.9901219079704835,-0.015112183144794481,0.38559528741331833,0.03744211213639855,0.49215816126339523,0.2372499008649507,-0.5176486894123448,0.38855615284300743,0.06623426183255729,0.0338204507808085
KIC11453915,1.2703242180028498,1.1489637080025366,-0.2518846660753906,-0.6820849150229151,0.15639529139840883,0.06328244304743416,0.7382372418950928,0.07261340398787255,0.3253328248202021,-0.882126497921655,0.4515972397674361,0.07247239453030394
KIC3112889,0.7984418732662714,-1.1028365571019962,-1.4232210898822713,0.7551654582662347,0.17527058518787197,0.09209836189239243,0.5020013244886631,0.20020295013469633,0.23501337686671545,0.968335309085439,0.36438399203370336,0.1441832334365313
KIC6520835,0.024554827898282755,-1.2821368124030588,0.4961957390449701,1.3730449997509142,0.13482352706759382,0.05605846740257584,0.49215816126339523,0.23258190095682468,0.7949939541783361,1.3500232536117067,0.3500943986299206,0.08320667102724448
TIC196817076_B,-2.526306304220592,-0.005940877613138689,0.4371367596933627,-1.3984798855710068,0.41795293390954086,2.0566793990416103,0.6398056096424138,0.018654193652187043,-2.27586727624023,-1.9885383877509617,0.06623426183255729,0.012078732421717324
EPIC206368174,0.20252188362750662,-0.48055920046889417,0.8308632887040789,0.26565536787238914,0.17527058518787197,0.06855597996805368,0.2952948967580371,0.15652842235741937,0.7468235819364761,0.4706915333106853,0.4817037224185985,0.12078732421717324
KIC11083308,0.2618442355372479,-1.1924866847525275,0.13199869971005762,1.2198953698102672,0.17527058518787197,0.11897641412513063,0.49215816126339523,0.23466930766389907,0.6565041339829881,1.2050784645510986,0.4787314599188625,0.19238049211214822
47_Tuc-V69 A,-0.5174357509134444,0.009879733148720453,-3.1556178175294223,-0.7653625652558929,0.40447058120278145,0.01582061076185854,0.49215816126339523,0.08815243951490827,-1.926632077486746,-0.6502148354246822,0.030106482651162406,0.012078732421717324
KIC11138101,0.21870070687561785,-1.7092933029732391,-0.7391212457261519,1.9503012972195068,0.15639529139840883,0.11014740587726024,0.4970797428760292,0.2908527872593762,0.6565041339829881,1.8041835926682774,0.37681837580614924,0.19089125204545201
KIC10319352,-1.2886263257400812,-0.06922332066057058,1.3082567051295722,-0.6755851959803412,0.16987764410516823,0.08969546424743831,0.4872365796507613,0.0778076963026868,-0.7163514749100175,-0.24678517253932353,0.3697273748727831,0.07913822661396147
KIC3656476,-1.2212145622062842,0.4686774452426215,1.4854336431843946,-0.8933257839065663,0.15100235031570508,0.03802801790889014,0.49215816126339523,0.05650281444813078,-0.7283940679704825,-0.6502148354246822,0.24468478676052885,0.04454416442624625
KIC4755204,-0.17228752162040423,-0.30125894516783175,-0.015648748668960908,-0.36603607657776005,0.18875293789463135,0.06372038919454394,0.49215816126339523,0.10690941119315334,-0.03594496699374712,0.14456575792431756,0.5067620795166894,0.10052013040506887
KIC2991448,-0.8113510399207989,-0.7758772680235849,-0.07962930963320235,-0.3989409042307903,0.18875293789463135,0.040162060094557236,0.49215816126339523,0.06897358163565319,-0.49958479982164794,0.4151293641707853,0.3258569038132585,0.09955498533027775
KIC2852862,0.7552983446046413,-0.9446304494834095,-0.42414002251757893,1.1662726877090326,0.15639529139840883,0.03814186302393247,0.49215816126339523,0.22513334642869678,1.577762503108558,1.2123257040041293,0.36307591052223437,0.079265514711968
KIC10129349,1.5157030372658704,0.34211255914775307,0.5601763000092115,0.17181567419522878,0.15100235031570508,0.09344731154253921,0.49215816126339523,0.14938494189213328,1.1141226702806573,-0.123582101837807,0.34565299396847665,0.09723792450556619
HD146233,-0.9461745669883928,1.5761201985727191,0.8116691204148065,-1.1436705874801025,0.5392941082703753,0.05273536920619514,0.031498122320857296,0.05737220752391933,-1.360630203644893,-1.4135907244772172,0.12042593060464962,0.02415746484343465
KIC10070754,1.1139289266044408,0.8325514927653677,-0.6948270112124463,-0.5415284907272548,0.15639529139840883,0.07839676373597722,0.4872365796507613,0.08403871371018116,0.030289294838810904,-0.7275187229236731,0.33742510902658907,0.06917645148841806
V443_Cyg_A,1.5183995078072223,0.7850896604797902,-0.7095917560503482,-0.30746548335536616,0.9437646894731567,0.8015776119341661,0.12303954031584881,0.463978381529735,0.02426799830857775,-0.6888667791741777,1.2042593060464963,0.48314929686869296
BG_Ind B,1.3916653923636841,-0.2644498631298434,-0.6456111950861069,0.5248316646950226,0.6282776361349872,0.10592289410473266,0.49215816126339523,0.3578907797817244,0.5842485756201984,0.2291168848763386,0.048170372241859855,0.09300623964722339
KIC5021689,0.08387717980802403,-0.6598594557699566,-0.05502140157003256,0.19537715572455902,0.22650352547355762,0.05537213766650489,0.44294234513705566,0.14568605456181186,0.1446939289132275,0.49484899815412,0.45159723976743615,0.0966298593737386
UCAC4_473-001351_A,-0.6452754192789365,0.16808584076730718,0.7275100748387658,-0.6114004704349242,0.06946108114522434,0.22676208758663907,0.11811795870321486,0.5870058760324537,-0.5477551720635078,-0.30234734167922356,0.13848982019534706,0.4493288460878844
KIC8738809,-0.21273457974068238,-1.313778033926777,0.7029021667755961,0.9928114357603423,0.1590917619397607,0.03923858995023988,0.49215816126339523,0.21448040278877412,0.819079140299266,1.3959224368142318,0.2559404324922716,0.06434017171807241
EPIC206189649,-0.14801928674823733,-1.2346749801174837,-0.5471795628334277,2.0640463804645504,0.21032470222544636,0.06328244304743416,0.5413739773897347,0.6490354694233026,-0.15637089759839684,1.0021557598662474,0.36127779181394887,0.12078732421717324
UX_Men B,0.035340710063690266,0.8694662512097026,0.5355683919460418,-0.7052401641120846,0.26964705413518764,0.05273536920619514,0.49215816126339523,0.06296602822493448,0.00018281218764780137,-0.7492604412827646,0.04214907571162737,0.03140470429646504
KIC11853905,-0.9596569196951522,-0.20633528059667688,1.2098250728768931,-0.5362474690051636,0.2049317611427426,0.023730916142787814,0.3549002996297688,0.0540289145413954,-0.47549961370071797,-0.07285142566659446,0.15053241325581204,0.028988957812121578
HD285001_A,1.4975018611117452,-0.7547831203411068,-0.1928256867237832,2.6709576460648865,0.03944936401997796,0.12656488609486832,0.06398056096424137,0.6459095798557795,0.770908768057406,1.96603860711929,0.09634074448371971,0.18842822577879023
KIC8554498,-0.5174357509134444,-0.7073212880555341,1.1753740015884555,-0.057299422055500586,0.1617882324811126,0.01582061076185854,0.24607908063169762,0.06337226066509535,0.006204108717880957,0.5045119840914938,0.15053241325581204,0.03623619726515197
EPIC211563123_B,-1.2699128201831003,-1.60909610148147,-0.8129449699156612,0.19293976108359373,0.2272855019305497,0.4113358798083221,0.049215816126339525,0.6621588774622141,-0.2346477524914185,1.3645177325177669,0.054191668772092326,0.3889351839792978
BW_Aqr A,0.5746348183340656,-0.8444332479916404,-0.005805585443693063,0.9566567485860248,0.26964705413518764,0.10019720149177076,0.5413739773897347,0.1982414307985034,1.704209730243441,1.1398533094738248,0.12042593060464962,0.0966298593737386
TIC327361036_B,3.9047759369036332,1.3124433525417398,0.7324316564513998,0.16450349027233324,0.5150258733982084,0.2636768460309757,0.1968632645053581,0.09952694783941257,0.4578013484853168,-0.9545988924519591,0.12644722713488213,0.15219202851363828
LL_Aqr_B,-0.8032616282967433,1.6747353389883037,0.5847842080723812,-1.1354403182424433,0.12134117436083444,0.004218829536495611,0.3937265290107162,0.012186973204826028,-0.9788800036281528,-1.4312256738129243,0.0036127779181394887,0.001932597187474772
HD24465_A,0.3049877641988779,0.5477804990519125,1.8151796112308691,-0.38940256653581307,0.26964705413518764,0.01898473291423025,0.7382372418950928,0.07468989644797712,0.8491856229504278,-0.340999285428719,0.048170372241859855,0.009662985937373858
KIC12507240,0.0542160038531534,-0.7389625095792477,0.4371367596933627,0.3416208341824715,0.261557642511132,0.07910305380929271,0.8612767822109415,0.16033934128255325,1.0478884084481004,0.8572109708056395,0.6322361356744106,0.14494478906060787
KIC9697131,0.9548371646646802,-0.6018505496431413,0.8800791048304183,0.6816373865971176,0.18605646735327946,0.0450571205439208,0.3549002996297688,0.1815784748229017,1.4452939794434432,0.813727534087457,0.366392163671446,0.07149260761607122
KIC4450844,-0.45541692846235127,-0.3118060190090696,-0.3306299718775339,-0.4123465747560989,0.1590917619397607,0.03802801790889014,0.3549002996297688,0.09801822452436908,-0.842798702044899,-0.08976165105699846,0.2818030782530918,0.0615896933614921
KIC9394953,-0.32059340139475745,-0.5649357911988064,0.712745330000864,-0.05811188693582241,0.17527058518787197,0.0738919450187395,0.49215816126339523,0.12896332798235952,0.05437448095974085,0.38855615284300743,0.3395788726037845,0.08979697842068872
KIC10727922,0.4910442315521574,-0.9868187448483656,-1.1574556828000377,0.3814316133182365,0.17796705572922386,0.12571132459273915,0.49215816126339523,0.16809928922536202,0.09652355667136758,0.8016488016657399,0.4090358407226597,0.17944365996598077
KIC10516096,-0.46620281062775876,0.14699169308482676,-0.20266884994905113,-0.6532424117714934,0.2076282316840945,0.05510846082047392,0.49215816126339523,0.06804393372694532,-0.8271433310662949,-0.450674175817912,0.3317734388158097,0.05435429589772795
KIC12258514,-0.46620281062775876,-0.07924304080974771,0.3387051274406836,-0.2693527558194736,0.2076282316840945,0.020303117144385128,0.49215816126339523,0.03940454669560416,0.3741053267150852,0.04914377179275048,0.05720231703720857,0.025365338085606377
KIC8176564,-0.07521458213173668,-0.005940877613138689,-0.28141415575119433,-0.4383454509263945,0.1375199976089457,0.04774101333015322,0.3549002996297688,0.09430291849751365,-0.1322857114774669,-0.14290807371255473,0.34133499577941984,0.06728574576072828
EW_Ori A,-0.18037693324445986,1.2175196879705896,0.5847842080723812,-0.8766702538599708,0.2561647014284283,0.02636768460309757,0.44294234513705566,0.04509180085785631,-0.1383070080076987,-1.0053295686231716,0.06623426183255729,0.012078732421717324
KIC10730618,0.7687806973114006,-0.35399431437402573,0.3091756377648799,0.4342418305391492,0.14560940923300134,0.03802801790889014,0.49215816126339523,0.16135623776359667,1.0358458153876355,0.4634442938576546,0.3370547872473867,0.058178879158529206
KIC7821010_B,1.1448035143029194,1.1489637080025366,0.8308632887040789,-0.5585902532140112,0.19463124367477846,0.04746183228557562,0.3937265290107162,0.10358927224102124,0.15071522544346064,-0.9062839627650897,0.04214907571162737,0.014494478906060789
KIC9451741,-0.8140475104621508,0.6585247743849219,1.3525509396432778,-0.7454571756880104,0.1833599968119276,0.10337377973834896,0.49215816126339523,0.06775168726586651,-0.4333505379890899,-0.7106084975332692,0.4748578063179024,0.12905622754974244
KIC4247542,0.8173171670557344,-0.24325003904101644,-1.8267907821182552,-0.052424632773570165,0.17796705572922386,0.10678098557507665,0.49215816126339523,0.11059558060447067,-0.4032440553379281,-0.010042017073664327,0.4902875352303329,0.12428164715248015
KIC9468847,-0.19655575649257112,-0.7547831203411068,-0.19774726833641715,0.18968990156230678,0.1402164681502976,0.0901142358143047,0.49215816126339523,0.15202023266632286,-0.15637089759839684,0.5093434770601808,0.3491313675161166,0.12645905971229804
UX_Men A,0.1701642371312841,0.6901659959086401,0.5355683919460418,-0.5728083886196417,0.26964705413518764,0.01582061076185854,0.49215816126339523,0.07027821214783009,0.23501337686671545,-0.5704952014413481,0.03612777918139489,0.03140470429646504
KIC7510397,0.09196659143207966,-0.5549160710496294,-0.6948270112124463,0.44642880374397537,0.2076282316840945,0.029004453063407324,0.49215816126339523,0.06459095798557796,1.0376522043467051,0.6576703111988692,0.12584509748185885,0.04348343671818236
KIC9005973,-0.01589223022199539,0.12062400848172976,-0.2912573189764623,-0.522435566039694,0.15369882085705697,0.07791483892771794,0.49215816126339523,0.08722593259542774,-0.44539313104955486,-0.3216733135539713,0.43178499748427557,0.09187126276308996
KIC9206432,0.6824936399881406,0.4159420760364228,1.4386786178643718,-0.1809078289476495,0.08628705732326004,0.05273536920619514,0.018702010128009018,0.0457925518171338,0.8672495125411259,-0.20571748230548487,0.18063889590697443,0.0483149296868693
KIC10987439_B,0.9521406941233282,0.4792245190838594,-0.43890476735548084,-0.11173456903705699,0.24268234872166888,0.09492366457115124,0.05905897935160743,0.1015581100402169,1.3579851797550726,-0.17672852449336326,0.027095834386046163,0.0748881410146474
KIC6196457,-0.7169745709734833,-0.48583273738951077,1.2738056338411345,-0.2067929600347,0.2534682308870764,0.023730916142787814,0.3549002996297688,0.07088756080807139,0.0784596670806708,0.3160837583127034,0.1475217649906958,0.028988957812121578
KIC9762519_A,-1.0432475064770603,1.7870616753975,-1.861241853406693,-1.2166868062746168,0.24268234872166888,0.02636768460309757,0.13780428515375065,0.038592081815282425,-1.6616950301565165,-1.6165134291620682,0.12042593060464962,0.019325971874747716
KIC7106245,-0.05633928834227354,1.048766506510765,-0.30602206381436414,-0.8766336929403562,0.3882917579546702,0.05273536920619514,0.029529489675803714,0.06489360115349779,-0.818713515923969,-1.0512287518256977,0.12042593060464962,0.02415746484343465
KIC10074716,-0.19655575649257112,0.2524624314972195,0.8800791048304183,-0.46271939733604656,0.24537881926302077,0.10431495050934039,0.49215816126339523,0.09131831372905147,0.1266300393225307,-0.2902686092575059,0.500780677086618,0.11128956567634252
TIC54759992_A,1.6073830356718342,0.996031137304571,-2.269733127255311,-0.3757856551416209,0.33975528821033646,0.05273536920619514,0.14764744837901855,0.036560919614478084,0.24103467339694726,-0.7975753709696339,0.25289445426976426,0.067640901561617
EPIC219568666_A,0.0019584047617537373,1.0804077280344833,0.6832158403250603,-0.8348283125234013,0.11584037445647662,0.02636768460309757,0.14764744837901855,0.04671673061849977,-0.45141442757978806,-0.9835878502640807,0.03612777918139489,0.007247239453030394
EPIC206064711,1.1489830436420152,0.030973880831200867,-0.5471795628334277,0.06985133171485088,0.19144940843598324,0.05800890612681465,0.3937265290107162,0.12528515119430236,0.4457587554248518,-0.03661522840144219,0.3010648265116241,0.07247239453030394
KIC10079226,-0.15880516891364485,1.2069726141293518,0.8603927783798825,-0.8770764863001316,0.13482352706759382,0.040162060094557236,0.4872365796507613,0.056580652239757556,-0.2948607177937434,-1.03190277995095,0.2803165194911701,0.04128029283468651
KIC6671492,-0.09139340537984793,-1.7462080614175763,0.6684510954871584,1.8597114630636338,0.27773646575924327,0.06607722776803336,0.49215816126339523,0.300274422498944,1.3068041592480968,2.0771629453990887,0.3965583294138161,0.11675230648799408
ASAS_J045021+2300.4_A,-1.2794852906048972,1.1542372449231577,-0.940906091844144,-1.1476272914472694,0.07633708102567162,0.09492366457115124,1.2796112192848277,0.04062324401608677,-1.5773968787332617,-1.273477428385296,0.04214907571162737,0.02415746484343465
TIC54759992_B,-1.3964851473941562,1.7870616753975,-2.269733127255311,-1.204499833069791,0.37480940524791084,0.15820610761858542,0.14764744837901855,0.016249297606434704,-0.9993524118309437,-1.4619056541640865,0.06623426183255729,0.08455112695202127
KIC5961597,0.9575336352060321,-0.5596622542781852,0.5897057896850151,1.158960503786137,0.14291293869164945,0.06921670668237502,0.49215816126339523,0.21396629248050145,1.619911578820186,0.8161432805718007,0.4401985521153212,0.10857430044839125
TIC100520485_B,0.19443247200345098,0.996031137304571,-1.7283591498655761,-0.851077610129836,0.3882917579546702,0.15820610761858542,0.24607908063169762,0.03452975741367374,-1.0896718597844317,-1.0753862166691324,0.09031944795348722,0.10629284531111244
TV_Cet_B,1.1813406901382377,1.1911520033674927,-0.2617278293006585,-0.534135060316327,0.40447058120278145,0.10019720149177076,0.024607908063169762,0.09459122369145803,0.4156522727736887,-0.8797107514373113,0.3070861230418565,0.02415746484343465
47_Tuc_E32_B,-0.4861027632229359,1.1120489495582015,-3.1556178175294223,-1.0866924254231392,0.04818592857395804,0.01582061076185854,0.49215816126339523,0.012186973204826028,-2.221675607468138,-1.4039277385398434,0.012042593060464964,0.004831492968686929
TIC431925451_B,1.286503041250961,0.5214128144488155,-0.6456111950861069,-0.0020518101936227184,0.3909882284960221,0.369147584443366,0.09843163225267905,0.09546462343780389,1.2526124904760036,-0.2516166655080105,0.36729908834418135,0.2101699441378814
UCAC4_576-009710_B,-2.709450583389212,-1.1450248524669524,-0.08947247285847018,-0.5382786312059679,0.7412327871122173,0.40606234288770254,0.06398056096424137,0.6316914444501492,0.2229707838062505,1.0021557598662474,0.054191668772092326,0.33578876132374164
KIC5543462,0.2942018820334704,0.4370362237189032,-1.4921232324591465,-0.6390242763658632,0.14560940923300134,0.1569933365123398,0.5020013244886631,0.07667303059984612,-0.9812885222402469,-0.6936982721428646,0.36162743947151466,0.13423610739766895
KIC9656397_A,0.3589171750259154,1.2597079833355458,-0.0993156360837381,-0.8795138809410966,0.36402352308250335,0.21094147682478057,0.20178484611799205,0.2031162200804338,-0.2767968282030466,-1.1961735408863052,0.7225555836278977,0.3865194374949544
V570_Per_A,1.130107749852552,0.4423097606395198,1.224589817714795,0.054820731428898796,0.12134117436083444,0.04746183228557562,0.09843163225267905,0.06702835262654316,1.571139076925303,-0.10184038347871606,0.05840657634325507,0.025365338085606377
KIC5094751,-0.4985604571239813,0.3790273175920879,0.2550382400259064,-0.725145553679967,0.20223529060139073,0.039551526904646354,0.3549002996297688,0.047935427938982374,-0.7705431436821092,-0.5946526662847827,0.24085186120929925,0.03985981699166717
KIC10583181_B,-1.030574094932707,1.5655731247314766,-0.7932586434651254,-1.1683695198418833,0.3429910528599587,0.0369147584443366,0.03445107128843766,0.03553315154087109,-1.4208431689472176,-1.4619056541640865,0.09634074448371971,0.02415746484343465
KIC8952800,-0.04016046509416228,-1.0553747248164211,0.48635257581970215,0.8587547305072558,0.1483058797743532,0.05679773290225597,0.49215816126339523,0.20615671999526747,0.5842485756201984,1.0359762106470554,0.3897732344293719,0.11360492943914882
KIC9266926,-0.44732751683829564,-0.3065324820884483,-1.565946956648656,-0.6122129353152458,0.16987764410516823,0.06372038919454394,0.4872365796507613,0.08067871198116096,-1.4449283550681478,-0.2781898768357889,0.3198280415239358,0.08764571873231036
KIC10610027,1.5291853899726298,0.42648914987766534,0.13692028132269157,0.48339595579861405,0.15639529139840883,0.13612019485189952,0.49215816126339523,0.04179276689968789,0.8010152507085678,-0.2540324119923542,0.3545947608163404,0.13332303856984085
alf_Cen_B,-2.464287481769499,2.082379742952188,1.519884714472832,-1.3515559764080247,0.16718117356381634,0.03164122152371708,0.1968632645053581,0.010155811004021692,-1.5773968787332617,-1.7445479928322718,0.03612777918139489,0.012078732421717324
KIC4646780,1.9390489122581152,-0.5913034758019035,-0.2518846660753906,1.1016817297234547,0.37211293470655893,0.10019720149177076,0.7382372418950928,0.219602295545638,1.4091662002620484,0.8088960411187701,0.7526620662790602,0.18118098632575988
HIP91949,-2.2162121919651265,1.7343263061913012,1.8151796112308691,-1.2824964615806773,0.12943058598489007,0.05273536920619514,0.09843163225267905,0.00040623244016086763,-0.6139894338960645,-1.500557597913582,0.3913842744651113,0.041067690233838904
KIC7038145,-0.16959105107905234,-1.677652081449523,1.6035516018876093,1.9783313355906071,0.15639529139840883,0.08589126391455792,0.49215816126339523,0.32794935237624473,1.6560393580015809,2.110983396179898,0.43296778785754353,0.16748863550598017
BG_Ind A,0.5827242299581212,-1.455861657709557,-0.6456111950861069,1.6582201727438433,0.7280470461650067,0.03634413010830404,0.49215816126339523,0.6585027855007665,1.3971236072015834,1.7027222403258524,0.048170372241859855,0.041067690233838904
KIC7206837,0.4937407020935093,0.20500059921164204,1.2984135419043044,-0.07770447752478096,0.19684234951868698,0.10547073841239028,0.11811795870321486,0.07766758023435628,1.1683143390527488,0.011699701285427144,0.18063889590697443,0.0483149296868693
KIC9139151,-0.013195759680643515,1.2069726141293518,0.9553793035037178,-0.8695165005887378,0.30200470063141016,0.10547073841239028,0.022147117256852783,0.055391824378135106,-0.2165838629007217,-1.0512287518256977,0.18063889590697443,0.0483149296868693
KIC6593461,-0.8625839802064846,0.2735565791796952,1.519884714472832,-0.7174271373169104,0.27234352467653955,0.1292016545551781,0.7382372418950928,0.07254934803801066,-1.5412690995518674,-0.7130242440176123,0.9333009621860346,0.16910225390404254
LV_Her A,-0.2073416386579786,0.5688746467343883,0.7324316564513998,-0.6463364602887587,0.40447058120278145,0.042188295364956115,1.03353213865313,0.1015581100402169,-0.023902373933282144,-0.5487534830822566,0.06021296530232481,0.028988957812121578
KIC4049576,-0.19116281540986738,-1.1502983893875713,-0.9605924182946798,0.32821516365716275,0.22650352547355762,0.15519159043511477,0.4970797428760292,0.1346294186531766,-0.22260515943095355,0.8668739567430133,0.41105121383105253,0.21506387690594916
YZ_Cas B,1.5183995078072223,0.8747397881303238,0.8308632887040789,-0.19623091659051733,0.6741176353379691,0.06855597996805368,0.2952948967580371,0.24495816141700316,0.9093985882527527,-0.5463377365979134,0.06021296530232481,0.0483149296868693
TYC_2271-1530-1_A,0.9578572116709939,-0.7125948249761507,-0.15837461543534556,0.37574435915598425,0.03748094052479108,0.12129134917424882,0.06398056096424137,0.41841941336569366,-0.43937183451932305,0.33299398370310795,0.1866601924372069,0.1932597187474772
EPIC206009487,-0.5686686911991301,-0.21160881751729815,-0.8424744595914648,-0.762112705734606,0.19144940843598324,0.06328244304743416,0.3937265290107162,0.06701906452803132,-0.9993524118309437,-0.22987494714891954,0.3010648265116241,0.0966298593737386
KIC10514430,-0.9515675080710966,-0.4225502943420789,-0.22235517639958693,-0.4838434842244117,0.2642541130524839,0.021094147682478057,0.3549002996297688,0.0558569605221193,-0.8247348124542022,0.011699701285427144,0.18364954417209067,0.03985981699166717
KIC5683538,0.6177783469956956,-1.8094905044650105,-2.402615830796428,1.0062171062856506,0.19684234951868698,0.1499976839219966,0.5020013244886631,0.19659292168210324,0.1446939289132275,1.7317111981379738,0.3601732421677948,0.2362770661704633
KIC8106950,-0.10487575808660732,-0.6862271403730537,-1.556103793423388,-0.14951418597201765,0.16987764410516823,0.16908277751736317,0.4970797428760292,0.127169341748116,-0.854841295105364,0.21945389893896475,0.38498291369789056,0.20934466353729433
NGC_2506_V4_A,1.8511170079046313,-1.355966329291733,-1.433064253107539,2.6425213752536254,0.11039350396294582,0.0369147584443366,0.49215816126339523,0.24170830189571624,1.6981884337132076,1.7268797051692863,0.018063889590697445,0.014494478906060789
KIC10214328,2.119712438528691,-0.570209328119423,-2.535498534337544,0.9603128405474728,0.21571764330815013,0.11608354161780791,0.5020013244886631,0.19102194221250102,0.20490689421555236,0.43445533604553305,0.446113855762732,0.12751480735898443
V636_Cen A,-0.6387769252742789,1.5972143462551949,-0.6456111950861069,-1.090754749824748,0.2291999960149095,0.021094147682478057,0.3937265290107162,0.028436270811260735,-0.866883888165829,-1.355612808852974,0.030106482651162406,0.009662985937373858
V505_Per B,0.8766395189654758,0.996031137304571,-0.2518846660753906,-0.5334038419240374,0.03235764649622252,0.05273536920619514,0.14764744837901855,0.023967713969491187,0.349418010941132,-0.7685864131575124,0.006021296530232482,0.0338204507808085
KIC6450651,-0.3826122238458506,-0.6915006772936749,-0.2518846660753906,-0.2632592692170605,0.18605646735327946,0.10810750687270004,0.7382372418950928,0.11092994037015605,-0.5778616547146695,0.32574674425007727,0.9031944795348722,0.24157464843434648
KIC8420801,0.9952842227849583,-0.32235309285030744,0.6832158403250603,0.34487069370375845,0.19684234951868698,0.09756043303146102,0.7382372418950928,0.16596632558128582,0.9274624778434507,0.3740616739369466,0.8730879968837099,0.16910225390404254
TIC446092483_A,0.5368842307551392,-1.3770604769742112,-0.8916902757178043,0.9119711801683296,0.3235764649622252,0.15820610761858542,0.049215816126339525,0.0853088124337822,0.8792921056015909,1.4708105778288796,0.11440463407441714,0.16668650741969906
KIC11713510,-0.528221633078852,-0.47001212662765635,-0.36508104316597145,-0.3920349527480556,0.15639529139840883,0.035375961465047505,0.49215816126339523,0.10488674656253227,-0.6982875853193193,0.08417209581573115,0.2612665914126266,0.06748448076888253
KIC12009504,-0.25318163786096054,0.36320670683022876,0.26242061244485737,-0.6243836592224654,0.27234352467653955,0.05273536920619514,0.025100066224433157,0.06359975083158544,-0.5176486894123448,-0.4956070604267009,0.18063889590697443,0.02415746484343465
KIC8016496,0.8334959903038457,-0.8918950802772154,0.7718043093524714,0.9452822402615207,0.19684234951868698,0.15112642385418062,0.49215816126339523,0.23995450423677786,1.8306569573783225,1.197831225098068,0.7206302800836524,0.2530165562623401
KIC7296438,-1.0459439770184122,0.3790273175920879,1.657688999626583,-0.6593358983739065,0.15100235031570508,0.03545590037445871,0.3549002996297688,0.07672425326069088,-0.22260515943095355,-0.4642023561302355,0.2873168547520323,0.05235554953214564
KIC9289275,0.24296894174778474,-0.35926785129464234,0.7914906358030072,0.07594481831726375,0.12943058598489007,0.04668352415530369,0.49215816126339523,0.13918865591893617,0.9214411813132176,0.43928682901421995,0.39911390615106696,0.06491124814760499
KIC8610483_B,-1.0405510359357084,0.06261510235491446,-0.8916902757178043,-0.8632645833346619,0.40447058120278145,0.021094147682478057,1.230395403158488,0.08124648803217353,-1.6616950301565165,-0.6188101311282174,0.12042593060464962,0.02174171835909118
KIC10732098,-0.919209861574874,-0.8127920264679221,0.2894893113143441,-0.19663714903067817,0.18066352627057572,0.07932558388350056,0.49215816126339523,0.11422080174409331,-0.45141442757978806,0.46586004034199835,0.3501993227326082,0.12427121475128752
ASASSN-V_J172607.12+564531.5_A,-0.7855458168400623,1.1858784664468713,-0.22235517639958693,-0.8632645833346619,0.11497750388324401,0.369147584443366,0.20178484611799205,0.684501661671062,-0.7645218471518773,-0.7565076807357948,0.24085186120929925,0.582194902726775
