ID,M,eM1,eM2,R,eR1,eR2,Teff,eTeff1,eTeff2,FeH,eFeH1,eFeH2,Ref,MH,eMH1,eMH2,logg,elogg1,elogg2,"logg_from_M,R",L,eL1,eL2,L_from_SB,class,type,orbit_a(Rsol),eOrbit_a,R/a,detached,well_detached,source,mode,database,eTeff,elogg,eFeH,eL,eM,eR,percent_eM,percent_eR,percent_eL
KIC7037405_B,1.11,0.011,0.011,1.746,0.014,0.014,6094.0,138.0,148.0,-0.27,0.1,0.1,,,,,3.999,0.0071,0.0071,0.0,3.78785,0.80815,0.3599,1.0,ms,,193.8,0.89,0.009009288,True,True,Brogaard18,EB,3,143.0,0.0071,0.1,0.584025,0.011,0.014,0.9909909909909907,0.8018327605956472,15.418377179666566
KIC9540226_B,1.002,0.015,0.015,1.014,0.014,0.014,6157.0,131.0,131.0,-0.23,0.1,0.1,,,,,4.427,0.1,0.1,0.0,1.33121,0.23289,0.11564,1.0,ms,,176.0,1.3,0.005761364,True,True,Brogaard18,EB,3,131.0,0.1,0.1,0.174265,0.015,0.014,1.4970059880239521,1.3806706114398424,13.090721974744781
KIC9970397_B,1.003,0.0085,0.0085,1.1089,0.0052,0.0052,6221.0,125.0,125.0,-0.35,0.1,0.1,,,,,4.3493,0.0054,0.0054,0.0,1.65928,0.16483,0.13032,1.0,ms,,207.92,0.73,0.005333301,True,True,Brogaard18,EB,3,125.0,0.0054,0.1,0.147575,0.0085,0.0052,0.8474576271186443,0.46893317702227433,8.893917843884093
KIC10709834,1.39,0.04,0.03,1.76,0.03,0.02,6508.0,84.0,84.0,-0.08,0.09,0.09,,,,,4.092,0.01,0.01,,5.709,0.462955304,0.462955304,,ms,F,,,,,,C14bruntt,A,1,84.0,0.01,0.09,0.462955304,0.035,0.025,2.5179856115107917,1.4204545454545454,8.109218847433878
KIC1430163,1.34,0.06,0.06,1.48,0.03,0.03,6520.0,84.0,84.0,-0.11,0.09,0.09,,,,,4.221,0.013,0.014,,3.592,0.288982235,0.288982235,,ms,F,,,,,,C14bruntt,A,1,84.0,0.0135,0.09,0.288982235,0.06,0.03,4.477611940298507,2.027027027027027,8.045162444320711
KIC5021689,1.22,0.08,0.07,1.79,0.04,0.04,6168.0,84.0,84.0,-0.08,0.09,0.09,,,,,4.016,0.011,0.01,,4.306,0.358627328,0.358627328,,ms,F,,,,,,C14bruntt,A,1,84.0,0.010499999999999999,0.09,0.358627328,0.07500000000000001,0.04,6.147540983606558,2.2346368715083798,8.328549187180679
KIC5450445,1.39,0.07,0.06,1.99,0.04,0.04,6112.0,84.0,84.0,0.05,0.09,0.09,,,,,3.985,0.009,0.009,,5.484,0.465478939,0.465478939,,ms,F,,,,,,C14bruntt,A,1,84.0,0.009,0.09,0.465478939,0.065,0.04,4.676258992805756,2.0100502512562812,8.48794564186725
KIC5774694,1.06,0.05,0.06,1.0,0.03,0.03,5875.0,84.0,84.0,0.07,0.09,0.09,,,,,4.463,0.017,0.019,,0.953,0.061686383,0.061686383,,ms,G,,,,,,C14bruntt,A,1,84.0,0.018000000000000002,0.09,0.061686383,0.055,0.03,5.188679245283018,3.0,6.472862854144806
KIC6442183,1.08,0.05,0.05,1.71,0.03,0.03,5760.0,84.0,84.0,-0.11,0.09,0.09,,,,,4.006,0.009,0.008,,2.577,0.22061138,0.22061138,,ms,G,,,,,,C14bruntt,A,1,84.0,0.0085,0.09,0.22061138,0.05,0.03,4.62962962962963,1.7543859649122808,8.560783081102057
KIC9226926,1.39,0.05,0.04,1.64,0.03,0.03,6892.0,84.0,84.0,-0.23,0.09,0.09,,,,,4.151,0.013,0.012,,4.548,0.365619369,0.365619369,,ms,F,,,,,,C14bruntt,A,1,84.0,0.0125,0.09,0.365619369,0.045,0.03,3.2374100719424463,1.829268292682927,8.039124208443273
KIC10130724,0.85,0.15,0.09,1.08,0.06,0.04,5648.0,70.0,70.0,0.32,0.15,0.15,,,,,4.306,0.022,0.016,,4.802,1.391686439,1.391686439,,ms,G,,,,,,C14sdss,A,1,70.0,0.019,0.15,1.391686439,0.12,0.05,14.117647058823529,4.62962962962963,28.981391899208667
KIC10202294,1.18,0.21,0.11,1.88,0.08,0.07,5803.0,66.0,66.0,0.36,0.1,0.1,,,,,3.961,0.026,0.015,,4.243,0.366465826,0.366465826,,ms,G,,,,,,C14sdss,A,1,66.0,0.020499999999999997,0.1,0.366465826,0.16,0.07500000000000001,13.559322033898306,3.98936170212766,8.636950883808625
KIC10290021,1.37,0.13,0.11,2.05,0.06,0.07,6215.0,56.0,56.0,0.06,0.15,0.1,,,,,3.955,0.014,0.015,,6.234,0.534000492,0.534000492,,ms,F,,,,,,C14sdss,A,1,56.0,0.014499999999999999,0.125,0.534000492,0.12,0.065,8.75912408759124,3.1707317073170733,8.56593666987488
KIC10858780,0.92,0.14,0.11,1.43,0.1,0.08,5672.0,60.0,60.0,-0.16,0.15,0.1,,,,,4.086,0.023,0.023,,2.386,0.210801879,0.210801879,,ms,G,,,,,,C14sdss,A,1,60.0,0.023,0.125,0.210801879,0.125,0.09,13.586956521739129,6.293706293706294,8.834948826487844
KIC11075456,1.29,0.11,0.17,1.48,0.05,0.07,6513.0,58.0,58.0,-0.2,0.3,0.2,,,,,4.207,0.018,0.02,,3.247,0.263707259,0.263707259,,ms,F,,,,,,C14sdss,A,1,58.0,0.019,0.25,0.263707259,0.14,0.060000000000000005,10.852713178294575,4.054054054054054,8.121566338158301
KIC11098033,1.38,0.21,0.14,2.26,0.12,0.09,6358.0,66.0,66.0,-0.14,0.2,0.15,,,,,3.877,0.024,0.027,,6.502,0.578005387,0.578005387,,ms,F,,,,,,C14sdss,A,1,66.0,0.025500000000000002,0.175,0.578005387,0.175,0.105,12.681159420289855,4.646017699115045,8.889655290679793
KIC11133100,1.4,0.25,0.17,2.37,0.14,0.13,6222.0,51.0,51.0,0.0,0.15,0.15,,,,,3.849,0.025,0.027,,15.06,1.32370116,1.32370116,,ms,F,,,,,,C14sdss,A,1,51.0,0.026000000000000002,0.15,1.32370116,0.21000000000000002,0.135,15.000000000000004,5.69620253164557,8.789516334661354
KIC11229052,1.27,0.12,0.15,1.48,0.05,0.07,6495.0,51.0,51.0,-0.02,0.15,0.15,,,,,4.198,0.015,0.017,,3.473,0.296828764,0.296828764,,ms,F,,,,,,C14sdss,A,1,51.0,0.016,0.15,0.296828764,0.135,0.060000000000000005,10.62992125984252,4.054054054054054,8.546753930319609
KIC11453915,1.25,0.06,0.09,1.22,0.03,0.03,6608.0,58.0,58.0,-0.12,0.15,0.15,,,,,4.359,0.011,0.013,,2.146,0.178748413,0.178748413,,ms,F,,,,,,C14sdss,A,1,58.0,0.012,0.15,0.178748413,0.075,0.03,6.0,2.459016393442623,8.329376188257223
KIC11456910,1.3,0.11,0.17,1.71,0.07,0.08,6386.0,61.0,61.0,-0.26,0.15,0.15,,,,,4.082,0.019,0.02,,3.678,0.320896125,0.320896125,,ms,F,,,,,,C14sdss,A,1,61.0,0.0195,0.15,0.320896125,0.14,0.07500000000000001,10.76923076923077,4.385964912280702,8.72474510603589
KIC11502597,1.08,0.19,0.11,1.61,0.11,0.07,5798.0,59.0,59.0,-0.1,0.15,0.1,,,,,4.061,0.012,0.012,,2.332,0.208250395,0.208250395,,ms,G,,,,,,C14sdss,A,1,59.0,0.012,0.125,0.208250395,0.15,0.09,13.888888888888888,5.590062111801242,8.9301198542024
KIC11708273,1.07,0.18,0.12,1.56,0.09,0.07,5959.0,96.0,96.0,0.24,0.15,0.1,,,,,4.081,0.023,0.022,,3.277,0.28619582,0.28619582,,ms,G,,,,,,C14sdss,A,1,96.0,0.0225,0.125,0.28619582,0.15,0.08,14.018691588785046,5.128205128205128,8.733470247177296
KIC11757831,1.42,0.14,0.1,1.82,0.07,0.06,6754.0,70.0,70.0,-0.02,0.15,0.2,,,,,4.07,0.014,0.014,,7.031,0.617434134,0.617434134,,ms,F,,,,,,C14sdss,A,1,70.0,0.014,0.175,0.617434134,0.12000000000000001,0.065,8.450704225352114,3.571428571428571,8.781597695918078
KIC11862119,1.17,0.15,0.13,1.52,0.09,0.08,6271.0,56.0,56.0,-0.38,0.15,0.15,,,,,4.141,0.018,0.018,,2.733,0.242536025,0.242536025,,ms,F,,,,,,C14sdss,A,1,56.0,0.018,0.15,0.242536025,0.14,0.08499999999999999,11.965811965811968,5.592105263157895,8.874351445298206
KIC11962180,1.35,0.14,0.15,1.97,0.1,0.1,6329.0,80.0,80.0,0.06,0.15,0.1,,,,,3.979,0.016,0.018,,6.241,0.547604773,0.547604773,,ms,F,,,,,,C14sdss,A,1,80.0,0.017,0.125,0.547604773,0.14500000000000002,0.1,10.74074074074074,5.0761421319796955,8.77431137638199
KIC11971746,1.11,0.1,0.17,1.35,0.05,0.08,5952.0,75.0,75.0,0.18,0.15,0.15,,,,,4.215,0.018,0.021,,2.284,0.187851532,0.187851532,,ms,G,,,,,,C14sdss,A,1,75.0,0.0195,0.15,0.187851532,0.135,0.065,12.162162162162161,4.814814814814815,8.22467302977233
KIC12011630,0.85,0.12,0.08,0.99,0.05,0.03,5817.0,85.0,85.0,-0.08,0.15,0.15,,,,,4.383,0.018,0.015,,1.085,0.096706057,0.096706057,,ms,G,,,,,,C14sdss,A,1,85.0,0.0165,0.15,0.096706057,0.1,0.04,11.764705882352942,4.040404040404041,8.91300064516129
KIC12055375,1.04,0.16,0.12,1.54,0.1,0.08,5991.0,75.0,75.0,-0.34,0.2,0.1,,,,,4.081,0.025,0.026,,2.481,0.210149961,0.210149961,,ms,G,,,,,,C14sdss,A,1,75.0,0.025500000000000002,0.15000000000000002,0.210149961,0.14,0.09,13.461538461538463,5.844155844155844,8.470373276904475
KIC12156916,1.28,0.14,0.16,1.58,0.06,0.07,6546.0,56.0,56.0,-0.42,0.2,0.15,,,,,4.146,0.015,0.018,,3.54,0.309113868,0.309113868,,ms,F,,,,,,C14sdss,A,1,56.0,0.0165,0.175,0.309113868,0.15000000000000002,0.065,11.718750000000002,4.113924050632911,8.732030169491527
KIC12253255,1.48,0.16,0.14,2.27,0.11,0.09,6457.0,64.0,64.0,0.1,0.2,0.1,,,,,3.89,0.018,0.018,,9.183,0.787558936,0.787558936,,ms,F,,,,,,C14sdss,A,1,64.0,0.018,0.15000000000000002,0.787558936,0.15000000000000002,0.1,10.135135135135137,4.405286343612334,8.576270674071655
KIC12304142,1.36,0.09,0.11,1.83,0.04,0.05,6186.0,56.0,56.0,0.06,0.15,0.1,,,,,4.045,0.012,0.013,,4.448,0.382339102,0.382339102,,ms,F,,,,,,C14sdss,A,1,56.0,0.0125,0.125,0.382339102,0.1,0.045,7.352941176470588,2.459016393442623,8.595753192446042
KIC12507240,1.37,0.11,0.1,1.94,0.06,0.06,6157.0,97.0,97.0,0.02,0.2,0.15,,,,,4.001,0.015,0.015,,4.666,0.394698516,0.394698516,,ms,F,,,,,,C14sdss,A,1,97.0,0.015,0.175,0.394698516,0.10500000000000001,0.06,7.664233576642337,3.0927835051546393,8.459033776253749
KIC12735580,1.17,0.2,0.12,1.81,0.1,0.08,6170.0,64.0,64.0,0.06,0.15,0.15,,,,,3.994,0.03,0.029,,4.369,0.387567902,0.387567902,,ms,F,,,,,,C14sdss,A,1,64.0,0.0295,0.15,0.387567902,0.16,0.09,13.675213675213676,4.972375690607735,8.870860654612041
KIC1725815,1.43,0.15,0.11,2.02,0.08,0.08,6550.0,82.0,82.0,-0.08,0.15,0.1,,,,,3.982,0.014,0.014,,6.845,0.587496081,0.587496081,,ms,F,,,,,,C14sdss,A,1,82.0,0.014,0.125,0.587496081,0.13,0.08,9.090909090909092,3.9603960396039604,8.582849978086195
KIC2865774,1.28,0.11,0.21,1.79,0.08,0.11,6074.0,63.0,63.0,-0.06,0.15,0.15,,,,,4.03,0.022,0.025,,3.998,0.356470017,0.356470017,,ms,F,,,,,,C14sdss,A,1,63.0,0.0235,0.15,0.356470017,0.16,0.095,12.5,5.307262569832402,8.916208529264631
KIC3123191,1.3,0.11,0.17,1.42,0.05,0.06,6568.0,93.0,93.0,-0.1,0.15,0.1,,,,,4.243,0.02,0.022,,3.494,0.323861481,0.323861481,,ms,F,,,,,,C14sdss,A,1,93.0,0.020999999999999998,0.125,0.323861481,0.14,0.055,10.76923076923077,3.8732394366197185,9.269075014310246
KIC3236382,1.44,0.16,0.11,1.64,0.06,0.05,6831.0,58.0,58.0,-0.06,0.15,0.15,,,,,4.165,0.014,0.013,,4.73,0.3857002,0.3857002,,ms,F,,,,,,C14sdss,A,1,58.0,0.0135,0.15,0.3857002,0.135,0.055,9.375,3.353658536585366,8.154338266384777
KIC3534307,0.96,0.13,0.11,1.44,0.07,0.06,5781.0,59.0,59.0,-0.24,0.15,0.1,,,,,4.104,0.019,0.017,,2.003,0.175425643,0.175425643,,ms,G,,,,,,C14sdss,A,1,59.0,0.018000000000000002,0.125,0.175425643,0.12,0.065,12.5,4.513888888888889,8.758144932601096
KIC3547794,1.4,0.11,0.13,1.75,0.06,0.06,6825.0,81.0,81.0,-0.14,0.15,0.15,,,,,4.093,0.019,0.019,,5.785,0.49127116,0.49127116,,ms,F,,,,,,C14sdss,A,1,81.0,0.019,0.15,0.49127116,0.12,0.06,8.571428571428571,3.4285714285714284,8.492154883318928
KIC3967430,1.36,0.09,0.12,1.47,0.04,0.05,6622.0,53.0,53.0,0.0,0.15,0.15,,,,,4.236,0.014,0.014,,3.565,0.281704946,0.281704946,,ms,F,,,,,,C14sdss,A,1,53.0,0.014,0.15,0.281704946,0.105,0.045,7.720588235294117,3.061224489795918,7.901962019635344
KIC4646780,1.43,0.15,0.1,1.92,0.08,0.07,6856.0,138.0,138.0,-0.12,0.15,0.15,,,,,4.029,0.019,0.019,,6.537,0.540582863,0.540582863,,ms,F,,,,,,C14sdss,A,1,138.0,0.019,0.15,0.540582863,0.125,0.07500000000000001,8.741258741258742,3.9062500000000004,8.269586400489523
KIC4931390,1.37,0.1,0.1,1.41,0.04,0.04,6557.0,51.0,51.0,-0.06,0.15,0.15,,,,,4.274,0.012,0.012,,3.532,0.310919875,0.310919875,,ms,F,,,,,,C14sdss,A,1,51.0,0.012,0.15,0.310919875,0.1,0.04,7.2992700729927,2.8368794326241136,8.80294096828992
KIC5095850,1.43,0.25,0.11,2.27,0.17,0.09,6836.0,85.0,85.0,0.1,0.15,0.15,,,,,3.885,0.018,0.021,,11.33,1.012071891,1.012071891,,ms,F,,,,,,C14sdss,A,1,85.0,0.0195,0.15,1.012071891,0.18,0.13,12.587412587412588,5.726872246696035,8.932673353927624
KIC5309966,1.34,0.08,0.13,1.64,0.05,0.06,6356.0,61.0,61.0,0.1,0.15,0.15,,,,,4.131,0.014,0.015,,4.22,0.35276565,0.35276565,,ms,F,,,,,,C14sdss,A,1,61.0,0.014499999999999999,0.15,0.35276565,0.10500000000000001,0.055,7.835820895522389,3.353658536585366,8.359375592417061
KIC5686856,1.14,0.14,0.11,1.78,0.09,0.08,6125.0,55.0,55.0,0.0,0.2,0.15,,,,,3.996,0.012,0.012,,2.777,0.070530711,0.070530711,,ms,F,,,,,,C14sdss,A,1,55.0,0.012,0.175,0.070530711,0.125,0.08499999999999999,10.964912280701755,4.775280898876405,2.5398167446885123
KIC6064910,1.4,0.15,0.13,2.37,0.1,0.09,6508.0,75.0,75.0,-0.26,0.2,0.15,,,,,3.836,0.015,0.015,,8.907,0.767730778,0.767730778,,ms,F,,,,,,C14sdss,A,1,75.0,0.015,0.175,0.767730778,0.14,0.095,10.000000000000002,4.0084388185654,8.619409206242281
KIC6363365,1.12,0.13,0.11,1.41,0.06,0.05,6282.0,76.0,76.0,-0.58,0.15,0.1,,,,,4.188,0.016,0.016,,4.057,0.854109438,0.854109438,,ms,F,,,,,,C14sdss,A,1,76.0,0.016,0.125,0.854109438,0.12,0.055,10.714285714285714,3.900709219858156,21.052734483608578
KIC6421967,1.24,0.1,0.11,1.27,0.04,0.05,6464.0,73.0,73.0,-0.12,0.15,0.15,,,,,4.321,0.015,0.017,,2.237,0.189568099,0.189568099,,ms,F,,,,,,C14sdss,A,1,73.0,0.016,0.15,0.189568099,0.10500000000000001,0.045,8.467741935483872,3.543307086614173,8.474210952168082
KIC6448798,1.4,0.22,0.12,2.4,0.14,0.1,6349.0,67.0,67.0,-0.16,0.15,0.15,,,,,3.829,0.017,0.017,,9.553,0.859532225,0.859532225,,ms,F,,,,,,C14sdss,A,1,67.0,0.017,0.15,0.859532225,0.16999999999999998,0.12000000000000001,12.142857142857144,5.000000000000001,8.99751099131163
KIC6450651,1.1,0.18,0.12,1.72,0.11,0.09,5995.0,69.0,69.0,-0.12,0.15,0.15,,,,,4.01,0.02,0.021,,3.177,0.273070118,0.273070118,,ms,G,,,,,,C14sdss,A,1,69.0,0.0205,0.15,0.273070118,0.15,0.1,13.636363636363635,5.813953488372093,8.59521932640856
KIC6593461,0.94,0.2,0.11,1.29,0.08,0.06,5817.0,101.0,101.0,0.24,0.15,0.15,,,,,4.193,0.026,0.023,,2.059,0.17859073,0.17859073,,ms,G,,,,,,C14sdss,A,1,101.0,0.0245,0.15,0.17859073,0.155,0.07,16.48936170212766,5.426356589147288,8.673663428848954
KIC7019341,0.98,0.2,0.12,1.39,0.1,0.08,5723.0,77.0,77.0,0.38,0.1,0.1,,,,,4.145,0.02,0.02,,2.351,0.220003795,0.220003795,,ms,G,,,,,,C14sdss,A,1,77.0,0.02,0.1,0.220003795,0.16,0.09,16.3265306122449,6.474820143884893,9.357881539770311
KIC7465072,1.15,0.22,0.11,1.66,0.1,0.08,6192.0,55.0,55.0,0.06,0.15,0.15,,,,,4.061,0.034,0.033,,4.49,0.388140708,0.388140708,,ms,F,,,,,,C14sdss,A,1,55.0,0.0335,0.15,0.388140708,0.165,0.09,14.347826086956523,5.421686746987952,8.644559198218262
KIC7530690,1.35,0.07,0.09,1.34,0.04,0.04,6836.0,62.0,62.0,-0.04,0.15,0.15,,,,,4.311,0.013,0.014,,3.41,0.283974195,0.283974195,,ms,F,,,,,,C14sdss,A,1,62.0,0.0135,0.15,0.283974195,0.08,0.04,5.925925925925926,2.9850746268656714,8.32768900293255
KIC7622208,1.39,0.11,0.19,1.92,0.07,0.1,6606.0,99.0,99.0,0.0,0.15,0.15,,,,,4.008,0.013,0.014,,6.48,0.616787233,0.616787233,,ms,F,,,,,,C14sdss,A,1,99.0,0.0135,0.15,0.616787233,0.15,0.085,10.79136690647482,4.427083333333334,9.518321496913579
KIC7938112,1.37,0.13,0.17,1.84,0.07,0.09,6520.0,70.0,70.0,-0.22,0.15,0.15,,,,,4.043,0.018,0.02,,7.203,0.779587287,0.779587287,,ms,F,,,,,,C14sdss,A,1,70.0,0.019,0.15,0.779587287,0.15000000000000002,0.08,10.948905109489052,4.3478260869565215,10.823091586838816
KIC8174170,1.25,0.13,0.2,2.18,0.12,0.16,5983.0,64.0,64.0,-0.04,0.15,0.15,,,,,3.859,0.016,0.016,,2.899,0.668392809,0.668392809,,ms,G,,,,,,C14sdss,A,1,64.0,0.016,0.15,0.668392809,0.165,0.14,13.2,6.422018348623854,23.055978233873745
KIC8377423,1.21,0.19,0.14,1.99,0.12,0.11,6059.0,57.0,57.0,0.24,0.15,0.15,,,,,3.928,0.032,0.031,,6.765,0.601312885,0.601312885,,ms,F,,,,,,C14sdss,A,1,57.0,0.0315,0.15,0.601312885,0.165,0.11499999999999999,13.636363636363637,5.778894472361809,8.88858662232077
KIC8391021,1.26,0.1,0.11,1.54,0.05,0.05,6250.0,51.0,51.0,-0.22,0.2,0.15,,,,,4.163,0.01,0.011,,2.947,0.251913091,0.251913091,,ms,F,,,,,,C14sdss,A,1,51.0,0.010499999999999999,0.175,0.251913091,0.10500000000000001,0.05,8.333333333333334,3.2467532467532467,8.548119816762808
KIC8420801,1.35,0.1,0.19,1.74,0.06,0.08,6506.0,73.0,73.0,0.07,0.15,0.15,,,,,4.08,0.017,0.02,,4.674,0.408550153,0.408550153,,ms,F,,,,,,C14sdss,A,1,73.0,0.018500000000000003,0.15,0.408550153,0.14500000000000002,0.07,10.74074074074074,4.022988505747127,8.740910419341036
KIC8435400,1.5,0.13,0.21,2.34,0.12,0.13,6322.0,59.0,59.0,0.14,0.15,0.1,,,,,3.863,0.016,0.016,,9.416,0.822782257,0.822782257,,ms,F,,,,,,C14sdss,A,1,59.0,0.016,0.125,0.822782257,0.16999999999999998,0.125,11.333333333333334,5.341880341880342,8.738129322429906
KIC8491374,1.38,0.14,0.19,1.95,0.09,0.1,6520.0,65.0,65.0,0.0,0.15,0.1,,,,,3.988,0.023,0.023,,5.685,0.476353911,0.476353911,,ms,F,,,,,,C14sdss,A,1,65.0,0.023,0.125,0.476353911,0.165,0.095,11.956521739130435,4.871794871794872,8.379136517150396
KIC8516041,1.09,0.13,0.12,1.3,0.06,0.06,6214.0,65.0,65.0,0.18,0.15,0.15,,,,,4.246,0.018,0.019,,2.381,0.22232026,0.22232026,,ms,F,,,,,,C14sdss,A,1,65.0,0.0185,0.15,0.22232026,0.125,0.06,11.467889908256879,4.615384615384615,9.337264174716505
KIC8981766,1.38,0.11,0.09,1.82,0.05,0.05,6237.0,72.0,72.0,-0.18,0.25,0.25,,,,,4.059,0.014,0.015,,14.37,1.342844371,1.342844371,,ms,F,,,,,,C14sdss,A,1,72.0,0.014499999999999999,0.25,1.342844371,0.1,0.05,7.246376811594203,2.7472527472527473,9.344776416144747
KIC9273544,1.14,0.12,0.12,1.55,0.07,0.07,6125.0,55.0,55.0,-0.22,0.15,0.15,,,,,4.112,0.013,0.013,,3.128,0.271690736,0.271690736,,ms,F,,,,,,C14sdss,A,1,55.0,0.013,0.15,0.271690736,0.12,0.07,10.526315789473685,4.516129032258065,8.685765217391303
KIC9402223,1.46,0.25,0.13,2.6,0.15,0.11,6350.0,52.0,52.0,-0.08,0.2,0.15,,,,,3.776,0.016,0.016,,11.16,0.975636586,0.975636586,,ms,F,,,,,,C14sdss,A,1,52.0,0.016,0.175,0.975636586,0.19,0.13,13.013698630136986,5.0,8.742263315412186
KIC9715099,1.37,0.15,0.17,2.49,0.1,0.11,6225.0,53.0,53.0,-0.22,0.4,0.3,,,,,3.78,0.019,0.019,,9.337,0.806574527,0.806574527,,ms,F,,,,,,C14sdss,A,1,53.0,0.019,0.35,0.806574527,0.16,0.10500000000000001,11.678832116788321,4.216867469879518,8.638476245046588
KIC9762786,1.38,0.14,0.19,1.96,0.1,0.12,6482.0,52.0,52.0,0.06,0.15,0.15,,,,,3.99,0.014,0.014,,6.917,0.598725134,0.598725134,,ms,F,,,,,,C14sdss,A,1,52.0,0.014,0.15,0.598725134,0.165,0.11,11.956521739130435,5.612244897959184,8.655849848200088
KIC9768011,1.35,0.16,0.16,2.02,0.13,0.13,6630.0,68.0,68.0,-0.26,0.2,0.15,,,,,3.955,0.023,0.024,,6.611,0.560297443,0.560297443,,ms,F,,,,,,C14sdss,A,1,68.0,0.0235,0.175,0.560297443,0.16,0.13,11.851851851851851,6.435643564356436,8.475229813946452
TIC278683641_A,1.273,0.007,0.007,1.612,0.003,0.003,5940.0,110.0,110.0,0.2907,0.0039,0.0039,APOGEE2_DR17,0.246,0.013,0.013,4.128,0.001,0.001,0.0,2.92,0.14,0.14,0.0,ms,F/G,13.5,0.021,0.119116234,True,True,CakirliDec25,EB,3,110.0,0.001,0.0039,0.14,0.007,0.003,0.5498821681068343,0.18610421836228286,4.794520547945206
47_Tuc-V69 A,0.876,0.005,0.005,1.316,0.005,0.005,5945.0,150.0,150.0,-0.71,0.1,0.1,,,,,4.143,0.003,0.003,,1.941,0.217,0.217,,ms,G,48.3,0.01,0.027246377,True,True,eker14,EB,1,150.0,0.003,0.1,0.217,0.005,0.005,0.5707762557077626,0.37993920972644374,11.17980422462648
47_Tuc-V69 B,0.859,0.006,0.006,1.163,0.006,0.006,5959.0,150.0,150.0,-0.71,0.1,0.1,,,,,4.242,0.003,0.003,,1.531,0.171,0.171,,ms,G,48.3,0.01,0.024078675,True,True,eker14,EB,1,150.0,0.003,0.1,0.171,0.006,0.006,0.6984866123399301,0.5159071367153912,11.169170476812543
AD_Boo A,1.414,0.009,0.009,1.614,0.014,0.014,6575.0,120.0,120.0,0.1,0.15,0.15,,,,,4.173,0.008,0.008,,4.375,0.356,0.356,,ms,F,9.41,0.02,0.17151966,True,True,eker14,EB,1,120.0,0.008,0.15,0.356,0.009,0.014,0.6364922206506365,0.8674101610904585,8.137142857142857
AD_Boo B,1.209,0.006,0.006,1.218,0.01,0.01,6145.0,120.0,120.0,0.1,0.15,0.15,,,,,4.351,0.007,0.007,,1.901,0.164,0.164,,ms,F,9.41,0.02,0.129436769,True,True,eker14,EB,1,120.0,0.007,0.15,0.164,0.006,0.01,0.4962779156327543,0.8210180623973727,8.627038400841663
BG_Ind A,1.428,0.008,0.008,2.29,0.017,0.017,6353.0,270.0,270.0,-0.2,0.1,0.1,,,,,3.865057243,0.006891794,0.006891794,,7.907,1.621,1.621,,ms,F,,,,True,True,eker14,EB,1,270.0,0.006891794,0.1,1.621,0.008,0.017,0.5602240896358543,0.7423580786026202,20.500822056405717
BG_Ind B,1.293,0.008,0.008,1.68,0.038,0.039,6653.0,233.0,233.0,-0.2,0.1,0.1,,,,,4.090979961,0.019829556,0.020341925,,5.117,0.881,0.881,,ms,F,,,,True,True,eker14,EB,1,233.0,0.0200857405,0.1,0.881,0.008,0.0385,0.6187161639597836,2.291666666666667,17.217119405901894
BW_Aqr A,1.479,0.02,0.02,2.057,0.04,0.04,6350.0,100.0,100.0,-0.07,0.11,0.11,,,,,3.981,0.019,0.019,,6.18,0.488,0.488,,ms,F,,,,True,True,eker14,EB,1,100.0,0.019,0.11,0.488,0.02,0.04,1.352265043948614,1.9445794846864366,7.8964401294498385
BW_Aqr B,1.377,0.02,0.02,1.788,0.04,0.04,6450.0,100.0,100.0,-0.07,0.11,0.11,,,,,4.075,0.022,0.022,,4.966,0.417,0.417,,ms,F,,,,True,True,eker14,EB,1,100.0,0.022,0.11,0.417,0.02,0.04,1.4524328249818446,2.237136465324385,8.397100281917036
CD_Tau A,1.441,0.016,0.016,1.798,0.017,0.017,6200.0,50.0,50.0,0.08,0.15,0.15,,,,,4.087,0.01,0.01,,4.285,0.171,0.171,,ms,F,,,,True,True,eker14,EB,1,50.0,0.01,0.15,0.171,0.016,0.017,1.1103400416377516,0.9454949944382648,3.990665110851809
CD_Tau B,1.366,0.016,0.016,1.584,0.02,0.02,6200.0,50.0,50.0,0.08,0.15,0.15,,,,,4.174,0.012,0.012,,3.327,0.141,0.141,,ms,F,,,,True,True,eker14,EB,1,50.0,0.012,0.15,0.141,0.016,0.02,1.171303074670571,1.2626262626262625,4.238052299368801
CO_And A,1.289,0.007,0.007,1.727,0.021,0.021,6140.0,130.0,130.0,0.01,0.15,0.15,,,,,4.074,0.011,0.011,,3.802,0.367,0.367,,ms,F,,,,True,True,eker14,EB,1,130.0,0.011,0.15,0.367,0.007,0.021,0.5430566330488752,1.2159814707585408,9.652814308258812
CO_And B,1.264,0.007,0.007,1.694,0.017,0.017,6170.0,130.0,130.0,0.01,0.15,0.15,,,,,4.082,0.009,0.009,,3.733,0.351,0.351,,ms,F,,,,True,True,eker14,EB,1,130.0,0.009,0.15,0.351,0.007,0.017,0.5537974683544304,1.0035419126328218,9.402625234395927
EF_Aqr A,1.244,0.008,0.008,1.338,0.012,0.012,6150.0,65.0,65.0,0.0,0.1,0.1,,,,,4.28,0.007,0.007,,2.301,0.108,0.108,,ms,F,,,,True,True,eker14,EB,1,65.0,0.007,0.1,0.108,0.008,0.012,0.6430868167202572,0.8968609865470851,4.69361147327249
EF_Aqr B,0.946,0.006,0.006,0.956,0.012,0.012,5185.0,110.0,110.0,0.0,0.1,0.1,,,,,4.453,0.011,0.011,,0.593,0.057,0.057,,ms,K,,,,True,True,eker14,EB,1,110.0,0.011,0.1,0.057,0.006,0.012,0.6342494714587738,1.2552301255230125,9.612141652613829
EK_Cep B,1.122,0.01,0.01,1.315,0.015,0.015,5700.0,190.0,190.0,0.07,0.05,0.05,,,,,4.251,0.015,0.015,,1.641,0.256,0.256,,ms,G,,,,True,True,eker14,EB,1,190.0,0.015,0.05,0.256,0.01,0.015,0.89126559714795,1.1406844106463878,15.600243753808654
EW_Ori A,1.173,0.011,0.011,1.169,0.005,0.005,6070.0,95.0,95.0,0.05,0.09,0.09,,,,,4.372,0.005,0.005,,1.667,0.111,0.111,,ms,F,,,,True,True,eker14,EB,1,95.0,0.005,0.09,0.111,0.011,0.005,0.9377664109121908,0.42771599657827203,6.65866826634673
EW_Ori B,1.123,0.009,0.009,1.098,0.005,0.005,5900.0,95.0,95.0,0.05,0.09,0.09,,,,,4.408,0.005,0.005,,1.312,0.091,0.091,,ms,G,,,,True,True,eker14,EB,1,95.0,0.005,0.09,0.091,0.009,0.005,0.8014247551202136,0.4553734061930783,6.935975609756097
GX_Gem A,1.488,0.011,0.011,2.334,0.012,0.012,6194.0,100.0,100.0,-0.12,0.1,0.1,,,,,3.887,0.004,0.004,,7.194,0.497,0.497,,ms,F,,,,True,True,eker14,EB,1,100.0,0.004,0.1,0.497,0.011,0.012,0.7392473118279569,0.5141388174807198,6.908534890186266
GX_Gem B,1.467,0.01,0.01,2.244,0.012,0.012,6166.0,100.0,100.0,-0.12,0.1,0.1,,,,,3.904,0.005,0.005,,6.531,0.467,0.467,,ms,F,,,,True,True,eker14,EB,1,100.0,0.005,0.1,0.467,0.01,0.012,0.6816632583503749,0.53475935828877,7.150512938294289
HS_Aur A,0.898,0.019,0.019,1.005,0.023,0.023,5350.0,70.0,70.0,-0.01,0.01,0.01,,,,,4.39,0.02,0.02,,0.743,0.055,0.055,,ms,G,,,,True,True,eker14,EB,1,70.0,0.02,0.01,0.055,0.019,0.023,2.1158129175946545,2.2885572139303485,7.402422611036339
HS_Aur B,0.877,0.017,0.017,0.874,0.03,0.03,5200.0,72.0,72.0,-0.01,0.01,0.01,,,,,4.5,0.03,0.03,,0.501,0.048,0.048,,ms,G,,,,True,True,eker14,EB,1,72.0,0.03,0.01,0.048,0.017,0.03,1.9384264538198406,3.4324942791762014,9.580838323353293
IM_Vir A,0.981,0.012,0.012,1.062,0.016,0.016,5570.0,100.0,100.0,-0.1,0.25,0.25,,,,,4.379,0.014,0.014,,0.975,0.082,0.082,,ms,G,,,,True,True,eker14,EB,1,100.0,0.014,0.25,0.082,0.012,0.016,1.2232415902140672,1.5065913370998116,8.410256410256412
KIC_6131659 A,0.922,0.007,0.007,0.88,0.003,0.003,5660.0,140.0,140.0,-0.21,0.1,0.1,,,,,4.505765577,0.004431697,0.004431697,,0.713,0.078,0.078,,ms,G,,,,True,True,eker14,EB,1,140.0,0.004431697,0.1,0.078,0.007,0.003,0.7592190889370933,0.3409090909090909,10.93969144460028
LV_Her A,1.192,0.01,0.01,1.358,0.012,0.012,6060.0,150.0,150.0,0.08,0.21,0.21,,,,,4.249,0.008,0.008,,2.234,0.25,0.25,,ms,F,,,,True,True,eker14,EB,1,150.0,0.008,0.21,0.25,0.01,0.012,0.8389261744966443,0.8836524300441825,11.190689346463742
LV_Her B,1.169,0.008,0.008,1.313,0.011,0.011,6030.0,150.0,150.0,0.08,0.21,0.21,,,,,4.27,0.008,0.008,,2.046,0.229,0.229,,ms,F,,,,True,True,eker14,EB,1,150.0,0.008,0.21,0.229,0.008,0.011,0.6843455945252352,0.8377760853008377,11.192570869990227
UX_Men A,1.235,0.006,0.006,1.349,0.013,0.013,6200.0,100.0,100.0,0.04,0.1,0.1,,,,,4.272,0.003,0.003,,2.415,0.173,0.173,,ms,F,,,,True,True,eker14,EB,1,100.0,0.003,0.1,0.173,0.006,0.013,0.48582995951416996,0.9636767976278725,7.163561076604553
UX_Men B,1.196,0.007,0.007,1.275,0.013,0.013,6150.0,100.0,100.0,0.04,0.1,0.1,,,,,4.306,0.01,0.01,,2.089,0.155,0.155,,ms,F,,,,True,True,eker14,EB,1,100.0,0.01,0.1,0.155,0.007,0.013,0.5852842809364549,1.019607843137255,7.419818094782192
V1130_Tau A,1.392,0.008,0.008,1.784,0.011,0.011,6625.0,70.0,70.0,-0.25,0.1,0.1,,,,,4.08,0.006,0.006,,5.508,0.26,0.26,,ms,F,,,,True,True,eker14,EB,1,70.0,0.006,0.1,0.26,0.008,0.011,0.574712643678161,0.616591928251121,4.720406681190995
V1130_Tau B,1.306,0.008,0.008,1.49,0.01,0.01,6650.0,70.0,70.0,-0.25,0.1,0.1,,,,,4.208,0.006,0.006,,3.899,0.184,0.184,,ms,F,,,,True,True,eker14,EB,1,70.0,0.006,0.1,0.184,0.008,0.01,0.6125574272588056,0.6711409395973155,4.719158758656065
V505_Per A,1.272,0.001,0.001,1.288,0.014,0.014,6512.0,21.0,21.0,-0.12,0.03,0.03,,,,,4.32,0.01,0.01,,2.679,0.069,0.069,,ms,F,,,,True,True,eker14,EB,1,21.0,0.01,0.03,0.069,0.001,0.014,0.07861635220125786,1.0869565217391306,2.5755879059350506
V505_Per B,1.254,0.001,0.001,1.267,0.014,0.014,6462.0,12.0,12.0,-0.12,0.03,0.03,,,,,4.33,0.01,0.01,,2.512,0.059,0.059,,ms,F,,,,True,True,eker14,EB,1,12.0,0.01,0.03,0.059,0.001,0.014,0.07974481658692185,1.104972375690608,2.3487261146496814
V565_Lyr A,0.995,0.003,0.003,1.101,0.007,0.007,5600.0,95.0,95.0,0.28,0.05,0.05,,,,,4.352,0.005,0.005,,1.072,0.079,0.079,,ms,G,,,,True,True,eker14,EB,1,95.0,0.005,0.05,0.079,0.003,0.007,0.3015075376884422,0.6357856494096277,7.369402985074626
V565_Lyr B,0.929,0.003,0.003,0.971,0.009,0.009,5430.0,125.0,125.0,0.28,0.05,0.05,,,,,4.432,0.008,0.008,,0.736,0.077,0.077,,ms,G,,,,True,True,eker14,EB,1,125.0,0.008,0.05,0.077,0.003,0.009,0.3229278794402583,0.9268795056642636,10.46195652173913
V568_Lyr A,1.075,0.008,0.008,1.4,0.016,0.016,5665.0,100.0,100.0,0.28,0.05,0.05,,,,,4.178,0.01,0.01,,1.811,0.143,0.143,,ms,G,,,,True,True,eker14,EB,1,100.0,0.01,0.05,0.143,0.008,0.016,0.744186046511628,1.142857142857143,7.896189950303699
V568_Lyr B,0.827,0.004,0.004,0.768,0.006,0.006,4900.0,100.0,100.0,0.28,0.05,0.05,,,,,4.586,0.008,0.008,,0.305,0.028,0.028,,ms,K,,,,True,True,eker14,EB,1,100.0,0.008,0.05,0.028,0.004,0.006,0.48367593712212825,0.78125,9.18032786885246
V636_Cen A,1.052,0.005,0.005,1.024,0.004,0.004,5900.0,85.0,85.0,-0.2,0.08,0.08,,,,,4.444,0.004,0.004,,1.14,0.07,0.07,,ms,G,,,,True,True,eker14,EB,1,85.0,0.004,0.08,0.07,0.005,0.004,0.47528517110266155,0.390625,6.140350877192984
V636_Cen B,0.854,0.003,0.003,0.835,0.004,0.004,5000.0,100.0,100.0,-0.2,0.08,0.08,,,,,4.532,0.005,0.005,,0.391,0.034,0.034,,ms,K,,,,True,True,eker14,EB,1,100.0,0.005,0.08,0.034,0.003,0.004,0.351288056206089,0.4790419161676647,8.695652173913045
VZ_Cep A,1.402,0.015,0.015,1.558,0.012,0.012,6670.0,160.0,160.0,0.06,0.09,0.09,,,,,4.213,0.008,0.008,,4.315,0.46,0.46,,ms,F,,,,True,True,eker14,EB,1,160.0,0.008,0.09,0.46,0.015,0.012,1.0699001426533523,0.7702182284980744,10.660486674391656
VZ_Cep B,1.108,0.008,0.008,1.058,0.04,0.04,5720.0,120.0,120.0,0.06,0.09,0.09,,,,,4.446,0.033,0.033,,1.076,0.137,0.137,,ms,G,,,,True,True,eker14,EB,1,120.0,0.033,0.09,0.137,0.008,0.04,0.7220216606498194,3.7807183364839316,12.732342007434944
WZ_Oph A,1.227,0.007,0.007,1.401,0.012,0.012,6165.0,100.0,100.0,-0.27,0.07,0.07,,,,,4.234,0.008,0.008,,2.547,0.182,0.182,,ms,F,,,,True,True,eker14,EB,1,100.0,0.008,0.07,0.182,0.007,0.012,0.5704971475142624,0.8565310492505352,7.145661562622693
WZ_Oph B,1.22,0.006,0.006,1.419,0.012,0.012,6115.0,100.0,100.0,-0.27,0.07,0.07,,,,,4.221,0.008,0.008,,2.529,0.181,0.181,,ms,F,,,,True,True,eker14,EB,1,100.0,0.008,0.07,0.181,0.006,0.012,0.4918032786885246,0.8456659619450316,7.156979043100039
YZ_Cas B,1.347,0.01,0.01,1.359,0.02,0.02,6700.0,250.0,250.0,0.1,0.06,0.06,,,,,4.307,0.013,0.013,,3.342,0.603,0.603,,ms,F,,,,True,True,eker14,EB,1,250.0,0.013,0.06,0.603,0.01,0.02,0.7423904974016333,1.4716703458425313,18.043087971274684
2MASS_J05282082+0338327_A,1.366,0.011,0.011,1.835,0.01,0.01,5103.0,26.0,26.0,0.025,0.275,0.275,LAMOST_DR11,,,,4.047,0.006,0.006,0.0,2.05716,0.04786,0.04723,1.0,ms,K1V,,,,,,Eker14+18,EB,3,26.0,0.006,0.275,0.047545000000000004,0.011,0.01,0.8052708638360174,0.5449591280653951,2.3111960178109627
2MASS_J05282082+0338327_B,1.327,0.008,0.008,1.735,0.01,0.01,4751.0,26.0,26.0,0.025,0.275,0.275,LAMOST_DR11,,,,4.083,0.006,0.006,0.0,1.38176,0.03443,0.03394,1.0,ms,K3V,,,,,,Eker14+18,EB,3,26.0,0.006,0.275,0.034185,0.008,0.01,0.6028636021100227,0.5763688760806917,2.474018642890227
KIC7177553_A,1.043,0.014,0.014,0.94,0.005,0.005,5800.0,130.0,130.0,0.204,0.013,0.013,LAMOST_DR11,,,,4.51,0.007,0.007,0.0,0.90087,0.08407,0.07868,1.0,ms,G2V,36.76,0.15,0.025571273,True,True,Eker14+18,EB,3,130.0,0.007,0.013,0.081375,0.014,0.005,1.3422818791946312,0.5319148936170213,9.03293482966466
KIC7177553_B,0.986,0.015,0.015,0.941,0.005,0.005,5740.0,140.0,140.0,0.204,0.013,0.013,LAMOST_DR11,,,,4.485,0.008,0.008,0.0,0.86601,0.08811,0.08196,1.0,ms,G2V,36.76,0.15,0.025598477,True,True,Eker14+18,EB,3,140.0,0.008,0.013,0.085035,0.015,0.005,1.5212981744421907,0.5313496280552604,9.819170679322411
TV_Cet_A,1.385,0.052,0.052,1.484,0.02,0.02,6902.0,150.0,150.0,-0.122,0.005,0.005,LAMOST_DR11,,,,4.237,0.02,0.02,0.0,4.50259,0.42242,0.39756,1.0,ms,F2V,25.15,0.25,0.059005964,True,True,Eker14+18,EB,2,150.0,0.02,0.005,0.40999,0.052,0.02,3.7545126353790614,1.3477088948787062,9.105648082548045
TV_Cet_B,1.265,0.051,0.051,1.221,0.01,0.01,6575.0,150.0,150.0,-0.122,0.005,0.005,LAMOST_DR11,,,,4.367,0.019,0.019,0.0,2.5102,0.2406,0.2251,1.0,ms,F5V,25.15,0.25,0.048548708,True,True,Eker14+18,EB,2,150.0,0.019,0.005,0.23285,0.051,0.01,4.031620553359684,0.8190008190008189,9.276153294558203
V2653_Oph_B,1.273,0.019,0.019,2.0,0.056,0.056,6350.0,650.0,650.0,-0.176,0.056,0.056,LAMOST_DR11,,,,3.941,0.025,0.025,0.0,5.85935,2.813,2.08054,1.0,ms,F7V,15.93110428,,0.125540576,True,True,Eker14+18,EB,3,650.0,0.025,0.056,2.44677,0.019,0.056,1.492537313432836,2.8000000000000003,41.75838616911432
V443_Cyg_A,1.2,0.2,0.2,1.3,0.2,0.2,6700.0,350.0,350.0,-0.213,0.025,0.025,LAMOST_DR11,,,,4.29,0.152,0.152,0.0,3.06818,1.23046,1.05384,1.0,ms,F2/3V,9.4,0.33,0.138297872,True,True,Eker14+18,EB,3,350.0,0.152,0.025,1.14215,0.2,0.2,16.666666666666668,15.384615384615383,37.225651689275075
V443_Cyg_B,1.1,0.3,0.3,1.1,0.2,0.2,6200.0,550.0,550.0,-0.213,0.025,0.025,LAMOST_DR11,,,,4.397,0.197,0.197,0.0,1.61082,0.91309,0.7304,1.0,ms,F8V,9.4,0.33,0.117021277,True,True,Eker14+18,EB,3,550.0,0.197,0.025,0.821745,0.3,0.2,27.27272727272727,18.18181818181818,51.01407978545089
KIC10191056_Ab,1.413,0.016,0.016,1.659,0.03,0.03,6584.3,155.3,155.3,0.122,0.007,0.007,,,,,4.149,0.016,0.016,0.0,4.66043,0.46229,0.45606,1.0,ms,,10.938,0.033,0.151673066,True,True,Helminiak19,EB,3,155.3,0.016,0.007,0.459175,0.016,0.03,1.132342533616419,1.8083182640144666,9.852631624120521
KIC10583181_B,0.96,0.016,0.016,0.98,0.01,0.01,5754.7,127.2,127.2,-0.23,0.007,0.007,,-0.01,0.07,0.07,4.438,0.007,0.007,0.0,0.94894,0.09153,0.08341,1.0,ms,,11.095,0.075,0.088328076,True,True,Helminiak19,EB,3,127.2,0.007,0.007,0.08746999999999999,0.016,0.01,1.6666666666666667,1.0204081632653061,9.217653381667967
KIC10987439_A,0.9862,0.0034,0.0034,0.932,0.015,0.015,6477.8,161.7,161.7,-0.158,0.012,0.012,,-0.03,0.05,0.05,4.493,0.014,0.014,0.0,1.37796,0.17054,0.13963,1.0,ms,,27.352,0.029,0.034074291,True,True,Helminiak19,EB,3,161.7,0.014,0.012,0.155085,0.0034,0.015,0.3447576556479416,1.6094420600858368,11.254680832535051
KIC10987439_B,1.4215,0.0045,0.0045,1.512,0.031,0.031,6490.0,90.0,90.0,-0.158,0.012,0.012,,-0.03,0.05,0.05,4.232,0.018,0.018,0.0,3.55,0.25,0.25,0.0,ms,,27.352,0.029,0.055279321,True,True,Helminiak19,EB,3,90.0,0.018,0.012,0.25,0.0045,0.031,0.31656700668308124,2.0502645502645502,7.042253521126761
KIC11922782_A,1.067,0.01,0.01,1.501,0.057,0.057,5990.0,110.0,110.0,-0.223,0.012,0.012,,-0.22,0.06,0.06,4.114,0.033,0.033,0.0,2.61,0.27,0.27,0.0,ms,,12.056,0.034,0.124502322,True,True,Helminiak19,EB,3,110.0,0.033,0.012,0.27,0.01,0.057,0.9372071227741331,3.79746835443038,10.344827586206897
KIC11922782_B,0.836,0.006,0.006,0.849,0.063,0.063,5862.8,122.6,122.6,-0.223,0.012,0.012,,-0.22,0.06,0.06,4.503,0.064,0.064,0.0,0.76724,0.07751,0.12605,1.0,ms,,12.056,0.034,0.070421367,True,True,Helminiak19,EB,3,122.6,0.064,0.012,0.10178,0.006,0.063,0.7177033492822966,7.420494699646643,13.26573171367499
KIC9641031_A,1.2102,0.0076,0.0076,1.244,0.0023,0.0023,6260.0,120.0,120.0,-0.437,0.012,0.012,,-0.07,0.09,0.09,4.331,0.016,0.016,0.0,2.14,0.18,0.17,0.0,ms,,9.145,0.016,0.136030618,True,True,Helminiak19,EB,3,120.0,0.016,0.012,0.175,0.0076,0.0023,0.6279953726656752,0.18488745980707394,8.177570093457943
KIC9641031_B,0.9512,0.0039,0.0039,0.9,0.024,0.024,5490.0,240.0,240.0,-0.437,0.012,0.012,,-0.07,0.09,0.09,4.508,0.023,0.023,0.0,0.66,0.13,0.11,0.0,ms,,9.145,0.016,0.098414434,True,True,Helminiak19,EB,3,240.0,0.023,0.012,0.12,0.0039,0.024,0.4100084104289318,2.6666666666666665,18.18181818181818
NGC_2506_V5_A,0.945,0.004,0.003,0.68,0.04,0.04,5690.0,140.0,120.0,-0.36,0.01,0.01,,,,,4.75,0.05,0.05,1.0,0.43668,0.05233,0.06132,1.0,ms,,9.04,0.1,0.075221239,True,True,Knudstrup20,EB,3,130.0,0.05,0.01,0.056825,0.0035,0.04,0.3703703703703704,5.88235294117647,13.012961436292022
EPIC201367296,1.15,0.04,0.04,1.73,0.04,0.04,5718.0,71.0,71.0,0.21,0.08,0.08,,,,,4.018,0.013,0.013,,2.7,0.342211612,0.342211612,,ms,G,,,,,,lund16,A,1,71.0,0.013,0.08,0.342211612,0.04,0.04,3.4782608695652177,2.3121387283236996,12.674504148148147
EPIC201367904,1.3,0.05,0.05,2.08,0.05,0.05,6251.0,78.0,78.0,-0.02,0.08,0.08,,,,,3.916,0.013,0.013,,6.664,0.597819169,0.597819169,,ms,F,,,,,,lund16,A,1,78.0,0.013,0.08,0.597819169,0.05,0.05,3.846153846153846,2.4038461538461537,8.970875885354141
EPIC201820830,1.29,0.08,0.08,1.74,0.05,0.05,6420.0,71.0,71.0,-0.07,0.11,0.11,,,,,4.063,0.016,0.016,,4.555,0.353974438,0.353974438,,ms,F,,,,,,lund16,A,1,71.0,0.016,0.11,0.353974438,0.08,0.05,6.201550387596899,2.8735632183908044,7.771118287596049
EPIC201860743,1.14,0.05,0.05,1.88,0.03,0.03,5926.0,78.0,78.0,-0.02,0.11,0.11,,,,,3.945,0.014,0.014,,4.119,0.374560309,0.374560309,,ms,G,,,,,,lund16,A,1,78.0,0.014,0.11,0.374560309,0.05,0.03,4.385964912280702,1.595744680851064,9.093476790483127
EPIC204356572,1.18,0.07,0.07,1.5,0.04,0.04,6316.0,78.0,78.0,-0.07,0.08,0.08,,,,,4.157,0.015,0.015,,3.422,0.297267427,0.297267427,,ms,F,,,,,,lund16,A,1,78.0,0.015,0.08,0.297267427,0.07,0.04,5.9322033898305095,2.6666666666666665,8.686949941554644
EPIC204506926,1.08,0.05,0.05,1.41,0.02,0.02,5705.0,78.0,78.0,0.38,0.08,0.08,,,,,4.172,0.013,0.013,,2.374,0.207373528,0.207373528,,ms,G,,,,,,lund16,A,1,78.0,0.013,0.08,0.207373528,0.05,0.02,4.62962962962963,1.4184397163120568,8.735194945240101
EPIC204550630,1.17,0.04,0.04,1.37,0.03,0.03,6199.0,65.0,65.0,-0.13,0.08,0.08,,,,,4.228,0.014,0.014,,3.635,0.304111216,0.304111216,,ms,F,,,,,,lund16,A,1,65.0,0.014,0.08,0.304111216,0.04,0.03,3.418803418803419,2.18978102189781,8.36619576341128
EPIC204624076,1.22,0.05,0.05,1.83,0.04,0.04,6381.0,71.0,71.0,-0.13,0.11,0.11,,,,,4.0,0.014,0.014,,6.112,0.47828118,0.47828118,,ms,F,,,,,,lund16,A,1,71.0,0.014,0.11,0.47828118,0.05,0.04,4.098360655737705,2.1857923497267757,7.825281086387434
EPIC204926239,1.44,0.05,0.05,2.45,0.05,0.05,6225.0,71.0,71.0,0.1,0.08,0.08,,,,,3.817,0.012,0.012,,6.714,0.596776978,0.596776978,,ms,F,,,,,,lund16,A,1,71.0,0.012,0.08,0.596776978,0.05,0.05,3.4722222222222223,2.0408163265306123,8.88854599344653
EPIC205962429,1.15,0.04,0.04,1.79,0.04,0.04,6082.0,65.0,65.0,-0.24,0.08,0.08,,,,,3.99,0.012,0.012,,4.372,0.372936225,0.372936225,,ms,F,,,,,,lund16,A,1,65.0,0.012,0.08,0.372936225,0.04,0.04,3.4782608695652177,2.2346368715083798,8.530105786825251
EPIC205974115,1.15,0.04,0.04,1.36,0.03,0.03,6121.0,71.0,71.0,-0.07,0.08,0.08,,,,,4.23,0.012,0.012,,3.386,0.460929318,0.460929318,,ms,F,,,,,,lund16,A,1,71.0,0.012,0.08,0.460929318,0.04,0.03,3.4782608695652177,2.205882352941176,13.612797341996455
EPIC205995584,1.31,0.07,0.07,1.71,0.04,0.04,6433.0,71.0,71.0,-0.07,0.08,0.08,,,,,4.082,0.013,0.013,,4.784,0.382916107,0.382916107,,ms,F,,,,,,lund16,A,1,71.0,0.013,0.08,0.382916107,0.07,0.04,5.34351145038168,2.3391812865497075,8.004099226588629
EPIC206009487,1.03,0.05,0.05,1.49,0.04,0.04,5926.0,71.0,71.0,-0.24,0.08,0.08,,,,,4.101,0.012,0.012,,1.949,0.164977136,0.164977136,,ms,G,,,,,,lund16,A,1,71.0,0.012,0.08,0.164977136,0.05,0.04,4.854368932038835,2.684563758389262,8.464706824012314
EPIC206064678,1.01,0.04,0.04,0.98,0.02,0.02,5562.0,71.0,71.0,0.26,0.11,0.11,,,,,4.453,0.013,0.013,,0.9558,0.088951639,0.088951639,,ms,G,,,,,,lund16,A,1,71.0,0.013,0.11,0.088951639,0.04,0.02,3.9603960396039604,2.0408163265306123,9.306511717932622
EPIC206064711,1.27,0.05,0.05,1.57,0.03,0.03,6563.0,71.0,71.0,-0.18,0.08,0.08,,,,,4.147,0.011,0.011,,3.997,0.308407549,0.308407549,,ms,F,,,,,,lund16,A,1,71.0,0.011,0.08,0.308407549,0.05,0.03,3.937007874015748,1.910828025477707,7.715975706780085
EPIC206070413,1.23,0.07,0.07,1.52,0.04,0.04,6446.0,71.0,71.0,-0.13,0.08,0.08,,,,,4.16,0.014,0.014,,3.855,0.316837613,0.316837613,,ms,F,,,,,,lund16,A,1,71.0,0.014,0.08,0.316837613,0.07,0.04,5.691056910569107,2.6315789473684212,8.218874526588845
EPIC206078331,0.94,0.04,0.04,1.13,0.03,0.03,5809.0,78.0,78.0,-0.18,0.11,0.11,,,,,4.306,0.012,0.012,,1.423,0.123992981,0.123992981,,ms,G,,,,,,lund16,A,1,78.0,0.012,0.11,0.123992981,0.04,0.03,4.25531914893617,2.6548672566371683,8.71349128601546
EPIC206088888,1.08,0.06,0.06,1.3,0.03,0.03,5965.0,71.0,71.0,-0.02,0.08,0.08,,,,,4.242,0.012,0.012,,2.132,0.179668843,0.179668843,,ms,G,,,,,,lund16,A,1,71.0,0.012,0.08,0.179668843,0.06,0.03,5.555555555555555,2.3076923076923075,8.427244043151969
EPIC206094605,1.4,0.11,0.11,2.01,0.07,0.07,6537.0,78.0,78.0,0.04,0.08,0.08,,,,,3.979,0.014,0.014,,6.616,0.579248511,0.579248511,,ms,F,,,,,,lund16,A,1,78.0,0.014,0.08,0.579248511,0.11,0.07,7.857142857142858,3.482587064676618,8.755267699516324
EPIC206107253,1.16,0.03,0.03,1.31,0.02,0.02,6290.0,65.0,65.0,-0.18,0.08,0.08,,,,,4.267,0.01,0.01,,2.481,0.208415083,0.208415083,,ms,F,,,,,,lund16,A,1,65.0,0.01,0.08,0.208415083,0.03,0.02,2.586206896551724,1.5267175572519083,8.400446715034262
EPIC206108325,1.3,0.05,0.05,2.15,0.05,0.05,6433.0,71.0,71.0,-0.18,0.11,0.11,,,,,3.887,0.014,0.014,,7.835,3.439729669,3.439729669,,ms,F,,,,,,lund16,A,1,71.0,0.014,0.11,3.439729669,0.05,0.05,3.846153846153846,2.3255813953488373,43.902101710274415
EPIC206189649,1.17,0.06,0.06,2.0,0.05,0.05,6082.0,78.0,78.0,-0.18,0.11,0.11,,,,,3.907,0.012,0.012,,8.906,1.59769483,1.59769483,,ms,F,,,,,,lund16,A,1,78.0,0.012,0.11,1.59769483,0.06,0.05,5.128205128205129,2.5,17.93953323602066
EPIC206201061,1.41,0.1,0.1,1.97,0.06,0.06,6589.0,71.0,71.0,-0.02,0.11,0.11,,,,,3.997,0.013,0.013,,5.989,0.544008622,0.544008622,,ms,F,,,,,,lund16,A,1,71.0,0.013,0.11,0.544008622,0.1,0.06,7.092198581560284,3.0456852791878175,9.083463382868592
EPIC206245055,0.88,0.04,0.04,0.93,0.02,0.02,5835.0,71.0,71.0,-0.35,0.08,0.08,,,,,4.444,0.012,0.012,,1.027,0.088155323,0.088155323,,ms,G,,,,,,lund16,A,1,71.0,0.012,0.08,0.088155323,0.04,0.02,4.545454545454546,2.150537634408602,8.583770496592015
EPIC206289767,1.36,0.08,0.08,2.06,0.06,0.06,6368.0,78.0,78.0,0.04,0.11,0.11,,,,,3.94,0.013,0.013,,6.726,0.567887631,0.567887631,,ms,F,,,,,,lund16,A,1,78.0,0.013,0.11,0.567887631,0.08,0.06,5.88235294117647,2.912621359223301,8.443170249776985
EPIC206368174,1.32,0.08,0.08,1.78,0.05,0.05,6212.0,65.0,65.0,0.1,0.06,0.06,,,,,4.05,0.013,0.013,,4.479,0.385317387,0.385317387,,ms,F,,,,,,lund16,A,1,65.0,0.013,0.06,0.385317387,0.08,0.05,6.0606060606060606,2.8089887640449436,8.602754789015405
EPIC206371648,0.83,0.03,0.03,0.93,0.02,0.02,5549.0,65.0,65.0,-0.24,0.08,0.08,,,,,4.421,0.016,0.016,,1.218,0.192773285,0.192773285,,ms,G,,,,,,lund16,A,1,65.0,0.016,0.08,0.192773285,0.03,0.02,3.6144578313253013,2.150537634408602,15.827034893267651
EPIC206453540,1.42,0.08,0.08,1.87,0.05,0.05,6524.0,78.0,78.0,-0.02,0.11,0.11,,,,,4.044,0.011,0.011,,6.053,0.502935082,0.502935082,,ms,F,,,,,,lund16,A,1,78.0,0.011,0.11,0.502935082,0.08,0.05,5.633802816901409,2.6737967914438503,8.308856467867175
HIP_41378,1.22,0.03,0.02,1.3,0.009,0.009,6290.0,77.0,77.0,-0.05,0.1,0.1,,,,,4.298,0.004,0.004,0.0,2.38333,0.12682,0.1192,1.0,ms,F,,,,,,Lund19,A,3,77.0,0.004,0.1,0.12301,0.025,0.009,2.0491803278688523,0.6923076923076922,5.161265959812531
HD24465_A,1.337,0.008,0.008,1.444,0.004,0.004,6250.0,100.0,100.0,0.3,0.15,0.15,,,,,4.245,0.0036,0.0036,0.0,2.86648,0.18792,0.1798,1.0,ms,F8,18.3,0.04,0.078907104,True,True,MartinDec24,EB,3,100.0,0.0036,0.15,0.18386,0.008,0.004,0.5983545250560958,0.2770083102493075,6.414138595071306
HD22064_A,1.345,0.031,0.031,1.554,0.014,0.014,6763.0,40.0,40.0,-0.1812,0.0058,0.0058,APOGEE2_DR17,-0.05,0.15,0.15,4.184,0.006,0.006,0.0,4.55,0.06,0.06,0.0,ms,F2,22.9,0.7,0.067973941,True,True,Maxted23,EB,3,40.0,0.006,0.0058,0.06,0.031,0.014,2.304832713754647,0.9009009009009009,1.3186813186813187
BEPOP-3_A,1.084,0.026,0.026,1.386,0.01,0.01,6065.0,36.0,36.0,-0.02,0.1,0.1,,,,,4.1895,0.0041,0.0041,0.0,2.345,0.033,0.033,0.0,ms,F9,26.0,0.16,0.053369272,True,True,Maxted25,EB,3,36.0,0.0041,0.1,0.033,0.026,0.01,2.3985239852398523,0.7215007215007215,1.4072494669509594
ASAS_J051753-5406.0_A,1.3094,0.0051,0.0051,1.9288,0.003,0.003,6462.0,43.0,43.0,0.0,0.2,0.2,,,,,3.9836,0.0012,0.0012,0.0,5.83,0.15,0.15,0.0,ms,F,49.718,0.09,0.038794803,True,True,Miller22,EB,3,43.0,0.0012,0.2,0.15,0.0051,0.003,0.3894913700931725,0.1555371215263376,2.5728987993138936
ASAS_J051753-5406.0_B,1.0896,0.0034,0.0034,1.1815,0.0037,0.0037,6331.0,43.0,43.0,0.0,0.2,0.2,,,,,4.3297,0.0026,0.0026,0.0,2.02,0.06,0.06,0.0,ms,F,49.718,0.09,0.023764029,True,True,Miller22,EB,3,43.0,0.0026,0.2,0.06,0.0034,0.0037,0.3120411160058737,0.31316123571730853,2.9702970297029703
LL_Aqr_A,1.1947,0.0009,0.0009,1.318,0.0013,0.0013,6242.0,51.0,51.0,0.04,0.05,0.05,,,,,4.2755,0.0009,0.0009,0.0,2.38,0.08,0.08,0.0,ms,F9,40.744,0.007,0.032348321,True,True,Miller26,EB,2,51.0,0.0009,0.05,0.08,0.0009,0.0013,0.07533271951117435,0.09863429438543247,3.361344537815126
LL_Aqr_B,1.0334,0.0006,0.0006,0.9927,0.0008,0.0008,5839.0,45.0,45.0,0.05,0.08,0.08,,,,,4.4587,0.0008,0.0008,0.0,1.03,0.03,0.03,0.0,ms,G3,40.744,0.007,0.024364324,True,True,Miller26,EB,2,45.0,0.0008,0.08,0.03,0.0006,0.0008,0.058060770272885615,0.08058829455021659,2.912621359223301
TIC100520485_A,1.218,0.015,0.015,1.639,0.041,0.041,6090.0,127.0,127.0,-0.42,0.05,0.05,,,,,4.08,0.02,0.02,0.0,3.31,0.1,0.1,0.0,ms,,16.45,0.01,0.099635258,True,True,MWang25,EB,3,127.0,0.02,0.05,0.1,0.015,0.041,1.2315270935960592,2.501525320317267,3.0211480362537766
TIC100520485_B,1.015,0.015,0.015,1.14,0.044,0.044,6209.0,144.0,144.0,-0.42,0.05,0.05,,,,,4.33,0.03,0.03,0.0,1.73,0.09,0.08,0.0,ms,,16.45,0.01,0.069300912,True,True,MWang25,EB,3,144.0,0.03,0.05,0.08499999999999999,0.015,0.044,1.4778325123152711,3.8596491228070176,4.913294797687861
TIC126323537_A,1.145,0.047,0.047,1.666,0.027,0.027,6787.0,133.0,133.0,-0.53,0.05,0.05,,,,,4.05,0.01,0.01,0.0,5.28,0.14,0.13,0.0,ms,,8.34,0.01,0.199760192,True,True,MWang25,EB,3,133.0,0.01,0.05,0.135,0.047,0.027,4.104803493449782,1.6206482593037217,2.5568181818181817
TIC126323537_B,1.141,0.016,0.016,1.481,0.049,0.049,6605.0,189.0,189.0,-0.53,0.05,0.05,,,,,4.15,0.02,0.02,0.0,3.74,0.14,0.14,0.0,ms,,8.34,0.01,0.177577938,True,True,MWang25,EB,3,189.0,0.02,0.05,0.14,0.016,0.049,1.4022787028922,3.3085752869682645,3.7433155080213907
TIC189069314_A,1.126,0.069,0.069,1.439,0.047,0.047,6286.0,108.0,108.0,-0.32,0.03,0.03,,,,,4.17,0.01,0.01,0.0,2.9,0.09,0.09,0.0,ms,,14.49,0.01,0.099309869,True,True,MWang25,EB,3,108.0,0.01,0.03,0.09,0.069,0.047,6.127886323268207,3.2661570535093816,3.103448275862069
TIC189069314_B,0.96,0.054,0.054,1.023,0.035,0.035,5739.0,117.0,117.0,-0.32,0.03,0.03,,,,,4.4,0.03,0.03,0.0,1.01,0.04,0.04,0.0,ms,,14.49,0.01,0.070600414,True,True,MWang25,EB,3,117.0,0.03,0.03,0.04,0.054,0.035,5.625000000000001,3.421309872922777,3.9603960396039604
TIC327361036_A,1.443,0.022,0.022,2.146,0.094,0.094,7553.0,126.0,126.0,0.08,0.04,0.04,,,,,3.93,0.04,0.04,0.0,12.45,0.59,0.56,0.0,ms,,19.1,0.27,0.112356021,True,True,MWang25,EB,3,126.0,0.04,0.04,0.575,0.022,0.094,1.5246015246015243,4.3802423112767945,4.618473895582329
TIC327361036_B,1.272,0.021,0.021,1.19,0.063,0.063,7585.0,191.0,191.0,0.08,0.04,0.04,,,,,4.39,0.05,0.05,0.0,4.23,0.25,0.24,0.0,ms,,19.1,0.27,0.062303665,True,True,MWang25,EB,3,191.0,0.05,0.04,0.245,0.021,0.063,1.650943396226415,5.294117647058823,5.791962174940898
TIC369605666_A,0.995,0.014,0.014,1.041,0.036,0.036,6116.0,108.0,108.0,-0.05,0.01,0.01,,,,,4.4,0.03,0.03,0.0,1.36,0.05,0.05,0.0,ms,,10.17,0.01,0.102359882,True,True,MWang25,EB,3,108.0,0.03,0.01,0.05,0.014,0.036,1.407035175879397,3.4582132564841497,3.676470588235294
TIC369605666_B,0.827,0.024,0.024,0.789,0.044,0.044,5486.0,116.0,116.0,-0.05,0.01,0.01,,,,,4.56,0.05,0.05,0.0,0.51,0.04,0.03,0.0,ms,,10.17,0.01,0.077581121,True,True,MWang25,EB,3,116.0,0.05,0.01,0.035,0.024,0.044,2.902055622732769,5.576679340937895,6.862745098039216
TIC39022841_A,0.856,0.048,0.048,0.929,0.059,0.059,5914.0,101.0,101.0,-0.19,0.03,0.03,,,,,4.44,0.02,0.02,0.0,0.95,0.06,0.06,0.0,ms,,21.59,0.19,0.04302918,True,True,MWang25,EB,3,101.0,0.02,0.03,0.06,0.048,0.059,5.607476635514018,6.35091496232508,6.315789473684211
TIC39022841_B,0.892,0.037,0.037,1.074,0.087,0.087,6071.0,102.0,102.0,-0.19,0.03,0.03,,,,,4.33,0.03,0.03,0.0,1.41,0.12,0.11,0.0,ms,,21.59,0.19,0.049745252,True,True,MWang25,EB,3,102.0,0.03,0.03,0.11499999999999999,0.037,0.087,4.147982062780269,8.100558659217876,8.156028368794328
TIC431925451_A,1.426,0.079,0.079,1.488,0.09,0.09,6989.0,131.0,131.0,-0.2,0.02,0.02,,,,,4.25,0.05,0.05,0.0,4.74,0.3,0.29,0.0,ms,,14.19,0.01,0.104862579,True,True,MWang25,EB,3,131.0,0.05,0.02,0.295,0.079,0.09,5.539971949509117,6.048387096774194,6.223628691983122
TIC431925451_B,1.404,0.061,0.061,1.481,0.087,0.087,6614.0,145.0,145.0,-0.2,0.02,0.02,,,,,4.24,0.07,0.07,0.0,3.82,0.24,0.23,0.0,ms,,14.19,0.01,0.104369274,True,True,MWang25,EB,3,145.0,0.07,0.02,0.235,0.061,0.087,4.344729344729345,5.874409182984469,6.151832460732985
TIC446092483_A,1.342,0.019,0.019,2.194,0.069,0.069,6336.0,120.0,120.0,-0.25,0.01,0.01,,,,,3.88,0.03,0.03,0.0,6.07,0.21,0.21,0.0,ms,,26.92,0.05,0.081500743,True,True,MWang25,EB,3,120.0,0.03,0.01,0.21,0.019,0.069,1.4157973174366616,3.1449407474931634,3.459637561779242
TIC446092483_B,1.486,0.028,0.028,1.459,0.077,0.077,6096.0,111.0,111.0,-0.25,0.01,0.01,,,,,4.28,0.04,0.04,0.0,2.41,0.14,0.13,0.0,ms,,26.92,0.05,0.054197623,True,True,MWang25,EB,3,111.0,0.04,0.01,0.135,0.028,0.077,1.8842530282637957,5.277587388622344,5.601659751037344
TIC46299496_A,1.123,0.028,0.028,1.13,0.018,0.018,6056.0,113.0,113.0,-0.56,0.03,0.03,,,,,4.38,0.01,0.01,0.0,1.54,0.04,0.04,0.0,ms,,11.99,0.01,0.094245204,True,True,MWang25,EB,3,113.0,0.01,0.03,0.04,0.028,0.018,2.4933214603739984,1.592920353982301,2.5974025974025974
TIC46299496_B,1.053,0.026,0.026,1.02,0.04,0.04,5926.0,120.0,120.0,-0.56,0.03,0.03,,,,,4.44,0.02,0.02,0.0,1.15,0.05,0.05,0.0,ms,,11.99,0.01,0.085070892,True,True,MWang25,EB,3,120.0,0.02,0.03,0.05,0.026,0.04,2.469135802469136,3.9215686274509802,4.347826086956522
TIC54759992_A,1.236,0.042,0.042,1.255,0.028,0.028,6733.0,126.0,126.0,-0.53,0.03,0.03,,,,,4.33,0.01,0.01,0.0,2.9,0.09,0.09,0.0,ms,,9.62,0.05,0.13045738,True,True,MWang25,EB,3,126.0,0.01,0.03,0.09,0.042,0.028,3.3980582524271847,2.2310756972111556,3.103448275862069
TIC54759992_B,1.03,0.011,0.011,0.98,0.035,0.035,5619.0,139.0,139.0,-0.53,0.03,0.03,,,,,4.48,0.03,0.03,0.0,0.86,0.04,0.04,0.0,ms,,9.62,0.05,0.101871102,True,True,MWang25,EB,3,139.0,0.03,0.03,0.04,0.011,0.035,1.0679611650485434,3.571428571428572,4.651162790697675
KIC6147573_A,0.98,0.01,0.01,1.007,0.005,0.005,5699.0,100.0,100.0,-0.003,0.031,0.031,LAMOST_DR11,,,,4.422,0.003,0.003,0.0,0.95,0.12,0.1,0.0,ms,G3,46.0,0.2,0.021891304,True,True,Ozdarcan24,EB,3,100.0,0.003,0.031,0.11,0.01,0.005,1.0204081632653061,0.496524329692155,11.578947368421053
KIC8543278_A,0.827,0.007,0.007,0.746,0.004,0.004,5270.0,90.0,90.0,-0.166,0.028,0.028,LAMOST_DR11,,,,4.611,0.004,0.004,0.0,0.39,0.05,0.04,0.0,ms,K0,18.64,0.05,0.040021459,True,True,Ozdarcan24,EB,3,90.0,0.004,0.028,0.045,0.007,0.004,0.8464328899637245,0.5361930294906166,11.538461538461538
KIC9762519_A,0.92,0.02,0.02,0.916,0.008,0.008,5750.0,90.0,90.0,-0.447,0.028,0.028,LAMOST_DR11,,,,4.48,0.005,0.005,0.0,0.83,0.1,0.09,0.0,ms,G7,18.9,0.1,0.048465608,True,True,Ozdarcan24,EB,3,90.0,0.005,0.028,0.095,0.02,0.008,2.1739130434782608,0.8733624454148472,11.44578313253012
KIC11769146_A,1.001,0.007,0.007,0.968,0.002,0.002,5800.0,150.0,150.0,0.0,0.25,0.25,,,,,4.467,0.001,0.001,0.0,0.95,0.09,0.08,0.0,ms,,222.4,0.5,0.004352518,True,True,OzdarcanFeb25,EB,3,150.0,0.001,0.25,0.08499999999999999,0.007,0.002,0.6993006993006995,0.2066115702479339,8.947368421052632
KIC11769146_B,0.846,0.006,0.006,0.785,0.002,0.002,5180.0,150.0,150.0,0.0,0.25,0.25,,,,,4.575,0.001,0.001,0.0,0.4,0.05,0.04,0.0,ms,,222.4,0.5,0.003529676,True,True,OzdarcanFeb25,EB,3,150.0,0.001,0.25,0.045,0.006,0.002,0.7092198581560284,0.25477707006369427,11.25
KIC8610483_A,0.92,0.02,0.02,1.461,0.01,0.01,5700.0,150.0,150.0,-0.25,0.25,0.25,,,,,4.07,0.004,0.004,0.0,2.0,0.2,0.2,0.0,ms,,68.7,0.4,0.021266376,True,True,OzdarcanFeb25,EB,3,150.0,0.004,0.25,0.2,0.02,0.01,2.1739130434782608,0.6844626967830253,10.0
KIC8610483_B,0.92,0.02,0.02,1.329,0.009,0.009,5751.0,150.0,150.0,-0.25,0.25,0.25,,,,,4.153,0.004,0.004,0.0,1.7,0.2,0.2,0.0,ms,,68.7,0.4,0.019344978,True,True,OzdarcanFeb25,EB,3,150.0,0.004,0.25,0.2,0.02,0.009,2.1739130434782608,0.6772009029345372,11.764705882352942
KIC8868907_A,1.032,0.005,0.005,1.318,0.002,0.002,5800.0,150.0,150.0,0.0,0.25,0.25,,,,,4.2115,0.0009,0.0009,0.0,1.8,0.2,0.2,0.0,ms,,148.6,0.2,0.008869448,True,True,OzdarcanFeb25,EB,3,150.0,0.0009,0.25,0.2,0.005,0.002,0.4844961240310077,0.15174506828528073,11.11111111111111
KIC9948002_A,1.25,0.03,0.03,1.82,0.01,0.01,6100.0,150.0,150.0,0.0,0.25,0.25,,,,,4.015,0.004,0.004,0.0,4.2,0.4,0.4,0.0,ms,,115.1,0.8,0.015812337,True,True,OzdarcanFeb25,EB,3,150.0,0.004,0.25,0.4,0.03,0.01,2.4,0.5494505494505494,9.523809523809524
TIC196817076_A,0.989,0.001,0.001,0.788,0.005,0.005,5285.0,150.0,150.0,-0.05,0.15,0.15,,,,,4.28,0.27,0.27,0.0,0.43644,0.052,0.0478,1.0,ms,K0,30.15,0.15,0.026135987,True,True,Pan25,EB,3,150.0,0.27,0.15,0.0499,0.001,0.005,0.10111223458038424,0.6345177664974619,11.43341581889836
TIC196817076_B,0.818,0.011,0.011,0.762,0.005,0.005,5200.0,155.0,155.0,0.02,0.13,0.13,,,,,4.14,0.39,0.39,0.0,0.38249,0.04795,0.04389,1.0,ms,K1,30.15,0.15,0.025273632,True,True,Pan25,EB,3,155.0,0.39,0.13,0.04592,0.011,0.005,1.3447432762836184,0.6561679790026247,12.005542628565454
KIC10003270,1.416,0.20746566,0.103232747,2.362,0.114947814,0.098478424,6594.0,69.0,69.0,-0.181,0.1,0.1,,,,,3.848,0.022135944,0.023086793,,9.847,0.935283685,0.935283685,,ms,F,,,,,,serenelli17,A,1,69.0,0.0226113685,0.1,0.935283685,0.1553492035,0.106713119,10.970988947740114,4.517913590177815,9.49815867776988
KIC10016239,1.264,0.054037024,0.05964059,1.298,0.024698178,0.025553865,6482.0,51.0,51.0,-0.005,0.1,0.1,,,,,4.312,0.01077033,0.01077033,,2.567,0.21132721,0.21132721,,ms,F,,,,,,serenelli17,A,1,51.0,0.01077033,0.1,0.21132721,0.056838807000000005,0.025126021499999998,4.496741060126583,1.9357489599383664,8.232458511881573
KIC10019747,1.168,0.050990195,0.055605755,1.7,0.029206164,0.030805844,5769.0,65.0,65.0,0.204,0.1,0.1,,,,,4.044,0.010630146,0.010630146,,2.721,0.231861813,0.231861813,,ms,G,,,,,,serenelli17,A,1,65.0,0.010630146,0.1,0.231861813,0.053297975,0.030006004,4.56318279109589,1.7650590588235293,8.521198566703418
KIC10024648,1.444,0.087692645,0.137295302,2.0,0.050447993,0.060207973,6409.0,157.0,157.0,-0.006,0.1,0.1,,,,,3.994,0.014317821,0.016155494,,5.875,0.50241565,0.50241565,,ms,F,,,,,,serenelli17,A,1,157.0,0.0152366575,0.1,0.50241565,0.11249397350000001,0.055327983,7.790441378116344,2.76639915,8.551755744680852
KIC10025841,1.121,0.133195345,0.096648849,1.521,0.094556861,0.085094066,5738.0,187.0,187.0,0.197,0.1,0.1,,,,,4.127,0.036221541,0.039204592,,3.181,0.271735078,0.271735078,,ms,G,,,,,,serenelli17,A,1,187.0,0.0377130665,0.1,0.271735078,0.114922097,0.08982546350000001,10.251748171275647,5.9056846482577265,8.542441936497957
KIC10070754,1.201,0.055217751,0.056859476,1.284,0.028635642,0.028635642,6550.0,58.0,58.0,-0.21,0.099,0.099,,,,,4.299,0.014866069,0.014866069,,2.492,0.206873468,0.206873468,,ms,F,,,,,,serenelli17,A,1,58.0,0.014866069,0.099,0.206873468,0.0560386135,0.028635642,4.665996128226477,2.2301901869158876,8.301503531300161
KIC10074716,1.217,0.074249579,0.092086915,1.465,0.046518813,0.045617979,6064.0,91.0,91.0,0.11,0.1,0.1,,,,,4.189,0.019313208,0.020248457,,2.686,0.224793258,0.224793258,,ms,F,,,,,,serenelli17,A,1,91.0,0.019780832499999998,0.1,0.224793258,0.083168247,0.046068396,6.833874034511092,3.144600409556314,8.369071407297096
KIC10079226,1.147,0.047010637,0.046097722,1.158,0.017088007,0.017088007,6078.0,50.0,50.0,0.106,0.099,0.099,,,,,4.37,0.007615773,0.007615773,,1.666,0.139281472,0.139281472,,ms,F,,,,,,serenelli17,A,1,50.0,0.007615773,0.099,0.139281472,0.0465541795,0.017088007,4.058777637314734,1.4756482728842832,8.360232412965185
KIC10081026,1.354,0.078102497,0.074404301,2.341,0.092282176,0.086284413,6503.0,61.0,61.0,-0.244,0.101,0.101,,,,,3.83,0.02236068,0.02236068,,10.56,0.96611297,0.96611297,,ms,F,,,,,,serenelli17,A,1,61.0,0.02236068,0.101,0.96611297,0.076253399,0.0892832945,5.631713367799113,3.813895536095685,9.14879706439394
KIC10118942,1.184,0.061717096,0.060959003,2.14,0.060835845,0.059933296,6362.0,61.0,61.0,-0.325,0.072111026,0.072111026,,,,,3.85,0.016492423,0.016492423,,6.26,0.579917862,0.579917862,,ms,F,,,,,,serenelli17,A,1,61.0,0.016492423,0.072111026,0.579917862,0.0613380495,0.0603845705,5.180578505067568,2.8217089018691586,9.263863610223641
KIC10129349,1.381,0.057801384,0.057008771,1.534,0.041146081,0.039357337,6699.0,56.0,56.0,0.045,0.1,0.1,,,,,4.206,0.017720045,0.017720045,,4.248,0.367732675,0.367732675,,ms,F,,,,,,serenelli17,A,1,56.0,0.017720045,0.1,0.367732675,0.0574050775,0.040251709,4.156776068066618,2.623970599739244,8.656607226930321
KIC10147635,1.467,0.055470713,0.046872167,2.688,0.044654227,0.041400483,6155.0,66.0,66.0,-0.035,0.1,0.1,,,,,3.746,0.006708204,0.006708204,,9.718,0.857439331,0.857439331,,ms,F,,,,,,serenelli17,A,1,66.0,0.006708204,0.1,0.857439331,0.05117144,0.043027355,3.4881690524880704,1.6007200520833336,8.82320776908829
KIC10186764,1.305,0.062968246,0.069814039,1.709,0.065192024,0.06239391,6488.0,74.0,74.0,-0.167,0.102,0.102,,,,,4.087,0.023194827,0.025179357,,3.867,0.346675422,0.346675422,,ms,F,,,,,,serenelli17,A,1,74.0,0.024187092,0.102,0.346675422,0.0663911425,0.063792967,5.087443869731802,3.7327657694558223,8.964970830100853
KIC10214328,1.23,0.085146932,0.063031738,1.765,0.053907328,0.051662365,6923.0,80.0,80.0,-0.584,0.102,0.102,,,,,4.033,0.0234094,0.020615528,,6.189,0.470228183,0.470228183,,ms,F,,,,,,serenelli17,A,1,80.0,0.022012464000000002,0.102,0.470228183,0.074089335,0.052784846499999996,6.023523170731708,2.9906428611898015,7.597805509775409
KIC10215584,1.068,0.06060528,0.06382006,1.139,0.029068884,0.029068884,5995.0,57.0,57.0,-0.015,0.1,0.1,,,,,4.352,0.017088007,0.017088007,,1.78,0.157131504,0.157131504,,ms,G,,,,,,serenelli17,A,1,57.0,0.017088007,0.1,0.157131504,0.06221267,0.029068884,5.825156367041198,2.552140825285338,8.827612584269662
KIC10273246,1.287,0.050990195,0.054451814,2.147,0.029,0.032015621,6342.0,59.0,59.0,-0.262,0.1,0.1,,,,,3.883,0.00781025,0.00781025,,6.403,0.567072116,0.567072116,,ms,F,,,,,,serenelli17,A,1,59.0,0.00781025,0.1,0.567072116,0.0527210045,0.030507810500000003,4.096426146076146,1.4209506520726598,8.85635039825082
KIC10319352,1.077,0.062201286,0.06060528,1.483,0.02884441,0.036674242,5659.0,63.0,63.0,0.197,0.099,0.099,,,,,4.128,0.017464249,0.016552945,,2.162,0.191534916,0.191534916,,ms,G,,,,,,serenelli17,A,1,63.0,0.017008597,0.099,0.191534916,0.061403283,0.032759326000000005,5.701326183844012,2.2089902899527987,8.859154301572618
KIC10322381,1.138,0.068796802,0.06463745,1.401,0.066098411,0.059464275,6464.0,63.0,63.0,-0.361,0.1,0.1,,,,,4.199,0.028071338,0.029068884,,2.627,0.213321387,0.213321387,,ms,F,,,,,,serenelli17,A,1,63.0,0.028570111000000002,0.1,0.213321387,0.066717126,0.06278134299999999,5.862664850615115,4.481180799428978,8.120342101256186
KIC10324098,1.326,0.172754161,0.073817342,2.11,0.081394103,0.06080296,6370.0,68.0,68.0,-0.118,0.101,0.101,,,,,3.912,0.016763055,0.015811388,,6.862,0.611014165,0.611014165,,ms,F,,,,,,serenelli17,A,1,68.0,0.016287221499999997,0.101,0.611014165,0.12328575149999998,0.0710985315,9.297567986425339,3.3695986492891,8.904316015738852
KIC10351059,1.47,0.072917762,0.072249567,1.819,0.045793013,0.04494441,6530.0,58.0,58.0,0.16,0.1,0.1,,,,,4.085,0.013928388,0.014866069,,5.568,0.459300526,0.459300526,,ms,F,,,,,,serenelli17,A,1,58.0,0.014397228500000001,0.1,0.459300526,0.0725836645,0.0453687115,4.937664251700681,2.494156761957119,8.248931860632183
KIC10385708,1.227,0.128160056,0.054561891,1.766,0.048846699,0.040706265,6036.0,55.0,55.0,0.121,0.1,0.1,,,,,4.033,0.017888544,0.015264338,,3.7,0.318249775,0.318249775,,ms,F,,,,,,serenelli17,A,1,55.0,0.016576441,0.1,0.318249775,0.0913609735,0.044776482,7.445882110839445,2.5354746319365797,8.60134527027027
KIC10398597,1.47,0.077935871,0.112538882,2.015,0.078447435,0.071784399,6412.0,65.0,65.0,0.112,0.1,0.1,,,,,3.991,0.024186773,0.024186773,,6.768,0.567435483,0.567435483,,ms,F,,,,,,serenelli17,A,1,65.0,0.024186773,0.1,0.567435483,0.0952373765,0.075115917,6.478733095238095,3.727837071960298,8.384094015957448
KIC10462940,1.239,0.050606324,0.052201533,1.271,0.017492856,0.017492856,6265.0,48.0,48.0,0.112,0.099,0.099,,,,,4.322,0.007211103,0.007211103,,2.189,0.183679028,0.183679028,,ms,F,,,,,,serenelli17,A,1,48.0,0.007211103,0.099,0.183679028,0.0514039285,0.017492856,4.1488239305891845,1.3763065302911095,8.39100173595249
KIC10491771,1.299,0.055154329,0.05375872,1.511,0.043081318,0.041231056,6601.0,48.0,48.0,-0.101,0.1,0.1,,,,,4.192,0.018973666,0.018973666,,3.72,0.300924684,0.300924684,,ms,F,,,,,,serenelli17,A,1,48.0,0.018973666,0.1,0.300924684,0.054456524500000006,0.042156187,4.192188183217861,2.7899528127068165,8.089373225806451
KIC10518551,1.25,0.052325902,0.057489129,2.08,0.036619667,0.038275318,6242.0,60.0,60.0,-0.267,0.101,0.101,,,,,3.898,0.008944272,0.009848858,,7.12,0.615406327,0.615406327,,ms,F,,,,,,serenelli17,A,1,60.0,0.009396564999999999,0.101,0.615406327,0.054907515500000004,0.0374474925,4.39260124,1.8003602163461538,8.643347289325842
KIC10610027,1.329,0.062625873,0.055154329,1.48,0.057567352,0.052810984,6704.0,58.0,58.0,-0.041,0.1,0.1,,,,,4.222,0.025317978,0.026305893,,5.015,0.10287895,0.10287895,,ms,F,,,,,,serenelli17,A,1,58.0,0.0258119355,0.1,0.10287895,0.058890101,0.055189168,4.43115884123401,3.7289978378378374,2.051424725822532
KIC10655953,1.262,0.048332184,0.050159745,1.267,0.026925824,0.026,6594.0,61.0,61.0,-0.073,0.099,0.099,,,,,4.333,0.012369317,0.013341664,,2.301,0.193171469,0.193171469,,ms,F,,,,,,serenelli17,A,1,61.0,0.0128554905,0.099,0.193171469,0.0492459645,0.026462911999999998,3.90221588748019,2.0886276243093924,8.395109474141677
KIC10717090,1.22,0.095,0.120880106,1.546,0.0585235,0.059363288,5817.0,74.0,74.0,0.238,0.1,0.1,,,,,4.141,0.02236068,0.024166092,,2.651,0.221827032,0.221827032,,ms,G,,,,,,serenelli17,A,1,74.0,0.023263386,0.1,0.221827032,0.10794005300000001,0.058943393999999996,8.847545327868852,3.8126386804657177,8.367673783477935
KIC10727922,1.212,0.065855903,0.070007142,1.917,0.075643903,0.072917762,6319.0,66.0,66.0,-0.304,0.1,0.1,,,,,3.954,0.023345235,0.02433105,,4.764,0.413800752,0.413800752,,ms,F,,,,,,serenelli17,A,1,66.0,0.0238381425,0.1,0.413800752,0.0679315225,0.0742808325,5.604911097359736,3.8748478090766825,8.68599395465995
KIC10730618,1.368,0.056727418,0.055226805,1.777,0.024083189,0.024083189,6422.0,54.0,54.0,-0.006,0.1,0.1,,,,,4.074,0.007211103,0.007211103,,4.894,0.397201754,0.397201754,,ms,F,,,,,,serenelli17,A,1,54.0,0.007211103,0.1,0.397201754,0.055977111499999996,0.024083189,4.091894115497075,1.3552723128868882,8.116096322026973
KIC10731424,1.437,0.08232861,0.076380626,2.55,0.09749359,0.087817994,6432.0,65.0,65.0,-0.129,0.101,0.101,,,,,3.782,0.018248288,0.019235384,,10.5,0.9424602,0.9424602,,ms,F,,,,,,serenelli17,A,1,65.0,0.018741836,0.101,0.9424602,0.07935461799999999,0.092655792,5.522242032011134,3.633560470588235,8.97581142857143
KIC10732098,1.121,0.055946403,0.060373835,1.778,0.051894123,0.050990195,5796.0,67.0,67.0,-0.01,0.1,0.1,,,,,3.987,0.01456022,0.015524175,,3.341,0.28117105,0.28117105,,ms,G,,,,,,serenelli17,A,1,67.0,0.0150421975,0.1,0.28117105,0.058160118999999996,0.051442159,5.188235414808206,2.8932597862767153,8.415775217000897
KIC10794845,1.142,0.054644304,0.055470713,1.143,0.048052055,0.04414748,6398.0,55.0,55.0,-0.195,0.1,0.1,,,,,4.378,0.029427878,0.032388269,,1.717,0.140750471,0.140750471,,ms,F,,,,,,serenelli17,A,1,55.0,0.0309080735,0.1,0.140750471,0.0550575085,0.0460997675,4.821147854640981,4.033225503062117,8.197464822364589
KIC10873176,1.109,0.054083269,0.050803543,2.021,0.039357337,0.038470768,6517.0,89.0,89.0,-0.837,0.104,0.104,,,,,3.871,0.012529964,0.012529964,,6.273,0.53509904,0.53509904,,ms,F,,,,,,serenelli17,A,1,89.0,0.012529964,0.104,0.53509904,0.052443406,0.038914052500000004,4.728891433724076,1.9254850321622963,8.530193527817632
KIC10963065,1.131,0.044407207,0.044407207,1.242,0.017029386,0.017804494,6316.0,45.0,45.0,-0.146,0.072111026,0.072111026,,,,,4.303,0.006403124,0.007211103,,1.87,0.154763396,0.154763396,,ms,F,,,,,,serenelli17,A,1,45.0,0.0068071135,0.072111026,0.154763396,0.044407207,0.01741694,3.9263666666666666,1.402330112721417,8.276117433155079
KIC10971974,1.057,0.059539903,0.058668561,1.19,0.033837849,0.032893768,6030.0,58.0,58.0,-0.077,0.102,0.102,,,,,4.311,0.018681542,0.018681542,,1.647,0.136094551,0.136094551,,ms,F,,,,,,serenelli17,A,1,58.0,0.018681542,0.102,0.136094551,0.059104232,0.0333658085,5.591696499526964,2.8038494537815124,8.263178567091682
KIC10972252,1.338,0.065069194,0.063702433,2.285,0.053600373,0.052009614,6237.0,60.0,60.0,-0.136,0.101,0.101,,,,,3.845,0.012529964,0.012529964,,8.655,0.740800397,0.740800397,,ms,F,,,,,,serenelli17,A,1,60.0,0.012529964,0.101,0.740800397,0.0643858135,0.0528049935,4.8120936846038855,2.310940634573304,8.559218913922589
KIC10972873,1.177,0.048764741,0.055036352,1.861,0.034058773,0.03748333,5928.0,64.0,64.0,-0.057,0.101,0.101,,,,,3.968,0.00781025,0.008602325,,3.488,0.305307643,0.305307643,,ms,G,,,,,,serenelli17,A,1,64.0,0.0082062875,0.101,0.305307643,0.0519005465,0.0357710515,4.40956214953271,1.9221414024717893,8.753086095183487
KIC11027406,1.066,0.064621978,0.060926185,1.357,0.029966648,0.029068884,6250.0,94.0,94.0,-0.279,0.099,0.099,,,,,4.2,0.012083046,0.01118034,,2.054,0.177470422,0.177470422,,ms,F,,,,,,serenelli17,A,1,94.0,0.011631693,0.099,0.177470422,0.0627740815,0.029517766,5.888750609756097,2.1752222549742077,8.640234761441091
KIC11075448,1.326,0.059413803,0.057280014,1.564,0.047434165,0.04554119,6470.0,68.0,68.0,0.029,0.1,0.1,,,,,4.171,0.019646883,0.020615528,,4.039,0.31044264,0.31044264,,ms,F,,,,,,serenelli17,A,1,68.0,0.0201312055,0.1,0.31044264,0.0583469085,0.046487677500000005,4.400219343891402,2.9723578964194375,7.686126268878436
KIC11083308,1.305,0.082462113,0.076550637,2.084,0.082734515,0.076537572,6234.0,65.0,65.0,-0.042,0.1,0.1,,,,,3.915,0.022561028,0.022561028,,6.828,0.577672496,0.577672496,,ms,F,,,,,,serenelli17,A,1,65.0,0.022561028,0.1,0.577672496,0.079506375,0.0796360435,6.092442528735632,3.8213072696737047,8.460347041593439
KIC11127479,1.162,0.057245087,0.060835845,1.372,0.023706539,0.024596748,5998.0,57.0,57.0,0.2,0.072111026,0.072111026,,,,,4.228,0.01,0.010816654,,2.257,0.193984784,0.193984784,,ms,G,,,,,,serenelli17,A,1,57.0,0.010408327,0.072111026,0.193984784,0.059040466,0.0241516435,5.080935111876076,1.7603238702623905,8.594806557377048
KIC11138101,1.305,0.062936476,0.062225397,2.332,0.081344945,0.076694198,6218.0,58.0,58.0,-0.219,0.101,0.101,,,,,3.817,0.020396078,0.021377558,,8.626,0.71597627,0.71597627,,ms,F,,,,,,serenelli17,A,1,58.0,0.020886818,0.101,0.71597627,0.0625809365,0.0790195715,4.7954740613026825,3.3884893439108064,8.300211801530258
KIC11188219,1.153,0.062128898,0.062968246,1.344,0.035468296,0.034539832,6024.0,62.0,62.0,0.089,0.1,0.1,,,,,4.242,0.017464249,0.017464249,,2.057,0.17333814,0.17333814,,ms,F,,,,,,serenelli17,A,1,62.0,0.017464249,0.1,0.17333814,0.062548572,0.035004064,5.4248544666088465,2.6044690476190477,8.426744773942636
KIC11389393,1.403,0.082758685,0.142270868,1.905,0.072111026,0.075471849,6174.0,66.0,66.0,0.14,0.1,0.1,,,,,4.019,0.015297059,0.016278821,,4.74,0.376421965,0.376421965,,ms,F,,,,,,serenelli17,A,1,66.0,0.01578794,0.1,0.376421965,0.1125147765,0.0737914375,8.01958492516037,3.873566272965879,7.941391666666667
KIC11389437,1.192,0.101921538,0.048826222,1.69,0.047010637,0.035510562,6158.0,53.0,53.0,-0.023,0.099,0.099,,,,,4.059,0.0117047,0.01077033,,3.883,0.311500816,0.311500816,,ms,F,,,,,,serenelli17,A,1,53.0,0.011237515,0.099,0.311500816,0.07537388,0.0412605995,6.323312080536913,2.4414555917159766,8.022168838526913
KIC11454149,1.141,0.055803226,0.056612719,1.153,0.030083218,0.029154759,6435.0,52.0,52.0,-0.233,0.1,0.1,,,,,4.37,0.016763055,0.017720045,,1.866,0.155988512,0.155988512,,ms,F,,,,,,serenelli17,A,1,52.0,0.01724155,0.1,0.155988512,0.056207972499999995,0.0296189885,4.926202673093777,2.568862836079792,8.35951296891747
KIC11460626,1.286,0.055865911,0.058796258,2.172,0.069641941,0.06685058,6176.0,62.0,62.0,-0.144,0.099,0.099,,,,,3.872,0.019416488,0.019416488,,6.979,0.623290105,0.623290105,,ms,F,,,,,,serenelli17,A,1,62.0,0.019416488,0.099,0.623290105,0.0573310845,0.0682462605,4.45809366251944,3.1420930248618784,8.930937168648803
KIC11467550,1.247,0.070292247,0.071589105,1.968,0.069641941,0.067955868,6146.0,58.0,58.0,-0.08,0.1,0.1,,,,,3.945,0.018248288,0.018248288,,5.592,0.484249155,0.484249155,,ms,F,,,,,,serenelli17,A,1,58.0,0.018248288,0.1,0.484249155,0.07094067600000001,0.06879890450000001,5.688907457898957,3.495879293699187,8.659677306866953
KIC11506988,1.251,0.168077363,0.114284732,1.872,0.01,0.064350602,6438.0,289.0,289.0,-0.23,0.1,0.1,,,,,3.994,0.027892651,0.023086793,,6.784,0.616199473,0.616199473,,ms,F,,,,,,serenelli17,A,1,289.0,0.025489722,0.1,0.616199473,0.1411810475,0.037175301,11.285455435651478,1.9858600961538462,9.083129024174529
KIC11507653,1.17,0.108503456,0.063007936,1.641,0.049396356,0.049396356,5916.0,74.0,74.0,0.112,0.1,0.1,,,,,4.078,0.024041631,0.022135944,,3.45,0.320121102,0.320121102,,ms,G,,,,,,serenelli17,A,1,74.0,0.0230887875,0.1,0.320121102,0.08575569599999999,0.049396356,7.329546666666666,3.0101374771480804,9.27887252173913
KIC11611414,1.272,0.078517514,0.107377838,1.706,0.059481089,0.058591808,6279.0,55.0,55.0,-0.074,0.1,0.1,,,,,4.074,0.02184033,0.02184033,,4.404,0.399251916,0.399251916,,ms,F,,,,,,serenelli17,A,1,55.0,0.02184033,0.1,0.399251916,0.092947676,0.059036448500000005,7.307207232704402,3.4605186694021106,9.065665667574931
KIC11713510,1.08,0.04472136,0.042059482,1.62,0.028284271,0.027586228,5941.0,58.0,58.0,-0.143,0.1,0.1,,,,,4.052,0.006708204,0.006708204,,2.86,0.258193921,0.258193921,,ms,G,,,,,,serenelli17,A,1,58.0,0.006708204,0.1,0.258193921,0.043390421,0.027935249500000002,4.017631574074073,1.7243981172839506,9.027759475524475
KIC11723674,1.4,0.061400326,0.061400326,2.466,0.065306967,0.062609903,6246.0,63.0,63.0,-0.062,0.1,0.1,,,,,3.799,0.01456022,0.015524175,,10.05,0.930950536,0.930950536,,ms,F,,,,,,serenelli17,A,1,63.0,0.0150421975,0.1,0.930950536,0.061400326,0.063958435,4.385737571428572,2.593610502838605,9.263189412935322
KIC11817562,1.448,0.081541401,0.073409809,2.477,0.10374006,0.093300589,6247.0,58.0,58.0,0.059,0.1,0.1,,,,,3.809,0.02433105,0.02433105,,9.93,0.875129544,0.875129544,,ms,F,,,,,,serenelli17,A,1,58.0,0.02433105,0.1,0.875129544,0.077475605,0.0985203245,5.350525207182321,3.9774051069842558,8.812986344410875
KIC12069569,1.363,0.076380626,0.070434367,2.314,0.094847246,0.088549421,6357.0,59.0,59.0,-0.109,0.1,0.1,,,,,3.843,0.024515301,0.025495098,,9.057,0.828832831,0.828832831,,ms,F,,,,,,serenelli17,A,1,59.0,0.0250051995,0.1,0.828832831,0.0734074965,0.0916983335,5.385729750550257,3.962762899740709,9.151295473114718
KIC12117868,1.11,0.068264193,0.063245553,1.326,0.047434165,0.044598206,6160.0,51.0,51.0,-0.108,0.099,0.099,,,,,4.239,0.021377558,0.02236068,,2.205,0.193501337,0.193501337,,ms,F,,,,,,serenelli17,A,1,51.0,0.021869119,0.099,0.193501337,0.06575487299999999,0.0460161855,5.923862432432431,3.47030056561086,8.775570839002267
KIC12265063,1.12,0.075432089,0.070837843,1.641,0.057271284,0.055461698,6189.0,60.0,60.0,-0.268,0.101,0.101,,,,,4.056,0.024041631,0.023086793,,3.367,0.30235973,0.30235973,,ms,F,,,,,,serenelli17,A,1,60.0,0.023564212,0.101,0.30235973,0.073134966,0.056366491,6.529907678571428,3.434886715417428,8.98009296109296
KIC12317678,1.452,0.074202426,0.073006849,1.851,0.034669872,0.034132096,6549.0,48.0,48.0,-0.3,0.204,0.204,,,,,4.066,0.008485281,0.008485281,,5.484,0.499756557,0.499756557,,ms,F,,,,,,serenelli17,A,1,48.0,0.008485281,0.204,0.499756557,0.0736046375,0.034400983999999996,5.06918991046832,1.8585080497028632,9.112993380743982
KIC2010607,1.402,0.08184131,0.069354164,2.41,0.105948101,0.09656604,6361.0,71.0,71.0,-0.07,0.1,0.1,,,,,3.819,0.027166155,0.027166155,,10.71,0.986519043,0.986519043,,ms,F,,,,,,serenelli17,A,1,71.0,0.027166155,0.1,0.986519043,0.075597737,0.1012570705,5.3921353067047075,4.201538195020747,9.211195546218487
KIC2450729,1.112,0.059169249,0.059169249,1.758,0.063324561,0.060539243,6029.0,59.0,59.0,-0.212,0.1,0.1,,,,,3.994,0.020880613,0.02184033,,3.406,0.295644468,0.295644468,,ms,F,,,,,,serenelli17,A,1,59.0,0.0213604715,0.1,0.295644468,0.059169249,0.061931902,5.320975629496402,3.522861319681456,8.680107692307692
KIC2852862,1.458,0.06105735,0.059539903,2.087,0.032202484,0.03342155,6417.0,58.0,58.0,-0.155,0.1,0.1,,,,,3.962,0.006403124,0.008062258,,6.696,0.554198346,0.554198346,,ms,F,,,,,,serenelli17,A,1,58.0,0.007232690999999999,0.1,0.554198346,0.0602986265,0.032812017,4.135708264746228,1.5722097268806898,8.276558333333332
KIC2991448,1.113,0.052773099,0.055461698,1.757,0.040804412,0.041617304,5836.0,70.0,70.0,-0.085,0.1,0.1,,,,,3.994,0.007615773,0.007615773,,2.843,0.169788463,0.169788463,,ms,G,,,,,,serenelli17,A,1,70.0,0.007615773,0.1,0.169788463,0.0541173985,0.041210858,4.86229995507637,2.3455240751280595,5.972158389025678
KIC2998253,1.262,0.059413803,0.062241465,1.425,0.064288413,0.0585235,6333.0,54.0,54.0,0.057,0.1,0.1,,,,,4.23,0.029427878,0.030413813,,3.188,0.263328546,0.263328546,,ms,F,,,,,,serenelli17,A,1,54.0,0.0299208455,0.1,0.263328546,0.060827634000000005,0.0614059565,4.819939302694136,4.309189929824561,8.259992032622334
KIC3112152,1.251,0.098270036,0.083408633,1.741,0.056302753,0.055470713,6282.0,59.0,59.0,-0.136,0.1,0.1,,,,,4.052,0.01456022,0.016492423,,4.304,0.355182211,0.355182211,,ms,F,,,,,,serenelli17,A,1,59.0,0.015526321499999999,0.1,0.355182211,0.09083933450000001,0.055886732999999994,7.261337689848122,3.2100363584147034,8.252374790892194
KIC3112889,1.235,0.058,0.063031738,1.986,0.060539243,0.058830264,6433.0,65.0,65.0,-0.358,0.102,0.102,,,,,3.932,0.017464249,0.017464249,,5.684,0.492828564,0.492828564,,ms,F,,,,,,serenelli17,A,1,65.0,0.017464249,0.102,0.492828564,0.060515869,0.0596847535,4.9000703643724695,3.005274597180262,8.67045327234342
KIC3223000,1.069,0.062481997,0.060959003,1.164,0.024186773,0.024186773,6198.0,47.0,47.0,-0.185,0.1,0.1,,,,,4.335,0.012529964,0.012529964,,2.195,0.187430826,0.187430826,,ms,F,,,,,,serenelli17,A,1,47.0,0.012529964,0.1,0.187430826,0.0617205,0.024186773,5.773666978484565,2.0779014604810997,8.53898979498861
KIC3241581,1.062,0.072138755,0.072138755,1.084,0.029410882,0.029410882,5770.0,81.0,81.0,0.185,0.1,0.1,,,,,4.393,0.016552945,0.016552945,,1.13,0.099657286,0.099657286,,ms,G,,,,,,serenelli17,A,1,81.0,0.016552945,0.1,0.099657286,0.072138755,0.029410882,6.792726459510358,2.713180996309963,8.819228849557524
KIC3430893,1.2,0.061911227,0.071554175,1.466,0.048466483,0.047539457,6270.0,60.0,60.0,-0.11,0.1,0.1,,,,,4.184,0.01811077,0.01811077,,3.507,0.286407736,0.286407736,,ms,F,,,,,,serenelli17,A,1,60.0,0.01811077,0.1,0.286407736,0.066732701,0.04800297,5.5610584166666674,3.274418144611187,8.166744682064444
KIC3438633,1.28,0.080262071,0.058694122,1.965,0.067977938,0.056603887,6432.0,73.0,73.0,-0.184,0.1,0.1,,,,,3.959,0.014142136,0.014142136,,5.59,0.44842168,0.44842168,,ms,F,,,,,,serenelli17,A,1,73.0,0.014142136,0.1,0.44842168,0.0694780965,0.062290912500000004,5.427976289062499,3.170020992366412,8.02185474060823
KIC3545753,1.258,0.05731492,0.061846584,2.296,0.057775427,0.056859476,6206.0,58.0,58.0,-0.338,0.105,0.105,,,,,3.814,0.014866069,0.015811388,,8.035,0.720810236,0.720810236,,ms,F,,,,,,serenelli17,A,1,58.0,0.015338728499999999,0.105,0.720810236,0.059580752,0.0573174515,4.73614880763116,2.4964046820557493,8.97088034847542
KIC3633847,1.285,0.142337627,0.071505245,1.858,0.058137767,0.048548944,6122.0,51.0,51.0,0.12,0.1,0.1,,,,,4.013,0.01835756,0.015811388,,5.266,0.475856442,0.475856442,,ms,F,,,,,,serenelli17,A,1,51.0,0.017084474,0.1,0.475856442,0.106921436,0.053343355499999995,8.320734319066148,2.8710094456404733,9.036392745917205
KIC3633889,1.208,0.057628118,0.06,1.322,0.035510562,0.035510562,6452.0,49.0,49.0,-0.12,0.1,0.1,,,,,4.276,0.012041595,0.012041595,,2.788,0.231897345,0.231897345,,ms,F,,,,,,serenelli17,A,1,49.0,0.012041595,0.1,0.231897345,0.058814059,0.035510562,4.868713493377483,2.6861242057488655,8.317695301291248
KIC3643774,1.275,0.056586217,0.061846584,1.588,0.023345235,0.025612497,6029.0,104.0,104.0,0.158,0.1,0.1,,,,,4.141,0.008602325,0.008602325,,2.911,0.199115375,0.199115375,,ms,F,,,,,,serenelli17,A,1,104.0,0.008602325,0.1,0.199115375,0.0592164005,0.024478866000000002,4.6444235686274515,1.5414903022670026,6.840102198557197
KIC3656476,1.075,0.040224371,0.041048752,1.316,0.018439089,0.018439089,5684.0,56.0,56.0,0.233,0.1,0.1,,,,,4.23,0.007211103,0.007211103,,1.626,0.139089863,0.139089863,,ms,G,,,,,,serenelli17,A,1,56.0,0.007211103,0.1,0.139089863,0.0406365615,0.018439089,3.7801452558139537,1.4011465805471124,8.554112115621157
KIC3657002,1.219,0.064660653,0.089894382,1.516,0.032449961,0.037589892,6006.0,64.0,64.0,0.112,0.1,0.1,,,,,4.161,0.012806248,0.013601471,,2.732,0.226473372,0.226473372,,ms,F,,,,,,serenelli17,A,1,64.0,0.0132038595,0.1,0.226473372,0.0772775175,0.0350199265,6.33941899097621,2.310021536939314,8.289654904831623
KIC3730801,1.24,0.067896981,0.11315918,1.595,0.04494441,0.052773099,5894.0,58.0,58.0,0.164,0.1,0.1,,,,,4.123,0.012649111,0.013601471,,2.844,0.24686741,0.24686741,,ms,G,,,,,,serenelli17,A,1,58.0,0.013125291,0.1,0.24686741,0.0905280805,0.0488587545,7.300651653225806,3.0632447962382443,8.680288677918426
KIC3854781,1.197,0.056727418,0.059816386,1.792,0.035805028,0.03744329,5705.0,102.0,102.0,0.256,0.1,0.1,,,,,4.009,0.01029563,0.01029563,,3.408,0.294317891,0.294317891,,ms,G,,,,,,serenelli17,A,1,102.0,0.01029563,0.1,0.294317891,0.058271902,0.036624159,4.86816223893066,2.0437588727678575,8.636088350938968
KIC3952307,1.275,0.062289646,0.068410526,2.076,0.048373546,0.047507894,6210.0,118.0,118.0,-0.118,0.1,0.1,,,,,3.908,0.013928388,0.013928388,,6.262,0.486953001,0.486953001,,ms,F,,,,,,serenelli17,A,1,118.0,0.013928388,0.1,0.486953001,0.065350086,0.047940720000000006,5.125496941176471,2.30928323699422,7.776317486426062
KIC3952580,1.458,0.064202804,0.061846584,2.709,0.046615448,0.047434165,6115.0,101.0,101.0,-0.074,0.1,0.1,,,,,3.736,0.01029563,0.009433981,,11.88,1.056787444,1.056787444,,ms,F,,,,,,serenelli17,A,1,101.0,0.0098648055,0.1,1.056787444,0.063024694,0.0470248065,4.322681344307271,1.7358732558139534,8.895517205387204
KIC3967859,1.008,0.060539243,0.059682493,1.284,0.034438351,0.03354102,6211.0,78.0,78.0,-0.375,0.1,0.1,,,,,4.224,0.015811388,0.015811388,,1.933,0.172593807,0.172593807,,ms,F,,,,,,serenelli17,A,1,78.0,0.015811388,0.1,0.172593807,0.060110868,0.0339896855,5.963379761904762,2.647171767912772,8.928805328504913
KIC4049576,1.159,0.067416615,0.069115845,1.944,0.091923882,0.086127812,6066.0,84.0,84.0,-0.264,0.101,0.101,,,,,3.923,0.028442925,0.030413813,,4.633,0.331409817,0.331409817,,ms,F,,,,,,serenelli17,A,1,84.0,0.029428369000000003,0.101,0.331409817,0.06826623,0.08902584699999999,5.890097497842968,4.5795188786008225,7.153244485214763
KIC4247542,1.129,0.091787799,0.071063352,1.581,0.052773099,0.050119856,6440.0,66.0,66.0,-0.44,0.1,0.1,,,,,4.095,0.020248457,0.020248457,,3.696,0.272247043,0.272247043,,ms,F,,,,,,serenelli17,A,1,66.0,0.020248457,0.1,0.272247043,0.0814255755,0.0514464775,7.21218560673162,3.2540466476913346,7.365991423160174
KIC4346201,1.142,0.05745433,0.054918121,1.902,0.03312099,0.032249031,6147.0,51.0,51.0,-0.337,0.099,0.099,,,,,3.937,0.010630146,0.010630146,,5.527,0.551784266,0.551784266,,ms,F,,,,,,serenelli17,A,1,51.0,0.010630146,0.099,0.551784266,0.0561862255,0.0326850105,4.919984719789842,1.7184548107255522,9.98343162656052
KIC4450844,1.056,0.046400431,0.047201695,1.548,0.025495098,0.025495098,5968.0,59.0,59.0,-0.136,0.072111026,0.072111026,,,,,4.082,0.007211103,0.007211103,,2.81,0.241286059,0.241286059,,ms,G,,,,,,serenelli17,A,1,59.0,0.007211103,0.072111026,0.241286059,0.046801063000000004,0.025495098,4.43191884469697,1.6469701550387597,8.586692491103202
KIC4465324,1.079,0.079378838,0.059033889,1.388,0.037336309,0.032695565,5850.0,59.0,59.0,0.037,0.1,0.1,,,,,4.187,0.012083046,0.012083046,,2.207,0.1928978,0.1928978,,ms,G,,,,,,serenelli17,A,1,59.0,0.012083046,0.1,0.1928978,0.06920636349999999,0.035015937,6.4139354494902685,2.5227620317002883,8.740271862256458
KIC4465529,1.322,0.054561891,0.057982756,1.657,0.030610456,0.030610456,6345.0,49.0,49.0,0.025,0.1,0.1,,,,,4.12,0.01029563,0.01029563,,4.239,0.367701157,0.367701157,,ms,F,,,,,,serenelli17,A,1,49.0,0.01029563,0.1,0.367701157,0.0562723235,0.030610456,4.256605408472012,1.8473419432709715,8.67424291106393
KIC4543171,1.315,0.068410526,0.069656299,1.663,0.043829214,0.043829214,6129.0,59.0,59.0,0.137,0.1,0.1,,,,,4.114,0.013928388,0.014866069,,3.486,0.296648102,0.296648102,,ms,F,,,,,,serenelli17,A,1,59.0,0.014397228500000001,0.1,0.296648102,0.0690334125,0.043829214,5.2496891634980996,2.635551052315093,8.50969885255307
KIC4571351,1.235,0.074330344,0.099809819,1.585,0.068949257,0.069892775,6000.0,59.0,59.0,0.143,0.101,0.101,,,,,4.125,0.026305893,0.028284271,,2.923,0.255209864,0.255209864,,ms,F,,,,,,serenelli17,A,1,59.0,0.027295082,0.101,0.255209864,0.08707008150000001,0.069421016,7.05020902834008,4.379874826498423,8.73109353404037
KIC4586099,1.253,0.118595953,0.077833155,1.813,0.051623638,0.040360872,6383.0,58.0,58.0,-0.151,0.1,0.1,,,,,4.021,0.013892444,0.012206556,,5.663,0.482656291,0.482656291,,ms,F,,,,,,serenelli17,A,1,58.0,0.0130495,0.1,0.482656291,0.09821455400000001,0.045992254999999996,7.838352274541103,2.5368039161610585,8.522978827476601
KIC4739932,1.166,0.058591808,0.063071388,1.805,0.047010637,0.047927028,5876.0,111.0,111.0,0.008,0.1,0.1,,,,,3.991,0.016155494,0.016155494,,4.034,0.323248424,0.323248424,,ms,G,,,,,,serenelli17,A,1,111.0,0.016155494,0.1,0.323248424,0.060831598,0.0474688325,5.217118181818182,2.629852216066482,8.013099256321269
KIC4755204,1.19,0.102459748,0.065863495,1.645,0.043863424,0.039357337,6073.0,70.0,70.0,-0.072,0.1,0.1,,,,,4.084,0.012083046,0.012083046,,2.924,0.263173003,0.263173003,,ms,F,,,,,,serenelli17,A,1,70.0,0.012083046,0.1,0.263173003,0.0841616215,0.0416103805,7.0724051680672275,2.52950641337386,9.00044469904241
KIC4756112,1.378,0.073,0.071505245,2.619,0.090476516,0.08579627,6182.0,60.0,60.0,-0.209,0.1,0.1,,,,,3.739,0.019416488,0.020396078,,11.38,1.040684239,1.040684239,,ms,F,,,,,,serenelli17,A,1,60.0,0.019906283,0.1,1.040684239,0.0722526225,0.08813639300000001,5.243296262699565,3.365268919434899,9.144852715289982
KIC4841753,1.314,0.056035703,0.053600373,2.149,0.07940403,0.074632433,5966.0,67.0,67.0,0.127,0.1,0.1,,,,,3.891,0.02236068,0.023345235,,6.304,0.560000153,0.560000153,,ms,G,,,,,,serenelli17,A,1,67.0,0.0228529575,0.1,0.560000153,0.054818038,0.0770182315,4.171844596651446,3.5839102605863196,8.883251157994923
KIC4842436,1.089,0.060440053,0.062008064,1.57,0.056920998,0.054083269,5688.0,63.0,63.0,0.139,0.1,0.1,,,,,4.082,0.023769729,0.023769729,,2.791,0.254711365,0.254711365,,ms,G,,,,,,serenelli17,A,1,63.0,0.023769729,0.1,0.254711365,0.0612240585,0.0555021335,5.622043939393939,3.535167738853503,9.126168577570764
KIC4947253,1.173,0.055072679,0.056824291,2.006,0.048332184,0.048332184,5953.0,59.0,59.0,-0.196,0.1,0.1,,,,,3.901,0.013,0.013,,5.318,0.474089941,0.474089941,,ms,G,,,,,,serenelli17,A,1,59.0,0.013,0.1,0.474089941,0.055948485,0.048332184,4.769691815856778,2.4093810568295115,8.914816491162092
KIC5084157,1.102,0.082298238,0.073573093,1.378,0.048301139,0.045650849,5803.0,83.0,83.0,0.125,0.1,0.1,,,,,4.201,0.01118034,0.01118034,,2.351,0.197037741,0.197037741,,ms,G,,,,,,serenelli17,A,1,83.0,0.01118034,0.1,0.197037741,0.0779356655,0.046975994,7.072201950998185,3.4089981132075473,8.381018332624416
KIC5214711,1.255,0.076485293,0.070724819,1.868,0.073409809,0.06977822,6194.0,54.0,54.0,-0.025,0.1,0.1,,,,,3.993,0.023769729,0.023769729,,5.291,0.438711511,0.438711511,,ms,F,,,,,,serenelli17,A,1,54.0,0.023769729,0.1,0.438711511,0.073605056,0.0715940145,5.86494470119522,3.8326560224839397,8.291655849555848
KIC5253542,1.077,0.061400326,0.061400326,1.191,0.026400758,0.026400758,5770.0,96.0,96.0,0.203,0.1,0.1,,,,,4.318,0.013,0.013,,1.463,0.123674067,0.123674067,,ms,G,,,,,,serenelli17,A,1,96.0,0.013,0.1,0.123674067,0.061400326,0.026400758,5.701051624883937,2.2166883291351804,8.453456390977443
KIC5344612,1.298,0.07566373,0.10878419,1.746,0.060827625,0.060827625,6359.0,84.0,84.0,-0.123,0.1,0.1,,,,,4.063,0.020396078,0.020396078,,4.715,0.390669341,0.390669341,,ms,F,,,,,,serenelli17,A,1,84.0,0.020396078,0.1,0.390669341,0.09222396,0.060827625,7.105081664098613,3.483827319587629,8.285670010604454
KIC5353186,1.362,0.210582525,0.087709749,2.187,0.104709121,0.06726812,6166.0,55.0,55.0,0.073,0.1,0.1,,,,,3.893,0.012649111,0.012649111,,7.67,0.655138126,0.655138126,,ms,F,,,,,,serenelli17,A,1,55.0,0.012649111,0.1,0.655138126,0.149146137,0.0859886205,10.950524008810572,3.93180706447188,8.541566179921773
KIC5371516,1.454,0.070092796,0.127945301,2.049,0.035355339,0.058600341,6350.0,81.0,81.0,0.075,0.1,0.1,,,,,3.976,0.01,0.014317821,,5.834,0.497365294,0.497365294,,ms,F,,,,,,serenelli17,A,1,81.0,0.0121589105,0.1,0.497365294,0.09901904850000001,0.04697784,6.810113376891335,2.2927203513909227,8.525287864244087
KIC5431016,1.336,0.175559107,0.084314886,2.142,0.081394103,0.046227697,6601.0,62.0,62.0,-0.264,0.101,0.101,,,,,3.903,0.019235384,0.012727922,,8.646,0.791074601,0.791074601,,ms,F,,,,,,serenelli17,A,1,62.0,0.015981653,0.101,0.791074601,0.1299369965,0.0638109,9.725823091317366,2.9790336134453783,9.149602139717787
KIC5512589,1.132,0.041146081,0.044777226,1.658,0.024839485,0.025612497,5789.0,56.0,56.0,0.032,0.1,0.1,,,,,4.052,0.00781025,0.00781025,,2.979,0.248201743,0.248201743,,ms,G,,,,,,serenelli17,A,1,56.0,0.00781025,0.1,0.248201743,0.0429616535,0.025225991000000003,3.795199072438163,1.5214711097708085,8.331713427324607
KIC5516982,1.263,0.045276926,0.044418465,1.472,0.019416488,0.019416488,6444.0,50.0,50.0,-0.065,0.1,0.1,,,,,4.203,0.007211103,0.007211103,,3.568,0.306744936,0.306744936,,ms,F,,,,,,serenelli17,A,1,50.0,0.007211103,0.1,0.306744936,0.0448476955,0.019416488,3.5508864212193196,1.3190548913043478,8.59711143497758
KIC5530375,1.404,0.064350602,0.061854668,2.753,0.06574192,0.064845971,6210.0,55.0,55.0,-0.226,0.1,0.1,,,,,3.706,0.012369317,0.012369317,,8.503,1.208243273,1.208243273,,ms,F,,,,,,serenelli17,A,1,55.0,0.012369317,0.1,1.208243273,0.063102635,0.0652939455,4.494489672364673,2.3717379404286234,14.20961158414677
KIC5543462,1.033,0.061294372,0.058821765,1.298,0.057974132,0.053160135,6246.0,54.0,54.0,-0.372,0.102,0.102,,,,,4.224,0.029274562,0.030265492,,2.252,0.188741772,0.188741772,,ms,F,,,,,,serenelli17,A,1,54.0,0.029770027,0.102,0.188741772,0.0600580685,0.0555671335,5.813946611810262,4.280981009244992,8.381073357015987
KIC5636956,1.464,0.072422372,0.127137721,2.055,0.055461698,0.064621978,6369.0,60.0,60.0,0.094,0.1,0.1,,,,,3.975,0.012165525,0.013152946,,7.338,0.637729562,0.637729562,,ms,F,,,,,,serenelli17,A,1,60.0,0.012659235500000001,0.1,0.637729562,0.0997800465,0.060041838,6.815576946721311,2.9217439416058393,8.690781711638047
KIC5683538,1.22,0.058600341,0.061032778,2.302,0.101651365,0.093962759,6366.0,73.0,73.0,-0.557,0.102,0.102,,,,,3.798,0.02745906,0.029427878,,6.302,0.483941956,0.483941956,,ms,F,,,,,,serenelli17,A,1,73.0,0.028443469,0.102,0.483941956,0.059816559500000005,0.097807062,4.9029966803278695,4.248786359687228,7.679180514122502
KIC5773155,1.429,0.077833155,0.079208585,1.896,0.052153619,0.052153619,6317.0,55.0,55.0,0.138,0.1,0.1,,,,,4.036,0.013152946,0.013152946,,5.469,0.4588635,0.4588635,,ms,F,,,,,,serenelli17,A,1,55.0,0.013152946,0.1,0.4588635,0.07852086999999999,0.052153619,5.49481245626312,2.7507183016877637,8.39026330224904
KIC5950854,0.956,0.049203658,0.047634021,1.233,0.021400935,0.020615528,5913.0,61.0,61.0,-0.238,0.1,0.1,,,,,4.236,0.008602325,0.008602325,,1.875,0.157345852,0.157345852,,ms,G,,,,,,serenelli17,A,1,61.0,0.008602325,0.1,0.157345852,0.0484188395,0.021008231500000002,5.064732165271966,1.703830616382806,8.391778773333334
KIC5961597,1.465,0.068593003,0.077620873,1.923,0.04494441,0.04494441,6492.0,53.0,53.0,0.051,0.1,0.1,,,,,4.035,0.012649111,0.013601471,,6.678,0.526709025,0.526709025,,ms,F,,,,,,serenelli17,A,1,53.0,0.013125291,0.1,0.526709025,0.07310693800000001,0.04494441,4.990234675767918,2.3372028081123246,7.887227088948788
KIC6047087,1.096,0.061587336,0.06074537,1.315,0.027730849,0.026832816,6189.0,61.0,61.0,-0.188,0.1,0.1,,,,,4.239,0.011661904,0.011661904,,2.129,0.17638538,0.17638538,,ms,F,,,,,,serenelli17,A,1,61.0,0.011661904,0.1,0.17638538,0.061166353,0.0272818325,5.580871624087591,2.0746640684410647,8.284893377172383
KIC6049366,1.212,0.06726812,0.065795137,1.822,0.086648716,0.08005623,6220.0,62.0,62.0,-0.143,0.099,0.099,,,,,3.998,0.029427878,0.030413813,,4.637,0.392941598,0.392941598,,ms,F,,,,,,serenelli17,A,1,62.0,0.0299208455,0.099,0.392941598,0.0665316285,0.08335247300000001,5.489408292079207,4.574778979143798,8.474047832650422
KIC6129877,1.115,0.067675697,0.070178344,1.328,0.038483763,0.038483763,6064.0,72.0,72.0,-0.048,0.1,0.1,,,,,4.238,0.015811388,0.016763055,,2.353,0.200690222,0.200690222,,ms,F,,,,,,serenelli17,A,1,72.0,0.016287221499999997,0.1,0.200690222,0.0689270205,0.038483763,6.181795560538117,2.8978737198795175,8.529121206969824
KIC6232600,1.132,0.059076222,0.059076222,1.312,0.024698178,0.024698178,6435.0,70.0,70.0,-0.294,0.1,0.1,,,,,4.255,0.01029563,0.01029563,,2.61,0.199951275,0.199951275,,ms,F,,,,,,serenelli17,A,1,70.0,0.01029563,0.1,0.199951275,0.059076222,0.024698178,5.218747526501767,1.8824830792682925,7.660968390804599
KIC6287060,1.157,0.079881162,0.07823682,1.488,0.047010637,0.045276926,6020.0,53.0,53.0,-0.016,0.1,0.1,,,,,4.155,0.017464249,0.018384776,,3.112,0.27140541,0.27140541,,ms,F,,,,,,serenelli17,A,1,53.0,0.0179245125,0.1,0.27140541,0.079058991,0.0461437815,6.833102074330164,3.1010605846774197,8.72125353470437
KIC6370489,1.211,0.058137767,0.061522354,2.002,0.03482815,0.03748333,6302.0,80.0,80.0,-0.452,0.1,0.1,,,,,3.918,0.008602325,0.008602325,,5.209,0.448219507,0.448219507,,ms,F,,,,,,serenelli17,A,1,80.0,0.008602325,0.1,0.448219507,0.059830060500000004,0.036155740000000006,4.94055,1.8059810189810195,8.604713131119217
KIC6520835,1.328,0.058796258,0.057489129,2.144,0.03482815,0.034058773,6146.0,50.0,50.0,0.032,0.1,0.1,,,,,3.898,0.010630146,0.010630146,,7.205,0.572534042,0.572534042,,ms,F,,,,,,serenelli17,A,1,50.0,0.010630146,0.1,0.572534042,0.058142693499999995,0.0344434615,4.378214871987951,1.606504734141791,7.946343400416378
KIC6529109,1.19,0.052430907,0.056603887,1.828,0.031064449,0.032756679,5806.0,90.0,90.0,0.072,0.099,0.099,,,,,3.989,0.01,0.01,,3.483,0.301768722,0.301768722,,ms,G,,,,,,serenelli17,A,1,90.0,0.01,0.099,0.301768722,0.054517396999999995,0.031910564,4.581293865546218,1.7456544857768055,8.66404599483204
KIC6530901,1.3,0.050249378,0.053037722,1.559,0.023430749,0.024207437,6374.0,53.0,53.0,0.018,0.1,0.1,,,,,4.165,0.01,0.01,,3.626,0.303046764,0.303046764,,ms,F,,,,,,serenelli17,A,1,53.0,0.01,0.1,0.303046764,0.051643549999999996,0.023819093,3.9725807692307686,1.5278443232841565,8.357605184776615
KIC6592305,1.362,0.056586217,0.05375872,2.248,0.041048752,0.039408121,6132.0,55.0,55.0,0.06,0.1,0.1,,,,,3.868,0.01029563,0.01029563,,6.92,0.596243014,0.596243014,,ms,F,,,,,,serenelli17,A,1,55.0,0.01029563,0.1,0.596243014,0.0551724685,0.0402284365,4.050842033773862,1.7895211966192166,8.616228526011561
KIC6593620,0.985,0.0560803,0.054378304,1.581,0.043462628,0.041629317,5791.0,60.0,60.0,-0.26,0.1,0.1,,,,,4.033,0.015231546,0.015231546,,2.585,0.222583045,0.222583045,,ms,G,,,,,,serenelli17,A,1,60.0,0.015231546,0.1,0.222583045,0.055229302,0.0425459725,5.60703573604061,2.691079854522454,8.610562669245649
KIC6605673,1.135,0.089537702,0.060539243,1.65,0.039,0.032649655,6222.0,60.0,60.0,-0.258,0.1,0.1,,,,,4.058,0.014317821,0.011661904,,3.612,0.307113151,0.307113151,,ms,F,,,,,,serenelli17,A,1,60.0,0.012989862500000001,0.1,0.307113151,0.0750384725,0.0358248275,6.611319162995595,2.171201666666667,8.502578931339977
KIC6612225,1.186,0.065,0.068117545,1.783,0.049040799,0.049819675,6374.0,54.0,54.0,-0.337,0.1,0.1,,,,,4.009,0.01118034,0.01118034,,5.549,0.478999686,0.478999686,,ms,F,,,,,,serenelli17,A,1,54.0,0.01118034,0.1,0.478999686,0.0665587725,0.049430237,5.612038153456999,2.7723071789119467,8.632180320778518
KIC6671492,1.413,0.065115282,0.066603303,2.445,0.049648766,0.047010637,6103.0,103.0,103.0,0.067,0.1,0.1,,,,,3.81,0.012529964,0.012529964,,8.403,0.73916899,0.73916899,,ms,F,,,,,,serenelli17,A,1,103.0,0.012529964,0.1,0.73916899,0.0658592925,0.0483297015,4.660954883227176,1.9766749079754604,8.796489230036892
KIC6689943,1.178,0.064031242,0.074625733,1.479,0.038275318,0.039115214,6011.0,54.0,54.0,-0.002,0.1,0.1,,,,,4.168,0.012083046,0.013,,3.222,0.274607079,0.274607079,,ms,F,,,,,,serenelli17,A,1,54.0,0.012541522999999999,0.1,0.274607079,0.06932848750000001,0.038695266000000006,5.885270585738541,2.6163127789046654,8.52287644320298
KIC6766513,1.271,0.052345009,0.053740115,2.054,0.033970576,0.033970576,6594.0,77.0,77.0,-0.397,0.102,0.102,,,,,3.916,0.008062258,0.008062258,,6.876,0.643260767,0.643260767,,ms,F,,,,,,serenelli17,A,1,77.0,0.008062258,0.102,0.643260767,0.053042562,0.033970576,4.173293627065303,1.6538741966893868,9.355159496800464
KIC6837853,1.146,0.075742986,0.077987178,1.376,0.051,0.049244289,5886.0,57.0,57.0,0.154,0.1,0.1,,,,,4.218,0.020615528,0.021587033,,2.122,0.177657336,0.177657336,,ms,G,,,,,,serenelli17,A,1,57.0,0.0211012805,0.1,0.177657336,0.076865082,0.05012214449999999,6.707249738219896,3.6425977107558136,8.372164750235628
KIC7038145,1.471,0.077103826,0.06670832,2.459,0.075894664,0.062769419,6074.0,58.0,58.0,0.257,0.1,0.1,,,,,3.823,0.016763055,0.015811388,,8.695,0.807294839,0.807294839,,ms,F,,,,,,serenelli17,A,1,58.0,0.016287221499999997,0.1,0.807294839,0.071906073,0.0693320415,4.888244255608429,2.8195218178121184,9.28458699252444
KIC7133688,1.418,0.081320354,0.096607453,1.932,0.063953108,0.062177166,6400.0,63.0,63.0,0.028,0.1,0.1,,,,,4.015,0.019646883,0.021587033,,6.589,0.596604813,0.596604813,,ms,F,,,,,,serenelli17,A,1,63.0,0.020616957999999998,0.1,0.596604813,0.0889639035,0.063065137,6.273900105782793,3.264241045548654,9.054557793291849
KIC7174470,1.412,0.221551348,0.122674366,2.266,0.09625487,0.080156098,6119.0,84.0,84.0,0.192,0.1,0.1,,,,,3.882,0.022825424,0.021095023,,6.988,0.592399744,0.592399744,,ms,F,,,,,,serenelli17,A,1,84.0,0.0219602235,0.1,0.592399744,0.172112857,0.088205484,12.189295821529747,3.8925632833186232,8.477386147681738
KIC7296438,1.159,0.040360872,0.055072679,1.393,0.02,0.023345235,5749.0,56.0,56.0,0.268,0.072111026,0.072111026,,,,,4.213,0.005830952,0.007615773,,2.202,0.188867864,0.188867864,,ms,G,,,,,,serenelli17,A,1,56.0,0.0067233625,0.072111026,0.188867864,0.0477167755,0.021672617499999998,4.117064322691976,1.5558232232591527,8.5771055404178
KIC7376493,0.997,0.059169249,0.054918121,1.494,0.036891733,0.036055513,5803.0,73.0,73.0,-0.123,0.101,0.101,,,,,4.087,0.01077033,0.01077033,,2.293,0.20247532,0.20247532,,ms,G,,,,,,serenelli17,A,1,73.0,0.01077033,0.101,0.20247532,0.057043685,0.036473623,5.7215330992978926,2.4413402275769744,8.830149149585695
KIC7383120,1.105,0.081301906,0.075451971,1.393,0.054129474,0.052325902,6048.0,58.0,58.0,-0.112,0.1,0.1,,,,,4.194,0.018248288,0.018248288,,2.549,0.220573735,0.220573735,,ms,F,,,,,,serenelli17,A,1,58.0,0.018248288,0.1,0.220573735,0.07837693849999999,0.053227687999999995,7.092935610859728,3.8210831299353907,8.653343860337388
KIC7429287,0.937,0.053,0.051312766,1.498,0.036891733,0.036055513,5802.0,60.0,60.0,-0.381,0.1,0.1,,,,,4.058,0.01118034,0.01118034,,2.599,0.234262777,0.234262777,,ms,G,,,,,,serenelli17,A,1,60.0,0.01118034,0.1,0.234262777,0.052156383,0.036473623,5.566316221985058,2.43482129506008,9.013573566756444
KIC7529180,1.352,0.06726812,0.067941151,1.455,0.032557641,0.032557641,6682.0,58.0,58.0,-0.024,0.1,0.1,,,,,4.243,0.009848858,0.009848858,,3.766,0.297722752,0.297722752,,ms,F,,,,,,serenelli17,A,1,58.0,0.009848858,0.1,0.297722752,0.06760463550000001,0.032557641,5.000342862426035,2.2376385567010306,7.905543069569835
KIC7591963,1.2,0.052009614,0.056859476,1.833,0.04788528,0.04788528,5966.0,61.0,61.0,0.011,0.1,0.1,,,,,3.99,0.015231546,0.015231546,,4.338,0.384319149,0.384319149,,ms,G,,,,,,serenelli17,A,1,61.0,0.015231546,0.1,0.384319149,0.054434545,0.04788528,4.536212083333333,2.6123993453355157,8.859362586445368
KIC7611858,1.128,0.103469802,0.06780118,1.54,0.062625873,0.058872744,5926.0,58.0,58.0,0.021,0.099,0.099,,,,,4.119,0.026925824,0.028861739,,2.849,0.251522846,0.251522846,,ms,G,,,,,,serenelli17,A,1,58.0,0.0278937815,0.099,0.251522846,0.08563549100000001,0.0607493085,7.591798847517732,3.9447602922077922,8.828460723060722
KIC7668623,1.389,0.077103826,0.070837843,2.291,0.055217751,0.04669047,6277.0,48.0,48.0,-0.004,0.1,0.1,,,,,3.859,0.012529964,0.010816654,,8.698,0.736795261,0.736795261,,ms,F,,,,,,serenelli17,A,1,48.0,0.011673309,0.1,0.736795261,0.0739708345,0.0509541105,5.325474046076314,2.2240991051942385,8.47085836974017
KIC7680114,1.096,0.050990195,0.043908997,1.409,0.022803509,0.021260292,5800.0,56.0,56.0,0.058,0.1,0.1,,,,,4.179,0.008062258,0.007211103,,2.222,0.200872573,0.200872573,,ms,G,,,,,,serenelli17,A,1,56.0,0.0076366805,0.1,0.200872573,0.047449596,0.0220319005,4.329342700729926,1.5636551100070972,9.040169801980198
KIC7700968,0.866,0.087664132,0.076557168,1.148,0.055785303,0.050960769,5982.0,75.0,75.0,-0.517,0.204,0.204,,,,,4.255,0.029614186,0.030594117,,1.73,0.201858942,0.201858942,,ms,G,,,,,,serenelli17,A,1,75.0,0.030104151500000002,0.204,0.201858942,0.08211065000000001,0.053373036,9.481599307159355,4.649219163763067,11.668146936416186
KIC7739672,1.228,0.120154068,0.07324616,1.733,0.055461698,0.050119856,6069.0,55.0,55.0,0.085,0.099,0.099,,,,,4.054,0.022847319,0.022847319,,4.124,0.348405035,0.348405035,,ms,F,,,,,,serenelli17,A,1,55.0,0.022847319,0.099,0.348405035,0.096700114,0.052790777,7.874602117263843,3.046207559145989,8.448230722599417
KIC7771282,1.321,0.05481788,0.052497619,1.656,0.024041631,0.024041631,6407.0,74.0,74.0,-0.033,0.1,0.1,,,,,4.12,0.007211103,0.007211103,,4.198,0.356885411,0.356885411,,ms,F,,,,,,serenelli17,A,1,74.0,0.007211103,0.1,0.356885411,0.053657749500000004,0.024041631,4.061903822861469,1.4517893115942029,8.501319938065745
KIC7800289,1.486,0.076576759,0.075927597,2.858,0.051224994,0.051855569,6422.0,53.0,53.0,-0.362,0.101,0.101,,,,,3.697,0.009219544,0.008485281,,12.69,1.035554847,1.035554847,,ms,F,,,,,,serenelli17,A,1,53.0,0.0088524125,0.101,1.035554847,0.076252178,0.0515402815,5.13137133243607,1.8033688418474458,8.160400685579196
KIC7833440,1.09,0.057982756,0.057140179,1.654,0.034885527,0.034885527,6327.0,59.0,59.0,-0.467,0.103,0.103,,,,,4.038,0.012083046,0.012083046,,3.976,0.34656281,0.34656281,,ms,F,,,,,,serenelli17,A,1,59.0,0.012083046,0.103,0.34656281,0.057561467500000005,0.034885527,5.280868577981651,2.1091612454655384,8.716368460764588
KIC7870112,1.151,0.102552426,0.085146932,1.605,0.076006579,0.073498299,5656.0,79.0,79.0,0.351,0.099,0.099,,,,,4.088,0.029427878,0.029427878,,2.854,0.249733138,0.249733138,,ms,G,,,,,,serenelli17,A,1,79.0,0.029427878,0.099,0.249733138,0.09384967899999999,0.074752439,8.153751433536055,4.657472834890966,8.750285143658024
KIC7880676,1.436,0.125207827,0.137277092,2.054,0.07738863,0.074886581,6269.0,56.0,56.0,0.048,0.099,0.099,,,,,3.96,0.018788294,0.019697716,,6.669,0.584602538,0.584602538,,ms,F,,,,,,serenelli17,A,1,56.0,0.019243005,0.099,0.584602538,0.1312424595,0.0761376055,9.139447040389971,3.7067967624148004,8.765969980506823
KIC7910848,1.274,0.070007142,0.103831594,1.637,0.056462377,0.054626001,6074.0,56.0,56.0,0.11,0.1,0.1,,,,,4.111,0.023086793,0.024041631,,3.745,0.314117072,0.314117072,,ms,F,,,,,,serenelli17,A,1,56.0,0.023564212,0.1,0.314117072,0.086919368,0.055544189,6.822556357927787,3.3930475870494807,8.387638771695594
KIC8012842,1.107,0.069404611,0.067007462,1.305,0.049040799,0.046238512,5849.0,58.0,58.0,0.152,0.1,0.1,,,,,4.251,0.023769729,0.023769729,,1.931,0.163391808,0.163391808,,ms,G,,,,,,serenelli17,A,1,58.0,0.023769729,0.1,0.163391808,0.06820603650000001,0.0476396555,6.16134024390244,3.6505483141762456,8.461512584153288
KIC8016496,1.5,0.105550936,0.133809566,2.081,0.109128365,0.100344407,6446.0,73.0,73.0,0.088,0.1,0.1,,,,,3.972,0.028160256,0.029154759,,6.152,0.590682773,0.590682773,,ms,F,,,,,,serenelli17,A,1,73.0,0.0286575075,0.1,0.590682773,0.11968025099999999,0.104736386,7.978683399999999,5.032983469485824,9.60147550390117
KIC8019508,1.477,0.057801384,0.063513778,2.61,0.040311289,0.041182521,6211.0,55.0,55.0,0.052,0.1,0.1,,,,,3.772,0.009433981,0.009433981,,9.85,0.868727966,0.868727966,,ms,F,,,,,,serenelli17,A,1,55.0,0.009433981,0.1,0.868727966,0.060657581,0.040746905,4.10680981719702,1.5611840996168582,8.81957325888325
KIC8027956,1.178,0.053413481,0.055803226,1.728,0.049396356,0.047539457,5967.0,70.0,70.0,0.042,0.1,0.1,,,,,4.033,0.016763055,0.016763055,,3.431,0.298165152,0.298165152,,ms,G,,,,,,serenelli17,A,1,70.0,0.016763055,0.1,0.298165152,0.0546083535,0.048467906500000005,4.635683658743633,2.804855700231482,8.690327951034684
KIC8106950,1.054,0.065192024,0.062681736,1.676,0.090443352,0.082873397,6098.0,63.0,63.0,-0.385,0.101,0.101,,,,,4.011,0.031064449,0.033060551,,3.457,0.313045757,0.313045757,,ms,F,,,,,,serenelli17,A,1,63.0,0.0320625,0.101,0.313045757,0.06393688,0.0866583745,6.066117647058824,5.170547404534606,9.055416748625976
KIC8114155,1.063,0.05964059,0.058821765,1.538,0.054083269,0.051264022,5761.0,60.0,60.0,0.019,0.1,0.1,,,,,4.089,0.021587033,0.022561028,,2.673,0.237112105,0.237112105,,ms,G,,,,,,serenelli17,A,1,60.0,0.0220740305,0.1,0.237112105,0.059231177499999996,0.052673645500000005,5.572076904985889,3.4248144018205466,8.870636176580621
KIC8150065,1.22,0.044418465,0.055946403,1.408,0.017492856,0.021931712,6265.0,58.0,58.0,-0.033,0.1,0.1,,,,,4.227,0.007211103,0.008062258,,2.811,0.236825363,0.236825363,,ms,F,,,,,,serenelli17,A,1,58.0,0.0076366805,0.1,0.236825363,0.050182434,0.019712284,4.113314262295082,1.4000201704545456,8.42495065812878
KIC8174981,1.227,0.055803226,0.055,1.984,0.041677332,0.042544095,6065.0,53.0,53.0,-0.099,0.1,0.1,,,,,3.932,0.012529964,0.012529964,,5.635,0.472254112,0.472254112,,ms,F,,,,,,serenelli17,A,1,53.0,0.012529964,0.1,0.472254112,0.055401613,0.042110713499999994,4.515208883455583,2.12251580141129,8.380729582963621
KIC8176564,1.174,0.045221676,0.068154237,1.526,0.024083189,0.031622777,6109.0,51.0,51.0,-0.126,0.072111026,0.072111026,,,,,4.14,0.00781025,0.01029563,,2.746,0.232140295,0.232140295,,ms,F,,,,,,serenelli17,A,1,51.0,0.00905294,0.072111026,0.232140295,0.056687956500000004,0.027852982999999998,4.828616396933562,1.825228243774574,8.453761653313911
KIC8179536,1.289,0.044204072,0.042638011,1.366,0.016401219,0.015620499,6418.0,50.0,50.0,0.031,0.1,0.1,,,,,4.276,0.006708204,0.005830952,,2.624,0.222979865,0.222979865,,ms,F,,,,,,serenelli17,A,1,50.0,0.006269578,0.1,0.222979865,0.0434210415,0.016010859000000002,3.368583514352211,1.1720980234260616,8.497708269817073
KIC8216936,1.378,0.085632938,0.111503363,1.896,0.089693924,0.084599054,6437.0,50.0,50.0,-0.106,0.1,0.1,,,,,4.017,0.021095023,0.024083189,,9.234,0.780591873,0.780591873,,ms,F,,,,,,serenelli17,A,1,50.0,0.022589106,0.1,0.780591873,0.0985681505,0.087146489,7.152986248185778,4.596333808016878,8.453453248862898
KIC8241455,1.383,0.060876925,0.061619802,2.429,0.049091751,0.048259714,6262.0,66.0,66.0,-0.094,0.099,0.099,,,,,3.806,0.012083046,0.012083046,,9.402,0.792686091,0.792686091,,ms,F,,,,,,serenelli17,A,1,66.0,0.012083046,0.099,0.792686091,0.0612483635,0.0486757325,4.428659689081706,2.0039412309592426,8.43103691767709
KIC8249189,1.271,0.070092796,0.088814413,1.64,0.080529498,0.076922038,6432.0,65.0,65.0,-0.187,0.1,0.1,,,,,4.111,0.027073973,0.029068884,,6.48,0.770738566,0.770738566,,ms,F,,,,,,serenelli17,A,1,65.0,0.028071428500000002,0.1,0.770738566,0.0794536045,0.078725768,6.251267073170732,4.800351707317073,11.894113672839506
KIC8289241,1.214,0.057384667,0.06685058,1.364,0.043081318,0.042154478,6306.0,52.0,52.0,-0.004,0.1,0.1,,,,,4.251,0.019235384,0.019235384,,2.682,0.220423645,0.220423645,,ms,F,,,,,,serenelli17,A,1,52.0,0.019235384,0.1,0.220423645,0.062117623500000003,0.042617898,5.116772940691928,3.124479325513196,8.218629567486952
KIC8298626,1.206,0.056302753,0.063134776,1.378,0.027730849,0.029546573,6211.0,84.0,84.0,0.038,0.099,0.099,,,,,4.24,0.0117047,0.012649111,,3.33,0.295233576,0.295233576,,ms,F,,,,,,serenelli17,A,1,84.0,0.0121769055,0.099,0.295233576,0.0597187645,0.028638710999999997,4.951804684908789,2.0782809143686505,8.865873153153153
KIC8321567,1.073,0.058412327,0.057628118,1.586,0.034058773,0.034058773,5744.0,58.0,58.0,0.032,0.101,0.101,,,,,4.067,0.011401754,0.011401754,,2.503,0.230610554,0.230610554,,ms,G,,,,,,serenelli17,A,1,58.0,0.011401754,0.101,0.230610554,0.058020222499999996,0.034058773,5.407290074557316,2.1474636191677177,9.213366120655214
KIC8367710,1.455,0.064443774,0.122772147,2.041,0.033970576,0.055946403,6352.0,66.0,66.0,0.014,0.1,0.1,,,,,3.98,0.008062258,0.0117047,,6.585,0.565773538,0.565773538,,ms,F,,,,,,serenelli17,A,1,66.0,0.009883479,0.1,0.565773538,0.0936079605,0.044958489500000004,6.433536804123712,2.202767736403724,8.591853272589217
KIC8408931,1.493,0.074652528,0.073878278,2.866,0.053254108,0.053254108,6252.0,120.0,120.0,-0.124,0.101,0.101,,,,,3.697,0.012529964,0.011661904,,11.63,1.025257412,1.025257412,,ms,F,,,,,,serenelli17,A,1,120.0,0.012095934,0.101,1.025257412,0.07426540300000001,0.053254108,4.974239986604153,1.8581335659455687,8.815626930352536
KIC8414062,1.3,0.072124892,0.080280757,1.726,0.105304321,0.102459748,6578.0,61.0,61.0,-0.251,0.1,0.1,,,,,4.076,0.042107007,0.04110961,,3.12,0.281430927,0.281430927,,ms,F,,,,,,serenelli17,A,1,61.0,0.041608308499999996,0.1,0.281430927,0.07620282449999999,0.1038820345,5.86175573076923,6.0186578505214365,9.020222019230768
KIC8424992,0.929,0.047423623,0.047423623,1.052,0.019235384,0.019235384,5807.0,57.0,57.0,-0.127,0.101,0.101,,,,,4.362,0.007615773,0.007615773,,1.148,0.099757735,0.099757735,,ms,G,,,,,,serenelli17,A,1,57.0,0.007615773,0.101,0.099757735,0.047423623,0.019235384,5.104803336921421,1.8284585551330799,8.689698170731708
KIC8493800,1.252,0.057280014,0.063126856,1.482,0.029154759,0.03088689,6241.0,73.0,73.0,0.039,0.1,0.1,,,,,4.193,0.012529964,0.013416408,,2.704,0.227754039,0.227754039,,ms,F,,,,,,serenelli17,A,1,73.0,0.012973186,0.1,0.227754039,0.060203435,0.0300208245,4.80858107028754,2.0256966599190283,8.42285647189349
KIC8499940,1.163,0.102156742,0.061717096,1.648,0.040706265,0.036359318,6023.0,58.0,58.0,-0.006,0.1,0.1,,,,,4.07,0.014317821,0.012529964,,3.065,0.26643273,0.26643273,,ms,F,,,,,,serenelli17,A,1,58.0,0.0134238925,0.1,0.26643273,0.081936919,0.0385327915,7.045306878761822,2.338154824029126,8.692748123980424
KIC8656342,1.159,0.112307613,0.073878278,1.621,0.045793013,0.043266615,6074.0,71.0,71.0,-0.05,0.099,0.099,,,,,4.085,0.017492856,0.015811388,,3.33,0.29975692,0.29975692,,ms,F,,,,,,serenelli17,A,1,71.0,0.016652122,0.099,0.29975692,0.0930929455,0.044529814,8.032178213977566,2.7470582356570024,9.001709309309309
KIC8677016,1.081,0.064007812,0.06226556,1.324,0.032202484,0.031304952,6248.0,75.0,75.0,-0.27,0.101,0.101,,,,,4.227,0.013928388,0.013928388,,3.585,0.402598294,0.402598294,,ms,F,,,,,,serenelli17,A,1,75.0,0.013928388,0.101,0.402598294,0.063136686,0.031753718,5.840581498612396,2.3983170694864047,11.230077935843793
KIC8696343,1.119,0.06105735,0.06105735,1.183,0.034176015,0.03324154,6178.0,65.0,65.0,-0.056,0.099,0.099,,,,,4.341,0.018681542,0.019646883,,1.909,0.162372778,0.162372778,,ms,F,,,,,,serenelli17,A,1,65.0,0.0191642125,0.099,0.162372778,0.06105735,0.033708777499999995,5.45642091152815,2.849431741335587,8.50564578313253
KIC8738809,1.332,0.043829214,0.041182521,2.163,0.027018512,0.026248809,6058.0,59.0,59.0,0.074,0.1,0.1,,,,,3.892,0.00781025,0.007071068,,6.269,0.527974582,0.527974582,,ms,F,,,,,,serenelli17,A,1,59.0,0.0074406590000000005,0.1,0.527974582,0.0425058675,0.026633660500000003,3.1911311936936935,1.2313296578825708,8.421990460998565
KIC8776961,1.065,0.053141321,0.051264022,1.676,0.034,0.034,5777.0,72.0,72.0,-0.126,0.1,0.1,,,,,4.017,0.008944272,0.009848858,,2.977,0.266738426,0.266738426,,ms,G,,,,,,serenelli17,A,1,72.0,0.009396564999999999,0.1,0.266738426,0.0522026715,0.034,4.901659295774648,2.028639618138425,8.959974000671817
KIC8802782,1.44,0.15559563,0.077233412,2.359,0.116107709,0.10031949,6089.0,68.0,68.0,0.254,0.1,0.1,,,,,3.851,0.023086793,0.024083189,,8.073,0.665018024,0.665018024,,ms,F,,,,,,serenelli17,A,1,68.0,0.023584991,0.1,0.665018024,0.116414521,0.10821359950000001,8.084341736111112,4.587265769393811,8.237557587018456
KIC8915084,1.131,0.10511898,0.074202426,1.501,0.043382024,0.037215588,5817.0,60.0,60.0,0.09,0.1,0.1,,,,,4.141,0.015264338,0.014422205,,2.713,0.229036118,0.229036118,,ms,G,,,,,,serenelli17,A,1,60.0,0.014843271500000001,0.1,0.229036118,0.08966070300000001,0.040298806,7.927559946949602,2.6847972018654236,8.442171691854035
KIC8938364,1.037,0.048795492,0.049497475,1.376,0.023430749,0.023430749,5965.0,62.0,62.0,-0.18,0.1,0.1,,,,,4.176,0.00781025,0.00781025,,1.866,0.164602039,0.164602039,,ms,G,,,,,,serenelli17,A,1,62.0,0.00781025,0.1,0.164602039,0.049146483500000004,0.023430749,4.739294455159113,1.7028160610465117,8.821116773847802
KIC8940939,1.095,0.086313383,0.065802736,1.458,0.056356011,0.048548944,6343.0,58.0,58.0,-0.402,0.1,0.1,,,,,4.149,0.014142136,0.014142136,,5.227,0.440074512,0.440074512,,ms,F,,,,,,serenelli17,A,1,58.0,0.014142136,0.1,0.440074512,0.0760580595,0.0524524775,6.945941506849315,3.5975636145404666,8.41925601683566
KIC8950146,1.237,0.054671748,0.061032778,1.33,0.032202484,0.032202484,6374.0,60.0,60.0,-0.014,0.101,0.101,,,,,4.282,0.014317821,0.014317821,,2.588,0.214813087,0.214813087,,ms,F,,,,,,serenelli17,A,1,60.0,0.014317821,0.101,0.214813087,0.057852263,0.032202484,4.676819967663702,2.421239398496241,8.300351120556414
KIC8952800,1.293,0.066219333,0.063245553,2.014,0.048600412,0.045453273,6122.0,55.0,55.0,0.03,0.1,0.1,,,,,3.941,0.01077033,0.01077033,,5.939,0.507484631,0.507484631,,ms,F,,,,,,serenelli17,A,1,55.0,0.01077033,0.1,0.507484631,0.064732443,0.0470268425,5.006376102088168,2.3349971449851044,8.5449508503115
KIC8956017,1.497,0.074652528,0.074652528,1.881,0.077162167,0.072449983,6605.0,86.0,86.0,0.128,0.1,0.1,,,,,4.063,0.02433105,0.025317978,,5.943,0.482317729,0.482317729,,ms,F,,,,,,serenelli17,A,1,86.0,0.024824514,0.1,0.482317729,0.074652528,0.074806075,4.9868088176352705,3.97693115364168,8.1157282348982
KIC9005973,1.122,0.074303432,0.069115845,1.452,0.038483763,0.037576588,6131.0,57.0,57.0,-0.128,0.1,0.1,,,,,4.164,0.014317821,0.015231546,,2.539,0.214719269,0.214719269,,ms,F,,,,,,serenelli17,A,1,57.0,0.0147746835,0.1,0.214719269,0.0717096385,0.0380301755,6.391233377896613,2.619158092286501,8.456843993698305
KIC9049593,1.157,0.089202018,0.097621719,1.414,0.052801515,0.052009614,5788.0,59.0,59.0,0.202,0.1,0.1,,,,,4.197,0.019313208,0.019313208,,2.614,0.217129481,0.217129481,,ms,G,,,,,,serenelli17,A,1,59.0,0.019313208,0.1,0.217129481,0.0934118685,0.0524055645,8.073627355229041,3.7061926803394627,8.306407077276207
KIC9073645,1.373,0.077794601,0.070292247,2.342,0.087664132,0.079649231,6438.0,64.0,64.0,-0.152,0.1,0.1,,,,,3.836,0.021377558,0.021377558,,8.356,0.740955344,0.740955344,,ms,F,,,,,,serenelli17,A,1,64.0,0.021377558,0.1,0.740955344,0.074043424,0.0836566815,5.392820393299345,3.5720188514090516,8.867344949736715
KIC9093289,1.237,0.055865911,0.068242216,1.448,0.032695565,0.033615473,6285.0,57.0,57.0,-0.011,0.1,0.1,,,,,4.207,0.014317821,0.015231546,,3.143,0.279932795,0.279932795,,ms,F,,,,,,serenelli17,A,1,57.0,0.0147746835,0.1,0.279932795,0.06205406349999999,0.033155519,5.016496645109134,2.289745787292818,8.906547725103405
KIC9116461,1.208,0.051107729,0.053712196,1.251,0.029546573,0.029546573,6470.0,47.0,47.0,-0.116,0.1,0.1,,,,,4.324,0.012041595,0.013038405,,2.402,0.193508831,0.193508831,,ms,F,,,,,,serenelli17,A,1,47.0,0.012539999999999999,0.1,0.193508831,0.0524099625,0.029546573,4.338573054635761,2.3618363709032777,8.056154496253122
KIC9138680,1.416,0.055443665,0.055443665,2.477,0.053712196,0.052801515,5990.0,60.0,60.0,0.129,0.099,0.099,,,,,3.8,0.012649111,0.012649111,,7.756,0.670259577,0.670259577,,ms,G,,,,,,serenelli17,A,1,60.0,0.012649111,0.099,0.670259577,0.055443665,0.0532568555,3.915513064971752,2.1500547234557934,8.641820229499743
KIC9143749,1.151,0.057428216,0.062433965,1.708,0.046518813,0.045617979,6075.0,76.0,76.0,-0.122,0.101,0.101,,,,,4.033,0.014866069,0.014866069,,3.896,0.337951413,0.337951413,,ms,F,,,,,,serenelli17,A,1,76.0,0.014866069,0.101,0.337951413,0.0599310905,0.046068396,5.206871459600348,2.697212880562061,8.674317582135522
KIC9163769,1.315,0.061619802,0.058694122,1.537,0.038013156,0.037121422,6438.0,100.0,100.0,0.049,0.1,0.1,,,,,4.183,0.016763055,0.016763055,,3.949,0.322075477,0.322075477,,ms,F,,,,,,serenelli17,A,1,100.0,0.016763055,0.1,0.322075477,0.060156962,0.037567289000000004,4.57467391634981,2.444195770982434,8.15587432261332
KIC9202077,1.444,0.091416629,0.167764716,1.981,0.055226805,0.070491134,6119.0,70.0,70.0,0.148,0.1,0.1,,,,,3.999,0.015,0.017492856,,5.599,0.476347427,0.476347427,,ms,F,,,,,,serenelli17,A,1,70.0,0.016246428,0.1,0.476347427,0.1295906725,0.0628589695,8.9744233033241,3.1730928571428567,8.50772328987319
KIC9204313,1.018,0.061854668,0.058600341,1.508,0.033837849,0.033015148,5853.0,57.0,57.0,-0.158,0.1,0.1,,,,,4.088,0.012206556,0.012206556,,2.117,0.182898403,0.182898403,,ms,G,,,,,,serenelli17,A,1,57.0,0.012206556,0.1,0.182898403,0.0602275045,0.0334264985,5.916257809430255,2.2166113063660475,8.63950888049126
KIC9225600,1.425,0.072917762,0.077794601,1.84,0.044102154,0.044102154,6262.0,56.0,56.0,0.219,0.1,0.1,,,,,4.061,0.012369317,0.012369317,,4.758,0.411033864,0.411033864,,ms,F,,,,,,serenelli17,A,1,56.0,0.012369317,0.1,0.411033864,0.07535618150000001,0.044102154,5.288153087719299,2.3968561956521737,8.63879495586381
KIC9266926,0.956,0.053535035,0.052697249,1.47,0.03671512,0.035846897,5971.0,63.0,63.0,-0.387,0.099,0.099,,,,,4.083,0.012083046,0.012083046,,2.318,0.198602337,0.198602337,,ms,G,,,,,,serenelli17,A,1,63.0,0.012083046,0.099,0.198602337,0.053116142000000005,0.0362810085,5.55608179916318,2.468095816326531,8.567831622088006
KIC9289275,1.349,0.06726812,0.065299311,1.767,0.026870058,0.026870058,6227.0,48.0,48.0,0.092,0.1,0.1,,,,,4.073,0.008485281,0.009219544,,4.012,0.34263304,0.34263304,,ms,F,,,,,,serenelli17,A,1,48.0,0.0088524125,0.1,0.34263304,0.0662837155,0.026870058,4.913544514455152,1.5206597623089981,8.540205383848456
KIC9292130,1.347,0.060876925,0.0595483,2.176,0.052697249,0.050219518,6176.0,52.0,52.0,0.049,0.1,0.1,,,,,3.891,0.0117047,0.0117047,,6.423,0.541940302,0.541940302,,ms,F,,,,,,serenelli17,A,1,52.0,0.0117047,0.1,0.541940302,0.0602126125,0.051458383499999996,4.470127134372681,2.3648154181985293,8.43749497119726
KIC9328372,1.464,0.070604532,0.069028979,1.781,0.070519501,0.065787537,6572.0,80.0,80.0,0.16,0.1,0.1,,,,,4.101,0.02433105,0.025317978,,6.039,0.521100979,0.521100979,,ms,F,,,,,,serenelli17,A,1,80.0,0.024824514,0.1,0.521100979,0.0698167555,0.068153519,4.76890406420765,3.8266995508141495,8.628928282828284
KIC9390670,1.37,0.071505245,0.069526973,1.711,0.06946222,0.064884513,6246.0,50.0,50.0,0.195,0.1,0.1,,,,,4.107,0.024186773,0.025179357,,4.782,0.397738991,0.397738991,,ms,F,,,,,,serenelli17,A,1,50.0,0.024683065,0.1,0.397738991,0.070516109,0.0671733665,5.147161240875912,3.925971157218001,8.31741930154747
KIC9394953,1.205,0.059033889,0.05375872,1.746,0.039357337,0.034985711,6018.0,65.0,65.0,0.076,0.1,0.1,,,,,4.034,0.014422205,0.013601471,,3.682,0.317461914,0.317461914,,ms,F,,,,,,serenelli17,A,1,65.0,0.014011838,0.1,0.317461914,0.0563963045,0.037171524,4.680191244813278,2.128953264604811,8.621996577946769
KIC9414417,1.399,0.073736016,0.075239617,1.917,0.036687873,0.038910153,6278.0,52.0,52.0,-0.049,0.072111026,0.072111026,,,,,4.018,0.009433981,0.01,,5.158,0.428564138,0.428564138,,ms,F,,,,,,serenelli17,A,1,52.0,0.0097169905,0.072111026,0.428564138,0.0744878165,0.037799013000000006,5.324361436740529,1.9717794992175277,8.308726987204341
KIC9446628,1.213,0.0718401,0.075742986,1.893,0.091923882,0.086406018,6298.0,59.0,59.0,-0.268,0.101,0.101,,,,,3.965,0.029274562,0.030265492,,5.317,0.439688713,0.439688713,,ms,F,,,,,,serenelli17,A,1,59.0,0.029770027,0.101,0.439688713,0.073791543,0.08916494999999999,6.083391838417147,4.710245641838352,8.269488677825843
KIC9451741,1.124,0.078517514,0.079208585,1.291,0.054644304,0.052201533,5835.0,68.0,68.0,0.206,0.1,0.1,,,,,4.266,0.019104973,0.020099751,,1.99,0.166780593,0.166780593,,ms,G,,,,,,serenelli17,A,1,68.0,0.019602361999999998,0.1,0.166780593,0.0788630495,0.0534229185,7.016285542704626,4.138103679318358,8.380934321608041
KIC9455860,1.385,0.072249567,0.065115282,1.678,0.051078371,0.048332184,6716.0,59.0,59.0,-0.051,0.1,0.1,,,,,4.129,0.018973666,0.019924859,,5.166,0.422130072,0.422130072,,ms,F,,,,,,serenelli17,A,1,59.0,0.0194492625,0.1,0.422130072,0.0686824245,0.0497052775,4.959019819494585,2.9621738676996423,8.171313821138211
KIC9457728,1.194,0.063411355,0.065946948,1.822,0.035383612,0.036124784,6390.0,49.0,49.0,-0.161,0.072111026,0.072111026,,,,,3.993,0.010630146,0.010630146,,5.208,0.437591644,0.437591644,,ms,F,,,,,,serenelli17,A,1,49.0,0.010630146,0.072111026,0.437591644,0.0646791515,0.035754198,5.417014363484088,1.9623599341383096,8.402297311827958
KIC9458636,1.204,0.116811814,0.060827625,1.735,0.06306346,0.056938563,6220.0,56.0,56.0,-0.059,0.1,0.1,,,,,4.043,0.016278821,0.018248288,,4.007,0.342379248,0.342379248,,ms,F,,,,,,serenelli17,A,1,56.0,0.0172635545,0.1,0.342379248,0.0888197195,0.0600010115,7.377053114617941,3.458271556195965,8.544528275517845
KIC9468847,1.17,0.057982756,0.057982756,1.796,0.052801515,0.051894123,6064.0,52.0,52.0,-0.109,0.1,0.1,,,,,3.998,0.017088007,0.017088007,,4.292,0.374219825,0.374219825,,ms,F,,,,,,serenelli17,A,1,52.0,0.017088007,0.1,0.374219825,0.057982756,0.052347819000000004,4.955791111111112,2.9146892538975506,8.719008038210625
KIC9512063,1.158,0.049929951,0.050774009,2.053,0.036069378,0.03748333,5977.0,58.0,58.0,-0.332,0.102,0.102,,,,,3.876,0.006708204,0.006708204,,4.637,0.403547098,0.403547098,,ms,G,,,,,,serenelli17,A,1,58.0,0.006708204,0.102,0.403547098,0.050351980000000005,0.036776354,4.348184801381693,1.7913470043838284,8.70276251886996
KIC9542776,1.385,0.084864598,0.080659779,2.475,0.153388396,0.13689412,6343.0,87.0,87.0,-0.157,0.101,0.101,,,,,3.791,0.035510562,0.03748333,,11.52,1.024578719,1.024578719,,ms,F,,,,,,serenelli17,A,1,87.0,0.036496946,0.101,1.024578719,0.0827621885,0.145141258,5.9756092779783385,5.864293252525251,8.893912491319444
KIC9579208,1.204,0.063513778,0.051662365,1.781,0.034132096,0.027658633,6422.0,56.0,56.0,-0.17,0.072111026,0.072111026,,,,,4.017,0.01118034,0.008602325,,4.92,0.408637299,0.408637299,,ms,F,,,,,,serenelli17,A,1,56.0,0.009891332499999999,0.072111026,0.408637299,0.057588071500000004,0.0308953645,4.7830624169435225,1.734720072992701,8.305636158536586
KIC9641837,1.304,0.058728187,0.056727418,2.193,0.046400431,0.04482187,6270.0,51.0,51.0,-0.161,0.1,0.1,,,,,3.871,0.01118034,0.01118034,,6.06,0.546385001,0.546385001,,ms,F,,,,,,serenelli17,A,1,51.0,0.01118034,0.1,0.546385001,0.0577278025,0.0456111505,4.426978719325153,2.0798518239854085,9.016254141914192
KIC9664694,1.252,0.052430907,0.05745433,2.293,0.057706152,0.059481089,6080.0,55.0,55.0,-0.272,0.1,0.1,,,,,3.813,0.012165525,0.012165525,,8.512,0.725162236,0.725162236,,ms,F,,,,,,serenelli17,A,1,55.0,0.012165525,0.1,0.725162236,0.0549426185,0.0585936205,4.388388059105432,2.5553257959005666,8.519293186090223
KIC9693187,0.986,0.053254108,0.050803543,1.423,0.028319605,0.027586228,5790.0,55.0,55.0,-0.164,0.1,0.1,,,,,4.125,0.008602325,0.008602325,,2.982,0.268050525,0.268050525,,ms,G,,,,,,serenelli17,A,1,55.0,0.008602325,0.1,0.268050525,0.0520288255,0.0279529165,5.27675715010142,1.9643651791988757,8.98895120724346
KIC9697131,1.436,0.058137767,0.063560994,1.922,0.028301943,0.03088689,6491.0,69.0,69.0,0.11,0.072111026,0.072111026,,,,,4.027,0.008544004,0.008544004,,5.503,0.44698172,0.44698172,,ms,F,,,,,,serenelli17,A,1,69.0,0.008544004,0.072111026,0.44698172,0.060849380499999994,0.029594416499999998,4.237422040389972,1.5397719302809572,8.122509903688897
KIC9700430,1.221,0.06726812,0.090917545,1.511,0.045177428,0.046957428,6111.0,90.0,90.0,0.024,0.1,0.1,,,,,4.164,0.015524175,0.016492423,,2.801,0.24181609,0.24181609,,ms,F,,,,,,serenelli17,A,1,90.0,0.016008299,0.1,0.24181609,0.0790928325,0.046067428,6.47770945945946,3.048803970880212,8.633205640842556
KIC9702369,1.281,0.050209561,0.048104054,1.379,0.018384776,0.018384776,6431.0,50.0,50.0,0.03,0.1,0.1,,,,,4.266,0.006708204,0.006708204,,2.29,0.201882888,0.201882888,,ms,F,,,,,,serenelli17,A,1,50.0,0.006708204,0.1,0.201882888,0.0491568075,0.018384776,3.8373776346604216,1.3331962291515589,8.815846637554586
KIC9702752,1.188,0.042201896,0.044654227,1.701,0.025,0.025806976,5770.0,62.0,62.0,0.265,0.1,0.1,,,,,4.051,0.009219544,0.009219544,,2.656,0.233806485,0.233806485,,ms,G,,,,,,serenelli17,A,1,62.0,0.009219544,0.1,0.233806485,0.043428061500000004,0.025403488000000002,3.6555607323232326,1.4934443268665492,8.80295500753012
KIC9754284,1.276,0.062801274,0.081215762,1.621,0.029832868,0.034669872,6182.0,54.0,54.0,0.025,0.1,0.1,,,,,4.123,0.012041595,0.013601471,,3.351,0.281864612,0.281864612,,ms,F,,,,,,serenelli17,A,1,54.0,0.012821533,0.1,0.281864612,0.072008518,0.03225137,5.643300783699059,1.9895971622455275,8.411358161742763
KIC9778067,1.189,0.065946948,0.067475922,1.998,0.065368188,0.064498062,6433.0,90.0,90.0,-0.529,0.102,0.102,,,,,3.911,0.018248288,0.019235384,,5.769,0.486377409,0.486377409,,ms,F,,,,,,serenelli17,A,1,90.0,0.018741836,0.102,0.486377409,0.066711435,0.064933125,5.610717830109335,3.2499061561561557,8.430878991159645
KIC9787965,1.31,0.084599054,0.083528438,2.062,0.0846286,0.078243211,6200.0,65.0,65.0,0.001,0.1,0.1,,,,,3.926,0.019104973,0.020099751,,7.654,0.783754292,0.783754292,,ms,F,,,,,,serenelli17,A,1,65.0,0.019602361999999998,0.1,0.783754292,0.084063746,0.08143590549999999,6.417079847328243,3.9493649612027157,10.2398
KIC9791157,1.186,0.049244289,0.05758472,1.952,0.037696154,0.039560081,5852.0,63.0,63.0,-0.047,0.1,0.1,,,,,3.929,0.011661904,0.011661904,,4.555,0.407819357,0.407819357,,ms,G,,,,,,serenelli17,A,1,63.0,0.011661904,0.1,0.407819357,0.0534145045,0.0386281175,4.503752487352445,1.9788994620901643,8.953224083424809
KIC9821513,1.291,0.068622154,0.096041658,1.775,0.056035703,0.059363288,6550.0,65.0,65.0,-0.307,0.101,0.101,,,,,4.048,0.014142136,0.013152946,,5.837,0.488221059,0.488221059,,ms,F,,,,,,serenelli17,A,1,65.0,0.013647541,0.101,0.488221059,0.08233190600000001,0.0576994955,6.377374593338498,3.250675802816902,8.364246342299127
KIC9880787,1.168,0.053712196,0.055470713,2.014,0.038910153,0.039812058,6074.0,56.0,56.0,-0.314,0.102,0.102,,,,,3.896,0.01029563,0.01029563,,5.216,0.446910122,0.446910122,,ms,F,,,,,,serenelli17,A,1,56.0,0.01029563,0.102,0.446910122,0.0545914545,0.0393611055,4.673925898972603,1.9543746524329695,8.568062154907976
KIC9962623,0.987,0.08475848,0.076321688,1.395,0.042154478,0.040311289,5913.0,166.0,166.0,-0.207,0.101,0.101,,,,,4.143,0.016155494,0.015231546,,2.079,0.180289342,0.180289342,,ms,G,,,,,,serenelli17,A,1,166.0,0.01569352,0.101,0.180289342,0.080540084,0.0412328835,8.160089564336372,2.9557622580645164,8.671926022126021
KIC9965715,1.245,0.073006849,0.073006849,1.3,0.037336309,0.037336309,7030.0,405.0,405.0,-0.404,0.1,0.1,,,,,4.304,0.015,0.01421267,,2.585,0.225418203,0.225418203,,ms,F,,,,,,serenelli17,A,1,405.0,0.014606335,0.1,0.225418203,0.073006849,0.037336309,5.864003935742971,2.872023769230769,8.720239961315281
KIC10514430,1.059,0.04,0.021,1.59,0.015,0.018,5784.0,98.0,98.0,-0.114,0.072111026,0.072111026,,,,,4.061,0.004,0.004,,2.634,0.151,0.124,,ms,G,,,,,,silva15,A,1,98.0,0.004,0.072111026,0.1375,0.0305,0.0165,2.8800755429650615,1.0377358490566038,5.220197418375096
KIC10586004,1.178,0.021,0.03,1.653,0.009,0.012,5770.0,83.0,83.0,0.256,0.072111026,0.072111026,,,,,4.071,0.005,0.005,,2.749,0.151,0.155,,ms,G,,,,,,silva15,A,1,83.0,0.005,0.072111026,0.153,0.025500000000000002,0.010499999999999999,2.1646859083191856,0.6352087114337567,5.565660240087304
KIC10666592,1.497,0.042,0.04,1.986,0.018,0.015,6350.0,80.0,80.0,0.203,0.072111026,0.072111026,,,,,4.017,0.007,0.009,,5.754,0.304,0.322,,ms,F,,,,,,silva15,A,1,80.0,0.008,0.072111026,0.313,0.041,0.0165,2.7388109552438213,0.8308157099697886,5.439694125825513
KIC11133306,1.059,0.04,0.03,1.189,0.012,0.012,5982.0,82.0,82.0,-0.025,0.072111026,0.072111026,,,,,4.314,0.004,0.007,,1.628,0.092,0.079,,ms,G,,,,,,silva15,A,1,82.0,0.0055,0.072111026,0.08549999999999999,0.035,0.012,3.305004721435317,1.009251471825063,5.2518427518427515
KIC11401755,1.059,0.03,0.021,1.632,0.015,0.021,5911.0,66.0,66.0,-0.179,0.072111026,0.072111026,,,,,4.039,0.004,0.004,,2.982,0.144,0.148,,ms,G,,,,,,silva15,A,1,66.0,0.004,0.072111026,0.146,0.025500000000000002,0.018000000000000002,2.4079320113314453,1.1029411764705885,4.896042924211938
KIC11853905,1.117,0.021,0.029,1.555,0.012,0.012,5781.0,76.0,76.0,0.177,0.072111026,0.072111026,,,,,4.102,0.005,0.004,,2.505,0.142,0.124,,ms,G,,,,,,silva15,A,1,76.0,0.0045000000000000005,0.072111026,0.133,0.025,0.012,2.2381378692927485,0.7717041800643086,5.309381237524951
KIC11904151,0.918,0.011,0.019,1.066,0.006,0.009,5647.0,74.0,74.0,-0.114,0.072111026,0.072111026,,,,,4.344,0.003,0.003,,1.063,0.032,0.034,,ms,G,,,,,,silva15,A,1,74.0,0.003,0.072111026,0.033,0.015,0.0075,1.6339869281045751,0.7035647279549718,3.10442144873001
KIC3425851,1.178,0.049,0.049,1.36,0.015,0.018,6343.0,85.0,85.0,-0.016,0.072111026,0.072111026,,,,,4.243,0.008,0.008,,2.728,0.162,0.157,,ms,F,,,,,,silva15,A,1,85.0,0.008,0.072111026,0.1595,0.049,0.0165,4.159592529711376,1.213235294117647,5.846774193548387
KIC4141376,1.019,0.021,0.03,1.039,0.009,0.009,6134.0,91.0,91.0,-0.269,0.072111026,0.072111026,,,,,4.412,0.003,0.004,,1.363,0.052,0.056,,ms,F,,,,,,silva15,A,1,91.0,0.0035,0.072111026,0.054,0.025500000000000002,0.009,2.502453385672228,0.8662175168431183,3.9618488628026416
KIC4143755,0.918,0.021,0.03,1.414,0.012,0.013,5622.0,106.0,106.0,-0.357,0.072111026,0.072111026,,,,,4.102,0.001,0.002,,1.997,0.029,0.038,,ms,G,,,,,,silva15,A,1,106.0,0.0015,0.072111026,0.0335,0.025500000000000002,0.0125,2.777777777777778,0.8840169731258841,1.6775162744116174
KIC4914423,1.099,0.019,0.03,1.45,0.009,0.009,5845.0,88.0,88.0,0.131,0.072111026,0.072111026,,,,,4.155,0.004,0.004,,2.256,0.115,0.119,,ms,G,,,,,,silva15,A,1,88.0,0.004,0.072111026,0.11699999999999999,0.0245,0.009,2.2292993630573252,0.6206896551724137,5.1861702127659575
KIC5094751,1.068,0.04,0.04,1.339,0.015,0.018,5952.0,75.0,75.0,-0.017,0.072111026,0.072111026,,,,,4.213,0.008,0.007,,2.04,0.124,0.112,,ms,G,,,,,,silva15,A,1,75.0,0.0075,0.072111026,0.118,0.04,0.0165,3.745318352059925,1.2322628827483197,5.784313725490195
KIC6196457,1.209,0.019,0.03,1.716,0.012,0.012,5871.0,94.0,94.0,0.19,0.072111026,0.072111026,,,,,4.049,0.004,0.005,,3.316,0.185,0.164,,ms,G,,,,,,silva15,A,1,94.0,0.0045000000000000005,0.072111026,0.1745,0.0245,0.012,2.0264681555004134,0.6993006993006993,5.262364294330519
KIC6521045,1.108,0.021,0.019,1.513,0.009,0.012,5825.0,75.0,75.0,0.102,0.072111026,0.072111026,,,,,4.125,0.004,0.004,,2.478,0.112,0.112,,ms,G,,,,,,silva15,A,1,75.0,0.004,0.072111026,0.112,0.02,0.010499999999999999,1.8050541516245486,0.6939854593522802,4.519774011299435
KIC7670943,1.239,0.04,0.051,1.417,0.015,0.021,6463.0,110.0,110.0,-0.071,0.072111026,0.072111026,,,,,4.228,0.008,0.008,,3.039,0.167,0.173,,ms,F,,,,,,silva15,A,1,110.0,0.008,0.072111026,0.16999999999999998,0.0455,0.018000000000000002,3.6723163841807906,1.2702893436838392,5.593945376768674
KIC8077137,1.117,0.04,0.049,1.632,0.018,0.009,6072.0,75.0,75.0,-0.032,0.072111026,0.072111026,,,,,4.056,0.013,0.01,,3.183,0.293,0.202,,ms,F,,,,,,silva15,A,1,75.0,0.0115,0.072111026,0.2475,0.0445,0.013499999999999998,3.9838854073410923,0.8272058823529411,7.775683317624883
KIC8292840,1.148,0.051,0.049,1.345,0.015,0.018,6239.0,94.0,94.0,-0.164,0.072111026,0.072111026,,,,,4.24,0.008,0.008,,2.636,0.148,0.142,,ms,F,,,,,,silva15,A,1,94.0,0.008,0.072111026,0.145,0.05,0.0165,4.355400696864112,1.2267657992565058,5.500758725341425
KIC8349582,1.068,0.021,0.019,1.417,0.012,0.009,5699.0,74.0,74.0,0.268,0.072111026,0.072111026,,,,,4.163,0.003,0.004,,1.891,0.09,0.094,,ms,G,,,,,,silva15,A,1,74.0,0.0035,0.072111026,0.092,0.02,0.010499999999999999,1.8726591760299625,0.741002117148906,4.865150713907985
KIC8478994,0.81,0.019,0.011,0.772,0.003,0.006,5417.0,75.0,75.0,-0.248,0.072111026,0.072111026,,,,,4.57,0.003,0.002,,0.467,0.023,0.025,,ms,G,,,,,,silva15,A,1,75.0,0.0025,0.072111026,0.024,0.015,0.0045000000000000005,1.8518518518518516,0.5829015544041452,5.139186295503212
KIC8494142,1.418,0.03,0.019,1.887,0.012,0.012,6144.0,106.0,106.0,0.058,0.072111026,0.072111026,,,,,4.038,0.005,0.005,,4.818,0.259,0.243,,ms,F,,,,,,silva15,A,1,106.0,0.005,0.072111026,0.251,0.0245,0.012,1.7277856135401977,0.6359300476947536,5.209630552096306
KIC8554498,1.197,0.021,0.029,1.794,0.015,0.015,5945.0,60.0,60.0,0.17,0.05,0.05,,,,,4.007,0.003,0.003,,3.684,0.13,0.182,,ms,G,,,,,,silva15,A,1,60.0,0.003,0.05,0.156,0.025,0.015,2.0885547201336676,0.8361204013377926,4.234527687296417
KIC8866102,1.228,0.042,0.04,1.357,0.012,0.015,6325.0,75.0,75.0,-0.005,0.072111026,0.072111026,,,,,4.262,0.007,0.008,,2.753,0.13,0.13,,ms,F,,,,,,silva15,A,1,75.0,0.0075,0.072111026,0.13,0.041,0.0135,3.338762214983714,0.9948415622697127,4.72212132219397
KIC10068307,1.469,0.0095,0.0209,2.0823,0.018,0.018,6132.0,77.0,77.0,-0.23,0.1,0.1,,,,,3.9666,0.0044,0.0044,,6.294,0.2,0.173,,ms,F,,,,,,silva17,A,1,77.0,0.0044,0.1,0.1865,0.015199999999999998,0.018,1.034717494894486,0.8644287566633049,2.9631394979345407
KIC10516096,1.0586,0.0494,0.0608,1.3986,0.024,0.021,5964.0,77.0,77.0,-0.11,0.1,0.1,,,,,4.169,0.011,0.0099,,2.217,0.189,0.146,,ms,G,,,,,,silva17,A,1,77.0,0.010450000000000001,0.1,0.16749999999999998,0.055099999999999996,0.0225,5.2049877196297,1.6087516087516087,7.5552548488949025
KIC12069424,1.0491,0.019,0.0209,1.2156,0.012,0.012,5825.0,50.0,50.0,0.1,0.03,0.03,,,,,4.2867,0.0066,0.0066,,1.531,0.072,0.07,,ms,G,,,,,,silva17,A,1,50.0,0.0066,0.03,0.07100000000000001,0.01995,0.012,1.9016299685444666,0.9871668311944718,4.637491835401699
KIC12069449,0.9883,0.0209,0.019,1.0957,0.009,0.009,5750.0,50.0,50.0,0.05,0.02,0.02,,,,,4.3527,0.0055,0.0066,,1.173,0.058,0.049,,ms,G,,,,,,silva17,A,1,50.0,0.00605,0.02,0.053500000000000006,0.01995,0.009,2.0186178285945564,0.821392716984576,4.560954816709293
KIC12258514,1.2581,0.0095,0.0095,1.6055,0.012,0.009,5964.0,77.0,77.0,0.0,0.1,0.1,,,,,4.1261,0.0033,0.0044,,3.162,0.104,0.09,,ms,G,,,,,,silva17,A,1,77.0,0.00385,0.1,0.097,0.0095,0.010499999999999999,0.7551069072410778,0.6540018685767672,3.067678684376977
KIC3456181,1.4975,0.0304,0.019,2.1483,0.027,0.027,6384.0,77.0,77.0,-0.15,0.1,0.1,,,,,3.949,0.0088,0.0077,,7.215,0.243,0.295,,ms,F,,,,,,silva17,A,1,77.0,0.00825,0.1,0.269,0.0247,0.027,1.6494156928213688,1.2568077084206117,3.7283437283437286
KIC5184732,1.1479,0.0399,0.0589,1.3206,0.015,0.021,5846.0,77.0,77.0,0.36,0.1,0.1,,,,,4.2548,0.0077,0.0099,,1.806,0.128,0.128,,ms,G,,,,,,silva17,A,1,77.0,0.0088,0.1,0.128,0.0494,0.018000000000000002,4.303510758776897,1.3630168105406635,7.0874861572536
KIC6106415,1.0681,0.0513,0.0399,1.2186,0.018,0.018,6037.0,77.0,77.0,-0.04,0.1,0.1,,,,,4.2955,0.0088,0.0088,,1.765,0.121,0.112,,ms,F,,,,,,silva17,A,1,77.0,0.0088,0.1,0.11649999999999999,0.0456,0.018,4.269263177605094,1.4771048744460857,6.60056657223796
KIC6225718,1.1593,0.0304,0.0304,1.2336,0.012,0.015,6313.0,76.0,76.0,-0.07,0.1,0.1,,,,,4.3186,0.0066,0.0055,,2.137,0.094,0.09,,ms,F,,,,,,silva17,A,1,76.0,0.00605,0.1,0.092,0.0304,0.0135,2.6222720607263006,1.0943579766536966,4.305100608329433
KIC7510397,1.3683,0.0209,0.0209,1.8574,0.018,0.018,6171.0,77.0,77.0,-0.21,0.1,0.1,,,,,4.0359,0.0044,0.0066,,4.924,0.178,0.14,,ms,F,,,,,,silva17,A,1,77.0,0.0055,0.1,0.159,0.0209,0.018,1.5274428122487758,0.969096586626467,3.2290820471161656
KIC7940546,1.3987,0.0304,0.0114,1.9414,0.027,0.009,6235.0,77.0,77.0,-0.2,0.1,0.1,,,,,4.0073,0.0011,0.0033,,6.189,0.023,0.257,,ms,F,,,,,,silva17,A,1,77.0,0.0022,0.1,0.14,0.020900000000000002,0.018,1.4942446557517697,0.9271659627073245,2.2620778801098727
KIC8006161,0.9788,0.0304,0.0304,0.9247,0.012,0.009,5488.0,77.0,77.0,0.34,0.1,0.1,,,,,4.4935,0.0066,0.0066,,0.688,0.047,0.049,,ms,G,,,,,,silva17,A,1,77.0,0.0066,0.1,0.048,0.0304,0.010499999999999999,3.1058438904781367,1.1355034065102194,6.976744186046512
KIC8379927,1.1194,0.0399,0.0399,1.1197,0.015,0.015,6067.0,120.0,120.0,-0.1,0.15,0.15,,,,,4.3879,0.0066,0.0077,,1.624,0.104,0.101,,ms,F,,,,,,silva17,A,1,120.0,0.00715,0.15,0.10250000000000001,0.0399,0.015,3.5644095050920135,1.3396445476466912,6.3115763546798025
KIC8760414,0.8115,0.031,0.0186,1.0196,0.0097,0.0121,5873.0,77.0,77.0,-0.92,0.1,0.1,,,,,4.3293,0.0047,0.0063,,1.208,0.052,0.052,,ms,G,,,,,,silva17,A,1,77.0,0.0055,0.1,0.052,0.0248,0.0109,3.0560690080098585,1.0690466849744997,4.304635761589404
*_16_Cyg_A,1.076,0.047,0.047,1.225,0.016,0.016,5849.0,39.0,39.0,0.08,0.01,0.01,,,,,4.28,0.01,0.01,0.0,1.58,0.01,0.01,0.0,ms,G,,,,,,Soubiran24,A/I,3,39.0,0.01,0.01,0.01,0.047,0.016,4.368029739776952,1.3061224489795917,0.6329113924050632
*_16_Cyg_B,1.028,0.043,0.043,1.113,0.014,0.014,5807.0,36.0,36.0,0.07,0.01,0.01,,,,,4.35,0.01,0.01,0.0,1.267,0.002,0.002,0.0,ms,G,,,,,,Soubiran24,A/I,3,36.0,0.01,0.01,0.002,0.043,0.014,4.182879377431906,1.257861635220126,0.1578531965272297
*_18_Sco,1.057,0.035,0.035,1.027,0.009,0.009,5824.0,30.0,30.0,0.03,0.01,0.01,,,,,4.44,0.05,0.05,0.0,1.094,0.011,0.011,0.0,ms,G,,,,,,Soubiran24,A/I,3,30.0,0.05,0.01,0.011,0.035,0.009,3.311258278145696,0.8763388510223953,1.0054844606946982
*_alf_Cen_A,1.111,0.026,0.026,1.217,0.005,0.005,5804.0,13.0,13.0,0.2,0.01,0.01,,,,,4.32,0.05,0.05,0.0,1.514,0.003,0.003,0.0,ms,G,,,,,,Soubiran24,A/I,3,13.0,0.05,0.01,0.003,0.026,0.005,2.34023402340234,0.4108463434675431,0.19815059445178335
*_alf_Cen_B,0.905,0.011,0.011,0.859,0.004,0.004,5207.0,12.0,12.0,0.24,0.01,0.01,,,,,4.53,0.05,0.05,0.0,0.488,0.002,0.002,0.0,ms,G,,,,,,Soubiran24,A/I,3,12.0,0.05,0.01,0.002,0.011,0.004,1.2154696132596683,0.4656577415599535,0.4098360655737705
*_bet_Vir,1.38,0.02,0.02,1.693,0.008,0.008,6093.0,13.0,13.0,0.13,0.01,0.01,,,,,4.1,0.05,0.05,0.0,3.555,0.015,0.015,0.0,ms,F,,,,,,Soubiran24,A/I,3,13.0,0.05,0.01,0.015,0.02,0.008,1.4492753623188408,0.47253396337861786,0.42194092827004215
*_mu._Ara,0.931,0.059,0.059,1.28,0.025,0.025,5974.0,61.0,61.0,0.29,0.01,0.01,,,,,4.25,0.06,0.06,0.0,1.879,0.019,0.019,0.0,ms,G,,,,,,Soubiran24,A/I,3,61.0,0.06,0.01,0.019,0.059,0.025,6.337271750805584,1.953125,1.0111761575306013
*_mu._Her,1.081,0.016,0.016,1.686,0.007,0.007,5665.0,16.0,16.0,0.25,0.01,0.01,,,,,4.02,0.01,0.01,0.0,2.635,0.02,0.02,0.0,ms,G,,,,,,Soubiran24,A/I,3,16.0,0.01,0.01,0.02,0.016,0.007,1.4801110083256246,0.41518386714116257,0.7590132827324478
*_tet_Cyg,1.26,0.038,0.038,1.484,0.014,0.014,6914.0,33.0,33.0,-0.03,0.03,0.03,,,,,4.24,0.03,0.03,0.0,4.531,0.018,0.018,0.0,ms,F,,,,,,Soubiran24,A/I,3,33.0,0.03,0.03,0.018,0.038,0.014,3.015873015873016,0.9433962264150945,0.39726329728536747
HIP32851,1.18,0.099,0.099,1.427,0.039,0.039,6628.0,89.0,89.0,-0.39,0.03,0.03,,,,,4.19,0.06,0.06,0.0,3.538,0.011,0.011,0.0,ms,F,,,,,,Soubiran24,A/I,3,89.0,0.06,0.03,0.011,0.099,0.039,8.389830508474578,2.7330063069376314,0.3109101187111362
HIP91949,1.094,0.065,0.065,0.964,0.017,0.017,5315.0,48.0,48.0,0.3,0.02,0.02,,,,,4.47,0.01,0.01,0.0,0.668,0.001,0.001,0.0,ms,G,,,,,,Soubiran24,A/I,3,48.0,0.01,0.02,0.001,0.065,0.017,5.941499085923217,1.7634854771784234,0.1497005988023952
HIP93427,1.255,0.079,0.079,1.285,0.027,0.027,6016.0,63.0,63.0,-0.05,0.02,0.02,,,,,4.3,0.01,0.01,0.0,1.947,0.003,0.003,0.0,ms,F,,,,,,Soubiran24,A/I,3,63.0,0.01,0.02,0.003,0.079,0.027,6.294820717131475,2.1011673151750974,0.15408320493066255
HIP97527,1.356,0.106,0.106,1.304,0.034,0.034,6236.0,81.0,81.0,-0.09,0.02,0.02,,,,,4.33,0.01,0.01,0.0,2.315,0.006,0.006,0.0,ms,F,,,,,,Soubiran24,A/I,3,81.0,0.01,0.02,0.006,0.106,0.034,7.817109144542772,2.607361963190184,0.25917926565874727
KIC8430105_B,0.8134,0.005,0.005,0.7494,0.0042,0.0039,5655.0,80.0,80.0,-0.46,0.1,0.1,,,,,4.599,0.0037,0.0041,0.0,0.51743,0.03019,0.02916,1.0,ms,,85.18,0.26,0.00879784,True,True,Thomsen22,EB,3,80.0,0.0039000000000000003,0.1,0.029675,0.005,0.00405,0.6147037128104254,0.5404323458767013,5.735075275882728
alf_Cen_A,1.105,0.007,0.007,1.224,0.003,0.003,5824.0,26.0,26.0,0.24,0.04,0.04,,,,,4.306,0.004,0.004,,1.549,0.029,0.029,,ms,G,,,,True,True,torres10,EB,1,26.0,0.004,0.04,0.029,0.007,0.003,0.6334841628959277,0.24509803921568626,1.872175597159458
alf_Cen_B,0.934,0.006,0.006,0.863,0.005,0.005,5223.0,62.0,62.0,0.24,0.04,0.04,,,,,4.536,0.006,0.006,,0.498,0.025,0.025,,ms,G,,,,True,True,torres10,EB,1,62.0,0.006,0.04,0.025,0.006,0.005,0.6423982869379015,0.5793742757821553,5.020080321285141
V432_Aur_B,1.079,0.005,0.005,1.224,0.007,0.007,6685.0,85.0,85.0,-0.6,0.05,0.05,,,,,4.296,0.005,0.005,,2.685,0.146,0.146,,ms,F,,,,True,True,torres10,EB,1,85.0,0.005,0.05,0.146,0.005,0.007,0.4633920296570899,0.5718954248366014,5.437616387337058
Kepler-34A,1.0479,0.0033,0.003,1.1618,0.0027,0.0031,5913.0,130.0,130.0,-0.07,0.15,0.15,,,,,4.3284,0.0021,0.0021,,1.49,0.13,0.13,,ms,G,,,,True,True,welsh12,EB,1,130.0,0.0021,0.15,0.13,0.00315,0.0029,0.3006012024048096,0.24961266999483558,8.724832214765101
Kepler-34B,1.0208,0.0022,0.0022,1.0927,0.0032,0.0027,5867.0,130.0,130.0,-0.07,0.15,0.15,,,,,4.3703,0.0022,0.0022,,1.28,0.11,0.11,,ms,G,,,,True,True,welsh12,EB,1,130.0,0.0022,0.15,0.11,0.0022,0.0029500000000000004,0.21551724137931036,0.2699734602361124,8.59375
Kepler-35A,0.8876,0.0051,0.0053,1.0284,0.002,0.0019,5606.0,150.0,150.0,-0.34,0.2,0.2,,,,,4.3623,0.002,0.002,,0.94,0.1,0.1,,ms,G,,,,True,True,welsh12,EB,1,150.0,0.002,0.2,0.1,0.0052,0.00195,0.5858494817485355,0.18961493582263708,10.638297872340425
Kepler-35B,0.8094,0.0041,0.0044,0.7861,0.002,0.0022,5202.0,100.0,100.0,-0.34,0.2,0.2,,,,,4.5556,0.0016,0.0016,,0.41,0.03,0.03,,ms,G,,,,True,True,welsh12,EB,1,100.0,0.0016,0.2,0.03,0.00425,0.0021000000000000003,0.5250803063998024,0.26714158504007124,7.317073170731708
47_Tuc_E32_A,0.862,0.002,0.002,1.183,0.001,0.001,6025.6,18.08,18.08,-0.71,0.1,0.1,,,,,4.227,0.002,0.002,0.0,1.66,0.05,0.05,0.0,ms,,59.46,0.1,0.019895728,True,True,Xiong23,EB,3,18.08,0.002,0.1,0.05,0.002,0.001,0.2320185614849188,0.08453085376162299,3.0120481927710845
47_Tuc_E32_B,0.827,0.002,0.002,1.004,0.002,0.002,5956.62,17.87,17.87,-0.71,0.1,0.1,,,,,4.352,0.003,0.003,0.0,1.15,0.03,0.03,0.0,ms,,59.46,0.1,0.016885301,True,True,Xiong23,EB,3,17.87,0.003,0.1,0.03,0.002,0.002,0.24183796856106413,0.19920318725099603,2.608695652173913
AL_Ari_A,1.164,0.001,0.001,1.372,0.004,0.004,6367.96,25.47,25.47,-0.42,0.08,0.08,,,,,4.229,0.005,0.005,0.0,2.79,0.11,0.11,0.0,ms,F6,12.9503,0.0014,0.105943492,True,True,Xiong23,EB,3,25.47,0.005,0.08,0.11,0.001,0.004,0.08591065292096221,0.2915451895043732,3.942652329749104
ASAS_J045021+2300.4_A,0.934,0.007,0.007,1.058,0.01,0.01,5662.39,28.31,28.31,-0.26,0.26,0.26,,,,,4.36,0.018,0.018,0.0,1.0,0.1,0.1,0.0,ms,,6.494,0.035,0.162919618,True,True,Xiong23,EB,3,28.31,0.018,0.26,0.1,0.007,0.01,0.7494646680942184,0.9451795841209829,10.0
ASAS_J065134-2211.5_A,0.956,0.005,0.005,0.997,0.002,0.002,5495.41,43.96,43.96,0.09,0.13,0.13,,,,,4.421,0.003,0.003,0.0,0.817,0.062,0.058,0.0,ms,,20.18,0.07,0.049405352,True,True,Xiong23,EB,3,43.96,0.003,0.13,0.06,0.005,0.002,0.5230125523012552,0.20060180541624875,7.343941248470013
ASAS_J085002+1752.5_A,1.326,0.001,0.001,1.571,0.011,0.011,6561.45,91.86,91.86,-0.01,0.27,0.27,,,,,4.168,0.014,0.014,0.0,4.12,0.59,0.52,0.0,ms,,18.076,0.012,0.086910821,True,True,Xiong23,EB,3,91.86,0.014,0.27,0.5549999999999999,0.001,0.011,0.07541478129713423,0.7001909611712285,13.470873786407765
ASAS_J090232-5653.4_A,1.436,0.007,0.007,1.527,0.003,0.003,7030.72,98.43,98.43,-0.15,0.13,0.13,,,,,4.201,0.006,0.006,0.0,5.14,0.71,0.62,0.0,ms,,44.75,0.17,0.034122905,True,True,Xiong23,EB,3,98.43,0.006,0.13,0.665,0.007,0.003,0.4874651810584959,0.19646365422396858,12.937743190661479
ASAS_J090232-5653.4_B,1.372,0.008,0.008,1.392,0.003,0.003,6683.44,100.25,100.25,-0.15,0.13,0.13,,,,,4.244,0.007,0.007,0.0,3.48,0.52,0.45,0.0,ms,,44.75,0.17,0.031106145,True,True,Xiong23,EB,3,100.25,0.007,0.13,0.485,0.008,0.003,0.5830903790087464,0.21551724137931036,13.936781609195402
ASAS_J163903-2847.2_A,1.421,0.002,0.002,2.157,0.003,0.003,6637.43,33.19,33.19,-0.19,0.16,0.16,,,,,3.923,0.002,0.002,0.0,8.15,0.38,0.37,0.0,ms,,47.0,0.04,0.045893617,True,True,Xiong23,EB,3,33.19,0.002,0.16,0.375,0.002,0.003,0.14074595355383532,0.13908205841446453,4.601226993865031
ASAS_J163903-2847.2_B,1.141,0.001,0.001,1.224,0.002,0.002,6591.74,164.79,164.79,-0.19,0.16,0.16,,,,,4.32,0.003,0.003,0.0,2.55,0.66,0.53,0.0,ms,,47.0,0.04,0.026042553,True,True,Xiong23,EB,3,164.79,0.003,0.16,0.595,0.001,0.002,0.0876424189307625,0.16339869281045752,23.333333333333336
ASAS_J171750-1915.3_A,1.357,0.001,0.001,1.676,0.003,0.003,6531.31,58.78,58.78,0.04,0.12,0.12,,,,,4.122,0.003,0.003,0.0,4.61,0.4,0.37,0.0,ms,F,12.564,0.009,0.133397007,True,True,Xiong23,EB,3,58.78,0.003,0.12,0.385,0.001,0.003,0.07369196757553427,0.17899761336515513,8.351409978308025
ASAS_J171750-1915.3_B,1.345,0.001,0.001,1.648,0.003,0.003,6501.3,58.51,58.51,0.04,0.12,0.12,,,,,4.133,0.003,0.003,0.0,4.38,0.38,0.35,0.0,ms,F,12.564,0.009,0.131168418,True,True,Xiong23,EB,3,58.51,0.003,0.12,0.365,0.001,0.003,0.07434944237918216,0.1820388349514563,8.333333333333334
ASAS_J231922-0852.2_A,1.136,0.001,0.001,1.64,0.004,0.004,6266.14,18.8,18.8,-0.39,0.07,0.07,,,,,4.064,0.005,0.005,0.0,3.74,0.11,0.11,0.0,ms,,18.04,0.015,0.090909091,True,True,Xiong23,EB,3,18.8,0.005,0.07,0.11,0.001,0.004,0.08802816901408451,0.24390243902439027,2.941176470588235
ASAS_J231922-0852.2_B,1.006,0.001,0.001,1.11,0.01,0.01,6237.35,43.66,43.66,-0.39,0.07,0.07,,,,,4.35,0.018,0.018,0.0,1.68,0.13,0.12,0.0,ms,,18.04,0.015,0.061529933,True,True,Xiong23,EB,3,43.66,0.018,0.07,0.125,0.001,0.01,0.09940357852882704,0.9009009009009008,7.440476190476191
ASASSN-V_J010440.99+051109.8_A,0.811,0.002,0.002,0.737,0.071,0.071,5212.25,31.08,31.08,-0.074,0.029,0.029,,,,,4.658,0.051,0.051,0.0,0.36,0.2,0.13,0.0,ms,,19.16652998,,0.038452448,True,True,Xiong23,EB,3,31.08,0.051,0.029,0.165,0.002,0.071,0.2466091245376079,9.633649932157395,45.833333333333336
ASASSN-V_J010440.99+051109.8_B,0.847,0.002,0.002,1.082,0.059,0.059,4881.07,55.75,55.75,-0.074,0.029,0.029,,,,,4.297,0.068,0.068,0.0,0.6,0.19,0.14,0.0,ms,,19.16652998,,0.056452577,True,True,Xiong23,EB,3,55.75,0.068,0.029,0.165,0.002,0.059,0.2361275088547816,5.4528650646950085,27.5
ASASSN-V_J172607.12+564531.5_A,1.069,0.04,0.04,1.272,0.241,0.241,5845.57,42.64,42.64,-0.114,0.041,0.041,,,,,4.366,0.07,0.07,0.0,1.7,2.38,0.99,0.0,ms,,14.40911851,,0.088277433,True,True,Xiong23,EB,3,42.64,0.07,0.041,1.685,0.04,0.241,3.7418147801683816,18.946540880503143,99.11764705882354
BN_Scl_A,1.407,0.001,0.001,1.834,0.003,0.003,6309.57,18.93,18.93,-0.23,0.06,0.06,,,,,4.059,0.003,0.003,0.0,4.81,0.13,0.13,0.0,ms,F7,13.8252,0.0063,0.132656309,True,True,Xiong23,EB,3,18.93,0.003,0.06,0.13,0.001,0.003,0.07107320540156362,0.16357688113413302,2.702702702702703
BN_Scl_B,1.244,0.001,0.001,1.38,0.004,0.004,6237.35,31.19,31.19,-0.23,0.06,0.06,,,,,4.256,0.006,0.006,0.0,2.6,0.13,0.12,0.0,ms,F8,13.8252,0.0063,0.099817724,True,True,Xiong23,EB,3,31.19,0.006,0.06,0.125,0.001,0.004,0.08038585209003216,0.2898550724637682,4.8076923076923075
Cl*_NGC_2632_KP_401228_A,0.983,0.029,0.029,1.315,0.197,0.197,6366.84,11.14,11.14,-0.09,0.009,0.009,,,,,4.162,0.016,0.016,0.0,2.56,2.55,1.28,0.0,ms,,12.30985467,,0.106824982,True,True,Xiong23,EB,3,11.14,0.016,0.009,1.915,0.029,0.197,2.9501525940996953,14.980988593155894,74.8046875
DS_And_B,1.087,0.017,0.017,1.255,0.006,0.006,5970.35,59.7,59.7,-0.03,0.02,0.02,,,,,4.277,0.025,0.025,0.0,1.8,0.18,0.16,0.0,ms,,36.67167013,,0.034222603,True,True,Xiong23,EB,3,59.7,0.025,0.02,0.16999999999999998,0.017,0.006,1.5639374425023,0.47808764940239046,9.444444444444445
EPIC210822691_A,1.09,0.004,0.004,1.25,0.004,0.004,5956.62,53.61,53.61,0.0,0.05,0.05,,,,,4.286,0.021,0.021,0.0,1.77,0.16,0.14,0.0,ms,,21.51646759,,0.058095038,True,True,Xiong23,EB,3,53.61,0.021,0.05,0.15000000000000002,0.004,0.004,0.3669724770642202,0.32,8.474576271186441
EPIC210822691_B,0.96,0.009,0.009,0.94,0.004,0.004,5559.04,66.71,66.71,0.0,0.05,0.05,,,,,4.473,0.033,0.033,0.0,0.76,0.091,0.081,0.0,ms,,21.51646759,,0.043687468,True,True,Xiong23,EB,3,66.71,0.033,0.05,0.086,0.009,0.004,0.9374999999999999,0.4255319148936171,11.31578947368421
EPIC211563123_A,1.148,0.009,0.009,2.081,0.105,0.105,5971.97,10.79,10.79,-0.234,0.01,0.01,,,,,3.8,0.04,0.04,0.0,4.97,1.3,1.03,0.0,ms,,37.21705321,,0.055915228,True,True,Xiong23,EB,3,10.79,0.04,0.01,1.165,0.009,0.105,0.7839721254355401,5.045651129264777,23.440643863179076
EPIC211563123_B,1.157,0.009,0.009,2.15,0.161,0.161,5665.94,84.29,84.29,-0.234,0.01,0.01,,,,,3.836,0.078,0.078,0.0,4.3,1.93,1.33,0.0,ms,,37.21705321,,0.057769216,True,True,Xiong23,EB,3,84.29,0.078,0.01,1.63,0.009,0.161,0.7778738115816767,7.488372093023257,37.906976744186046
EPIC211770390_A,0.825,0.03,0.03,2.156,0.322,0.322,5840.19,128.78,128.78,0.034,0.067,0.067,,,,,3.972,0.107,0.107,0.0,4.88,5.1,2.49,0.0,ms,,19.31968792,,0.111596006,True,True,Xiong23,EB,3,128.78,0.107,0.067,3.795,0.03,0.322,3.6363636363636367,14.935064935064936,77.76639344262296
EPIC211770390_B,0.859,0.03,0.03,1.998,0.332,0.332,5343.71,240.28,240.28,0.034,0.067,0.067,,,,,3.77,0.153,0.153,0.0,2.94,4.08,1.71,0.0,ms,,19.31968792,,0.10341782,True,True,Xiong23,EB,3,240.28,0.153,0.067,2.895,0.03,0.332,3.492433061699651,16.616616616616618,98.46938775510205
EPIC219394517_A,1.078,0.001,0.001,1.055,0.005,0.005,5929.25,41.5,41.5,0.07,0.03,0.03,,,,,4.425,0.009,0.009,0.0,1.2,0.1,0.1,0.0,ms,G0,18.954,0.012,0.055661074,True,True,Xiong23,EB,3,41.5,0.009,0.03,0.1,0.001,0.005,0.09276437847866419,0.47393364928909953,8.333333333333334
EPIC219394517_B,1.066,0.001,0.001,1.042,0.005,0.005,5874.89,41.12,41.12,0.07,0.03,0.03,,,,,4.43,0.01,0.01,0.0,1.2,0.1,0.1,0.0,ms,G1,18.954,0.012,0.054975203,True,True,Xiong23,EB,3,41.12,0.01,0.03,0.1,0.001,0.005,0.09380863039399624,0.4798464491362764,8.333333333333334
EPIC219511354_A,0.912,0.006,0.006,0.92,0.007,0.007,5035.01,65.46,65.46,0.07,0.03,0.03,,,,,4.47,0.016,0.016,0.0,0.491,0.065,0.057,0.0,ms,K,6.979,0.052,0.131824044,True,True,Xiong23,EB,3,65.46,0.016,0.03,0.061,0.006,0.007,0.6578947368421052,0.7608695652173914,12.423625254582484
EPIC219511354_B,0.822,0.007,0.007,0.851,0.007,0.007,4688.13,56.26,56.26,0.07,0.03,0.03,,,,,4.494,0.017,0.017,0.0,0.316,0.039,0.035,0.0,ms,K,6.979,0.052,0.12193724,True,True,Xiong23,EB,3,56.26,0.017,0.03,0.037000000000000005,0.007,0.007,0.8515815085158153,0.8225616921269097,11.708860759493673
EPIC219568666_A,1.121,0.006,0.006,1.178,0.003,0.003,6137.62,42.96,42.96,0.07,0.03,0.03,,,,,4.346,0.005,0.005,0.0,1.77,0.12,0.11,0.0,ms,F8,27.086,0.089,0.043491102,True,True,Xiong23,EB,3,42.96,0.005,0.03,0.11499999999999999,0.006,0.003,0.5352363960749331,0.2546689303904924,6.497175141242938
HD285001_A,1.324,0.016,0.016,2.399,0.078,0.078,6692.25,14.63,14.63,-0.108,0.013,0.013,,,,,3.998,0.024,0.024,0.0,10.4,1.71,1.47,0.0,ms,,14.95683618,,0.160394884,True,True,Xiong23,EB,3,14.63,0.024,0.013,1.5899999999999999,0.016,0.078,1.2084592145015105,3.2513547311379742,15.288461538461538
KIC3439031_A,1.226,0.001,0.001,1.407,0.001,0.001,6531.31,97.97,97.97,0.1,0.13,0.13,,,,,4.23,0.001,0.001,0.0,3.25,0.48,0.42,0.0,ms,F,18.646,0.13,0.075458543,True,True,Xiong23,EB,3,97.97,0.001,0.13,0.44999999999999996,0.001,0.001,0.08156606851549755,0.07107320540156362,13.846153846153843
KIC3439031_B,1.227,0.001,0.001,1.403,0.001,0.001,6531.31,97.97,97.97,0.1,0.13,0.13,,,,,4.233,0.002,0.002,0.0,3.23,0.48,0.42,0.0,ms,F,18.646,0.13,0.07524402,True,True,Xiong23,EB,3,97.97,0.002,0.13,0.44999999999999996,0.001,0.001,0.08149959250203749,0.07127583749109052,13.931888544891638
KIC5359678_A,1.32,0.06,0.06,1.52,0.04,0.04,6500.0,50.0,50.0,-0.104,0.046,0.046,,,,,4.2,0.079,0.079,0.0,3.72,0.56,0.49,0.0,ms,F,19.19,,0.079207921,True,True,Xiong23,EB,3,50.0,0.079,0.046,0.525,0.06,0.04,4.545454545454545,2.6315789473684212,14.11290322580645
KIC7821010_A,1.277,0.007,0.007,1.276,0.005,0.005,6714.29,67.14,67.14,0.1,0.08,0.08,,,,,4.332,0.007,0.007,0.0,2.99,0.3,0.27,0.0,ms,,47.83,0.2,0.026677817,True,True,Xiong23,EB,3,67.14,0.007,0.08,0.28500000000000003,0.007,0.005,0.5481597494126861,0.39184952978056425,9.531772575250837
KIC7821010_B,1.221,0.007,0.007,1.21,0.006,0.006,6561.45,72.18,72.18,0.1,0.08,0.08,,,,,4.359,0.009,0.009,0.0,2.45,0.27,0.24,0.0,ms,,47.83,0.2,0.02529793,True,True,Xiong23,EB,3,72.18,0.009,0.08,0.255,0.007,0.006,0.5733005733005733,0.49586776859504134,10.408163265306122
KIC8301013_A,1.29,0.02,0.02,1.45,0.01,0.01,6144.0,100.0,100.0,-0.019,0.035,0.035,,,,,4.22,0.01,0.01,0.0,2.7,0.44,0.38,0.0,ms,F,15.2,0.1,0.095394737,True,True,Xiong23,EB,3,100.0,0.01,0.035,0.41000000000000003,0.02,0.01,1.5503875968992247,0.6896551724137931,15.185185185185183
KIC8301013_B,1.11,0.05,0.05,1.2,0.01,0.01,5966.0,97.0,97.0,-0.019,0.035,0.035,,,,,4.33,0.02,0.02,0.0,1.64,0.27,0.24,0.0,ms,F,15.2,0.1,0.078947368,True,True,Xiong23,EB,3,97.0,0.02,0.035,0.255,0.05,0.01,4.504504504504504,0.8333333333333334,15.548780487804878
KIC9850387_B,1.062,0.002,0.002,1.081,0.001,0.001,6165.95,30.83,30.83,-0.2,0.05,0.05,,,,,4.396,0.003,0.003,0.0,1.52,0.07,0.07,0.0,ms,G,11.52912366,,0.093762547,True,True,Xiong23,EB,3,30.83,0.003,0.05,0.07,0.002,0.001,0.18832391713747645,0.09250693802035154,4.605263157894737
KOI-6964_A,1.307,0.025,0.025,1.42,0.198,0.198,6452.39,54.82,54.82,-0.204,0.031,0.031,,,,,4.244,0.046,0.046,0.0,3.15,2.86,1.5,0.0,ms,,14.88816689,,0.095377759,True,True,Xiong23,EB,3,54.82,0.046,0.031,2.1799999999999997,0.025,0.198,1.912777352716144,13.943661971830988,69.2063492063492
NGC_2506_V4_A,1.478,0.003,0.003,2.3,0.006,0.006,6823.39,40.94,40.94,-0.36,0.1,0.1,,,,,3.884,0.007,0.007,0.0,10.33,0.61,0.58,0.0,ms,,11.87,0.02,0.193765796,True,True,Xiong23,EB,3,40.94,0.007,0.1,0.595,0.003,0.006,0.20297699594046006,0.2608695652173913,5.759922555663117
NGC_2506_V4_B,1.25,0.004,0.004,1.534,0.008,0.008,6823.39,40.94,40.94,-0.36,0.1,0.1,,,,,4.163,0.012,0.012,0.0,4.6,0.28,0.27,0.0,ms,,11.87,0.02,0.129233361,True,True,Xiong23,EB,3,40.94,0.012,0.1,0.275,0.004,0.008,0.32,0.5215123859191656,5.978260869565219
TYC_1332-131-1_A,1.2,0.014,0.014,2.412,0.21,0.21,6082.8,7.88,7.88,-0.078,0.006,0.006,,,,,3.992,0.011,0.011,0.0,7.18,3.54,2.37,0.0,ms,,12.3748729,,0.194911093,True,True,Xiong23,EB,3,7.88,0.011,0.006,2.955,0.014,0.21,1.1666666666666667,8.706467661691542,41.15598885793872
TYC_1332-131-1_B,1.309,0.014,0.014,1.551,0.159,0.159,6017.11,128.33,128.33,-0.078,0.006,0.006,,,,,4.173,0.133,0.133,0.0,2.84,1.9,1.14,0.0,ms,,12.3748729,,0.125334621,True,True,Xiong23,EB,3,128.33,0.133,0.006,1.52,0.014,0.159,1.0695187165775402,10.251450676982593,53.521126760563384
TYC_2271-1530-1_A,1.123,0.031,0.031,1.723,0.08,0.08,6492.12,13.9,13.9,-0.101,0.013,0.013,,,,,4.006,0.023,0.023,0.0,4.75,1.14,0.92,0.0,ms,,24.82086886,,0.069417393,True,True,Xiong23,EB,3,13.9,0.023,0.013,1.03,0.031,0.08,2.7604630454140695,4.643064422518862,21.68421052631579
TYC_2271-1530-1_B,1.123,0.031,0.031,1.68,0.13,0.13,6625.81,94.05,94.05,-0.101,0.013,0.013,,,,,4.037,0.088,0.088,0.0,4.91,2.27,1.55,0.0,ms,,24.82086886,,0.067684979,True,True,Xiong23,EB,3,94.05,0.088,0.013,1.9100000000000001,0.031,0.13,2.7604630454140695,7.738095238095238,38.90020366598778
Tyc_5227-1023-1_A,0.956,0.007,0.007,1.388,0.004,0.004,6353.31,88.95,88.95,-0.63,0.11,0.11,,,,,4.13,0.01,0.01,0.0,2.83,0.39,0.34,0.0,ms,F7,13.54,0.07,0.10252698,True,True,Xiong23,EB,3,88.95,0.01,0.11,0.365,0.007,0.004,0.7322175732217574,0.2881844380403459,12.897526501766784
Tyc_5227-1023-1_B,0.839,0.005,0.005,0.977,0.004,0.004,5929.25,94.87,94.87,-0.63,0.11,0.11,,,,,4.38,0.01,0.01,0.0,1.1,0.2,0.1,0.0,ms,,13.54,0.07,0.072167766,True,True,Xiong23,EB,3,94.87,0.01,0.11,0.15000000000000002,0.005,0.004,0.5959475566150179,0.4094165813715456,13.636363636363637
UCAC4_473-001351_A,1.105,0.023,0.023,1.46,0.186,0.186,5897.59,25.76,25.76,0.079,0.024,0.024,,,,,4.173,0.043,0.043,0.0,2.32,1.86,1.03,0.0,ms,,25.18153515,,0.057978991,True,True,Xiong23,EB,3,25.76,0.043,0.024,1.445,0.023,0.186,2.0814479638009047,12.739726027397262,62.2844827586207
UCAC4_473-001351_B,0.932,0.023,0.023,1.882,0.239,0.239,6119.73,295.09,295.09,0.079,0.024,0.024,,,,,3.857,0.126,0.126,0.0,4.48,4.86,2.33,0.0,ms,,25.18153515,,0.074737302,True,True,Xiong23,EB,3,295.09,0.126,0.024,3.595,0.023,0.239,2.4678111587982827,12.699256110520723,80.24553571428571
UCAC4_555-031577_A,1.151,0.04,0.04,1.572,0.144,0.144,6546.17,39.09,39.09,-0.384,0.027,0.027,,,,,4.124,0.044,0.044,0.0,4.09,2.17,1.42,0.0,ms,,11.46449241,,0.137119023,True,True,Xiong23,EB,3,39.09,0.044,0.027,1.795,0.04,0.144,3.475238922675934,9.16030534351145,43.88753056234719
UCAC4_555-031577_B,0.85,0.04,0.04,1.132,0.11,0.11,5736.81,52.19,52.19,-0.384,0.027,0.027,,,,,4.259,0.114,0.114,0.0,1.25,0.72,0.46,0.0,ms,,11.46449241,,0.098739653,True,True,Xiong23,EB,3,52.19,0.114,0.027,0.59,0.04,0.11,4.705882352941177,9.71731448763251,47.2
UCAC4_570-022931_A,1.271,0.04,0.04,2.225,0.151,0.151,6436.53,24.81,24.81,0.063,0.023,0.023,,,,,4.05,0.041,0.041,0.0,7.66,2.84,2.07,0.0,ms,,15.89812825,,0.139953582,True,True,Xiong23,EB,3,24.81,0.041,0.023,2.455,0.04,0.151,3.1471282454760034,6.786516853932584,32.04960835509139
UCAC4_576-009710_A,1.265,0.009,0.009,1.131,0.161,0.161,6164.53,14.12,14.12,-0.087,0.013,0.013,,,,,4.272,0.023,0.023,0.0,1.67,1.55,0.8,0.0,ms,,11.80963692,,0.095769244,True,True,Xiong23,EB,3,14.12,0.023,0.013,1.175,0.009,0.161,0.7114624505928854,14.235190097259064,70.35928143712574
UCAC4_576-009710_B,1.233,0.009,0.009,2.0,0.139,0.139,5132.08,274.89,274.89,-0.087,0.013,0.013,,,,,3.924,0.077,0.077,0.0,2.5,2.0,1.11,0.0,ms,,11.80963692,,0.169353217,True,True,Xiong23,EB,3,274.89,0.077,0.013,1.5550000000000002,0.009,0.139,0.72992700729927,6.950000000000001,62.20000000000001
UCAC4_625-128029_A,1.187,0.007,0.007,1.825,0.149,0.149,6016.9,32.34,32.34,-0.105,0.02,0.02,,,,,4.239,0.03,0.03,0.0,3.94,1.82,1.24,0.0,ms,,19.90498668,,0.091685568,True,True,Xiong23,EB,3,32.34,0.03,0.02,1.53,0.007,0.149,0.5897219882055602,8.164383561643834,38.83248730964467
UCAC4_625-128029_B,0.986,0.007,0.007,1.905,0.247,0.247,5495.31,43.96,43.96,-0.105,0.02,0.02,,,,,3.872,0.132,0.132,0.0,2.99,2.46,1.35,0.0,ms,,19.90498668,,0.095704661,True,True,Xiong23,EB,3,43.96,0.132,0.02,1.905,0.007,0.247,0.7099391480730224,12.965879265091862,63.7123745819398
V*_MW_Aur_A,1.412,0.11,0.11,2.279,0.426,0.426,7007.88,68.71,68.71,-0.039,0.036,0.036,,,,,4.016,0.057,0.057,0.0,11.3,15.56,6.54,0.0,ms,,35.8495278,,0.06357127,True,True,Xiong23,EB,3,68.71,0.057,0.036,11.05,0.11,0.426,7.790368271954675,18.69240895129443,97.78761061946902
V*_V714_And_B,1.344,0.103,0.103,1.717,0.026,0.026,6396.25,36.37,36.37,0.168,0.01,0.01,,,,,4.096,0.057,0.057,0.0,4.45,0.41,0.37,0.0,ms,,18.12862638,,0.094712085,True,True,Xiong23,EB,3,36.37,0.057,0.01,0.39,0.103,0.026,7.6636904761904745,1.5142690739662201,8.764044943820224
V818_Tau_A,1.024,0.001,0.001,0.923,0.007,0.007,5649.37,22.6,22.6,0.05,0.05,0.05,,,,,4.518,0.014,0.014,0.0,0.782,0.039,0.037,0.0,ms,,16.05,,0.057507788,True,True,Xiong23,EB,3,22.6,0.014,0.05,0.038,0.001,0.007,0.09765625,0.7583965330444205,4.859335038363171
ZTF_J034350.31+515137.1_A,1.061,0.043,0.043,1.487,0.154,0.154,5901.86,73.94,73.94,0.026,0.055,0.055,,,,,4.323,0.093,0.093,0.0,2.42,1.53,0.94,0.0,ms,,9.014663159,,0.164953473,True,True,Xiong23,EB,3,73.94,0.093,0.055,1.2349999999999999,0.043,0.154,4.052780395852969,10.356422326832549,51.03305785123967
ZTF_J034350.31+515137.1_B,0.893,0.043,0.043,1.721,0.292,0.292,5284.07,132.16,132.16,0.026,0.055,0.055,,,,,3.917,0.171,0.171,0.0,2.08,2.62,1.16,0.0,ms,,9.014663159,,0.190911182,True,True,Xiong23,EB,3,132.16,0.171,0.055,1.8900000000000001,0.043,0.292,4.8152295632698765,16.966879721092386,90.86538461538461
KIC9656397_A,1.15,0.15,0.09,1.09,0.16,0.16,6270.0,140.0,130.0,-0.089,0.041,0.041,LAMOST_DR11,-0.075,0.025,0.025,4.38,0.04,0.04,0.0,1.66,0.51,0.49,0.0,ms,F2,204.0,20.0,0.005343137,True,True,Xu26,EB,3,135.0,0.04,0.041,0.5,0.12,0.16,10.434782608695652,14.678899082568806,30.120481927710845
KIC9656397_B,1.16,0.19,0.14,1.09,0.16,0.15,6360.0,140.0,130.0,-0.089,0.041,0.041,LAMOST_DR11,-0.075,0.025,0.025,4.38,0.04,0.04,0.0,1.76,0.54,0.51,0.0,ms,F2,204.0,20.0,0.005343137,True,True,Xu26,EB,3,135.0,0.04,0.041,0.525,0.165,0.155,14.224137931034484,14.22018348623853,29.829545454545453
KOI-126_A,1.2713,0.0047,0.0047,1.9984,0.0027,0.0026,5880.0,99.0,100.0,0.15,0.08,0.08,,,,,3.9409,0.0011,0.001,0.0,4.3,0.29,0.29,0.0,ms,F,52.8746,0.0602,0.0377951,True,True,Yenawine22,TEB,3,99.5,0.0010500000000000002,0.08,0.29,0.0047,0.00265,0.36970030677259497,0.13260608486789432,6.7441860465116275
HD146233,0.97,0.02,0.02,1.0,0.01,0.01,5786.0,200.0,200.0,0.0961,0.0064,0.0064,APOGEE2_DR17,,,,4.44,0.01,0.01,0.0,1.00974,0.14841,0.13405,1.0,ms,,,,,,,Yildiz19,A,3,200.0,0.01,0.0064,0.14123,0.02,0.01,2.061855670103093,1.0,13.986768871194563
HD181420,1.42,0.02,0.02,1.62,0.01,0.01,6599.0,15.0,15.0,-0.0008,0.0051,0.0051,APOGEE2_DR17,,,,4.17,0.01,0.01,0.0,4.48371,0.06897,0.06853,1.0,ms,,,,,,,Yildiz19,A,3,15.0,0.01,0.0051,0.06875,0.02,0.01,1.4084507042253522,0.6172839506172839,1.5333284266823681
KIC10018963,1.23,0.02,0.02,1.96,0.01,0.01,6147.0,94.0,94.0,-0.2176,0.0062,0.0062,APOGEE2_DR17,,,,3.94,0.01,0.01,0.0,4.94151,0.31337,0.29965,1.0,ms,F,,,,,,Yildiz19,A,2,94.0,0.01,0.0062,0.30651,0.02,0.01,1.6260162601626016,0.5102040816326531,6.202759885136325
KIC10355856,1.38,0.02,0.02,1.72,0.01,0.01,6428.0,22.0,22.0,-0.1102,0.0054,0.0054,APOGEE2_DR17,,,,4.09,0.01,0.01,0.0,4.55046,0.08208,0.08139,1.0,ms,F,,,,,,Yildiz19,A,2,22.0,0.01,0.0054,0.081735,0.02,0.01,1.4492753623188408,0.5813953488372093,1.7961920333328938
KIC10454113,1.16,0.02,0.02,1.25,0.01,0.01,6169.0,95.0,95.0,-0.0585,0.0059,0.0059,APOGEE2_DR17,,,,4.31,0.01,0.01,0.0,2.0388,0.13262,0.12694,1.0,ms,F,,,,,,Yildiz19,A,2,95.0,0.01,0.0059,0.12978,0.02,0.01,1.7241379310344829,0.8,6.365509123013537
KIC10644253,1.16,0.04,0.04,1.11,0.02,0.02,6162.0,152.0,152.0,0.1471,0.0045,0.0045,APOGEE2_DR17,,,,4.42,0.02,0.02,0.0,1.6004,0.17388,0.16254,1.0,ms,F,,,,,,Yildiz19,A,2,152.0,0.02,0.0045,0.16821,0.04,0.02,3.4482758620689657,1.8018018018018016,10.510497375656087
KIC10920273,1.09,0.02,0.02,1.86,0.01,0.01,5808.0,281.0,281.0,-0.139,0.02,0.02,LAMOST_DR11,,,,3.93,0.01,0.01,0.0,3.54672,0.7418,0.63929,1.0,ms,G3,,,,,,Yildiz19,A,3,281.0,0.01,0.02,0.690545,0.02,0.01,1.8348623853211008,0.5376344086021505,19.469960978030404
KIC11026764,1.11,0.02,0.02,2.05,0.01,0.01,5822.0,161.0,161.0,0.0579,0.0052,0.0052,APOGEE2_DR17,,,,3.86,0.01,0.01,0.0,4.35002,0.50331,0.46352,1.0,ms,G,,,,,,Yildiz19,A,2,161.0,0.01,0.0052,0.48341500000000004,0.02,0.01,1.8018018018018016,0.48780487804878053,11.112937411782017
KIC11081729,1.45,0.03,0.03,1.42,0.02,0.02,6674.0,16.0,16.0,-0.1275,0.0054,0.0054,APOGEE2_DR17,,,,4.3,0.01,0.01,0.0,3.60426,0.10797,0.10653,1.0,ms,F,,,,,,Yildiz19,A,2,16.0,0.01,0.0054,0.10725,0.03,0.02,2.0689655172413794,1.4084507042253522,2.975645486174693
KIC11295426,1.02,0.02,0.02,1.23,0.01,0.01,5721.0,82.0,82.0,0.1034,0.0049,0.0049,APOGEE2_DR17,,,,4.27,0.01,0.01,0.0,1.46013,0.08879,0.08527,1.0,ms,G,,,,,,Yildiz19,A,2,82.0,0.01,0.0049,0.08703,0.02,0.01,1.9607843137254901,0.8130081300813008,5.960428181052372
KIC11772920,0.81,0.02,0.02,0.84,0.01,0.01,5426.0,290.0,290.0,-0.025,0.01,0.01,LAMOST_DR11,,,,4.34,0.23,0.23,0.0,0.55103,0.12827,0.10947,1.0,ms,G8,,,,,,Yildiz19,A,2,290.0,0.23,0.01,0.11887,0.02,0.01,2.4691358024691357,1.1904761904761905,21.572328185398256
KIC11807274,1.21,0.02,0.02,1.59,0.01,0.01,6045.0,144.0,144.0,-0.111,0.007,0.007,LAMOST_DR11,,,,4.13,0.01,0.01,0.0,3.0414,0.30276,0.2822,1.0,ms,F6,,,,,,Yildiz19,A,2,144.0,0.01,0.007,0.29247999999999996,0.02,0.01,1.6528925619834711,0.6289308176100629,9.616623923193266
KIC12009504,1.11,0.03,0.03,1.38,0.01,0.01,6043.0,101.0,101.0,-0.0155,0.0051,0.0051,APOGEE2_DR17,,,,4.21,0.01,0.01,0.0,2.28804,0.16033,0.15279,1.0,ms,F,,,,,,Yildiz19,A,2,101.0,0.01,0.0051,0.15656,0.03,0.01,2.7027027027027026,0.7246376811594204,6.842537717872065
KIC1435467,1.24,0.02,0.02,1.65,0.01,0.01,6178.0,87.0,87.0,0.0798,0.0046,0.0046,APOGEE2_DR17,,,,4.1,0.01,0.01,0.0,3.57317,0.2101,0.20174,1.0,ms,F,,,,,,Yildiz19,A,2,87.0,0.01,0.0046,0.20592,0.02,0.01,1.6129032258064517,0.6060606060606061,5.762949985587027
KIC3427720,1.11,0.03,0.03,1.11,0.02,0.02,6126.0,231.0,231.0,0.0274,0.005,0.005,APOGEE2_DR17,,,,4.38,0.02,0.02,0.0,1.56332,0.25587,0.22968,1.0,ms,F,,,,,,Yildiz19,A,2,231.0,0.02,0.005,0.242775,0.03,0.02,2.7027027027027026,1.8018018018018016,15.529450144564132
KIC3544595,0.88,0.02,0.02,0.91,0.01,0.01,5517.0,227.0,227.0,-0.1567,0.0064,0.0064,APOGEE2_DR17,,,,4.47,0.01,0.01,0.0,0.69118,0.12193,0.10799,1.0,ms,G,,,,,,Yildiz19,A,2,227.0,0.01,0.0064,0.11496,0.02,0.01,2.272727272727273,1.0989010989010988,16.632425706762348
KIC3733735,1.46,0.04,0.04,1.44,0.03,0.03,6617.0,56.0,56.0,-0.0171,0.0048,0.0048,APOGEE2_DR17,,,,4.29,0.02,0.02,0.0,3.58149,0.19446,0.1901,1.0,ms,F,,,,,,Yildiz19,A,2,56.0,0.02,0.0048,0.19228,0.04,0.03,2.73972602739726,2.0833333333333335,5.368715255382536
KIC3735871,1.06,0.04,0.04,1.08,0.03,0.03,5908.0,167.0,167.0,0.0476,0.0048,0.0048,APOGEE2_DR17,,,,4.36,0.03,0.03,0.0,1.28028,0.16735,0.15546,1.0,ms,F,,,,,,Yildiz19,A,2,167.0,0.03,0.0048,0.161405,0.04,0.03,3.773584905660377,2.7777777777777777,12.607007842034553
KIC4349452,1.25,0.02,0.02,1.32,0.01,0.01,6279.0,95.0,95.0,-0.06,0.005,0.005,LAMOST_DR11,,,,4.28,0.01,0.01,0.0,2.44008,0.15555,0.14898,1.0,ms,F6,,,,,,Yildiz19,A,2,95.0,0.01,0.005,0.15226499999999998,0.02,0.01,1.6,0.7575757575757576,6.240164256909608
KIC4914923,1.09,0.01,0.01,1.37,0.01,0.01,5832.0,153.0,153.0,0.117,0.011,0.011,LAMOST_DR11,,,,4.28,0.21,0.21,0.0,1.95617,0.21541,0.19938,1.0,ms,G3,,,,,,Yildiz19,A,2,153.0,0.21,0.011,0.207395,0.01,0.01,0.9174311926605504,0.7299270072992701,10.602094909951589
KIC5866724,1.25,0.02,0.02,1.42,0.01,0.01,6150.0,107.0,107.0,0.136,0.006,0.006,LAMOST_DR11,,,,4.23,0.01,0.01,0.0,2.59879,0.18923,0.17993,1.0,ms,F7,,,,,,Yildiz19,A,2,107.0,0.01,0.006,0.18458000000000002,0.02,0.01,1.6,0.7042253521126761,7.1025361802992935
KIC5955122,1.2,0.03,0.03,2.12,0.02,0.02,5900.0,128.0,128.0,-0.143,0.007,0.007,LAMOST_DR11,,,,3.87,0.02,0.02,0.0,4.90653,0.44957,0.4223,1.0,ms,G2,,,,,,Yildiz19,A,2,128.0,0.02,0.007,0.435935,0.03,0.02,2.5,0.9433962264150942,8.88479230739443
KIC6116048,1.0,0.01,0.01,1.22,0.02,0.02,5929.0,149.0,149.0,-0.1892,0.0062,0.0062,APOGEE2_DR17,,,,4.27,0.01,0.01,0.0,1.65707,0.18142,0.16921,1.0,ms,,,,,,,Yildiz19,A,2,149.0,0.01,0.0062,0.175315,0.01,0.02,1.0,1.639344262295082,10.579818595472732
KIC6603624,0.98,0.03,0.03,1.14,0.02,0.02,5855.0,140.0,140.0,0.278,0.011,0.011,LAMOST_DR11,,,,4.33,0.01,0.01,0.0,1.37598,0.14484,0.13568,1.0,ms,G7,,,,,,Yildiz19,A,2,140.0,0.01,0.011,0.14026,0.03,0.02,3.061224489795918,1.7543859649122808,10.193462114274917
KIC6933899,1.14,0.03,0.03,1.61,0.01,0.01,5960.0,114.0,114.0,0.0355,0.0052,0.0052,APOGEE2_DR17,,,,4.09,0.01,0.01,0.0,2.94667,0.23489,0.22208,1.0,ms,G,,,,,,Yildiz19,A,2,114.0,0.01,0.0052,0.228485,0.03,0.01,2.6315789473684212,0.6211180124223602,7.754007065602866
KIC7103006,1.36,0.03,0.03,1.9,0.02,0.02,6310.0,77.0,77.0,0.1255,0.0043,0.0043,APOGEE2_DR17,,,,4.03,0.02,0.02,0.0,5.15608,0.27858,0.26967,1.0,ms,F,,,,,,Yildiz19,A,2,77.0,0.02,0.0043,0.274125,0.03,0.02,2.205882352941176,1.0526315789473684,5.316538921040791
KIC7106245,1.06,0.02,0.02,1.15,0.01,0.01,6116.0,144.0,144.0,-0.131,0.006,0.006,APOGEE2_DR17,,,,4.34,0.01,0.01,0.0,1.66709,0.16522,0.15427,1.0,ms,F,,,,,,Yildiz19,A,2,144.0,0.01,0.006,0.159745,0.02,0.01,1.8867924528301885,0.8695652173913044,9.582266104409479
KIC7206837,1.39,0.03,0.03,1.59,0.02,0.02,6320.0,73.0,73.0,0.195,0.024,0.024,LAMOST_DR11,,,,4.18,0.02,0.02,0.0,3.63377,0.19402,0.18836,1.0,ms,F6,,,,,,Yildiz19,A,2,73.0,0.02,0.024,0.19119,0.03,0.02,2.1582733812949644,1.2578616352201257,5.261477749004477
KIC7747078,1.1,0.02,0.02,1.95,0.01,0.01,5941.0,141.0,141.0,-0.2134,0.0065,0.0065,APOGEE2_DR17,,,,3.91,0.01,0.01,0.0,4.26778,0.4221,0.39339,1.0,ms,G,,,,,,Yildiz19,A,2,141.0,0.01,0.0065,0.407745,0.02,0.01,1.8181818181818181,0.5128205128205129,9.554030432683971
KIC7871531,0.8,0.04,0.04,0.87,0.02,0.02,5329.0,301.0,301.0,-0.4927,0.008,0.008,APOGEE2_DR17,,,,4.46,0.02,0.02,0.0,0.54994,0.13758,0.11682,1.0,ms,G,,,,,,Yildiz19,A,2,301.0,0.02,0.008,0.1272,0.04,0.02,5.0,2.2988505747126435,23.12979597774303
KIC8228742,1.24,0.02,0.02,1.81,0.01,0.01,6174.0,85.0,85.0,-0.06,0.005,0.005,LAMOST_DR11,,,,4.02,0.01,0.01,0.0,4.28863,0.24573,0.23612,1.0,ms,F8,,,,,,Yildiz19,A,2,85.0,0.01,0.005,0.240925,0.02,0.01,1.6129032258064517,0.5524861878453039,5.617761383005761
KIC8394589,1.01,0.03,0.03,1.16,0.02,0.02,6003.0,219.0,219.0,-0.302,0.005,0.005,LAMOST_DR11,,,,4.31,0.02,0.02,0.0,1.57429,0.24871,0.22402,1.0,ms,F6,,,,,,Yildiz19,A,2,219.0,0.02,0.005,0.236365,0.03,0.02,2.9702970297029703,1.7241379310344829,15.014069834655622
KIC8524425,1.07,0.02,0.02,1.81,0.01,0.01,5661.0,167.0,167.0,0.1348,0.0049,0.0049,APOGEE2_DR17,,,,3.95,0.01,0.01,0.0,3.03127,0.37534,0.3438,1.0,ms,G,,,,,,Yildiz19,A,2,167.0,0.01,0.0049,0.35957,0.02,0.01,1.8691588785046729,0.5524861878453039,11.862024827877423
KIC8694723,1.1,0.02,0.02,1.53,0.01,0.01,6155.0,89.0,89.0,-0.412,0.006,0.006,LAMOST_DR11,,,,4.11,0.01,0.01,0.0,3.02684,0.18325,0.17579,1.0,ms,F5,,,,,,Yildiz19,A,2,89.0,0.01,0.006,0.17952,0.02,0.01,1.8181818181818181,0.6535947712418301,5.93093787580447
KIC9025370,0.97,0.03,0.03,0.99,0.01,0.01,5972.0,315.0,315.0,0.0,0.01,0.01,LAMOST_DR11,,,,4.43,0.01,0.01,0.0,1.12317,0.2574,0.22003,1.0,ms,G3,,,,,,Yildiz19,A,2,315.0,0.01,0.01,0.238715,0.03,0.01,3.0927835051546393,1.0101010101010102,21.25368377004372
KIC9098294,0.97,0.03,0.03,1.14,0.02,0.02,5909.0,172.0,172.0,-0.173,0.018,0.018,LAMOST_DR11,,,,4.31,0.01,0.01,0.0,1.42745,0.1808,0.16665,1.0,ms,G2,,,,,,Yildiz19,A,2,172.0,0.01,0.018,0.173725,0.03,0.02,3.0927835051546393,1.7543859649122808,12.17030368839539
KIC9139151,1.16,0.03,0.03,1.15,0.02,0.02,6132.0,112.0,112.0,0.1253,0.0045,0.0045,APOGEE2_DR17,,,,4.37,0.02,0.02,0.0,1.68461,0.13962,0.13309,1.0,ms,F,,,,,,Yildiz19,A,2,112.0,0.02,0.0045,0.136355,0.03,0.02,2.586206896551724,1.7391304347826089,8.094158291830157
KIC9139163,1.44,0.03,0.03,1.57,0.01,0.01,6383.0,41.0,41.0,0.1364,0.0042,0.0042,APOGEE2_DR17,,,,4.19,0.01,0.01,0.0,3.68632,0.1066,0.10484,1.0,ms,F,,,,,,Yildiz19,A,2,41.0,0.01,0.0042,0.10572000000000001,0.03,0.01,2.0833333333333335,0.6369426751592356,2.867900779096769
KIC9206432,1.34,0.03,0.03,1.5,0.02,0.02,6390.0,32.0,32.0,0.2235,0.0038,0.0038,APOGEE2_DR17,,,,4.22,0.01,0.01,0.0,3.37972,0.11351,0.11194,1.0,ms,F,,,,,,Yildiz19,A,2,32.0,0.01,0.0038,0.11272499999999999,0.03,0.02,2.2388059701492535,1.3333333333333333,3.335335471577527
KIC9410862,1.01,0.03,0.03,1.17,0.02,0.02,5953.0,146.0,146.0,-0.348,0.007,0.007,LAMOST_DR11,,,,4.3,0.02,0.02,0.0,1.54885,0.16643,0.15557,1.0,ms,F7,,,,,,Yildiz19,A,2,146.0,0.02,0.007,0.161,0.03,0.02,2.9702970297029703,1.7094017094017095,10.3948090518772
KIC9955598,0.82,0.03,0.03,0.87,0.02,0.02,5347.0,334.0,334.0,0.141,0.027,0.027,LAMOST_DR11,,,,4.49,0.02,0.02,0.0,0.55741,0.15506,0.12927,1.0,ms,G7,,,,,,Yildiz19,A,2,334.0,0.02,0.027,0.14216499999999999,0.03,0.02,3.658536585365854,2.2988505747126435,25.504565759494806
V570_Per_A,1.4569,0.0094,0.01,1.543,0.012,0.009,6556.0,64.0,26.0,0.18,0.03,0.01,,,,,4.225,0.009,0.009,0.0,3.96,0.22,0.11,0.0,ms,F3,9.118,0.016,0.169225707,True,True,Yucel26,EB,2,45.0,0.009,0.02,0.165,0.0097,0.010499999999999999,0.66579724071659,0.6804925469863901,4.166666666666667
V570_Per_B,1.3579,0.0094,0.0089,1.377,0.013,0.015,6468.0,32.0,21.0,0.17,0.01,0.01,,,,,4.293,0.011,0.011,0.0,2.99,0.12,0.1,0.0,ms,F5,9.118,0.016,0.151019961,True,True,Yucel26,EB,2,26.5,0.011,0.01,0.11,0.00915,0.013999999999999999,0.6738345975403196,1.016702977487291,3.6789297658862874
