ID,Teff,logg,FeH,logL,eTeff,elogg,eFeH,elogL,M,R,eM,eR
ASAS_J231922-0852.2_A,0.3419492668840658,-0.48500604201962716,-1.47619801130273,0.3591007798229,0.02263101586842151,0.018578778292272165,0.32883524532365704,0.01866442527721251,-0.04949204804270335,0.2502335188024316,0.0033270349930758854,0.007451471328464241
EPIC206453540,0.6523553175133829,-0.5593211551887175,0.2619311425508856,0.6645479148396207,0.09389464030515306,0.04087331224299876,0.5167410997943181,0.052833810740371495,0.8953858899908481,0.6786931201891259,0.2661627994460708,0.09314339160580302
KIC3230227_B,2.642199425518742,0.11694637464999073,-0.2782981890522652,1.0643899804889554,0.036113323194289636,0.21922958384881155,0.023488231808832645,0.061184793665875876,1.9267667378443727,0.3247482320870741,0.5655959488229005,0.14902942656928483
KIC8241455,0.33696562828325344,-1.443671001900871,-0.08569468821983751,0.9439209108519439,0.0794493110274372,0.04489764654586521,0.46506698981488637,0.05361440120015847,0.7722855952470407,1.7200362383420031,0.2037754486331318,0.09067645627893627
ASAS_J085002+1752.5_A,0.6974367826342543,-0.09856745354036575,0.3089076061685509,0.420490834008216,0.11057899562091487,0.05202057921836206,1.268364517676963,0.08524978742125276,0.5826446006417154,0.12169563838642355,0.0033270349930758854,0.02049154615327666
CM_Dra_A,-3.433265313200585,2.9706467203429945,-1.0534098387437423,-3.7762606158321335,0.08426442078667583,0.02601028960918103,0.5637175634119834,0.055104875755410024,-3.080188034285319,-2.337047727188601,0.0007984883983382124,0.0002980588531385697
UX_Men B,0.20214255502457212,0.4142068273263457,0.5437899242568773,-0.010378190687568144,0.12037774398096546,0.03715755658454433,0.46976463617665287,0.047158546650924386,0.15013005154184994,-0.4297132399199304,0.023289244951531198,0.024217281817508783
KIC8420801,0.6306873235968091,-0.42555395148435615,0.6847193151098733,0.5005289906805926,0.08787575310610479,0.06874147968140702,0.7046469542649793,0.05559486311434238,0.6624934404755367,0.4365203020140378,0.4824200739960034,0.13040074824812423
UCAC4_625-128029_B,-0.5859584970444102,-1.198431128442879,-0.1373687981992693,0.21711264138792166,0.05291805625403242,0.49047974691598517,0.09395292723533058,0.3809360861581488,-0.5485472970040859,0.7438934943131879,0.023289244951531198,0.46012835453266693
EPIC206070413,0.5584606772082299,-0.12829349880800126,-0.2548099572434326,0.3783140598847159,0.08546819822648548,0.05202057921836206,0.3758117089413223,0.05225903333747872,0.2632492413064301,0.026689378948504594,0.232892449515312,0.07451471328464242
KIC4755204,0.10945169215922872,-0.41069092885054004,0.017653531739026146,0.2029521310904998,0.08426442078667583,0.04489764654586521,0.46976463617665287,0.057254427771207046,0.13016784158339462,0.25954785796301216,0.2800086598045078,0.0775146393155594
KIC8179536,0.5247549088935596,0.3027341575727117,0.5015111070009786,0.1342758321289349,0.06018887199048273,0.023296219929621425,0.46976463617665287,0.05404042147779349,0.4595443058979072,-0.26019226719736854,0.14446332450630023,0.029826114195645917
KIC11922782_B,-0.14358232568876045,1.1462106920418693,-0.6916910688877197,-0.6458267504392838,0.14758311412066366,0.23780836214108372,0.05637175634119835,0.08745779115818869,-1.0476025459654688,-1.2232949364013719,0.01996220995845531,0.1173606734233118
KIC4841753,-0.019352493900404322,-1.1278317709322443,0.9524851577305653,0.6903241017638577,0.08065308846724686,0.08491600614304368,0.46976463617665287,0.05650495057956195,0.5427201807248048,1.1984332453495066,0.1823815306777636,0.14347478594781787
KIC9880787,0.11065546959903838,-1.1092529926399726,-1.1191768878084738,0.5701333755056353,0.06741153662934066,0.03825604542985322,0.4791599289001859,0.0544900253446472,0.056973071735725064,0.946946088013838,0.18162767944441,0.07332453727247654
KIC11389393,0.23103321358000384,-0.6522150466500763,1.0135545604335303,0.5094245880003326,0.0794493110274372,0.058664127390339084,0.46976463617665287,0.05048709153174243,0.8388262951085584,0.7438934943131879,0.37434059865361224,0.13746369520435275
KIC11460626,0.23344076845962314,-1.198431128442879,-0.3205770063081639,0.7548568425978689,0.07463420126819859,0.0721469251533126,0.46506698981488637,0.05680989348644036,0.44956320091867985,1.2412792054881763,0.19074252432249048,0.12713376334766294
KIC7611858,-0.0675035914927905,-0.28063948080463436,0.45453464338331334,0.18646737980308897,0.06981909150895997,0.10364647644431658,0.46506698981488637,0.05615460837871956,-0.07610832798731046,0.06394673559082584,0.2849122752062351,0.11316793262794476
*_mu._Her,-0.38168950328311035,-0.648499290991624,1.5302956602278484,0.1369297556641968,0.019260439036954475,0.03715755658454433,0.04697646361766529,0.004815329152308932,-0.23247897266187684,0.33592543907977046,0.053232559889214166,0.013040074824812422
KIC11453915,0.753472622457394,0.6111418772244304,-0.20783349362576725,0.006700159940788128,0.06981909150895997,0.0445890679014532,0.7046469542649793,0.05296489658710377,0.3297899411679479,-0.5321709706863136,0.24952762448069138,0.05588603496348181
TYC_1332-131-1_B,0.04217257104826673,-0.07998867524809398,-0.010532346431573053,0.1844601125656301,0.154480758850773,0.4941955025744396,0.028185878170599175,0.3252635089535874,0.526085005759425,0.08443828174410231,0.046578489903062396,0.2961959853064536
AD_Boo A,0.7137479669436754,-0.07998867524809398,0.8256487059628691,0.4585891296935111,0.14445329277715854,0.029726045267635465,0.7046469542649793,0.051737030375118766,0.8754236800323928,0.20179895516741442,0.029943314937682965,0.026080149649624844
EPIC204624076,0.48021514362060236,-0.7228144041607111,-0.2548099572434326,0.6707016891116683,0.08546819822648548,0.05202057921836206,0.5167410997943181,0.04974587083129417,0.22997889137567126,0.6041784069044834,0.16635174965379426,0.07451471328464242
KIC6671492,0.14556501535351835,-1.4288079792670532,0.6706263760245736,0.8726556098442267,0.12398907630039442,0.04655828463323034,0.46976463617665287,0.05595019135204917,0.8720966450393173,1.7498421236558601,0.2191161707667202,0.09003184626012131
GJ_1245_A,-3.6776321334819446,3.698934829400066,0.027048824462559146,-4.642092365904682,0.13121174093925236,0.14863022633817732,0.46976463617665287,0.14055175381630614,-3.429759601007803,-2.5328910223789625,0.0033270349930758854,0.013040074824812422
KIC7530690,1.027933878733995,0.4327856056186174,0.16797821531555504,0.3004984589547435,0.07463420126819859,0.050162701389134846,0.7046469542649793,0.05295411819426669,0.6624934404755367,-0.3086268308323862,0.2661627994460708,0.07451471328464242
TIC431925451_A,1.2121118270248723,0.2061245104528972,-0.5836452025670896,0.5094245880003326,0.15769484461506475,0.18578778292272166,0.09395292723533058,0.03949249261792701,0.9153480999493034,-0.03292239167920939,0.26283576445299495,0.16765810489044541
KIC9955598,-0.7644907291425805,1.097905868481962,1.0182522067952966,-0.8485190398684227,0.40206166489642464,0.07431511316908866,0.12683645176769628,0.16154790705296782,-1.1008351058546828,-1.1841747119269346,0.09981104979227655,0.03725735664232121
KIC9273544,0.17204811902933076,-0.3066497704138142,-0.6775981298024202,0.2457373808935138,0.066207759189531,0.04830482355990763,0.7046469542649793,0.05524234142100307,-0.0361839080703998,0.08257541391198646,0.3992441991691062,0.13040074824812423
EPIC219568666_B,-1.786738531028939,1.8410570001728492,0.6847193151098733,-1.677068608068162,0.05414590924263826,0.08174662448599752,0.14092939085299586,0.06702802980277017,-1.3902871502522849,-1.6126343133136285,0.006654069986151771,0.013040074824812422
KIC4842436,-0.3540026221674883,-0.4181224401674481,1.0088569140717638,0.17341882367790093,0.07583797870800824,0.08832250503167843,0.46976463617665287,0.058058635557041084,-0.20586269271726973,0.11983277055430769,0.20369458504762508,0.10339313911096117
KIC9778067,0.5428115704907044,-1.0535166577631554,-2.129170855588278,0.6340612996813539,0.10833996958286891,0.069640083166825,0.4791599289001859,0.05361339213001695,0.1268408065903191,0.9171402026999814,0.22195127868330736,0.12096182980127115
V443_Cyg_A,0.8642201469198821,0.35475473679107467,-0.6447146052700544,0.23348743600738603,0.4213221039333791,0.5647948600850738,0.11744115904416322,0.24044266761816918,0.16343819151415348,-0.3831415441170286,0.665406998615177,0.3725735664232121
KIC8938364,-0.02055627134021398,-0.06884140827273026,-0.48969227533175896,-0.08199541811223371,0.07463420126819859,0.02902098063144374,0.46976463617665287,0.05610765213841585,-0.3788685123572159,-0.24156358887620832,0.1635120703911266,0.04364838859448555
EPIC211563123_A,-0.01216594258474038,-1.4659655358515984,-0.7433651788671516,0.5394845278509568,0.012988758575546173,0.14863022633817732,0.04697646361766529,0.14737146084400202,-0.009567628125792696,1.0717582327656143,0.029943314937682965,0.19560112237218633
KIC8077137,0.10824791471941907,-0.5147320872872626,0.20555938620968728,0.2567953090180928,0.09028330798572409,0.04273119007222598,0.3387520989321515,0.048729911079920654,-0.11270571291114485,0.23533057614550312,0.1480530571918769,0.02514871573356681
KIC8176564,0.15278767999237627,-0.20260861197709162,-0.23601937179636642,0.1631067546740517,0.061392649430292386,0.03363851303064848,0.3387520989321515,0.053759603529343385,0.0769352816941804,0.037866585941200966,0.18860281496146358,0.051886426059175476
ASASSN-V_J010440.99+051109.8_B,-1.3253667516730931,0.3807650264002545,0.00825823901549308,-0.8018085088428645,0.06711059226938824,0.2526713847749015,0.13623174449122935,0.17154581764430948,-1.011005161041634,-0.7892467315183297,0.006654069986151771,0.10990920209484756
KIC8543278_A,-0.857181592007924,1.5475123031549467,-0.4239252262670276,-1.0751003926634832,0.10833996958286891,0.014863022633817733,0.13153409812946282,0.0725893972222077,-1.0775458609031516,-1.4151703231093262,0.023289244951531198,0.007451471328464241
KOI-126_A,-0.12287735372403462,-0.9424155635753678,1.0605310240511954,0.4476192754055265,0.11977585526106063,0.0039015434413771552,0.3758117089413223,0.04285066392227236,0.4006557865204646,0.9178853498328278,0.01563706446745666,0.00493659975510756
KIC10666592,0.44289804298650304,-0.6596465579669845,1.3095062812248215,0.6324096261823263,0.09630219518477237,0.029726045267635465,0.3387520989321515,0.03459814599629461,1.1515675844576918,0.8947857887145887,0.1364084347161113,0.030737319229914996
HD22064_A,0.9400581256278904,-0.039115363005094765,-0.4953294509658788,0.48347104163114224,0.048151097592386186,0.0222945339507266,0.027246348898245863,0.008366297265126008,0.6458582655101569,0.0900268852404507,0.10313808478535244,0.026080149649624844
KIC9468847,0.09861769520094182,-0.7302459154776191,-0.15615938364633544,0.44643788319702415,0.06259642687010204,0.06349485870195896,0.46976463617665287,0.05545484567641816,0.06362714172187685,0.5408409006125373,0.19291065820698075,0.09751706809653392
DS_And_A,1.3014080375099528,-0.6559308023085321,0.21495467893322034,0.9682783710431523,0.07652413184869974,0.04830482355990763,0.09395292723533058,0.0525556135685751,1.6772391133636815,1.0810725719261944,0.043251454909986504,0.011177206992696363
TV_Cet_B,0.7137479669436754,0.6408679224920658,-0.21722878634930032,0.10614783075199606,0.18056661597144819,0.07059935751063423,0.023488231808832645,0.05883557698154694,0.37969546606408583,-0.5303081028541973,0.16967878464687014,0.018628678321160604
KIC11919192,0.9701525616231318,-1.02379061249552,-0.959456911508412,0.9301422484647763,0.09750597262458202,0.07245723533986144,0.8220881133091424,0.052760170076845865,1.494252188744508,1.4610976096778712,0.5655959488229004,0.19560112237218635
TYC_2271-1530-1_B,0.7749118986604043,-0.5853314447978973,-0.11857821275220325,0.5317790796920879,0.11321526821409801,0.3269864979439901,0.06106940270296487,0.2408713093781717,-0.09274350295268953,0.3247482320870741,0.10313808478535244,0.24217281817508785
V*_V714_And_B,0.4985727495776996,-0.3661018609490852,1.1450886585629931,0.4693725184784896,0.043781385485877136,0.2117980725319027,0.04697646361766529,0.05549207791808215,0.6425312305170814,0.3936743418753686,0.34268460428681613,0.048434563635017566
KOI-126_C,-3.376687773529531,3.0821193900966284,1.0605310240511954,-3.8454048619015873,0.043335987833147564,0.009289389146136083,0.3758117089413223,0.028827427353393203,-3.139010012962901,-2.372758903530266,0.001829869246191737,0.0012667501258389212
KIC6232600,0.5452191253703237,0.22470328874516898,-1.0252239605731432,0.1308819745672991,0.08426442078667583,0.03825604542985322,0.46976463617665287,0.04869717105375356,-0.0628001880150069,-0.3607871301316359,0.19654865785271944,0.046009441308076576
KIC10273246,0.43326782346802584,-1.1575578161998796,-0.8748992769966144,0.7002096147324217,0.07102286894876962,0.02902098063144374,0.46976463617665287,0.05633293686948594,0.45289023591175537,1.194707509685274,0.1754046268416112,0.05683201880874259
ASAS_J231922-0852.2_B,0.3072925143919459,0.5777000762983392,-1.47619801130273,-0.14861029779928803,0.052556923022089516,0.06688360185217979,0.32883524532365704,0.04714948521509963,-0.48200659714256805,-0.73708643221908,0.0033270349930758854,0.018628678321160604
EPIC201367904,0.32372407644534723,-1.0349378794708837,0.2619311425508856,0.7255562689240748,0.09389464030515306,0.04830482355990763,0.3758117089413223,0.05706531407447543,0.4961416908217423,1.0698953649334986,0.16635174965379426,0.09314339160580302
KIC5774694,-0.12889624092308288,0.9975804657036917,0.6847193151098733,-0.5082775482638497,0.10111730494401099,0.0668836018521798,0.4227881725589876,0.04112181802549813,-0.30234670751647014,-0.9420018937518468,0.18298692461917368,0.05588603496348181
KIC4932691_A,1.9235442939523781,-0.146872277100273,-1.9633439390179193,0.9246015369783555,0.5416998479143446,0.0111472669753633,0.050734580707078515,0.0514195698721851,1.48427108376528,0.45514898033519846,0.07984883983382124,0.018628678321160604
GJ_469_A,-3.2045475996367503,2.695680801617367,-0.11388056639043671,-3.2889338599091262,0.13121174093925236,0.14863022633817732,0.46976463617665287,0.14276369083072796,-2.7244281824757146,-2.1919862091017235,0.023289244951531198,0.029805885313856965
KIC7870112,-0.39252350024139726,-0.39582790621672065,2.004757942766268,0.18757979010500225,0.09509841774496272,0.10934680419480673,0.46506698981488637,0.055654795457651306,0.0004134768534353382,0.18503314467836965,0.31224116612193903,0.13925391398531806
KIC11138101,0.28399942093162867,-1.4027976896578718,-0.6729004834406536,0.8892720811851665,0.06981909150895997,0.07761031217060792,0.47446228253841943,0.05277858748580737,0.5127768657871213,1.5393380586267453,0.2082089656349599,0.14720301785494502
KIC8424992,-0.2107531068301394,0.6222891441997941,-0.24071701815813296,-0.3901751990982106,0.06861531406915031,0.028298351618254496,0.47446228253841943,0.05526748212299691,-0.7381882916094111,-0.8451327664818116,0.1577800532194384,0.03583297809199996
ASAS_J171750-1915.3_A,0.661154930598392,-0.26949221382927063,0.5437899242568773,0.49178217489787135,0.0707580379120115,0.0111472669753633,0.5637175634119834,0.05293262341615729,0.6857826854270676,0.31729676075860985,0.0033270349930758854,0.0055886034963481815
KIC10923629,0.2563125398160066,-1.3173353095134208,1.0934145485835611,0.9631931747947642,0.10472863726343995,0.0577597774887953,0.46976463617665287,0.0529023699047781,1.7870312681351854,1.9976035453272962,0.4861320802081281,0.13271366538836726
KIC10324098,0.46697359178269615,-1.0498009021047014,-0.19843820090223419,0.7441311092487443,0.08185686590705651,0.06051933544912569,0.47446228253841943,0.05663965309188546,0.5826446006417154,1.12578139989698,0.41017600938815774,0.13244716724204045
KIC8656342,0.11065546959903838,-0.40697517319208437,0.12100175169788974,0.28543763455904714,0.08546819822648548,0.06187521654677355,0.46506698981488637,0.057262516083746814,0.027029756798042443,0.21483902999222665,0.3097234872870062,0.0829531580707114
EPIC210822691_B,-0.5092417608053414,1.0347380222882352,0.3558840697862162,-0.6518417110477481,0.08030399300970205,0.12261993672899629,0.23488231808832644,0.07162174463274339,-0.6350502068240589,-1.0537739636788106,0.029943314937682965,0.007451471328464241
KIC7821010_A,0.881422126534762,0.5108164744461602,0.8256487059628691,0.21711264138792166,0.08082161730882022,0.02601028960918103,0.3758117089413223,0.06034981016407975,0.41961988598099653,-0.4278503720878141,0.023289244951531198,0.009314339160580302
KIC9116461,0.5873513357636616,0.4810904291785247,-0.18904290817870117,0.07819539037207857,0.056577539671053764,0.04659557595701859,0.46976463617665287,0.05121984371064525,0.1900544714587606,-0.4744220678907159,0.17436977922329489,0.05504136039096892
KIC3236382,1.021914991534947,-0.10971472051572947,0.07402528808022447,0.5080847618790326,0.06981909150895997,0.050162701389134846,0.7046469542649793,0.05184684800358998,0.9619265898523659,0.2502335188024316,0.4491497240652445,0.10245773076638331
V*_MW_Aur_A,1.2348391450884788,-0.6633623136254401,0.17267586167732157,1.0605759355198006,0.08271154788932136,0.2117980725319027,0.16911526902359503,0.5488863045279282,0.868769610046241,1.4406060635245943,0.36597384923834736,0.7935816964814417
KIC3854781,-0.3335384056907242,-0.6893726032346199,1.5584815383984476,0.3001262633250395,0.12278529886058477,0.03825604542985322,0.46976463617665287,0.054924805793983206,0.15345708653492618,0.5333894292840731,0.19387265706708867,0.0682259676794039
KIC6363365,0.36104117707944655,-0.02425234037127867,-2.3687508200383705,0.41071500935135524,0.09148708542553376,0.05945209053527093,0.5872057952208161,0.1355875131318448,-0.10272460793191683,-0.17822608258426223,0.3992441991691062,0.10245773076638331
NGC_2506_V5_B,-1.25442814714511,1.9525296699264798,-1.3352686204497342,-1.499887495934818,0.10232108238382064,0.09289389146136083,0.04697646361766529,0.052171395554473705,-1.4767900600722579,-1.6685203482771105,0.011644622475765599,0.034463054894147124
KIC8377423,0.09259880800189356,-0.9903488115694304,1.483319196610183,0.7350992518558089,0.06861531406915031,0.11704630324131464,0.7046469542649793,0.05653906855583975,0.19670854144491237,0.9022372600430529,0.5489607738575211,0.21422980069334693
KIC7880676,0.34539207036192104,-0.8714446304988885,0.5813710951510096,0.7260320864162918,0.06741153662934066,0.07150230471441694,0.46506698981488637,0.05575507038544044,0.9486184498800624,1.0214608012984805,0.4366482553338446,0.14183429610029283
KIC6106415,0.06611570432608116,0.37519139291257264,0.16797821531555504,-0.11729791550973175,0.0926908628653434,0.032698649794399015,0.46976463617665287,0.04182850115330587,-0.27539772407255547,-0.5347789856512762,0.15171279568426038,0.03353162097808909
TIC196817076_B,-0.9414460127945997,-0.20260861197709162,0.4498369970215468,-1.0874359566907896,0.18658550317049646,1.449144706797229,0.6106940270296487,0.07612523507522317,-1.1074891758408347,-1.3853644377954693,0.036597384923834735,0.009314339160580302
KIC9512063,-0.006110942062498123,-1.1835681058090612,-1.2037345223202713,0.49548695468802756,0.06981909150895997,0.02492604697106666,0.4791599289001859,0.055350994879126356,0.023702721804966187,1.0195979334663645,0.16752279943065712,0.0685094868491128
KIC11389437,0.21177277454304935,-0.5035848203118989,0.24783820346558602,0.38290529422001046,0.06380020430991169,0.04175585994821657,0.46506698981488637,0.0510028336747869,0.13682191156954637,0.3433769104082347,0.2507715363239026,0.07686304354237401
KIC2010607,0.45613959482440924,-1.3953661783409637,0.027048824462559146,1.0265559376515254,0.08546819822648548,0.1009427941597002,0.46976463617665287,0.05860262604112772,0.8354992601154821,1.6846417495317985,0.2515163163963476,0.1886285394087581
KIC6592305,0.18047456110799834,-1.2132941510766966,0.6377428514922079,0.7494708057105641,0.066207759189531,0.03825604542985322,0.46976463617665287,0.054797869044013854,0.7024178603924474,1.382857160728997,0.183560733353877,0.0749402602921736
KIC1435467,0.23584832333924247,-0.3512388383152691,0.7307562494551851,0.3301512115493623,0.10472863726343995,0.03715755658454433,0.021609173264126032,0.03655827653697322,0.296519591237189,0.2688621971235922,0.0665406998615177,0.018628678321160604
KIC4141376,0.18288211598761764,0.8080769271225151,-0.9077828015289802,-0.2812684704654636,0.10954374702267856,0.013005144804590515,0.3387520989321515,0.025184419652258223,-0.4387551422325819,-0.8693500482993206,0.08483939232343508,0.016765810489044543
Kepler-34A,-0.08315269821031603,0.49743975407572566,0.027048824462559146,-0.22475040188830556,0.1564910671752551,0.007803086882754309,0.7046469542649793,0.055492077918082174,-0.3426038309326883,-0.6405898785154683,0.010480160228189038,0.005402316713136575
KIC8106950,0.1395461281544701,-0.6819410919177119,-1.4527097794938975,0.30918277960128837,0.07583797870800824,0.11913641579919526,0.47446228253841943,0.05760604031524586,-0.32230891747492546,0.31729676075860985,0.2127202371080937,0.16143309823951668
KIC9697131,0.6126306619996643,-0.6224890013824409,0.8726251695805343,0.6041138702153714,0.08306064334686616,0.031747431208857306,0.3387520989321515,0.05164358018018417,0.9486184498800624,0.7755622474591607,0.20244801823048938,0.05513048650809476
KIC8915084,-0.19871533243204287,-0.19889285631863596,0.7786722423452037,0.15543659519587383,0.07222664638857927,0.05515397006610043,0.46976463617665287,0.0536855474276874,-0.06612722300808242,-0.00870510986170079,0.298304296384784,0.07507134937008568
NGC_2506_V4_B,1.0127542452179958,-0.11714623183263752,-1.3352686204497342,0.4904045252085404,0.04928264838580726,0.0445890679014532,0.46976463617665287,0.03793048380276008,0.3297899411679479,0.052769528598129466,0.013308139972303542,0.014902942656928483
KIC8435400,0.4091922746718327,-1.2318729293689685,1.0135545604335303,0.9448648693699069,0.07102286894876962,0.05945209053527093,0.5872057952208161,0.05557708383207914,1.1615486894369191,1.5542410012836738,0.5655959488229004,0.23285847901450754
KIC6853020,0.547626680249943,-0.8231398069389813,0.9430898650070323,0.7925310280379869,0.06741153662934066,0.07120953103669818,0.46976463617665287,0.05137773453092118,1.2114542143330571,1.0922497789188912,0.3869452986267773,0.1319483890371609
KIC9289275,0.2948334178899155,-0.451564241093536,0.7880675350687368,0.403638883327739,0.05778131711086342,0.03289340183784775,0.46976463617665287,0.054311997228593534,0.6591664054824604,0.4868177334811713,0.22052824093958648,0.0500553666952928
KIC10129349,0.8630163694800725,0.04263126148090366,0.56727815606571,0.4399006059053482,0.06741153662934066,0.06584335747681719,0.46976463617665287,0.055055959565650084,0.7656315252608888,0.052769528598129466,0.19098870162273315,0.07498361388379651
KIC6521045,-0.1890851129135656,-0.2583449468539069,0.835043998686402,0.0979572196770434,0.09028330798572409,0.014863022633817733,0.3387520989321515,0.02869333150852277,-0.1426490278488275,0.013649304123691954,0.0665406998615177,0.01956011223721863
KIC3967430,0.7703255066147291,0.15410393123453428,0.3558840697862162,0.32869898752334326,0.06380020430991169,0.05202057921836206,0.7046469542649793,0.05023536727263365,0.6957637904062955,-0.0664540126572985,0.34933867427296794,0.08382905244522271
KIC4914423,-0.16500956411737253,-0.146872277100273,0.9712757431776314,0.038412721653649624,0.1059324147032496,0.014863022633817733,0.3387520989321515,0.03296026727084516,-0.17259234278651084,-0.10371136929961974,0.08151235733035919,0.016765810489044543
DS_And_B,-0.014116062037231888,0.3064499132311674,0.21495467893322034,-0.10484070732923295,0.07186551315663639,0.09289389146136083,0.09395292723533058,0.05976137138679404,-0.2125167627034215,-0.46697059656225165,0.05655959488229005,0.011177206992696363
KIC8289241,0.38993183563487827,0.2098402661113529,0.33709348433915004,0.14814582712849927,0.06259642687010204,0.07147398694054387,0.46976463617665287,0.052257468730137625,0.2100166814172159,-0.26391800286160066,0.20666750707121295,0.07939151125660339
KIC10858780,-0.3732630612044428,-0.4032594175336287,-0.3957393480964284,0.07395539174819185,0.07222664638857927,0.08546238014445195,0.5872057952208161,0.05619609296477427,-0.7681316065470941,-0.140968725941941,0.41587937413448567,0.16765810489044541
KIC7670943,0.578924893684994,0.12437788596689879,0.02235117810079268,0.22742501447826038,0.132415518379062,0.029726045267635465,0.3387520989321515,0.035560669724757354,0.2931925562441135,-0.16518600775944958,0.15138009218495277,0.03353162097808909
EPIC206094605,0.6680044242309084,-0.8008452729882538,0.5437899242568773,0.7209701711263443,0.09389464030515306,0.05202057921836206,0.3758117089413223,0.05568664919734637,0.8288451901293303,0.9394946166853737,0.36597384923834736,0.13040074824812423
KIC7296438,-0.28057219833909935,0.06864155109008348,1.614853294739646,0.023042745420311216,0.06741153662934066,0.024982372253215344,0.3387520989321515,0.05454782199746593,0.027029756798042443,-0.20989483573023507,0.15875538184524607,0.04037322197850559
KIC11133306,-9.205486344985022e-05,0.4439328725939811,0.23844291074205295,-0.16855703548223777,0.09870975006439169,0.02043665612149938,0.3387520989321515,0.03321590131581461,-0.3056737425095464,-0.5899198734819113,0.116446224757656,0.022354413985392726
KIC8516041,0.27918431117239,0.19126148781908112,1.2014604149041914,0.07262455964145731,0.07824553358762755,0.06874147968140701,0.7046469542649793,0.05940935367352053,-0.20253565772419346,-0.3831415441170286,0.41587937413448567,0.11177206992696362
KIC12069424,-0.1890851129135656,0.3424927431181739,0.8256487059628691,-0.20752941421147883,0.06018887199048273,0.024523987345799258,0.14092939085299586,0.029422465710145243,-0.3386113889409977,-0.5403675891476242,0.0663743481118639,0.022354413985392726
KIC10717090,-0.19871533243204287,-0.19889285631863596,1.47392390388665,0.14077029668639168,0.08907953054591444,0.08644105816430964,0.46976463617665287,0.05320956466515431,0.22997889137567126,0.0751239425835222,0.3591203334854657,0.1098037525983428
KIC3633847,0.1684367867099018,-0.6745095806008038,0.9196016331981997,0.5761857724184483,0.061392649430292386,0.06348173093721764,0.46976463617665287,0.057484354895466286,0.4462361659256036,0.6563387062037331,0.35573135908192366,0.09937162101808132
KIC10655953,0.7366197383000588,0.5145322301046158,0.012955885377259613,0.05094257132532027,0.07343042382838894,0.04776786156758221,0.46506698981488637,0.05338485006713271,0.36971436108485856,-0.44461618257685886,0.1638430471592728,0.049296907508918075
KIC10972252,0.3068711922880121,-1.2987565312211475,-0.2829958354140318,0.8914013367626027,0.07222664638857927,0.04655828463323034,0.47446228253841943,0.054433508696363944,0.6225690205586261,1.451783270517291,0.21421385457215775,0.09836872376624765
KIC9226926,1.0953454153633357,-0.1617352997340924,-0.7245745934200855,0.4831921199152255,0.10111730494401099,0.046446945730680415,0.4227881725589876,0.05111109801264446,0.7955748401985715,0.2502335188024316,0.14971657468841482,0.05588603496348181
KIC9702752,-0.25529287210309665,-0.5333108655795344,1.6007603556543464,0.1419657133442857,0.07463420126819859,0.034257572786369615,0.46976463617665287,0.0559915308378188,0.12351377159724283,0.3638684565615116,0.14448668029195164,0.04732334061874636
KIC8391021,0.3225202990055376,-0.11714623183263752,-0.6775981298024202,0.2079228160154625,0.061392649430292386,0.039015434413771546,0.8220881133091424,0.05436257621964477,0.3630602910987068,0.06394673559082584,0.349338674272968,0.09314339160580302
KIC4049576,0.10102525008056114,-1.0089275898617023,-0.8842945697201474,0.4949394617240514,0.10111730494401099,0.10934862863083504,0.47446228253841943,0.04545835591589425,0.027029756798042443,0.8165453397657141,0.22712413605536677,0.16584338660318607
KIC11506988,0.5488304576897527,-0.7451089381114369,-0.7245745934200855,0.7368785343299771,0.34789168010499016,0.09471357875393045,0.46976463617665287,0.05778330710189492,0.3331169761610234,0.682418855853358,0.4697142853916087,0.06925267238213201
KIC11454149,0.5452191253703237,0.6520151894674295,-0.7386675325053851,-0.08199541811223371,0.06259642687010204,0.06406538697302504,0.46976463617665287,0.053157427150670254,-0.032856873077323545,-0.6569831154380895,0.18700589139734702,0.05517626089646552
KIC11081729,0.8329219334848311,0.3919122933756182,-0.24306584133901624,0.3356472875657306,0.019260439036954475,0.03715755658454433,0.025367290353539258,0.0188795171633143,0.9951969397831247,-0.1595974042631016,0.09981104979227655,0.03725735664232121
KIC7429287,-0.21677199402918768,-0.5073005759703546,-1.4339191940468312,0.12820257655144848,0.07222664638857927,0.04154341161844444,0.46976463617665287,0.057338399514890864,-0.711572011664804,-0.014293713358048769,0.17352611135326823,0.06794553900742847
KIC3427720,0.1732518964691404,0.6891727460519731,0.4845995800986191,-0.19427623166154018,0.27807258859603023,0.07431511316908866,0.023488231808832645,0.09848518813930801,-0.1359949578626757,-0.73708643221908,0.09981104979227655,0.03725735664232121
EPIC206189649,0.12028568911751561,-1.0683796803969732,-0.48969227533175896,0.9095377880382042,0.09389464030515306,0.0445890679014532,0.5167410997943181,0.1150547641510628,0.06362714172187685,0.9208659383642135,0.1996220995845531,0.09314339160580302
KIC11853905,-0.24205132026519044,-0.34380732699835775,1.1873674758188917,0.10483226214780587,0.09148708542553376,0.01672090046304495,0.3387520989321515,0.033593889622371385,-0.11270571291114485,0.09188975307256655,0.08317587482689713,0.022354413985392726
KIC5431016,0.7450461803787264,-1.083242703030791,-0.8842945697201474,0.8907412977580677,0.07463420126819859,0.05938391756620526,0.47446228253841943,0.05820855163118528,0.6159149505724743,1.1853931705246938,0.43230493425067884,0.11887127294837473
VZ_Cep A,0.8281068237255925,0.06864155109008348,0.6377428514922079,0.449828473572879,0.19260439036954474,0.029726045267635465,0.4227881725589876,0.06788888048334434,0.8354992601154821,0.09747835656891495,0.049905524896138274,0.022354413985392726
Tyc_5227-1023-1_A,0.4468825463122735,-0.23976616856163516,-2.603633138126697,0.18222234152360148,0.10707600327106878,0.03715755658454433,0.5167410997943181,0.08155264694810666,-0.6483583467963625,-0.2192091748908156,0.023289244951531198,0.007451471328464241
KIC6442183,-0.26733064650119315,-0.7005198702099836,-0.16085703000810198,0.12280959062923766,0.10111730494401099,0.031583923096862684,0.4227881725589876,0.05444350513674397,-0.23580600765495235,0.380634267050556,0.16635174965379426,0.05588603496348181
ZTF_J034350.31+515137.1_B,-0.8402444434298024,-1.0312221238124297,0.4780228751921459,-0.013117301152170675,0.15909122644524396,0.6353942175957081,0.2583705498971591,0.5173415352251903,-0.8579615513601431,0.40112581320383284,0.14306250470226306,0.5439574069778896
KIC9641837,0.3465958478017307,-1.202146884101333,-0.400436994458195,0.6652811522742428,0.061392649430292386,0.04154341161844444,0.46976463617665287,0.05735554461891317,0.5094498307940458,1.2803994299626134,0.19206241899087356,0.08496754505225437
KIC9005973,0.1792707836681887,-0.11343047617418514,-0.2454146645198995,0.11338506920837879,0.06861531406915031,0.05489911381699835,0.46976463617665287,0.053779298932506145,-0.09607053794576505,-0.09998563363538762,0.23858047663032175,0.0708451905886783
KIC3112152,0.36104117707944655,-0.529595109921082,-0.2829958354140318,0.4482091475378731,0.07102286894876962,0.05769201696860772,0.46976463617665287,0.052473012833144456,0.3331169761610234,0.4383831698461541,0.3022256446292255,0.10410959714775908
Kepler-34B,-0.13852646044156014,0.6531299161649666,0.027048824462559146,-0.32112706808577424,0.1564910671752551,0.008174662448599754,0.7046469542649793,0.05465419979258354,-0.43276647924504524,-0.769314045714688,0.007319476984766948,0.005495460104742379
ASAS_J085002+1752.5_B,-0.30589967567269444,-2.1385173100318493,0.3089076061685509,0.9893527247710696,0.12410945404437539,0.04087331224299876,1.268364517676963,0.10673024389367027,1.4044222439314586,3.1972904292100393,0.0033270349930758854,0.03353162097808909
GJ_1245_C,-4.058025804461796,4.739346413767304,0.027048824462559146,-5.588909430791777,0.13121174093925236,0.14863022633817732,0.46976463617665287,0.13515555365720863,-3.559513965737762,-2.64280022447381,0.0033270349930758854,0.007451471328464241
EPIC211396167_A,-1.546127496359785,-0.23976616856163516,-0.6963887152494863,-1.5313171575602202,0.05203929872297137,0.7431511316908866,0.7985998815003099,0.35795337161096275,-1.3470356953422982,-1.5735140888391912,0.036597384923834735,0.15461803006563302
ASASSN-V_J172607.12+564531.5_A,-0.16432341097668138,0.6371521668336102,-0.1796476154551681,-0.14110242990684219,0.05132907003348367,0.26010289609181036,0.1926035008324277,0.5546583890278225,-0.2724033925787875,-0.43530184341627837,0.1330813997230354,0.4489511475399705
HD22064_B,-2.7471121725090817,1.6924267738346719,-0.4953294509658788,-2.1954269874283163,0.3791898935400412,0.03715755658454433,0.027246348898245863,0.017587331826967045,-1.912631644165199,-1.6964633657588513,0.03327034993075885,0.014902942656928483
KIC10147635,0.2081614422236204,-1.6666163414081372,0.19146644712438768,0.9648927732609066,0.0794493110274372,0.02492604697106666,0.46976463617665287,0.05612102162306866,1.0517565346654152,2.2025190068600633,0.17024917152608307,0.08015427553053814
KIC3735871,-0.08917158540936429,0.6148576328828861,0.579492036606303,-0.32098830663636585,0.20103083244821232,0.11147266975363299,0.022548702536479337,0.08003199279644611,-0.30234670751647014,-0.7929724671825619,0.1330813997230354,0.05588603496348181
TIC369605666_B,-0.5971656650090386,1.35800876457377,0.12100175169788974,-0.9049117256599049,0.13963818301791994,0.18578778292272166,0.04697646361766529,0.04318163160604156,-1.0775458609031516,-1.3350670063283354,0.07984883983382124,0.08196618461310665
KIC11962180,0.4176187167505003,-0.8008452729882538,0.6377428514922079,0.683952160073662,0.09630219518477237,0.06316784619372537,0.5872057952208161,0.05580839899988776,0.6624934404755367,0.8649799034007317,0.4824200739960034,0.18628678321160605
KIC7037405_B,0.13473101839523147,-0.7265301598191651,-0.9124804478907467,0.3671659789166952,0.1721401738927806,0.026381865175026477,0.46976463617665287,0.09301172510565502,-0.1359949578626757,0.4476975090067342,0.036597384923834735,0.026080149649624844
KIC8610483_A,-0.33955729288977243,-0.4627115080688997,-0.818527520655416,-0.037999213089801774,0.18056661597144819,0.014863022633817733,1.1744115904416321,0.0636534903564687,-0.7681316065470941,-0.08321982314634285,0.0665406998615177,0.018628678321160604
KIC5530375,0.2743692014131514,-1.8152465677463145,-0.7057840079730193,0.8801608131052806,0.066207759189531,0.04596135963396661,0.46976463617665287,0.09076101753990098,0.842153330101634,2.323605415947607,0.20994467480029513,0.12163399070388921
KIC6448798,0.4416942655466934,-1.3582086217564184,-0.3957393480964284,0.9540288031050285,0.08065308846724686,0.06316784619372537,0.7046469542649793,0.05723566416058469,0.8288451901293303,1.6660130712106376,0.5655959488229004,0.22354413985392727
KIC3545753,0.2695540916539128,-1.4139449566332354,-1.2319204004908706,0.844245712113632,0.06981909150895997,0.056994967217371274,0.4932528679854855,0.057065342618561866,0.356406221112555,1.472274816670567,0.19822724681777604,0.10677483661822243
ASAS_J060505+2032.1_B,1.7226338392481473,-0.49243755333653516,-0.20783349362576725,1.0435056473941628,0.19632406265855656,0.014863022633817733,1.456270372147624,0.12861503912869776,1.8169745830728687,0.935768881021142,0.03992441991691062,0.009314339160580302
V565_Lyr A,-0.4599350368707379,0.5851315876152505,1.6712250510808444,-0.43362908544001183,0.11435885678191719,0.018578778292272165,0.23488231808832644,0.046836950946975126,-0.5186039820664028,-0.7538522427081248,0.009981104979227655,0.013040074824812422
KIC10081026,0.6270759912773802,-1.3544928660979645,-0.7903416424848168,1.017607870655586,0.07343042382838894,0.08308682323688887,0.47446228253841943,0.05820340105915971,0.6758015804478402,1.5561038691157905,0.25369772681397773,0.16632297726939477
KIC5636956,0.4657698143428865,-0.8157082956220716,0.7974628277922698,0.7866791545576063,0.07222664638857927,0.04703862594083224,0.46976463617665287,0.055274408495192384,1.0417754296861872,1.0233236691305971,0.331971706316239,0.1118500085913237
KIC12317678,0.6824497535086244,-0.4775745307027191,-1.0534098387437423,0.6019196855906744,0.05778131711086342,0.031529230889325896,0.9583198578003718,0.05797435015462167,1.0018510097692765,0.6432986313789205,0.24488520461516555,0.06408448648673927
KIC4349452,0.35742984476001755,0.3175971802065311,0.07402528808022447,0.08817404958641296,0.11435885678191719,0.03715755658454433,0.023488231808832645,0.03958613884207006,0.3297899411679479,-0.3458841874747074,0.0665406998615177,0.018628678321160604
TV_Cet_A,1.1073831897614324,0.15781968689298995,-0.21722878634930032,0.4768259751093943,0.18056661597144819,0.07431511316908866,0.023488231808832645,0.057767000972150845,0.7789396652331925,-0.040373863007673635,0.17300581963994602,0.03725735664232121
*_mu._Ara,-0.009722274381927087,0.2061245104528972,1.7182015146985095,-0.0775909696471799,0.07343042382838894,0.22294533950726597,0.04697646361766529,0.006415195352725324,-0.7315342216232593,-0.4203989007593499,0.19629506459147722,0.04657169580290151
KIC5214711,0.25510876237619695,-0.7488246937698926,0.23844291074205295,0.5791904547076019,0.06500398174972134,0.08832250503167843,0.46976463617665287,0.052723931735881385,0.34642511613332694,0.6749673845248938,0.24488659697931014,0.1333701865841008
KIC9787965,0.26233142701505485,-0.9977803228863386,0.36058171614798273,0.8134270794758315,0.07824553358762755,0.07283758752057215,0.46976463617665287,0.06519054145244355,0.5294120407525011,1.036363743955409,0.27968302459104294,0.15170432873519332
KIC7038145,0.11065546959903838,-1.3805031557071459,1.5631791847602141,0.8943265635367428,0.06981909150895997,0.06051933544912569,0.46976463617665287,0.059072243183048316,1.0650646746377188,1.7759222733054854,0.2392340210856691,0.12915642984528572
KIC9579208,0.5295700186527982,-0.6596465579669845,-0.44271581171409374,0.5330698378843166,0.06741153662934066,0.03675377470652923,0.3387520989321515,0.05281323889159219,0.17674633148645705,0.5128978831307962,0.1915975290642561,0.05755398068855049
KIC11189107,0.9785790037017994,-1.0609481690800653,-0.11388056639043671,0.9862042943258283,0.11315507934210753,0.09846752494904247,0.5872057952208161,0.05468134100033145,1.228089389298437,1.4052115747143887,0.548960773857521,0.21422980069334696
EPIC220398184_A,-2.82996817369118,1.714721307785396,-1.983543818373515,-2.5198156843669546,0.10824366738768415,0.5536475931097105,0.5026481607090185,0.21986886162811806,-2.351800263251216,-1.841767056663904,0.036597384923834735,0.048434563635017566
LINEAR_23079661_B,-2.6959516313171714,0.8415187280486063,-0.5836452025670896,-2.0053555278521635,0.1383862544805179,0.9623807155396982,0.46976463617665287,0.6849964292224581,-2.2020836885628006,-1.4766449615691561,0.036597384923834735,0.29433311747433755
KIC3730801,-0.10602446956669946,-0.26577645817081497,1.126298073115927,0.18535301550350575,0.06981909150895997,0.04877037430211105,0.46976463617665287,0.05520733390853741,0.296519591237189,0.16640446635720904,0.3011900916794907,0.0910174020753058
alf_Cen_A,-0.1902888903533753,0.4142068273263457,1.483319196610183,-0.20011417798032502,0.03129821343505102,0.014863022633817733,0.18790585447066116,0.011878609103989,-0.15263013282805551,-0.5247194993578493,0.023289244951531198,0.0055886034963481815
HW_CMa B,1.8994687451561851,0.17639846518526173,1.9061073691691708,0.8398882290074462,0.18056661597144819,0.03715755658454433,0.46976463617665287,0.05659442371333321,1.8901693529205383,0.2669993292914764,0.036597384923834735,0.03353162097808909
KIC6766513,0.7366197383000588,-1.0349378794708837,-1.5090815358350957,0.7454241223702234,0.0926908628653434,0.02995738078341952,0.4791599289001859,0.059523883363262656,0.39965767602254115,1.0214608012984805,0.1764744598963972,0.06328269326885387
KIC6593620,-0.23001354586709388,-0.6001944674317135,-0.8655039842730813,0.12477598486573276,0.07222664638857927,0.05659670323650899,0.46976463617665287,0.0547616557590838,-0.5518743319971617,0.14032431670758416,0.18374982039715598,0.07925752355634452
KIC3952307,0.2743692014131514,-1.0646639247385192,-0.19843820090223419,0.6860832595878862,0.14204573789753924,0.051754486524148824,0.46976463617665287,0.049433340281884626,0.4129658159948447,1.0624438936050342,0.2174220229225185,0.08930722513648306
TIC344753509_A,-0.5562372320555102,0.7263303026365167,-0.16085703000810198,-0.9920607099234533,0.14445329277715854,0.334418009260899,0.5637175634119834,0.05616104530747722,-1.357016800321526,-1.4468390762552992,0.016635174965379425,0.011177206992696363
KIC8360349,0.33215051852401484,-1.3693558887317823,1.074623963136495,0.9647621964501886,0.05898509455067308,0.043449995572842674,0.46506698981488637,0.0500819306363746,1.9167856328651454,2.1429072362323494,0.38169661812722566,0.12606942778329217
KIC10398597,0.5175322442547017,-0.7562562050868006,0.8820204623040674,0.7353805231672812,0.07824553358762755,0.08987213863450291,0.46976463617665287,0.05331447182137943,1.0617376396446425,0.9488089558459547,0.31685808426424295,0.13993102545919994
KIC3123191,0.7053215248650078,0.1801142208437174,-0.11388056639043671,0.31593671333947904,0.11195130190229788,0.07803086882754309,0.5872057952208161,0.05897297978332035,0.4961416908217423,-0.1595974042631016,0.465784899030624,0.10245773076638331
KIC8228742,0.23103321358000384,-0.648499290991624,0.07402528808022447,0.4459395624075482,0.10232108238382064,0.03715755658454433,0.023488231808832645,0.03563704667090704,0.296519591237189,0.5669210502621621,0.0665406998615177,0.018628678321160604
KIC9451741,-0.17704733851546908,0.2655766009881682,1.323599220310121,-0.04117920687904492,0.08185686590705651,0.07283758752057215,0.46976463617665287,0.05329428463721058,-0.08941646795961328,-0.3999073546060734,0.2623801253471757,0.09951983637140797
KIC9414417,0.3562260673202079,-0.6559308023085321,0.12569939805965627,0.5630394841449401,0.06259642687010204,0.03610596243352297,0.3387520989321515,0.05283298359514123,0.8255181551362548,0.7662479082985806,0.2478235720533153,0.0704145654034368
KIC4247542,0.551238012569372,-0.36981761660754087,-1.7110803293910564,0.3515929119304542,0.0794493110274372,0.07523831867272128,0.46976463617665287,0.04681518961767752,-0.0727812929942342,0.14032431670758416,0.27090573901984244,0.09583798801043267
EW_Ori A,0.10584035983979975,0.6594467007843376,0.5907663878745426,-0.1535384950491415,0.11435885678191719,0.018578778292272165,0.4227881725589876,0.042305685283438206,0.07360824670110487,-0.6271772301242325,0.036597384923834735,0.009314339160580302
LL_Aqr_A,0.3128900794870603,0.3008762797434855,0.5437899242568773,0.07235805788049832,0.061392649430292386,0.00334418009260899,0.23488231808832644,0.02133265633788818,0.14580490605085175,-0.3496099231389395,0.0029943314937682965,0.0024217281817508784
TIC278683641_A,-0.05065070733545535,-0.24719767987854321,1.7214898671517462,0.20208367451047987,0.132415518379062,0.003715755658454433,0.01832082081088946,0.03044013370920573,0.40631174600869296,0.1980732195031823,0.023289244951531198,0.0055886034963481815
KIC_6131659 B,-1.4470325375146547,1.7048025588088533,-0.6306216661847548,-1.524674087095073,0.12639663118001374,0.032469391386028036,0.46976463617665287,0.06298604410007498,-1.549984829919927,-1.6126343133136285,0.016635174965379425,0.011177206992696363
HIP97527,0.3056674148482024,0.5033849631292521,-0.06690410277277138,0.054790808452821506,0.09750597262458202,0.03715755658454433,0.09395292723533058,0.001644256206893672,0.682455650433992,-0.37569007278856437,0.3526657092660438,0.06333750629194605
47_Tuc-V69 A,-0.04463182013640707,-0.1914613450017279,-2.9794448470680193,-0.056995830822739596,0.18056661597144819,0.0111472669753633,0.46976463617665287,0.07122323956741175,-0.9145211462424332,-0.35333565880317164,0.016635174965379425,0.009314339160580302
HD181420,0.7426386254991071,-0.09113594222345771,0.35212595269680297,0.47416022169550265,0.018056661597144818,0.03715755658454433,0.0239579964450093,0.009727834574177939,0.8953858899908481,0.21297616216011078,0.0665406998615177,0.018628678321160604
KIC9768011,0.7799557261332063,-0.8900234087911603,-0.8655039842730813,0.7204905404747594,0.08185686590705651,0.08732025797367918,0.8220881133091424,0.05389678198853266,0.6624934404755367,0.9581232950065348,0.5323255988921416,0.24217281817508785
KIC8114155,-0.2661268690613835,-0.392112150558265,0.4451393506597803,0.14601336316223762,0.07222664638857927,0.08202170373527075,0.46976463617665287,0.056424284550384424,-0.2923656025372428,0.06022099992659371,0.197064200223589,0.09812403980223489
UCAC4_570-022931_A,0.5470609048532321,-0.53702662123799,0.6518357905775075,0.813924199077578,0.029865718281677528,0.15234598199663177,0.10804586632063017,0.19996394443400636,0.39965767602254115,1.3400112005903273,0.1330813997230354,0.2812930426495251
KIC3230227_A,2.429130818672433,-0.3623861052906295,-0.2782981890522652,1.2364072256902878,0.036113323194289636,0.21551382819035714,0.023488231808832645,0.05764801359390094,2.2927405870827204,0.9394946166853737,0.5988662987536593,0.16765810489044541
KIC3430893,0.3465958478017307,-0.039115363005094765,-0.16085703000810198,0.3182927499351465,0.07222664638857927,0.0672951961064668,0.46976463617665287,0.05192608288713687,0.16343819151415348,-0.07390548398576276,0.22202203140947013,0.08942318865903227
GJ_1081_B,-3.387521770487818,2.992941254293722,-0.20783349362576725,-3.826465920193294,0.13121174093925236,0.14863022633817732,0.46976463617665287,0.13625887204371126,-3.1469616265963523,-2.363370049656401,0.023289244951531198,0.02049154615327666
KIC4586099,0.48262269850022166,-0.6447835353331683,-0.35346053084052964,0.6222962340534283,0.06981909150895997,0.04848875346500112,0.46976463617665287,0.05420190936606672,0.3397710461471752,0.5725096537585102,0.3267632579873412,0.08567749236597903
Kepler-35B,-0.9390384579149804,1.3416594396765724,-1.2413156932144036,-1.043373410141787,0.12037774398096546,0.005945209053527093,0.9395292723533057,0.04650316683861507,-1.136101676781287,-1.3404693230414721,0.014139898720572513,0.003912022447443727
KIC9850387_A,1.6204933234802976,-0.7525404494283465,-0.5836452025670896,1.101344184223344,0.04410640539462574,0.0111472669753633,0.23488231808832644,0.029203878573885223,1.6938742883290605,1.2077475845100867,0.013308139972303542,0.0018628678321160603
KIC8493800,0.3116863020472507,-0.005673562079006903,0.5390922778951108,0.15332853828344664,0.08787575310610479,0.04820518928768183,0.46976463617665287,0.0535621326672715,0.33644401115409966,-0.044099598671905764,0.2002989349483695,0.05592482825465171
KIC8776961,-0.24686643002442904,-0.6596465579669845,-0.23601937179636642,0.21434833447560195,0.08667197566629513,0.03491533956878488,0.46976463617665287,0.05699559128394912,-0.28571153255109105,0.31729676075860985,0.1736801148125452,0.06333750629194605
EPIC211770390_A,-0.17079973360285744,-0.8268555625974353,0.5156040460862782,0.5278909729399361,0.15502245869868733,0.3975858554546243,0.3147423062383574,0.4533760122667182,-1.0841999308893036,1.2114733201743193,0.09981104979227655,0.5998434419413714
BG_Ind B,0.8076426072488284,-0.384755099268996,-0.5836452025670896,0.5579765463758265,0.28048014347564953,0.07463370391712237,0.46976463617665287,0.1103255627605068,0.4728524458702107,0.3247482320870741,0.026616279944607083,0.07172041153646833
EPIC206107253,0.37067139659792375,0.2692923566466239,-0.48969227533175896,0.09872480287126785,0.07824553358762755,0.03715755658454433,0.3758117089413223,0.053418950404770564,0.03035679179111796,-0.364512865795868,0.09981104979227655,0.03725735664232121
KIC10583181_B,-0.27371066693218454,0.9046865742423296,-0.7245745934200855,-0.5109860438933617,0.15312049034378808,0.02601028960918103,0.032883524532365704,0.058392692606162075,-0.6350502068240589,-0.9792592503941681,0.053232559889214166,0.018628678321160604
UCAC4_473-001351_B,0.16570421192153337,-1.2541674633196942,0.726998132365772,0.4736350704557885,0.35522268471343094,0.46818521296525856,0.1127435126823967,0.4659210023529358,-0.7282071866301835,0.7010475341745183,0.07652180484074536,0.4452254118757384
CU_Cnc_B,-3.439284200399633,2.450440928159375,1.295413342139522,-3.2279839080186945,0.18056661597144819,0.0780308688275431,0.9395292723533057,0.12467456961913588,-2.49885520994517,-2.076860977076951,0.004657848990306239,0.017510957621890966
V505_Per B,0.5777211162451844,0.5033849631292521,-0.20783349362576725,0.10660258501412684,0.014445329277715855,0.03715755658454433,0.14092939085299586,0.014903233910264794,0.3430980811402514,-0.44461618257685886,0.0033270349930758854,0.026080149649624844
KIC7591963,-0.019352493900404322,-0.7599719607452546,0.407558179765648,0.45320103922969046,0.07343042382838894,0.05659670323650899,0.46976463617665287,0.05635219753760402,0.16343819151415348,0.6097670104008314,0.18110563604716395,0.08920394774387054
KIC8349582,-0.3407610703295821,-0.11714623183263752,1.614853294739646,-0.07355228800149685,0.08907953054591444,0.013005144804590515,0.3387520989321515,0.030922020603339134,-0.275730427571863,-0.16518600775944958,0.0665406998615177,0.01956011223721863
2MASS_J05282082+0338327_A,-1.0582124244561362,-0.5481738882133538,0.47332522883037936,-0.02012211265174627,0.03129821343505102,0.0222945339507266,1.2918527494857954,0.014662764842046695,0.7157260003647509,0.6134927460650635,0.036597384923834735,0.018628678321160604
KIC7177553_B,-0.29140619529738626,1.07932709018969,1.3142039275865878,-0.5690020429974073,0.16852884157335166,0.029726045267635465,0.06106940270296487,0.062272372818228346,-0.5485472970040859,-1.0519110958466944,0.049905524896138274,0.009314339160580302
EPIC206371648,-0.5213276863010303,0.8415187280486063,-0.7715510570377506,-0.352625339158992,0.07824553358762755,0.05945209053527093,0.3758117089413223,0.10125910563529714,-1.067564755923924,-1.072402641999971,0.09981104979227655,0.03725735664232121
KIC5344612,0.45373203994478994,-0.4887217976780828,-0.22192643271106685,0.5060697021670134,0.10111730494401099,0.07578684223877798,0.46976463617665287,0.052685694430979896,0.4894876208355905,0.4476975090067342,0.3068323421200307,0.11331382591651869
KIC8579578,0.39233939051449757,-0.9754857889356128,0.6095569733216087,0.8133441883236088,0.05416998479143446,0.050239979817441556,0.46976463617665287,0.05342696002337147,1.287976019173803,1.3269711257655146,0.41503474974189847,0.11446392046440873
KIC12507240,0.2105689971032397,-0.7190986485022554,0.4498369970215468,0.49944221108697023,0.11676641166153649,0.05573633487681649,0.8220881133091424,0.053793291171700945,0.7290341403370545,0.8090938684372498,0.349338674272968,0.11177206992696362
KIC8802782,0.1287121311961832,-1.2764619972704216,1.5490862456749146,0.8472389486621221,0.08185686590705651,0.08763606376284688,0.46976463617665287,0.05237836799974594,0.9619265898523659,1.5896354900938792,0.3873151850691675,0.20158763350604061
EPIC206064711,0.6993026376659595,-0.1765983223679085,-0.48969227533175896,0.4012625260756048,0.08546819822648548,0.04087331224299876,0.3758117089413223,0.04904821668594606,0.39633064102946564,0.11983277055430769,0.16635174965379426,0.05588603496348181
KIC6603624,-0.152971789719276,0.5033849631292521,1.6618297583573114,-0.27525552395196107,0.16852884157335166,0.03715755658454433,0.051674109979431816,0.06467668860394166,-0.5685095069625412,-0.6812003972555986,0.09981104979227655,0.03725735664232121
KIC10971974,0.057689262247413574,0.4327856056186174,-0.005834700069806519,-0.16119588955457145,0.06981909150895997,0.06941604539515414,0.4791599289001859,0.052542023381399794,-0.31232781249569813,-0.5880570056497955,0.19664184810287552,0.06215609134719461
KIC10191056_Ab,0.7249430971339054,-0.16916681105100045,0.9289969259217327,0.49868443993125533,0.1869466364024394,0.05945209053527093,0.032883524532365704,0.06266711113189594,0.8720966450393173,0.285628007612637,0.053232559889214166,0.05588603496348181
TIC196817076_A,-0.8391249304107791,0.3175971802065311,0.12100175169788974,-1.0037269112268765,0.18056661597144819,1.003254027782697,0.7046469542649793,0.07250108811427558,-0.5385661920248582,-1.3369298741604516,0.0033270349930758854,0.009314339160580302
ASAS_J171750-1915.3_B,0.625029569629704,-0.22861890158627143,0.5437899242568773,0.4593137527678754,0.07043301800326289,0.0111472669753633,0.5637175634119834,0.05280848460993986,0.6458582655101569,0.2651364614593601,0.0033270349930758854,0.0055886034963481815
KIC6196457,-0.1337113506823215,-0.5407423768964424,1.2484368785218567,0.2827648337181395,0.11315507934210753,0.01672090046304495,0.3387520989321515,0.03331002853256019,0.19338150645183685,0.39181147404325234,0.08151235733035919,0.022354413985392726
KIC3112889,0.5428115704907044,-0.9754857889356128,-1.325873327726201,0.6246444443814112,0.07824553358762755,0.06489288204240717,0.4791599289001859,0.05514446419405547,0.27988441627180993,0.8947857887145887,0.20133841379939618,0.11118480736292645
ASAS_J163903-2847.2_A,0.7888997925109924,-1.0089275898617023,-0.5366687389494242,0.8532612305016076,0.039953373227282436,0.007431511316908866,0.7516234178826446,0.029193217018844315,0.8987129249839244,1.213336188006435,0.006654069986151771,0.0055886034963481815
TIC219488423_B,-1.5674102814956201,1.5066389909119475,-2.1808449655677093,-1.7365769037977243,0.14445329277715854,0.668836018521798,0.6106940270296487,0.06648251222392199,-1.9824993790197922,-1.7542122685544492,0.053232559889214166,0.011177206992696363
KIC6837853,-0.11565468908517669,0.08722032938235524,1.0793216094982616,-0.0004347692393026996,0.06861531406915031,0.0784072024185092,0.46976463617665287,0.05323825669566073,-0.01622169811194447,-0.24156358887620832,0.25573281755964733,0.0933709306657229
TYC_2271-1530-1_A,0.613978892732251,-0.7005198702099836,-0.11857821275220325,0.5107615904606964,0.0167325064133542,0.08546238014445195,0.06106940270296487,0.1365216863562036,-0.09274350295268953,0.40485154886806496,0.10313808478535244,0.14902942656928483
*_tau_Cet,-0.7043018571520978,1.4323238777428604,-2.0399155747147133,-0.9212925694157376,0.018056661597144818,0.18578778292272166,0.04697646361766529,0.0025529611957488883,-1.2804949954807805,-1.3033982531823625,0.043251454909986504,0.007451471328464241
KIC12265063,0.24908987517714865,-0.5147320872872626,-0.9030851551672135,0.29244773276520014,0.07222664638857927,0.08755885407601986,0.47446228253841943,0.05712426277480212,-0.10272460793191683,0.25209638663454786,0.2433225910994151,0.10500332289315942
V818_Tau_A,-0.40050454466733537,1.2019470269186845,0.5907663878745426,-0.6337380656189583,0.027205370139698197,0.05202057921836206,0.23488231808832644,0.03081281724720561,-0.4221199672672021,-1.0854427168247833,0.0033270349930758854,0.013040074824812422
KIC10586004,-0.25529287210309665,-0.4589957524104473,1.5584815383984476,0.16379946531535974,0.09991352750420134,0.018578778292272165,0.3387520989321515,0.0353712757335298,0.09024342166648394,0.27445080061994065,0.08483939232343508,0.01956011223721863
KIC9138680,0.009538164655027387,-1.4659655358515984,0.9618804504540984,0.8218255873507411,0.07222664638857927,0.04700100577266821,0.46506698981488637,0.054961442684335206,0.8820777500185446,1.809453894283574,0.1844630135993767,0.09921048295060328
KIC4571351,0.02157593905312393,-0.2583449468539069,1.0276474995188298,0.2027351283749811,0.07102286894876962,0.10142185538947773,0.47446228253841943,0.05553210510943915,0.27988441627180993,0.1477757880360484,0.28968520800046926,0.12932217757921435
ASAS_J051753-5406.0_B,0.42002627163011963,0.5022702364317151,0.3558840697862162,-0.031686649239388756,0.05176242991181515,0.009660964711981525,0.9395292723533057,0.018849329809593102,-0.2038664717214244,-0.6038913822227818,0.011311918976458009,0.006892610978829423
KIC10003270,0.7366197383000588,-1.2876092642457855,-0.49438992169352547,0.9732587067915488,0.08306064334686616,0.08401832044927332,0.46976463617665287,0.06043921476641317,0.8820777500185446,1.5952240935902275,0.5168522361909668,0.19879243664987317
KIC4851217_B,-2.6881270779584088,2.342684014064197,0.3464887770626831,-2.5198156843669546,0.09389464030515306,0.07617299099831587,0.07516234178826446,0.21986886162811806,-2.2020836885628006,-1.9703049370799122,0.202949134577629,0.10338916468244135
KIC12253255,0.5717022290461361,-1.1315475265906982,0.8256487059628691,0.9289688894451195,0.0770417561478179,0.06688360185217979,0.7046469542649794,0.05454248629410417,1.0950079895754015,1.4238402530355498,0.49905524896138287,0.18628678321160605
V636_Cen A,-0.09880180492784153,0.926981108193057,-0.5836452025670896,-0.39461163279035266,0.10232108238382064,0.014863022633817733,0.3758117089413223,0.039003911736640993,-0.3289629874610772,-0.8972930657810614,0.016635174965379425,0.007451471328464241
V505_Per A,0.6379099882356671,0.46622740654470857,-0.20783349362576725,0.14743580194791175,0.025279326236002746,0.03715755658454433,0.14092939085299586,0.016343335616047377,0.40298471101561745,-0.4054959581024214,0.0033270349930758854,0.026080149649624844
KIC5371516,0.44289804298650304,-0.8119925399636175,0.7082075469187059,0.641169274256185,0.09750597262458202,0.045179540491016024,0.46976463617665287,0.05421666528470055,1.0085050797554282,1.0121464621379004,0.3294398393405783,0.08751350695829514
NGTS_0002-29_A,-3.140903886394014,2.346399769722649,0.5437899242568773,-2.992094254826915,0.020295687635190775,0.03715755658454433,0.18790585447066116,0.03342074711971567,-2.5048438729327063,-2.0522711216930185,0.0033270349930758854,0.0037257356642321207
KIC11708273,-0.027778935979071908,-0.4218381958259005,1.483319196610183,0.27525924340587443,0.11556263422172684,0.08360450231522475,0.5872057952208161,0.05554729901191303,-0.26907635758571125,0.10120409223314708,0.49905524896138276,0.14902942656928483
KIC5683538,0.4621584820234575,-1.4733970471685065,-2.2607049537177404,0.6901227984359323,0.08787575310610479,0.10568898088282325,0.4791599289001859,0.048813393857294156,0.22997889137567126,1.4834520236632638,0.1990117866219058,0.1822016295535811
KIC3241581,-0.25529287210309665,0.7374775696118804,1.224948646713024,-0.40020116174689374,0.09750597262458202,0.06150669904783501,0.46976463617665287,0.056095581099204615,-0.2956926375303183,-0.7855209958540976,0.24000816224192797,0.05478858599196126
KIC3657002,0.02879860369198186,-0.12457774314954886,0.8820204623040674,0.15986406632288158,0.0770417561478179,0.04906231565056232,0.46976463617665287,0.0527111497367996,0.22665185638259572,0.019237907620040347,0.2571050049005341,0.06523749455991877
ASAS_J045021+2300.4_A,-0.3848313624010132,0.6148576328828861,-0.8655039842730813,-0.4777369363460378,0.03407893932101132,0.06688360185217979,1.2213880540592974,0.06365349035646868,-0.7215531166440317,-0.8339555594891153,0.023289244951531198,0.018628678321160604
KIC11922782_A,0.009538164655027387,-0.29921825909690614,-0.6916910688877197,0.1308819745672991,0.132415518379062,0.12261993672899629,0.05637175634119835,0.06586397816131628,-0.27905746256493924,-0.00870510986170079,0.03327034993075885,0.10618346643061545
KIC8416311,0.5584606772082299,-1.0386536351293378,0.9712757431776314,0.8893456228803319,0.07222664638857927,0.05684013353696131,0.46976463617665287,0.05356177999248175,1.3778059639868516,1.43315459219613,0.40243438988588187,0.15255586890710152
TIC46299496_B,-0.0675035914927905,0.912118085559241,-2.2747978928030403,-0.3890709213039318,0.14445329277715854,0.07431511316908866,0.14092939085299586,0.027600332142951607,-0.3256359524680017,-0.9047445371095256,0.08650290981997301,0.07451471328464242
KIC9204313,-0.1553793445988953,-0.39582790621672065,-0.38634405537289535,-0.0019313668492241106,0.06861531406915031,0.04535657952724091,0.46976463617665287,0.054946669012596025,-0.4420821772256574,0.004334964963111851,0.20037901501713534,0.06226914879592574
KIC10024648,0.5139209119352727,-0.7451089381114369,0.327698191615617,0.6456121491464488,0.18899305805011576,0.05661569632155718,0.46976463617665287,0.05438581267845541,0.9752347298246694,0.9208659383642135,0.37427138634465135,0.10306871974656423
KIC10319352,-0.3889121679219683,-0.24719767987854321,1.2813204030542225,0.011412585936346434,0.07583797870800824,0.06319979054512109,0.46506698981488637,0.05635086570984561,-0.24578711263418038,-0.042236730839789495,0.20429087123074163,0.0610262946072033
KIC9762519_A,-0.2793684208992897,1.0607483118974184,-1.7439638539234221,-0.5959458056702002,0.10833996958286891,0.018578778292272165,0.13153409812946282,0.0724919609700772,-0.7681316065470941,-1.0984827916495958,0.0665406998615177,0.014902942656928483
KIC12069127,0.5945740004025195,-1.0349378794708837,0.7129051932804724,0.9295213287377913,0.0794493110274372,0.02492604697106666,0.46976463617665287,0.05425358658968023,1.4609818388137492,1.4704119488384513,0.20949755789461066,0.0588027606598469
KIC10727922,0.4055809423524038,-0.8937391644496143,-1.0722004241908085,0.5126286727536478,0.0794493110274372,0.08857671288141811,0.46976463617665287,0.0552438035784107,0.20336261143106416,0.7662479082985806,0.22601055249042182,0.1383753734070512
KOI-6964_A,0.566152815048614,0.18382997650216976,-0.6024357880141556,0.25018370795609374,0.06599107925036526,0.1709247602889039,0.1456270372147624,0.41003321280819466,0.5194309357732732,-0.1595974042631016,0.08317587482689713,0.36884783075898
KIC8950146,0.47178870154193475,0.32502869152343916,0.2901170207214848,0.1255118141761009,0.07222664638857927,0.05320152439748771,0.47446228253841943,0.052779477467564485,0.28653848625796174,-0.3272555091535468,0.1924765034296293,0.05998897155783212
EPIC205974115,0.16723300927009213,0.13180939728381014,0.027048824462559146,0.2960176344464007,0.08546819822648548,0.0445890679014532,0.3758117089413223,0.0869000532616223,-0.002913558139640919,-0.2713694741900649,0.1330813997230354,0.05588603496348181
UCAC4_576-009710_A,0.2196334412250061,0.28787113493889566,-0.05281116368747178,-0.15239781610958966,0.016997337450112324,0.08546238014445195,0.06106940270296487,0.41510655834298865,0.37969546606408583,-0.6979662077446429,0.029943314937682965,0.2999217209706857
TIC100520485_A,0.12991590863599284,-0.42555395148435615,-1.6171274021557258,0.2816158914796259,0.15287973485582615,0.07431511316908866,0.23488231808832644,0.019172222156709624,0.22332482138951948,0.24837065097031577,0.049905524896138274,0.07637758111675848
KIC6933899,-0.02657515853926225,-0.3883963948998126,0.522650515628928,0.2078517721826765,0.13723062813830061,0.03715755658454433,0.02442776108118595,0.049183604939981515,-0.0361839080703998,0.19434748383895017,0.09981104979227655,0.018628678321160604
KIC3643774,0.05648548480760392,-0.19889285631863596,1.0981121949453276,0.20012528952410327,0.12519285374020409,0.03196413779461403,0.46976463617665287,0.04346198338129997,0.4129658159948447,0.1533643915323968,0.19701503662749634,0.045600892038079544
KIC7174470,0.16482545439047283,-1.1612735718583338,1.2578321712453897,0.7556744365957152,0.10111730494401099,0.08159882473104901,0.46976463617665287,0.05391056092867169,0.868769610046241,1.4163887817070857,0.5726254979972658,0.16431515875982786
EPIC206064678,-0.5056785795835048,0.9604229091191482,1.5772721238455136,-0.506416334846555,0.08546819822648548,0.04830482355990763,0.5167410997943181,0.059212547602941555,-0.46869845717026454,-0.9792592503941681,0.1330813997230354,0.03725735664232121
RS_Cha B,1.4998146351393797,-0.960622766301795,1.1544839512865261,1.1904907156392655,0.08667197566629513,0.22294533950726597,0.32883524532365704,0.0438947109690882,2.3958786718680725,1.6268928467362005,0.03327034993075885,0.11177206992696362
TIC189069314_A,0.36585628683868515,-0.09113594222345771,-1.147362765979073,0.19772346880673028,0.13000796349944269,0.03715755658454433,0.14092939085299586,0.019694831108898,-0.08276239797346223,-0.12420291545289622,0.22956541452223608,0.08755478810945484
KIC11098033,0.4525282625049803,-1.179852350150607,-0.3017864208610979,0.7099434493620397,0.0794493110274372,0.09475176929058805,0.8220881133091424,0.056545902264897384,0.7623044902678127,1.4052115747143887,0.5822311237882799,0.19560112237218633
KIC6529109,-0.21195688426994908,-0.7636877164037102,0.6941146078334063,0.31393628692666414,0.10833996958286891,0.03715755658454433,0.46506698981488637,0.05510350828349824,0.13016784158339462,0.6004526712402513,0.18138128755041028,0.059445163180280806
KIC8298626,0.27557297885296106,0.16896695386835367,0.5343946315333443,0.28543763455904714,0.10111730494401099,0.045246405514089906,0.46506698981488637,0.05639382804770592,0.1834004014726088,-0.2378378532119762,0.1986864192347579,0.053350133475168364
KIC5021689,0.2238105489411459,-0.6633623136254401,-0.01992763915510612,0.4485038780577542,0.10111730494401099,0.039015434413771546,0.4227881725589876,0.05295961338034528,0.22997889137567126,0.5296636936198409,0.24952762448069143,0.07451471328464242
TIC17303250_B,-1.097937079969855,0.986433198728328,0.07402528808022447,-1.168442426093138,0.16250995437430338,1.0404115843672415,0.7046469542649793,0.06791854069281138,-1.5133874449960927,-1.4039931161166297,0.013308139972303542,0.007451471328464241
KIC9206432,0.4910491405788892,0.09465184069926329,1.4058080316410355,0.29483990914262564,0.03852087807390895,0.03715755658454433,0.01785105617471281,0.021162548661995455,0.6292230905447779,-0.010567977693816646,0.09981104979227655,0.03725735664232121
KIC3733735,0.7643066194156808,0.35475473679107467,0.27555431700000854,0.33162668969053394,0.06741153662934066,0.07431511316908866,0.022548702536479337,0.034071529927934885,1.0284672897138836,-0.12234004762078036,0.1330813997230354,0.05588603496348181
KIC11507653,-0.07954136589088706,-0.4329854628012642,0.8820204623040674,0.30789688020969996,0.08907953054591444,0.08579229279997698,0.46976463617665287,0.05903567511992143,0.06362714172187685,0.25209638663454786,0.2853122014475777,0.09201888261615315
AL_Ari_A,0.4645178858054845,0.12809364162535447,-1.6171274021557258,0.17319147824180606,0.0306602113919519,0.018578778292272165,0.3758117089413223,0.02502545174625993,0.04366493176342152,-0.24901506020467218,0.0033270349930758854,0.007451471328464241
KIC9962623,-0.08315269821031603,-0.1914613450017279,-0.6165287270994552,-0.013422378067226766,0.19982705500840267,0.05831328574106781,0.47446228253841943,0.05515387821169674,-0.5452202620110099,-0.20616910006600295,0.2679596778132712,0.07681141229753907
V568_Lyr A,-0.38168950328311035,-0.06140989695582221,1.6712250510808444,-0.10097557116474344,0.12037774398096546,0.03715755658454433,0.23488231808832644,0.050198518918984705,-0.25244118262033216,-0.19685476090542284,0.026616279944607083,0.029805885313856965
EPIC206108325,0.5428115704907044,-1.142694793566062,-0.48969227533175896,0.8282547600925346,0.08546819822648548,0.05202057921836206,0.5167410997943181,0.2988169619665807,0.4961416908217423,1.2002961131816223,0.16635174965379426,0.09314339160580302
NGTS_0002-29_B,-3.314705273153732,2.6510917337159157,0.5437899242568773,-3.585191337078658,0.02331716900911301,0.06316784619372537,0.18790585447066116,0.043777692632641266,-3.0837479617279104,-2.2907182042038743,0.0033270349930758854,0.0037257356642321207
KIC10355856,0.5367926832916561,-0.3883963948998126,-0.1617965592804553,0.48353517628351367,0.0264831036758124,0.03715755658454433,0.025367290353539258,0.011395537322760193,0.7623044902678127,0.3992629453717166,0.0665406998615177,0.018628678321160604
KIC8016496,0.5584606772082299,-0.8268555625974353,0.7692769496216707,0.6748400432032174,0.08787575310610479,0.10648429565032536,0.46976463617665287,0.06110069710476365,1.1615486894369191,1.0717582327656143,0.3981803830571052,0.1951100443314909
KIC11229052,0.6174457717589029,0.012905216213268168,0.2619311425508856,0.3121122274968745,0.061392649430292386,0.05945209053527093,0.7046469542649793,0.05435384716118122,0.39633064102946564,-0.047825334336137885,0.4491497240652445,0.11177206992696363
KIC9542776,0.4344716009078355,-1.499407336777688,-0.38164640901112884,1.072808534941489,0.10472863726343995,0.1356137336158059,0.47446228253841943,0.056573125499475685,0.7789396652331925,1.8057281586193423,0.2753526972430426,0.2703789806410578
V565_Lyr B,-0.6645772016383792,0.8823920402916055,1.6712250510808444,-0.6721987762999041,0.15047217997620682,0.029726045267635465,0.23488231808832644,0.06661518325904686,-0.7381882916094111,-0.9960250608832126,0.009981104979227655,0.016765810489044543
PTFEB_132.707+19.810_A,-3.2787364032522195,2.6771020233250953,1.0135545604335303,-3.213619352475414,0.0470676978965575,0.07059935751063423,0.18790585447066116,0.07554407728713504,-2.514824977911934,-2.128648702809777,0.0033270349930758854,0.0055886034963481815
KIC9664694,0.1178781342378963,-1.4176607122916896,-0.9218757406142797,0.8808319465083004,0.066207759189531,0.04520411835681887,0.46976463617665287,0.05417835636539875,0.33644401115409966,1.4666862131742195,0.1827960143607185,0.10915217079666616
KIC11807274,0.07574592384455839,-0.23976616856163516,-0.1655546763698685,0.22792582952904358,0.17334395133259026,0.03715755658454433,0.032883524532365704,0.06099026789532777,0.19670854144491237,0.15709012719662893,0.0665406998615177,0.018628678321160604
KIC8379927,0.10222902752037079,0.718527215753764,-0.11388056639043671,-0.17011769416015143,0.14445329277715854,0.026567652957949196,0.7046469542649793,0.040057308906049006,-0.10472082892776287,-0.7190166142475546,0.1327486962237278,0.027943017481740905
47_Tuc_E32_B,-0.030643926285819016,0.5851315876152505,-2.9794448470680193,-0.3890709213039318,0.02151150284939853,0.0111472669753633,0.46976463617665287,0.01655351484449546,-1.0775458609031516,-0.9345504224233826,0.006654069986151771,0.0037257356642321207
KIC7206837,0.4067847197922134,-0.05397838563891416,1.2719251103306892,0.3408203711451909,0.08787575310610479,0.07431511316908866,0.1127435126823967,0.03338401082074284,0.7955748401985715,0.15709012719662893,0.09981104979227655,0.03725735664232121
KIC3438633,0.5416077930508947,-0.8751603861573426,-0.5084828607788251,0.6140651148411438,0.08787575310610479,0.05254872186463214,0.46976463617665287,0.05100082810788597,0.4296009909602245,0.8556655642401516,0.2311560583078032,0.11603973712940621
KIC10025841,-0.29381375017700556,-0.2509134355369989,1.2813204030542225,0.25639656140431594,0.2251063812444054,0.14013254024504335,0.46976463617665287,0.054326290359242656,-0.0993975729388413,0.02855224678062045,0.3823498381966612,0.1673329664590653
EPIC211902535_A,-0.2084418541457048,-0.964338521960249,0.8256487059628691,0.47927428476557843,0.025845101632713283,0.13005144804590518,0.09395292723533058,0.3513179030339622,2.5655574565149424,1.1015641180794713,0.21293023955685667,0.4694426936932472
KIC8150065,0.3405769606026824,0.12066213030844641,0.20086173984792074,0.17794870677707328,0.06981909150895997,0.02837603877968363,0.46976463617665287,0.053575513292194815,0.22997889137567126,-0.18195181824849435,0.16695871395572107,0.036721379761136104
UX_Men A,0.26233142701505485,0.28787113493889566,0.5437899242568773,0.08161964474080431,0.12037774398096546,0.0111472669753633,0.46976463617665287,0.04552414224564082,0.27988441627180993,-0.2918610203433418,0.01996220995845531,0.024217281817508783
TIC252991035_A,-0.5321616832593172,0.3919122933756182,-0.6306216661847548,-0.9621784227474874,0.16852884157335166,0.48304823559907634,0.7046469542649793,0.06471541590531756,-1.3803060452730571,-1.4244846622699066,0.029943314937682965,0.009314339160580302
TIC446092483_B,0.13713857327485077,0.3175971802065311,-0.818527520655416,0.08030481021288564,0.13361929581887166,0.14863022633817732,0.04697646361766529,0.03550077894233497,1.1149701995338568,-0.08694555881057497,0.09315697980612479,0.14344082307293665
TIC54759992_B,-0.4370632655143545,1.0607483118974184,-2.1338685019500443,-0.5734200986049318,0.16732506413354198,0.11147266975363299,0.14092939085299586,0.02952862815004102,-0.40215775730874675,-0.9792592503941681,0.036597384923834735,0.06520037412406211
KIC3439031_B,0.661154930598392,0.14295666425917056,0.8256487059628691,0.26609444614566974,0.11793407577815186,0.007431511316908866,0.6106940270296487,0.08813422571534624,0.25326813632720285,-0.19126615740907446,0.0033270349930758854,0.0018628678321160603
KIC10019747,-0.2564966495429063,-0.5593211551887175,1.3142039275865878,0.15730456101397952,0.07824553358762755,0.03949902514969676,0.46976463617665287,0.05419053263475712,0.056973071735725064,0.36200558872939537,0.1773242278850837,0.05589721962194583
KIC2991448,-0.17584356107565943,-0.7451089381114369,-0.043415870963938785,0.18512990755936226,0.08426442078667583,0.028298351618254496,0.46976463617665287,0.03793295776583818,-0.1260138528834484,0.4681890551600107,0.1800504785437324,0.0767703817021028
KIC3761840,0.3056674148482024,-1.7446472102356798,0.407558179765648,1.148020291350129,0.07343042382838894,0.05875125442901852,0.46976463617665287,0.055529971658762084,1.287976019173803,2.4372403537066867,0.22573185675015683,0.13823283607487685
KIC12117868,0.21418032942266868,0.165251198209898,-0.1514617372845689,0.02390647248719825,0.061392649430292386,0.08126030266966335,0.46506698981488637,0.05581645112539959,-0.1359949578626757,-0.33470698048201103,0.21876876343626067,0.08572207172463549
KIC7871531,-0.7861587230591544,0.986433198728328,-1.9586462926561525,-0.8570783849875887,0.362337009382706,0.07431511316908866,0.03758117089413223,0.14657225428891796,-1.1673758057162003,-1.1841747119269346,0.1330813997230354,0.03725735664232121
KIC3439031_A,0.661154930598392,0.13180939728381014,0.8256487059628691,0.2700105538438017,0.11793407577815186,0.003715755658454433,0.6106940270296487,0.08758994497079406,0.2499411013341266,-0.18381468608061022,0.0033270349930758854,0.0018628678321160603
V443_Cyg_B,0.26233142701505485,0.7523405922456998,-0.6447146052700544,-0.17528740142786897,0.66207759189531,0.7320038647155234,0.11744115904416322,0.33406801017879534,-0.1692653077934346,-0.7557151105402407,0.9981104979227655,0.3725735664232121
KIC6225718,0.3983582777135458,0.4610253486228713,0.027048824462559146,0.004033956206220662,0.09148708542553376,0.02248032173364932,0.46976463617665287,0.027303185782751798,0.028027867295965098,-0.506835968169535,0.1011418637895069,0.025148715733566814
47_Tuc-V69 B,-0.027778935979071908,0.17639846518526173,-2.9794448470680193,-0.20752941421147883,0.18056661597144819,0.0111472669753633,0.46976463617665287,0.0711549252455953,-0.9710807411247233,-0.638354437116929,0.01996220995845531,0.011177206992696363
HAT-TR-318-007_B,-3.4693786363948744,2.785602088551966,1.7557826855926417,-3.6165695284802304,0.132415518379062,0.014305659285049567,0.3758117089413223,0.08868535732183505,-2.9237175785609604,-2.262216326372499,0.013807195221264924,0.004377739405472742
EPIC206009487,-0.0675035914927905,-0.3475230826568134,-0.7715510570377506,-0.05438643924627656,0.08546819822648548,0.0445890679014532,0.3758117089413223,0.053829540968671895,-0.40215775730874675,-0.029196656014977264,0.16635174965379426,0.07451471328464242
KIC5353186,0.2214029940615266,-1.1204002596153362,0.6988122541951728,0.814751867078383,0.066207759189531,0.04700100577266821,0.46976463617665287,0.05432069365763187,0.7024178603924474,1.2692222229699166,0.4962144168810901,0.16018543505748561
LL_Aqr_B,-0.17223222875623045,0.9816027163723386,0.5907663878745426,-0.458984612504256,0.05416998479143446,0.0029726045267635466,0.3758117089413223,0.018483114202646585,-0.39084583833228853,-0.955600828926294,0.001996220995845531,0.0014902942656928484
TIC219488423_A,-1.3386925679317858,1.3208512079892265,-2.227821429185375,-1.6355999361040618,0.10833996958286891,0.557363348768165,0.5637175634119834,0.04948985978408287,-1.9492290290890337,-1.7542122685544492,0.053232559889214166,0.013040074824812422
KIC7747078,-0.04944692989564569,-1.0572324134216096,-0.646593663814761,0.4428477467626109,0.1697326190131613,0.03715755658454433,0.030534701351482434,0.06059186205484326,-0.1692653077934346,0.8277225467584104,0.0665406998615177,0.018628678321160604
BEPOP-3_A,0.09982147264075149,-0.01867870688359681,0.2619311425508856,0.06295925734330116,0.043335987833147564,0.015234598199663177,0.46976463617665287,0.008928284616424921,-0.2224978676826488,-0.22293491055504772,0.08650290981997301,0.018628678321160604
V1130_Tau B,0.8040312749293994,0.050062772797811704,-0.818527520655416,0.38551401517223005,0.08426442078667583,0.0222945339507266,0.46976463617665287,0.02996094861651098,0.5161039007801976,-0.029196656014977264,0.026616279944607083,0.018628678321160604
2MASS_J05282082+0338327_B,-1.4819420832691348,-0.41440668450899243,0.47332522883037936,-0.27259618671929,0.03129821343505102,0.0222945339507266,1.2918527494857954,0.01569577743081963,0.5859716356347909,0.42720596285345774,0.026616279944607083,0.018628678321160604
KIC8478994,-0.6802263083559047,1.395166321158317,-0.8091322279318829,-0.960791263667768,0.09028330798572409,0.009289389146136083,0.3387520989321515,0.032702278598927124,-1.1341054557854413,-1.3667357594743086,0.049905524896138274,0.008382905244522272
KIC6278762,-1.1268277385252865,1.35800876457377,-1.9083814765852505,-1.1602786383119508,0.08907953054591444,0.009289389146136083,0.3387520989321515,0.03332313095759219,-1.3703249402938296,-1.411444587445094,0.03327034993075885,0.008382905244522272
KIC9540226_B,0.2105689971032397,0.8638132619993304,-0.7245745934200855,-0.2962403904852089,0.15769484461506475,0.3715755658454433,0.46976463617665287,0.07996625629708604,-0.4953147371148716,-0.9159217441022219,0.049905524896138274,0.026080149649624844
KIC10987439_B,0.6114268845598547,0.1392409086007182,-0.38634405537289535,0.3260240400636164,0.10833996958286891,0.06688360185217979,0.05637175634119835,0.04475065566080513,0.9003764424804621,0.0117864362915761,0.014971657468841482,0.05774890279559787
CO_And A,0.19010478062647557,-0.4478484854350836,0.40286053340388145,0.3695314737742179,0.1564910671752551,0.04087331224299876,0.7046469542649793,0.061429441165971065,0.4595443058979072,0.4123030201965292,0.023289244951531198,0.03912022447443727
GJ_469_B,-3.428450203441346,2.4727354621101028,-0.11388056639043671,-3.70256059606261,0.13121174093925236,0.14863022633817732,0.46976463617665287,0.12233357215751342,-3.2035212214786424,-2.309346882525035,0.013308139972303542,0.02049154615327666
alf_Cen_B,-0.9137591316789777,1.2688306287708635,1.483319196610183,-0.9200173781670269,0.07463420126819859,0.0222945339507266,0.18790585447066116,0.03187455660984201,-0.7215531166440317,-1.197214786751747,0.01996220995845531,0.009314339160580302
KIC6450651,0.01555705185407566,-0.6856568475761675,-0.20783349362576725,0.2555983135070731,0.08306064334686616,0.07617299099831588,0.7046469542649793,0.05466359067443454,-0.1692653077934346,0.3992629453717166,0.49905524896138276,0.18628678321160605
KIC10130724,-0.4021537197598745,0.4142068273263457,1.8591309055515055,0.5176689423013103,0.08426442078667583,0.07059935751063423,0.7046469542649793,0.189283773492389,-1.0010240560624062,-0.7929724671825619,0.3992441991691062,0.09314339160580302
KIC5950854,-0.08315269821031603,0.15410393123453428,-0.7621557643142176,-0.07894293059065605,0.07343042382838894,0.03196413779461403,0.46976463617665287,0.05336356993531883,-0.6483583467963625,-0.5079536888688045,0.1610911733406249,0.039135558670997335
KIC6689943,0.03481749089103013,-0.09856745354036575,0.3464887770626831,0.26452120930066086,0.06500398174972134,0.046601235052886415,0.46976463617665287,0.054201255079870746,0.09024342166648394,-0.04968820216825374,0.2306583039295241,0.07208416628657431
ASASSN-V_J172607.12+564531.5_B,0.17942727473536407,-0.273207969487723,-0.1796476154551681,0.15003535177962332,0.33991063567905216,0.7394353760324323,0.1926035008324277,0.5625852632004882,-0.4454092122187337,-0.09998563363538762,0.1330813997230354,0.45826548670055084
KIC7680114,-0.219179548908807,-0.05769414129736654,0.6283475587686749,0.028778837234117383,0.06741153662934066,0.02837603877968363,0.46976463617665287,0.05750851417832592,-0.18257344776573814,-0.18008895041637807,0.15786646629931353,0.04104251872183175
KIC11862119,0.34779962524154034,-0.19889285631863596,-1.4292215476850647,0.16009623738956558,0.06741153662934066,0.06688360185217979,0.7046469542649793,0.05644804150877398,0.06362714172187685,0.026689378948504594,0.465784899030624,0.1583437657298651
LV_Her A,0.09380258544170321,0.20240875479444154,0.7316957787275385,0.03219576164847153,0.18056661597144819,0.029726045267635465,0.986505735970971,0.07129317049350889,0.13682191156954637,-0.27509520985429703,0.03327034993075885,0.022354413985392726
KIC9328372,0.7101366346242464,-0.3475230826568134,1.1075074876688609,0.6630788926719974,0.09630219518477237,0.09224182836388128,0.46976463617665287,0.054879040747647295,1.0417754296861872,0.5128978831307962,0.23228278865152324,0.1269609981906107
KIC11723674,0.317705189246299,-1.4696812915100523,0.06462999535669141,0.9862042943258283,0.07583797870800824,0.05589313047621413,0.46976463617665287,0.058935317719710424,0.8288451901293303,1.788962348130298,0.2042810331882671,0.11914611115398595
EPIC211770390_B,-0.7684511569195542,-1.5774382056052305,0.5156040460862782,0.20641411748603866,0.2892436432374638,0.5685106157435282,0.3147423062383574,0.5524892711240856,-0.9710807411247233,0.9171402026999814,0.09981104979227655,0.6184721202625321
TIC126323537_B,0.749861290137965,-0.1654510553925448,-2.1338685019500443,0.3591007798229,0.22751393612402473,0.07431511316908866,0.23488231808832644,0.02375897330950194,-0.032856873077323545,-0.04596246650402162,0.053232559889214166,0.09128052377368696
KIC8394589,0.025187271372552895,0.42906984996016173,-1.0628051314672755,-0.18984006662269504,0.2636272593183144,0.07431511316908866,0.023488231808832645,0.09521787001281674,-0.46869845717026454,-0.6439430406132773,0.09981104979227655,0.03725735664232121
KIC7668623,0.35502228988039825,-1.246735952002786,0.33709348433915004,0.894545412765372,0.05778131711086342,0.04337516396963706,0.46976463617665287,0.05386884868144163,0.792247805205496,1.462960477509987,0.24610355484852495,0.09492077336453718
NGTS-EB-8_B,-3.2286231484329435,3.070972123121265,0.3558840697862162,-3.7448700997371165,0.12037774398096546,0.07803086882754309,2.3488231808832642,0.08303073327368858,-3.1369805216171245,-2.370821520984865,0.014971657468841486,0.01024577307663833
BW_Aqr A,0.44289804298650304,-0.7934137616713458,0.027048824462559146,0.6777209122656116,0.12037774398096546,0.07059935751063423,0.5167410997943181,0.05020011603237069,1.0916809545823258,1.0270494047948289,0.0665406998615177,0.07451471328464242
EPIC206201061,0.7306008511010105,-0.7339616711360748,0.2619311425508856,0.6578044406688578,0.08546819822648548,0.04830482355990763,0.5167410997943181,0.05778544594509912,0.8621155400600893,0.8649799034007317,0.3327034993075885,0.11177206992696362
KIC9163769,0.5488304576897527,-0.042831118663550445,0.5860687415127761,0.39359780743056166,0.12037774398096546,0.06228741646923287,0.46976463617665287,0.051856658101272414,0.5460472157178803,0.05835813209447744,0.2001443176511363,0.06998289421790753
TIC54759992_A,0.9039448024336008,0.5033849631292521,-2.1338685019500443,0.19772346880673028,0.15167595741601647,0.03715755658454433,0.14092939085299586,0.019694831108898,0.28321145126488545,-0.46697059656225165,0.13973546970918718,0.05216029929924969
Kepler-35A,-0.45271237223188,0.6234038708973311,-1.2413156932144036,-0.5169911523619957,0.18056661597144819,0.007431511316908866,0.9395292723533057,0.06774649832355868,-0.8759275403227531,-0.8890964473197508,0.017300581963994602,0.0036325922726263174
KIC8006161,-0.5947581101294193,1.1109110132865518,1.953083832786836,-0.7149840261029181,0.0926908628653434,0.024523987345799258,0.46976463617665287,0.04439774957991991,-0.5725019489542321,-1.0822758415101863,0.1011418637895069,0.01956011223721863
TIC39022841_A,-0.08194892077050636,0.912118085559241,-0.5366687389494242,-0.5102777835497619,0.12158152142077512,0.07431511316908866,0.14092939085299586,0.04012124151817204,-0.981061846103951,-1.074265509832087,0.15969767966764248,0.10990920209484756
KIC6049366,0.28640697581124797,-0.7302459154776191,-0.3158793599463974,0.49548695468802756,0.07463420126819859,0.11117855097236587,0.46506698981488637,0.053889229167351844,0.20336261143106416,0.589275464247555,0.22135305616582485,0.15527464067902247
KIC6530901,0.47178870154193475,-0.10971472051572947,0.4404417042980137,0.3394623811169233,0.06380020430991169,0.03715755658454433,0.46976463617665287,0.053145238872253114,0.4961416908217423,0.09934122440103081,0.1718198980166641,0.04437182213988083
EPIC211563123_B,-0.38055795248968977,-1.3321983321472386,-0.7433651788671516,0.4476192754055265,0.1014664004015558,0.28982894135944576,0.04697646361766529,0.2349890744320806,0.020375686811890666,1.2002961131816223,0.029943314937682965,0.2999217209706857
KIC11467550,0.1973274452653335,-0.9271809653757055,-0.01992763915510612,0.6142920536497284,0.06981909150895997,0.06780617939310614,0.46976463617665287,0.05507558348860996,0.3198088361887206,0.8612541677364995,0.23602211148445865,0.12816326607787487
V2653_Oph_A,1.1651645068722958,-0.968054277618703,-0.47090168988469283,1.002587151893493,0.5778131711086342,0.08174662448599752,0.26306819625892564,0.17856203935213535,1.2846489841807267,1.3213825222691662,0.06986773485459359,0.10245773076638331
EPIC219568666_A,0.18723979031972848,0.5628370536645231,0.6847193151098733,-0.1155032681102971,0.05171427881422276,0.018578778292272165,0.14092939085299586,0.041160108936615626,-0.0993975729388413,-0.6104114196351882,0.01996220995845531,0.0055886034963481815
KIC9025370,-0.012129829261546396,0.8749605289746941,0.3558840697862162,-0.40404731275768885,0.3791898935400412,0.03715755658454433,0.04697646361766529,0.13461305945262622,-0.6017798568933,-0.9606305720730074,0.09981104979227655,0.018628678321160604
KIC9143749,0.11185924703884803,-0.6001944674317135,-0.21722878634930032,0.38502569640587514,0.09148708542553376,0.05523868000572404,0.47446228253841943,0.055169165441345085,0.0004134768534353382,0.37690853138632385,0.19939283526669774,0.08581933298558418
TIC126323537_A,0.9689487841833221,-0.53702662123799,-2.1338685019500443,0.5778701473993498,0.16010239949468405,0.03715755658454433,0.23488231808832644,0.01620882466656461,-0.01954873310501999,0.29866808243744924,0.1563706446745666,0.05029743146713363
KIC12009504,0.07333836896493909,0.057494284114719754,0.283070551178835,0.047359276263418994,0.12158152142077512,0.03715755658454433,0.0239579964450093,0.04340576358112935,-0.1359949578626757,-0.23411211754774408,0.09981104979227655,0.018628678321160604
KIC11769146_B,-0.9655215615907928,1.4137450994505887,0.3558840697862162,-1.05903858710026,0.18056661597144819,0.003715755658454433,1.1744115904416321,0.07078196374899307,-1.0143321960347098,-1.3425184776567998,0.01996220995845531,0.0037257356642321207
KIC8301013_A,0.1949198903857142,0.09465184069926329,0.2666287889126521,0.15238937092816265,0.12037774398096546,0.03715755658454433,0.16441762266182852,0.09600348560168447,0.4628713408909834,-0.10371136929961974,0.0665406998615177,0.018628678321160604
KIC8174170,0.0011117225763598044,-1.246735952002786,0.16797821531555504,0.19750466989694515,0.0770417561478179,0.05945209053527093,0.7046469542649793,0.14894655514589286,0.3297899411679479,1.2561821481451048,0.5489607738575211,0.26080149649624845
KIC9970397_B,0.2876107532510576,0.5750990473374239,-1.2882921568320687,-0.15648330677506664,0.15047217997620682,0.02006508055565394,0.46976463617665287,0.055987861502730954,-0.4919877021217961,-0.7391355868344078,0.028279797441145026,0.009686912727003514
KIC9656397_A,0.3465958478017307,0.6891727460519731,-0.06220645641100485,-0.15620808241396414,0.16250995437430338,0.14863022633817732,0.1926035008324277,0.19594416408109666,-0.002913558139640919,-0.7743437888614012,0.3992441991691062,0.29805885313856967
KIC12735580,0.2262181038207652,-0.7451089381114369,0.6377428514922079,0.45771848806651594,0.0770417561478179,0.10961479192440578,0.7046469542649793,0.0564257199508924,0.06362714172187685,0.5669210502621621,0.5323255988921416,0.16765810489044541
KIC4739932,-0.12769246348327323,-0.7562562050868006,0.39346524068034844,0.40710818442148256,0.13361929581887166,0.060029868245626644,0.46976463617665287,0.05094492330907289,0.05031900174957329,0.5576067111015817,0.20238885523072503,0.08842816109235539
KIC9641031_A,0.33455807340363414,0.5071007187877078,-1.6969873903057568,0.004923936383928669,0.14445329277715854,0.05945209053527093,0.05637175634119835,0.05187347927968613,0.19737394844352749,-0.4874621427155281,0.025285465947376726,0.004284596013866939
EPIC219511354_A,-1.1400572525887944,1.0235907553128716,0.6847193151098733,-0.9289980175746062,0.07879927120993999,0.05945209053527093,0.14092939085299586,0.07857889733960487,-0.7947478864917011,-1.0910313203211315,0.01996220995845531,0.013040074824812422
ZTF_J034350.31+515137.1_A,-0.09656277888979596,0.4773746735200723,0.4780228751921459,0.0829317598572105,0.08900730389952587,0.34556527623626226,0.2583705498971591,0.3113904795983336,-0.2990196725233946,-0.034785259511325245,0.14306250470226306,0.2868816461458733
KIC10873176,0.6439288754347153,-1.202146884101333,-3.576045935012368,0.6871966993246719,0.10713619214305926,0.04655828463323034,0.48855522162371895,0.054248015162753786,-0.13932199285575197,0.9599861628386506,0.17448104691808583,0.07249173661952557
KIC9139151,0.18047456110799834,0.6520151894674295,0.9444991589155622,-0.14687183771353307,0.13482307325868131,0.07431511316908866,0.02113940862794938,0.051362540758126816,0.03035679179111796,-0.6625717189344379,0.09981104979227655,0.03725735664232121
KIC9287845,0.6090193296802354,-1.0758111917138828,0.9712757431776314,0.9111029972562918,0.07463420126819859,0.08434473657872375,0.46976463617665287,0.054290991514157304,1.457654803820673,1.5039435698165406,0.3963021736559815,0.17407875178397086
KIC10018963,0.19853122270514317,-0.9457597436679772,-0.6663237785341805,0.535837390828483,0.11315507934210753,0.03715755658454433,0.029125407442952476,0.03934658994228813,0.2632492413064301,0.8463512250795711,0.0665406998615177,0.018628678321160604
KIC7510397,0.22742188126057486,-0.5894187760221976,-0.6306216661847548,0.5335854067323863,0.0926908628653434,0.02043665612149938,0.46976463617665287,0.02041383646002098,0.7233781808488253,0.6552209855044632,0.06953503135528599,0.03353162097808909
TIC100520485_B,0.27316542397334176,0.5033849631292521,-1.6171274021557258,-0.1300046408019079,0.17334395133259026,0.11147266975363299,0.23488231808832644,0.031105381246028057,-0.45206328220488545,-0.6812003972555986,0.049905524896138274,0.08196618461310665
GJ_1081_A,-3.1202831788500744,2.5470505752791897,-0.20783349362576725,-3.185830643092086,0.13121174093925236,0.14863022633817732,0.46976463617665287,0.1258446833854874,-2.7477174274272462,-2.1659060594520985,0.03327034993075885,0.027943017481740905
KOI-126_B,-3.2912195753030455,2.9817939873183583,1.0605310240511954,-3.669661716678751,0.043335987833147564,0.009289389146136083,0.3758117089413223,0.027136244691746164,-3.0461857366560836,-2.3298384286783116,0.002062761695707049,0.0014064652132476257
HD285001_B,0.3832388330695361,-0.0762729195896383,-0.1514617372845689,0.4174036871249073,0.09557992872088658,0.6019524166696182,0.06106940270296487,0.3556324560534536,1.4044222439314586,0.3601427208972795,0.053232559889214166,0.3762993020874442
KIC10016239,0.6017966650413774,0.4365013612770731,0.33239583797738353,0.12034299563772805,0.061392649430292386,0.040019914640921535,0.46976463617665287,0.05234579821491426,0.3763684310710103,-0.38686727978126073,0.18910469985368658,0.04680645720140652
KIC4914923,-0.18065867083489803,0.3175971802065311,0.9055086941129,-0.05205685748506603,0.18417794829087716,0.7803086882754309,0.051674109979431816,0.0672366354615976,-0.20253565772419346,-0.2527407958689043,0.03327034993075885,0.018628678321160604
KIC2450729,0.05648548480760392,-0.7451089381114369,-0.6400169589082879,0.2997538492065471,0.07102286894876962,0.07937029284337965,0.46976463617665287,0.055206177005588324,-0.12934088787652392,0.47005192299212695,0.19685816193702033,0.1153709480175643
ASASSN-V_J064057.24+213910.5_B,3.2943097402124275,2.05285507270475,-2.481494332720767,0.4820752051326546,0.5011205104183611,0.6836990411556156,0.04697646361766529,0.3940204334259774,2.0764833125327873,-1.0668140385036227,0.07652180484074536,0.16579523705832935
ASAS_J065134-2211.5_A,-0.5858381193004298,0.8415187280486063,0.7786722423452037,-0.605960945808656,0.05291805625403242,0.0111472669753633,0.6106940270296487,0.04656015124841844,-0.6483583467963625,-0.947590497248195,0.016635174965379425,0.0037257356642321207
TIC46299496_A,0.0889874756824646,0.6891727460519731,-2.2747978928030403,-0.20381096208519117,0.13602685069849096,0.03715755658454433,0.14092939085299586,0.016481822287671623,-0.09274350295268953,-0.6998290755767592,0.09315697980612479,0.03353162097808909
mu._Cas_A,-0.8138456041747764,1.1907997599433209,-3.4492094832446725,-0.9914045787882048,0.03731710063409929,0.04087331224299876,0.14092939085299586,0.007128473392524454,-1.35368976532845,-1.3350670063283354,0.0405898269155258,0.014902942656928483
V2653_Oph_B,0.44289804298650304,-0.9420439880095233,-0.47090168988469283,0.6439199408507321,0.7824553358762755,0.09289389146136083,0.26306819625892564,0.2635108521057405,0.40631174600869296,0.9208659383642135,0.06321366486844182,0.10432059859849938
TIC446092483_A,0.4260451588291679,-1.1687050831752435,-0.818527520655416,0.6663271664149787,0.14445329277715854,0.11147266975363299,0.04697646361766529,0.02195696079473291,0.6358771605309296,1.2822622977947291,0.06321366486844182,0.12853788041600817
CU_Cnc_A,-3.397151990006295,2.2646531452366543,1.295413342139522,-3.0739520106429783,0.18056661597144819,0.04087331224299876,0.9395292723533057,0.12085906065256677,-2.379081950194438,-2.000669682743404,0.0026616279944607084,0.009686912727003514
KIC9754284,0.24066343309848107,-0.26577645817081497,0.47332522883037936,0.28942583990586707,0.06500398174972134,0.04764168379481024,0.46976463617665287,0.05348866603883208,0.41629285098792096,0.21483902999222665,0.23957485918553473,0.06008003971467295
KIC7700968,-9.205486344985022e-05,0.22470328874516898,-2.0727990992470793,-0.1300046408019079,0.09028330798572409,0.11185967127909452,0.9583198578003718,0.0743622955422836,-0.947791496173192,-0.6662974545986701,0.27318500585420646,0.09942691186677244
KIC5253542,-0.25529287210309665,0.45879589522779723,1.3095062812248215,-0.23635180928891522,0.11556263422172684,0.04830482355990763,0.46976463617665287,0.05375765298310458,-0.24578711263418038,-0.5861941378176792,0.2042810331882671,0.04918112282168074
EPIC201367296,-0.3178892989731987,-0.6559308023085321,1.342389805757187,0.15238937092816265,0.08546819822648548,0.04830482355990763,0.3758117089413223,0.08084276084338403,-0.002913558139640919,0.4178916236928772,0.1330813997230354,0.07451471328464242
HAT-TR-318-007_A,-3.3610386668120054,2.1531804754830204,1.7557826855926417,-2.982155553923762,0.132415518379062,0.02117980725319027,0.3758117089413223,0.08840892705046982,-2.338492123278912,-1.9576374358215232,0.036597384923834735,0.006613180804012015
KIC5961597,0.613834439439474,-0.5927629561148053,0.5954640342363091,0.726887659617623,0.06380020430991169,0.04877037430211105,0.46976463617665287,0.050141301515704825,1.0451024646792635,0.777425115291277,0.24322934096262921,0.08372549562243538
KIC10074716,0.09861769520094182,-0.020536584712823,0.8726251695805343,0.14909129292589657,0.10954374702267856,0.07350074029081434,0.46976463617665287,0.05321849382514723,0.21999778639644396,-0.07576835181787861,0.2767036680817785,0.08581933298558418
KIC12069449,-0.2793684208992897,0.5877326165761659,0.5907663878745426,-0.3765079873615627,0.06018887199048273,0.02248032173364932,0.09395292723533058,0.028844315902005393,-0.5408951165200114,-0.76372544221834,0.0663743481118639,0.016765810489044543
CD_Tau B,0.26233142701505485,-0.0762729195896383,0.7316957787275385,0.2848658387270682,0.06018887199048273,0.0445890679014532,0.7046469542649793,0.02690263319262748,0.7157260003647509,0.14591292020393257,0.053232559889214166,0.03725735664232121
KIC8956017,0.749861290137965,-0.4887217976780828,0.9571828040923319,0.6529129075683374,0.1035248598236303,0.09224182836388128,0.46976463617665287,0.05160027127660079,1.1515675844576918,0.6991846663424024,0.2483715729775773,0.13935383076436142
EPIC211396167_B,-1.5929544387683814,0.8898235516085136,-0.6963887152494863,-1.2006025145982464,0.1487868915604733,0.9660964711981527,0.7985998815003099,0.6134510385915614,-1.3137653454115394,-1.1785861084305864,0.036597384923834735,0.32227613495607843
NGTS-EB-8_A,-2.9878676604710126,3.078403634438173,0.3558840697862162,-3.4811108993638045,0.18056661597144819,0.0668836018521798,2.3488231808832642,0.11263399099131735,-2.9972450519079374,-2.3298384286783116,0.014971657468841486,0.008382905244522272
*_18_Sco,-0.1902888903533753,0.912118085559241,0.49681346063921206,-0.42074132597553837,0.036113323194289636,0.18578778292272166,0.04697646361766529,0.006379083133307855,-0.31232781249569813,-0.8917044622847133,0.116446224757656,0.016765810489044543
KIC9402223,0.44289804298650304,-1.5551436716545048,-0.01992763915510612,1.052666924754278,0.06259642687010204,0.05945209053527093,0.8220881133091424,0.05560351207893148,1.0284672897138836,2.0385866376338497,0.6321366486844182,0.24217281817508785
KIC8554498,-0.04463182013640707,-0.6968041145515312,1.1544839512865261,0.349529796510149,0.07222664638857927,0.0111472669753633,0.23488231808832644,0.027071520661736334,0.15345708653492618,0.5371151649483051,0.08317587482689713,0.027943017481740905
*_alf_Cen_A,-0.21436443914956838,0.46622740654470857,1.295413342139522,-0.21461318328126813,0.01564910671752551,0.18578778292272166,0.04697646361766529,0.0012570837442682826,-0.1326679228696002,-0.5377595741826616,0.08650290981997301,0.009314339160580302
Cl*_NGC_2632_KP_401228_A,0.4631696550728978,-0.1208619874910932,-0.06690410277277138,0.1186106551704618,0.013410080679479554,0.05945209053527093,0.04227881725589876,0.43911757894079034,-0.5585284019833135,-0.3551985266352879,0.09648401479920067,0.3669849629268639
KIC10731424,0.5416077930508947,-1.5328491377037774,-0.250112310881666,1.0139930037091565,0.07824553358762755,0.069640083166825,0.47446228253841943,0.057096879696713086,0.9519454848731386,1.9454432460280464,0.26401559094816945,0.17260549437603662
KIC10709834,0.6330948784764284,-0.3809648835829046,-0.01992763915510612,0.6274286471852298,0.10111730494401099,0.03715755658454433,0.4227881725589876,0.05155870165978764,0.7955748401985715,0.47377765865635907,0.116446224757656,0.04657169580290151
KIC6612225,0.47178870154193475,-0.6893726032346199,-1.227222754129104,0.609394889111131,0.06500398174972134,0.04154341161844444,0.46976463617665287,0.054899826745674354,0.11685970161109105,0.5166236187950283,0.2214433652036769,0.09208199844117308
KIC10031808_A,1.3603449809630337,-1.2727462416119677,-0.16085703000810198,1.2610723464916953,0.05992404095372461,0.0222945339507266,0.3758117089413223,0.042903086017770944,1.963364122768208,2.019957959312689,0.013308139972303542,0.016765810489044543
KIC11904151,-0.40335749719968417,0.5554055423476151,-0.1796476154551681,-0.438977751214687,0.08907953054591444,0.0111472669753633,0.3387520989321515,0.019719573747248125,-0.7747856765332458,-0.8190526168321868,0.049905524896138274,0.013971508740870452
KIC11075456,0.6391137656754767,0.04634701713935603,-0.5836452025670896,0.2694246765363781,0.06981909150895997,0.07059935751063423,1.1744115904416321,0.05163755437962447,0.4628713408909834,-0.047825334336137885,0.465784899030624,0.11177206992696363
KIC10385708,0.0649119268862715,-0.6001944674317135,0.9242992795599662,0.35227912879847834,0.066207759189531,0.061594004442786066,0.46976463617665287,0.05470274357682725,0.25326813632720285,0.48495486564905543,0.3039611558359786,0.0834126679531238
KIC10186764,0.6090193296802354,-0.3995436618751763,-0.42862287262879417,0.3802858017442825,0.08907953054591444,0.08987332396055796,0.4791599289001859,0.05702754823840032,0.5127768657871213,0.3787713992184401,0.22088565432778762,0.11883786613954139
UCAC4_570-022931_B,0.8310801540019227,1.3803032985244974,0.6518357905775075,-0.19562494615101117,0.2738232542335021,1.2782199465083248,0.10804586632063017,0.671142536769042,0.0769352816941804,-1.0649511706715067,0.1330813997230354,0.3800250377516763
VZ_Cep B,-0.3154817440935794,0.9344126195099651,0.6377428514922079,-0.43126629897459884,0.14445329277715854,0.12261993672899629,0.4227881725589876,0.08121570702467376,-0.1426490278488275,-0.8339555594891153,0.026616279944607083,0.07451471328464242
KIC1430163,0.6475402077541443,0.09836759635771897,-0.16085703000810198,0.3334856528696329,0.10111730494401099,0.050162701389134846,0.4227881725589876,0.05114965439740416,0.6292230905447779,-0.047825334336137885,0.1996220995845531,0.05588603496348181
HIP92984,0.10584035983979975,0.13180939728381014,0.16797821531555504,-0.3657823315080442,0.07463420126819859,0.40873312242998766,0.14092939085299586,0.0026588899715927583,-2.168813338632042,-0.9643563077372396,0.10313808478535244,0.03725735664232121
KIC6287060,0.045651487849317024,-0.146872277100273,0.28072172799795175,0.24248400231418688,0.06380020430991169,0.06660310874691222,0.46976463617665287,0.055469200427579926,0.020375686811890666,-0.03292239167920939,0.26303202957427146,0.08595976620854218
KIC6605673,0.28881453069086727,-0.5073005759703546,-0.8561086915495483,0.3370081906960403,0.07222664638857927,0.048267155086920054,0.46976463617665287,0.05407154620023742,-0.05281908303577887,0.2688621971235922,0.2496556238344625,0.06673691874085683
KIC9656397_B,0.4549358173845996,0.6891727460519731,-0.06220645641100485,-0.11909765411428186,0.16250995437430338,0.14863022633817732,0.1926035008324277,0.19341990540017792,0.03035679179111796,-0.7743437888614012,0.5489607738575211,0.28874451397798934
EPIC219511354_B,-1.5576235709099675,1.112768891115778,0.6847193151098733,-1.2085825875237575,0.06772451876369116,0.06316784619372537,0.14092939085299586,0.07415053044674537,-1.094181035868531,-1.21956920073714,0.023289244951531198,0.013040074824812422
G250-29_B,-3.2539024746689464,2.918626141124635,-0.3017864208610979,-3.7671322938463088,0.13121174093925236,0.14863022633817732,0.46976463617665287,0.14015099101338602,-3.206848256471718,-2.374547256649097,0.013308139972303542,0.02049154615327666
KIC10518551,0.3128900794870603,-1.1018214813230627,-0.898387508805447,0.7675463142367392,0.07222664638857927,0.03491533956878488,0.47446228253841943,0.05497120337210214,0.3297899411679479,1.0698953649334986,0.18267922545135656,0.06975972917165743
KIC4543171,0.1768632287885694,-0.29921825909690614,0.9994616213482307,0.31448248363077197,0.07102286894876962,0.053496583264936434,0.46976463617665287,0.054117044711372915,0.5460472157178803,0.29307947894110126,0.22967657907894223,0.08164803286753088
KIC4646780,1.0520094275301883,-0.6150574900655328,-0.20783349362576725,0.7133492800961909,0.16612128669373233,0.07059935751063423,0.7046469542649793,0.05258295485009079,0.9286562399216071,0.7718365117949285,0.41587937413448567,0.13971508740870456
KIC9948002_B,-1.502406299745899,1.5549438144718581,0.3558840697862162,-1.4383108238829898,0.18056661597144819,0.014863022633817733,1.1744115904416321,0.08705238735085516,-1.3337275553699948,-1.4878221685618527,0.03327034993075885,0.009314339160580302
KIC10644253,0.21658788430228798,0.8378029723901506,1.0469078496020725,-0.17940455855155832,0.1829741708510675,0.07431511316908866,0.02113940862794938,0.06668853175545586,0.03035679179111796,-0.73708643221908,0.1330813997230354,0.03725735664232121
WZ_Oph B,0.1600103446312342,0.09836759635771897,-0.9124804478907467,0.11088148493069432,0.12037774398096546,0.029726045267635465,0.32883524532365704,0.04548217014714098,0.22997889137567126,-0.16146027209521746,0.01996220995845531,0.022354413985392726
KIC10070754,0.683653530948434,0.38819653771716583,-0.6306216661847548,0.10153135551160772,0.06981909150895997,0.05523868000572404,0.46506698981488637,0.052786839173099724,0.16676522650722975,-0.41294742943088564,0.18644242807795472,0.053344416333791604
KIC5084157,-0.21556821658937803,0.024052483188628588,0.9430898650070323,0.0645804015797197,0.09991352750420134,0.04154341161844444,0.46976463617665287,0.053294821379461225,-0.16261123780728282,-0.2378378532119762,0.259294686327157,0.08751006810427706
KIC11971746,-0.03620537805773949,0.07607306240699152,1.2014604149041914,0.046238110790278064,0.09028330798572409,0.07245723533986144,0.7046469542649793,0.052296069830336654,-0.1359949578626757,-0.2899981525112255,0.4491497240652445,0.12108640908754392
KIC8414062,0.7173592992631043,-0.44041697411817554,-0.8232251670171825,0.24411277710522486,0.07343042382838894,0.15460630774759268,0.46976463617665287,0.057380923530713314,0.4961416908217423,0.41044015236441295,0.25352946368272034,0.1935185004048208
UCAC4_555-031577_A,0.679043063353963,-0.26206070251236263,-1.448012133132131,0.4158544618553069,0.0470556601221594,0.16349324897199505,0.12683645176769628,0.2702898299482917,0.0004134768534353382,0.12355850621853982,0.1330813997230354,0.2682529678247127
ASAS_J163903-2847.2_B,0.7338992012860887,0.46622740654470857,-0.5366687389494242,0.11612764835055331,0.19837048430623297,0.0111472669753633,0.7516234178826446,0.14692033194035656,-0.032856873077323545,-0.5247194993578493,0.0033270349930758854,0.0037257356642321207
KIC5773155,0.4031733874727845,-0.5890472004563531,1.0041592677099973,0.6001820580112612,0.066207759189531,0.048873133524845604,0.46976463617665287,0.05335388750084089,0.9253292049285315,0.7271276838241431,0.26124168217676247,0.09715529916353698
KIC5866724,0.20214255502457212,0.13180939728381014,0.9947639749864642,0.12815131416457812,0.12880418605963304,0.03715755658454433,0.028185878170599175,0.04505412871173228,0.3297899411679479,-0.1595974042631016,0.0665406998615177,0.018628678321160604
KIC10214328,1.132662515997435,-0.6001944674317135,-2.3875414054854365,0.6786441344988305,0.09630219518477237,0.08179293766452451,0.4791599289001859,0.04829411493741237,0.2632492413064301,0.4830919978169392,0.24649781015872196,0.098331192568034
KIC4931390,0.6920799730271016,0.29530264625580366,0.07402528808022447,0.3227991436001404,0.061392649430292386,0.0445890679014532,0.7046469542649793,0.05599144107625614,0.7290341403370545,-0.17822608258426223,0.3327034993075885,0.07451471328464242
KIC9353712,0.3562260673202079,-0.9327545988633873,0.12100175169788974,0.7554020223214511,0.0926908628653434,0.02248032173364932,0.46976463617665287,0.02254085279323067,1.1911593008752943,1.2418380658378105,0.08217776432897436,0.041914526222611354
*_16_Cyg_B,-0.2107531068301394,0.5777000762983392,0.6847193151098733,-0.3276032111897075,0.043335987833147564,0.03715755658454433,0.04697646361766529,0.0010014332431971453,-0.4088118272948985,-0.7314978287227321,0.14306250470226306,0.026080149649624844
UCAC4_576-009710_B,-1.0232065765064715,-1.0052118342032483,-0.05281116368747178,0.10356471440818445,0.33090638042927595,0.28611318570099137,0.06106940270296487,0.37264256749483704,0.2732303462856582,0.9208659383642135,0.029943314937682965,0.2589386286641324
EPIC210822691_A,-0.030643926285819016,0.3398917141572553,0.3558840697862162,-0.1155032681102971,0.06453450854819558,0.0780308688275431,0.23488231808832644,0.05358839205923856,-0.20253565772419346,-0.4762849357228317,0.013308139972303542,0.007451471328464241
G250-29_A,-3.0504640873411146,2.5470505752791897,-0.3017864208610979,-3.0971646280499794,0.13121174093925236,0.14863022633817732,0.46976463617665287,0.140677470331453,-2.664541552600349,-2.143551645466706,0.016635174965379425,0.031668753145973026
LV_Her B,0.057689262247413574,0.28043962362198427,0.7316957787275385,-0.02357311354208343,0.18056661597144819,0.029726045267635465,0.986505735970971,0.07130525842304963,0.060300106728801324,-0.35892426229952,0.026616279944607083,0.02049154615327666
KIC5095850,1.027933878733995,-1.1501263048829717,0.8256487059628691,1.0622579712359443,0.10232108238382064,0.07245723533986144,0.7046469542649793,0.05682099655198097,0.9286562399216071,1.4238402530355498,0.5988662987536593,0.24217281817508785
KIC6593461,-0.19871533243204287,-0.005673562079006903,1.483319196610183,-0.019554928794073716,0.12158152142077512,0.09103601363213361,0.7046469542649793,0.055164983983777276,-0.7015909066855767,-0.4017702224381893,0.5156904239267622,0.13040074824812423
KIC8408931,0.3249278538851569,-1.848688368672404,-0.22662407907283336,1.0788375062412574,0.14445329277715854,0.04494553520479136,0.47446228253841943,0.05607255120545364,1.1382594444853884,2.534109480976722,0.24708359455588286,0.09920536472123455
KIC10972873,-0.0650960366131712,-0.841718585231253,0.08811822716552405,0.31484635369101016,0.0770417561478179,0.03049255921302888,0.47446228253841943,0.05567270205250793,0.08691638667340842,0.6619273097000811,0.17267493436526216,0.06663674116031694
KIC11757831,0.9292241286696035,-0.4627115080688997,0.2619311425508856,0.7595662413112282,0.08426442078667583,0.05202057921836206,0.8220881133091424,0.055854982893088476,0.8953858899908481,0.5855497285833228,0.39924419916910625,0.12108640908754392
KIC9965715,1.2614667020570682,0.4067753160094376,-1.5419650603674615,0.12477598486573276,0.48752986312291013,0.05427357192553103,0.46976463617665287,0.05546272096543204,0.3131547662025688,-0.3831415441170286,0.2428963413572072,0.06955260900604535
NGC_2506_V4_A,1.0127542452179958,-1.1538420605414257,-1.3352686204497342,1.0036375876606147,0.04928264838580726,0.02601028960918103,0.46976463617665287,0.03652870796686125,1.0883539195892495,1.4797262879990314,0.009981104979227655,0.011177206992696363
BW_Aqr B,0.5632757869674685,-0.44413272977662793,0.027048824462559146,0.5389737327890358,0.12037774398096546,0.08174662448599752,0.5167410997943181,0.05339756956519313,0.7523233852885853,0.5259379579556088,0.0665406998615177,0.07451471328464242
KIC10920273,-0.20954932939032975,-0.9829173002525208,-0.29708877449933135,0.3254376123823197,0.33826146058651296,0.03715755658454433,0.09395292723533058,0.12328825219097808,-0.20253565772419346,0.6600644418679653,0.0665406998615177,0.018628678321160604
KIC10454113,0.22501432638095556,0.42906984996016173,0.08107175762287425,-0.025809569792291626,0.11435885678191719,0.03715755658454433,0.027716113534422517,0.040381537022795705,0.03035679179111796,-0.4762849357228317,0.0665406998615177,0.018628678321160604
*_16_Cyg_A,-0.16019445435813393,0.3175971802065311,0.7316957787275385,-0.18754321351329903,0.04694732015257653,0.03715755658454433,0.04697646361766529,0.004015290530386921,-0.2491141476272559,-0.522856631525733,0.1563706446745666,0.029805885313856965
V432_Aur_B,0.8461634853227373,0.3770492707418021,-2.462703747273701,0.14885505854125164,0.10232108238382064,0.018578778292272165,0.23488231808832644,0.034530702477913795,-0.23913304264802862,-0.5247194993578493,0.016635174965379425,0.013040074824812422
KIC10462940,0.3405769606026824,0.4736589178616166,0.8820204623040674,0.019286279594461216,0.05778131711086342,0.026794696775947736,0.46506698981488637,0.05335860539439171,0.2931925562441135,-0.4371647112483946,0.1710226689010708,0.03258687873423842
PTFEB132.707+19.810_A,-3.2767742460253295,2.695680801617367,1.0135545604335303,-3.1995728576520346,0.08426442078667583,0.07431511316908866,0.18790585447066116,0.046389616196158084,-2.513826867414011,-2.128648702809777,0.006654069986151771,0.014902942656928483
TIC252991035_B,-0.7368038480269585,0.912118085559241,-0.5836452025670896,-1.1354325049284637,0.1564910671752551,0.44589067901453194,0.6576704906473141,0.062140295221293766,-1.4202304651899678,-1.5232166573720578,0.029943314937682965,0.009314339160580302
TIC344753509_B,-0.9715404487898411,1.097905868481962,-0.11388056639043671,-1.1096993355331486,0.18658550317049646,0.44589067901453194,0.46976463617665287,0.0765009680425185,-1.357016800321526,-1.3965416447881656,0.016635174965379425,0.009314339160580302
KIC7970740,-0.8102342718553474,1.2784915934828456,-2.1808449655677093,-1.014634906189977,0.0926908628653434,0.018392990509349443,0.46976463617665287,0.03466529493033512,-1.4069223252176641,-1.3838741435297763,0.0663743481118639,0.011177206992696363
KIC10351059,0.6595779821522408,-0.40697517319208437,1.1075074876688609,0.6115634153243893,0.06981909150895997,0.053496583264936434,0.46976463617665287,0.05245102092151594,1.0617376396446425,0.5836868607512065,0.2414883917171799,0.08451591323790397
WASP_0639-32_B,-0.7065769965133385,1.5326492805211307,-1.1943392295967383,-1.0495931406726235,0.038966275726638515,0.03715755658454433,0.46976463617665287,0.0382825176438167,-1.2239354005984904,-1.4468390762552992,0.0033270349930758854,0.0055886034963481815
TIC189069314_B,-0.2926099727371959,0.7634878592210635,-1.147362765979073,-0.4714243724956248,0.1408419604577296,0.11147266975363299,0.14092939085299586,0.025138195204463684,-0.6350502068240589,-0.8991559336131776,0.1796598896260978,0.06520037412406211
*_bet_Vir,0.13352724095542182,-0.3512388383152691,0.9665780968158649,0.32691694300149204,0.01564910671752551,0.18578778292272166,0.04697646361766529,0.0026768404959774403,0.7623044902678127,0.34896551390458314,0.0665406998615177,0.014902942656928483
PTFEB_132.707+19.810_B,-3.4466392805568704,2.587923887522189,1.0135545604335303,-3.692409860587753,0.05631270863429565,0.14491447067972288,0.18790585447066116,0.10587409299250032,-3.130326451630973,-2.2981696755323386,0.0033270349930758854,0.009314339160580302
KIC9641031_B,-0.5923505552498,1.164789470334141,-1.6969873903057568,-0.7413430223693583,0.2889065855543171,0.08546238014445195,0.05637175634119835,0.11486411817961628,-0.6643281147631265,-1.1282886769634528,0.012975436472995951,0.04470882797078545
HS_Aur A,-0.7608793968231515,0.7263303026365167,0.3089076061685509,-0.6661935224957976,0.08426442078667583,0.07431511316908866,0.04697646361766529,0.04704757892183499,-0.8413263763947636,-0.9326875545912667,0.06321366486844182,0.042845960138669384
EPIC206088888,-0.02055627134021398,0.17639846518526173,0.2619311425508856,0.0025478758063024144,0.08546819822648548,0.0445890679014532,0.3758117089413223,0.05359016673539365,-0.23580600765495235,-0.3831415441170286,0.1996220995845531,0.05588603496348181
KIC9266926,-0.013333606701356051,-0.41440668450899243,-1.4621050722174305,0.05561240247997608,0.07583797870800824,0.04489764654586521,0.46506698981488637,0.054488552011606975,-0.6483583467963625,-0.0664540126572985,0.17671926313118774,0.06758672365137937
KIC5184732,-0.16380578667756288,0.22396013761347983,2.0470367600221664,-0.10272953256019579,0.0926908628653434,0.032698649794399015,0.46976463617665287,0.04503905433799103,-0.009900331625100248,-0.3447664667754379,0.16435552865794872,0.03353162097808909
TIC278683641_B,-2.8036897121801356,1.7816049096375783,1.7214898671517462,-2.2625856061095586,0.11676641166153649,0.003715755658454433,0.01832082081088946,0.1067302438936702,-1.8693801892552122,-1.715092044080012,0.006654069986151771,0.0018628678321160603
EPIC205962429,0.12028568911751561,-0.7599719607452546,-0.7715510570377506,0.45815395823529065,0.07824553358762755,0.0445890679014532,0.3758117089413223,0.05424745444741818,-0.002913558139640919,0.5296636936198409,0.1330813997230354,0.07451471328464242
EPIC201820830,0.5271624637731789,-0.4887217976780828,0.027048824462559146,0.4841678098863922,0.08546819822648548,0.05945209053527093,0.5167410997943181,0.04940015564098799,0.4628713408909834,0.4365203020140378,0.2661627994460708,0.09314339160580302
KIC12156916,0.6788384211891954,-0.18031407802636418,-1.6171274021557258,0.32423445514593896,0.06741153662934066,0.061309968364498146,0.8220881133091424,0.05553809284495671,0.4296009909602245,0.13846144887546832,0.49905524896138287,0.12108640908754392
KIC8321567,-0.28659108553814766,-0.47385877504426344,0.5062087533627451,0.1043255469190834,0.06981909150895997,0.04236613194180547,0.47446228253841943,0.058616514190014304,-0.2590952526064839,0.1496386558681647,0.1930353105635488,0.06344699262304301
KIC11127479,0.019168384173504624,0.12437788596689879,1.295413342139522,0.038693868315744326,0.06861531406915031,0.038674799945294054,0.3387520989321515,0.05466095254805885,0.03701086177726974,-0.24901506020467218,0.19642969638950702,0.044991319768884944
KIC8012842,-0.16019445435813393,0.2098402661113529,1.0699263167747286,-0.06027273600429782,0.06981909150895997,0.08832250503167843,0.46976463617665287,0.053809130283636854,-0.14597606284190373,-0.37382720495644856,0.2269238701745111,0.08874638176404095
KIC8610483_B,-0.27816464345948005,-0.15430378841718437,-0.818527520655416,-0.14110242990684219,0.18056661597144819,0.014863022633817733,1.1744115904416321,0.07498339889755816,-0.7681316065470941,-0.32911837698566304,0.0665406998615177,0.016765810489044543
KIC9292130,0.23344076845962314,-1.1278317709322443,0.5860687415127761,0.7021881207259518,0.06259642687010204,0.043491805255511606,0.46976463617665287,0.05365566511013312,0.6525123354963087,1.2487306768166404,0.20032946881201846,0.09586016731484184
KIC9394953,0.04324393296969772,-0.5964787117732611,0.7129051932804724,0.3491852907006331,0.07824553358762755,0.052064566333846846,0.46976463617665287,0.05483473587459017,0.1800733664795333,0.4476975090067342,0.187632478551663,0.06924563633033011
KIC5773345,0.27918431117239,-0.7116671371853474,1.553783892036681,0.5772690981524646,0.07343042382838894,0.023500501028456276,0.46976463617665287,0.05212731363855008,1.1881649693815264,0.9655747663349991,0.15308281047129663,0.03561263901625118
CD_Tau A,0.26233142701505485,-0.3995436618751763,0.7316957787275385,0.4454023572521902,0.06018887199048273,0.03715755658454433,0.7046469542649793,0.025330528423366666,0.9652536248454422,0.5445666362767694,0.053232559889214166,0.031668753145973026
KIC8868907_A,-0.219179548908807,0.06306791760240162,0.3558840697862162,-0.10484070732923295,0.18056661597144819,0.00334418009260899,1.1744115904416321,0.07078196374899311,-0.395503687322595,-0.3496099231389395,0.016635174965379425,0.0037257356642321207
*_alf_Cen_B,-0.9330195707159322,1.2465360948201394,1.483319196610183,-0.9328861243267582,0.014445329277715855,0.18578778292272166,0.04697646361766529,0.002600045018949013,-0.8180371314432324,-1.2046662580802114,0.036597384923834735,0.007451471328464241
KIC8027956,-0.01814871646059467,-0.6001944674317135,0.5531852169804105,0.30439338599250837,0.08426442078667583,0.06228741646923287,0.46976463617665287,0.05527150789721652,0.09024342166648394,0.41416588802864507,0.18168390300875797,0.09028930390885892
KIC11075448,0.5873513357636616,-0.08742018656500203,0.4921158142774455,0.4078940230363117,0.08185686590705651,0.074802640748134,0.46976463617665287,0.048857719867871914,0.5826446006417154,0.10865556356161132,0.19412220631729682,0.08660039900453556
KIC8174981,0.09982147264075149,-0.9754857889356128,-0.10918292002867018,0.6191517050249715,0.06380020430991169,0.04655828463323034,0.46976463617665287,0.05329297657240226,0.25326813632720285,0.8910600530503565,0.1843231051238479,0.07844669356660551
GX_Gem B,0.2214029940615266,-1.079526947372337,-0.20783349362576725,0.712766720429329,0.12037774398096546,0.018578778292272165,0.46976463617665287,0.04544093768605696,1.0517565346654152,1.3754056894005326,0.03327034993075885,0.022354413985392726
KIC9457728,0.4910491405788892,-0.7488246937698926,-0.400436994458195,0.5691596110279871,0.05898509455067308,0.03949902514969676,0.3387520989321515,0.05343077418422185,0.14347598155569816,0.589275464247555,0.21518980036295665,0.06660534531730838
KIC7376493,-0.21556821658937803,-0.3995436618751763,-0.22192643271106685,0.04873305256550912,0.08787575310610479,0.040019914640921535,0.47446228253841943,0.05616540404143256,-0.5119499120802511,-0.021745184686513017,0.18978633612899795,0.06794553900742847
KIC9139163,0.48262269850022166,-0.016820829054367326,0.9966430335311707,0.3499291890174814,0.04935487503219584,0.03715755658454433,0.01973011471941942,0.01819482045577065,0.9619265898523659,0.11983277055430769,0.09981104979227655,0.018628678321160604
YZ_Cas B,0.8642201469198821,0.41792258298480134,0.8256487059628691,0.28771967814429894,0.30094435995241364,0.04830482355990763,0.2818587817059917,0.11573369942687535,0.6525123354963087,-0.27323234202218116,0.03327034993075885,0.03725735664232121
KIC9093289,0.3646525093988755,0.04634701713935603,0.3042099598067844,0.24877234489872352,0.06861531406915031,0.05489911381699835,0.46976463617665287,0.056653924403052926,0.28653848625796174,-0.10743710496385186,0.206456040727053,0.061764349802212855
Tyc_5227-1023-1_B,-0.06359131481340913,0.6891727460519731,-2.603633138126697,-0.41727144987253156,0.11420236571474193,0.03715755658454433,0.5167410997943181,0.08322291971780868,-1.037621440986241,-0.9848478538905162,0.016635174965379425,0.007451471328464241
CM_Dra_B,-3.445303087598681,3.026383055219813,-1.0534098387437423,-3.8570456918551157,0.08426442078667583,0.0222945339507266,0.5637175634119834,0.08202063002961862,-3.1297608556821497,-2.362773931950124,0.0009315697980612478,0.0002608014964962484
KIC7103006,0.39474694539411687,-0.6113417344070772,0.9454386881879155,0.5628032900714548,0.0926908628653434,0.07431511316908866,0.020199879355596074,0.03373115091597372,0.6957637904062955,0.7345791551526073,0.09981104979227655,0.03725735664232121
TIC327361036_A,1.8910423030775176,-0.9829173002525208,0.7316957787275385,1.1220613698538897,0.15167595741601647,0.14863022633817732,0.18790585447066116,0.02928546699109106,0.9719076948315939,1.1928446418531582,0.07319476984766947,0.17510957621890968
HIP_41378,0.37067139659792375,0.38448078205871017,0.12100175169788974,0.07324507477616932,0.0926908628653434,0.014863022633817733,0.46976463617665287,0.032720176533180184,0.22997889137567126,-0.3831415441170286,0.08317587482689713,0.016765810489044543
KIC8760414,-0.1313037958027022,0.5007839341683334,-3.9659505830389903,-0.3578554382994538,0.0926908628653434,0.02043665612149938,0.46976463617665287,0.027325815711870167,-1.1291149032958279,-0.905489684242372,0.08251046782828195,0.020305259370065058
EPIC219394517_A,-0.06359131481340913,0.8563817506824224,0.6847193151098733,-0.3620707855866285,0.04995676375210067,0.03344180092608989,0.14092939085299586,0.05299017648105563,-0.24246007764110414,-0.8395441629854636,0.0033270349930758854,0.009314339160580302
KIC10583181_A,0.9003334701141718,-0.4181224401674481,-0.7245745934200855,0.7261272071050724,0.16852884157335166,0.018578778292272165,0.032883524532365704,0.054347285176868904,1.3578437540283963,0.7010475341745183,0.11977325975073186,0.026080149649624844
TIC327361036_B,1.9295631811514264,0.7263303026365167,0.7316957787275385,0.43720672740903155,0.22992149100364404,0.18578778292272166,0.18790585447066116,0.036742282352289136,0.40298471101561745,-0.5880570056497955,0.06986773485459359,0.1173606734233118
KIC3952580,0.1600103446312342,-1.7037738979926806,0.00825823901549308,1.0923303039141408,0.12158152142077512,0.036655206856177416,0.46976463617665287,0.056583387110506915,1.0218132197277319,2.2416392313345006,0.2096853623658998,0.08760099934033223
EPIC211391083_A,-0.5445124397917646,0.057494284114719754,0.49681346063921206,-0.1300046408019079,0.054362589181804,0.3715755658454433,0.6106940270296487,0.46630131071459313,1.4742899787860526,-0.13724299027770887,0.043251454909986504,0.4247338657224618
KIC4143755,-0.43345193319492553,-0.34380732699835775,-1.3211756813644344,-0.03895153866162611,0.12760040861982339,0.00557363348768165,0.3387520989321515,0.0106673284262977,-0.7747856765332458,-0.170774611255798,0.08483939232343508,0.023285847901450756
UCAC4_473-001351_A,-0.10170290855778262,-0.07998867524809398,0.726998132365772,0.05615954130874397,0.031009306849496706,0.1597774933135406,0.1127435126823967,0.3729265848918763,-0.15263013282805551,-0.08508269097845912,0.07652180484074536,0.34649341677358725
HD24465_A,0.3225202990055376,0.18754573216062545,1.7651779783161747,0.19034788555166032,0.12037774398096546,0.01337672037043596,0.7046469542649793,0.04068992315538099,0.6192419855655498,-0.11488857629231612,0.026616279944607083,0.007451471328464241
KIC3223000,0.25992387213543555,0.5219637414215239,-0.5131805071405916,0.02102279737385158,0.056577539671053764,0.04655828463323034,0.46976463617665287,0.054304228791400184,-0.2724033925787875,-0.6364915692848131,0.20534626329014016,0.04505676138439326
EPIC205995584,0.5428115704907044,-0.4181224401674481,0.027048824462559146,0.5152864371461715,0.08546819822648548,0.04830482355990763,0.3758117089413223,0.05088745788165499,0.5294120407525011,0.380634267050556,0.232892449515312,0.07451471328464242
V568_Lyr B,-1.3025792447374962,1.4546184116935879,1.6712250510808444,-1.231059920085008,0.12037774398096546,0.029726045267635465,0.23488231808832644,0.05840512912594134,-1.0775458609031516,-1.3741872308027727,0.013308139972303542,0.011177206992696363
KIC3425851,0.4344716009078355,0.1801142208437174,0.28072172799795175,0.15893453145675715,0.10232108238382064,0.029726045267635465,0.3387520989321515,0.03710064588849499,0.09024342166648394,-0.2713694741900649,0.16302471466071838,0.030737319229914996
EPIC206245055,-0.17704733851546908,0.926981108193057,-1.2882921568320687,-0.4608350973339178,0.08546819822648548,0.0445890679014532,0.3758117089413223,0.054590418587613126,-0.9012130062701296,-1.072402641999971,0.1330813997230354,0.03725735664232121
UCAC4_665-061158_A,-1.4864803242172175,0.7672036148795158,-0.6212263734612218,-1.2207441247854571,0.08864617066758297,0.35299678755317115,0.2724634889824587,0.21986886162811797,-1.4601548851068784,-1.282906707029086,0.023289244951531198,0.10618346643061545
47_Tuc_E32_A,0.05239264151225153,0.12066213030844641,-2.9794448470680193,-0.15620808241396414,0.021764296111758553,0.007431511316908866,0.46976463617665287,0.019114439491817087,-0.9610996361454955,-0.6010970804746076,0.006654069986151771,0.0018628678321160603
KIC2852862,0.5235511314537499,-0.8640131191819789,-0.3722511162875958,0.7285953522574513,0.06981909150895997,0.026874912509102452,0.46976463617665287,0.05262749012629449,1.0218132197277319,1.082935439758311,0.2006156403999129,0.061124450976145314
HD96609_B,3.57711317414691,0.1801142208437174,0.4498369970215468,1.3083792811571047,0.1293338481331493,0.007431511316908866,0.2818587817059917,0.06823412903652627,2.2927405870827204,0.3564169852330474,0.013308139972303542,0.0037257356642321207
KIC9850387_B,0.2213428051895359,0.7486248365872441,-0.5836452025670896,-0.21210398779151213,0.03711245846933165,0.0111472669753633,0.23488231808832644,0.029236812383078334,-0.2956926375303183,-0.791109599350446,0.006654069986151771,0.0018628678321160603
KIC10031808_B,1.0316896643462012,-1.7223526762849541,-0.16085703000810198,1.3594511215458824,0.05762482604368816,0.014863022633817733,0.3758117089413223,0.040250535258234396,2.153005117373533,2.8340312019474077,0.01996220995845531,0.011177206992696363
ASAS_J065134-2211.5_B,-2.4197810110760405,1.4657656786689515,0.7786722423452037,-1.8955908841390017,0.05737203278132814,0.03344180092608989,0.6106940270296487,0.07078196374899307,-1.5865822148437618,-1.5194909217078256,0.006654069986151771,0.0055886034963481815
V570_Per_A,0.6908761955872919,0.11323061899153507,1.2014604149041914,0.3953625024005092,0.05416998479143446,0.03344180092608989,0.09395292723533058,0.026086230383592545,1.0181534812353488,0.06953533908717381,0.03227223943283609,0.01956011223721863
BN_Scl_A,0.39422932109499836,-0.5035848203118989,-0.7245745934200855,0.5187249682340955,0.022787506935596762,0.0111472669753633,0.2818587817059917,0.017150323517853505,0.852134435080862,0.6116298782329477,0.0033270349930758854,0.0055886034963481815
KIC9073645,0.5488304576897527,-1.3321983321472386,-0.35815817720229615,0.8690972558249039,0.0770417561478179,0.07943378210243784,0.46976463617665287,0.05640323922222654,0.7390152453162817,1.5579667369479062,0.24634506265515482,0.15584134090792873
WZ_Oph A,0.22019921662171693,0.14667241991762622,-0.9124804478907467,0.1153808472841703,0.12037774398096546,0.029726045267635465,0.32883524532365704,0.045410002132526286,0.25326813632720285,-0.19499189307330658,0.023289244951531198,0.022354413985392726
KIC7282890,0.43206404602821613,-1.179852350150607,0.2901170207214848,0.8863972851344397,0.056577539671053764,0.05330415171089639,0.46506698981488637,0.054135521518559125,1.4809440487722045,1.6529729963858248,0.5157392980708105,0.17024431871316867
KIC7821010_B,0.6974367826342543,0.6111418772244304,0.8256487059628691,0.09074796672662942,0.08688865560546088,0.03344180092608989,0.3758117089413223,0.06586397816131624,0.2333059263687475,-0.5507996490074742,0.023289244951531198,0.011177206992696363
KIC7800289,0.5295700186527982,-1.848688368672404,-1.3446639131732672,1.1341745289226628,0.06380020430991169,0.03289340183784775,0.47446228253841943,0.051885566082026956,1.1149701995338568,2.5192065383197937,0.2536936645042512,0.0960127324645565
KIC11769146_A,-0.219179548908807,1.0124434883375077,0.3558840697862162,-0.5102777835497619,0.18056661597144819,0.003715755658454433,1.1744115904416321,0.05661540126896288,-0.49864177210794786,-1.0016136643795608,0.023289244951531198,0.0037257356642321207
KIC10514430,-0.23843998794576146,-0.4961533089949909,-0.1796476154551681,0.13668894813326088,0.11797018910134616,0.014863022633817733,0.3387520989321515,0.03297812250603964,-0.3056737425095464,0.15709012719662893,0.1014745672888145,0.030737319229914996
KIC3344897,0.7799557261332063,-1.1315475265906982,0.16797821531555504,0.8942535970138453,0.09991352750420134,0.061309968364498146,0.5872057952208161,0.05597760349917438,1.3279004390907136,1.5542410012836738,0.5655959488229004,0.16765810489044541
KIC9791157,-0.15658312203870495,-0.9866330559109765,0.13509469078318934,0.4841678098863922,0.07583797870800824,0.04333278577635239,0.46976463617665287,0.05695242300843776,0.11685970161109105,0.8314482824226426,0.17771192560930935,0.07195907750594946
GJ_22_C,-3.3538160021731476,3.475989489892798,-0.5366687389494242,-4.160357266987047,0.13121174093925236,0.1672090046304495,0.46976463617665287,0.14752226494692683,-3.3066593062639944,-2.471416383919132,0.009981104979227655,0.016765810489044543
KIC4346201,0.19853122270514317,-0.9569070106433409,-1.227222754129104,0.6068746684768297,0.061392649430292386,0.03949902514969676,0.46506698981488637,0.0635473194125616,-0.029529838084248024,0.7383048908168395,0.18693353836735263,0.06088785465282567
KIC4932691_B,1.147107845275151,0.005473704896356819,-1.9633439390179193,0.7755152492935428,1.4445329277715855,0.014863022633817733,0.050734580707078515,0.086426440096216,1.3778059639868516,0.27258793278782434,0.0898299448130489,0.016765810489044543
KIC7106245,0.16121412207104388,0.5405425197137956,-0.2595076036051991,-0.15350424482257244,0.17334395133259026,0.03715755658454433,0.028185878170599175,0.06077686871149105,-0.30234670751647014,-0.6625717189344379,0.0665406998615177,0.018628678321160604
KIC9098294,-0.08796780796955464,0.42906984996016173,-0.4568087507993932,-0.2519579062829753,0.2070497196472606,0.03715755658454433,0.08455763451179751,0.07720744519689005,-0.6017798568933,-0.6812003972555986,0.09981104979227655,0.03725735664232121
KIC6064910,0.6330948784764284,-1.3321983321472386,-0.8655039842730813,0.9096090177505827,0.09028330798572409,0.05573633487681649,0.8220881133091424,0.054818198496147316,0.8288451901293303,1.610127036247156,0.465784899030624,0.17697244405102575
EW_Ori B,-0.09880180492784153,0.793213904488699,0.5907663878745426,-0.30546189112730116,0.11435885678191719,0.018578778292272165,0.4227881725589876,0.04407311097532423,-0.09274350295268953,-0.7594408462044727,0.029943314937682965,0.009314339160580302
KIC11027406,0.3225202990055376,0.020336727530176214,-0.9547592651466454,-0.02109737407768178,0.11315507934210753,0.04322052908215482,0.46506698981488637,0.05495130868926695,-0.28238449755801476,-0.2769580776864133,0.20885156580869754,0.05498769675732915
V1229_Tau B,1.540743068092908,0.1355251529422625,0.6377428514922079,0.6894177333433658,0.45743542712766877,0.0891781358029064,0.23488231808832644,0.1800389511136199,1.3778059639868516,0.15150152370028055,0.049905524896138274,0.07824044894887454
EPIC219394517_B,-0.12902865644146155,0.8749605289746941,0.6847193151098733,-0.3620707855866285,0.049499328324972995,0.03715755658454433,0.14092939085299586,0.05299017648105563,-0.28238449755801476,-0.8637614448029722,0.0033270349930758854,0.009314339160580302
HIP93427,0.04083637809007841,0.3919122933756182,0.12100175169788974,-0.05503778163679091,0.07583797870800824,0.03715755658454433,0.09395292723533058,0.000977516078114898,0.34642511613332694,-0.41108456159876977,0.26283576445299495,0.05029743146713363
KIC10191056_Aa,0.7249430971339054,-0.5704684221640779,0.9289969259217327,0.7205490748388798,0.1869466364024394,0.03344180092608989,0.032883524532365704,0.062140970739736026,1.374478928993776,0.876157110393428,0.03992441991691062,0.04098309230655332
KIC8696343,0.23584832333924247,0.5442582753722514,0.09281587352729058,-0.06754206737185799,0.07824553358762755,0.07120953103669818,0.46506698981488637,0.054091144269049415,-0.10605164292499308,-0.6010970804746076,0.2031399400344819,0.06279499726470762
KIC2998253,0.42243382650973893,0.13180939728381014,0.6236499124069083,0.2577910829356598,0.06500398174972134,0.11117855097236587,0.46976463617665287,0.05252166884243482,0.36971436108485856,-0.1502830651025211,0.20237566686401248,0.1143911810641681
KIC5543462,0.317705189246299,0.10951486333308269,-1.3916403767909324,0.03728688740497549,0.06500398174972134,0.11061814627759126,0.4791599289001859,0.053295172927633395,-0.3921766523295195,-0.38686727978126073,0.19981529551604854,0.10351422552004871
*_tet_Cyg,1.1218285190391482,0.16896695386835367,0.21495467893322034,0.4808163210477139,0.0397246555137186,0.11147266975363299,0.14092939085299586,0.0025202811433610284,0.3630602910987068,-0.040373863007673635,0.12642732973688364,0.026080149649624844
TIC431925451_B,0.7606952870962519,0.16896695386835367,-0.5836452025670896,0.37252789335341846,0.1745477287723999,0.26010289609181036,0.09395292723533058,0.039025817818507565,0.842153330101634,-0.04596246650402162,0.202949134577629,0.16206950139409723
RS_Cha A,1.9933633854613382,-0.53702662123799,1.1544839512865261,1.2123868350512634,0.09148708542553376,0.22294533950726597,0.32883524532365704,0.04702012693104548,2.469073441715742,1.233827734159712,0.03327034993075885,0.11363493775907968
IM_Vir A,-0.49604836006502756,0.6854569903935175,-0.11388056639043671,-0.493798741909261,0.12037774398096546,0.05202057921836206,1.1744115904416321,0.05348162664767827,-0.5651824719694652,-0.826504088160651,0.03992441991691062,0.029805885313856965
KIC5686856,0.17204811902933076,-0.7376774267945289,0.3558840697862162,0.17022854969306372,0.066207759189531,0.0445890679014532,0.8220881133091424,0.016116252153537493,-0.0361839080703998,0.5110350152986803,0.41587937413448567,0.1583437657298651
KIC7622208,0.7510650675777746,-0.6930883588930756,0.3558840697862162,0.707793244943808,0.1191739665411558,0.050162701389134846,0.7046469542649793,0.060568296171620864,0.7955748401985715,0.7718365117949285,0.49905524896138276,0.15834376572986514
EPIC206289767,0.46456603690307685,-0.9457597436679772,0.5437899242568773,0.7314313311984509,0.09389464030515306,0.04830482355990763,0.5167410997943181,0.05369192783205833,0.6957637904062955,1.0326380082911772,0.2661627994460708,0.11177206992696362
KIC10118942,0.4573433722642189,-1.2801777529288758,-1.1708509977879058,0.6858806058782462,0.07343042382838894,0.06128181408387404,0.3387520989321515,0.05893963189864883,0.11020563162493928,1.181667434860462,0.2040738370935208,0.11248847394059441
BN_Scl_B,0.3072925143919459,0.22841904440362465,-0.7245745934200855,0.12844662634581555,0.03754581834766313,0.0222945339507266,0.2818587817059917,0.030465212075532256,0.3098277312094926,-0.23411211754774408,0.0033270349930758854,0.007451471328464241
KIC5512589,-0.23242110074671318,-0.529595109921082,0.5062087533627451,0.2147743972401947,0.06741153662934066,0.02902098063144374,0.46976463617665287,0.052979827825238114,-0.0628001880150069,0.28376513978052076,0.1429349245549011,0.04699268716714926
KIC4465529,0.4368791557874548,-0.2769237251461787,0.47332522883037936,0.4385550965300774,0.05898509455067308,0.03825604542985322,0.46976463617665287,0.05516868813108482,0.5693364606694118,0.2819022719484049,0.18721998942618648,0.05702323380880405
KIC7833440,0.415211161870881,-0.5816156891394416,-1.837916781158753,0.39792060035297067,0.07102286894876962,0.04489764654586521,0.48385757526195244,0.05543797176238838,-0.20253565772419346,0.2763136684520565,0.19150901662530032,0.0649871260547163
BEPOP-3_B,-3.359834889372196,2.9149103854661793,0.2619311425508856,-3.6210529918942247,0.03852087807390895,0.005945209053527093,0.46976463617665287,0.030575851670765125,-2.957320631991027,-2.2944439398681067,0.013308139972303542,0.0037257356642321207
LINEAR_23079661_A,-2.659441061567745,2.335252502747289,-0.5836452025670896,-1.8780485471392259,0.08035214410729445,0.40873312242998766,0.46976463617665287,0.2814558709540455,-1.939247924109806,-1.3890901734597012,0.036597384923834735,0.13785221957658847
KIC9948002_A,0.1419536830340894,-0.6670780692838958,0.3558840697862162,0.4326913529549342,0.18056661597144819,0.014863022633817733,1.1744115904416321,0.060603431122915066,0.3297899411679479,0.5855497285833228,0.09981104979227655,0.018628678321160604
KIC8866102,0.4128036069912617,0.2507135783543488,0.33239583797738353,0.1647219044929733,0.09028330798572409,0.027868167438408246,0.3387520989321515,0.029979785316328514,0.25659517132027837,-0.2769580776864133,0.1364084347161113,0.025148715733566814
