ID,Teff,logg,FeH,logL,eTeff,elogg,eFeH,elogL,M,R,eM,eR
KIC11081729,0.8343393326461319,0.3519934316923159,-0.2712427936603803,0.35312177858056915,0.018890261975564426,0.03686752089839294,0.027232513953183157,0.018409602042238776,1.0062413969486832,-0.12219382355479463,0.0993334149282572,0.037170693354533164
KIC9093289,0.3750698383652218,0.009125487337261656,0.31627347958884894,0.2684091713614793,0.06729655828794827,0.05447059527033914,0.5043058139478362,0.05524379640481175,0.30097415095805746,-0.07015485285844815,0.20546806792099734,0.06162068148796991
KIC9542776,0.44354703802664286,-1.5245633820358844,-0.420013008774992,1.0719349287133602,0.10271579949213157,0.13455519193825188,0.5093488720873146,0.055165008602801824,0.7910189979374593,1.8385602508968302,0.2740350270213712,0.2697500597104592
KIC4638884,0.8201716361644585,-0.5696945907675076,0.41209158423893777,0.6740403669601825,0.06729655828794827,0.02473148511606831,0.4992627558083579,0.050066523424579984,1.2446415927765007,0.8219417876503479,0.16169003402730422,0.04880488341133192
ASAS_J060505+2032.1_B,1.7069513717798614,-0.5254535656894344,-0.23341985761429254,1.0433613961506212,0.19255080159967514,0.014747008359357177,1.5633480232382921,0.1254137839715089,1.8240865131913346,0.9706245610684806,0.039733365971302885,0.009292673338633291
HD24465_B,-3.3687439569169526,3.0396357051851615,1.8846645609666195,-3.72012523274999,0.03778052395112885,0.02580726462887506,0.7564587209217543,0.025453966850989843,-3.032655254034255,-2.3108971750030936,0.0030462247244665546,0.001282388920731394
KIC10935310_B,-2.960242041695372,2.6820207524707516,-1.045352218070309,-3.014159755946532,0.24793468842928307,0.10322905851550024,0.1462486860448725,0.15335133918927887,-2.5498948574829248,-2.115472254691636,0.05628893512601242,0.015054130808585931
KIC8321567,-0.26365714468355034,-0.5070198052402384,0.5331249795864185,0.12755768431984724,0.06847719966142105,0.04203544038733353,0.5093488720873146,0.05715753692251568,-0.2420485173164158,0.18632293128783092,0.19211156119407682,0.06329941036073268
TIC369605666_B,-0.5682626190395267,1.3105489750505315,0.11959421214919277,-0.8565594619849672,0.1369543993228421,0.1843376044919647,0.050430581394783625,0.042106831786275965,-1.056582519728125,-1.2949291988903158,0.07946673194260577,0.08177552537997296
KIC3438633,0.5486241202657199,-0.9051890309428824,-0.5561755785409077,0.6246097280480933,0.0861868202635127,0.05213854945279151,0.5043058139478362,0.04973140685585105,0.4433520456885592,0.8907075703562345,0.23004988626866651,0.11576982036557786
RS_Cha B,1.4884146535500502,-0.9899843290091866,1.2290670028344324,1.186687975381243,0.08500617889003992,0.22120512539035764,0.35301406976348537,0.04280216245520485,2.4002203197752263,1.6601409227950708,0.03311113830941907,0.1115120800635995
KIC8391021,0.3337473902936746,-0.1530916046156658,-0.7377256715621289,0.2285763957746615,0.0602127100471116,0.03871089694331258,0.8825351744087133,0.0530094803557383,0.377129769069721,0.10083033657240456,0.34766695224890026,0.09292673338633292
KIC11295426,-0.2908118962734242,0.24139086899713616,0.8931993307451735,-0.20585488798634255,0.09681259262476768,0.03686752089839294,0.024710984883443973,0.03687142494206515,-0.41753755035633666,-0.47531541042285963,0.06622227661883814,0.018585346677266582
KIC8915084,-0.17747032442003763,-0.23420015059213115,0.8256223516761634,0.17739656794160322,0.0708384824083666,0.05472346222267704,0.5043058139478362,0.05234930295166295,-0.050003915121785016,0.028347484531064622,0.29687679379527454,0.07489672801899107
UCAC4_665-061158_B,-2.819037333428028,1.0045485515938728,-0.6772089738883884,-2.002475564657555,0.14080329020036333,0.7447239221475375,0.292497372089745,0.44754426736478475,-1.9207832296039626,-1.425026625631182,0.02317779681659335,0.21559002145629239
KIC8694723,0.22158645981376085,-0.34848946537714814,-1.7059928343419741,0.24511293317172977,0.10507708223907712,0.03686752089839294,0.030258348836870175,0.03668757834799712,-0.15264844388098386,0.08224498989513797,0.06622227661883814,0.018585346677266582
KIC10987439_B,0.617101319927141,0.10129428958324531,-0.42505606691447034,0.3437380557165047,0.1062577236125499,0.06636153761710728,0.06051669767374035,0.04363680250496708,0.9118746527668389,0.04879136587605809,0.014900012239238581,0.05761457469952641
KIC9390670,0.3290248247997835,-0.35954972164666643,1.3551434563213915,0.5280309990700923,0.059032068673638825,0.09100034147238914,0.5043058139478362,0.0515721059262257,0.7413522904733311,0.4186397647536632,0.23348686381410708,0.12484403038815854
EPIC201367904,0.3349280316671474,-1.0637193708059727,0.2708859563335436,0.7333258440452234,0.09209002713087658,0.04792777716791082,0.403444651158269,0.0556449465014833,0.5095743223073974,1.1044390571448002,0.16555569154709537,0.09292673338633292
KIC9700430,0.16963823938095868,-0.14940485252582852,0.4927805144705916,0.19714372415634032,0.1062577236125499,0.05901862979302228,0.5043058139478362,0.05353974903090071,0.24799632966298688,0.04693283120833122,0.26188537161912157,0.08561791199100176
KIC10186764,0.6147400371801954,-0.433284763443454,-0.4704435901697756,0.39664923082817266,0.08736746163698547,0.08917181197813527,0.5143919302267929,0.05560812066494728,0.5261298914621065,0.4149226954182099,0.21982863018378507,0.1185614407266427
TIC189069314_B,-0.2695603515509142,0.7206686406762473,-1.242031485509965,-0.4338616994804909,0.13813504069631485,0.11060256269517882,0.15129174418435085,0.02451250028118038,-0.6162043802128513,-0.860032086642278,0.17880014687086299,0.06504871337043305
UCAC4_570-022931_A,0.5539724256875513,-0.5696945907675076,0.6894597819102478,0.8194942779807848,0.029291712475859585,0.15115683568341107,0.11599033720800232,0.19498680013806877,0.41355202121008167,1.3739265839651655,0.1324445532376763,0.2806387348267254
KIC11229052,0.6230045267945049,-0.024055281471289974,0.2708859563335436,0.33017251106700507,0.0602127100471116,0.05898803343742871,0.7564587209217543,0.05300096856536107,0.4102409073791401,-0.010681743491195031,0.44700036717715746,0.11151208006359951
KIC3633847,0.18262529448915923,-0.7061044180915612,0.9769140958605144,0.5876732103611603,0.0602127100471116,0.06298622022330508,0.5043058139478362,0.05605355730901417,0.45990761484326836,0.691844360909482,0.3540290455637699,0.0991404754896175
47_Tuc-V69 A,-0.026348228615522228,-0.22682664641245337,-3.208824159906526,-0.029748370673101432,0.1770962060209165,0.011060256269517883,0.5043058139478362,0.06945047827509723,-0.8943379420119714,-0.31548142899836684,0.016555569154709536,0.009292673338633291
EPIC206453540,0.6572431266252154,-0.5918151033065442,0.2708859563335436,0.6738360006222561,0.09209002713087658,0.040554272988232234,0.5547363953426199,0.05151876616819428,0.9069079820204259,0.714146776922202,0.2648891064753526,0.09292673338633292
KIC11075448,0.5934884924576854,-0.12359758789695141,0.5179958051679834,0.42357027773227135,0.08028361339614881,0.07421876394810928,0.5043058139478362,0.04764164102705294,0.5956632819118871,0.14543516859784442,0.19319325572705193,0.08639896025584656
KOI-126_B,-3.210538012871601,2.921659638310304,1.1282058400448651,-3.5524942489106857,0.04250308944501996,0.009216880224598234,0.403444651158269,0.026460817899866367,-3.0158016846347606,-2.2873867114563513,0.0020528905751839824,0.001403193674133627
KIC7465072,0.2652701906322536,-0.529140317779275,0.6743306074918127,0.4890543192307716,0.06493527554100272,0.12350619500961636,0.7564587209217543,0.05361051216287652,0.012907247666110904,0.32385449669960337,0.5463337821054147,0.16726812009539924
KIC7771282,0.5191080859289006,-0.31162194447875596,0.20532620052032494,0.44745574729960014,0.08736746163698547,0.026585549055296403,0.5043058139478362,0.05271784908257715,0.5791077127571771,0.3164203580286967,0.17766691650666622,0.04468220468219193
KOI-6964_A,0.5726973978708303,0.14553531466131525,-0.657036741330475,0.2697854052978954,0.06472276009377761,0.16959059613260752,0.15633480232382924,0.3998274005951495,0.5327521191239905,-0.12219382355479463,0.08277784577354769,0.3679898642098784
KIC8516041,0.29124430084865466,0.1529088188409963,1.2794975842292162,0.09664574122941709,0.07674168927573048,0.06820491366202694,0.7564587209217543,0.05793064246586536,-0.18575958219040295,-0.3452179836819934,0.4138892288677384,0.1115120800635995
KIC9287845,0.6147400371801954,-1.1042736437942053,1.0323877353947764,0.9142542755981761,0.07319976515531215,0.08368637833896146,0.5043058139478362,0.05293967740850531,1.4664862194496082,1.5374776347251118,0.39440571294127424,0.17367383210304801
KIC5344612,0.4624373000022073,-0.5217668135995972,-0.24854903203272763,0.5193023437267738,0.09917387537171324,0.07519528319102525,0.5043058139478362,0.05137433650464531,0.5029520946455136,0.4836884781240961,0.30536402950023317,0.11305024981797678
KIC8579578,0.4022245899550957,-1.0047313373685438,0.6440722586549424,0.8189287038154911,0.05312886180627495,0.04984782843941891,0.5043058139478362,0.052097151841790174,1.2976194140715713,1.3609168412910788,0.4130486463328187,0.11419766916333586
V2653_Oph_A,1.1601963517246183,-0.9973578331888644,-0.5158311134250808,1.0034613705398907,0.5667078592669328,0.08110854597646447,0.2824112558107883,0.17411759293881823,1.294308300240629,1.3553412372878986,0.06953339044978005,0.10221940672496621
KIC2450729,0.072825646756191,-0.7761527077985066,-0.697381206446302,0.3181217353906831,0.06965784103489382,0.07875076294257767,0.5043058139478362,0.05383208374211719,-0.11291507790968094,0.5059908941368161,0.1959161187303456,0.11510258690524997
UCAC4_570-022931_B,0.8325329513447188,1.3326694875895682,0.6894597819102478,-0.16492697839831513,0.2685604932238525,1.268242718904717,0.11599033720800232,0.6544376590067236,0.09237397960871674,-1.0254416720699504,0.1324445532376763,0.3791410722162383
KIC5353186,0.2345735149219614,-1.148514668872277,0.7398903633050313,0.8203013451523714,0.06493527554100272,0.0466341364138592,0.5043058139478362,0.05296864025943196,0.7148633798257958,1.3033022665915521,0.49383983705225654,0.15981283222924123
KIC3733735,0.7670427743581836,0.3151259107939237,0.28551082493803087,0.3492012542253135,0.06611591691447549,0.07373504179678587,0.024206679069496136,0.033223482439600535,1.0393525352581023,-0.08502313020026143,0.1324445532376763,0.05575604003179975
KIC11027406,0.3337473902936746,-0.016681777291612198,-1.0352661017913523,0.0052565659939875576,0.110980289106441,0.04288316847611909,0.4992627558083579,0.05358355915136286,-0.2652263141330088,-0.239281507621574,0.20785212947932447,0.054859791424843256
KIC8610483_A,-0.3156053651163525,-0.49595954897072003,-0.8890174157464795,-0.01122458271884805,0.1770962060209165,0.014747008359357177,1.2607645348695906,0.06206914170131015,-0.7486489334505273,-0.04599390217800137,0.06622227661883814,0.018585346677266582
KIC9880787,0.12595450856246596,-1.1374544126027586,-1.2117731366730948,0.5817714588702337,0.06611591691447549,0.03795743541871213,0.5143919302267929,0.05313375724542938,0.07250729662306528,0.9817757690748402,0.1807585200461858,0.07315397913179644
KIC11904151,-0.37817935791040963,0.5142105236452466,-0.20316150877742242,-0.402222681372655,0.08736746163698547,0.011060256269517883,0.36366009661543575,0.019228749442535394,-0.7552711611124111,-0.7801150959300315,0.0496667074641286,0.013939010007949938
KIC6287060,0.06219987439493602,-0.18258562133438017,0.2910581888914571,0.26227734693582433,0.06257399279405716,0.06608323391872555,0.5043058139478362,0.05408856045626019,0.036085044482704644,0.004186533850618248,0.26177331856041175,0.08575981761775403
KIC9664694,0.13303835680330262,-1.443454836059419,-0.9999646948150036,0.8847366776188267,0.06493527554100272,0.044851274717742175,0.5043058139478362,0.052829845772098705,0.35064085842218573,1.5003069413705785,0.1819212640235147,0.10889827500686941
KIC7870112,-0.3675535855491547,-0.4295980113536135,2.141860526080016,0.2087397120233287,0.09327066850434935,0.10849329071603579,0.4992627558083579,0.054269535987311934,0.016218361497053184,0.22163508997463727,0.3107469701663582,0.1389299993786223
KIC7177553_B,-0.26837971017744144,1.0340425683125871,1.4005309795766967,-0.5290106414056118,0.16528979228618873,0.029494016718714353,0.0655597558132187,0.060722400466742585,-0.5301154206083616,-1.012431929395864,0.0496667074641286,0.009292673338633291
KIC11862119,0.35854085913660294,-0.23420015059213115,-1.5446149738786668,0.18194023066894122,0.06611591691447549,0.06636153761710728,0.7564587209217543,0.05504303797872527,0.0791295242849491,0.06365964321787136,0.46355593633186704,0.15797544675676595
TYC_2271-1530-1_B,0.7774442248584793,-0.617622367935418,-0.1376017529642037,0.5443718094814377,0.11103932117511463,0.3244341839058579,0.0655597558132187,0.2348759722341685,-0.0764928257693203,0.3610251900541365,0.10264452875919912,0.24160950680446558
KIC9289275,0.30659263870380077,-0.48489929270120175,0.8357084679551201,0.4194210493388055,0.05667078592669328,0.03263665028449449,0.5043058139478362,0.05296016028632675,0.6718189000235506,0.5227177061463557,0.2194729271582685,0.049938934316826035
KIC3643774,0.072825646756191,-0.23420015059213115,1.168550305160692,0.22097295134448955,0.12278670284116876,0.0317146396712268,0.5043058139478362,0.042380205547357705,0.4267964765338493,0.19004000062328424,0.19607224271414528,0.0454948210876354
KIC6530901,0.4801469206042989,-0.145718100435988,0.46252216563372145,0.35684191365732026,0.06257399279405716,0.03686752089839294,0.5043058139478362,0.051822442788899345,0.5095743223073974,0.1361424952592109,0.17099767268393992,0.04426861009430537
KIC10385708,0.08109013637050044,-0.6323693762947736,0.9819571539999927,0.36933964981509143,0.06493527554100272,0.06111322849884776,0.5043058139478362,0.05334118087643055,0.2678630126486383,0.5208591714786293,0.30250658296416705,0.08321864409583869
KIC3544595,-0.5316627364618706,0.9787412869649956,-0.41850009133314847,-0.6685063853358401,0.2680055917783203,0.03686752089839294,0.03227557209266152,0.10279970498127337,-0.8810934866882036,-1.0700465040953901,0.06622227661883814,0.018585346677266582
HD22064_B,-2.6768881120619055,1.6423566631360706,-0.5420550157503683,-2.1149535296445534,0.37190203264392463,0.03686752089839294,0.0292497372089745,0.017149579468505045,-1.8876720912945435,-1.6554849244292877,0.03311113830941907,0.014868277341813266
PTFEB132.707+19.810_B,-3.361660108676116,2.5271771646974988,1.0777752586500817,-3.7176458029808077,0.09445130987782213,0.14747008359357175,0.2017223255791345,0.19147405781767377,-3.10020197618547,-2.255791622104998,0.0046355593633186695,0.0223024160127199
KIC5774694,-0.10899312475861658,0.9529340223361218,0.7247611888865964,-0.469797592015075,0.09917387537171324,0.0663615376171073,0.45387523255305257,0.040098287395496285,-0.28509299711866026,-0.902778383999991,0.1821112607018049,0.05575604003179975
KIC9762786,0.6076561889393588,-0.7908997161578638,0.6743306074918127,0.7563768983549976,0.06139335142058438,0.05161452925775012,0.7564587209217543,0.05368088460085322,0.7744634287827494,0.8814148970176009,0.5463337821054147,0.20443881344993242
GJ_22_C,-3.2719313642921852,3.41199766625893,-0.5864339273777779,-4.030976284596775,0.12868990970853264,0.16590384404276823,0.5043058139478362,0.1438504049944607,-3.2750287864592025,-2.4286353462035772,0.009933341492825721,0.016726812009539925
KIC11401755,-0.06649003531359662,-0.6102488637557403,-0.5309602878435159,0.2358801039825034,0.07792233064920326,0.014747008359357177,0.36366009661543575,0.030332361177617326,-0.28840411094960255,0.27181552600325687,0.08443340268901864,0.03345362401907986
KIC11460626,0.24637992865668917,-1.2259364627589018,-0.3544532529617732,0.7618971203272253,0.07319976515531215,0.07158377771133957,0.4992627558083579,0.055395883385173456,0.46321872867421066,1.275424246575653,0.1898297468308492,0.12683804108195448
KIC7821010_A,0.88190737358335,0.4699694985671734,0.8760529330709471,0.23753748447630402,0.07926826181496222,0.02580726462887506,0.403444651158269,0.05884769079816478,0.4334187041957331,-0.38982281570743327,0.02317779681659335,0.009292673338633291
ASAS_J085002+1752.5_A,0.7014581460617707,-0.1346578441664697,0.3213165377283273,0.435853551450981,0.10845371656720926,0.05161452925775012,1.3616256976591579,0.08312790242646256,0.5956632819118871,0.15844491127193083,0.003311113830941907,0.02044388134499324
KIC8106950,0.1542899015258126,-0.713477922271239,-1.5698302645760585,0.3273159777407181,0.07438040652878493,0.11820648888047236,0.5093488720873146,0.056172213953307897,-0.30495968010431174,0.35359105138322994,0.211702287675273,0.16105759325708982
KIC10491771,0.7481525123826193,-0.04617579401032657,-0.1376017529642037,0.3726745198820721,0.05667078592669328,0.06995120277741276,0.5043058139478362,0.050151815787990786,0.5062632084764551,0.04693283120833122,0.18031175145697684,0.07834873499866787
KIC11713510,-0.031070794109413335,-0.5623210865878299,-0.34941019482229485,0.21003887294732293,0.06847719966142105,0.02473148511606831,0.5043058139478362,0.055999711171199194,-0.21887072049982206,0.24951310999053736,0.14367062310349216,0.051918629647343804
KIC10514430,-0.21643148974463924,-0.529140317779275,-0.20316150877742242,0.15911555372574696,0.11570285460033211,0.014747008359357177,0.36366009661543575,0.03215729015655657,-0.28840411094960255,0.19375706995873757,0.10098897184372817,0.030665822017489863
KIC8416311,0.5651530994943388,-1.0674061228958116,1.0323877353947764,0.8930384468097291,0.0708384824083666,0.05639646423664498,0.5043058139478362,0.05222861611374148,1.3870194875070025,1.4668533173514982,0.4005085841209903,0.15220101299776326
KIC4141376,0.19679299097083255,0.7649096657543172,-0.9848355203965685,-0.2484388175245593,0.10743836498602267,0.01290363231443753,0.36366009661543575,0.024557574192825393,-0.42084866418727895,-0.8302955319586515,0.08443340268901864,0.016726812009539925
KIC3123191,0.7091913470580176,0.141848562571478,-0.13255869482472535,0.33390180465907515,0.10979964773296823,0.07742179388662516,0.6303822674347953,0.05750513001283403,0.5095743223073974,-0.12219382355479463,0.46355593633186704,0.10221940672496621
KIC9656397_A,0.35736021776313015,0.6469335988794597,-0.07708505529046332,-0.12649120862332155,0.15938658541882483,0.14747008359357175,0.20676538371861286,0.19106707295679978,0.012907247666110904,-0.7355102639045916,0.3973336597130288,0.2973655468362653
KIC8554498,-0.026348228615522228,-0.7282249306305978,1.2290670028344324,0.36665874898101863,0.0708384824083666,0.011060256269517883,0.2521529069739181,0.026397704864467016,0.16852959772038104,0.5728981421749758,0.08277784577354769,0.027878020015899875
KIC6064910,0.638352864649651,-1.3586595379931163,-0.9394479971412633,0.9127974815540566,0.08854810301045825,0.05530128134758941,0.8825351744087133,0.05345376209872109,0.8406857054015877,1.6434141107855311,0.46355593633186704,0.17656079343403255
KIC4851217_B,-2.6190366847617397,2.2875382788579466,0.36166100284415414,-2.431268124238368,0.09209002713087658,0.07557841784170552,0.0806889302316538,0.21439627979040662,-2.1757389945864896,-1.9286895205851065,0.20197794368745633,0.10314867405882953
KIC8174170,0.018516143576443284,-1.273864239926812,0.1700247935439764,0.21841755948659777,0.0755610479022577,0.05898803343742871,0.7564587209217543,0.14523924431322124,0.3440186307603019,1.290292523917466,0.5463337821054147,0.2601948534817322
KIC8027956,-0.00037411839912114233,-0.6323693762947736,0.5835555609812021,0.32264579313808367,0.08264489614309437,0.06180122805334102,0.5043058139478362,0.05389578853422261,0.10561843493248438,0.45023485410501624,0.18081447455881489,0.09007928450238425
KIC8301013_B,-0.001554759772593919,0.4625959943874956,0.275929014473022,-0.13398968709086326,0.11452221322685933,0.07373504179678587,0.17650703488174269,0.09608079470151806,-0.11953730557156476,-0.5310714504546594,0.16555569154709537,0.018585346677266582
KIC9457728,0.49903718257986335,-0.7798394598883471,-0.44018524133290543,0.5808219315935932,0.057851427300166056,0.039190712980796814,0.36366009661543575,0.05210087106738123,0.15859625622755494,0.6249371128713223,0.214160033105237,0.06645041649976316
KIC5094751,-0.018083739001212792,0.031245999876298256,0.2860151307519787,0.0010256571766591711,0.08854810301045825,0.027650640673794705,0.36366009661543575,0.03571744419478309,-0.258604086471125,-0.2727351316406539,0.1324445532376763,0.030665822017489863
KIC11507653,-0.06058682844623275,-0.46646553225200565,0.9365696307446875,0.32606208465326664,0.08736746163698547,0.08512263556748037,0.5043058139478362,0.05756626484942682,0.0791295242849491,0.288542338012797,0.28394687110764955,0.09180484008536773
HIP91949,-0.7701522939033715,0.9787412869649956,1.8846645609666195,-0.6896087120307484,0.05667078592669328,0.03686752089839294,0.10086116278956725,0.0009260738942968921,-0.1725151268666353,-0.9696856320381507,0.21522239901122397,0.031595089351353196
KIC6689943,0.05157410203368103,-0.1346578441664697,0.36166100284415414,0.2837660432427277,0.06375463416752994,0.04623748613001757,0.5043058139478362,0.05285217453279008,0.10561843493248438,-0.012540278158921486,0.22955451383953315,0.07191649333790467
ASAS_J163903-2847.2_A,0.7911632776182328,-1.037912106177097,-0.5864339273777779,0.8578522024856877,0.03918548718556145,0.007373504179678588,0.806889302316538,0.02846659175659179,0.9102190958513682,1.2475462265597528,0.006622227661883814,0.005575604003179975
KIC8868907_B,-1.2931764223518114,1.4030864525054982,0.37174711912311087,-1.2499928608285011,0.1770962060209165,0.002212051253903576,1.2607645348695906,0.06902018590386354,-1.3115382847106516,-1.4027242096184622,0.009933341492825721,0.0018585346677266583
KIC4914423,-0.14441236596279988,-0.18258562133438017,1.0323877353947764,0.06328544302682682,0.10389644086560434,0.014747008359357177,0.36366009661543575,0.03213987934189127,-0.15595955771192613,-0.06643778352299483,0.08112228885807672,0.016726812009539925
47_Tuc_E32_B,-0.012629175855768691,0.543704540363961,-3.208824159906526,-0.3535580428705645,0.02109806134395852,0.011060256269517883,0.5043058139478362,0.016141494406414988,-1.056582519728125,-0.8953442453290844,0.006622227661883814,0.0037170693354533165
KIC11772920,-0.6391011014478932,0.4994635152858878,0.24567066563615184,-0.808691796667247,0.3423859983071052,0.8479529806630377,0.050430581394783625,0.13323428837600948,-1.112871454854137,-1.2001439308362565,0.06622227661883814,0.018585346677266582
KIC10972252,0.3183990524385285,-1.3254787691845615,-0.3141087878459464,0.8950429935445812,0.0708384824083666,0.046194870962611115,0.5093488720873146,0.05307864730831311,0.63539664788319,1.4854386640287651,0.21318875759629616,0.09813991104883085
KIC8176564,0.16727695663401312,-0.23788690268197166,-0.26367820645116274,0.18487581555012475,0.0602127100471116,0.03337594546418974,0.36366009661543575,0.05242151578149821,0.09237397960871674,0.07481085122423133,0.1877002768149832,0.05176573450510126
KIC8420801,0.6359915819027054,-0.45909202807232785,0.7247611888865964,0.5138995417052225,0.0861868202635127,0.06820491366202695,0.7564587209217543,0.054211095372531805,0.6751300138544929,0.47253727011773616,0.4801115054865766,0.1300974267408661
KIC7296438,-0.25775393781618644,0.031245999876298256,1.7232867005033121,0.04829802870861257,0.06611591691447549,0.02478737074762214,0.36366009661543575,0.05319011532750121,0.042707272144588464,-0.17237425958341424,0.15799567532599995,0.040279310964129456
KIC9414417,0.36680534875091236,-0.6876706576423651,0.12463727028867114,0.5748541359455225,0.06139335142058438,0.03582413503282356,0.36366009661543575,0.051517959610781365,0.8373745915706461,0.8014979063053548,0.2466376394498128,0.07025077606635065
KIC10273246,0.44236639665317007,-1.1853821897706691,-0.94953411342022,0.7086100733645361,0.06965784103489382,0.028794455509667347,0.5043058139478362,0.054930798317923676,0.4665298425051522,1.2289608798824858,0.17456524718110053,0.05669982345068536
KIC9204313,-0.13496723497501767,-0.4295980113536135,-0.42505606691447034,0.023945527303877147,0.06729655828794827,0.045002545842740375,0.5043058139478362,0.053579034957212265,-0.42415977801822047,0.04135722720515145,0.19942012315306595,0.06212430628296314
KIC3547794,1.0126161800405211,-0.41116425090441744,-0.3342810204038599,0.6458215283625371,0.09563195125129491,0.07004828970694658,0.7564587209217543,0.052660740210128676,0.8406857054015877,0.49112261679500274,0.3973336597130288,0.1115120800635995
V570_Per_B,0.59112720971074,0.32618616706344206,1.2290670028344324,0.23753748447630402,0.03128699639702858,0.040554272988232234,0.050430581394783625,0.022692793021945247,0.7012878131189341,-0.2021108142670408,0.03029669155311845,0.026019485348173214
KIC8379927,0.11769001894815652,0.676058940389191,-0.13255869482472535,-0.14005460723114932,0.1416769648167332,0.026360277442350952,0.7564587209217543,0.03906027413012144,-0.08841283556071132,-0.6803117842731101,0.1321134418545821,0.027878020015899875
KIC8414062,0.7209977607927454,-0.4738390364316867,-0.8940604738859579,0.26386558118249803,0.07201912378183938,0.15339951831705304,0.5043058139478362,0.05595270037250904,0.5095743223073974,0.4465177847695629,0.2523162261587888,0.19306836247222675
KIC10858780,-0.34866332357359026,-0.4369715155332913,-0.43514218319342707,0.09794344864736021,0.0708384824083666,0.08479529806630376,0.6303822674347953,0.054797360486550366,-0.7486489334505273,-0.10360847687752803,0.4138892288677384,0.16726812009539924
*_16_Cyg_B,-0.1892767381547654,0.5363310361842799,0.7247611888865964,-0.29362027688524456,0.04250308944501996,0.03686752089839294,0.050430581394783625,0.0009765073608424596,-0.3910486397088014,-0.6927639665468787,0.142377894730502,0.026019485348173218
EPIC206070413,0.5651530994943388,-0.16415186088518408,-0.2838504390090762,0.3947265660348601,0.08382553751656714,0.05161452925775012,0.403444651158269,0.05095829509477675,0.2777963541414637,0.06365964321787136,0.23177796816593352,0.07434138670906633
KIC8298626,0.28770237672823634,0.1307883063019597,0.5633833284232886,0.3041618543125869,0.09917387537171324,0.04489323179990059,0.4992627558083579,0.054990173902013884,0.19832962219885786,-0.20025227959931435,0.19773562710271256,0.05322603723250479
KIC11083308,0.3148571283181102,-1.0674061228958116,0.15993867726501967,0.748365596280615,0.07674168927573048,0.08317691712792283,0.5043058139478362,0.05246254757292127,0.5261298914621065,1.1118731958157069,0.26325465791055386,0.1480063476453382
KIC8491374,0.6525205611313243,-0.7982732203375432,0.37174711912311087,0.6350345610779666,0.07674168927573048,0.08479529806630376,0.6303822674347953,0.05195657859825527,0.7744634287827494,0.8628295503403344,0.5463337821054147,0.17656079343403255
ASASSN-V_J172607.12+564531.5_B,0.1934045502289658,-0.3079351923889155,-0.20316150877742242,0.17212976260085802,0.33337770462750793,0.7336636658780196,0.20676538371861286,0.548582398625865,-0.42747089184916276,-0.06272071418754151,0.1324445532376763,0.45719952826075794
KIC10732098,-0.20226379326296592,-0.8019599724273822,0.3213165377283273,0.3062019658578976,0.07910297202267604,0.0554568530689004,0.5043058139478362,0.052184841436941416,-0.08311505343120412,0.5431615874913492,0.1925747744301272,0.09560703588420692
KIC3730801,-0.08656093866263383,-0.3005616882092377,1.1988086539975622,0.20656836230624095,0.06847719966142105,0.048389694023998876,0.5043058139478362,0.0538332118495105,0.3109074924508828,0.20304974329737066,0.2997487794321723,0.09080568906019587
KIC10731424,0.5486241202657199,-1.5577441508444376,-0.27880738086959783,1.014583328324231,0.07674168927573048,0.06909650304042532,0.5093488720873146,0.05567572644879785,0.9631969171464387,1.977950350976329,0.2627521732089116,0.17220400159767038
KIC11127479,0.03622576417853493,0.08654728122388648,1.3803587470187835,0.06355959188984564,0.06729655828794827,0.03837292131898075,0.36366009661543575,0.05330043003508715,0.052640613637413826,-0.2114034876056739,0.19548970355785542,0.044886666727325206
KIC9226926,1.0917191520631973,-0.197332629693739,-0.7881562529569125,0.4969941892702397,0.09917387537171324,0.04608440112299118,0.45387523255305257,0.04983893211967422,0.8075745670921686,0.28668380334507015,0.1490001223923858,0.05575604003179975
KIC9791157,-0.13614787634849046,-1.0157915936380622,0.13472338656762786,0.4979455941144635,0.07438040652878493,0.042994548943505226,0.5043058139478362,0.05553486531763205,0.13210734558001966,0.8665466196757876,0.17686150462285874,0.07179169552276882
KIC8377423,0.1082448879603743,-1.019478345727901,1.5820810725979177,0.7426313001408106,0.06729655828794827,0.11613269082993777,0.7564587209217543,0.055131799343598374,0.2115740775226255,0.9371709370494007,0.5463337821054147,0.21373148678856568
KIC11138101,0.29596686634254576,-1.4287078277000618,-0.7326826134226505,0.8929667355826996,0.06847719966142105,0.07700451991159299,0.5093488720873146,0.05146491743195762,0.5261298914621065,1.5727897934119177,0.20721260439844724,0.1468606130616554
KIC6049366,0.29832814908949135,-0.7614056994391494,-0.34941019482229485,0.5089830030404447,0.07319976515531215,0.11031073967688364,0.4992627558083579,0.05254791501033251,0.21819630518450933,0.6249371128713223,0.22029379532143875,0.15491346071125028
KIC10079226,0.13067707405635706,0.6100660779810675,0.9063112819078173,-0.12425927511640292,0.059032068673638825,0.02807746702349167,0.4992627558083579,0.0518388096240279,0.0029739061732855427,-0.6091299064991791,0.1541461876306022,0.03175865341185581
Kepler-34A,-0.06412875256665107,0.4566971910437534,0.01873304935962551,-0.19332749546579198,0.15348337855146096,0.007742179388662517,0.7564587209217543,0.05411086852125085,-0.3251574744730573,-0.6020674747618178,0.010430008567467007,0.005389750536407309
KIC8012842,-0.13968980046890878,0.17134257929019236,1.1382919563238219,-0.03294371300102179,0.06847719966142105,0.08763309806566368,0.5043058139478362,0.052469809804544416,-0.12947064706439085,-0.3359253103433603,0.22583795080887858,0.08853995130530498
KIC8114155,-0.24358624133451312,-0.425911259263773,0.4675652237731998,0.16820788211927654,0.0708384824083666,0.08138147807705132,0.5043058139478362,0.05501987233598651,-0.2751596556258349,0.09711326723695125,0.19612117104322507,0.0978957962372943
KIC3427720,0.18734785998305034,0.6469335988794597,0.509926912144818,-0.16361183369387275,0.2727281572722114,0.07373504179678587,0.025215290697391812,0.09603387125931083,-0.11953730557156476,-0.6983395705500584,0.0993334149282572,0.037170693354533164
EPIC206094605,0.6725914644803616,-0.8314539891460965,0.5734694447022454,0.7288538951784874,0.09209002713087658,0.05161452925775012,0.403444651158269,0.05430059688078027,0.8406857054015877,0.9743416304039335,0.3642225214036098,0.1300974267408661
KIC9266926,0.004348447094769964,-0.44803177180280956,-1.5799163808550152,0.0800570202089738,0.07438040652878493,0.04454719509212432,0.4992627558083579,0.05313232058395592,-0.6294488355366189,-0.029267090168461633,0.17587359242247436,0.06742951207733557
KIC9353712,0.36680534875091236,-0.9623336883353926,0.11959421214919277,0.7624287304137455,0.0909093857574038,0.02230485014352773,0.5043058139478362,0.021979806264452964,1.2012660015911614,1.2759818069759703,0.0817845116242651,0.04181703002384981
V636_Cen A,-0.07947709042179717,0.8828857326291747,-0.6368645087725615,-0.358960844892116,0.10035451674518601,0.014747008359357177,0.403444651158269,0.03803309623603286,-0.31158190776619554,-0.8581735519745511,0.016555569154709536,0.007434138670906633
KIC9697131,0.6182819613006137,-0.6544898888338102,0.9264835144657307,0.6149061719772094,0.08146425476962159,0.03149962460259528,0.36366009661543575,0.050358160694970774,0.9598858033154964,0.8107905796439878,0.20147922537779675,0.05500224903639183
KIC6442183,-0.24476688270798588,-0.731911682720435,-0.18298927621950895,0.14558165632568373,0.09917387537171324,0.031337392763634,0.45387523255305257,0.0530883949352065,-0.21887072049982206,0.41678123008593637,0.16555569154709537,0.05575604003179975
ZTF_J034350.31+515137.1_B,-0.8066695315848847,-1.0600326187161337,0.5028666307495483,0.013038013239480225,0.15603356391816214,0.6304346073625193,0.27736819767130994,0.5044647964791839,-0.8380490068859588,0.4372251114309298,0.142377894730502,0.5426921229761842
KIC9702369,0.5474434788922472,0.2266438606377806,0.5230388633074617,0.0725390139737009,0.059032068673638825,0.02473148511606831,0.5043058139478362,0.054678263498913,0.44666315951950075,-0.19839374493158748,0.16276378519819887,0.03416874355438904
KIC10068307,0.194431708223887,-0.8771697150601035,-0.7881562529569125,0.6979885251968786,0.0909093857574038,0.016221709195292894,0.5043058139478362,0.018296582050461977,1.0691525597365799,1.1087136868805714,0.05032893023031698,0.03345362401907985
*_tau_Cet,-0.6733397012786038,1.3842840168473192,-2.2002125320108536,-0.8725325831221409,0.01770962060209165,0.1843376044919647,0.050430581394783625,0.002489417458956053,-1.2585604634155811,-1.2633341095389625,0.04304447980224479,0.007434138670906633
alf_Cen_A,-0.1692058348057282,0.37411394423135247,1.5820810725979177,-0.16930447231079776,0.03069667571029219,0.014747008359357177,0.2017223255791345,0.011582948045126946,-0.13609287472627468,-0.48646661842921957,0.02317779681659335,0.005575604003179975
ASAS_J163903-2847.2_B,0.737219773264261,0.4257284734891035,-0.5864339273777779,0.13906602898438608,0.19455789193457884,0.011060256269517883,0.806889302316538,0.14326345422600675,-0.016892776812365916,-0.48646661842921957,0.003311113830941907,0.0037170693354533165
GJ_1081_B,-3.3049893227494227,2.9327198945798223,-0.23341985761429254,-3.7053955630853004,0.12868990970853264,0.14747008359357175,0.5043058139478362,0.13286736029051582,-3.116095322573991,-2.3208403354754314,0.02317779681659335,0.02044388134499324
DS_And_B,0.003581030202013089,0.2671981336260133,0.22045537493876002,-0.07640237822135257,0.07048428999632476,0.09216880224598235,0.10086116278956725,0.058273898384813165,-0.19569292368322905,-0.4288520437296933,0.05628893512601242,0.01115120800635995
ASAS_J065134-2211.5_B,-2.355848109787188,1.417464785655874,0.8256223516761634,-1.822580409521662,0.056269367859712524,0.03318076880855364,0.6555975581321871,0.06902018590386345,-1.5631829358622364,-1.4789241309952552,0.006622227661883814,0.005575604003179975
CM_Dra_A,-3.3498536949413884,2.9105993820407856,-1.1411703227203975,-3.6564398792241466,0.08264489614309437,0.02580726462887506,0.6051669767374034,0.053733303901190556,-3.049641267986987,-2.2945792406204535,0.0007946673194260577,0.00029736554683626535
KIC10081026,0.6324496577822871,-1.3807800505321515,-0.8587590669096093,1.018108220478185,0.07201912378183938,0.08243828372022771,0.5093488720873146,0.05675470626367687,0.6883744691782605,1.5895166054214582,0.2524836840852318,0.1659360980770989
KIC3735871,-0.07003195943401495,0.5731985570826753,0.6117966865622809,-0.2871700186863196,0.19716710936995369,0.11060256269517882,0.024206679069496136,0.07803997979846881,-0.28509299711866026,-0.7540956105818581,0.1324445532376763,0.05575604003179975
TIC327361036_A,1.8721230999287024,-1.0121048415482217,0.7751917702813799,1.1199618502890496,0.14876081305756986,0.14747008359357175,0.2017223255791345,0.028556545607782972,0.9830636001320902,1.2271023452147594,0.07284450428072195,0.17470225876630588
KIC11919192,0.9689324492220285,-1.0526591145364543,-1.0403091599308305,0.932819635871875,0.09563195125129491,0.07189166575186623,0.8825351744087133,0.05144695843614764,1.5029084715899697,1.4947313373673983,0.5628893512601242,0.19514614011129913
KIC7037405_B,0.1495673360319215,-0.7577189473493106,-0.9898785785360469,0.3838559631279853,0.16883171640660705,0.02617593983785899,0.5043058139478362,0.09069664386250767,-0.11953730557156476,0.4836884781240961,0.036422252140360975,0.026019485348173218
KIC10873176,0.648978637010906,-1.2296232148487405,-3.8492925436202783,0.695921052136202,0.10507708223907712,0.046194870962611115,0.5244780465057496,0.05289777074745449,-0.12284841940250704,0.9947855117489269,0.17364608694830178,0.07232311563298524
KIC9762519_A,-0.25657329644271365,1.0156088078633911,-1.882499869223717,-0.5552837682041347,0.1062577236125499,0.01843376044919647,0.14120562790539415,0.07068762093735381,-0.7486489334505273,-1.0588952960890303,0.06622227661883814,0.014868277341813266
KIC5773345,0.29124430084865466,-0.7429719389899534,1.6577269446900933,0.58872957189164,0.07201912378183938,0.023317066363553556,0.5043058139478362,0.05082985392663545,1.198285999143314,1.000361115752107,0.1523502494220408,0.035529801459803306
KIC6421967,0.5864046442168488,0.42941522557894074,-0.23341985761429254,0.05805339711096556,0.0861868202635127,0.05898803343742871,0.7564587209217543,0.052548931393973985,0.3109074924508828,-0.4009740237137932,0.34766695224890026,0.08363406004769962
UCAC4_625-128029_B,-0.5572708478524947,-1.2259364627589018,-0.1577739855221171,0.23753748447630402,0.05190099477786326,0.4866512758587868,0.10086116278956725,0.37145450749802916,-0.5301154206083616,0.7791954902926348,0.02317779681659335,0.4590580629284846
KIC7206837,0.416392286436769,-0.09041681908839978,1.3551434563213915,0.3581661030304634,0.0861868202635127,0.07373504179678587,0.1210333953474807,0.032553075826425325,0.8075745670921686,0.19375706995873757,0.0993334149282572,0.037170693354533164
V505_Per A,0.6430754301435421,0.4257284734891035,-0.23341985761429254,0.1695949161068083,0.02479346884292831,0.03686752089839294,0.15129174418435085,0.015936546582813193,0.4168631350410239,-0.36752039969471334,0.003311113830941907,0.026019485348173218
KIC10070754,0.6879398023355076,0.34830667960247863,-0.6872950901673451,0.12483304091946272,0.06847719966142105,0.054807510953445146,0.4992627558083579,0.0514729637330317,0.18177405304414868,-0.37495453836562,0.18555022822665787,0.05322033338960954
KIC4739932,-0.1078124833851438,-0.7872129640680249,0.41209158423893777,0.4228039988045168,0.1310511924554782,0.05956130126688617,0.5043058139478362,0.04967689353914398,0.06588506896118146,0.5933420235199688,0.20142034549609805,0.0882224708377599
KIC8738809,0.10706424658690153,-1.1522014209621156,0.7449334214445097,0.6955264631263143,0.06965784103489382,0.027431865118031553,0.5043058139478362,0.05222356444600427,0.6155299648975385,1.2586974345661124,0.1407417657754341,0.04949958136771213
KIC4349452,0.36798599012438515,0.2782583898955316,0.06916363075440918,0.11180820112551403,0.11216093047991378,0.03686752089839294,0.025215290697391812,0.03860083158733631,0.3440186307603019,-0.3080472903274602,0.06622227661883814,0.018585346677266582
KIC7177553_A,-0.19754122776907482,1.1262113705585675,1.4005309795766967,-0.5045972303116303,0.15348337855146096,0.02580726462887506,0.0655597558132187,0.05586395588379504,-0.3413819322446731,-1.0142904640635906,0.0463555936331867,0.009292673338633291
*_18_Sco,-0.1692058348057282,0.8681387242698192,0.5230388633074617,-0.38444016456241953,0.0354192412041833,0.1843376044919647,0.050430581394783625,0.006220306423235839,-0.29502633861148636,-0.8525979479713713,0.11588898408296676,0.016726812009539925
KIC5431016,0.7481525123826193,-1.111647147973883,-0.9596202296991767,0.8943993830485748,0.07319976515531215,0.058920392596836416,0.5093488720873146,0.05675972863689015,0.6287744202213061,1.2196682065438527,0.4302361862622002,0.11859476982883903
KIC8430105_B,-0.3687342269226274,1.4543323065542662,-1.9480596250369357,-0.8476120812619617,0.09445130987782213,0.014378333150373247,0.5043058139478362,0.035481726232550276,-1.1016136678289348,-1.3685271717322915,0.016555569154709536,0.007527065404292966
KIC7376493,-0.1939993036486565,-0.433284763443454,-0.24854903203272763,0.0733488987491338,0.0861868202635127,0.03970753663575884,0.5093488720873146,0.05476743541691333,-0.4936931684680006,0.015337741856978207,0.1888781343713934,0.0677874928030924
KIC12265063,0.2617282665118353,-0.547574078228471,-0.9797924622570902,0.31099746971185455,0.0708384824083666,0.08687540783641617,0.5093488720873146,0.05570242795636025,-0.08642616726214566,0.288542338012797,0.2421581974480661,0.10475907762160268
KIC11133100,0.30068943183643687,-1.3107317608252043,0.37174711912311087,1.2376980080131337,0.0602127100471116,0.09585555433582166,0.7564587209217543,0.05451410779802182,0.8406857054015877,1.6434141107855311,0.6953339044978005,0.2509021801430989
EPIC219511354_B,-1.5102609516922507,1.0672233371211388,0.7247611888865964,-1.1526718927414212,0.0664228836715784,0.062674785527268,0.15129174418435085,0.07230490827371625,-1.0731380888828346,-1.179700049491263,0.02317779681659335,0.013009742674086609
LINEAR_23079661_B,-2.6267108536893127,0.7980904345628721,-0.6368645087725615,-1.9296129883523323,0.13572653229443038,0.9548687912683772,0.5043058139478362,0.667946725186602,-2.1757389945864896,-1.436177833637542,0.036422252140360975,0.293648477500812
KIC3967859,0.28770237672823634,0.07180027286453093,-1.5193996831812748,-0.032303322778949935,0.09209002713087658,0.058292667752259934,0.5043058139478362,0.055382589452501046,-0.45727091632763955,-0.37495453836562,0.19903392642472328,0.06317100884687611
HIP92984,0.12123194306857485,0.09392078540356753,0.1700247935439764,-0.330849110933453,0.07319976515531215,0.4055427298823223,0.15129174418435085,0.0025927096454689855,-2.14262785627707,-0.9250808000127109,0.10264452875919912,0.037170693354533164
HS_Aur B,-0.9059260518527408,1.0893438496601753,0.3213165377283273,-0.8675737036685437,0.08500617889003992,0.11060256269517882,0.050430581394783625,0.05945103762091447,-0.8910268281810294,-1.13695375213355,0.05628893512601242,0.05575604003179975
KIC3656476,-0.33449562709191694,0.09392078540356753,1.5467796656215693,-0.1392932324897746,0.06611591691447549,0.026585549055296403,0.5043058139478362,0.05304682278288605,-0.23542628965453197,-0.31548142899836684,0.1345522808245714,0.034269686147797275
KIC6047087,0.2617282665118353,0.12710155421211916,-0.5763478110988212,0.02744219360432564,0.07201912378183938,0.042994548943505226,0.5043058139478362,0.051369498910894894,-0.1658928992047515,-0.31733996366609374,0.202528757406575,0.050704231500361845
KIC6370489,0.395140741714259,-1.0563458666262933,-1.9077151599211088,0.5809407022379585,0.09445130987782213,0.0317146396712268,0.5043058139478362,0.05336217038053997,0.2148851913535678,0.9594733530621202,0.19810414082764108,0.06719669622731146
TIC219488423_B,-1.5198595660585845,1.4580190586441035,-2.3515042761952047,-1.667524320326561,0.1416769648167332,0.6636153761710729,0.6555975581321871,0.06482774862425665,-1.9572054817443234,-1.7130994991288142,0.05297782129507051,0.01115120800635995
KIC6933899,-0.008638608013430579,-0.4222245071739357,0.5507756830745927,0.2285071202376956,0.13459311657589654,0.03686752089839294,0.02622390232528748,0.047959414751727526,-0.020203890643308194,0.23092776331327078,0.0993334149282572,0.018585346677266582
KIC10324098,0.4754243551104078,-1.0784663791653297,-0.22333374133533582,0.7514383527188967,0.08028361339614881,0.06004694790280047,0.5093488720873146,0.05522988030955671,0.5956632819118871,1.1601950971765995,0.40821315694971694,0.13213908561720586
KIC2865774,0.12595450856246596,-0.6434296325642919,0.06916363075440918,0.4172585910594287,0.07438040652878493,0.0866386741112234,0.7564587209217543,0.055304038167873076,0.4433520456885592,0.5654640035040691,0.5297782129507052,0.17656079343403255
KIC8228742,0.24401864590974362,-0.6802971534626874,0.06916363075440918,0.4606688556910222,0.10035451674518601,0.03686752089839294,0.025215290697391812,0.03475003314422247,0.3109074924508828,0.6026346968586024,0.06622227661883814,0.018585346677266582
KIC8696343,0.24874121140363473,0.5031502673757283,0.08933586331232261,-0.04003210919422471,0.07674168927573048,0.07065370048449932,0.4992627558083579,0.05274480440302279,-0.08973728109308794,-0.5626665398060124,0.20216783606566086,0.06264893159043435
KIC9458636,0.29832814908949135,-0.5955018553963815,0.07420668889388754,0.4186496102822582,0.06611591691447549,0.06364644563092955,0.5043058139478362,0.052987099002015176,0.19170739453697405,0.46324459677910307,0.29409220169683065,0.1115139599714159
KIC4543171,0.19088978410346866,-0.3337424570177926,1.0626460842316465,0.33248377103121735,0.06965784103489382,0.05307901226026885,0.5043058139478362,0.05277006017793318,0.5592410297715257,0.32943010070278356,0.22857748692586793,0.0814581136782106
EF_Aqr B,-0.9236356724548325,0.9160665014377296,0.37174711912311087,-0.763282133559248,0.12987055108200543,0.040554272988232234,0.5043058139478362,0.05964648523570555,-0.662559973846038,-0.984553909379964,0.019866682985651443,0.0223024160127199
BEPOP-3_B,-3.277834571159549,2.8552981006931977,0.2708859563335436,-3.5050954054274053,0.03778052395112885,0.00589880334374287,0.5043058139478362,0.029814812343563785,-2.927361834210302,-2.2520745527695447,0.013244455323767628,0.0037170693354533165
KIC3952580,0.17436080487484978,-1.7273347469770446,-0.001439183198287885,1.0909707967834075,0.11924477872075043,0.036369092292983164,0.5043058139478362,0.055175014800193586,1.0327303075962184,2.273457363144868,0.20868193599428145,0.0873972331233879
KIC4932691_A,1.9040004170124676,-0.18258562133438017,-2.1180106843373565,0.9274168338503235,0.5312886180627494,0.011060256269517883,0.054465027906366315,0.05013972605027364,1.4929751300971437,0.49112261679500274,0.07946673194260577,0.018585346677266582
IM_Vir A,-0.46908874366781345,0.6432468467896192,-0.13255869482472535,-0.4556791661714013,0.11806413734727765,0.05161452925775012,1.2607645348695906,0.052150457802412745,-0.5466709897630712,-0.7875492346009381,0.039733365971302885,0.029736554683626532
HIP32851,0.7800298294663842,-0.05354929819000435,-1.5950455552734504,0.34164341410143706,0.10507708223907712,0.22120512539035764,0.15129174418435085,0.0019233487332829837,0.1122406625943682,-0.1091840808807078,0.3278002692632488,0.07248285204133967
TIC278683641_A,-0.03225143548288611,-0.2821279277600416,1.837764120269471,0.2228825917199725,0.12987055108200543,0.003686752089839294,0.01966792674396561,0.02968247243038278,0.42017424887196547,0.23464483264872407,0.02317779681659335,0.005575604003179975
ASAS_J045021+2300.4_B,-2.80767956341522,2.3022852872173023,-0.9394479971412633,-2.7244997417806367,0.050850223955472486,0.07004828970694658,1.3111951162643742,0.07429340518082425,-2.440628101061842,-2.003030907294173,0.006622227661883814,0.007434138670906633
KIC9715099,0.3042313559568552,-1.565117655024117,-0.7377256715621289,0.9419637323614245,0.06257399279405716,0.07004828970694658,1.7650703488174266,0.053572598865882906,0.7413522904733311,1.8664382709127303,0.5297782129507052,0.19514614011129913
KIC8216936,0.5545273271330838,-0.6913574097322024,-0.16281704366159547,0.9351016146530415,0.059032068673638825,0.08328043375310133,0.5043058139478362,0.05241959420720766,0.7678412011208656,0.7624686782830947,0.3263703664109135,0.16196477097715986
KIC9821513,0.6879398023355076,-0.5770680949471854,-1.1764717296967462,0.6513572869968268,0.07674168927573048,0.05031510030291744,0.5093488720873146,0.05186381532671185,0.47977429782891984,0.537585983488169,0.272610312684409,0.10723651269708832
2MASS_J05282082+0338327_B,-1.4360340285420174,-0.44803177180280956,0.49782357261007,-0.2399823887301481,0.03069667571029219,0.022120512539035766,1.3868409883565498,0.015305106255917439,0.5989743957428286,0.46324459677910307,0.026488910647535256,0.018585346677266582
KIC2998253,0.43174062429191506,0.09392078540356753,0.6592014330733775,0.27720343112707446,0.06375463416752994,0.11031073967688364,0.5043058139478362,0.05121439354722019,0.3837519967316048,-0.11290115021616112,0.2014072202408722,0.11412509896016514
G250-29_B,-3.1739381302939447,2.858984852783038,-0.3342810204038599,-3.6475387630770135,0.12868990970853264,0.14747008359357175,0.5043058139478362,0.13666260360701293,-3.1756953715309453,-2.331991543481791,0.013244455323767628,0.02044388134499324
KIC3425851,0.44354703802664286,0.141848562571478,0.2910581888914571,0.18080743983917,0.10035451674518601,0.029494016718714353,0.36366009661543575,0.0361772030719303,0.10561843493248438,-0.23370590361839383,0.16224457771615344,0.030665822017489863
V432_Aur_B,0.8473263877543324,0.33724642333296034,-2.6540877645639065,0.17097884710743694,0.10035451674518601,0.01843376044919647,0.2521529069739181,0.033671226089012164,-0.22218183433076433,-0.48646661842921957,0.016555569154709536,0.013009742674086609
KIC9446628,0.3904181762203679,-0.8830685184038475,-0.9797924622570902,0.5936355473343109,0.06965784103489382,0.10975470925682221,0.5093488720873146,0.05127354544189548,0.2215074190154516,0.7568930742799149,0.24433219863384448,0.1657161507211141
KIC6671492,0.16019310839317646,-1.4545150923289374,0.7096320144681613,0.8767638516801713,0.12160606146769598,0.046194870962611115,0.5043058139478362,0.05455757941626906,0.8837301852038328,1.78280421086503,0.2180676142927986,0.08982242571863108
KIC9049593,-0.21170892425074814,-0.0277420335611305,1.3904448632977402,0.15440046306920602,0.06965784103489382,0.07120300995550097,0.5043058139478362,0.05150350852075125,0.036085044482704644,-0.1333450315611546,0.30929732976447666,0.09739755840503546
EPIC211396167_A,-1.4989858265755855,-0.27475442358036384,-0.7578979041200423,-1.4673735319967602,0.051039126575228126,0.7373504179678588,0.8573198837113216,0.3490438375108635,-1.3247827400344192,-1.532821636359328,0.036422252140360975,0.15425837742131265
AD_Boo B,0.20978004607903308,0.5400177882741205,0.8760529330709471,-0.04262997925582795,0.1416769648167332,0.02580726462887506,0.7564587209217543,0.053501311160585874,0.20826296369168396,-0.49761782643557956,0.019866682985651443,0.018585346677266582
EPIC206078331,-0.18691545540781984,0.37411394423135247,-0.5360033459829943,-0.2217893171868719,0.09209002713087658,0.04424102507807153,0.5547363953426199,0.05404017417423242,-0.6824266568316895,-0.6611688771955256,0.1324445532376763,0.05575604003179975
KIC10191056_Ab,0.728435801445624,-0.20470613387341677,0.9870002121394711,0.5121009022088693,0.18335360530032221,0.05898803343742871,0.03530140697634854,0.06110731366142775,0.8837301852038328,0.3219959620318769,0.05297782129507051,0.05575604003179975
UCAC4_473-001351_B,0.1799452385713755,-1.28123774410649,0.7701487121419015,0.48767501676575914,0.3483954628980816,0.46453076331975107,0.1210333953474807,0.45432413139811345,-0.7089155674792244,0.7364491929349215,0.07615561811166387,0.4441897855866713
V443_Cyg_B,0.2747153216200358,0.7096083844067289,-0.7024242645857803,-0.1450956394064045,0.6493527554100271,0.7262901616983409,0.12607645348695906,0.3257529877080051,-0.15264844388098386,-0.716924917227325,0.9933341492825721,0.3717069335453317
V1229_Tau B,1.5285564602481245,0.09760753749340478,0.6743306074918127,0.6980868041547909,0.4486437219196551,0.08848205015614306,0.2521529069739181,0.17555774405842767,1.3870194875070025,0.18818146595555738,0.0496667074641286,0.07805845604451965
KIC7739672,0.12005130169510207,-0.5549475824081488,0.8004070609787717,0.43645385901800887,0.06493527554100272,0.08423240107047501,0.4992627558083579,0.052387054388418786,0.2711741264795799,0.4595275274436497,0.32018508491905917,0.09811348919072711
AL_Ari_A,0.47301584670852337,0.09023403331372701,-1.746337299457801,0.19470952824427676,0.030070935782351618,0.01843376044919647,0.403444651158269,0.024402563031173267,0.059262841299297646,-0.2114034876056739,0.003311113830941907,0.007434138670906633
WZ_Oph B,0.17436080487484978,0.06074001659501264,-0.9898785785360469,0.1339504436665675,0.11806413734727765,0.029494016718714353,0.35301406976348537,0.04435010944312034,0.2446852158320446,-0.12405235822252109,0.019866682985651443,0.0223024160127199
KIC3230227_B,2.6088433169757153,0.0791737770442087,-0.30906572970646806,1.0637259138375341,0.0354192412041833,0.21751837330051832,0.025215290697391812,0.05966189138639652,1.9333532696124172,0.3610251900541365,0.5628893512601243,0.14868277341813266
EPIC206245055,-0.15621877969752765,0.8828857326291747,-1.3933232296943157,-0.42353599358682564,0.08382553751656714,0.04424102507807153,0.403444651158269,0.053231651679632605,-0.8810934866882036,-1.0328758107408569,0.1324445532376763,0.037170693354533164
EPIC219511354_A,-1.1007200720620138,0.9787412869649956,0.7247611888865964,-0.8800462410687288,0.07728478430752794,0.05898803343742871,0.15129174418435085,0.07662305219071128,-0.7751378440980625,-1.0514611574181236,0.019866682985651443,0.013009742674086609
HD181420,0.7457912296356737,-0.12728433998679192,0.36771267261152824,0.48818709688155315,0.01770962060209165,0.03686752089839294,0.02571959651133965,0.009485706742084323,0.9069079820204259,0.24951310999053736,0.06622227661883814,0.018585346677266582
KIC12304142,0.2581863423914169,-0.5881283512167037,0.6743306074918127,0.48324046803199777,0.06611591691447549,0.04608440112299118,0.6303822674347953,0.05330632966538035,0.708241152163912,0.6398053902131355,0.33111138309419075,0.08363406004769962
KIC8952800,0.18262529448915923,-0.9715505685599906,0.5230388633074617,0.6620740841761208,0.06493527554100272,0.03970753663575884,0.5043058139478362,0.05298973234783651,0.48639652549080364,0.9817757690748402,0.21433648732795862,0.08740101709997139
EPIC205995584,0.5498047616391928,-0.4517185238926501,0.01873304935962551,0.5282896722493902,0.08382553751656714,0.04792777716791082,0.403444651158269,0.04962085843820367,0.5426854606168166,0.41678123008593637,0.23177796816593352,0.07434138670906633
KIC6603624,-0.13260595222807212,0.4625959943874956,1.7737172818980957,-0.24257553450427385,0.16528979228618873,0.03686752089839294,0.05547363953426198,0.06306687233093111,-0.549982103594013,-0.642583530518259,0.0993334149282572,0.037170693354533164
KIC10794845,0.5084823135676456,0.6395600946997819,-0.6116492180751698,-0.10560609613946133,0.06493527554100272,0.11395040456903151,0.5043058139478362,0.05082495266388436,-0.013581662981424375,-0.6370079265150789,0.1823016778915516,0.0856780160728887
HAT-TR-318-007_B,-3.385272936145572,2.726999127966791,1.8745784446876628,-3.5007235363531817,0.12987055108200543,0.014193995545881282,0.403444651158269,0.08647796027544787,-2.893919584517789,-2.219921903017874,0.013741122398408915,0.004367556469157647
KIC9948002_B,-1.4561049318910546,1.5059468358120172,0.37174711912311087,-1.3766821453688989,0.1770962060209165,0.014747008359357177,1.2607645348695906,0.08488563526773624,-1.3115382847106516,-1.447329041643902,0.03311113830941907,0.009292673338633291
ASAS_J085002+1752.5_B,-0.28259463231405363,-2.158684741488242,0.3213165377283273,0.9905563510696758,0.12172412560504325,0.040554272988232234,1.3616256976591579,0.10407370585576052,1.4135083981545378,3.226885647688644,0.003311113830941907,0.03345362401907985
KIC8077137,0.1235932258155204,-0.547574078228471,0.2103692586598033,0.2762324422300665,0.08854810301045825,0.04239764903315188,0.36366009661543575,0.047517013426498854,-0.09635950875497176,0.27181552600325687,0.14734456547691485,0.025090218014309884
KIC2849125,0.2251283839341792,-1.4176475714305452,1.849363153990271,0.7991345594384978,0.06611591691447549,0.05579068294050722,0.5093488720873146,0.028178133017556277,1.2843749587478035,1.9482137962927024,0.4589780913381786,0.19668891903165237
ASAS_J065134-2211.5_A,-0.557152783715148,0.7980904345628721,0.8256223516761634,-0.5650496294150608,0.05190099477786326,0.011060256269517883,0.6555975581321871,0.04540125936988513,-0.6294488355366189,-0.908353988003171,0.016555569154709536,0.0037170693354533165
TIC196817076_A,-0.8055715351075547,0.2782583898955316,0.11959421214919277,-0.9529151169671191,0.1770962060209165,0.9954230642566094,0.7564587209217543,0.07069652090502888,-0.5201820791155358,-1.2967877335580424,0.003311113830941907,0.009292673338633291
KIC7282890,0.4411857552796973,-1.2075027023097056,0.30114430517041385,0.8901634938054511,0.0554901445532205,0.05288808274304024,0.4992627558083579,0.05278807709353366,1.489664016266202,1.6861604081432437,0.5132712840581721,0.16984831819900018
TYC_2271-1530-1_A,0.6196042796389032,-0.731911682720435,-0.1376017529642037,0.5238774499419466,0.016410915091271596,0.08479529806630376,0.0655597558132187,0.13312363309993866,-0.0764928257693203,0.44094218076638314,0.10264452875919912,0.14868277341813266
KIC6116048,-0.04523849059108665,0.24139086899713616,-0.5823994808661953,-0.12758406948322962,0.1759155646474437,0.03686752089839294,0.03126696046476585,0.06545144231144884,-0.48375982697517483,-0.4939007571001262,0.03311113830941907,0.037170693354533164
KIC11817562,0.3302054661732563,-1.458201844418776,0.6692875493523344,0.980055362739583,0.06847719966142105,0.08970254943548435,0.5043058139478362,0.05466043069205671,0.9996191692867994,1.842277320232283,0.256530547276092,0.18310343855893008
V818_Tau_A,-0.37538123785527927,1.1557053872772818,0.623900026097029,-0.592135370918075,0.02668249504048475,0.05161452925775012,0.2521529069739181,0.030045879797367947,-0.404293095032569,-1.0458855534149436,0.003311113830941907,0.013009742674086609
KIC11853905,-0.2199734138650576,-0.3779834820958625,1.264368409810781,0.12805178730080954,0.08972874438393103,0.016590384404276824,0.36366009661543575,0.0327577307008938,-0.09635950875497176,0.12870835658830426,0.08277784577354769,0.0223024160127199
KIC9850387_A,1.606773951240696,-0.7835262119781861,-0.6368645087725615,1.0997603197311263,0.043258699924042535,0.011060256269517883,0.2521529069739181,0.028476987943303386,1.7015753014464836,1.2419706225565725,0.013244455323767628,0.0018585346677266583
KIC4346201,0.21214132882597864,-0.9862975769193478,-1.3277634738810973,0.6175982533939478,0.0602127100471116,0.039190712980796814,0.4992627558083579,0.061965613374347604,-0.013581662981424375,0.7736198862894547,0.18603898836147087,0.06074622512925984
BEPOP-3_A,0.11532873620121097,-0.05539267423492625,0.2708859563335436,0.0872210103219581,0.04250308944501996,0.015115683568341106,0.5043058139478362,0.008706057749591876,-0.20562626517605442,-0.18538400225750107,0.08608895960448958,0.018585346677266582
TIC252991035_B,-0.7052170183623687,0.8681387242698192,-0.6368645087725615,-1.0813425309634082,0.15348337855146096,0.4424102507807153,0.7060281395269707,0.06059361030875139,-1.3976272443151412,-1.4826412003307086,0.029800024478477162,0.009292673338633291
KIC9641031_A,0.3455538040284024,0.46628274647733614,-1.8320692878289333,0.030630200609317787,0.1416769648167332,0.05898803343742871,0.06051669767374035,0.050582337557921714,0.21223630028881382,-0.44929592507468635,0.025164465115158494,0.004274629735771314
KIC12156916,0.6832172368416165,-0.21576639014293506,-1.746337299457801,0.3419930139407938,0.06611591691447549,0.06083140948234835,0.8825351744087133,0.05415573812699527,0.4433520456885592,0.17517172328147096,0.4966670746412861,0.12080475340223279
V568_Lyr A,-0.3569278131878997,-0.09779032326807756,1.7838033981770525,-0.07263344610239017,0.11806413734727765,0.03686752089839294,0.2521529069739181,0.0489490673100493,-0.23542628965453197,-0.15936451690932782,0.026488910647535256,0.029736554683626532
V1130_Tau B,0.8060039396827853,0.012812239427102181,-0.8890174157464795,0.40174731293312343,0.08264489614309437,0.022120512539035766,0.5043058139478362,0.02921521435461878,0.5294410052930488,0.007903603186071568,0.026488910647535256,0.018585346677266582
KIC5084157,-0.1939993036486565,-0.012995025201774946,1.0021293865579062,0.08880180394010884,0.09799323399824046,0.041219141860113856,0.5043058139478362,0.05196830215629527,-0.14602621621910003,-0.20025227959931435,0.258053859960712,0.08730651339991949
V*_MW_Aur_A,1.2285318744212226,-0.6950441618220429,0.17506785168345476,1.0600068012433954,0.08112186877131447,0.21014486912083977,0.18155009302122102,0.5352244098927129,0.8804190713728905,1.4742874560224049,0.3642225214036098,0.7917357684515565
KIC11502597,-0.19990251051602037,-0.529140317779275,-0.13255869482472535,0.08378203644919686,0.06965784103489382,0.04424102507807153,0.6303822674347953,0.05539078669154438,-0.21887072049982206,0.23092776331327078,0.49666707464128607,0.16726812009539924
KIC5512589,-0.21052828287727537,-0.5623210865878299,0.5331249795864185,0.23525743971324767,0.06611591691447549,0.028794455509667347,0.5043058139478362,0.05166114885735466,-0.04669280129084347,0.32013742736415,0.1422509251039838,0.04688337880126068
KIC2991448,-0.15503813832405489,-0.7761527077985066,-0.05691282273254992,0.20635080756537477,0.08264489614309437,0.02807746702349167,0.5043058139478362,0.03698879853299912,-0.1096039640787394,0.5041323594690892,0.1791888666679448,0.0765918082797605
KIC3545753,0.28179916986087244,-1.4397680839695801,-1.3328065320205755,0.8490610822313188,0.06847719966142105,0.05655008935285254,0.5295211046452281,0.05564497433510147,0.3705075414078372,1.5058825453737579,0.19727865200511968,0.10652647067849134
KIC10516096,-0.003916042519539472,-0.13097109207663246,-0.18298927621950895,0.052497752233605165,0.0909093857574038,0.038526559338820626,0.5043058139478362,0.046375863956925195,-0.28972855648197915,-0.16196646544414486,0.18244237208489908,0.04181703002384981
KIC10987439_A,0.6026974951707733,1.0635365850313014,-0.42505606691447034,-0.2416860004754859,0.19090971009054797,0.05161452925775012,0.06051669767374035,0.06913755961705143,-0.5294531978421733,-1.0291587414054038,0.011257787025202484,0.027878020015899875
KIC8656342,0.12595450856246596,-0.4406582676231318,0.11959421214919277,0.3041618543125869,0.08382553751656714,0.06139224558375888,0.4992627558083579,0.055837240111601176,0.042707272144588464,0.25137164465826384,0.30824133940817117,0.0827602030664199
TIC446092483_A,0.43528254841233344,-1.1964424460401872,-0.8890174157464795,0.6755709662546938,0.1416769648167332,0.11060256269517882,0.050430581394783625,0.021410447459616656,0.6486411032069577,1.3163120092656388,0.06291116278789623,0.12823889207313943
KIC9292130,0.24637992865668917,-1.1558881730519546,0.6188569679575506,0.7105393339311067,0.06139335142058438,0.04315232718594199,0.5043058139478362,0.05232016441122702,0.6651966723616668,1.2828583852465596,0.19937081404589554,0.09563718967992345
KIC10003270,0.7398880227683098,-1.3144185129150447,-0.5410464041224726,0.9748629165554001,0.08146425476962159,0.08336251007150138,0.5043058139478362,0.05893487010129342,0.8936635266966583,1.6285458334437177,0.5143788963346589,0.19833003116274034
KIC10214328,1.1283190346408534,-0.6323693762947736,-2.5733988343322527,0.6875813624332188,0.09445130987782213,0.08115449765451223,0.5143919302267929,0.04709206434089883,0.2777963541414637,0.5190006368109025,0.24531822184378835,0.09810246715088015
NGTS-EB-8_B,-3.1491446614510163,3.0101416884664474,0.37174711912311087,-3.6258306796238164,0.11806413734727765,0.07742179388662516,2.5215290697391812,0.08096408099959804,-3.1061619810811654,-2.3282744741463377,0.014900012239238583,0.01022194067249662
KIC11611414,0.36798599012438515,-0.4812125406113645,-0.001439183198287885,0.47709058828942585,0.06493527554100272,0.08051988227027983,0.5043058139478362,0.056236140291063434,0.4168631350410239,0.40934709141502973,0.30776033555750715,0.10972128619670948
KIC10518551,0.3243022593058924,-1.1300809084230792,-0.9747494041176118,0.7742707483695681,0.0708384824083666,0.03464280565106076,0.5093488720873146,0.053602958651391606,0.3440186307603019,1.1044390571448002,0.18180503399470715,0.06959746303068402
KIC9850387_B,0.23451448285328755,0.7059216323168884,-0.6368645087725615,-0.18099585325432058,0.0363991735441657,0.011060256269517883,0.2521529069739181,0.028509102023114616,-0.27847076945677646,-0.7522370759141317,0.006622227661883814,0.0018585346677266583
KIC9073645,0.5557079685065566,-1.3586595379931163,-0.3947977180776001,0.8732940658347779,0.0755610479022577,0.07881375663216073,0.5043058139478362,0.05499935083043721,0.7512856319661565,1.5913751400891847,0.24516620529669594,0.15547884275471738
EPIC204624076,0.48841141021860834,-0.7540321952594716,-0.2838504390090762,0.6798366061687952,0.08382553751656714,0.05161452925775012,0.5547363953426199,0.04850768572769848,0.2446852158320446,0.6398053902131355,0.16555569154709537,0.07434138670906633
UCAC4_576-009710_A,0.23283797210295612,0.2487643731768172,-0.06699893901150658,-0.12277578064220829,0.016670656193435603,0.08479529806630376,0.0655597558132187,0.4047744695011178,0.3936853382244302,-0.6593103425277987,0.029800024478477162,0.299224081503992
ASAS_J051753-5406.0_B,0.42937934154496954,0.46148996876054316,0.37174711912311087,-0.005069139899677709,0.050767579059329396,0.009585555433582164,1.0086116278956725,0.01838016605804976,-0.18708402772278032,-0.5654543418076026,0.011257787025202484,0.006876578270588636
ASAS_J231922-0852.2_B,0.3188122769192444,0.5363310361842799,-1.5950455552734504,-0.11908253445284943,0.051546802365821424,0.06636153761710728,0.35301406976348537,0.045975924691181405,-0.4638931439895234,-0.6983395705500584,0.003311113830941907,0.018585346677266582
KIC3430893,0.35736021776313015,-0.07566981072904096,-0.18298927621950895,0.3361991990123307,0.0708384824083666,0.0667699191460988,0.5043058139478362,0.050633631850608186,0.1784629392132064,-0.03670122883936827,0.22095956925721086,0.08921518389884274
KIC6766513,0.7398880227683098,-1.0637193708059727,-1.6303469622497988,0.7526991824740177,0.0909093857574038,0.029723546530323563,0.5143919302267929,0.058042321487735186,0.41355202121008167,1.0561171557839066,0.17562996066679362,0.0631354931786432
EPIC205974115,0.18144465311568644,0.09392078540356753,0.01873304935962551,0.3144785157954125,0.08382553751656714,0.04424102507807153,0.403444651158269,0.08473709280576623,0.012907247666110904,-0.23370590361839383,0.1324445532376763,0.05575604003179975
LV_Her B,0.07400628812966378,0.24139086899713616,0.7751917702813799,0.002842448201374548,0.1770962060209165,0.029494016718714353,1.0590422092904561,0.06953045566430648,0.07581841045400756,-0.32105703300154703,0.026488910647535256,0.02044388134499324
TIC100520485_B,0.28534109398129076,0.4625959943874956,-1.746337299457801,-0.1009399761398786,0.17001235778007984,0.11060256269517882,0.2521529069739181,0.03033116181722135,-0.43409311951104657,-0.642583530518259,0.0496667074641286,0.08177552537997296
KIC11098033,0.4612566586287345,-1.2075027023097056,-0.3342810204038599,0.7181016308194287,0.07792233064920326,0.094012178290902,0.8825351744087133,0.05513846296021183,0.7744634287827494,1.438975297335598,0.5794449204148338,0.1951461401112991
KIC6129877,0.11414809482773819,0.12341480212228191,0.1296803284281495,0.08932783875010301,0.08500617889003992,0.06004694790280047,0.5043058139478362,0.05289108857328057,-0.10298173641685558,-0.2931790129856469,0.2282252109031664,0.07152340768007646
KIC8408931,0.3361086730406202,-1.8711180784807775,-0.253592090172206,1.077813837659638,0.1416769648167332,0.04459470995305817,0.5093488720873146,0.05467689370739405,1.1486192916791857,2.5652473059779535,0.24590120303377463,0.09897460591685958
KIC5021689,0.23693479766890696,-0.6950441618220429,-0.031697532035158085,0.4631693449896951,0.09917387537171324,0.03871089694331258,0.45387523255305257,0.0516414375542126,0.2446852158320446,0.5654640035040691,0.24833353732064306,0.07434138670906633
KIC9948002_A,0.15665118427275815,-0.6987309139118835,0.37174711912311087,0.44775039693569074,0.1770962060209165,0.014747008359357177,1.2607645348695906,0.05909499907842111,0.3440186307603019,0.6212200435358689,0.0993334149282572,0.018585346677266582
KIC9206432,0.49903718257986335,0.05705326450517211,1.4988706132965248,0.3133301043201602,0.03778052395112885,0.03686752089839294,0.019163620930017777,0.020635808410603213,0.6420188755450738,0.026488949863338166,0.0993334149282572,0.037170693354533164
ASASSN-V_J064057.24+213910.5_B,3.2484203618133867,1.9999716158504806,-2.67425999712182,0.49590507472963175,0.4914891973629822,0.6783623845304301,0.050430581394783625,0.3842131826325416,2.0823533920048027,-1.027300206737677,0.07615561811166387,0.1654095854276726
KIC11454149,0.5521660443861383,0.6100660779810675,-0.8032854273753476,-0.054125713019233954,0.06139335142058438,0.06356532049456869,0.5043058139478362,0.05183432769852381,-0.016892776812365916,-0.6184225798378122,0.18611099515395235,0.05504791695024721
Kepler-35A,-0.4265856542227935,0.5816780868893057,-1.3428926482995323,-0.47829431268927725,0.1770962060209165,0.007373504179678588,1.0086116278956725,0.06606027384616482,-0.8559290215730454,-0.8499959994365539,0.017217791920897917,0.0036241426020669834
KIC10666592,0.4518115276409523,-0.6913574097322024,1.3954879214372184,0.6424976406747328,0.09445130987782213,0.029494016718714353,0.36366009661543575,0.03373699092414957,1.1618637470029534,0.9297367983784941,0.1357556670686182,0.030665822017489863
V565_Lyr A,-0.4336695024636301,0.543704540363961,1.7838033981770525,-0.39700714500501694,0.11216093047991378,0.01843376044919647,0.2521529069739181,0.04567116946619533,-0.5003153961298844,-0.7150663825595985,0.009933341492825721,0.013009742674086609
EPIC206088888,-0.0027354011460666953,0.13816181048163748,0.2708859563335436,0.02831328067519208,0.08382553751656714,0.04424102507807153,0.403444651158269,0.052256296304699905,-0.21887072049982206,-0.3452179836819934,0.1986668298565144,0.05575604003179975
NGTS_0002-29_B,-3.233572326068055,2.593538702314609,0.5734694447022454,-3.470126354682104,0.022869023404167684,0.062674785527268,0.2017223255791345,0.0426880567295659,-3.053184159786095,-2.2483574834340914,0.003311113830941907,0.0037170693354533165
Cl*_NGC_2632_KP_401228_A,0.47169352837023404,-0.1567783567055063,-0.08212811342994168,0.14148723324651116,0.013152344900486732,0.05898803343742871,0.045387523255305255,0.4281878507867612,-0.5400487621011874,-0.31733996366609374,0.09602230109731531,0.3661313295421517
KIC7833440,0.42465677605107843,-0.6139356158455775,-1.9833610320132842,0.41384509562029864,0.06965784103489382,0.04454719509212432,0.5194349883662712,0.05405810907906057,-0.18575958219040295,0.3127032886932434,0.1905925711685631,0.06483596133141437
KIC11189107,0.9771969388363378,-1.089526635434848,-0.13255869482472535,0.9874862857150815,0.110980289106441,0.09769893038074129,0.6303822674347953,0.053320311014529005,1.238019365114617,1.438975297335598,0.5463337821054146,0.2137314867885657
KIC9451741,-0.15621877969752765,0.2266438606377806,1.4106170958556534,-0.014325425799226922,0.08028361339614881,0.07226904906928636,0.5043058139478362,0.05196777877367123,-0.07318171193837802,-0.36194479569153354,0.26112453394970625,0.09928834608338585
V505_Per B,0.5840433614699032,0.4625959943874956,-0.23341985761429254,0.12977804646164093,0.01416769648167332,0.03686752089839294,0.15129174418435085,0.01453228930893954,0.35726308608406954,-0.4065496277169734,0.003311113830941907,0.026019485348173218
PTFEB_132.707+19.810_A,-3.198294761828688,2.6193459669434827,1.0777752586500817,-3.1078028742976227,0.04616307770278556,0.07004828970694658,0.2017223255791345,0.07366376944250948,-2.4869836946950286,-2.0866649673418722,0.003311113830941907,0.005575604003179975
KIC8367710,0.45417281038789786,-0.8277672370562575,0.44234993307580794,0.7259484851142872,0.07792233064920326,0.03643793685813278,0.5043058139478362,0.05328202460078774,1.022796966103393,1.03195620510346,0.3099466126978137,0.08355691134437497
EPIC211770390_B,-0.736256080070968,-1.6019851759225092,0.5432110958653752,0.22710524906639853,0.2836845092180388,0.5640730697454119,0.3378848953450503,0.538737697898596,-0.9506268771379838,0.952039214391214,0.0993334149282572,0.6170335096852506
KIC11807274,0.09171590873175543,-0.27475442358036384,-0.1880323343589873,0.2480815301086111,0.17001235778007984,0.03686752089839294,0.03530140697634854,0.05947220740286175,0.2115740775226255,0.19375706995873757,0.06622227661883814,0.018585346677266582
*_mu._Ara,0.007890371215188294,0.16765582720035185,1.8342339795718359,-0.049830892195386375,0.07201912378183938,0.22120512539035764,0.050430581394783625,0.006255519801977825,-0.7122266813101663,-0.3823886770365266,0.1953557160255725,0.04646336669316646
Kepler-34B,-0.1184382557463988,0.61117210360802,0.01873304935962551,-0.287305326334302,0.15348337855146096,0.008110854597646447,0.7564587209217543,0.05329384535710447,-0.4148886592915834,-0.7304922203017298,0.007284450428072196,0.005482677269793642
*_bet_Vir,0.1483866946584487,-0.38535698627554354,1.027344677255298,0.34460873411396803,0.015348337855146095,0.1843376044919647,0.050430581394783625,0.00261021337755667,0.7744634287827494,0.38518614073458335,0.06622227661883814,0.014868277341813266
KIC3112152,0.37152791424480347,-0.5623210865878299,-0.3141087878459464,0.4628819503739442,0.06965784103489382,0.05724169823764176,0.5043058139478362,0.05116694859615229,0.34732974459124344,0.474395804785463,0.30077937685650835,0.10386743074648346
KIC10016239,0.6076561889393588,0.3962344567703891,0.34653182842571906,0.14317645539812462,0.0602127100471116,0.03970753663575884,0.5043058139478362,0.051042900376310936,0.3903742243934886,-0.34893505301744676,0.1881997599919377,0.04669758201979537
KIC11133306,0.017335502202970508,0.40360796095006685,0.24567066563615184,-0.13853279367333307,0.09681259262476768,0.020277136494116117,0.36366009661543575,0.032389150602147865,-0.28840411094960255,-0.5515153317996525,0.11588898408296676,0.0223024160127199
KIC8016496,0.5651530994943388,-0.857261253774972,0.8155362353972067,0.6838719557636106,0.0861868202635127,0.10565312566521023,0.5043058139478362,0.05957988800623565,1.1717970884957787,1.1062975918125266,0.396274934376699,0.19465620435340103
RS_Cha A,1.9724776166738884,-0.5696945907675076,1.2290670028344324,1.2080390958128344,0.08972874438393103,0.22120512539035764,0.35301406976348537,0.04584978616180571,2.4730648240559483,1.2679901079047462,0.03311113830941907,0.11337061473132616
TIC196817076_B,-0.9059260518527408,-0.23788690268197166,0.4726082819126782,-1.0345406268250086,0.18299941288828037,1.4378333150373248,0.6555975581321871,0.0742304620920037,-1.0863825442066022,-1.3451096349189358,0.036422252140360975,0.009292673338633291
TIC431925451_A,1.2062413652900565,0.16765582720035185,-0.6368645087725615,0.5225737257517634,0.15466401992493373,0.1843376044919647,0.10086116278956725,0.03850951623724983,0.9267746650060773,0.004186533850618248,0.2615779926444107,0.16726812009539924
TIC46299496_A,0.10470296383995598,0.6469335988794597,-2.452365438984772,-0.17290924268802452,0.13341247520242375,0.03686752089839294,0.15129174418435085,0.01607158629228789,-0.0764928257693203,-0.6611688771955256,0.0927111872663734,0.03345362401907985
KIC3439031_A,0.6658736150653018,0.09392078540356753,0.8760529330709471,0.2891187568549341,0.11566743535912792,0.003686752089839294,0.6555975581321871,0.0854098129663629,0.2645518988176961,-0.14635477423524101,0.003311113830941907,0.0018585346677266583
TIC344753509_B,-0.9354420861895602,1.052476328761783,-0.13255869482472535,-1.0562498655231174,0.18299941288828037,0.4424102507807153,0.5043058139478362,0.07459684298735295,-1.334716081527245,-1.3562608429252956,0.016555569154709536,0.009292673338633291
KIC12366681,0.2605476251383625,-1.5614309029342766,1.1282058400448651,1.201758667257452,0.07792233064920326,0.04316524556526478,0.5043058139478362,0.050049044455198304,1.2247749097908491,2.1080477777171955,0.29273707041702557,0.09478813298524986
KIC3633889,0.5722369477351755,0.26351138153617276,-0.23341985761429254,0.19426591625016632,0.057851427300166056,0.04439437553124839,0.5043058139478362,0.051573825201531816,0.2049518498607417,-0.3043302209920069,0.19474004420873336,0.0659976105474569
KIC11723674,0.3290248247997835,-1.49506936531717,0.059077514475452446,0.9874862857150815,0.07438040652878493,0.0554568530689004,0.5043058139478362,0.05746840536584488,0.8406857054015877,1.8218334388872905,0.20330346864294196,0.11886896874104207
KIC8950146,0.4801469206042989,0.28563189407520934,0.30114430517041385,0.14821662096469393,0.0708384824083666,0.05278625649369493,0.5093488720873146,0.05146578526188312,0.30097415095805746,-0.2894619436501936,0.19155542817058874,0.05984943290091304
KIC7871531,-0.7536233146747526,0.9418737660666034,-2.1129676261978783,-0.8099167031415739,0.35537305341530573,0.07373504179678587,0.0403444651158269,0.14292404029993278,-1.145982593163556,-1.1443878908044567,0.1324445532376763,0.037170693354533164
KOI-126_C,-3.2943635503881676,3.0212019447359655,1.1282058400448651,-3.723863110583196,0.04250308944501996,0.009216880224598234,0.403444651158269,0.028109906672229363,-3.1081817605180397,-2.330207350200774,0.001821112607018049,0.0012638035740541278
V2653_Oph_B,0.4518115276409523,-0.9715505685599906,-0.5158311134250808,0.6537214612096165,0.7674168927573047,0.09216880224598235,0.2824112558107883,0.25695201201990403,0.42017424887196547,0.9557562837266673,0.06291116278789623,0.10407794139269287
TIC431925451_B,0.7635008502377653,0.1307883063019597,-0.6368645087725615,0.38908441839570895,0.1711929991535526,0.2580726462887506,0.10086116278956725,0.03805445707095146,0.8539301607253553,-0.008823208823468166,0.20197794368745633,0.16169251609221927
TIC278683641_B,-2.7323782566151262,1.7308387132922138,1.837764120269471,-2.18044055629535,0.11452221322685933,0.003686752089839294,0.01966792674396561,0.10407370585576045,-1.8446276114922988,-1.6740702711065543,0.006622227661883814,0.0018585346677266583
CU_Cnc_B,-3.355756901808752,2.3944540894632858,1.3803587470187835,-3.121809893056519,0.1770962060209165,0.07742179388662518,1.0086116278956725,0.12157139357014997,-2.471090348306508,-2.034997703579071,0.0046355593633186695,0.01747022587663059
EPIC205962429,0.13539963955024817,-0.7908997161578638,-0.8385868343516959,0.47257923265829244,0.07674168927573048,0.04424102507807153,0.403444651158269,0.05289722398844057,0.012907247666110904,0.5654640035040691,0.1324445532376763,0.07434138670906633
KIC4947253,-0.016903097627740015,-1.1190206521535624,-0.6166922762146482,0.5937518833758907,0.06965784103489382,0.04792777716791082,0.5043058139478362,0.055295357787741306,0.0890628657777752,0.9669074917330269,0.18525180250374582,0.08982703953094372
ASAS_J051753-5406.0_A,0.5840433614699032,-0.814494929532836,0.37174711912311087,0.6506149678377371,0.050767579059329396,0.004424102507807152,1.0086116278956725,0.015919900283763205,0.5406987923182508,0.8234286153845294,0.016886680537803726,0.005575604003179975
TIC17303250_B,-1.0594094304042017,0.9418737660666034,0.06916363075440918,-1.1135308283033518,0.15938658541882483,1.0322905851550024,0.7564587209217543,0.0662280340449532,-1.4903384315815147,-1.3636949815962023,0.013244455323767628,0.007434138670906633
KIC7747078,-0.031070794109413335,-1.0858398833450076,-0.7044414878415717,0.45765399598254064,0.1664704336596615,0.03686752089839294,0.03277987790660935,0.059083717966867295,-0.15264844388098386,0.8628295503403344,0.06622227661883814,0.018585346677266582
CM_Dra_B,-3.361660108676116,2.965900663388377,-1.1411703227203975,-3.7352141978505258,0.08264489614309437,0.022120512539035766,0.6051669767374034,0.07997911943601334,-3.0989768640680215,-2.3202456043817588,0.0009271118726637339,0.0002601948534817321
UX_Men B,0.21568325294639698,0.37411394423135247,0.5734694447022454,0.01570894667315137,0.11806413734727765,0.03686752089839294,0.5043058139478362,0.04598476058597798,0.16521848388943877,-0.3916813503751601,0.02317779681659335,0.024160950680446557
YZ_Cas B,0.8650360083564241,0.377800696321193,0.8760529330709471,0.3063870973568933,0.29516034336819413,0.04792777716791082,0.3025834883687017,0.11285306350233079,0.6651966723616668,-0.23556443828612067,0.03311113830941907,0.037170693354533164
KIC9592705,0.24401864590974362,-0.8978155267632046,1.461047677250437,0.6774027004745787,0.10861900635949545,0.01290363231443753,0.36366009661543575,0.02413402090152207,1.2015971129742555,1.1862145825247732,0.08277784577354769,0.025090218014309888
KIC8292840,0.3207603351854741,0.1307883063019597,-0.4553144157513405,0.15958509219176303,0.110980289106441,0.029494016718714353,0.36366009661543575,0.034024206357608895,0.006285020004227085,-0.26158392363429395,0.16555569154709537,0.030665822017489863
KIC9540226_B,0.2239477425607064,0.8202109471019055,-0.7881562529569125,-0.26303808333138423,0.15466401992493373,0.3686752089839294,0.5043058139478362,0.07797587949429259,-0.477137599313291,-0.8767588986518178,0.0496667074641286,0.026019485348173218
KIC10583181_B,-0.25102428198739185,0.8607652200901381,-0.7881562529569125,-0.4724386726232882,0.1501775827057372,0.02580726462887506,0.03530140697634854,0.056939286304581976,-0.6162043802128513,-0.9399490773545242,0.05297782129507051,0.018585346677266582
CD_Tau A,0.2747153216200358,-0.433284763443454,0.7751917702813799,0.4601450216840596,0.059032068673638825,0.03686752089839294,0.7564587209217543,0.02470004628613791,0.9764413724702063,0.5803322808458824,0.05297782129507051,0.031595089351353196
GJ_469_A,-3.1255318339815608,2.6377797273926786,-0.13255869482472535,-3.181242787928257,0.12868990970853264,0.14747008359357175,0.5043058139478362,0.13921027278080716,-2.6955838660443687,-2.1498551460445787,0.02317779681659335,0.029736554683626532
HIP93427,0.05747730890104491,0.3519934316923159,0.11959421214919277,-0.02783905773990369,0.07438040652878493,0.03686752089839294,0.10086116278956725,0.000953185498989007,0.3605741999150111,-0.37309600369789353,0.2615779926444107,0.050180436028619775
KIC6448798,0.4506308862674795,-1.3844668026219902,-0.43514218319342707,0.95611164918362,0.07910297202267604,0.062674785527268,0.7564587209217543,0.05581105653840874,0.8406857054015877,1.6991701508173305,0.5628893512601242,0.22302416012719903
KIC10130724,-0.3769987165369369,0.37411394423135247,1.985525723756187,0.5306128763541497,0.08264489614309437,0.07004828970694658,0.7564587209217543,0.1845724608794189,-0.980426901616461,-0.7540956105818581,0.3973336597130288,0.09292673338633292
KIC5543462,0.3290248247997835,0.07180027286453093,-1.5042705087628396,0.06218763102748777,0.06375463416752994,0.10975470925682221,0.5143919302267929,0.05196864495436009,-0.3744930705540922,-0.34893505301744676,0.19885910127000647,0.10327344399594536
KIC6592305,0.194431708223887,-1.2406834711182588,0.6743306074918127,0.7566451430217478,0.06493527554100272,0.03795743541871213,0.5043058139478362,0.05343393865089261,0.7148633798257958,1.416672881322879,0.1826823235375567,0.07476594386369047
ASASSN-V_J010440.99+051109.8_A,-0.8914631950276992,1.6718506798547852,-0.001439183198287885,-1.072027869190706,0.036694333887533896,0.18802435658180397,0.1462486860448725,0.27524043593161873,-1.1095603410231951,-1.3915730016121022,0.006622227661883814,0.13195596140859273
KIC7429287,-0.19517994502212926,-0.5402005740487932,-1.549658032018145,0.15084040970313867,0.0708384824083666,0.041219141860113856,0.5043058139478362,0.0559112347883123,-0.6923599983245148,0.022771880527884848,0.17269572112320336,0.0677874928030924
KIC11757831,0.928790642523954,-0.49595954897072003,0.2708859563335436,0.7664893011240755,0.08264489614309437,0.05161452925775012,0.8825351744087133,0.05446474071571548,0.9069079820204259,0.6212200435358689,0.39733365971302886,0.12080475340223279
KIC_6131659 A,-0.3628310200552636,1.1106001027140548,-0.6872950901673451,-0.6492790677934753,0.16528979228618873,0.01633856817628453,0.5043058139478362,0.06794670543023663,-0.7420267057886435,-1.12580254412719,0.02317779681659335,0.005575604003179975
KIC9202077,0.1790833703687409,-0.7577189473493106,1.1181197237659084,0.6256049114057173,0.08264489614309437,0.05989655238142362,0.5043058139478362,0.05275774988910821,0.9863747139630317,0.920444125039861,0.42908946807581305,0.11682557399332265
KIC11506988,0.5557079685065566,-0.7761527077985066,-0.7881562529569125,0.7443662959029804,0.3412053569336324,0.09397428585292263,0.5043058139478362,0.056345068532653655,0.34732974459124344,0.7178638462576553,0.4674665190441163,0.06909158569167351
EPIC211396167_B,-1.5449127760036772,0.8460182117307825,-0.7578979041200423,-1.1448904454959283,0.14592727376123518,0.9585555433582165,0.8573198837113216,0.5981821142552011,-1.291671601725,-1.1388122868012767,0.036422252140360975,0.32152649751671186
TIC100520485_A,0.14484477053803038,-0.45909202807232785,-1.746337299457801,0.30043523521575216,0.14994145443104262,0.07373504179678587,0.2521529069739181,0.018695021547280716,0.23806298817016078,0.2848252686773437,0.0496667074641286,0.07619992137679299
KIC8394589,0.042128971045898814,0.388860952590708,-1.1512564389993543,-0.1592860857283726,0.25856046079053807,0.07373504179678587,0.025215290697391812,0.09284787736265665,-0.45064868866575575,-0.6054128371637258,0.0993334149282572,0.037170693354533164
KIC7383120,0.09525783285217376,-0.038802289830648796,-0.19307539249846567,0.13882338654186474,0.06847719966142105,0.06727691391998931,0.5043058139478362,0.05366526514350753,-0.13609287472627468,-0.17237425958341424,0.2595149650942332,0.09892550343093823
TIC54759992_A,0.9039971736810257,0.4625959943874956,-2.301073694800421,0.2186309124458698,0.14876081305756986,0.03686752089839294,0.15129174418435085,0.019204622653615923,0.29766303712711517,-0.4288520437296933,0.1390667808995601,0.052038970696346436
BG_Ind A,0.4553534517613706,-1.2515326866378982,-0.6368645087725615,0.8391269880494413,0.31877317083764967,0.025408335932241906,0.5043058139478362,0.12864444440280648,0.9333968926679611,1.4947313373673983,0.026488910647535256,0.031595089351353196
EPIC206107253,0.3809730452325857,0.23033061272762112,-0.5360033459829943,0.12209634395987898,0.07674168927573048,0.03686752089839294,0.403444651158269,0.05208934158426731,0.046018385975530006,-0.32663263700472683,0.0993334149282572,0.037170693354533164
KIC9005973,0.1932510668504142,-0.14940485252582852,-0.27376432273011947,0.1363917132092514,0.06729655828794827,0.05447059527033914,0.5043058139478362,0.05244072096196714,-0.07980393960026184,-0.06272071418754151,0.2374387758491943,0.070680399586479
TIC446092483_B,0.15192861877886704,0.2782583898955316,-0.8890174157464795,0.1041348287617728,0.1310511924554782,0.14747008359357175,0.050430581394783625,0.034617157147844434,1.125441494862592,-0.04971097151345469,0.0927111872663734,0.1431071694149527
alf_Cen_B,-0.8787713002628669,1.2220669248943885,1.5820810725979177,-0.871289131649657,0.07319976515531215,0.022120512539035766,0.2017223255791345,0.031081192245755004,-0.7022933398173405,-1.1573976334785432,0.019866682985651443,0.009292673338633291
TIC39022841_B,0.12241258444204763,0.4625959943874956,-0.5864339273777779,-0.22746674474625936,0.1204254200942232,0.11060256269517882,0.15129174418435085,0.050387420036234906,-0.8413601207169008,-0.7652468185882182,0.12251121174485055,0.16169251609221927
TIC327361036_B,1.9099036238798313,0.6838011197778519,0.7751917702813799,0.4521533827775718,0.22550250233330033,0.1843376044919647,0.2017223255791345,0.03582775927890689,0.4168631350410239,-0.5496567971319261,0.06953339044978005,0.11708768406677948
KIC5773155,0.41285036231635064,-0.6213091200252586,1.067689142371125,0.6110722233991633,0.06493527554100272,0.04849165115304339,0.5043058139478362,0.052025898109590685,0.9367080064989034,0.7624686782830947,0.25999153867459146,0.09692930895890774
KIC6232600,0.5521660443861383,0.18608958764954792,-1.1109119738835274,0.15345311694336528,0.08264489614309437,0.03795743541871213,0.5043058139478362,0.047485088306413695,-0.04669280129084347,-0.3229155676692735,0.19560809574399457,0.04590242004268386
KIC5955122,-0.07947709042179717,-1.2333099669385794,-0.34941019482229485,0.5439344653832892,0.1511220958045154,0.07373504179678587,0.03530140697634854,0.054954616016558065,0.1784629392132064,1.1787804438538665,0.0993334149282572,0.037170693354533164
KIC11389393,0.24401864590974362,-0.6839839055525246,1.0777752586500817,0.5225737257517634,0.07792233064920326,0.058206220789257385,0.5043058139478362,0.04923045729026986,0.8506190468944138,0.7791954902926348,0.37254923265448747,0.13714394477513497
TV_Cet_A,1.103525565797925,0.11972805003244139,-0.24350597389324927,0.4907864991368103,0.1770962060209165,0.07373504179678587,0.025215290697391812,0.05632916826588089,0.7910189979374593,-0.0032476048202883918,0.17217791920897915,0.037170693354533164
GJ_1245_C,-3.962606567773759,4.66549337680429,0.01873304935962551,-5.423971487002013,0.12868990970853264,0.14747008359357175,0.5043058139478362,0.13179150372884132,-3.5266734376107878,-2.59962053563443,0.003311113830941907,0.007434138670906633
KIC9025370,0.00552908846824274,0.8312712033714237,0.37174711912311087,-0.3681616688164758,0.37190203264392463,0.03686752089839294,0.050430581394783625,0.1312625123181929,-0.5830932419034321,-0.9213637306772576,0.0993334149282572,0.018585346677266582
KIC8956017,0.7528750778765103,-0.5217668135995972,1.0172585609763414,0.6624905911093956,0.10153515811865879,0.09152182886874481,0.5043058139478362,0.050315929759033234,1.1618637470029534,0.734590658267195,0.24718301797557796,0.1390296837440605
LL_Aqr_B,-0.15149621420363654,0.9370809883498137,0.623900026097029,-0.42173156771064535,0.05312886180627495,0.002949401671871435,0.403444651158269,0.018023065633964615,-0.37316862502171483,-0.9163456870743956,0.001986668298565144,0.0014868277341813267
KIC12009504,0.08935462598480988,0.020185743606779955,0.2935797179611963,0.07200931602581707,0.11924477872075043,0.03686752089839294,0.02571959651133965,0.04232538506974261,-0.11953730557156476,-0.19653521026386103,0.0993334149282572,0.018585346677266582
KIC8543278_A,-0.8232811557096464,1.4985733316323362,-0.46540053203029724,-1.0225120975599415,0.1062577236125499,0.014747008359357177,0.14120562790539415,0.07078263198084042,-1.056582519728125,-1.374846189602562,0.02317779681659335,0.007434138670906633
KIC7821010_B,0.7014581460617707,0.5695118049928348,0.8760529330709471,0.11431805293110778,0.08521869433726502,0.03318076880855364,0.403444651158269,0.06422461000351547,0.24799632966298688,-0.5124861037773928,0.02317779681659335,0.01115120800635995
KIC7938112,0.6525205611313243,-0.5955018553963815,-0.7377256715621289,0.7814404442971674,0.08264489614309437,0.07004828970694658,0.7564587209217543,0.06721675597567213,0.7413522904733311,0.6583907368904022,0.4966670746412861,0.14868277341813266
KIC9970397_B,0.2995087904629641,0.5337503097213951,-1.3933232296943157,-0.12675958259265543,0.14758017168409707,0.019908461285132188,0.5043058139478362,0.05459431194904115,-0.4738264854823495,-0.7003839586845579,0.02814446756300621,0.009664380272178624
DS_And_A,1.2938213423742675,-0.6876706576423651,0.22045537493876002,0.9700065424028411,0.07505337211166441,0.04792777716791082,0.10086116278956725,0.05124749338204486,1.6850197322917744,1.1155902651511598,0.04304447980224479,0.01115120800635995
KIC12507240,0.2239477425607064,-0.7503454431696311,0.4726082819126782,0.5128398122824228,0.11452221322685933,0.05530128134758941,0.8825351744087133,0.052454364931409155,0.7413522904733311,0.8442442036630677,0.34766695224890026,0.1115120800635995
KIC4465529,0.4459083207735884,-0.31162194447875596,0.49782357261007,0.4534681907098812,0.057851427300166056,0.03795743541871213,0.5043058139478362,0.05379552797352139,0.5824188265881194,0.31827889269642357,0.1863240686400873,0.056890593670921495
KIC11922782_A,0.026780633190752717,-0.3337424570177926,-0.752854845980564,0.15345311694336528,0.12987055108200543,0.1216628189646967,0.06051669767374035,0.06422461000351551,-0.2619152003020673,0.028347484531064622,0.03311113830941907,0.10593647606041953
EPIC211902535_A,-0.18700990671769757,-0.9936710810990256,0.8760529330709471,0.49317386985485506,0.02534837028846051,0.1290363231443753,0.10086116278956725,0.34257352713111877,2.5690871251532634,1.1360341464961532,0.21191128518028204,0.46835073626711793
ZTF_J034350.31+515137.1_A,-0.0772810974671382,0.43678872975862176,0.5028666307495483,0.10669639308138336,0.08729662315457709,0.34286794435505435,0.27736819767130994,0.3036399055949607,-0.2817818832877187,0.0023279991828917945,0.142377894730502,0.2862143388299054
KIC10730618,0.5368177065309921,-0.4812125406113645,0.3414887702862407,0.5423526582828008,0.06375463416752994,0.026585549055296403,0.5043058139478362,0.05031822190613783,0.7347300628114473,0.5413030528236223,0.18534658810382726,0.044759441665913315
KIC9139151,0.194431708223887,0.6100660779810675,1.0036423039997495,-0.11738734500132815,0.13223183382895098,0.07373504179678587,0.022693761627652628,0.05008411640276239,0.046018385975530006,-0.6239981838409924,0.0993334149282572,0.037170693354533164
KIC9138680,0.026780633190752717,-1.4913826132273311,1.0223016191158196,0.8271989990513425,0.0708384824083666,0.0466341364138592,0.4992627558083579,0.05359344090917959,0.8936635266966583,1.842277320232283,0.18358028601960974,0.09897971224085915
KIC10018963,0.21214132882597864,-0.9752373206498295,-0.7256223320273807,0.5483291084069525,0.110980289106441,0.03686752089839294,0.03126696046476585,0.03836724510964764,0.2777963541414637,0.8814148970176009,0.06622227661883814,0.018585346677266582
mu._Cas_A,-0.7807780662646264,1.1446451310077637,-3.713129973854363,-0.9408994899536847,0.036599882577656076,0.040554272988232234,0.15129174418435085,0.006951044202553382,-1.3314049676963031,-1.2949291988903158,0.040395588737491266,0.014868277341813266
LL_Aqr_A,0.3243022593058924,0.26166800549125413,0.5734694447022454,0.0963858727528893,0.0602127100471116,0.0033180768808553644,0.2521529069739181,0.020801682070952985,0.16091403590921477,-0.31176435966291355,0.002980002447847716,0.002416095068044656
TV_Cet_B,0.717455836672327,0.5990058217115493,-0.24350597389324927,0.1293346111279711,0.1770962060209165,0.07004828970694658,0.025215290697391812,0.05737114719546345,0.3936853382244302,-0.49204222243239937,0.16886680537803725,0.018585346677266582
HD285001_B,0.393298941171641,-0.11253733162743311,-0.17290315994055222,0.4328432442976769,0.09374292505373846,0.5972538385539656,0.0655597558132187,0.34678069002579914,1.4135083981545378,0.3963373487409433,0.05297782129507051,0.375424002880785
KIC11026764,-0.17156711755267376,-1.2701774878369734,0.663740185398908,0.469461324597978,0.19008326112911703,0.03686752089839294,0.02622390232528748,0.06871474575374391,-0.11953730557156476,1.048683017113,0.06622227661883814,0.018585346677266582
TIC344753509_A,-0.5281208123414523,0.6838011197778519,-0.18298927621950895,-0.9415392898480864,0.1416769648167332,0.33180768808553646,0.6051669767374034,0.05476318517275552,-1.334716081527245,-1.4064412789539154,0.016555569154709536,0.01115120800635995
HD146233,-0.2140702069976937,0.8681387242698192,0.8563850063269816,-0.434020967895931,0.2361282746945553,0.03686752089839294,0.03227557209266152,0.08647244659767205,-0.5830932419034321,-0.902778383999991,0.06622227661883814,0.018585346677266582
V443_Cyg_A,0.8650360083564241,0.3151259107939237,-0.7024242645857803,0.2535047070413758,0.4132244807154718,0.5603863176555727,0.12607645348695906,0.23445799945700108,0.1784629392132064,-0.3452179836819934,0.6622227661883815,0.3717069335453317
KIC9579208,0.5368177065309921,-0.6913574097322024,-0.48557276458821075,0.5456304404329678,0.06611591691447549,0.03646689076567033,0.36366009661543575,0.05149870635702305,0.19170739453697405,0.548737191494529,0.19068066004092146,0.0574201059953015
KIC7529180,0.8437844636339141,0.141848562571478,0.2507137237756302,0.38027717431237906,0.06847719966142105,0.03631029781403045,0.5043058139478362,0.04900729073861761,0.6817522415163767,-0.057145110184361324,0.22384664363983628,0.060509504497898825
KIC4841753,-0.001554759772593919,-1.1558881730519546,1.012215502836863,0.6989706128761989,0.07910297202267604,0.08425318882213356,0.5043058139478362,0.05509853057086825,0.5559299159405842,1.2326779492179394,0.18150876380689904,0.14314105328974736
PTFEB132.707+19.810_A,-3.1963703163899275,2.6377797273926786,1.0777752586500817,-3.094105999660952,0.08264489614309437,0.07373504179678587,0.2017223255791345,0.04523496897065468,-2.4859903605457463,-2.0866649673418722,0.006622227661883814,0.014868277341813266
CU_Cnc_A,-3.314434453737205,2.2101164849713215,1.3803587470187835,-2.9716118817425414,0.1770962060209165,0.040554272988232234,1.0086116278956725,0.1178508534177979,-2.351890250392599,-1.9589836356690509,0.002648891064753526,0.009664380272178624
KIC5636956,0.474243713736935,-0.8462009975054536,0.8457945842340768,0.7929273683031167,0.0708384824083666,0.04667146293539278,0.5043058139478362,0.0538986169357097,1.05259699058187,1.0579756904516338,0.3303830920181766,0.11158983743702784
KIC10024648,0.5214693686758461,-0.7761527077985066,0.3414887702862407,0.6553715500878032,0.18536069563522592,0.056173778880290556,0.5043058139478362,0.05303213845424126,0.9863747139630317,0.9557562837266673,0.37248035155346243,0.1028289745008912
KIC8478994,-0.6497268738091483,1.347416495948927,-0.8789312994675228,-0.9110481466335277,0.08854810301045825,0.009216880224598234,0.36366009661543575,0.03188831206184209,-1.112871454854137,-1.326524288241669,0.0496667074641286,0.008363406004769964
BW_Aqr B,0.56987566498823,-0.47752578852152394,0.01873304935962551,0.5513873861617643,0.11806413734727765,0.08110854597646447,0.5547363953426199,0.052068492918247694,0.7645300872899241,0.5617469341686159,0.06622227661883814,0.07434138670906633
KIC8776961,-0.2246959793589487,-0.6913574097322024,-0.26367820645116274,0.23484198173975615,0.08500617889003992,0.03464280565106076,0.5043058139478362,0.05557695912575963,-0.2685374279639511,0.35359105138322994,0.17284898761576692,0.06319017870270639
EPIC210822691_A,-0.012629175855768691,0.3003789024345649,0.37174711912311087,-0.08679954564001943,0.06329418403187555,0.07742179388662518,0.2521529069739181,0.052254565800604565,-0.18575958219040295,-0.4381447170683264,0.013244455323767628,0.007434138670906633
TIC46299496_B,-0.04878041471150498,0.8681387242698192,-2.452365438984772,-0.3535580428705645,0.1416769648167332,0.07373504179678587,0.15129174418435085,0.026913354117587586,-0.308270793935254,-0.8656076906454578,0.08608895960448958,0.07434138670906633
KIC7510397,0.24047672178932528,-0.6216777952342416,-0.6872950901673451,0.5461331766648446,0.0909093857574038,0.020277136494116117,0.5043058139478362,0.019905731811541576,0.7357233969607297,0.6907292401088457,0.06920227906668586,0.03345362401907985
KIC8981766,0.3183990524385285,-0.5365138219589527,-0.5360033459829943,1.2086851709621886,0.08500617889003992,0.05345790530266976,1.2607645348695906,0.057977523519921685,0.7744634287827494,0.6212200435358689,0.33111138309419075,0.09292673338633292
KIC6278762,-1.0877448233675484,1.3105489750505315,-2.0590069041054595,-1.1055702389032693,0.08736746163698547,0.009216880224598234,0.36366009661543575,0.03249371127577001,-1.3479605368510126,-1.371129120267109,0.033111138309419065,0.008363406004769964
KIC7940546,0.316037769691583,-0.7271189050036453,-0.6368645087725615,0.6875813624332188,0.0909093857574038,0.008110854597646447,0.5043058139478362,0.014265763786475642,0.8363812574213637,0.8468461521978852,0.06920227906668587,0.03345362401907985
UCAC4_665-061158_A,-1.4404850465200103,0.7243553927660845,-0.6772089738883884,-1.1645307268033853,0.08694243074253527,0.35024144853473294,0.292497372089745,0.21439627979040654,-1.4373606102864442,-1.2428902281939695,0.02317779681659335,0.10593647606041953
KIC10655953,0.7398880227683098,0.47365625065701394,0.003603874941190482,0.07550342212603586,0.07201912378183938,0.04739500646678419,0.4992627558083579,0.0520560900111477,0.3837519967316048,-0.4065496277169734,0.16305899417402417,0.049182239360999795
KIC10709834,0.638352864649651,-0.4148510029942579,-0.031697532035158085,0.6376406392840682,0.09917387537171324,0.03686752089839294,0.45387523255305257,0.05027539481865534,0.8075745670921686,0.5097079634722693,0.11588898408296676,0.04646336669316646
KIC6529109,-0.19045737952823816,-0.7945864682477043,0.734847305165553,0.33195116927702917,0.1062577236125499,0.03686752089839294,0.4992627558083579,0.05373197046593996,0.1453518009037873,0.6360883208776822,0.1805133072336508,0.05930688946071027
HD96609_B,3.5257884396833465,0.141848562571478,0.4726082819126782,1.3016422699079584,0.1268481091659151,0.007373504179678588,0.3025834883687017,0.06653576732895104,2.2975757910160275,0.39262027940549,0.013244455323767628,0.0037170693354533165
KIC9962623,-0.06412875256665107,-0.22682664641245337,-0.67216591574891,0.012740529752488836,0.19598646799648092,0.05785811765693475,0.5093488720873146,0.05378108667611679,-0.5268043067774197,-0.16865719024796091,0.266677386077623,0.07663274343508451
KIC11075456,0.6442560715170149,0.009125487337261656,-0.6368645087725615,0.28854746215592536,0.06847719966142105,0.07004828970694658,1.2607645348695906,0.0503522848778442,0.4764631839979783,-0.010681743491195031,0.46355593633186704,0.11151208006359951
KIC10322381,0.5864046442168488,-0.020368529381452723,-1.4487968692285778,0.1574693568619039,0.07438040652878493,0.10533091643619061,0.5043058139478362,0.05034466126382416,-0.026826118305192014,-0.15750598224160095,0.22090799865929392,0.11668130245193835
KIC10118942,0.4659792241226256,-1.3070450087353653,-1.2672467762073567,0.6946377165302379,0.07201912378183938,0.06080347496176364,0.36366009661543575,0.057472612163969435,0.12548511791813585,1.2159511372083998,0.20309726406244932,0.11222681767003446
EPIC211563123_B,-0.35581801029683574,-1.3586595379931163,-0.808328485514826,0.4623067602820382,0.09951626137002034,0.2875666630074649,0.050430581394783625,0.22914014734311097,0.036085044482704644,1.2345364838856658,0.029800024478477162,0.299224081503992
V636_Cen B,-1.142054326547296,1.2073199165350328,-0.6368645087725615,-1.0209279304988883,0.11806413734727765,0.01843376044919647,0.403444651158269,0.053928975867000725,-0.9671824462926933,-1.2094366041748896,0.009933341492825721,0.007434138670906633
KIC1430163,0.6525205611313243,0.06074001659501264,-0.18298927621950895,0.35101394742304454,0.09917387537171324,0.04977115321283047,0.45387523255305257,0.04987652882797313,0.6420188755450738,-0.010681743491195031,0.1986668298565144,0.05575604003179975
*_alf_Cen_A,-0.1928186622751837,0.4257284734891035,1.3803587470187835,-0.18344259434483684,0.015348337855146095,0.1843376044919647,0.050430581394783625,0.0012257946676049363,-0.11622619174062322,-0.499476361103306,0.08608895960448958,0.009292673338633291
KIC5961597,0.6194626026740866,-0.6249958721150959,0.6289430842365074,0.7346240961466378,0.06257399279405716,0.048389694023998876,0.5043058139478362,0.04889327405987446,1.0559081044128122,0.8126491143117147,0.2420653935496125,0.0835307441055207
KIC6520835,0.21096068745250587,-1.1300809084230792,0.5331249795864185,0.7816121869132838,0.059032068673638825,0.039190712980796814,0.5043058139478362,0.0492612840846418,0.6022855095737709,1.2233852758793065,0.1925170766160661,0.06401436727425845
KIC9656397_B,0.4636179413756801,0.6469335988794597,-0.07708505529046332,-0.09030446662645933,0.15938658541882483,0.14747008359357175,0.20676538371861286,0.18860564360109147,0.046018385975530006,-0.7355102639045916,0.5463337821054147,0.28807287349763205
EPIC219394517_A,-0.04494333024771846,0.8128374429222276,0.7247611888865964,-0.3272299461643704,0.04899661699912023,0.03318076880855364,0.15129174418435085,0.05167123993296982,-0.22549294816170587,-0.8005589772750249,0.003311113830941907,0.009292673338633291
EPIC220398184_B,-2.7510205839022612,1.7787664904601244,-2.1396958343371133,-2.431268124238368,0.023518376159577713,0.4055427298823223,0.5396072209241848,0.21439627979040662,-2.361161369119236,-1.8543481338760401,0.036422252140360975,0.07619992137679299
KIC10398597,0.5250112927962645,-0.7872129640680249,0.9365696307446875,0.7429055705506579,0.07674168927573048,0.08917063590421861,0.5043058139478362,0.05198746349461441,1.0724636735675213,0.9836343037425674,0.31534179455177175,0.13960553584257826
KIC4247542,0.5580692512535022,-0.40379074672473964,-1.8471984622473683,0.36867051302807957,0.07792233064920326,0.07465104116077108,0.5043058139478362,0.04564994978092406,-0.056626142783668836,0.1770302579491974,0.2696093492304545,0.09561506196616949
KIC3967430,0.7729459812255475,0.11604129794260086,0.37174711912311087,0.346346423175878,0.06257399279405716,0.05161452925775012,0.7564587209217543,0.04898499850048815,0.708241152163912,-0.029267090168461633,0.3476669522489002,0.08363406004769962
KIC8868907_A,-0.19754122776907482,0.025715871741539106,0.37174711912311087,-0.07640237822135257,0.1770962060209165,0.0033180768808553644,1.2607645348695906,0.0690201859038635,-0.3778041843850337,-0.31176435966291355,0.016555569154709536,0.0037170693354533165
KIC10644253,0.2298509494280703,0.7944036824730316,1.1135809714403782,-0.14911031963031246,0.17945748876786205,0.07373504179678587,0.022693761627652628,0.06502864028666828,0.046018385975530006,-0.6983395705500584,0.1324445532376763,0.037170693354533164
VZ_Cep B,-0.291992537646897,0.8902592368088524,0.6743306074918127,-0.3947031687876821,0.1416769648167332,0.1216628189646967,0.45387523255305257,0.07919423113259463,-0.12615953323344858,-0.7949833732718448,0.026488910647535256,0.07434138670906633
KIC10019747,-0.2341411103467309,-0.5918151033065442,1.4005309795766967,0.1792180397007779,0.07674168927573048,0.039190712980796814,0.5043058139478362,0.05284171897157239,0.07250729662306528,0.39819588340866974,0.17647566218369598,0.05576719867394478
KIC4755204,0.12477386718899318,-0.4443450197129723,0.008646933080668849,0.2237294322345275,0.08264489614309437,0.04454719509212432,0.5043058139478362,0.055829353118848006,0.1453518009037873,0.29597647668370364,0.2786687089831478,0.07733433469654732
KIC11962180,0.42701805879802396,-0.8314539891460965,0.6743306074918127,0.6927572701440662,0.09445130987782213,0.062674785527268,0.6303822674347953,0.05441931630533544,0.6751300138544929,0.9000002436948675,0.4801115054865766,0.18585346677266584
KIC8289241,0.3998633072081501,0.17134257929019236,0.3515748865651974,0.1702872686125167,0.06139335142058438,0.07091609216086132,0.5043058139478362,0.050956769430838794,0.22481853284639314,-0.2262717649474872,0.20567852231609204,0.07920684089863862
UCAC4_555-031577_A,0.683417945875107,-0.2968749361194004,-1.5647872064365802,0.4313325795682556,0.04615127128905084,0.16221709195292894,0.1361625697659158,0.26356225968963914,0.016218361497053184,0.16030344593965767,0.1324445532376763,0.2676289921526388
ASAS_J045021+2300.4_A,-0.36000928717266323,0.5731985570826753,-0.9394479971412633,-0.4400171422996612,0.033423957283014304,0.06636153761710728,1.3111951162643742,0.06206914170131013,-0.7022933398173405,-0.7949833732718448,0.02317779681659335,0.018585346677266582
KIC5516982,0.5627918167473933,-0.005621521022093896,0.043948340057017345,0.3468667794936287,0.059032068673638825,0.026585549055296403,0.5043058139478362,0.053314794537474564,0.3870631105625464,-0.02555002083300831,0.14849582485592114,0.03608621607349865
KIC5866724,0.21568325294639698,0.09392078540356753,1.0576030260921683,0.1507904232477725,0.1263286269615871,0.03686752089839294,0.030258348836870175,0.04393272204834231,0.3440186307603019,-0.12219382355479463,0.06622227661883814,0.018585346677266582
KIC10129349,0.8638553669829513,0.005438735247424405,0.5986847353996372,0.45478021007608455,0.06611591691447549,0.06532941293579633,0.5043058139478362,0.05368560524559925,0.7777745426136917,0.08967912856604461,0.19007474607654207,0.07480919661174514
KIC4646780,1.0492160626181772,-0.6471163846541325,-0.23341985761429254,0.7214226897160401,0.16292850953924318,0.07004828970694658,0.7564587209217543,0.051274154133359354,0.9400191203298449,0.8070735103085346,0.4138892288677384,0.1393901000794994
KIC5184732,-0.14323172458932712,0.18535223723158178,2.1872480493353215,-0.07434375103277638,0.0909093857574038,0.03244341839058579,0.5043058139478362,0.04391802287890849,0.005953908621132931,-0.30693216952682434,0.1635690232485302,0.03345362401907986
KIC6225718,0.40812779682245953,0.4205670205633274,0.01873304935962551,0.02976237222391171,0.08972874438393103,0.02230485014352773,0.5043058139478362,0.026623603792287533,0.043700606293870924,-0.4686246856190436,0.10065786046063398,0.025090218014309888
UCAC4_576-009710_B,-0.9861152139390118,-1.0342253540872581,-0.06699893901150658,0.12681578908887894,0.3245465071539315,0.28387991091762566,0.0655597558132187,0.36336741624454466,0.2877296956342898,0.9557562837266673,0.029800024478477162,0.25833631881400554
ASASSN-V_J010440.99+051109.8_B,-1.2824680050944137,0.3409331754227976,-0.001439183198287885,-0.7560225057451837,0.0658207565711073,0.250699142109072,0.1462486860448725,0.16727600645311194,-0.9903602431092867,-0.7503785412464049,0.006622227661883814,0.10965354539587284
EPIC219568666_B,-1.7349724243053242,1.7898267467296427,0.7247611888865964,-1.6094971984930717,0.05310524897880549,0.08110854597646447,0.15129174418435085,0.06535968815675462,-1.367827219836664,-1.571850864381588,0.006622227661883814,0.013009742674086609
KIC_6131659 B,-1.401795428711307,1.654635848128537,-0.6872950901673451,-1.460895808941451,0.12396734421464153,0.032215949473394796,0.5043058139478362,0.06141830832148904,-1.5267606837218755,-1.571850864381588,0.016555569154709536,0.01115120800635995
KIC4931390,0.696204291949817,0.25613787735649496,0.06916363075440918,0.3405934275988228,0.0602127100471116,0.04424102507807153,0.7564587209217543,0.054597802426234486,0.7413522904733311,-0.14077917023206124,0.33111138309419075,0.07434138670906633
KIC6450651,0.0326838400581166,-0.7171646743610794,-0.23341985761429254,0.2750652401870483,0.08146425476962159,0.07557841784170553,0.7564587209217543,0.05330300249794696,-0.15264844388098386,0.43536657676320295,0.49666707464128607,0.18585346677266584
KIC8249189,0.5486241202657199,-0.3448027132873109,-0.5713047529593428,0.7160049454377693,0.07674168927573048,0.10349239768714932,0.5043058139478362,0.07392894635167357,0.41355202121008167,0.28668380334507015,0.26307992877813813,0.146314569071406
KIC10923629,0.2688121147526719,-1.3439125296337593,1.1635072470212138,0.9650479177500125,0.10271579949213157,0.05730892984875207,0.5043058139478362,0.051585618880695135,1.7942864887128571,2.0299893216726757,0.4838057482988968,0.1324049638697015
KIC11708273,-0.009819249386903355,-0.45540527598248737,1.5820810725979177,0.2942368054387597,0.11334157185338656,0.08295192202138411,0.6303822674347953,0.054164715150535336,-0.2519818588092412,0.13800102992693777,0.49666707464128607,0.14868277341813266
KIC9702752,-0.23296046897325812,-0.5660078386776671,1.708157526084877,0.16426097914976467,0.07319976515531215,0.03399017310936532,0.5043058139478362,0.05459788995361312,0.1387295732419035,0.40005441807639663,0.14379525508364577,0.04721326312917815
NGC_2506_V4_A,1.0107153474292303,-1.1816954376808302,-1.4437538110890993,1.0044856607416137,0.04833545782997547,0.02580726462887506,0.5043058139478362,0.03561950080449086,1.0989525842150567,1.5133166840446646,0.009933341492825721,0.01115120800635995
BG_Ind B,0.8095458638032036,-0.41861163390922274,-0.6368645087725615,0.5699172157537756,0.2750894400191569,0.07405114576434475,0.5043058139478362,0.10757953648590117,0.48639652549080364,0.3610251900541365,0.026488910647535256,0.07155358470747634
EPIC211563123_A,0.005493669227038858,-1.4913826132273311,-0.808328485514826,0.5518854674280256,0.012739120419771259,0.14747008359357175,0.050430581394783625,0.14370335443712032,0.006285020004227085,1.1062975918125266,0.029800024478477162,0.1951461401112991
KIC10920273,-0.1880960967812926,-1.0121048415482217,-0.3292379622643815,0.34316622434254335,0.3317602259458502,0.03686752089839294,0.10086116278956725,0.12021958187200989,-0.18575958219040295,0.6955614302449353,0.06622227661883814,0.018585346677266582
KIC10454113,0.23811543904237972,0.388860952590708,0.0767282179636267,0.0006616578138314644,0.11216093047991378,0.03686752089839294,0.029754043022922335,0.0393764321413978,0.046018385975530006,-0.4381447170683264,0.06622227661883814,0.018585346677266582
KIC6106415,0.08227077774397322,0.33540304728803844,0.1700247935439764,-0.08854952389126042,0.0909093857574038,0.03244341839058579,0.5043058139478362,0.04078738103281584,-0.2582729750880308,-0.49650270563494364,0.15098679069095097,0.03345362401907985
*_tet_Cyg,1.1176932622795983,0.1307883063019597,0.22045537493876002,0.4946775245322093,0.03896116532460163,0.11060256269517882,0.15129174418435085,0.002457550819890248,0.377129769069721,-0.0032476048202883918,0.12582232557579245,0.026019485348173218
KIC10351059,0.6643269748660521,-0.4406582676231318,1.1786364214396488,0.6221702963542467,0.06847719966142105,0.05307901226026885,0.5043058139478362,0.05114550406779243,1.0724636735675213,0.6193615088681421,0.2403327754263971,0.08431932315283912
NGC_2506_V5_A,-0.32741177885108025,2.011031872119999,-1.4437538110890993,-0.9525750307027664,0.15348337855146096,0.1843376044919647,0.050430581394783625,0.0818112725921548,-0.6658710876769799,-1.4975094776725215,0.011588898408296675,0.07434138670906633
TIC219488423_A,-1.295537705098757,1.2736814541521393,-2.4019348575899886,-1.5690606904258702,0.1062577236125499,0.553012813475894,0.6051669767374034,0.048258046848864485,-1.9240943434349047,-1.7130994991288142,0.05297782129507051,0.013009742674086609
EPIC219394517_B,-0.10912299530969821,0.8312712033714237,0.7247611888865964,-0.3272299461643704,0.04854797327720057,0.03686752089839294,0.15129174418435085,0.05167123993296982,-0.2652263141330088,-0.8247199279554712,0.003311113830941907,0.009292673338633291
TIC252991035_A,-0.5045079848719968,0.3519934316923159,-0.6872950901673451,-0.9124007790343462,0.16528979228618873,0.47927777167910823,0.7564587209217543,0.06310463570169599,-1.3578938783438383,-1.3841388629411955,0.029800024478477162,0.009292673338633291
KIC12069424,-0.16802519343225542,0.3029596288974529,0.8760529330709471,-0.176535141765099,0.059032068673638825,0.02433256379293934,0.15129174418435085,0.028690134400137512,-0.3211841378759275,-0.5020783096381234,0.06605672092729105,0.0223024160127199
KIC10319352,-0.3640116614287363,-0.2821279277600416,1.3652295726003483,0.03695734632063278,0.07438040652878493,0.06270648053498434,0.4992627558083579,0.05494828090570626,-0.22880406199264816,-0.0051061394880148455,0.2033132596065401,0.06088434306235929
WASP_0639-32_B,-0.6755711134744677,1.4838263232729805,-1.2924620669047486,-0.9976397263927758,0.03821736125931378,0.03686752089839294,0.5043058139478362,0.03732965779268522,-1.2022715282895686,-1.4064412789539154,0.003311113830941907,0.005575604003179975
TIC126323537_A,0.9677518078485556,-0.5696945907675076,-2.301073694800421,0.5893156608973718,0.15702530267187928,0.03686752089839294,0.2521529069739181,0.015805383638926404,-0.0036483214885982772,0.3350057047059633,0.15562235005426964,0.050180436028619775
KIC1435467,0.24874121140363473,-0.38535698627554354,0.7741831586534842,0.34776250104290823,0.10271579949213157,0.03686752089839294,0.023198067441600464,0.03564833340672378,0.3109074924508828,0.30526915002233673,0.06622227661883814,0.018585346677266582
KIC8006161,-0.5659013362925811,1.06537996107622,2.086386886545754,-0.6713591024950423,0.0909093857574038,0.02433256379293934,0.5043058139478362,0.04329268033006276,-0.5539554401911433,-1.0427260444798083,0.10065786046063398,0.01951461401112991
PTFEB_132.707+19.810_B,-3.362970620600671,2.5308639167873395,1.0777752586500817,-3.574676186771791,0.05523040345105649,0.14378333150373246,0.2017223255791345,0.1032388647291416,-3.0995397534192817,-2.255791622104998,0.003311113830941907,0.009292673338633291
KIC11922782_B,-0.12339694951498424,1.1004041059296936,-0.752854845980564,-0.6039231658511303,0.1447466323877624,0.23595213374971483,0.06051669767374035,0.08528094848972484,-1.0267824952496478,-1.1834171188267164,0.019866682985651443,0.11708768406677948
GX_Gem A,0.2676314733791991,-1.1706351814113118,-0.23341985761429254,0.7806670119406017,0.11806413734727765,0.014747008359357177,0.5043058139478362,0.042805551786372506,1.1320637225244758,1.5765068627473713,0.036422252140360975,0.0223024160127199
EPIC206064711,0.7032881401906537,-0.21207963805309454,-0.5360033459829943,0.4171038401144622,0.08382553751656714,0.040554272988232234,0.403444651158269,0.047827396339581406,0.4102409073791401,0.15658637660420435,0.16555569154709537,0.05575604003179975
KIC9116461,0.5934884924576854,0.440475481848459,-0.21324762505637915,0.10207791282089691,0.0554901445532205,0.04623187120658474,0.5043058139478362,0.049944971114563884,0.2049518498607417,-0.43628618240059996,0.1735353517128967,0.05491333023301646
KIC8866102,0.42229549330413285,0.21189685227842178,0.34653182842571906,0.1864507639530807,0.08854810301045825,0.027650640673794705,0.36366009661543575,0.029233582205047907,0.2711741264795799,-0.239281507621574,0.1357556670686182,0.025090218014309888
KIC4932691_B,1.1424867311225266,-0.03142878565097102,-2.1180106843373565,0.7820413349702289,1.416769648167332,0.014747008359357177,0.054465027906366315,0.08427526797085799,1.3870194875070025,0.3089862193577901,0.08940007343543149,0.016726812009539925
EPIC204550630,0.273534680246563,0.08654728122388648,-0.2838504390090762,0.3583754641172425,0.07674168927573048,0.05161452925775012,0.403444651158269,0.051875959758144734,0.0791295242849491,-0.21512055694112722,0.1324445532376763,0.05575604003179975
EPIC201367296,-0.2943538203938425,-0.6876706576423651,1.4307893284135669,0.17442518972166535,0.08382553751656714,0.04792777716791082,0.403444651158269,0.07883056765956589,0.012907247666110904,0.45395192344046953,0.1324445532376763,0.07434138670906633
KIC12055375,0.027961274564225494,-0.45540527598248737,-1.3428926482995323,0.12209634395987898,0.08854810301045825,0.094012178290902,0.7564587209217545,0.052525019245485874,-0.35131527373749843,0.10083033657240456,0.46355593633186704,0.16726812009539924
KIC8179536,0.5320951410371011,0.26351138153617276,0.5280819214469401,0.15676250068222303,0.059032068673638825,0.02311437979391046,0.5043058139478362,0.05269534411262364,0.47315207016703603,-0.22255469561203386,0.14377201106455254,0.029756736511583382
KIC10972873,-0.04641913196455943,-0.8720082621343291,0.08429280517284424,0.3328385842897411,0.0755610479022577,0.030254547590447073,0.5093488720873146,0.054286996883286684,0.10230732110154284,0.6974199649126618,0.17184861734959359,0.06648173931378568
KIC7800289,0.5368177065309921,-1.8711180784807775,-1.453839927368056,1.1317735103014026,0.06257399279405716,0.03263665028449449,0.5093488720873146,0.050594123517230576,1.125441494862592,2.5503790286361405,0.25247964121524424,0.09578939995214093
KIC11769146_A,-0.19754122776907482,0.9676810306954773,0.37174711912311087,-0.47174804102740675,0.1770962060209165,0.003686752089839294,1.2607645348695906,0.05520623211956639,-0.4804487131442333,-0.9622514933672441,0.02317779681659335,0.0037170693354533165
KIC9163769,0.5557079685065566,-0.07935656281888148,0.6188569679575506,0.4096298979156035,0.11806413734727765,0.06180122805334102,0.5043058139478362,0.05056593506214816,0.5592410297715257,0.09525473256922438,0.19918654890564674,0.06982010897900635
KIC9225600,0.34791508677534794,-0.529140317779275,1.476176851668872,0.5249184546457923,0.06611591691447549,0.0456026052996347,0.5043058139478362,0.05357458528874224,0.9234635511751358,0.6583907368904022,0.2495128948116187,0.08196538213041991
KIC5530375,0.28652173535476355,-1.8379373096722242,-0.767984020398999,0.8840822488662283,0.06493527554100272,0.0456026052996347,0.5043058139478362,0.08850195687763598,0.8539301607253553,2.3552328885248413,0.20894000751737887,0.12135106130440505
BW_Aqr A,0.4518115276409523,-0.8240804849664187,0.01873304935962551,0.6866811193939988,0.11806413734727765,0.07004828970694658,0.5547363953426199,0.0489506246709499,1.102263698045999,1.0616927597870867,0.06622227661883814,0.07434138670906633
KIC8301013_A,0.20859940470556032,0.05705326450517211,0.275929014473022,0.17442518972166535,0.11806413734727765,0.03686752089839294,0.17650703488174269,0.09361393881561252,0.4764631839979783,-0.06643778352299483,0.06622227661883814,0.018585346677266582
KIC11769146_B,-0.9295388793221963,1.365850256398123,0.37174711912311087,-1.0068500736882016,0.1770962060209165,0.003686752089839294,1.2607645348695906,0.06902018590386345,-0.9936713569402287,-1.3023633375612225,0.019866682985651443,0.0037170693354533165
KIC7970740,-0.7772361421442081,1.2316524803279711,-2.3515042761952047,-0.9635516096598257,0.0909093857574038,0.018249422844704502,0.5043058139478362,0.03380246850721236,-1.3843827889913736,-1.3436228071847542,0.06605672092729105,0.01115120800635995
KIC7880676,0.35617957638965736,-0.9015022788530436,0.6138139098180723,0.7337898183407882,0.06611591691447549,0.07094418889853799,0.4992627558083579,0.05436731505122779,0.9598858033154964,1.0561171557839066,0.43455872285728303,0.14150437933944587
KIC10971974,0.07400628812966378,0.39254770468054856,-0.016568357616722984,-0.13135486820358053,0.06847719966142105,0.06887421400992054,0.5143919302267929,0.05123424145746371,-0.29502633861148636,-0.5496567971319261,0.19570084004239927,0.062011511813978806
KIC8019508,0.28770237672823634,-1.5946116717428314,0.6339861423759857,0.9750513564916528,0.06493527554100272,0.03478074916725419,0.5043058139478362,0.05470149765848466,1.095641470384115,2.089462431039929,0.20084415540057904,0.07572953554506472
EW_Ori B,-0.07947709042179717,0.7501626573949617,0.623900026097029,-0.27203005889859017,0.11216093047991378,0.01843376044919647,0.45387523255305257,0.042976122048065626,-0.0764928257693203,-0.7206419865627783,0.029800024478477162,0.009292673338633291
KIC9328372,0.7139139125519087,-0.38167023418570306,1.1786364214396488,0.6724035427228706,0.09445130987782213,0.09152182886874481,0.5043058139478362,0.05351308997388756,1.05259699058187,0.548737191494529,0.23117122476753943,0.12666567778906748
KIC7038145,0.12595450856246596,-1.4065873151610269,1.66781306096905,0.8978954108140158,0.06847719966142105,0.06004694790280047,0.5043058139478362,0.0576019227258332,1.0757747873984636,1.8088236962132036,0.23808919283901844,0.1288560027120134
KIC9139163,0.4907726929655539,-0.05354929819000435,1.0596202493479594,0.36704820052551723,0.04840629631238384,0.03686752089839294,0.02118084418580912,0.017741947578595863,0.9731302586392641,0.15658637660420435,0.0993334149282572,0.018585346677266582
WZ_Oph A,0.23339287354848862,0.10866779376292308,-0.9898785785360469,0.13833781595235228,0.11806413734727765,0.029494016718714353,0.35301406976348537,0.04427973770544599,0.2678630126486383,-0.15750598224160095,0.02317779681659335,0.0223024160127199
KIC8940939,0.44354703802664286,-0.20470613387341677,-1.6555622529471907,0.5830746836923599,0.06847719966142105,0.05213854945279151,0.5043058139478362,0.052206527911532845,-0.16920401303569377,-0.05156950618118155,0.2518368927650525,0.09748474784190252
NGC_2506_V4_B,1.0107153474292303,-0.1530916046156658,-1.4437538110890993,0.5040270762910619,0.04833545782997547,0.04424102507807153,0.5043058139478362,0.03698638614737819,0.3440186307603019,0.08967912856604461,0.013244455323767628,0.014868277341813266
HD24465_A,0.3337473902936746,0.14922206675115576,1.8846645609666195,0.21143890899680481,0.11806413734727765,0.013272307523421458,0.7564587209217543,0.03967714247880366,0.6320855340522477,-0.07758899152935479,0.026488910647535256,0.007434138670906633
KIC7103006,0.4045858727020412,-0.6434296325642919,1.0046509156276455,0.5746238207918041,0.0909093857574038,0.07373504179678587,0.02168514999975696,0.03289157553226121,0.708241152163912,0.7699028169540013,0.0993334149282572,0.037170693354533164
TIC126323537_B,0.7528750778765103,-0.20101938178357623,-2.301073694800421,0.37599150852229724,0.22314121958635477,0.07373504179678587,0.2521529069739181,0.023167607506934734,-0.016892776812365916,-0.008823208823468166,0.05297782129507051,0.09106819871860626
EPIC206368174,0.28888301810170913,-0.5696945907675076,0.8760529330709471,0.4875369172229873,0.07674168927573048,0.04792777716791082,0.3025834883687017,0.053349965398893015,0.5757965989262356,0.5468786568268026,0.2648891064753526,0.09292673338633292
KIC3456181,0.4919533343390267,-0.9420565518412762,-0.3847116017986434,0.7824701855241647,0.0909093857574038,0.030415704741174176,0.5043058139478362,0.023158391338120424,1.1635193039184242,1.2313769749505306,0.0817845116242651,0.050180436028619775
EPIC210822691_B,-0.4820285731210751,0.9898015432345139,0.37174711912311087,-0.6097884128351337,0.07876058602436892,0.1216628189646967,0.2521529069739181,0.06983906446621164,-0.6162043802128513,-1.0142904640635906,0.029800024478477162,0.007434138670906633
KIC10191056_Aa,0.728435801445624,-0.6028753595760592,0.9870002121394711,0.7284432800654722,0.18335360530032221,0.03318076880855364,0.03530140697634854,0.060594269013398684,1.383708373676061,0.9111514517012275,0.039733365971302885,0.04088776268998648
TIC189069314_A,0.3762504797386946,-0.12728433998679192,-1.242031485509965,0.2186309124458698,0.12750926833505988,0.03686752089839294,0.15129174418435085,0.019204622653615923,-0.06655948427649494,-0.08688166486798789,0.22846685433499161,0.08735112938315294
KIC3657002,0.045670895166317144,-0.16046510879534684,0.9365696307446875,0.18171383838854543,0.0755610479022577,0.048679356605569414,0.5043058139478362,0.05139915822259236,0.24137410200110307,0.056225504546964726,0.25587465701510526,0.0650857474614895
ASASSN-V_J172607.12+564531.5_A,-0.14373940037992075,0.5953190696217087,-0.20316150877742242,-0.11176153895863171,0.050342548164879194,0.2580726462887506,0.20676538371861286,0.5408528260051605,-0.2552929726401834,-0.3972569543783399,0.1324445532376763,0.4479068549221246
KIC10586004,-0.23296046897325812,-0.49227279688088277,1.6627700028295718,0.18555128447904873,0.09799323399824046,0.01843376044919647,0.36366009661543575,0.034490877300924996,0.10561843493248438,0.3108447540255169,0.08443340268901864,0.01951461401112991
NGTS_0002-29_A,-3.063111324566055,2.2912250309477837,0.5734694447022454,-2.8917915825469267,0.019905613556751012,0.03686752089839294,0.2017223255791345,0.03258889775125234,-2.477050353202203,-2.0104650459650792,0.003311113830941907,0.0037170693354533165
EPIC206371648,-0.49388221251074177,0.7980904345628721,-0.8385868343516959,-0.31801959886894476,0.07674168927573048,0.05898803343742871,0.403444651158269,0.09873874537009548,-1.0466491782352991,-1.0328758107408569,0.0993334149282572,0.037170693354533164
KIC2852862,0.5309144996636284,-0.8941287746733642,-0.40992689249603526,0.7362892839603807,0.06847719966142105,0.02666513865941185,0.5043058139478362,0.05131758091724683,1.0327303075962184,1.117448799818887,0.1996556161909502,0.060982271112536464
EPIC204926239,0.3042313559568552,-1.4287078277000618,0.8760529330709471,0.7379500014658913,0.08382553751656714,0.04424102507807153,0.403444651158269,0.0551315460049738,0.9731302586392641,1.792096884203664,0.16555569154709537,0.09292673338633292
V565_Lyr B,-0.6343785359540022,0.8386447075511048,1.7838033981770525,-0.6296387864860185,0.14758017168409707,0.029494016718714353,0.2521529069739181,0.06495711744963778,-0.7188489089720501,-0.9566758893640641,0.009933341492825721,0.016726812009539925
KIC9965715,1.2546476616024405,0.3667404400516747,-1.6656483692261475,0.14749910659937873,0.4781597562564745,0.05384993608614282,0.5043058139478362,0.054082242269276985,0.32746306160559274,-0.3452179836819934,0.24173398747738734,0.06939082464145484
EPIC206108325,0.5498047616391928,-1.1706351814113118,-0.5360033459829943,0.8334681483422586,0.08382553751656714,0.05161452925775012,0.5547363953426199,0.29137934544030636,0.5095743223073974,1.2345364838856658,0.16555569154709537,0.09292673338633292
UCAC4_473-001351_A,-0.08232243613186639,-0.11622408371727364,0.7701487121419015,0.08059054063814272,0.030413321780658725,0.15853033986308962,0.1210333953474807,0.36364436438931635,-0.13609287472627468,-0.04785243684572823,0.07615561811166387,0.34568744819715846
HIP97527,0.31721841106505577,0.4625959943874956,-0.08212811342994168,0.07925587582856632,0.09563195125129491,0.03686752089839294,0.10086116278956725,0.0016033303268588256,0.6949966968401443,-0.33778384501108677,0.3509780660798421,0.06319017870270639
KIC12317678,0.6867591609620348,-0.5107065573300789,-1.1411703227203975,0.6127666010655993,0.05667078592669328,0.03128312745962366,1.0287838604535857,0.05653135648394025,1.012863624610567,0.6788346182353951,0.24371333324771535,0.06393542136791008
GJ_1081_A,-3.042886937838466,2.490309643799107,-0.23341985761429254,-3.0807058316884737,0.12868990970853264,0.14747008359357175,0.5043058139478362,0.12271238296073327,-2.7187616628609623,-2.1238356606964057,0.03311113830941907,0.027878020015899875
KIC10031808_B,1.0292868362339567,-1.7457685074262421,-0.18298927621950895,1.3514429215342143,0.05651730254814181,0.014747008359357177,0.403444651158269,0.039248691038087646,2.1585090101164672,2.8644713874819456,0.019866682985651443,0.01115120800635995
GJ_1245_A,-3.589523893756362,3.6332027916492895,0.01873304935962551,-4.500720896396759,0.12868990970853264,0.14747008359357175,0.5043058139478362,0.13705339134015623,-3.397539998204053,-2.4899669902385573,0.003311113830941907,0.013009742674086609
Kepler-35B,-0.9035647691057952,1.2943272658552405,-1.3428926482995323,-0.9915748062524895,0.11806413734727765,0.00589880334374287,1.0086116278956725,0.04534569331393056,-1.1148581231527024,-1.300318949426723,0.014072233781503105,0.003902922802225983
V570_Per_A,0.6950236505763443,0.07548702495436818,1.2794975842292162,0.4113506692595763,0.05312886180627495,0.03318076880855364,0.10086116278956725,0.025436938666909787,1.0290880823821829,0.10640594057558433,0.0321178041601365,0.01951461401112991
ASAS_J171750-1915.3_A,0.6658736150653018,-0.3042484402990782,0.5734694447022454,0.505370435992203,0.06939809993272981,0.011060256269517883,0.6051669767374034,0.05161511937586423,0.6983078106710859,0.35359105138322994,0.003311113830941907,0.005575604003179975
KIC8938364,-0.0027354011460666953,-0.10516382744775533,-0.5360033459829943,-0.054125713019233954,0.07319976515531215,0.028794455509667347,0.5043058139478362,0.054711120970811634,-0.36124861523032453,-0.20396934893476767,0.16272960125900823,0.04354685930730173
VZ_Cep A,0.8296167671522408,0.031245999876298256,0.6743306074918127,0.46446097104609474,0.18890261975564426,0.029494016718714353,0.45387523255305257,0.06619911208428789,0.8473079330634715,0.13428396059148445,0.0496667074641286,0.0223024160127199
KIC6837853,-0.09600606965041604,0.049679760325494336,1.1483780726027786,0.025404874287048733,0.06729655828794827,0.07779518998166014,0.5043058139478362,0.0519131453792758,-0.0003372076576567348,-0.20396934893476767,0.25450903612668385,0.09315374317405505
GJ_469_B,-3.345131129447497,2.4165746020023224,-0.13255869482472535,-3.584574268322905,0.12868990970853264,0.14747008359357175,0.5043058139478362,0.11928866402375542,-3.1723842577000037,-2.266942830111358,0.013244455323767628,0.02044388134499324
KIC7668623,0.3656247073774396,-1.273864239926812,0.3515748865651974,0.8981088128396852,0.05667078592669328,0.04303659635108984,0.5043058139478362,0.05252804179896864,0.8042634532612271,1.4965898720351247,0.24492585319926477,0.09469998082742492
KIC6147573_A,-0.31678600648982524,0.8017771866527094,0.3566179447046758,-0.47174804102740675,0.11806413734727765,0.011060256269517883,0.15633480232382924,0.07119586978397469,-0.549982103594013,-0.8897686413259046,0.03311113830941907,0.009292673338633291
KIC9754284,0.2534637768975258,-0.3005616882092377,0.49782357261007,0.30805079239625527,0.06375463416752994,0.04726981358269347,0.5043058139478362,0.05215732198165209,0.43010759036479157,0.25137164465826384,0.23842839989542924,0.059940289226679516
KIC3236382,1.0197000282813578,-0.145718100435988,0.06916363075440918,0.5212672481821539,0.06847719966142105,0.04977115321283047,0.7564587209217543,0.05055636913984375,0.9731302586392641,0.28668380334507015,0.44700036717715746,0.10221940672496621
KIC9693187,-0.20934764150380258,-0.2931881840295599,-0.4553144157513405,0.2358801039825034,0.06493527554100272,0.0317146396712268,0.5043058139478362,0.05575767250712188,-0.5301154206083616,-0.11661821955161444,0.17227336372071297,0.051951464379318524
EPIC220398184_A,-2.7581516577980367,1.664477175675104,-2.1396958343371133,-2.431268124238368,0.10616327230267207,0.5493260613860548,0.5396072209241848,0.21439627979040662,-2.324739116978875,-1.800450628511967,0.036422252140360975,0.048321901360893114
KIC3952307,0.28652173535476355,-1.093213387524687,-0.22333374133533582,0.6948353261467647,0.13931568206978764,0.05135051356709255,0.5043058139478362,0.04820293412886776,0.4267964765338493,1.0970049184738935,0.2163815736078431,0.08909949011577678
KIC9768011,0.7823911122133297,-0.9199360393022397,-0.9394479971412633,0.7283862026338871,0.08028361339614881,0.0866386741112234,0.8825351744087133,0.05255527984021838,0.6751300138544929,0.9929269770812005,0.5297782129507052,0.24160950680446558
KIC7106245,0.17554144624832257,0.4994635152858878,-0.28889349714855456,-0.12385467011368795,0.17001235778007984,0.03686752089839294,0.030258348836870175,0.05926411976923272,-0.28509299711866026,-0.6239981838409924,0.06622227661883814,0.018585346677266582
KIC9098294,-0.06885131806054218,0.388860952590708,-0.5007019390066457,-0.21985779939970906,0.20307031623731758,0.03686752089839294,0.09077504651061051,0.0752857357779581,-0.5830932419034321,-0.642583530518259,0.0993334149282572,0.037170693354533164
KIC5686856,0.18616721860957755,-0.7687792036188288,0.37174711912311087,0.19182034760527578,0.06493527554100272,0.04424102507807153,0.8825351744087133,0.015715115275062166,-0.020203890643308194,0.5468786568268026,0.4138892288677384,0.15797544675676595
EK_Cep B,-0.3156053651163525,0.17134257929019236,0.7247611888865964,-0.1336125966194017,0.22432186095982756,0.05530128134758941,0.2521529069739181,0.09730025745413018,-0.07980393960026184,-0.31733996366609374,0.03311113830941907,0.027878020015899875
KIC10963065,0.4116697209428779,0.3630536879618342,-0.36453936924072994,-0.052801051058515965,0.05312886180627495,0.02509613992189827,0.36366009661543575,0.051314834622730524,-0.050003915121785016,-0.4530129944101397,0.14703731729120026,0.03236998679571514
V1130_Tau A,0.7764879053459658,-0.45909202807232785,-0.8890174157464795,0.6154679891979856,0.08264489614309437,0.022120512539035766,0.5043058139478362,0.02922295144973285,0.8141967947540524,0.5543127954977092,0.026488910647535256,0.02044388134499324
EPIC211391083_A,-0.5166213653638276,0.020185743606779955,0.5230388633074617,-0.1009399761398786,0.05331776442603059,0.3686752089839294,0.6555975581321871,0.4546949738053045,1.4830417886043181,-0.0998914075420747,0.04304447980224479,0.42374590424167813
*_alf_Cen_B,-0.8976615622384313,1.1999464123553552,1.5820810725979177,-0.883837572032634,0.01416769648167332,0.1843376044919647,0.050430581394783625,0.0025353293559735113,-0.7983156409146559,-1.1648317721494499,0.036422252140360975,0.007434138670906633
HAT-TR-318-007_A,-3.2790152125330216,2.099513922276142,1.8745784446876628,-2.8821002579827897,0.12987055108200543,0.021014486912083977,0.403444651158269,0.08620841041120925,-2.3114946616551078,-1.9160514848445653,0.036422252140360975,0.006597798070429637
KIC8424992,-0.1892767381547654,0.5805720612623532,-0.2687212645906411,-0.35463483496015547,0.06729655828794827,0.02807746702349167,0.5093488720873146,0.053891862962363236,-0.7188489089720501,-0.8061345812782047,0.15702501402867472,0.035749628011034686
KIC2010607,0.4647985827491528,-1.4213343235203841,0.01873304935962551,1.0268335682197383,0.08382553751656714,0.10015487871914819,0.5043058139478362,0.057143994452552395,0.8473079330634715,1.7177554974945974,0.25031271256860876,0.18818977587669233
KIC5371516,0.4518115276409523,-0.8425142454156148,0.749976479583988,0.6510392592804861,0.09563195125129491,0.04482688869604393,0.5043058139478362,0.0528672011744066,1.0194858522724508,1.0468244824452735,0.32786334101505754,0.08730994425491612
*_16_Cyg_A,-0.13968980046890878,0.2782583898955316,0.7751917702813799,-0.15704640177206763,0.04604501356543829,0.03686752089839294,0.050430581394783625,0.003915349111365539,-0.2321151758235897,-0.4846080837614927,0.15562235005426964,0.029736554683626532
TIC39022841_A,-0.06294811119317831,0.8681387242698192,-0.5864339273777779,-0.47174804102740675,0.11924477872075043,0.07373504179678587,0.15129174418435085,0.03912261544619031,-0.9605602186308095,-1.0347343454085836,0.15893346388521154,0.10965354539587284
LV_Her A,0.10942552933384708,0.16396907511051131,0.7751917702813799,0.05722322445323743,0.1770962060209165,0.029494016718714353,1.0590422092904561,0.06951866860585394,0.15197402856567113,-0.23742297295384715,0.03311113830941907,0.0223024160127199
HW_CMa A,2.0456773818292007,0.15659557093083354,1.7838033981770525,0.9046176508739655,0.1770962060209165,0.040554272988232234,0.5043058139478362,0.05518097632573987,2.0955978473285706,0.33872277404141665,0.039733365971302885,0.039029228022259825
KIC5468089,0.8980939668136618,-0.6434296325642919,0.37174711912311087,0.6067589137829041,0.5064951492198212,0.07926516993154481,0.7564587209217543,0.05280530774918886,1.3704639183522933,0.9557562837266673,0.5297782129507052,0.1300974267408661
KIC7530690,1.0256032351487216,0.39254770468054856,0.1700247935439764,0.3188478116468971,0.07319976515531215,0.04977115321283047,0.7564587209217543,0.05163607914446198,0.6751300138544929,-0.27087659697292704,0.2648891064753526,0.07434138670906633
EPIC206189649,0.13539963955024817,-1.096900139614526,-0.5360033459829943,0.91272802476408,0.09209002713087658,0.04424102507807153,0.5547363953426199,0.11219102706718119,0.0791295242849491,0.9557562837266673,0.1986668298565144,0.09292673338633292
KIC10074716,0.11414809482773819,-0.05723605027984487,0.9264835144657307,0.17120920156896186,0.10743836498602267,0.07292702555813602,0.5043058139478362,0.05189387441073256,0.23475187433921924,-0.038559763507094724,0.27537953293689277,0.08561971105256011
ASAS_J171750-1915.3_B,0.6304425674473836,-0.2636941673108455,0.5734694447022454,0.47371015966299035,0.06907932676189216,0.011060256269517883,0.6051669767374034,0.05149407041043294,0.658574444699783,0.30155208068688344,0.003311113830941907,0.005575604003179975
KIC5253542,-0.23296046897325812,0.4183549693094224,1.3954879214372184,-0.20464014141576997,0.11334157185338656,0.04792777716791082,0.5043058139478362,0.05241961378476223,-0.22880406199264816,-0.5477982624641992,0.20330346864294196,0.04906672399726192
KIC4049576,0.11650937757468374,-1.037912106177097,-0.9596202296991767,0.5084491372905668,0.09917387537171324,0.1084951009113119,0.5093488720873146,0.04432688795305776,0.042707272144588464,0.8516783423339743,0.22603725833926133,0.1654576229732293
KIC7680114,-0.19754122776907482,-0.09410357117823703,0.6642444912128559,0.053891348000437996,0.06611591691447549,0.028154547792809983,0.5043058139478362,0.05607711526228301,-0.1658928992047515,-0.1426377048997877,0.15711101358820578,0.040947050875154295
HD22064_A,0.939416414885209,-0.07566981072904096,-0.5420550157503683,0.49726616856645517,0.047225654938911066,0.022120512539035766,0.0292497372089745,0.00815805838071561,0.658574444699783,0.1268498219205778,0.10264452875919912,0.026019485348173218
KIC3439031_B,0.6658736150653018,0.10498104167308256,0.8760529330709471,0.28530012189443593,0.11566743535912792,0.007373504179678588,0.6555975581321871,0.08594054644962851,0.2678630126486383,-0.15378891290614766,0.003311113830941907,0.0018585346677266583
KIC8610483_B,-0.25539265506924086,-0.18995912551406122,-0.8890174157464795,-0.11176153895863171,0.1770962060209165,0.014747008359357177,1.2607645348695906,0.0731170464550249,-0.7486489334505273,-0.29132047831792046,0.06622227661883814,0.016726812009539925
KIC6521045,-0.16802519343225542,-0.2931881840295599,0.8861390493499038,0.12134786607150158,0.08854810301045825,0.014747008359357177,0.36366009661543575,0.027979148500914507,-0.12615953323344858,0.05064990054378454,0.06622227661883814,0.01951461401112991
