ID,Teff,logg,FeH,logL,eTeff,elogg,eFeH,elogL,M,R,eM,eR
KIC12011630,-0.19365515040501297,0.6710233279936325,0.0004893538503120126,-0.41347609595897705,0.10217879232718537,0.062479482266019314,0.7288248834434116,0.05698872443738622,-1.0015411771508866,-0.9373426545223359,0.3365714244248949,0.07589695331853981
KIC6530901,0.475916465197837,-0.15446316497559218,0.47665494436667427,0.35593129620299524,0.06371148227459793,0.03786635288849655,0.4858832556289411,0.05342039394386232,0.5130302327611407,0.1422915064338929,0.1738174318585828,0.04519491473777396
KIC11453915,0.7572086699573826,0.5801440810612407,-0.19386394840126436,0.021446226193371047,0.06972199947031471,0.04543962346619586,0.7288248834434116,0.05323911795147151,0.3447445205486931,-0.500935172940732,0.25242856831867116,0.05692271498890486
KIC9451741,-0.17201728850043252,0.2279869991982229,1.3901154649490832,-0.026681032081754583,0.08174303386174829,0.0742269956940055,0.4858832556289411,0.05357021138092062,-0.07933547422667411,-0.36621808080032386,0.26543048904705996,0.10136591878836643
KIC3344897,0.7836549456185364,-1.195787869409247,0.19484265610188845,0.9135948976602721,0.09977458544889864,0.062479482266019314,0.6073540695361763,0.05626742290400104,1.354458793823378,1.6241795199783826,0.5721714215223213,0.17076814496671458
KIC7870112,-0.3871938041070935,-0.44603408221701546,2.094646185611048,0.20326234565835044,0.09496617169232521,0.11143264131076241,0.48102442307265164,0.055942943550585,0.011538810368047221,0.22957300275021375,0.31587120142849145,0.1418370593307499
EPIC206064678,-0.500191527386569,0.9360877982131094,1.6524924229887117,-0.49432688673819475,0.08534934417917836,0.049226258755045514,0.5344715811918351,0.05951911566287659,-0.4630268980710546,-0.9563168928519709,0.13462856976995796,0.037948476659269904
KIC12258514,-0.016945944850939455,-0.3017632777118435,0.3891959583534649,0.26861507753313607,0.0925619648140385,0.014578545862071171,0.4858832556289411,0.01952523041125056,0.3720068059271096,0.2305217146666954,0.03197428532036502,0.019922950246116698
UCAC4_665-061158_A,-1.4796293464974026,0.7391827631929255,-0.6214412133547326,-1.2123530496332433,0.08852289725851682,0.3597303524407172,0.2818122882647858,0.2210072144448461,-1.4660097428572416,-1.2655969776250207,0.023559999709742645,0.10815315847891924
KIC10273246,0.43744915514524957,-1.222294316431195,-0.8838181713943607,0.7185462687355563,0.07092410290945807,0.02957456826473802,0.4858832556289411,0.0566245959834009,0.46927594758590396,1.2579767202164278,0.17744383581676296,0.057886246734233975
KIC5214711,0.2595378461520327,-0.8057644346577334,0.2677251444462296,0.5969005420351635,0.06491358571374128,0.09000729463779301,0.4858832556289411,0.0529969055246939,0.3615730917699375,0.7285954708196133,0.24773358542794158,0.13584418940983406
KIC10935310_B,-3.0270129564659056,2.7498861015720943,-0.9761359899638595,-3.119015608735835,0.252441722220105,0.10602578808779034,0.1409061441323929,0.15807994587752086,-2.5968897289248885,-2.1564374672013815,0.05721714215223214,0.015369133047004312
KIC8499940,0.05397815805851862,-0.5141935174163085,0.36004296301572836,0.24874639909944526,0.06972199947031471,0.050831385054224215,0.4858832556289411,0.05557322227499326,0.051927381299034646,0.31116222756764395,0.27577625540817235,0.07311303694271319
ASAS_J065134-2211.5_B,-2.4116321638996383,1.4510701974966629,0.8264908884195117,-1.8906937721777617,0.0572922499095724,0.03407971759964689,0.6316482323176233,0.07114843150259202,-1.5939068841387014,-1.5065698044113844,0.006731428488497899,0.005692271498890486
KIC8150065,0.34488719033121107,0.0803082229330875,0.2288544839959143,0.19358139819434825,0.06972199947031471,0.028917323870970027,0.4858832556289411,0.05385289607396852,0.24377309322122453,-0.14421949234359493,0.16889973292488275,0.03740255746374498
RS_Cha B,1.502512802226264,-1.0216026461221634,1.2151974929226645,1.2113657594265337,0.08655144761832172,0.2271981173309793,0.34011827894025876,0.04412197219880996,2.4348530662272907,1.6981790494639593,0.03365714244248949,0.11384542997780972
KIC8391021,0.3268556387440607,-0.16203643555329064,-0.6797472040302055,0.22371069590020748,0.061307275396311214,0.03975967053292137,0.8502956973506468,0.054644033954523566,0.3784016629911826,0.10624045360758667,0.35339999564613966,0.09487119164817477
KIC8868907_B,-1.3296429003954855,1.4363023198701468,0.3891959583534649,-1.3004504186727974,0.18031551587150357,0.002271981173309793,1.2147081390723526,0.0711484315025921,-1.3381126015757814,-1.4287754272598812,0.010097142732746847,0.0018974238329634953
V*_V714_And_B,0.5026632667187767,-0.41574099990621816,1.2054798278100858,0.4865140325387501,0.043720502081643894,0.21583821146443033,0.04858832556289411,0.05577938355443456,0.6611216595080947,0.4420844720421254,0.3466685671576417,0.04933301965705088
KIC11295426,-0.30905708056277525,0.24313354035361986,0.8915992446737899,-0.22411632789693872,0.09857248200975528,0.03786635288849655,0.02380827952581811,0.03800835969273507,-0.4293697556285651,-0.48196093461109696,0.06731428488497898,0.018974238329634952
KIC6593620,-0.22490983982274024,-0.6542990231037454,-0.8741005062817818,0.1401333789202404,0.07212620634860144,0.057676309587336806,0.4858832556289411,0.05504517969521755,-0.5471697541772784,0.18403483075908983,0.18588604844132697,0.08072774221810947
KIC3241581,-0.25015401204475074,0.7088896808821282,1.2880799812670058,-0.38756179337887536,0.09737037857061193,0.06267996567138745,0.4858832556289411,0.05638601132328194,-0.28800975737010914,-0.7589848142237672,0.2427984352658851,0.05580490845527707
KIC10987439_B,0.6153604641384665,0.09924139937733537,-0.37849958554026203,0.3424233792521424,0.10818930952290215,0.06815943519929378,0.05830599067547293,0.04498234847326018,0.9219645134373878,0.05311258628460875,0.01514571409912027,0.05882013882186835
KIC7296438,-0.27539818426676127,0.02729532888919143,1.691363083439027,0.037873424055363744,0.067317792592028,0.025458921702228438,0.35037540079623214,0.054830238827013295,0.03846452432203884,-0.17268084983804718,0.16060103098997927,0.04112214096720172
V818_Tau_B,-2.022823827543111,1.3829107622973666,0.6321375861679354,-1.6068156161222922,0.05163034271120719,0.12117232924318896,0.24294162781447054,0.07242979697374452,-1.361672601285524,-1.4135960365961733,0.0033657142442489493,0.020871662162598448
*_mu._Ara,-0.004924910459505884,0.16740083457662838,1.7982573996773938,-0.06328131373520243,0.0733283097877448,0.2271981173309793,0.04858832556289411,0.006448409495217169,-0.7289183233667215,-0.38708974296292215,0.198577140410688,0.047435595824087386
KIC9226926,1.0986060466740961,-0.20747605901948823,-0.7283355295930997,0.5004051838170828,0.10097668888804201,0.04733294111062069,0.4372949300660469,0.05137572148846511,0.8159445147435457,0.29598283690393595,0.1514571409912027,0.05692271498890486
HIP_41378,0.37493977630979497,0.34915932844141195,0.1462543305389943,0.08833567181260608,0.0925619648140385,0.01514654115539862,0.4858832556289411,0.032889582536579545,0.24377309322122453,-0.3491412663036522,0.08414285610622373,0.017076814496671457
KIC9287845,0.6129562572601797,-1.1389883400765033,1.0257030232273778,0.9305315342766379,0.07453041322688815,0.08595364854818544,0.4858832556289411,0.054572078625153654,1.4857216493490868,1.572949076488369,0.4009094805665408,0.17730789417961482
KIC11229052,0.6213709813341832,-0.029504200443552186,0.2920193072276766,0.328439539428317,0.061307275396311214,0.06058616462159448,0.7288248834434116,0.05463525970208296,0.4120588054336721,-0.007604976370223153,0.45437142297360816,0.11384542997780973
KIC3730801,-0.10109318559097445,-0.31350184710727697,1.1860444975849282,0.20102404211582492,0.06972199947031471,0.04970069007702078,0.4858832556289411,0.05549316530636913,0.31108737810620357,0.2105987644205788,0.3046916500433655,0.09270576523721243
47_Tuc-V69 A,-0.039785910194663245,-0.23776914133028548,-3.0605751566120163,-0.04257954528563875,0.18031551587150357,0.011359905866548965,0.4858832556289411,0.07159199199000445,-0.9140326068004139,-0.31878248497623624,0.016828571221244745,0.009487119164817476
KIC8408931,0.3292598456223474,-1.9266084801572305,-0.21329927862642203,1.0991344747864298,0.14425241269720288,0.04580289053599636,0.49074208818523046,0.056362862194163914,1.1626130819011882,2.6222244561171815,0.24995612473198867,0.10104561372241194
KIC12117868,0.21866632922115856,0.12574784639928172,-0.13555795772579146,0.0387416229975868,0.061307275396311214,0.08281037774145247,0.48102442307265164,0.0561054361771612,-0.12645547364615944,-0.2998082466466013,0.2213121126848806,0.08731220706976922
GJ_1245_C,-4.047598776298616,4.787095886973207,0.04907767941320609,-5.603134169644353,0.13102927486662594,0.1514654115539862,0.4858832556289411,0.1358553103397277,-3.5897754309783285,-2.650716375688372,0.0033657142442489493,0.007589695331853981
KIC7465072,0.257133639273746,-0.5482732350159566,0.6807259117308295,0.4922204869455121,0.06611568915288464,0.12685228217646344,0.7288248834434116,0.05526359864854823,0.008173096123797895,0.3339313135632059,0.5553428503010767,0.17076814496671458
KIC11188219,0.055180261497661975,0.1371077522658311,0.8216320558632223,-0.005564516277654441,0.07453041322688815,0.0661307415566573,0.4858832556289411,0.05386441881300696,0.018270238856545124,-0.2656546176532583,0.21052061973783096,0.06641754528417951
NGC_2506_V4_A,1.0161297297144707,-1.2185076811423456,-1.3599837619107227,1.0235452148570392,0.04921411479852904,0.026506447021947585,0.4858832556289411,0.036717832326252565,1.1121273682374535,1.5482825666598428,0.010097142732746847,0.011384542997780972
KIC8516041,0.2835799149348998,0.15225429342123142,1.2637858184855588,0.08771194401218875,0.07813672354431822,0.07005275284371862,0.7288248834434116,0.059716940680582205,-0.19376975853113848,-0.3491412663036522,0.42071428053111865,0.11384542997780972
KIC10666592,0.4470659826583964,-0.7148851877253399,1.3755389672802154,0.6503952513614217,0.09616827513146857,0.03029308231079724,0.35037540079623214,0.03477727503101472,1.1760759388781838,0.9524914831093055,0.1379942840142069,0.03130749324389767
KIC11772920,-0.6636775951100656,0.5081980105730968,0.2677251444462296,-0.8455417839839355,0.3486099973515736,0.8709261164354207,0.04858832556289411,0.13734258342219977,-1.1361697469208443,-1.2219562294668602,0.06731428488497898,0.018974238329634952
KIC9850387_B,0.2258188446840613,0.7202495867486777,-0.5825705529044173,-0.19849076188766465,0.0370608490287897,0.011359905866548965,0.24294162781447054,0.029388183557159008,-0.28800975737010914,-0.7646770857226578,0.006731428488497899,0.0018974238329634953
NGTS-EB-8_A,-2.9789288189001715,3.0944699128574107,0.3891959583534649,-3.4844226859339207,0.18031551587150357,0.0681594351992938,2.4294162781447053,0.11321714414886251,-3.020969723700256,-2.3319491717505048,0.015145714099120272,0.00853840724833573
V2653_Oph_A,1.1683280461444108,-1.029175916699862,-0.4659585715534713,1.0224893405457531,0.5770096507888115,0.0833059763546924,0.272094623152207,0.1794865295184647,1.3107045086481413,1.3870015408579457,0.07067999912922794,0.10435831081299224
KIC7591963,-0.014541737972652742,-0.8171243405242812,0.44264311647264837,0.4702588267958162,0.0733283097877448,0.057676309587336806,0.4858832556289411,0.05664395637203257,0.1764588083362455,0.6621856366658907,0.18321112348571042,0.0908586715201302
EPIC211396167_A,-1.5391935719069552,-0.28699540008533064,-0.6991825342553631,-1.5245340485567416,0.05196693167416733,0.757327057769931,0.8260015345691999,0.35980664553894565,-1.3515754585527773,-1.5615950955673257,0.03702285668673844,0.15748617813597013
KIC7376493,-0.21048459855301996,-0.4498207175058664,-0.20844044607013262,0.06369674063757237,0.08775355105746507,0.040783311650556105,0.49074208818523046,0.056456195768009004,-0.5067811832462911,0.018958957291265805,0.1919927431489501,0.06920592155472549
KIC8416311,0.5624679128161587,-1.101121987188006,1.0257030232273778,0.9086615128972685,0.07212620634860144,0.05792438342501521,0.4858832556289411,0.05383909167123389,1.4049445074871119,1.5008469708357555,0.40711298836154264,0.1553857641065085
KIC5950854,-0.07825322024725068,0.11438794053273231,-0.7672061900434147,-0.06464027434446443,0.0733283097877448,0.032573867411153604,0.4858832556289411,0.0536398553979201,-0.6447754672604981,-0.4762686631122063,0.16296397779515365,0.039861519136514444
V*_MW_Aur_A,1.2379057932020283,-0.7186718230141909,0.19970148865817786,1.0807783562953857,0.08259652730354007,0.21583821146443033,0.17491797202641876,0.5517281178988442,0.8899902281170226,1.5084366661676094,0.3702285668673844,0.808302552842449
KIC12265063,0.2535273289563159,-0.5672064114602046,-0.9129711667320971,0.30867323340421327,0.07212620634860144,0.08922907671313451,0.49074208818523046,0.05742001891303692,-0.09279833120366993,0.29788026073689966,0.24615139681886258,0.10695112340392236
V570_Per_B,0.5889141884773126,0.3302261519971641,1.2151974929226645,0.23294810083223005,0.031855741137298964,0.0416529881773462,0.04858832556289411,0.023392527979760103,0.7079050875031551,-0.20303963116546314,0.030796285334877885,0.02656393366148893
UCAC4_576-009710_B,-1.0169998379430814,-1.0670422695883595,-0.03352247404371382,0.11881228886707981,0.33044621438611743,0.2915709172414234,0.06316482323176233,0.374571893517628,0.2875273783964613,0.9790554167707944,0.03029142819824054,0.2637419127819259
KIC9787965,0.26675046678689285,-1.0594689990106592,0.39405479090975426,0.8323499075235266,0.07813672354431822,0.0742269956940055,0.4858832556289411,0.06552806008030608,0.5466873752036302,1.0966956944145307,0.2829345473371256,0.15451842795466297
KIC8106950,0.14413591599427042,-0.7376049994584387,-1.4814545758179583,0.3254949245589325,0.07573251666603151,0.12140899394874206,0.49074208818523046,0.05790429081678495,-0.31493547132410077,0.36429009489062186,0.21519326774883576,0.16442766510217602
KIC7177553_B,-0.28621711521905147,1.0572601274562985,1.3803977998365045,-0.5572366272082798,0.16829448148007,0.03029308231079724,0.06316482323176233,0.06259478286973383,-0.5438040399330295,-1.0303164223375472,0.050485713663734236,0.009487119164817476
KIC11862119,0.3520998109660712,-0.24534241190798398,-1.457160413036511,0.17563649912551899,0.067317792592028,0.06815943519929378,0.7288248834434116,0.05674029656742336,0.07548738100877694,0.06829197694831672,0.4711999941948529,0.1612810258018971
Tyc_5227-1023-1_B,-0.058719039361171114,0.6596634221270831,-2.671868552108864,-0.40472046150714885,0.1140435532715303,0.03786635288849655,0.5344715811918351,0.08365379949030391,-1.0385640338376252,-0.9620091643508613,0.016828571221244745,0.007589695331853981
TIC17303250_A,-1.0134896959007826,0.6596634221270831,0.19484265610188845,-1.1004398537318985,0.09616827513146857,1.0602578808779035,0.7288248834434116,0.040297090337395314,-1.4592783143687438,-1.3585707454402318,0.013462856976995797,0.007589695331853981
KIC3854781,-0.32829073558906896,-0.7451782700361372,1.633057092763554,0.3163915189199222,0.12261455079262243,0.038985795878939175,0.4858832556289411,0.05520917442590698,0.16636166560349902,0.5843912595143875,0.19612657060087882,0.0694915521488445
KIC8027956,-0.013339634533509384,-0.6542990231037454,0.5932669257176201,0.3206807342615054,0.084147240740035,0.06347557561192765,0.4858832556289411,0.05555767155055834,0.10241309496276856,0.4629561342047237,0.18379611322993195,0.09196416092694631
KIC10610027,0.8726106001151449,0.06137504648883962,0.189983823545599,0.562736929942689,0.06972199947031471,0.09774038583781117,0.4858832556289411,0.013083607416211616,0.61063594584436,-0.007604976370223153,0.19820725178095927,0.10471724268462627
KIC6116048,-0.05901956522095696,0.24313354035361986,-0.5300951612964916,-0.14343201944437597,0.17911341243236023,0.03786635288849655,0.030124761848994343,0.06746964527925597,-0.4966840405135442,-0.500935172940732,0.03365714244248949,0.037948476659269904
HD22064_B,-2.7385081310715003,1.6820549501164916,-0.4912245008461763,-2.192082252052868,0.3786625833301575,0.03786635288849655,0.02818122882647858,0.017678388780533405,-1.9237468800750988,-1.6868250685429165,0.03365714244248949,0.015179390663707963
PTFEB132.707+19.810_B,-3.4357281257746473,2.5908474194404065,1.0694325162339824,-3.844193731266011,0.09616827513146857,0.1514654115539862,0.19435330225157643,0.1973781830454552,-3.156271436319064,-2.2996929665901256,0.004711999941948528,0.022769085995561943
KIC5774694,-0.12393315093469824,0.9739541511016052,0.7293142372937237,-0.4961977364337711,0.10097668888804201,0.0681594351992938,0.4372949300660469,0.04133472283171613,-0.29474118585860704,-0.9183684161927009,0.1851142834336922,0.05692271498890486
KIC9762786,0.6057436366253196,-0.8171243405242812,0.6807259117308295,0.7677859894263102,0.06250937883545457,0.05301289404389517,0.7288248834434116,0.05533614102897633,0.7822873723010562,0.9031584634522546,0.5553428503010767,0.20871662162598448
KOI-126_C,-3.367208229743476,3.0982565481462614,1.1180208417968764,-3.8506027502839433,0.04327572380916086,0.009466588222124138,0.38870660450315286,0.028976678970396907,-3.164382807647704,-2.375665816861984,0.001851142834336922,0.001290248206415177
KIC7821010_B,0.7012507548652591,0.5801440810612407,0.8750792139824058,0.1059291835361671,0.08676782623736753,0.03407971759964689,0.38870660450315286,0.06620498345195021,0.24713880746547387,-0.5199094112703669,0.023559999709742645,0.011384542997780972
KIC11713510,-0.04459432395123667,-0.5823529526156048,-0.3056170971959208,0.20460156636315116,0.06972199947031471,0.02540152199120241,0.4858832556289411,0.05772646889097961,-0.227426900973628,0.2580343602446664,0.14603975802365873,0.05300500818108157
KIC11133306,0.004691917053640973,0.4097454930630065,0.2677251444462296,-0.15471834884032076,0.09857248200975528,0.0208264940886731,0.35037540079623214,0.03338787389320929,-0.2981069001028564,-0.5597553117626002,0.11779999854871323,0.022769085995561943
KIC3733735,0.7680276009096728,0.3188662461306147,0.30610992164091594,0.3480550361333692,0.067317792592028,0.0757327057769931,0.02332239627018917,0.03424793245158692,1.0515445118409723,-0.08350192968876304,0.13462856976995796,0.05692271498890486
ASAS_J171750-1915.3_B,0.6289442330007866,-0.27563549421878125,0.5835492606050412,0.47640318840195633,0.07033507222427783,0.011359905866548965,0.5830599067547292,0.053081896164253295,0.6644873737523432,0.31116222756764395,0.0033657142442489493,0.005692271498890486
KIC10727922,0.40980077604495235,-0.9534432109228689,-1.087889138758516,0.5299941419692464,0.07933882698346158,0.09026635161112674,0.4858832556289411,0.055529823794936976,0.21684737926723294,0.8215692386348245,0.22863809291176795,0.1409422219178694
ASASSN-V_J010440.99+051109.8_A,-0.9206272052269582,1.712348032427289,0.029642349188048502,-1.1169978554612534,0.03736137488857554,0.19311839973133238,0.1409061441323929,0.28372750733967783,-1.1328040326765954,-1.4173908842621001,0.006731428488497899,0.13471709214040817
TIC54759992_B,-0.43167163135539766,1.0383269510120505,-2.185985296479923,-0.5616775569327123,0.16709237804092664,0.11359905866548965,0.1457649766886823,0.02968151017608057,-0.3957126131860756,-0.9563168928519709,0.03702285668673844,0.06640983415372234
KIC8738809,0.09605177842853611,-1.1882145988315485,0.7487495675188812,0.7050592238276022,0.07092410290945807,0.028175061941696788,0.4858832556289411,0.053833884234724294,0.6207330885771072,1.2883355015438438,0.14306260370890847,0.050535342191758446
KIC8077137,0.11288122657654312,-0.5672064114602046,0.23371331655220373,0.27283622218666925,0.09015775793575179,0.043546305821771034,0.35037540079623214,0.04898220615765914,-0.10289547393641715,0.28080344624022796,0.14977428386907823,0.025615221745007185
KIC3123191,0.7091245323916483,0.14089438755468203,-0.09668729727547622,0.332283826229544,0.11179561984033222,0.07951934106584274,0.6073540695361763,0.05927830750071555,0.5130302327611407,-0.12145040634803297,0.4711999941948529,0.10435831081299224
UCAC4_555-031577_A,0.6828826143151489,-0.3097152118184294,-1.4765957432616688,0.43271889061093766,0.04699022343611384,0.1666119527093848,0.1311884790198141,0.2716892331515294,0.011538810368047221,0.16695801626241857,0.13462856976995796,0.2732290319467433
KIC10462940,0.34488719033121107,0.44003857537380375,0.9333852046578789,0.03409750943889312,0.057700965078881145,0.027305817091329614,0.48102442307265164,0.0536348651534936,0.307721663861955,-0.40416655745959384,0.1730109343628045,0.03319136188099848
KIC6064910,0.6369983260430468,-1.4002661750071292,-0.8741005062817818,0.929029819815802,0.09015775793575179,0.056799529332744826,0.8502956973506468,0.0551020151776181,0.8496016571860352,1.681102234967288,0.4711999941948529,0.18025526413153206
KIC4851217_B,-2.6796050625534757,2.3447161256651805,0.37947829324088606,-2.5181504445969343,0.09376406825318186,0.07762602342141792,0.07774132090063057,0.2210072144448462,-2.2165640193247573,-1.9657463719885504,0.2053085688991859,0.105307022729474
KIC8174170,0.0058940204927843305,-1.3131735633635868,0.19484265610188845,0.21323861069322037,0.07693462010517486,0.06058616462159448,0.7288248834434116,0.14971771359614697,0.3447445205486931,1.3205917067042239,0.5553428503010767,0.26563933661488937
KIC8216936,0.5516489818638685,-0.7148851877253399,-0.12584029261321264,0.9520217034978915,0.06010517195716786,0.08553670592316548,0.4858832556289411,0.05403595859680839,0.7755559438125582,0.7817233381425908,0.3317522281671242,0.16535382518769107
GJ_469_B,-3.41889867762664,2.477248360774919,-0.09668729727547622,-3.7070189200920733,0.13102927486662594,0.1514654115539862,0.4858832556289411,0.12296694409301495,-3.229644006843691,-2.3110775095879066,0.013462856976995797,0.020871662162598448
KIC3425851,0.4386512585843929,0.14089438755468203,0.3114546374528343,0.17446877855648135,0.10217879232718537,0.03029308231079724,0.35037540079623214,0.03729273140909514,0.10241309496276856,-0.23529583632584236,0.1649199979681985,0.03130749324389767
KIC9791157,-0.15158153003499547,-1.0481090931441115,0.16083082820786257,0.5013859253422472,0.07573251666603151,0.04415937722157695,0.4858832556289411,0.05724728946051774,0.12933880891676017,0.8879790727885466,0.1797779586451496,0.07329391076701428
KIC12069127,0.5985310159904594,-1.0973353518991567,0.7584672326314601,0.9490452251435735,0.07933882698346158,0.02540152199120241,0.4858832556289411,0.054534480039778795,1.4890873635933362,1.5387954474950254,0.21193312249757193,0.059893545637804795
KIC10732098,-0.21889932262702347,-0.8284842463908305,0.34060763279057077,0.3037298596215215,0.08054093042260493,0.056959315875346056,0.4858832556289411,0.05379396719709533,-0.08943261695942134,0.5578273258528985,0.19575034096551394,0.09760757850569757
KIC7282890,0.4362470517061062,-1.2450141281642937,0.3211723025654131,0.9056979103769427,0.05649886163973779,0.054320951231393036,0.48102442307265164,0.05441580369653269,1.5092816490588299,1.7247429831254477,0.5217351502008352,0.17340233278174633
KIC10186764,0.6129562572601797,-0.4498207175058664,-0.42222907854686675,0.3969660767087634,0.08895565449660843,0.09158769610185317,0.49560092074151985,0.057322803645134916,0.529858803982385,0.42690508137841743,0.2234536140042118,0.12104229596125378
KIC9204313,-0.1503794265958521,-0.44603408221701546,-0.37849958554026203,0.012770010388455488,0.06851989603117135,0.04622177570491949,0.4858832556289411,0.05523115083952298,-0.43610118411706306,0.04552289095275476,0.20270856979121768,0.06342423490641852
KIC8349582,-0.33550335622392913,-0.16203643555329064,1.691363083439027,-0.05922172214987087,0.08895565449660843,0.013253223510973793,0.35037540079623214,0.031082116803374377,-0.2678154719046154,-0.12714267784692326,0.06731428488497898,0.019922950246116698
KIC6612225,0.475916465197837,-0.7451782700361372,-1.2482306131160665,0.6272613573956246,0.06491358571374128,0.04233586998533735,0.4858832556289411,0.055184066050644826,0.12933880891676017,0.5673144450177158,0.22401780868297524,0.09379010975283399
KIC10514430,-0.23332456389674375,-0.5482732350159566,-0.16471095306352795,0.1521080205681938,0.117806137036049,0.01514654115539862,0.35037540079623214,0.03314886400334475,-0.2981069001028564,0.20111164525576153,0.10265428444959294,0.03130749324389767
KIC11127479,0.02392557207993469,0.08409485822193505,1.3609624696113471,0.0536055793430194,0.06851989603117135,0.03941253831608666,0.35037540079623214,0.054943955101659954,0.04856166705478532,-0.2125267503302804,0.19871333740329578,0.045825903982137886
KIC6933899,-0.021754358607512885,-0.438460811639317,0.5616845141017389,0.22363928424386262,0.1370397920623427,0.03786635288849655,0.025265929292704933,0.04943824898009561,-0.025484046318691625,0.23906012191503145,0.10097142732746847,0.018974238329634952
KIC8420801,0.6345941191647602,-0.4763271645278127,0.7293142372937237,0.5178318147946186,0.08775355105746507,0.07005275284371863,0.7288248834434116,0.05588270091253351,0.6813159449735883,0.48572522020028563,0.4880285654160977,0.13281966830744468
KIC11081729,0.8365474969408442,0.3567325990191105,-0.23030519257343499,0.3520964503209908,0.019233655026293716,0.03786635288849655,0.02623769580396282,0.01897726429941253,1.0178873693984827,-0.12145040634803297,0.10097142732746847,0.037948476659269904
KIC9542776,0.4386512585843929,-1.5706647630053636,-0.3736407529839726,1.0930742889872083,0.10458299920547208,0.13820062365884028,0.49074208818523046,0.05686602817012474,0.7991159435223013,1.880331737428455,0.2785538767196666,0.27539448207550354
KIC10385708,0.06960550276738225,-0.6542990231037454,0.9771146976644836,0.368814401533908,0.06611568915288464,0.06276893645413427,0.4858832556289411,0.05498596250001776,0.2673330929309676,0.5350582398573366,0.30749492987740074,0.08495996410306095
KIC5353186,0.2258789498560187,-1.1844279635426993,0.7438907349625918,0.8336815541041424,0.06611568915288464,0.047897570085176346,0.4858832556289411,0.05460193454901548,0.7217045159045757,1.3338736735349677,0.5019832777756053,0.1631568579003534
KIC3547794,1.018065116251491,-0.42710090577276755,-0.2910405995270527,0.6538216315193578,0.09737037857061193,0.07194607048814344,0.7288248834434116,0.05428454036526158,0.8496016571860352,0.5046994585299206,0.4038857093098739,0.11384542997780972
KIC3112889,0.5468405681072951,-1.036749187277562,-1.350266096798144,0.6425898659750147,0.07813672354431822,0.0661307415566573,0.49560092074151985,0.055429970089148704,0.2942588068849592,0.9524914831093055,0.20367912229640342,0.11324727375545139
KIC10215584,0.020319261762504617,0.5536376340392943,0.3163134700091237,-0.09779725935612642,0.06851989603117135,0.06470605032230992,0.4858832556289411,0.056439893216305805,-0.2678154719046154,-0.654626503410775,0.20939006959175926,0.05515599329925122
Kepler-34A,-0.07825322024725068,0.4642730412224423,0.04907767941320609,-0.21120265174579142,0.15627344708863644,0.007951934106584275,0.7288248834434116,0.05577938355443458,-0.33546632821401934,-0.6113652400192074,0.01060199986938419,0.005502529115594136
*_18_Sco,-0.18524042633100946,0.8868615394580643,0.5349609350421471,-0.40820830260622787,0.03606310317430072,0.18933176444248276,0.04858832556289411,0.006412110307775271,-0.3048383285913543,-0.8671379727026867,0.11779999854871323,0.017076814496671457
KIC8656342,0.11528543345482983,-0.45739398808356485,0.1462543305389943,0.30162684099532766,0.08534934417917836,0.06305551279942968,0.48102442307265164,0.05755898801703551,0.03846452432203884,0.25993178407762974,0.3133242527084411,0.08449193036103152
KIC10858780,-0.36796014908079977,-0.4536073527947139,-0.38821725065284085,0.08904966639190727,0.07212620634860144,0.08709261164354207,0.6073540695361763,0.056487043580708995,-0.76594118005346,-0.102476168018398,0.42071428053111865,0.17076814496671458
KIC12069449,-0.27419608082761787,0.5562882787414863,0.6321375861679354,-0.36374594954595163,0.06010517195716786,0.02290914349754041,0.09717665112578822,0.02899365495807046,-0.536062897171257,-0.7367849553780945,0.06714599917276654,0.017076814496671457
EPIC206070413,0.5624679128161587,-0.17339634141984003,-0.24245227396415853,0.3949841263190617,0.08534934417917836,0.05301289404389517,0.38870660450315286,0.05252960015334657,0.27743023566371405,0.06829197694831672,0.23559999709742646,0.07589695331853981
KIC10972252,0.31122829403519703,-1.3661864574074811,-0.271605269301895,0.9107278700678654,0.07212620634860144,0.04744640385041578,0.49074208818523046,0.054715333678264776,0.6409273740426009,1.5198212091653909,0.2167042496245063,0.10019345316638247
KIC11389437,0.21626212234287184,-0.5558465055936551,0.2774428095588084,0.3995991313897807,0.06371148227459793,0.042552370857977334,0.48102442307265164,0.0512668966209671,0.14953309438225387,0.3908540285521108,0.253686941560311,0.07828884485366168
KIC8491374,0.6514235673127672,-0.8246976111019813,0.3891959583534649,0.6427020468222668,0.07813672354431822,0.08709261164354207,0.6073540695361763,0.05355866584677052,0.7822873723010562,0.8841842251226196,0.5553428503010767,0.18025526413153206
47_Tuc_E32_B,-0.02581746823181756,0.5536376340392943,-3.0605751566120163,-0.3763739270380701,0.021481588457491794,0.011359905866548965,0.4858832556289411,0.01663921929627843,-1.0789526047686124,-0.9107787208608469,0.006731428488497899,0.0037948476659269907
KIC4586099,0.4867353961501272,-0.699738646569943,-0.3444877576462361,0.6402294979825889,0.06972199947031471,0.049413697201843576,0.4858832556289411,0.054482535261621064,0.35484166328143957,0.6242371600066208,0.3305621233903576,0.08726680076873447
KIC8298626,0.2799736046174698,0.1295344816881326,0.5738315954924624,0.30162684099532766,0.10097668888804201,0.046109500075287455,0.48102442307265164,0.05668580242065177,0.1966530938017392,-0.20114220733249985,0.20099629632659846,0.05433977279675381
KIC8377423,0.09725388186767947,-1.0518957284329609,1.5553157718629234,0.7536165440648265,0.06851989603117135,0.11927901159876414,0.7288248834434116,0.056831794899484464,0.21011595077873502,0.9600811784411595,0.5553428503010767,0.21820374079080196
KIC11460626,0.23789998424745226,-1.2639473046085417,-0.3104759297522102,0.7734764280961973,0.07453041322688815,0.07352315864632586,0.48102442307265164,0.05710402200372761,0.4659102333416554,1.305412316040516,0.19296004773989014,0.1294920811833352
KIC10079226,0.12009384721140326,0.6217970692385874,0.9042322093201424,-0.14000470464986264,0.06010517195716786,0.028838154793668403,0.48102442307265164,0.053437265452288565,-0.0019240466089485877,-0.6185754505844687,0.15668806507247243,0.032423191739647035
KIC12069569,0.45548070673239993,-1.3737597279851814,-0.14041679028208087,0.9396795667395359,0.07092410290945807,0.09468557083142574,0.4858832556289411,0.05852081101514532,0.7250702301488243,1.574846500321332,0.2470686566047049,0.1739906034259349
KIC8174981,0.10446650250253962,-1.036749187277562,-0.0918284647191868,0.637068688415586,0.06371148227459793,0.04744640385041578,0.4858832556289411,0.05356889654371512,0.2673330929309676,0.9486966354433785,0.18646599802846775,0.0799018714179976
PTFEB_132.707+19.810_A,-3.2693930729003813,2.6855133016616493,1.0694325162339824,-3.21554622372102,0.047002244470505265,0.07194607048814344,0.19435330225157643,0.07593520048907525,-2.5329411582841583,-2.1270273977904472,0.0033657142442489493,0.005692271498890486
KIC3427720,0.1777948122902844,0.6596634221270831,0.5223279703957947,-0.18057070402721473,0.2776858944421155,0.0757327057769931,0.024294162781447054,0.09899508704220042,-0.12645547364615944,-0.7096517945667162,0.10097142732746847,0.037948476659269904
EPIC206094605,0.6718593257782042,-0.8587773287016278,0.5835492606050412,0.7394143111903647,0.09376406825318186,0.05301289404389517,0.38870660450315286,0.05597496221037852,0.8496016571860352,0.998029655100429,0.3702285668673844,0.13281966830744468
KIC9446628,0.3845566038229418,-0.9117902227455238,-0.9129711667320971,0.6000264895915455,0.07092410290945807,0.11272823478820704,0.49074208818523046,0.05285457128221874,0.22021309351148224,0.7760310666437005,0.24836124738020884,0.1691837011949984
KIC6047087,0.2535273289563159,0.12574784639928172,-0.5242645622289444,0.016374496807999534,0.0733283097877448,0.04415937722157695,0.4858832556289411,0.05295348348778785,-0.17357547306564478,-0.32067990880919994,0.20586846556085944,0.05176519919241806
V636_Cen A,-0.09388056495611431,0.9020080806134613,-0.5825705529044173,-0.3819433250992089,0.10217879232718537,0.01514654115539862,0.38870660450315286,0.03920585125849979,-0.32166689981259866,-0.872830244201577,0.016828571221244745,0.007589695331853981
KIC9390670,0.3220472249874873,-0.3740880117288715,1.3366683068299,0.5323990173193508,0.06010517195716786,0.09346576496596981,0.4858832556289411,0.05316233791440859,0.7486302298585673,0.43069992904434445,0.2373370725103115,0.12745634653749166
KIC6442183,-0.26217504643618433,-0.7565381759026866,-0.14527562283837028,0.13815680384048565,0.10097668888804201,0.03218639995522207,0.4372949300660469,0.054725381874386754,-0.227426900973628,0.42880250521138075,0.16828571221244745,0.05692271498890486
ZTF_J034350.31+515137.1_B,-0.8342921362276826,-1.0935487166103075,0.5155256048169895,0.0015261618373193263,0.1588699905171861,0.647514634393291,0.26723579059591757,0.5200200281662696,-0.8568154646481817,0.4496741673739794,0.1447257125027048,0.5540477592253406
Kepler-34B,-0.1335499784478451,0.6229330598252429,0.04907767941320609,-0.30807830014847254,0.15627344708863644,0.008330597635469242,0.7288248834434116,0.054937167384352587,-0.42667718423316625,-0.7424772268769848,0.007404571337347688,0.005597400307242312
KIC9289275,0.2992072596437635,-0.502833611549759,0.8362085535320906,0.4204400669375049,0.057700965078881145,0.033520857563953795,0.4858832556289411,0.05459319309493623,0.677950230729339,0.5369556636902999,0.22309204542009486,0.05098388844231143
KIC3643774,0.06119077869337876,-0.24534241190798398,1.1568915022471917,0.21587279836140102,0.12501875767090914,0.032573867411153604,0.4858832556289411,0.04368700419978393,0.42888737665491655,0.19731679758983453,0.1993054826560006,0.04644678375231979
Kepler-35A,-0.44729897606426133,0.5926399775144457,-1.2628071107849348,-0.5049564544952838,0.18031551587150357,0.00757327057769931,0.9717665112578822,0.06809725020638112,-0.8749903215671262,-0.8644815793365377,0.017501714070094536,0.0036999764742788157
KIC7133688,0.5071711546155643,-0.7224584583030418,0.5252432699295684,0.7368065552407577,0.07573251666603151,0.07806890071153119,0.4858832556289411,0.057898768044370316,0.9101845135825163,0.8500305961292767,0.2994270772339389,0.11966129397290794
KIC11026764,-0.18764463320929617,-1.3093869280747374,0.6705223633626217,0.47202334000499746,0.1935386537020805,0.03786635288849655,0.025265929292704933,0.07083357306930424,-0.12645547364615944,1.073926608418969,0.06731428488497898,0.018974238329634952
EPIC210822691_B,-0.5037497535664335,1.011820503990101,0.3891959583534649,-0.6405051907773569,0.08019232042525334,0.12495896453203863,0.24294162781447054,0.07199256028229892,-0.6313126102835023,-1.0322138461705106,0.03029142819824054,0.007589695331853981
KIC10355856,0.5408300509115783,-0.438460811639317,-0.1462473893496282,0.5007500163312983,0.02644627566115386,0.03786635288849655,0.02623769580396282,0.011454536773220964,0.7822873723010562,0.4477767435410157,0.06731428488497898,0.018974238329634952
CM_Dra_A,-3.4237070913832137,2.984657489480771,-1.0684538085333581,-3.7811005156085047,0.084147240740035,0.026506447021947585,0.5830599067547292,0.05539017668464175,-3.1048769798093825,-2.3392922019840734,0.0008077714186197478,0.0003035878132741593
KIC10081026,0.6309878088473301,-1.4229859867402264,-0.7963591853811512,1.037587827834892,0.0733283097877448,0.0846717399706747,0.49074208818523046,0.05850474434646392,0.6947788019505842,1.6260769438113467,0.25664715118669856,0.16940825086979855
KIC3735871,-0.08426373744296746,0.5839307163500916,0.6204763880328408,-0.30793882027315517,0.20075127433694065,0.11359905866548965,0.02332239627018917,0.08044635180914839,-0.29474118585860704,-0.7665745095556211,0.13462856976995796,0.05692271498890486
TIC327361036_A,1.893196419947855,-1.0443224578552606,0.7779025628566177,1.14258212637217,0.15146503333206301,0.1514654115539862,0.19435330225157643,0.029437090070374077,0.9943273696887405,1.2560792963834646,0.07404571337347687,0.17835784029856855
KIC11919192,0.9735872890031868,-1.0859754460326072,-0.9712771574075701,0.9496693596310068,0.09737037857061193,0.07383938813256827,0.8502956973506468,0.053033331486666675,1.5227445060358256,1.5293083283302082,0.5721714215223213,0.19922950246116702
KIC7037405_B,0.13932750223769697,-0.7830446229246346,-0.922688831844676,0.3837783270853572,0.17190079179750006,0.026885110550832553,0.4858832556289411,0.0934932856071227,-0.12645547364615944,0.49710976319806666,0.03702285668673844,0.026563933661488934
KIC10873176,0.6478172569953371,-1.2677339398973908,-3.6776468912607716,0.7054659800362972,0.10698720608375879,0.04744640385041578,0.5053185858540986,0.05452887976725099,-0.12982118789040878,1.0189013172630277,0.1765095185911308,0.07383645065069269
KIC9762519_A,-0.27419608082761787,1.0383269510120505,-1.7827021943079016,-0.584319888980239,0.10818930952290215,0.018933176444248277,0.1360473115761035,0.07286728209262891,-0.76594118005346,-1.0777520181616345,0.06731428488497898,0.015179390663707963
KIC8952800,0.17298639853371098,-1.0026694696779157,0.5349609350421471,0.6705753368144355,0.06611568915288464,0.040783311650556105,0.4858832556289411,0.054623677014461566,0.4894702330513977,1.005619350432283,0.21787090547013319,0.0892298517485206
KIC6421967,0.5841057747207391,0.4362519400849528,-0.19386394840126436,0.0479296003966464,0.08775355105746507,0.06058616462159448,0.7288248834434116,0.05416928391103167,0.31108737810620357,-0.4060639812925571,0.35339999564613966,0.08538407248335729
KIC3952580,0.16457167445970747,-1.7789297038920935,0.029642349188048502,1.1126971303014959,0.12141244735347907,0.037354420623938164,0.4858832556289411,0.05687634290979699,1.0448130833524745,2.324328914341913,0.2121231103352313,0.08922598859359669
*_bet_Vir,0.13812539879855362,-0.4005944587508212,1.0208441906710883,0.3433209051210091,0.015627344708863643,0.18933176444248276,0.04858832556289411,0.0026906996158908452,0.7822873723010562,0.3965463000510015,0.06731428488497898,0.015179390663707963
V505_Per A,0.6418067397996203,0.4324653047961053,-0.19386394840126436,0.16291051532818038,0.025244172222010502,0.03786635288849655,0.1457649766886823,0.016427951882286695,0.4187902339221701,-0.37191035229921415,0.0033657142442489493,0.026563933661488934
KIC10070754,0.6874866704870678,0.3529459637302629,-0.6311588784673113,0.11676840242326335,0.06972199947031471,0.056292381481873904,0.48102442307265164,0.05306013865995707,0.17982452258049483,-0.37950004763106815,0.18860995968491145,0.054333949603010454
KIC9394953,0.04796764086280183,-0.6505123878148978,0.7584672326314601,0.36570454534561053,0.07813672354431822,0.05305772023244457,0.4858832556289411,0.05511863817696785,0.19328737955749065,0.49710976319806666,0.18981384537865112,0.07053013554517455
KIC3223000,0.2643462599086061,0.4892648341288489,-0.5096880645600761,0.03584301789522987,0.05649886163973779,0.04744640385041578,0.4858832556289411,0.05458538443730286,-0.2644497576603668,-0.6071909075866878,0.20773356601216725,0.045892559532677984
KIC4349452,0.36171663847921803,0.28099989324211894,0.09766600497610024,0.10334194015318532,0.11419982671861893,0.03786635288849655,0.024294162781447054,0.03979109279653442,0.3447445205486931,-0.31119278964438224,0.06731428488497898,0.018974238329634952
KIC7177553_A,-0.21409090887045004,1.1519260096775379,1.3803977998365045,-0.5320704256946508,0.15627344708863644,0.026506447021947585,0.06316482323176233,0.05758652757322595,-0.3519583280108396,-1.0322138461705106,0.04711999941948529,0.009487119164817476
*_mu._Her,-0.3763748731548033,-0.7035252818587939,1.6039040974258176,0.15235007486017216,0.019233655026293716,0.03786635288849655,0.04858832556289411,0.004840260120084057,-0.2240611867293794,0.3832643332202568,0.05385142790798319,0.013281966830744467
KIC5683538,0.4662996376846901,-1.5441583159834156,-2.317173775499737,0.7084072287833026,0.08775355105746507,0.10770504345270121,0.49560092074151985,0.04906612116019663,0.24377309322122453,1.55207741432577,0.20132544635111482,0.18558145047093824
KIC11904151,-0.39801273505938367,0.5233445517284971,-0.16471095306352795,-0.4265391454263123,0.08895565449660843,0.011359905866548965,0.35037540079623214,0.0198216702067178,-0.7726726085419579,-0.79313844321711,0.050485713663734236,0.014230678747226215
KIC6196457,-0.12874156469127168,-0.5937128584821508,1.3123741440484529,0.29894020194948606,0.11299772327947558,0.01703985879982345,0.35037540079623214,0.03348248844582189,0.20675023653448643,0.4401870482091617,0.08245999898409925,0.022769085995561943
KIC6049366,0.29079253556976,-0.7868312582134839,-0.3056170971959208,0.5127636740783937,0.07453041322688815,0.1132993294425184,0.48102442307265164,0.05416823618708036,0.21684737926723294,0.6413139745032924,0.22392644973552933,0.15815496880664628
KIC11133100,0.2931967424480467,-1.3510399162520825,0.3891959583534649,1.2639486924500725,0.061307275396311214,0.09845251751009104,0.7288248834434116,0.05619505676201556,0.8496016571860352,1.681102234967288,0.7067999912922793,0.2561522174500719
EPIC220398184_A,-2.8212489107877374,1.7047747618495872,-2.0305026546786613,-2.5181504445969343,0.10809314124777068,0.5642086580385985,0.5198950835229669,0.2210072144448462,-2.36802116031596,-1.834824127514069,0.03702285668673844,0.04933301965705088
NGTS_0002-29_A,-3.1317522291184665,2.348502760954028,0.5835492606050412,-2.9928741982310028,0.020267463983957002,0.03786635288849655,0.19435330225157643,0.03359378026929023,-2.5228440155514114,-2.049233020638944,0.0033657142442489493,0.0037948476659269907
KIC4465324,-0.15398573691328218,-0.07115718862089884,0.568972762936173,0.0393197663051481,0.07092410290945807,0.045754088380393666,0.4858832556289411,0.055878597535983884,-0.23079261521787733,-0.1821679690028649,0.23292884342462053,0.06644007339734827
alf_Cen_B,-0.9077045932561671,1.2503785271876282,1.5553157718629234,-0.9100693151969674,0.07453041322688815,0.02271981173309793,0.19435330225157643,0.03203958448614104,-0.7188211806339746,-1.1783154813086998,0.020194285465493695,0.009487119164817476
HS_Aur B,-0.9353529723564643,1.1140596567890422,0.34060763279057077,-0.9062393215544515,0.08655144761832172,0.11359905866548965,0.04858832556289411,0.06128421740012853,-0.910666892556165,-1.1574438191461014,0.05721714215223214,0.05692271498890486
KIC2837475,0.5817015678424524,-0.09766363564284855,0.36004296301572836,0.468921182207672,0.012021034391433571,0.0757327057769931,0.02380827952581811,0.015865540318817116,1.3208016513808885,0.3339313135632059,0.10097142732746847,0.037948476659269904
ASAS_J060505+2032.1_B,1.7250221488117,-0.5444865997271057,-0.19386394840126436,1.0636196881671123,0.19605104988989014,0.01514654115539862,1.5062380924497172,0.12928093283907402,1.8492187877279735,0.9942348074345024,0.04038857093098739,0.009487119164817476
KIC4571351,0.026329778958221403,-0.3059285765295785,1.0840090139028504,0.2184961494367253,0.07092410290945807,0.10335652071324501,0.49074208818523046,0.05581961798325888,0.2942588068849592,0.19162452609094383,0.29305301355246693,0.13172109026694015
TIC219488423_B,-1.5604467607110102,1.4927231856740062,-2.234573622042817,-1.7308565101262856,0.14425241269720288,0.6815943519929378,0.6316482323176233,0.06682671992342455,-1.9944268792043263,-1.745645207364785,0.05385142790798319,0.011384542997780972
*_tau_Cet,-0.698538594845223,1.4169904798970148,-2.0888086453541344,-0.911351108642729,0.01803155158715036,0.18933176444248276,0.04858832556289411,0.0025661789408477544,-1.2842611736677982,-1.2864686397876188,0.043754285175236336,0.007589695331853981
KIC10324098,0.47110805144126355,-1.1124818930545552,-0.18414628328868554,0.7626951631511976,0.08174303386174829,0.061673767689210804,0.49074208818523046,0.056932900203632945,0.6005388031116135,1.1877720383967787,0.4149446099364862,0.13490404815680582
KIC2865774,0.11528543345482983,-0.6656589289702948,0.09766600497610024,0.4182109290012242,0.07573251666603151,0.08898592928796689,0.7288248834434116,0.05700934472828477,0.44571594787616164,0.5805964118484604,0.5385142790798318,0.18025526413153206
KIC8228742,0.23549577736916555,-0.7035252818587939,0.09766600497610024,0.46295975427898167,0.10217879232718537,0.03786635288849655,0.024294162781447054,0.03582155452780546,0.31108737810620357,0.6185448885077305,0.06731428488497898,0.018974238329634952
HD146233,-0.23092035701845703,0.8868615394580643,0.8561297670128772,-0.4593179358768674,0.24042068782867143,0.03786635288849655,0.03109652836025223,0.08913883471982408,-0.5976554678410128,-0.9183684161927009,0.06731428488497898,0.018974238329634952
KIC9697131,0.6165625675776097,-0.6770188348368442,0.9236675395453,0.6219529964620217,0.08294513730089165,0.032353027054472606,0.35037540079623214,0.05191096053831542,0.9707673699789975,0.8310563577996417,0.20480162670257424,0.056153151189748104
ASAS_J231922-0852.2_A,0.3462575882518349,-0.5369133291494073,-1.5057487385994053,0.37567137109139015,0.022599544655895115,0.018933176444248277,0.34011827894025876,0.01876105879288906,-0.03894690329568744,0.29598283690393595,0.0033657142442489493,0.007589695331853981
EF_Aqr B,-0.9533845239436147,0.9360877982131094,0.3891959583534649,-0.7987319085411864,0.13223137830576928,0.0416529881773462,0.4858832556289411,0.06148569166524681,-0.6784326097029876,-1.0018550648430948,0.020194285465493695,0.022769085995561943
BEPOP-3_B,-3.350378781595469,2.9278579601480272,0.2920193072276766,-3.62508931705535,0.03846731005258743,0.006058616462159448,0.4858832556289411,0.030734155609829252,-2.9805811527692687,-2.2958981189241983,0.013462856976995797,0.0037948476659269907
KIC4450844,-0.012137531094366027,-0.46875389395011424,-0.271605269301895,0.1933545019014153,0.07092410290945807,0.027305817091329614,0.35037540079623214,0.054891827642390416,-0.3082040428356029,0.12141984427129464,0.15751900438509248,0.04837500656893994
KIC4932691_A,1.9256532128047257,-0.19232951786408792,-2.009609674686617,0.944099961569868,0.5409465476145108,0.011359905866548965,0.05247539160792564,0.051685790435504135,1.5126473633030784,0.5046994585299206,0.08077714186197478,0.018974238329634952
IM_Vir A,-0.49057469987342217,0.6558767868382323,-0.09668729727547622,-0.4816439672587331,0.12021034391433572,0.05301289404389517,1.2147081390723526,0.053758523339127735,-0.5606326111542743,-0.8007281385489641,0.04038857093098739,0.030358781327415926
KIC8430105_B,-0.3883959075462368,1.4889365503851588,-1.845867017539664,-0.8856621801591283,0.09616827513146857,0.014767877626513656,0.4858832556289411,0.03657580945908488,-1.124726318490398,-1.393862828733353,0.016828571221244745,0.007684566523502156
TIC278683641_A,-0.04579642739038003,-0.2945686706630291,1.8016585824667966,0.21784132272380827,0.13223137830576928,0.003786635288849655,0.0189494469695287,0.03059773497976702,0.4221559481664186,0.24285496958095845,0.023559999709742645,0.005692271498890486
ASAS_J085002+1752.5_A,0.7012507548652591,-0.14310325910904279,0.34060763279057077,0.4373792671965827,0.11042522191970879,0.05301289404389517,1.311884790198141,0.08569116113337302,0.6005388031116135,0.16506059242945487,0.0033657142442489493,0.020871662162598448
KIC9715099,0.29680305276547675,-1.6123177511827103,-0.6797472040302055,0.9590954154177297,0.06371148227459793,0.07194607048814344,1.7005913947012936,0.055224516290555976,0.7486302298585673,1.9087930949229075,0.5385142790798318,0.19922950246116702
KIC8696343,0.24030419112573898,0.5119846458619477,0.11710133520125787,-0.05318038410082008,0.07813672354431822,0.07256788333551367,0.48102442307265164,0.054371196687489944,-0.09616404544791925,-0.5711398547603811,0.20550159261109358,0.06395983780856362
KIC11401755,-0.08065742712553739,-0.63157921137065,-0.4805350692223396,0.23123961481480387,0.07933882698346158,0.01514654115539862,0.35037540079623214,0.03126766312341657,-0.2981069001028564,0.28080344624022796,0.08582571322834821,0.03415362899334292
2MASS_J05282082+0338327_B,-1.4750974165318318,-0.4649672586612633,0.5106667722607001,-0.2592961541641032,0.031254689417727285,0.02271981173309793,1.336178952979588,0.015777041018199874,0.603904517355862,0.4762381010354684,0.026925713953991594,0.018974238329634952
KIC2998253,0.4266302241929593,0.09166812879963689,0.6661494140619613,0.2738371516412027,0.06491358571374128,0.1132993294425184,0.4858832556289411,0.052793595431872356,0.38513309147968056,-0.11196328718321528,0.2047284341977617,0.11651312534901966
GJ_1245_A,-3.6677340895293153,3.7268380060953055,0.04907767941320609,-4.651415037839919,0.13102927486662594,0.1514654115539862,0.4858832556289411,0.14127944887811753,-3.458512575452619,-2.538768369543526,0.0033657142442489493,0.013281966830744467
KIC9468847,0.10326439906339627,-0.7868312582134839,-0.14041679028208087,0.46346065508306333,0.06250937883545457,0.06470605032230992,0.4858832556289411,0.055741958545923745,0.07548738100877694,0.5919809548462415,0.19515338779001123,0.09932599937425929
47_Tuc_E32_A,0.057103627000291785,0.0803082229330875,-3.0605751566120163,-0.14230546009054673,0.021734030179711896,0.00757327057769931,0.4858832556289411,0.01921340291880973,-0.9611526062198992,-0.5711398547603811,0.006731428488497899,0.0018974238329634953
KIC9353712,0.3605145350400747,-0.9932028814557917,0.1462543305389943,0.7740244304426347,0.0925619648140385,0.02290914349754041,0.4858832556289411,0.022657556191240835,1.2161279383847456,1.3059815431904045,0.08313314183294904,0.042692036241678645
KIC7174470,0.1693800882162809,-1.2260809517200442,1.3220918091610319,0.7742982551192363,0.10097668888804201,0.08315535725612548,0.4858832556289411,0.05418967839182728,0.8899902281170226,1.4837701563390842,0.5792826944232825,0.16736318753968027
Cl*_NGC_2632_KP_401228_A,0.46730940457357073,-0.16582307084214157,-0.04809897171258207,0.13393612874121974,0.013391432312057,0.06058616462159448,0.04372949300660469,0.44139107382842735,-0.5539011826657764,-0.32067990880919994,0.09760571308321953,0.3737924950938086
EPIC211563123_B,-0.375244895922009,-1.4002661750071292,-0.7477708598182573,0.4646481638518564,0.10132529888539359,0.29535755253027307,0.04858832556289411,0.23620571089801431,0.031733095833540934,1.2636689917153185,0.03029142819824054,0.3054852371071228
AD_Boo B,0.2006347776340082,0.5498509987504434,0.8750792139824058,-0.05585835979314962,0.14425241269720288,0.026506447021947585,0.7288248834434116,0.055151030420431436,0.20675023653448643,-0.504730020606659,0.020194285465493695,0.018974238329634952
EPIC206078331,-0.20327197791815982,0.37945241075220926,-0.485393901778629,-0.24054209710720834,0.09376406825318186,0.04543962346619586,0.5344715811918351,0.05570650933886137,-0.6986268951684813,-0.6717033179074466,0.13462856976995796,0.05692271498890486
KIC10191056_Ab,0.7287188184496852,-0.2150493295971867,0.9819735302207729,0.5159777140365827,0.1866866640989634,0.06058616462159448,0.034011827894025876,0.06299156490831957,0.8933559423612719,0.3320338897302426,0.05385142790798319,0.05692271498890486
UCAC4_555-031577_B,-0.2900518251899183,0.20148055217627656,-1.4765957432616688,-0.3232021400226125,0.06273777848889181,0.43167642292886066,0.1311884790198141,0.2913474173466554,-1.0015411771508866,-0.6679084702415197,0.13462856976995796,0.20871662162598448
V443_Cyg_B,0.26675046678689285,0.7240362220375286,-0.6457353761361796,-0.16148356069807923,0.6611568915288465,0.745967151903382,0.12147081390723527,0.3357976196266716,-0.16011261608864896,-0.7286260328963512,1.0097142732746847,0.3794847665926991
V1229_Tau B,1.5433843191571381,0.09545476408848444,0.6807259117308295,0.7076985132746283,0.45679930687447573,0.09087924693239172,0.24294162781447054,0.18097108786824417,1.4049445074871119,0.19541937375687082,0.050485713663734236,0.0796918009844668
KIC8012842,-0.15518784035242553,0.17118746986547928,1.1277385069094552,-0.04587341637230949,0.06972199947031471,0.09000729463779301,0.4858832556289411,0.05408772259803048,-0.13655261637890667,-0.3396541471388349,0.22956202859181377,0.09039261773987046
BN_Scl_B,0.3116490302388977,0.19012064630972716,-0.7283355295930997,0.14382302484250345,0.037493606266881314,0.02271981173309793,0.2915299533773646,0.03062294318725766,0.3245502350831994,-0.19734735966657285,0.0033657142442489493,0.007589695331853981
WZ_Oph B,0.16457167445970747,0.0575884111999887,-0.922688831844676,0.1261669413628349,0.12021034391433572,0.03029308231079724,0.34011827894025876,0.04571765031524899,0.24377309322122453,-0.12334783018099627,0.020194285465493695,0.022769085995561943
KIC3230227_B,2.64330896597331,0.07652158764423657,-0.2667464367456056,1.0846121481664055,0.03606310317430072,0.22341148204212963,0.024294162781447054,0.06150157286641717,1.9602873577881885,0.3718797902224758,0.5721714215223214,0.15179390663707962
EPIC206245055,-0.17201728850043252,0.9020080806134613,-1.3113954363478286,-0.4485096561443716,0.08534934417917836,0.04543962346619586,0.38870660450315286,0.05487305595747719,-0.9005697498234181,-1.0511880845001456,0.13462856976995796,0.037948476659269904
KIC5773345,0.2835799149348998,-0.767898081769236,1.6281982602072647,0.5949692378156308,0.0733283097877448,0.02394878314927053,0.4858832556289411,0.052397198486588636,1.213098795564922,1.0245935887619184,0.15486251176353452,0.036273249695553685
KIC11853905,-0.23693087421417383,-0.3930211881731194,1.2492093208166906,0.12008639923011707,0.09135986137489514,0.01703985879982345,0.35037540079623214,0.03376781920291,-0.10289547393641715,0.1347018111020389,0.08414285610622373,0.022769085995561943
KIC12304142,0.24992101863888583,-0.6088593996375512,0.6807259117308295,0.4862273649571364,0.067317792592028,0.04733294111062069,0.6073540695361763,0.05495003664775128,0.7149730874160778,0.6564933651670004,0.3365714244248949,0.08538407248335729
KIC9143749,0.11648753689397319,-0.6542990231037454,-0.2035816135138432,0.4017305117823046,0.09135986137489514,0.056292381481873904,0.49074208818523046,0.05545479922509986,0.011538810368047221,0.4250076575454537,0.20171092496922288,0.08741127251680016
KIC9702369,0.5444363612290083,0.2279869991982229,0.5349609350421471,0.06286188296926443,0.06010517195716786,0.02540152199120241,0.4858832556289411,0.056364274223366415,0.44908166212041023,-0.19924478349953614,0.16544776720455356,0.03488371214609527
EPIC205995584,0.5468405681072951,-0.46875389395011424,0.04907767941320609,0.5326656667167382,0.08534934417917836,0.049226258755045514,0.38870660450315286,0.05115092347922421,0.5466873752036302,0.42880250521138075,0.23559999709742646,0.07589695331853981
KIC6603624,-0.1479752197175654,0.47033165768460106,1.7399514090019212,-0.26196925989499187,0.16829448148007,0.03786635288849655,0.05344715811918351,0.06501154680124963,-0.5639983253985232,-0.6527290795778117,0.10097142732746847,0.037948476659269904
KIC10794845,0.5047669477372776,0.6520901515493847,-0.5582763901229703,-0.12077635269214601,0.06611568915288464,0.11703760182545887,0.4858832556289411,0.052392146092820696,-0.018752617830193722,-0.647036808078921,0.1853078406113076,0.08747079754857597
HAT-TR-318-007_B,-3.4597701945575143,2.7960830520960602,1.8371280601277091,-3.6205826408809485,0.13223137830576928,0.014578545862071171,0.38870660450315286,0.08914451841250648,-2.946587438902354,-2.2630726866139304,0.013967714113633138,0.004458946007464213
KIC9948002_B,-1.4955331749972687,1.5419494444290547,0.3891959583534649,-1.4310461822917175,0.18031551587150357,0.01514654115539862,1.2147081390723526,0.08750309387478016,-1.3381126015757814,-1.474313599251005,0.03365714244248949,0.009487119164817476
ASAS_J171750-1915.3_A,0.665019357209479,-0.3172884823961279,0.5835492606050412,0.509039713097785,0.07065964015284654,0.011359905866548965,0.5830599067547292,0.05320667768885602,0.7048759446833306,0.36429009489062186,0.0033657142442489493,0.005692271498890486
KIC10068307,0.18500743292514454,-0.9057316062833634,-0.7283355295930997,0.7075972038734205,0.0925619648140385,0.016661195270938484,0.4858832556289411,0.018860759322816906,1.0818359400392132,1.1352133982236903,0.05115885651258402,0.03415362899334291
KIC2849125,0.21626212234287184,-1.4608523396287239,1.812833897346262,0.8118620880483535,0.067317792592028,0.05730219002079846,0.49074208818523046,0.029047009083154433,1.3006073659153947,1.9922797435733006,0.4665466603350387,0.20080456347202918
ASAS_J090232-5653.4_B,0.8478953534063569,0.14468102284352957,-0.3396289250899467,0.3297235450891992,0.12051086977412155,0.026506447021947585,0.6316482323176233,0.08855365829237025,0.7553616583470653,-0.1745782736710109,0.026925713953991594,0.005692271498890486
TIC196817076_A,-0.833174180029279,0.28099989324211894,0.1462543305389943,-0.9942122474295787,0.18031551587150357,1.022391527989407,0.7288248834434116,0.07287645649186027,-0.5337068972002826,-1.320622268780962,0.0033657142442489493,0.009487119164817476
KIC7611858,-0.06262587553838703,-0.3286483882626773,0.4912314420355425,0.2021441759442532,0.06972199947031471,0.10562357736736167,0.48102442307265164,0.056445344211646646,-0.06587261724967905,0.10624045360758667,0.2882245918719527,0.11526718578395186
Tyc_5227-1023-1_A,0.4510449450419614,-0.28699540008533064,-2.671868552108864,0.19787715933074063,0.10692710091180163,0.03786635288849655,0.5344715811918351,0.08197487902170529,-0.6447754672604981,-0.1821679690028649,0.023559999709742645,0.007589695331853981
EPIC219568666_B,-1.7794700073229295,1.833520361670478,0.7293142372937237,-1.6710401151253629,0.054070612692668205,0.0833059763546924,0.1457649766886823,0.06737506187434553,-1.3953297437280137,-1.6014409960595593,0.006731428488497899,0.013281966830744467
KIC11817562,0.3232493284266306,-1.502505327806069,0.6758670791745401,0.9983616057255533,0.06972199947031471,0.0921328125447654,0.4858832556289411,0.05634589153980076,1.0111559409099848,1.8841265850943816,0.26076074733030513,0.18693481173759738
V818_Tau_A,-0.3951637499086141,1.182219091988335,0.6321375861679354,-0.6223078152240996,0.027167537724639874,0.05301289404389517,0.24294162781447054,0.030972348055911085,-0.4159068986515693,-1.06447005133089,0.0033657142442489493,0.013281966830744467
HIP93427,0.045563433984515116,0.3567325990191105,0.1462543305389943,-0.04061135846223832,0.07573251666603151,0.03786635288849655,0.09717665112578822,0.000982577086630061,0.3615730917699375,-0.3776026237981049,0.265891425295667,0.05123044349001438
KIC9414417,0.3605145350400747,-0.7110985524364923,0.15111316309528375,0.5806659511603904,0.06250937883545457,0.03679469912871685,0.35037540079623214,0.053106521990921,0.8462359429417866,0.8215692386348245,0.2507047050170519,0.071720748128697
KIC4346201,0.2030389845122949,-1.0178160108333143,-1.2482306131160665,0.624728088527769,0.061307275396311214,0.040252485969224004,0.48102442307265164,0.06387633039444027,-0.018752617830193722,0.7931078811403718,0.18910677949593352,0.06201731790336209
BEPOP-3_A,0.10446650250253962,-0.06169060039877659,0.2920193072276766,0.07799660041207578,0.04327572380916086,0.015525204684283587,0.4858832556289411,0.008974510070390514,-0.21396404399663219,-0.18596281666879189,0.08750857035047267,0.018974238329634952
TIC252991035_B,-0.7309953877020936,0.8868615394580643,-0.5825705529044173,-1.1265997359318158,0.15627344708863644,0.4543962346619586,0.6802365578805175,0.06246202145198269,-1.4256211719262541,-1.5103646520773115,0.03029142819824054,0.009487119164817476
KIC9641031_A,0.33887667313549424,0.474118292973452,-1.7341138687450075,0.019660806386191658,0.14425241269720288,0.06058616462159448,0.05830599067547293,0.05214204992135978,0.21078909362758474,-0.45539700094960806,0.025579428256292013,0.004364074815816039
KIC6689943,0.03955291678879833,-0.14310325910904279,0.37947829324088606,0.2806021226779222,0.06491358571374128,0.04749017356771959,0.4858832556289411,0.05448187758791251,0.10241309496276856,-0.00950240020318644,0.23333987791098523,0.07342131993126202
KIC12156916,0.6826782567304944,-0.2264092354637361,-1.6515137152880874,0.3406245289068063,0.067317792592028,0.062479482266019314,0.8502956973506468,0.05582563671978105,0.44571594787616164,0.18213740692612654,0.5048571366373424,0.1233325491426272
V568_Lyr A,-0.3763748731548033,-0.10523690622054703,1.7496690741145,-0.08678698708989863,0.12021034391433572,0.03786635288849655,0.24294162781447054,0.050458417592147704,-0.24425547219487315,-0.15939888300730293,0.026925713953991594,0.030358781327415926
V1130_Tau B,0.8076970144014036,0.008362152444943559,-0.8255121807188877,0.4022213587786191,0.084147240740035,0.02271981173309793,0.4858832556289411,0.030116068945951438,0.5332245182266344,0.011369261959411818,0.026925713953991594,0.018974238329634952
KIC5084157,-0.21048459855301996,-0.018144294577006153,0.9965500278896412,0.07962613798847973,0.09977458544889864,0.04233586998533735,0.4858832556289411,0.053570750902109804,-0.15338118760015107,-0.20114220733249985,0.2623091795083714,0.08913337059275016
PTFEB_132.707+19.810_B,-3.4370624605920965,2.5946340547292572,1.0694325162339824,-3.6968156300252017,0.05623439888312625,0.14767877626513654,0.19435330225157643,0.10642224733815932,-3.1555982934702143,-2.2996929665901256,0.0033657142442489493,0.009487119164817476
KIC11502597,-0.21649511574873676,-0.5482732350159566,-0.09668729727547622,0.07445158537305281,0.07092410290945807,0.04543962346619586,0.6073540695361763,0.057098768152947454,-0.227426900973628,0.23906012191503145,0.5048571366373423,0.17076814496671458
KIC5512589,-0.22731404670102695,-0.5823529526156048,0.544678600154726,0.2305977506191328,0.067317792592028,0.02957456826473802,0.4858832556289411,0.05325412649485436,-0.052409760272683244,0.3301364658972789,0.14459664914143772,0.04786439653352264
KIC2991448,-0.17081518506128918,-0.8019777993688825,-0.02380480893113506,0.20079977904878332,0.084147240740035,0.028838154793668403,0.4858832556289411,0.038129352512233,-0.11635833091341297,0.5179814253606649,0.1821436989931467,0.07819446414607432
KIC3545753,0.27396308742175296,-1.483572151361821,-1.253089445672356,0.8633281010787356,0.06972199947031471,0.05808217062418393,0.5101774184103881,0.05736079370256879,0.3716702345026847,1.5406928713279888,0.20053178568946406,0.10875549852082925
KIC10018963,0.2030389845122949,-1.0064561049667649,-0.6680860058951109,0.5533230212592601,0.11299772327947558,0.03786635288849655,0.030124761848994343,0.039550303652168564,0.27743023566371405,0.9031584634522546,0.06731428488497898,0.018974238329634952
KIC10987439_A,0.6006948021809176,1.0875532097670957,-0.37849958554026203,-0.2610522969791777,0.19438012610948086,0.05301289404389517,0.05830599067547293,0.07126942444811366,-0.5431308970841798,-1.0473932368342185,0.011443428430446427,0.02846135749445243
UCAC4_473-001351_A,-0.09677763424444963,-0.1241700826647949,0.7730437303003282,0.07116167941105099,0.03096618459233288,0.16282531742053516,0.11661198135094586,0.3748573813912119,-0.14328404486740456,-0.045553453029493096,0.07741142761772583,0.3529208329312101
TIC446092483_A,0.4302365345103894,-1.2336542222977445,-0.8255121807188877,0.6844883968488357,0.14425241269720288,0.11359905866548965,0.04858832556289411,0.02207064114029157,0.6543902310195967,1.3471556403657126,0.06394857064073003,0.1309222444744812
KIC9457728,0.4951501202241307,-0.8057644346577334,-0.39307608320913023,0.5868177644933715,0.0589030685180245,0.040252485969224004,0.35037540079623214,0.05370740759125449,0.1562645228707518,0.6413139745032924,0.2176915415094858,0.06784086741369574
KIC10003270,0.7403792218093755,-1.3548265515409335,-0.4902527343349184,0.9930090498489174,0.08294513730089165,0.08562100589128349,0.4858832556289411,0.060752133793967655,0.9034530850940184,1.6659228443035798,0.5228610270526787,0.20248001528046958
KIC10214328,1.1358712532875401,-0.6542990231037454,-2.4483622545195507,0.6968691350145807,0.09616827513146857,0.08335317297693264,0.49560092074151985,0.04854415371672519,0.27743023566371405,0.5331608160243728,0.24936353015643223,0.10015522576841973
NGTS-EB-8_B,-3.219349506728843,3.086896642279712,0.3891959583534649,-3.7495474777168556,0.12021034391433572,0.07951934106584274,2.4294162781447053,0.08346061801679046,-3.162329721958712,-2.3736924960757015,0.015145714099120272,0.010435831081299224
KIC11611414,0.36171663847921803,-0.4990469762609115,0.029642349188048502,0.4798878529450561,0.06611568915288464,0.08270136429812179,0.4858832556289411,0.05797018833072886,0.4187902339221701,0.42121280987952675,0.3128353170830362,0.112017164397422
KIC10518551,0.31723881123091385,-1.1654947870984498,-0.9081123341758077,0.7862315984232581,0.07212620634860144,0.035581364622969555,0.49074208818523046,0.05525581222364297,0.3447445205486931,1.1308493234078743,0.18480300703466998,0.07105376475422175
LINEAR_23079661_B,-2.6874187349079075,0.8149154689699204,-0.5825705529044173,-2.001026713240638,0.13819381136392034,0.9807385398120607,0.4858832556289411,0.6885429414883604,-2.2165640193247573,-1.462929056253224,0.03702285668673844,0.29979296560823226
V*_V714_And_A,0.29979629032894345,-0.4839004351055112,1.2054798278100858,0.8762905657557231,0.013138990589836894,0.06815943519929378,0.04858832556289411,0.055931350988857216,1.5799616481880574,1.849972956101039,0.3466685671576417,0.08728149631632079
EPIC204624076,0.4843311892718405,-0.7792579876357854,-0.24245227396415853,0.6888855682743936,0.08534934417917836,0.05301289404389517,0.5344715811918351,0.05000342595648138,0.24377309322122453,0.6564933651670004,0.16828571221244745,0.07589695331853981
UCAC4_625-128029_A,0.046645327079743705,0.12574784639928172,-0.12098146005692322,0.40889200845802387,0.03887602522189618,0.11359905866548965,0.09717665112578822,0.24158506454802617,0.1327045231610095,0.6470062460021827,0.023559999709742645,0.2827161511115608
ASAS_J051753-5406.0_B,0.42422601731467263,0.4691956670979454,0.3891959583534649,-0.017139327511300484,0.05169044788316436,0.009845251751009103,0.9717665112578822,0.018946920653168213,-0.19511604422883866,-0.5739859905098265,0.011443428430446427,0.007020468181964933
KIC9093289,0.3689292591140782,0.004575517156092639,0.3357488002342814,0.2647717198352095,0.06851989603117135,0.05594633792268473,0.4858832556289411,0.05694724540333171,0.3009902353734571,-0.06832253902505506,0.20885624543547876,0.062910071944874
KIC3430893,0.35089770752692784,-0.08251709448744825,-0.14527562283837028,0.334652061009507,0.07212620634860144,0.06857888079023967,0.4858832556289411,0.052194925879630316,0.1764588083362455,-0.03416891003171211,0.22460320231290612,0.09108197933103168
KIC6766513,0.7403792218093755,-1.0973353518991567,-1.539760566493431,0.7639948707409975,0.0925619648140385,0.03052883065061044,0.49560092074151985,0.05983206333830512,0.4154245196779207,1.0815163037508229,0.17852610647485803,0.06445658052189773
EPIC205974115,0.17178429509456764,0.09166812879963689,0.04907767941320609,0.31226161795563084,0.08534934417917836,0.04543962346619586,0.38870660450315286,0.08734997108841994,0.008173096123797895,-0.23529583632584236,0.13462856976995796,0.05692271498890486
LV_Her B,0.062392882132522115,0.24313354035361986,0.7779025628566177,-0.00898378465506297,0.18031551587150357,0.03029308231079724,1.0203548368207762,0.0716744354914728,0.07212166676452836,-0.32447475647512697,0.026925713953991594,0.020871662162598448
TIC100520485_B,0.27756939773918304,0.47033165768460106,-1.6515137152880874,-0.1159663523302866,0.17310289523664343,0.11359905866548965,0.24294162781447054,0.03126642678060088,-0.44619832684981026,-0.6527290795778117,0.050485713663734236,0.08348664865039379
KIC11098033,0.4566828101715433,-1.2450141281642937,-0.2910405995270527,0.7283304994875999,0.07933882698346158,0.0965591998656662,0.8502956973506468,0.056838663989504636,0.7822873723010562,1.472385613341303,0.5889999927435661,0.199229502461167
KIC6129877,0.10326439906339627,0.12196121111043415,0.15597199565157316,0.08016839314407988,0.08655144761832172,0.061673767689210804,0.4858832556289411,0.054521991547445796,-0.10962690242491506,-0.2960133989806743,0.23198865471048935,0.07302000909831874
KIC8677016,0.32445143186577396,0.0803082229330875,-0.922688831844676,0.34867969316496605,0.09015775793575179,0.05274172551759007,0.49074208818523046,0.07191665966966848,-0.2240611867293794,-0.30360309431252824,0.2125000434048732,0.060250261318401936
KIC5021689,0.2282831567343054,-0.7186718230141909,0.0004893538503120126,0.4655373464610339,0.10097668888804201,0.03975967053292137,0.4372949300660469,0.0532338073913477,0.24377309322122453,0.5805964118484604,0.2524285683186712,0.07589695331853981
KIC9948002_A,0.14654012287255713,-0.7224584583030418,0.3891959583534649,0.4496429533194335,0.18031551587150357,0.01514654115539862,1.2147081390723526,0.060917200367051345,0.3447445205486931,0.6375191268373654,0.10097142732746847,0.018974238329634952
KIC9206432,0.4951501202241307,0.05380177591113778,1.4751450346841481,0.31107779507666045,0.03846731005258743,0.03786635288849655,0.01846356371389976,0.021272116004547464,0.6476588025310988,0.03034350028904679,0.10097142732746847,0.037948476659269904
ASASSN-V_J172607.12+564531.5_B,0.18396160293308997,-0.32107511768497543,-0.16471095306352795,0.165523524113794,0.33943794811090977,0.7535404224810814,0.19921213480786584,0.5654980017950837,-0.43946689836131236,-0.06073284369320107,0.13462856976995796,0.46676626290901985
KIC11454149,0.5492447749855818,0.6217970692385874,-0.7429120272619679,-0.06770856586731124,0.06250937883545457,0.06528746166446578,0.4858832556289411,0.05343264532608127,-0.0221183320744423,-0.6280625697492861,0.1891799736836032,0.05619977468817169
ASASSN-V_J064057.24+213910.5_A,3.004541049435889,-0.5899262231933033,-2.545538905645339,1.1774646043507897,0.008715249933789339,0.0757327057769931,0.04858832556289411,0.10117581781612937,1.7145902179580155,0.3737772140554395,0.07741142761772583,0.11005058231188274
KIC4914423,-0.15999625410899895,-0.19232951786408792,1.0257030232273778,0.05332297706737242,0.10578510264461544,0.01514654115539862,0.35037540079623214,0.03313091632414922,-0.1634783303328983,-0.06452769135912806,0.08245999898409925,0.017076814496671457
V565_Lyr A,-0.45451159669912145,0.5536376340392943,1.7496690741145,-0.4211627873776823,0.11419982671861893,0.018933176444248277,0.24294162781447054,0.04707944538044168,-0.5135126117347889,-0.7267286090633879,0.010097142732746847,0.013281966830744467
EPIC206088888,-0.0157438414117961,0.1371077522658311,0.2920193072276766,0.017272443951762088,0.08534934417917836,0.04543962346619586,0.38870660450315286,0.0538676253841556,-0.227426900973628,-0.3491412663036522,0.20194285465493694,0.05692271498890486
TYC_1332-131-1_A,0.1258639437192916,-0.8095510699465827,0.010207018962890842,0.7915828915707361,0.009472575100449654,0.0416529881773462,0.029152995337736465,0.2555276808910315,0.1764588083362455,1.7607940359517544,0.04711999941948529,0.398459004922334
ASASSN-V_J172607.12+564531.5_A,-0.1593110551486876,0.6066505280831871,-0.16471095306352795,-0.1271215993189499,0.051257690645072754,0.2650644702194759,0.19921213480786584,0.5575300868880664,-0.2644497576603668,-0.40226913362663014,0.13462856976995796,0.45727914374420237
KIC8321567,-0.28140870146247804,-0.5255534232828578,0.544678600154726,0.11957706052527513,0.06972199947031471,0.04317428405118271,0.49074208818523046,0.058919996336330445,-0.25098690068337104,0.19352194992390753,0.19527948932274336,0.06462392761169361
KIC7833440,0.4194176035580992,-0.6353658466594975,-1.8798788454336899,0.414692178026348,0.07092410290945807,0.045754088380393666,0.5004597532978092,0.05572499726860194,-0.19376975853113848,0.3225467705654249,0.19373545108462295,0.0661926303552915
KIC11189107,0.9820020130771904,-1.1238417989211047,-0.09668729727547622,1.0060216620902187,0.11299772327947558,0.10034583515451585,0.6073540695361763,0.05496444911345518,1.2534873664959094,1.472385613341303,0.5553428503010766,0.21820374079080196
KIC9641837,0.35089770752692784,-1.2677339398973908,-0.39307608320913023,0.6834369670565398,0.061307275396311214,0.04233586998533735,0.4858832556289411,0.05765249819973603,0.5264930897381365,1.3452582165327491,0.1942952871634401,0.08654368400758485
V505_Per B,0.5817015678424524,0.47033165768460106,-0.19386394840126436,0.12186588779642153,0.014425241269720286,0.03786635288849655,0.1457649766886823,0.014980394169223168,0.35820737752568893,-0.4117562527914478,0.0033657142442489493,0.026563933661488934
KIC9656397_A,0.35089770752692784,0.6596634221270831,-0.043240139156292656,-0.14230546009054673,0.1622839642843532,0.1514654115539862,0.19921213480786584,0.19695864875824218,0.008173096123797895,-0.7476002712259862,0.4038857093098739,0.30358781327415924
KIC8367710,0.4494701895366831,-0.8549906934127786,0.4572196141415166,0.7364193124630704,0.07933882698346158,0.0374251303580045,0.4858832556289411,0.05492498213361621,1.034715940619728,1.0568497939222976,0.315057646029943,0.08530530947133906
UCAC4_576-009710_A,0.22411185780047765,0.2507068109313217,-0.03352247404371382,-0.138475466448031,0.016973700560704203,0.08709261164354207,0.06316482323176233,0.4172557381605988,0.39523023421242703,-0.669805894074483,0.03029142819824054,0.3054852371071228
KIC11807274,0.08042443371967248,-0.28699540008533064,-0.15013445539465972,0.24381727335916772,0.17310289523664343,0.03786635288849655,0.034011827894025876,0.061306039954806935,0.21011595077873502,0.20111164525576153,0.06731428488497898,0.018974238329634952
KIC8760414,-0.12633735781298497,0.4676810129824057,-4.080929993432793,-0.344996828456286,0.0925619648140385,0.0208264940886731,0.4858832556289411,0.02746729285899623,-1.131121175554471,-0.8811789090666162,0.08346971325737393,0.0206819197793021
AL_Ari_A,0.4686557604254111,0.08788149351078596,-1.6515137152880874,0.18879953950243747,0.030617574594981305,0.018933176444248277,0.38870660450315286,0.02515501894952054,0.055293095543283224,-0.2125267503302804,0.0033657142442489493,0.007589695331853981
HIP32851,0.7812507387402498,-0.05979728275434945,-1.5057487385994053,0.34026414911503877,0.10698720608375879,0.2271981173309793,0.1457649766886823,0.0019826554190420054,0.10914452345126646,-0.10816843951728829,0.333205710180646,0.07399952948557632
KIC3112152,0.3653229487966481,-0.5823529526156048,-0.271605269301895,0.46524108999830216,0.07092410290945807,0.058792516897925105,0.4858832556289411,0.05274468751012465,0.3481102347929417,0.48762264403324934,0.305739242064745,0.10604081914066744
KIC10016239,0.6057436366253196,0.40217222248530804,0.3649017955720178,0.1356774382577449,0.061307275396311214,0.040783311650556105,0.4858832556289411,0.052616814248747264,0.39186451996817845,-0.3529361139695792,0.1913031823460169,0.04767471202165319
KIC5094751,-0.03137118612065974,0.02729532888919143,0.30659580489654487,-0.01085659664598591,0.09015775793575179,0.028399764666372413,0.35037540079623214,0.036818795812573,-0.2678154719046154,-0.275141736818076,0.13462856976995796,0.03130749324389767
KIC8016496,0.5624679128161587,-0.8852837757235759,0.8167732233069329,0.6930453483514227,0.08775355105746507,0.10851552918997365,0.4858832556289411,0.061417040902326504,1.1861730816109304,1.1327467472408375,0.4028095255459895,0.19872931497486418
RS_Cha A,1.9953752122750406,-0.5899262231933033,1.2151974929226645,1.2333752441828711,0.09135986137489514,0.2271981173309793,0.34011827894025876,0.047263569742994914,2.5088987796007673,1.297822620708662,0.03365714244248949,0.11574285381077322
TIC196817076_B,-0.9353529723564643,-0.2491290471968349,0.4863726094792531,-1.0783546895417657,0.18632603306722037,1.4767877626513655,0.6316482323176233,0.076519367173467,-1.1092440329668531,-1.3699552884380128,0.03702285668673844,0.009487119164817476
TIC431925451_A,1.2152100802710017,0.16740083457662838,-0.5825705529044173,0.5267734683325535,0.15747555052777978,0.18933176444248276,0.09717665112578822,0.03969696172682371,0.937110227536508,0.007574414293484823,0.265891425295667,0.17076814496671458
TIC46299496_A,0.0936475715502494,0.6596634221270831,-2.331750273168605,-0.19015479972775912,0.13583768862319937,0.03786635288849655,0.1457649766886823,0.01656715555718078,-0.08270118847092343,-0.6717033179074466,0.09423999883897058,0.03415362899334291
KIC5359678_A,0.6273814985299,-0.021930929865853706,-0.1161226275006338,0.3722521027139817,0.06010517195716786,0.2991441878191228,0.22350629758931287,0.08974586522475876,0.5803445176461197,0.06829197694831672,0.20194285465493694,0.07589695331853981
TIC344753509_B,-0.9654055583350483,1.0761933039005465,-0.09668729727547622,-1.100733335183741,0.18632603306722037,0.4543962346619586,0.4858832556289411,0.07689704546707407,-1.361672601285524,-1.3813398314357936,0.016828571221244745,0.009487119164817476
KIC12366681,0.25232522551717257,-1.6085311158938593,1.1180208417968764,1.2269011578698912,0.07933882698346158,0.04433469843545069,0.4858832556289411,0.051592312662715314,1.2400245095189135,2.155458193208162,0.297564317636888,0.09677154035997677
KIC3633889,0.5696805334510189,0.2658533520867186,-0.19386394840126436,0.18834224868000102,0.0589030685180245,0.045597128561035566,0.4858832556289411,0.053164110203772194,0.20338452229023712,-0.30739794197845527,0.19795131613839811,0.06737858666072785
KIC11723674,0.3220472249874873,-1.5403716806945662,0.08794833986352141,1.0060216620902187,0.07573251666603151,0.056959315875346056,0.4858832556289411,0.05924045044489128,0.8496016571860352,1.8632549229317836,0.2066559518197291,0.12135625888804656
KIC8950146,0.475916465197837,0.28857316381981746,0.3211723025654131,0.14087301792590548,0.07212620634860144,0.05421636625803265,0.49074208818523046,0.05305273883980128,0.3009902353734571,-0.2922185513147473,0.19471418564113643,0.06110176062222564
KIC7871531,-0.7802816287069713,0.9625942452350558,-2.0047508421303277,-0.8468044605943276,0.3618331351821505,0.0757327057769931,0.038870660450315286,0.14733111999317666,-1.169826889363334,-1.1650335144779553,0.13462856976995796,0.037948476659269904
NGC_2506_V4_B,1.0161297297144707,-0.16203643555329064,-1.3599837619107227,0.5076549307413146,0.04921411479852904,0.04543962346619586,0.4858832556289411,0.03812686574041601,0.3447445205486931,0.09485591060980568,0.013462856976995797,0.015179390663707963
V2653_Oph_B,0.4470659826583964,-1.0026694696779157,-0.4659585715534713,0.661965159730487,0.7813672354431822,0.09466588222124138,0.272094623152207,0.2648751577127817,0.4221559481664186,0.9790554167707944,0.06394857064073003,0.10625573464595574
TIC431925451_B,0.7644212905922427,0.1295344816881326,-0.5825705529044173,0.3891680023898854,0.1743049986757868,0.2650644702194759,0.09717665112578822,0.039227870757290485,0.863064514163031,-0.0057075525372594456,0.2053085688991859,0.16507587346782407
TIC278683641_B,-2.795006992711238,1.7729341970488834,1.8016585824667966,-2.2595885789187857,0.11660403359690565,0.003786635288849655,0.0189494469695287,0.10728283088969484,-1.8799925948998624,-1.7057993068725514,0.006731428488497899,0.0018974238329634953
CU_Cnc_B,-3.4297176085789305,2.4545285490418203,1.3609624696113471,-3.229985150560639,0.18031551587150357,0.07951934106584276,0.9717665112578822,0.1253200618750623,-2.5167857299117635,-2.074279015234062,0.004711999941948528,0.017835784029856857
EPIC205962429,0.12490226096797669,-0.8171243405242812,-0.7769238551559935,0.4752373891292587,0.07813672354431822,0.04543962346619586,0.38870660450315286,0.05452831614885818,0.008173096123797895,0.5805964118484604,0.13462856976995796,0.07589695331853981
KIC4947253,-0.030169082681516385,-1.1541348812319019,-0.5631352226792596,0.600146412868732,0.07092410290945807,0.049226258755045514,0.4858832556289411,0.05700039668760458,0.08558452374152417,0.990439959768575,0.18830661290864867,0.09170663782077693
ASAS_J051753-5406.0_A,0.5817015678424524,-0.8413588063729196,0.3891959583534649,0.6587628772679293,0.05169044788316436,0.004543962346619586,0.9717665112578822,0.016410792292635933,0.5446679466570803,0.8439588398637937,0.01716514264566964,0.005692271498890486
TIC17303250_B,-1.0916264194451009,0.9625942452350558,0.09766600497610024,-1.1597805632287161,0.1622839642843532,1.0602578808779035,0.7288248834434116,0.06827018331074831,-1.5198611707652248,-1.3889295267676478,0.013462856976995797,0.007589695331853981
KIC7747078,-0.04459432395123667,-1.1200551636322538,-0.6476789091586954,0.4598519310146746,0.16949658491921335,0.03786635288849655,0.03158241161588116,0.06090557140108801,-0.16011261608864896,0.8841842251226196,0.06731428488497898,0.018974238329634952
CM_Dra_B,-3.4357281257746473,3.0414570188135177,-1.0684538085333581,-3.862303849670208,0.084147240740035,0.02271981173309793,0.5830599067547292,0.08244528504685318,-3.155026122048692,-2.3654956251172994,0.0009423999883897057,0.0002656393366148893
UX_Men B,0.206645294829725,0.37945241075220926,0.5835492606050412,0.004279453819439257,0.12021034391433572,0.03786635288849655,0.4858832556289411,0.047402706119506546,0.16299595135924969,-0.39657686212773985,0.023559999709742645,0.02466650982852544
YZ_Cas B,0.8678021863585714,0.3832390460410602,0.8750792139824058,0.30392069967219326,0.3005258597858393,0.049226258755045514,0.2915299533773646,0.11633290106805991,0.6712188022408411,-0.23719326015880607,0.03365714244248949,0.037948476659269904
KIC8379927,0.10687070938082634,0.6895778409089963,-0.09668729727547622,-0.1562870876992514,0.14425241269720288,0.027074442315275032,0.7288248834434116,0.04026470230448701,-0.09481775975021982,-0.6912467833869707,0.13429199834553307,0.02846135749445243
KIC10516096,-0.016945944850939455,-0.13931662382019522,-0.14527562283837028,0.04220264655215557,0.0925619648140385,0.039570338768478895,0.4858832556289411,0.047805869209171785,-0.2994531858005558,-0.16205527637345152,0.18545085485811708,0.042692036241678645
KIC9540226_B,0.21506001890372847,0.8376352807030158,-0.7283355295930997,-0.2830627738362897,0.15747555052777978,0.3786635288849655,0.4858832556289411,0.08038027496450861,-0.48995261202504625,-0.8918044825312119,0.050485713663734236,0.026563933661488934
KIC10583181_B,-0.2685461946636443,0.8792882688803625,-0.7283355295930997,-0.49892025507502796,0.15290755745903503,0.026506447021947585,0.034011827894025876,0.05869501593476962,-0.6313126102835023,-0.9563168928519709,0.05385142790798319,0.018974238329634952
CD_Tau A,0.26675046678689285,-0.4498207175058664,0.7779025628566177,0.4624197677884349,0.06010517195716786,0.03786635288849655,0.7288248834434116,0.025461675135849866,0.9875959412002426,0.5957758025121684,0.05385142790798319,0.03225620516037942
HD285001_B,0.38748973621445115,-0.12038344737594399,-0.13555795772579146,0.43427613686603067,0.09544701306798256,0.6134349167936441,0.06316482323176233,0.3574737136334065,1.4318702214411034,0.40793084304878247,0.05385142790798319,0.38327961425862606
V432_Aur_B,0.8497706347714211,0.3415860578637135,-2.5261035754201813,0.1643371200049584,0.10217879232718537,0.018933176444248277,0.24294162781447054,0.034709482329404635,-0.23079261521787733,-0.493345477608878,0.016828571221244745,0.013281966830744467
KIC6448798,0.4458638792192531,-1.4267726220290757,-0.38821725065284085,0.9736795849291016,0.08054093042260493,0.06437279991044415,0.7288248834434116,0.05753199707026568,0.8496016571860352,1.7380249499561924,0.5721714215223213,0.22769085995561947
KIC10130724,-0.39681063162024033,0.37945241075220926,1.9440223763660762,0.5350605070949466,0.084147240740035,0.07194607048814344,0.7288248834434116,0.19026377454902083,-1.0015411771508866,-0.7665745095556211,0.4038857093098739,0.09487119164817477
KIC5543462,0.3220472249874873,0.06894831706653809,-1.4182897525861957,0.052191313905142006,0.06491358571374128,0.11272823478820704,0.49560092074151985,0.05357110427039351,-0.3856154704533291,-0.3529361139695792,0.2021382966325291,0.10543440343236424
KIC6592305,0.18500743292514454,-1.2790938457639403,0.6807259117308295,0.7680625054490979,0.06611568915288464,0.038985795878939175,0.4858832556289411,0.05508158047143035,0.7217045159045757,1.4496165273457418,0.18569476312082644,0.07633039417795857
ASASSN-V_J064057.24+213910.5_B,3.2945124410260487,2.0493585731349064,-2.545538905645339,0.4992824863007525,0.5004236406809882,0.6967408931483365,0.04858832556289411,0.3960604415786441,2.111744498779391,-1.045495813001255,0.07741142761772583,0.16887072113375107
KIC7429287,-0.21168670199216333,-0.559633140882506,-1.4620192455928005,0.1435777115005436,0.07212620634860144,0.04233586998533735,0.4858832556289411,0.057635264328357985,-0.7087240379012277,0.026548652623119794,0.17554348119160373,0.06920592155472549
KIC11757831,0.9327157720723127,-0.5141935174163085,0.2920193072276766,0.7782102093312595,0.084147240740035,0.05301289404389517,0.8502956973506468,0.05614416743988525,0.9169159420710142,0.6375191268373654,0.40388570930987394,0.1233325491426272
KIC_6131659 A,-0.38238539035052005,1.1358917941178222,-0.6311588784673113,-0.6812135447538245,0.16829448148007,0.01678122024968915,0.4858832556289411,0.07004185013154804,-0.7592097515649621,-1.1460592761483204,0.023559999709742645,0.005692271498890486
KIC9202077,0.1693800882162809,-0.7830446229246346,1.1083031766842975,0.6329816327866693,0.084147240740035,0.06151929758255512,0.4858832556289411,0.054384541349170507,0.997693083932989,0.9430043639444882,0.4361651723550506,0.11927010684482545
KIC11506988,0.5528510853030119,-0.8019777993688825,-0.7283355295930997,0.7554050386266055,0.3474078939124302,0.09652028082816741,0.4858832556289411,0.058082475387536775,0.3481102347929417,0.7361851661514672,0.47517506258873743,0.07053730211499167
EPIC211770390_A,-0.16577837165127898,-0.8852837757235759,0.5543962652673048,0.5453354614503916,0.15480688089288153,0.40516997590691306,0.3255417812713905,0.45572332901170465,-1.0856840332571105,1.2750535347131,0.10097142732746847,0.6109704742142456
TIC100520485_A,0.13451908848112354,-0.4763271645278127,-1.6515137152880874,0.2977853111577131,0.15266713677120636,0.0757327057769931,0.24294162781447054,0.01927148474866292,0.23704166473272664,0.29408541307097263,0.050485713663734236,0.07779437715150331
KIC8394589,0.029936089275651473,0.3945989519076062,-1.078171473645937,-0.1761115711113813,0.2632606531723952,0.0757327057769931,0.024294162781447054,0.09571085264678006,-0.4630268980710546,-0.6147806029185418,0.10097142732746847,0.037948476659269904
KIC7383120,0.08403074403710255,-0.0446507415989525,-0.15499328795094913,0.1311901420082525,0.06972199947031471,0.0690996113018917,0.4858832556289411,0.05532003994381531,-0.14328404486740456,-0.17268084983804718,0.26379437833007385,0.10099548378474503
TIC54759992_A,0.9074715998503022,0.47033165768460106,-2.185985296479923,0.2134585424162352,0.15146503333206301,0.03786635288849655,0.1457649766886823,0.019796799465407345,0.2976245211292078,-0.4345253387870098,0.14135999825845588,0.05312786732297787
BG_Ind A,0.4506722929758265,-1.2902369932666498,-0.5825705529044173,0.8530876879273703,0.3245679285687064,0.02609671036388232,0.4858832556289411,0.1326112110670184,0.9438416560250058,1.5293083283302082,0.026925713953991594,0.03225620516037942
EPIC206107253,0.37493977630979497,0.23177363448707383,-0.485393901778629,0.11394731908912822,0.07813672354431822,0.03786635288849655,0.38870660450315286,0.053695522595164594,0.04183023856628742,-0.3301670279740172,0.10097142732746847,0.037948476659269904
KIC9005973,0.1838053294860012,-0.1582498002644431,-0.2327346088515797,0.12868348774071542,0.06851989603117135,0.05594633792268473,0.4858832556289411,0.054057736797550576,-0.08606690271517202,-0.06073284369320107,0.24135415174939287,0.07215936136548441
TIC446092483_B,0.14173170911598368,0.28099989324211894,-0.8255121807188877,0.0954319584447042,0.13343348174491265,0.1514654115539862,0.04858832556289411,0.035684581284357385,1.139053082191445,-0.04745087686245638,0.09423999883897058,0.14610163513818913
HD181420,0.7463897390050923,-0.1355299885313443,0.38530889230843335,0.49132652369254687,0.01803155158715036,0.03786635288849655,0.024780046037075995,0.00977819963181357,0.9169159420710142,0.2580343602446664,0.06731428488497898,0.018974238329634952
TIC39022841_B,0.11167912313739976,0.47033165768460106,-0.5339822273415231,-0.24639458881713572,0.12261455079262243,0.11359905866548965,0.1457649766886823,0.05194112209482936,-0.8601811788924306,-0.7779590525534021,0.12453142703721111,0.16507587346782407
TIC327361036_B,1.9316637300004424,0.6975297750155789,0.7779025628566177,0.45418170575070477,0.2296017568763812,0.18933176444248276,0.19435330225157643,0.03693251247536811,0.4187902339221701,-0.5578578879296369,0.07067999912922794,0.1195377014767002
KIC5773155,0.4073965691666656,-0.6429391172371993,1.0597148511214036,0.6180008276259435,0.06611568915288464,0.04980540947593392,0.4858832556289411,0.053630122833439764,0.9472073702692552,0.7817233381425908,0.26427881062981995,0.09895751966589778
KIC6232600,0.5492447749855818,0.18633401102087624,-1.0393008131956216,0.1462709818776549,0.084147240740035,0.038985795878939175,0.4858832556289411,0.04894929662271882,-0.052409760272683244,-0.32637218030809023,0.19883368188181313,0.046862911567974674
EPIC211563123_A,-0.007365180440966593,-1.536585045405717,-0.7477708598182573,0.556989041031532,0.012970696108356822,0.1514654115539862,0.04858832556289411,0.1481344643739919,0.0014416676352999906,1.1327467472408375,0.03029142819824054,0.199229502461167
KIC11389393,0.23549577736916555,-0.7073119171476414,1.0694325162339824,0.5267734683325535,0.07933882698346158,0.05978317074224102,0.4858832556289411,0.05074848426570209,0.8596987999187824,0.7988001526392624,0.3786925859545369,0.14001363218113622
TV_Cet_A,1.1106270810655297,0.11817457582158324,-0.2035816135138432,0.49400607882390285,0.18031551587150357,0.0757327057769931,0.024294162781447054,0.058066084834156775,0.7991159435223013,-1.5281038369164964e-05,0.17501714070094535,0.037948476659269904
*_16_Cyg_B,-0.20567618479644653,0.5460643634615925,0.7293142372937237,-0.3145879729468305,0.04327572380916086,0.03786635288849655,0.04858832556289411,0.0010066180808531787,-0.40244404167457354,-0.7039595230678259,0.1447257125027048,0.026563933661488934
KIC9025370,-0.007329117337792598,0.8489951865695652,0.3891959583534649,-0.3914278575179065,0.3786625833301575,0.03786635288849655,0.04858832556289411,0.1353100074163423,-0.5976554678410128,-0.9373426545223359,0.10097142732746847,0.018974238329634952
KIC8956017,0.7536023596399525,-0.5406999644382582,1.0111265255585096,0.6710046867882784,0.10338089576632872,0.0940013807409423,0.4858832556289411,0.05186742740647153,1.1760759388781838,0.7532619806481385,0.2512590768587935,0.1419388295554547
LL_Aqr_B,-0.1672088747438591,0.9576716193595526,0.6321375861679354,-0.4466495905828019,0.054094654761451075,0.003029308231079724,0.38870660450315286,0.018578808995254725,-0.38426918475562893,-0.9322196101733343,0.0020194285465493693,0.0015179390663707963
KIC12009504,0.07802022684138576,0.015935423022642035,0.313884053730979,0.062315851722484404,0.12141244735347907,0.03786635288849655,0.024780046037075995,0.04363049332625528,-0.12645547364615944,-0.19734735966657285,0.10097142732746847,0.018974238329634952
KIC8543278_A,-0.8512057316164293,1.5343761738513528,-0.4173702459905773,-1.0659552591536094,0.10818930952290215,0.01514654115539862,0.1360473115761035,0.07296522281288302,-1.0789526047686124,-1.4003140697654286,0.023559999709742645,0.007589695331853981
KIC9850387_A,1.6230236720003857,-0.8095510699465827,-0.5825705529044173,1.1217576792292732,0.04404507001021261,0.011359905866548965,0.24294162781447054,0.0293550792358971,1.724687360690762,1.2712586870471725,0.013462856976995797,0.0018974238329634953
KIC7938112,0.6514235673127672,-0.6164326702152496,-0.6797472040302055,0.7936223727730947,0.084147240740035,0.07194607048814344,0.7288248834434116,0.06928939259918532,0.7486302298585673,0.6754676034966354,0.5048571366373424,0.15179390663707962
KIC9970397_B,0.2919946390089033,0.5434137187594006,-1.3113954363478286,-0.1425821094029787,0.15026292989291964,0.02044783055978814,0.4858832556289411,0.05627773401752123,-0.48658689778079767,-0.7117389607829763,0.02860857107611607,0.009866603931410175
EPIC210822691_A,-0.02581746823181756,0.3037197049752144,0.3891959583534649,-0.10138989998288606,0.06444476537247537,0.07951934106584276,0.24294162781447054,0.05386584151976174,-0.19376975853113848,-0.44401245795182703,0.013462856976995797,0.007589695331853981
KIC12507240,0.21506001890372847,-0.7754713523469344,0.4863726094792531,0.516739408489681,0.11660403359690565,0.056799529332744826,0.8502956973506468,0.05407180148040466,0.7486302298585673,0.8652099867929847,0.35339999564613966,0.11384542997780972
KIC4465529,0.44105546546267965,-0.32486175297382636,0.5106667722607001,0.45553705594117344,0.0589030685180245,0.038985795878939175,0.4858832556289411,0.055454319443605266,0.5870759461346177,0.3282390420643156,0.18939656076093486,0.05808100875228043
KIC11922782_A,0.01430874456678783,-0.3475815647069252,-0.6943237016990738,0.1462709818776549,0.13223137830576928,0.12495896453203863,0.05830599067547293,0.06620498345195025,-0.2711811861488648,0.03224092412201007,0.03365714244248949,0.10815315847891924
EPIC219511354_A,-1.1336880187807266,1.0004605981235515,0.7293142372937237,-0.9190964511211064,0.07868969112632415,0.06058616462159448,0.1457649766886823,0.07898573307095652,-0.7928668940074516,-1.0701623228297805,0.020194285465493695,0.013281966830744467
ZTF_J034350.31+515137.1_A,-0.09164465255930807,0.4438252106626547,0.5155256048169895,0.0980725089031911,0.08888352829025983,0.3521570818630179,0.26723579059591757,0.3130026780102789,-0.29137547161435845,0.0056769904605215365,0.1447257125027048,0.29220327027637827
KIC10730618,0.5336174302767182,-0.4990469762609115,0.36004296301572836,0.547162286588404,0.06491358571374128,0.027305817091329614,0.4858832556289411,0.051869790232203304,0.7418988013700695,0.5559299020199349,0.18840296152746164,0.04569601678236429
KIC9139151,0.18500743292514454,0.6217970692385874,0.9980076776565279,-0.13292087775661127,0.134635585184056,0.0757327057769931,0.021864746503302345,0.051628466057932206,0.04183023856628742,-0.6337548412481767,0.10097142732746847,0.037948476659269904
KIC9138680,0.01430874456678783,-1.536585045405717,1.0159853581147988,0.8407918979772102,0.07212620634860144,0.047897570085176346,0.48102442307265164,0.055246001000723716,0.9034530850940184,1.8841265850943816,0.18660753304386693,0.101050826894393
mu._Cas_A,-0.8079300078072685,1.1708591861217856,-3.5464584122409577,-0.9818261171355109,0.037265206613444075,0.0416529881773462,0.1457649766886823,0.007165380472978059,-1.3583068870412751,-1.3187248449479982,0.04106171377983718,0.015179390663707963
TV_Cet_B,0.7175392564656518,0.610437163372038,-0.2035816135138432,0.12140877908177126,0.18031551587150357,0.07194607048814344,0.024294162781447054,0.059140193307318664,0.39523023421242703,-0.49903774910776827,0.1716514264566964,0.018974238329634952
KIC9955598,-0.7586437668023909,1.0761933039005465,1.0742913487902717,-0.8382008001748795,0.4015025486738813,0.0757327057769931,0.1311884790198141,0.16238430795880104,-1.102512604478355,-1.1650335144779553,0.10097142732746847,0.037948476659269904
TIC344753509_A,-0.5506798718305901,0.6975297750155789,-0.14527562283837028,-0.9824856453353571,0.14425241269720288,0.3407971759964689,0.5830599067547292,0.0564518144670697,-1.361672601285524,-1.4325702749258082,0.016828571221244745,0.011384542997780972
EPIC219568666_A,0.1917632542531301,0.5309178223061956,0.7293142372937237,-0.10138989998288606,0.05164236374559863,0.018933176444248277,0.1457649766886823,0.04137321199085385,-0.08943261695942134,-0.5806269739251988,0.020194285465493695,0.005692271498890486
V443_Cyg_A,0.8678021863585714,0.3188662461306147,-0.6457353761361796,0.2494076745943178,0.420736203700175,0.5755685639051475,0.12147081390723527,0.2416875396110379,0.1764588083362455,-0.3491412663036522,0.6731428488497898,0.3794847665926991
KIC9579208,0.5336174302767182,-0.7148851877253399,-0.43680557621573496,0.5505411395389946,0.067317792592028,0.03745486869824548,0.35037540079623214,0.05308667506080503,0.1899216653132413,0.5635195973517888,0.19382499254637697,0.058621600930394306
KIC7529180,0.846164324453991,0.14089438755468203,0.272583977002519,0.38008918589318386,0.06972199947031471,0.03729403325766924,0.4858832556289411,0.050518436347024846,0.6880473734620862,-0.05504057219431037,0.2275378846796082,0.06177564397846944
KIC4841753,-0.014541737972652742,-1.1920012341203978,1.00626769300222,0.708609574342532,0.08054093042260493,0.08653581532408139,0.4858832556289411,0.05679750028021089,0.5601502321806261,1.2617715678823553,0.18450185133838018,0.1461362280207998
PTFEB132.707+19.810_A,-3.2674336442945773,2.704446478105897,1.0694325162339824,-3.201427004334331,0.084147240740035,0.0757327057769931,0.19435330225157643,0.04662979459101034,-2.5319314440108838,-2.1270273977904472,0.006731428488497899,0.015179390663707963
CU_Cnc_A,-3.387643988208913,2.2651967845993384,1.3609624696113471,-3.075155765796553,0.18031551587150357,0.0416529881773462,0.9717665112578822,0.12148479842690275,-2.3956200171188016,-1.9966743804658553,0.0026925713953991595,0.009866603931410175
KIC5636956,0.4699059480021202,-0.8739238698570264,0.8459262186446693,0.8054634974398859,0.07212620634860144,0.04793590787415831,0.4858832556289411,0.05556058716613993,1.0650073688179682,1.083413727583787,0.33583112379687247,0.11392481439613325
KIC10024648,0.5179900855678545,-0.8019777993688825,0.36004296301572836,0.6636661292944691,0.18873023994550708,0.057695664973615765,0.4858832556289411,0.05466739071817475,0.997693083932989,0.9790554167707944,0.37862256900111385,0.1049806335739991
KIC8478994,-0.6744965260623559,1.379124127008519,-0.8157945156063089,-0.951054304112103,0.09015775793575179,0.009466588222124138,0.35037540079623214,0.03287159193725459,-1.1361697469208443,-1.3509810501083779,0.050485713663734236,0.00853840724833573
BW_Aqr B,0.5672763265727321,-0.49526034097206056,0.04907767941320609,0.5564756013704932,0.12021034391433572,0.0833059763546924,0.5344715811918351,0.053674031058061476,0.7721902295683096,0.5768015641825335,0.06731428488497898,0.07589695331853981
KIC8776961,-0.24173928797074726,-0.7148851877253399,-0.22301694373900086,0.2301694819498722,0.08655144761832172,0.035581364622969555,0.4858832556289411,0.05729068123619942,-0.27791261463736266,0.36429009489062186,0.17569927505539865,0.06451241032075884
EPIC219394517_B,-0.12406538231300362,0.8489951865695652,0.7293142372937237,-0.34923400035483265,0.04943049341757484,0.03786635288849655,0.1457649766886823,0.053264528729980075,-0.27454690039311336,-0.838676615208234,0.0033657142442489493,0.009487119164817476
TIC46299496_B,-0.06262587553838703,0.8868615394580643,-2.331750273168605,-0.3763739270380701,0.14425241269720288,0.0757327057769931,0.1457649766886823,0.027743230576158136,-0.3183011855683501,-0.8804199395334309,0.08750857035047267,0.07589695331853981
KIC7510397,0.2318894670517355,-0.6433177807660835,-0.6311588784673113,0.5510593777020645,0.0925619648140385,0.0208264940886731,0.4858832556289411,0.020519527407172,0.742908515643344,0.7084827781901999,0.07034342770480304,0.03415362899334291
KIC8981766,0.31122829403519703,-0.5558465055936551,-0.485393901778629,1.2340412411358987,0.08655144761832172,0.054906211688319995,1.2147081390723526,0.05976526731748727,0.7822873723010562,0.6375191268373654,0.3365714244248949,0.09487119164817477
KIC6278762,-1.1204769019845413,1.34125777412002,-1.9527613337780307,-1.1515745081125954,0.08895565449660843,0.009466588222124138,0.35037540079623214,0.033495658707574066,-1.37513545826252,-1.3965192220995017,0.033657142442489484,0.00853840724833573
KIC7940546,0.30882408715691034,-0.7516155500271834,-0.5825705529044173,0.6968691350145807,0.0925619648140385,0.008330597635469242,0.4858832556289411,0.014705650300739127,0.845226228668512,0.8678663801591336,0.07034342770480305,0.03415362899334291
BN_Scl_A,0.39846494061383014,-0.5558465055936551,-0.7283355295930997,0.5361220005145156,0.02275581810298375,0.011359905866548965,0.2915299533773646,0.017239117897102023,0.8731616568957782,0.6640830604988543,0.0033657142442489493,0.005692271498890486
KIC10655953,0.7403792218093755,0.48169156355115045,0.034501181744337917,0.06591769899772175,0.0733283097877448,0.048679053982771496,0.48102442307265164,0.05366124570585356,0.38513309147968056,-0.4117562527914478,0.1657478441894281,0.050211359918415674
KIC10709834,0.6369983260430468,-0.4308875410616185,0.0004893538503120126,0.6453884837582015,0.10097668888804201,0.03786635288849655,0.4372949300660469,0.05182564256641104,0.8159445147435457,0.5236736968595556,0.11779999854871323,0.047435595824087386
KIC6529109,-0.2068782882355899,-0.820910975813132,0.7390319024063023,0.3302730427746958,0.10818930952290215,0.03786635288849655,0.48102442307265164,0.05538880213275743,0.14280166589375598,0.6526985175010734,0.1834899796422749,0.06054786465690693
KIC10031808_B,1.0350388168121951,-1.797862880336343,-0.14527562283837028,1.381200943837733,0.0575446916317925,0.01514654115539862,0.38870660450315286,0.0404589290701036,2.189155926397117,2.9277096932243043,0.020194285465493695,0.011384542997780972
KIC9962623,-0.07825322024725068,-0.23776914133028548,-0.6165823807984431,0.0012195054118086799,0.19954917089779728,0.05942563663826783,0.49074208818523046,0.05543943284708644,-0.5404383256887806,-0.1688860021721202,0.2710749079518069,0.07823625585470725
KIC11075456,0.6430088432387636,0.004575517156092639,-0.5825705529044173,0.2855309772090399,0.06972199947031471,0.07194607048814344,1.2147081390723526,0.051904903539672524,0.47937309031865116,-0.007604976370223153,0.4711999941948529,0.11384542997780973
KIC10322381,0.5841057747207391,-0.02571756515470463,-1.3648425944670122,0.15041106302927817,0.07573251666603151,0.10818459051895171,0.4858832556289411,0.05189704485061217,-0.03221547480718953,-0.15750145917433922,0.2245507813135519,0.11912281647365588
KIC10118942,0.4614912239281167,-1.3472532809632334,-1.1899246224405935,0.7041430726250804,0.0733283097877448,0.06245079093043569,0.35037540079623214,0.05924478696013374,0.12260738042826226,1.244694753385684,0.20644634691659713,0.11457512320996441
EPIC211902535_A,-0.2033681461932912,-1.0253892814110128,0.8750792139824058,0.4964670644005093,0.02580916083840788,0.13253223510973794,0.09717665112578822,0.3531368223730824,2.6065044926839867,1.1631055285682534,0.21540571163193276,0.4781508059068008
V636_Cen B,-1.1757736601851358,1.2352319860322312,-0.5825705529044173,-1.064322244113792,0.12021034391433572,0.018933176444248277,0.38870660450315286,0.05559188221866935,-0.9880783201738909,-1.2314433486316776,0.010097142732746847,0.007589695331853981
KIC1430163,0.6514235673127672,0.0575884111999887,-0.14527562283837028,0.3499236239403279,0.10097668888804201,0.05111957639947034,0.4372949300660469,0.05141447749571282,0.6476588025310988,-0.007604976370223153,0.20194285465493694,0.05692271498890486
*_alf_Cen_A,-0.20928249511387662,0.4324653047961053,1.3609624696113471,-0.20101294852920237,0.015627344708863643,0.18933176444248276,0.04858832556289411,0.0012635921912150416,-0.12308975940191086,-0.5066274444396223,0.08750857035047267,0.009487119164817476
KIC5961597,0.6177646710167531,-0.6467257525260469,0.6369964187242249,0.745362436988091,0.06371148227459793,0.04970069007702078,0.4858832556289411,0.05040090395050233,1.0683730830622173,0.8329537816326054,0.24605706258002483,0.08527859469248285
KIC6520835,0.20183688107315156,-1.1654947870984498,0.544678600154726,0.7937994110930993,0.06010517195716786,0.040252485969224004,0.4858832556289411,0.050780261607925876,0.6072702316001114,1.252284448717538,0.19569169171195078,0.06535384473986058
KIC9656397_B,0.45908701704983,0.6596634221270831,-0.043240139156292656,-0.10500289562264074,0.1622839642843532,0.1514654115539862,0.19921213480786584,0.19442132093711734,0.04183023856628742,-0.7476002712259862,0.5553428503010767,0.29410069410934175
GJ_22_C,-3.344368264399752,3.4996398887643245,-0.5339822273415231,-4.167185795355482,0.13102927486662594,0.17039858799823446,0.4858832556289411,0.1482860492526667,-3.333981148415408,-2.4761533830557303,0.010097142732746847,0.017076814496671457
GJ_1081_A,-3.111160197205941,2.5529810665519106,-0.19386394840126436,-3.1876136405969286,0.13102927486662594,0.1514654115539862,0.4858832556289411,0.1264962338085047,-2.768541155381585,-2.164975874449717,0.03365714244248949,0.02846135749445243
KIC10398597,0.5215963958852846,-0.8133377052354319,0.9333852046578789,0.7538992716352128,0.07813672354431822,0.09158648816519604,0.4858832556289411,0.053590503082563155,1.0852016542834617,1.007516774265247,0.3205417946709501,0.1425267311507078
KIC4247542,0.5552552921812985,-0.4195276351950691,-1.7486903664138758,0.36812463183489713,0.07933882698346158,0.07667352182095483,0.4858832556289411,0.047057571383664384,-0.06250690300542973,0.18403483075908983,0.27405521930651827,0.09761577253052021
KIC3967430,0.7740381181053896,0.11438794053273231,0.3891959583534649,0.3451121760307443,0.06371148227459793,0.05301289404389517,0.7288248834434116,0.050495456725095075,0.7149730874160778,-0.026579214699858123,0.35339999564613966,0.08538407248335729
KIC8868907_A,-0.21409090887045004,0.021615375955916734,0.3891959583534649,-0.09067213467668461,0.18031551587150357,0.0034079717599646894,1.2147081390723526,0.07114843150259206,-0.3889811846975777,-0.31498763731030927,0.016828571221244745,0.0037948476659269907
KIC10644253,0.22107053609944527,0.8111288336810695,1.1039302273836373,-0.1656220340617034,0.1827197227497903,0.0757327057769931,0.021864746503302345,0.06703380610401591,0.04183023856628742,-0.7096517945667162,0.13462856976995796,0.037948476659269904
VZ_Cep B,-0.3102591840019186,0.9095813511911597,0.6807259117308295,-0.41878776778108234,0.14425241269720288,0.12495896453203863,0.4372949300660469,0.08163619461973157,-0.13318690213465734,-0.808317833880818,0.026925713953991594,0.07589695331853981
KIC10019747,-0.2513561154838941,-0.6126460349264021,1.3803977998365045,0.17283036907676608,0.07813672354431822,0.040252485969224004,0.4858832556289411,0.05447109962822758,0.06875595252027904,0.4098282668817458,0.17938575364712436,0.05693410712159797
KIC4755204,0.11408333001568648,-0.4611806233724158,0.039360014300627334,0.2187142756658267,0.084147240740035,0.045754088380393666,0.4858832556289411,0.05755085782792762,0.14280166589375598,0.30546995606875366,0.28326396830163864,0.07895252765937949
KIC11962180,0.4218218104363859,-0.8587773287016278,0.6807259117308295,0.702204642452099,0.09616827513146857,0.06437279991044415,0.6073540695361763,0.05609734236243658,0.6813159449735883,0.9221327017818896,0.4880285654160977,0.18974238329634954
KIC8289241,0.3941734313360887,0.17118746986547928,0.3697606281283072,0.16362421660532056,0.06250937883545457,0.07283738384897404,0.4858832556289411,0.05252802744538058,0.22357880775573083,-0.2277061409939884,0.20907017023284327,0.08086421537600728
UCAC4_570-022931_A,0.5510839932474708,-0.5899262231933033,0.6953024093996978,0.8328496009208288,0.02982418632514669,0.15525204684283586,0.11175314879465643,0.2009992411909229,0.4154245196779207,1.405975779187581,0.13462856976995796,0.2865109987774878
ASAS_J045021+2300.4_A,-0.37951236313096703,0.5839307163500916,-0.8741005062817818,-0.4654990030277966,0.03403154836214844,0.06815943519929378,1.2632964646352467,0.06398305102961402,-0.7188211806339746,-0.808317833880818,0.023559999709742645,0.018974238329634952
KIC5516982,0.560063705937872,-0.010571023999304313,0.07337184219465316,0.34564857759712075,0.06010517195716786,0.027305817091329614,0.4858832556289411,0.05495876253517807,0.3884988057239291,-0.02278436703393113,0.1509445275660895,0.03684130708364971
KIC5866724,0.206645294829725,0.09166812879963689,1.0499971860088249,0.1435261837069119,0.12862506798833923,0.03786635288849655,0.029152995337736465,0.045287392730768226,0.3447445205486931,-0.12145040634803297,0.06731428488497898,0.018974238329634952
KIC10129349,0.866600082919428,0.0007888818672450828,0.6078434233864883,0.45688953157977014,0.067317792592028,0.06709934771700389,0.4858832556289411,0.055341007235361644,0.7856530865453054,0.09485591060980568,0.19320908703396486,0.07637455197411122
KIC4646780,1.055330322864935,-0.6694455642591457,-0.19386394840126436,0.7317539636282316,0.1658902746017833,0.07194607048814344,0.7288248834434116,0.05285519874275592,0.9505730845135038,0.8272615101337147,0.42071428053111865,0.14230678747226216
KIC5184732,-0.1587941506698556,0.18557668396310809,2.1383756786176527,-0.08855002947517446,0.0925619648140385,0.03332239054187697,0.4858832556289411,0.045272240310705716,0.0011050962108751327,-0.3100543353446043,0.16626628366589807,0.03415362899334292
KIC6225718,0.4025881554100922,0.42716401539171467,0.04907767941320609,0.018766218409841207,0.09135986137489514,0.02290914349754041,0.4858832556289411,0.027444545765294554,0.03947423859531341,-0.4751302088124283,0.10231771302516805,0.02561522174500719
UCAC4_625-128029_B,-0.580359805743039,-1.2639473046085417,-0.12098146005692322,0.23294810083223005,0.052844467184741985,0.4998358581281545,0.09717665112578822,0.3829083511867683,-0.5438040399330295,0.7988001526392624,0.023559999709742645,0.46866368674198333
ASAS_J231922-0852.2_B,0.3116490302388977,0.5460643634615925,-1.5057487385994053,-0.13466833857544291,0.052483836152998974,0.06815943519929378,0.34011827894025876,0.04739359776884847,-0.47648975504805047,-0.7096517945667162,0.0033657142442489493,0.018974238329634952
G250-29_A,-3.041438197735626,2.5529810665519106,-0.2910405995270527,-3.098488564607202,0.13102927486662594,0.1514654115539862,0.4858832556289411,0.14140581628010696,-2.684398299275361,-2.1422067884541556,0.016828571221244745,0.03225620516037942
KIC_6131659 B,-1.4402364167966744,1.6946668084887786,-0.6311588784673113,-1.5178565841445857,0.1262208611100525,0.03308875893119023,0.4858832556289411,0.06331214912552036,-1.5568840274519629,-1.6014409960595593,0.016828571221244745,0.011384542997780972
KIC4931390,0.6959013945610714,0.25828008150902015,0.09766600497610024,0.33918178615438327,0.061307275396311214,0.04543962346619586,0.7288248834434116,0.056281332123991806,0.7486302298585673,-0.14042464467766794,0.3365714244248949,0.07589695331853981
KIC6450651,0.020319261762504617,-0.7413916347472896,-0.19386394840126436,0.2716330293305527,0.08294513730089165,0.07762602342141793,0.7288248834434116,0.05494660688671641,-0.16011261608864896,0.4477767435410157,0.5048571366373423,0.18974238329634954
KIC8249189,0.5456384646681517,-0.3589414705734746,-0.5194057296726549,0.7261691625641198,0.07813672354431822,0.10629626176651995,0.4858832556289411,0.07620855415960882,0.4154245196779207,0.29598283690393595,0.2674181284225724,0.1493761484715549
EPIC211396167_B,-1.5859553956896324,0.8641417277249656,-0.6991825342553631,-1.1921071579278573,0.14857998507811895,0.9845251751009103,0.8260015345691999,0.6166271305244274,-1.3179183161102876,-1.1593412429790648,0.03702285668673844,0.32825432310268465
KIC10923629,0.2607399495911761,-1.3851196338517306,1.1520326696909022,0.9828914043940671,0.10458299920547208,0.05886156997905257,0.4858832556289411,0.05317626754242792,1.8189273595297326,2.0757663922236946,0.49178372645554863,0.1351754898155019
KIC11708273,-0.022956462046656242,-0.4725405292389618,1.5553157718629234,0.2913957520651565,0.11540193015776229,0.08519929399911723,0.6073540695361763,0.055834890550904126,-0.2610840434161175,0.1441889302668566,0.5048571366373423,0.15179390663707962
KIC9702752,-0.25015401204475074,-0.5861395879044524,1.6767865857701587,0.1574121057939615,0.07453041322688815,0.0349110506575021,0.4858832556289411,0.05628142235028752,0.1360702374052581,0.4117256907147095,0.1461664451906694,0.04820118357160216
NGTS_0002-29_B,-3.305311923661985,2.6590068546397028,0.5835492606050412,-3.5890419914928224,0.02328474361620683,0.06437279991044415,0.19435330225157643,0.04400434800962009,-3.108478294050729,-2.2921032712582714,0.0033657142442489493,0.0037948476659269907
BG_Ind B,0.8113033247188336,-0.4347500567350186,-0.5825705529044173,0.5755768004504006,0.28009010132040224,0.07605737377997672,0.4858832556289411,0.11089676422212148,0.4894702330513977,0.3718797902224758,0.026925713953991594,0.07305081756909457
EPIC211391083_A,-0.538971384333334,0.015935423022642035,0.5349609350421471,-0.1159663523302866,0.05428699131171401,0.3786635288849655,0.6316482323176233,0.46871554712153735,1.5025502205703318,-0.09868132035247101,0.043754285175236336,0.43261263391567695
KIC10920273,-0.2044740813573032,-1.0443224578552606,-0.28618176697076325,0.3418339153901066,0.33779106639928336,0.03786635288849655,0.09717665112578822,0.12392656690326538,-0.19376975853113848,0.7134160801559053,0.06731428488497898,0.018974238329634952
KIC10454113,0.22948526017344878,0.3945989519076062,0.10495425381053433,-0.011231819972234363,0.11419982671861893,0.03786635288849655,0.02866711208210752,0.040590609085448495,0.04183023856628742,-0.44401245795182703,0.06731428488497898,0.018974238329634952
KIC6106415,0.07080760620652563,0.33969274021928636,0.19484265610188845,-0.10319383902055931,0.0925619648140385,0.03332239054187697,0.4858832556289411,0.04204506475287514,-0.2674789004801906,-0.503591566306881,0.15347656953775207,0.03415362899334291
*_tet_Cyg,1.1250523223352498,0.1295344816881326,0.24343098166478255,0.49801708444775034,0.03966941349173079,0.11359905866548965,0.1457649766886823,0.002533329690195934,0.3784016629911826,-1.5281038369164964e-05,0.12789714128146007,0.026563933661488934
KIC10351059,0.6634446017042007,-0.45739398808356485,1.1666091673597705,0.6294411109737073,0.06972199947031471,0.05451705349973199,0.4858832556289411,0.05272258173719553,1.0852016542834617,0.6356217030044017,0.24429587350743678,0.086083674470945
NGC_2506_V5_A,-0.3463222871762193,2.060718479001456,-1.3599837619107227,-0.9938616745650262,0.15627344708863644,0.18933176444248276,0.04858832556289411,0.08433393286234236,-0.6817983239472365,-1.5255440427410194,0.011779999854871322,0.07589695331853981
TIC219488423_A,-1.3320471072737723,1.3033914212315243,-2.283161947605711,-1.6293567425475117,0.10818930952290215,0.5679952933274482,0.5830599067547292,0.04974608943328158,-1.9607697367618373,-1.745645207364785,0.05385142790798319,0.013281966830744467
EPIC211770390_B,-0.7625986871171725,-1.650184104071206,0.5543962652673048,0.22219418620913095,0.2888414143573659,0.5793551991939973,0.3255417812713905,0.5553497385560767,-0.971249748952646,0.9752605691048675,0.10097142732746847,0.6299447125438805
TIC252991035_A,-0.5266378030477229,0.3567325990191105,-0.6311588784673113,-0.9524486450930427,0.16829448148007,0.49226258755045516,0.7288248834434116,0.06505047461002014,-1.3852326009952667,-1.4098011889302462,0.03029142819824054,0.009487119164817476
KIC12069424,-0.1840383228918661,0.30637034967740967,0.8750792139824058,-0.19389250383188705,0.06010517195716786,0.024991792906407722,0.1457649766886823,0.029574798088946933,-0.331427471120921,-0.5092838378057712,0.06714599917276654,0.022769085995561943
KIC10319352,-0.3835874937896634,-0.2945686706630291,1.3463859719424789,0.02618305038413509,0.07573251666603151,0.06440535361402237,0.48102442307265164,0.056642617648846275,-0.23752404370637523,-0.0019127048713324514,0.20666590423674935,0.0621583259042207
WASP_0639-32_B,-0.7008105703452043,1.519229632695956,-1.2142187852220405,-1.040315945478636,0.03891208832507047,0.03786635288849655,0.4858832556289411,0.03848072220752156,-1.227044031515566,-1.4325702749258082,0.0033657142442489493,0.005692271498890486
TIC126323537_A,0.9723851855640435,-0.5899262231933033,-2.185985296479923,0.5955733989451997,0.1598797574060665,0.03786635288849655,0.24294162781447054,0.016292744513506124,-0.008655475097446491,0.34531585656098684,0.1581885694797006,0.05123044349001438
KIC1435467,0.24030419112573898,-0.4005944587508212,0.7769307963453598,0.346571918826353,0.10458299920547208,0.03786635288849655,0.022350629758931286,0.036747553985186775,0.31108737810620357,0.3149570752335709,0.06731428488497898,0.018974238329634952
KIC8006161,-0.5891471818831775,1.0894465274115195,2.0411990274918645,-0.7039744199378964,0.0925619648140385,0.024991792906407722,0.4858832556289411,0.044627615250376576,-0.5680371824916218,-1.061244430814852,0.10231771302516805,0.019922950246116698
TYC_2271-1530-1_A,0.6179089234294503,-0.7565381759026866,-0.10154612983176563,0.5281173930123959,0.016709237804092666,0.08709261164354207,0.06316482323176233,0.1372285160775987,-0.08270118847092343,0.4534690150399064,0.10433714157171742,0.15179390663707962
KIC11922782_B,-0.138598812892247,1.1254195626555916,-0.6943237016990738,-0.634459088208633,0.14737788163897558,0.24234465848637793,0.05830599067547293,0.08791059662674175,-1.048661176570372,-1.2048794149701887,0.020194285465493695,0.1195377014767002
GX_Gem A,0.2595378461520327,-1.2071477752757964,-0.19386394840126436,0.7928250915383026,0.12021034391433572,0.01514654115539862,0.4858832556289411,0.04412546604040519,1.145784510679943,1.612794976980602,0.03702285668673844,0.022769085995561943
EPIC206064711,0.7031140151959315,-0.2226226001748852,-0.485393901778629,0.4180514062925597,0.08534934417917836,0.0416529881773462,0.38870660450315286,0.049302159764590715,0.4120588054336721,0.16316316859649158,0.16828571221244745,0.05692271498890486
KIC9116461,0.5913183953555993,0.4476118459515023,-0.17442861817610678,0.09331161725741967,0.05649886163973779,0.04748440652217467,0.4858832556289411,0.0514850302083086,0.20338452229023712,-0.44211503411886377,0.17639695732680324,0.05606237179259572
KIC8866102,0.41701339667981246,0.2128404580428226,0.3649017955720178,0.18028611523715563,0.09015775793575179,0.028399764666372413,0.35037540079623214,0.03013500317122181,0.27069880717521616,-0.24098810782473307,0.1379942840142069,0.02561522174500719
KIC4932691_B,1.1502964945572605,-0.03707747102125402,-2.009609674686617,0.7942417919811566,1.4425241269720286,0.01514654115539862,0.05247539160792564,0.08687390583008475,1.4049445074871119,0.3187519228994979,0.09087428459472162,0.017076814496671457
EPIC204550630,0.2655483633477495,0.08409485822193505,-0.24245227396415853,0.3575121338727969,0.07813672354431822,0.05301289404389517,0.38870660450315286,0.053475561115186455,0.07548738100877694,-0.2163215979962074,0.13462856976995796,0.05692271498890486
EPIC201367296,-0.31266339088020534,-0.7110985524364923,1.409550795174241,0.1678897310014635,0.08534934417917836,0.049226258755045514,0.38870660450315286,0.08126131754048377,0.008173096123797895,0.46675098187065067,0.13462856976995796,0.07589695331853981
KIC12055375,0.015510848005931189,-0.4725405292389618,-1.2628071107849348,0.11394731908912822,0.09015775793575179,0.0965591998656662,0.7288248834434117,0.054144634428615675,-0.36205547074358607,0.10624045360758667,0.4711999941948529,0.17076814496671458
KIC8179536,0.5288090165201447,0.2658533520867186,0.5398197675984365,0.1496824108556625,0.06010517195716786,0.023740605300995442,0.4858832556289411,0.05432021128318426,0.47600737607440186,-0.2239112933280614,0.14614281787667477,0.03037938545281808
KIC10972873,-0.060221668660100314,-0.9004303168789745,0.11224250264496845,0.3311878213343226,0.07693462010517486,0.03107421783794581,0.49074208818523046,0.05596094285535309,0.09904738071851997,0.7153135039888686,0.17468240863935494,0.06787284564626458
KIC8301013_A,0.19943267419486482,0.05380177591113778,0.29687813978396604,0.1678897310014635,0.12021034391433572,0.03786635288849655,0.17005913947012938,0.09650053569527725,0.47937309031865116,-0.06452769135912806,0.06731428488497898,0.018974238329634952
KIC7800289,0.5336174302767182,-1.9266084801572305,-1.3697014270233017,1.154758000318545,0.06371148227459793,0.033520857563953795,0.49074208818523046,0.05215419930211843,1.139053082191445,2.6070450654534736,0.25664304164960633,0.09779375847574753
KIC11769146_A,-0.21409090887045004,0.9891006922570021,0.3891959583534649,-0.4982083277721729,0.18031551587150357,0.003786635288849655,1.2147081390723526,0.05690852281890625,-0.4933183262692956,-0.9790859788475328,0.023559999709742645,0.0037948476659269907
KIC9163769,0.5528510853030119,-0.08630372977629916,0.627278753611646,0.41034700420169157,0.12021034391433572,0.06347557561192765,0.4858832556289411,0.05212514165268833,0.5635159464248746,0.10054818210869597,0.20247114389414275,0.07128106948842736
KIC9225600,0.341280880013781,-0.5482732350159566,1.4532802881808458,0.5291904972194551,0.067317792592028,0.046838092251167945,0.4858832556289411,0.0552265639649992,0.9337445132922594,0.6754676034966354,0.2536273734667592,0.08368047808462634
KIC5530375,0.2787715011783264,-1.8925287625575842,-0.708900199367942,0.8994291495304938,0.06611568915288464,0.046838092251167945,0.4858832556289411,0.09123092518939985,0.863064514163031,2.407815562992307,0.2123854374691423,0.12389028833991958
BW_Aqr A,0.4470659826583964,-0.8512040581239293,0.04907767941320609,0.6959411328747308,0.12021034391433572,0.07194607048814344,0.5344715811918351,0.05046002297445594,1.1154930824817029,1.0872085752497136,0.06731428488497898,0.07589695331853981
KIC3439031_B,0.665019357209479,0.10302803466618292,0.8750792139824058,0.28218350482636617,0.1177700739328747,0.00757327057769931,0.6316482323176233,0.08859053336778186,0.2673330929309676,-0.15370661150841222,0.0033657142442489493,0.0018974238329634953
KIC11769146_B,-0.9593950411393315,1.398057303452767,0.3891959583534649,-1.049810294922673,0.18031551587150357,0.003786635288849655,1.2147081390723526,0.07114843150259202,-1.0150040341278823,-1.3263145402798524,0.020194285465493695,0.0037948476659269907
KIC7970740,-0.8043236974898385,1.260223778938638,-2.234573622042817,-1.0051767176329618,0.0925619648140385,0.01874384467980579,0.4858832556289411,0.03484477162309847,-1.4121583149492585,-1.368437349371642,0.06714599917276654,0.011384542997780972
KIC7880676,0.3496956040877845,-0.9307233991897718,0.6224199210553566,0.7445024341273874,0.067317792592028,0.07286624179651036,0.48102442307265164,0.05604373764350581,0.9707673699789975,1.0815163037508229,0.44172461538941576,0.1444653072604725
KIC10971974,0.062392882132522115,0.3983855871964571,0.015065851519180258,-0.14731909118942516,0.06972199947031471,0.07074018618732696,0.49560092074151985,0.052814055354776616,-0.3048383285913543,-0.5578578879296369,0.19892795553779455,0.06330908025399597
KIC8019508,0.2799736046174698,-1.6426108334935074,0.6418552512805142,0.9932033003529003,0.06611568915288464,0.035723045368937154,0.4858832556289411,0.056388224810997506,1.1087616539932048,2.136483954878526,0.20415608439338442,0.07731414866649941
EW_Ori B,-0.09388056495611431,0.7656892102148752,0.6321375861679354,-0.2923320180340298,0.11419982671861893,0.018933176444248277,0.4372949300660469,0.04430129585629928,-0.08270118847092343,-0.7324208805622782,0.03029142819824054,0.009487119164817476
KIC9328372,0.7139329461482217,-0.3968078234619703,1.1666091673597705,0.6812233054376432,0.09616827513146857,0.0940013807409423,0.4858832556289411,0.055163172434834935,1.0650073688179682,0.5635195973517888,0.23498324847359614,0.1293161112509304
KIC7038145,0.11528543345482983,-1.4494924337621744,1.6379159253198434,0.9136682419612973,0.06972199947031471,0.061673767689210804,0.4858832556289411,0.05937808482847244,1.088567368527711,1.849972956101039,0.24201529414410478,0.13155226793011413
KIC9139163,0.4867353961501272,-0.05979728275434945,1.0519407190313403,0.36645229513436833,0.04928624100487764,0.03786635288849655,0.020407096736415522,0.01828902263138714,0.9842302269559933,0.16316316859649158,0.10097142732746847,0.018974238329634952
WZ_Oph A,0.22467684641687533,0.10681466995503383,-0.922688831844676,0.13068959879216033,0.12021034391433572,0.03029308231079724,0.34011827894025876,0.045645108656717163,0.2673330929309676,-0.15750145917433922,0.023559999709742645,0.022769085995561943
KIC8940939,0.4386512585843929,-0.2150493295971867,-1.564054729274878,0.5891399804696466,0.06972199947031471,0.0535511112373111,0.4858832556289411,0.05381632237669671,-0.1769411873098941,-0.04934830069542009,0.2559896942490841,0.09952458090648149
KOI-6964_A,0.5701493537922852,0.14468102284352957,-0.6020058831295748,0.26619039010788925,0.06589931053383884,0.17418522328708413,0.15062380924497173,0.4121561257995839,0.536590232470883,-0.12145040634803297,0.08414285610622373,0.3756899189267721
HD24465_A,0.3268556387440607,0.1484676581323805,1.8468457252402881,0.20604477268986934,0.12021034391433572,0.013631887039858757,0.7288248834434116,0.04090059186168794,0.6375616597983516,-0.07591223435690904,0.026925713953991594,0.007589695331853981
KIC7103006,0.3989818450926621,-0.6656589289702948,0.998979444167786,0.5804285342116564,0.0925619648140385,0.0757327057769931,0.020892979992044466,0.033905791155488973,0.7149730874160778,0.7893130334744447,0.10097142732746847,0.037948476659269904
TIC126323537_B,0.7536023596399525,-0.21126269430833577,-2.185985296479923,0.37567137109139015,0.2271975499980945,0.0757327057769931,0.24294162781447054,0.0238819834255737,-0.0221183320744423,-0.0057075525372594456,0.05385142790798319,0.09297376781521127
EPIC206368174,0.2811757080566131,-0.5899262231933033,0.8750792139824058,0.4906562956672807,0.07813672354431822,0.049226258755045514,0.2915299533773646,0.054995017894269735,0.5803445176461197,0.5616221735188255,0.2692571395399159,0.09487119164817477
KIC3456181,0.4879374995892706,-0.9723763873671184,-0.3396289250899467,0.7946838661926638,0.0925619648140385,0.031239741133009657,0.4858832556289411,0.023872483075103555,1.1777587960003082,1.2604433711992806,0.08313314183294904,0.05123044349001438
DS_And_A,1.3043821133866562,-0.7110985524364923,0.24343098166478255,0.9880029288247639,0.07641771562634321,0.049226258755045514,0.09717665112578822,0.05282771590402018,1.7078587894695176,1.1422338664056548,0.043754285175236336,0.011384542997780972
KIC10191056_Aa,0.7287188184496852,-0.6240059407929481,0.9819735302207729,0.7389910347117562,0.1866866640989634,0.03407971759964689,0.034011827894025876,0.062462700467865714,1.4015787932428634,0.9335172447796706,0.04038857093098739,0.041743324325196896
TIC189069314_A,0.37013136255322154,-0.1355299885313443,-1.1656304596591465,0.2134585424162352,0.12982717142748257,0.03786635288849655,0.1457649766886823,0.019796799465407345,-0.07260404573817696,-0.08539935352172633,0.23223428285317751,0.08917892014928427
KIC3657002,0.03354239959308154,-0.1696097061309925,0.9333852046578789,0.17540312601237074,0.07693462010517486,0.04999820033171276,0.4858832556289411,0.052984057347870754,0.24040737897697598,0.06070228161646274,0.26009404140994746,0.06644764316972988
ASASSN-V_J010440.99+051109.8_B,-1.3187398222024556,0.345372693152561,0.029642349188048502,-0.791248429244525,0.06701726673224216,0.2574911996417766,0.1409061441323929,0.17243398190398362,-1.0116383198836334,-0.7627796618896941,0.006731428488497899,0.11194800614484622
KIC10586004,-0.25015401204475074,-0.5104068821274609,1.633057092763554,0.17935890020711656,0.09977458544889864,0.018933176444248277,0.35037540079623214,0.035554407583416915,0.10241309496276856,0.3206493467324616,0.08582571322834821,0.019922950246116698
LINEAR_23079661_A,-2.6509589375986895,2.337142855087482,-0.5825705529044173,-1.8730606111814099,0.0802404045628191,0.41652988177346206,0.4858832556289411,0.28291308540957455,-1.9506725940290903,-1.3737501361039397,0.03702285668673844,0.14040936363929865
EPIC206371648,-0.5158188720954326,0.8149154689699204,-0.7769238551559935,-0.3397396509107957,0.07813672354431822,0.06058616462159448,0.38870660450315286,0.10178336626622848,-1.0688554620358657,-1.0511880845001456,0.10097142732746847,0.037948476659269904
KIC2852862,0.5276069130810014,-0.9231501286120716,-0.36392308787139377,0.7470789710650936,0.06972199947031471,0.027387562973945297,0.4858832556289411,0.052899964596662775,1.0448130833524745,1.144131290238619,0.20294794611969716,0.06225830306340337
EPIC204926239,0.29680305276547675,-1.4722122454952715,0.8750792139824058,0.7487908969913807,0.08534934417917836,0.04543962346619586,0.38870660450315286,0.05683153374913343,0.9842302269559933,1.8328961416043676,0.16828571221244745,0.09487119164817477
V565_Lyr B,-0.6588691813534922,0.856568457147267,1.7496690741145,-0.6609676530484383,0.15026292989291964,0.03029308231079724,0.24294162781447054,0.06696007785184308,-0.7356497518552194,-0.9733937073486423,0.010097142732746847,0.017076814496671457
KIC9965715,1.2644963212758793,0.37187914017451074,-1.573772394387457,0.1401333789202404,0.48685189285305963,0.055308863551759825,0.4858832556289411,0.05574987460859408,0.3279159493274487,-0.3491412663036522,0.24572019160703215,0.07084280253148945
EPIC206108325,0.5468405681072951,-1.2071477752757964,-0.485393901778629,0.8472543572282697,0.08534934417917836,0.05301289404389517,0.5344715811918351,0.3003640620326016,0.5130302327611407,1.2636689917153185,0.16828571221244745,0.09487119164817477
TYC_1332-131-1_B,0.04689776880196385,-0.1241700826647949,0.010207018962890842,0.20012651624695818,0.15426593434526703,0.5036224934170042,0.029152995337736465,0.3269475338257517,0.543321660959381,0.1271121157701849,0.04711999941948529,0.30169038944119575
HIP97527,0.3100261905960537,0.47033165768460106,-0.04809897171258207,0.0697858600541554,0.09737037857061193,0.03786635288849655,0.09717665112578822,0.0016527692071915767,0.701510230439082,-0.3415515709717982,0.3567657098903886,0.06451241032075884
KIC12317678,0.6862845670479245,-0.5293400585717087,-1.0684538085333581,0.6197474516282008,0.057700965078881145,0.032130664470405496,0.9912018414830397,0.05827450754984265,1.0246187978869807,0.6963392656592337,0.24773217687653035,0.06527324691899587
EPIC220398184_B,-2.8139882060153116,1.8221604558039286,-2.0305026546786613,-2.5181504445969343,0.023945900507735676,0.41652988177346206,0.5198950835229669,0.2210072144448462,-2.405044017002698,-1.8898494186700106,0.03702285668673844,0.07779437715150331
HD285001_A,0.8584858847052104,-0.7868312582134839,-0.13555795772579146,1.0278518826218879,0.017586773314667316,0.09087924693239172,0.06316482323176233,0.0971253298995354,0.5938073746231156,1.7361275261232292,0.05385142790798319,0.14799905897115265
G250-29_B,-3.2445936789508534,2.931644595436878,-0.2910405995270527,-3.771924932491806,0.13102927486662594,0.1514654115539862,0.4858832556289411,0.14087661115898523,-3.2330097210879396,-2.3774873437416284,0.013462856976995797,0.020871662162598448
Kepler-35B,-0.9329487654781776,1.3245965788490832,-1.2628071107849348,-1.0340640128082303,0.12021034391433572,0.006058616462159448,0.9717665112578822,0.0467439331325119,-1.1381891754673938,-1.3242273740635926,0.014304285538058036,0.00398459004922334
V570_Per_A,0.694699291121928,0.07273495235538564,1.2637858184855588,0.4121208357336554,0.054094654761451075,0.03407971759964689,0.09717665112578822,0.02622128968037104,1.041110797683801,0.11193272510647695,0.03264742816921481,0.019922950246116698
ASAS_J163903-2847.2_A,0.7925865741713719,-1.0708289048772086,-0.5339822273415231,0.8723902965663024,0.03989781314516802,0.00757327057769931,0.7774132090063057,0.029344362481538187,0.9202816563152636,1.2769509585460632,0.006731428488497899,0.005692271498890486
KIC8938364,-0.0157438414117961,-0.11281017679824551,-0.485393901778629,-0.06770856586731124,0.07453041322688815,0.02957456826473802,0.4858832556289411,0.056398144859298706,-0.3721526134763333,-0.20493705499842685,0.16541301957069596,0.044458061576785585
VZ_Cep A,0.8317390831842707,0.02729532888919143,0.6807259117308295,0.4668687999597062,0.19233655026293714,0.03029308231079724,0.4372949300660469,0.06824036953800387,0.856333085674533,0.14039408260092962,0.050485713663734236,0.022769085995561943
KIC6837853,-0.11071001310412132,0.0462285053334393,1.137456172022034,0.014274356508521296,0.06851989603117135,0.0799028533812151,0.4858832556289411,0.05351389335934485,-0.0052897608531979135,-0.20493705499842685,0.2587059013727635,0.09510295153354016
GJ_22_A,-2.886366854086133,2.6287137723289056,-0.5339822273415231,-2.935154137511203,0.13102927486662594,0.1514654115539862,0.4858832556289411,0.14114924564526718,-2.4992840158416687,-2.1023608879619218,0.026925713953991594,0.03415362899334291
KIC7668623,0.35931243160093135,-1.3131735633635868,0.3697606281283072,0.913888224263678,0.057700965078881145,0.044202563797046276,0.4858832556289411,0.0541477501828927,0.8125788004992971,1.5312057521631715,0.2489646913356316,0.09668154365015548
KIC6147573_A,-0.33550335622392913,0.8187021042587679,0.3746194606845966,-0.4982083277721729,0.12021034391433572,0.011359905866548965,0.15062380924497173,0.07339120285257071,-0.5639983253985232,-0.9050864493619566,0.03365714244248949,0.009487119164817476
KIC9754284,0.2451126048823124,-0.31350184710727697,0.5106667722607001,0.3056356949449403,0.06491358571374128,0.048550469314950384,0.4858832556289411,0.05376559917614609,0.43225309089916586,0.25993178407762974,0.24236009473985684,0.061194518083723885
KIC3236382,1.0252777368863513,-0.15446316497559218,0.09766600497610024,0.5254267053725041,0.06972199947031471,0.05111957639947034,0.7288248834434116,0.05211528076403783,0.9842302269559933,0.29598283690393595,0.45437142297360816,0.10435831081299224
KIC9693187,-0.2261119432618836,-0.3059285765295785,-0.4076525808779985,0.23123961481480387,0.06611568915288464,0.032573867411153604,0.4858832556289411,0.057476966936057756,-0.5438040399330295,-0.11575813484914227,0.17511415909689296,0.053038529967938536
EPIC219511354_B,-1.5506736597507744,1.0913398450559433,0.7293142372937237,-1.2001285470198557,0.06763033948620527,0.06437279991044415,0.1457649766886823,0.07453443867536351,-1.0957811759898572,-1.2010845673042618,0.023559999709742645,0.013281966830744467
KIC3952307,0.2787715011783264,-1.1276284342099538,-0.18414628328868554,0.7043467755575138,0.14184820581891613,0.05274172551759007,0.4858832556289411,0.04968927730604288,0.42888737665491655,1.1232596280760203,0.21994971531309385,0.09096386469742972
KIC9768011,0.7836549456185364,-0.9496565756340196,-0.8741005062817818,0.7389321972908146,0.08174303386174829,0.08898592928796689,0.8502956973506468,0.05417582811236715,0.6813159449735883,1.0170038934300645,0.5385142790798318,0.2466650982852544
KIC7106245,0.16577377789885084,0.5081980105730968,-0.24731110652044794,-0.13958762360401658,0.17310289523664343,0.03786635288849655,0.029152995337736465,0.06109153591437429,-0.29474118585860704,-0.6337548412481767,0.06731428488497898,0.018974238329634952
KIC9098294,-0.0830616340038241,0.3945989519076062,-0.4513820738846031,-0.23855102074054357,0.20676179153265745,0.03786635288849655,0.08745898601320938,0.07760718034838647,-0.5976554678410128,-0.6527290795778117,0.10097142732746847,0.037948476659269904
KIC5686856,0.17659270885114106,-0.7944045287911841,0.3891959583534649,0.18582127063658863,0.06611568915288464,0.04543962346619586,0.8502956973506468,0.01619969271396169,-0.025484046318691625,0.5616221735188255,0.42071428053111865,0.1612810258018971
EK_Cep B,-0.33430125278478573,0.17118746986547928,0.7293142372937237,-0.1496464369280798,0.22839965343723787,0.056799529332744826,0.24294162781447054,0.10030052240517427,-0.08606690271517202,-0.32067990880919994,0.03365714244248949,0.02846135749445243
KIC10963065,0.40619446572752227,0.36809250488565987,-0.32019359486478904,-0.06634305779830214,0.054094654761451075,0.025776056194304887,0.35037540079623214,0.05289713361983012,-0.05577547451693182,-0.459191848615535,0.14946196914721163,0.033047317053295215
V1130_Tau A,0.7776444284228197,-0.4763271645278127,-0.8255121807188877,0.6225321373832741,0.084147240740035,0.02271981173309793,0.4858832556289411,0.030124044615308793,0.8226759432320435,0.5692118688506795,0.026925713953991594,0.020871662162598448
DS_And_B,-0.0093125880123787,0.26963998737556955,0.24343098166478255,-0.09067213467668461,0.07176557531685843,0.09466588222124138,0.09717665112578822,0.06007078093640438,-0.2038669012638857,-0.4345253387870098,0.05721714215223214,0.011384542997780972
*_alf_Cen_B,-0.9269382482824609,1.2276587154545326,1.5553157718629234,-0.9230046882238695,0.014425241269720286,0.18933176444248276,0.04858832556289411,0.002613506536641985,-0.8164268937171942,-1.1859051766405537,0.03702285668673844,0.007589695331853981
HAT-TR-318-007_A,-3.3515808850346125,2.1515977259338475,1.8371280601277091,-2.982884040527265,0.13223137830576928,0.021583821146443034,0.38870660450315286,0.08886665694631127,-2.354558303338964,-1.9528438899243987,0.03702285668673844,0.006735854607020409
KIC8424992,-0.20567618479644653,0.5915039869277902,-0.22787577629529027,-0.37748392213914833,0.06851989603117135,0.028838154793668403,0.49074208818523046,0.0555536249332262,-0.7356497518552194,-0.819702376878599,0.15961436344499208,0.03649767603780469
KIC2010607,0.46028912048897336,-1.4646389749175732,0.04907767941320609,1.0465822227064283,0.08534934417917836,0.1028683211853595,0.4858832556289411,0.058906036282703515,0.856333085674533,1.7569991882858278,0.2544403802538858,0.19212757882276488
KIC5371516,0.4470659826583964,-0.8701372345681772,0.7536084000751706,0.6592002517875171,0.09737037857061193,0.046041359573264606,0.4858832556289411,0.054497367577801215,1.0313502263754786,1.0720291845860055,0.3332698219884276,0.08913687323714581
*_16_Cyg_A,-0.15518784035242553,0.28099989324211894,0.7779025628566177,-0.173802826235287,0.04688203412659093,0.03786635288849655,0.04858832556289411,0.004036079364473754,-0.2408897579506238,-0.4914480537759143,0.1581885694797006,0.030358781327415926
TIC39022841_A,-0.07705111680810732,0.8868615394580643,-0.5339822273415231,-0.4982083277721729,0.12141244735347907,0.0757327057769931,0.1457649766886823,0.04032896592241301,-0.9813468916853929,-1.053085508333109,0.16155428372394956,0.11194800614484622
LV_Her A,0.09845598530682283,0.16361419928777746,0.7779025628566177,0.04707382926679222,0.18031551587150357,0.03029308231079724,1.0203548368207762,0.07166228497767824,0.14953309438225387,-0.23909068399176936,0.03365714244248949,0.022769085995561943
HW_CMa A,2.069905625501929,0.15604092871007896,1.7496690741145,0.9205977630888628,0.18031551587150357,0.0416529881773462,0.4858832556289411,0.05688248825968886,2.125207355756387,0.34911070422691387,0.04038857093098739,0.0398459004922334
KIC5468089,0.9014610826545855,-0.6656589289702948,0.3891959583534649,0.6135545165973215,0.5157023753925002,0.08141265871026758,0.7288248834434116,0.054433565661493724,1.3881159362658675,0.9790554167707944,0.5385142790798318,0.13281966830744468
KIC7530690,1.031288254082068,0.3983855871964571,0.19484265610188845,0.31676564156166553,0.07453041322688815,0.05111957639947034,0.7288248834434116,0.05322828375439841,0.6813159449735883,-0.2732443129851123,0.2692571395399159,0.07589695331853981
EPIC206189649,0.12490226096797669,-1.1314150694988032,-0.485393901778629,0.9289582213174884,0.09376406825318186,0.04543962346619586,0.5344715811918351,0.11565045066110113,0.07548738100877694,0.9790554167707944,0.20194285465493694,0.09487119164817477
KIC10074716,0.10326439906339627,-0.06358391804320038,0.9236675395453,0.1645745774735597,0.1093914129620455,0.07490279838732414,0.4858832556289411,0.05349402816820646,0.23367595048847806,-0.0360663338646754,0.27992055359711493,0.08741127251680016
ASAS_J163903-2847.2_B,0.7376624680369113,0.4324653047961053,-0.5339822273415231,0.13144026635919814,0.19809462573643383,0.011359905866548965,0.7774132090063057,0.14768099978782018,-0.0221183320744423,-0.493345477608878,0.0033657142442489493,0.0037948476659269907
KIC5253542,-0.25015401204475074,0.42489203421840344,1.3755389672802154,-0.22286412447213524,0.11540193015776229,0.049226258755045514,0.4858832556289411,0.05403597877803917,-0.23752404370637523,-0.5559604640966732,0.2066559518197291,0.05009342743750166
KIC4049576,0.10566860594168298,-1.0708289048772086,-0.8935358365069395,0.512213346514952,0.10097668888804201,0.11143450054868924,0.49074208818523046,0.045693712787792794,0.03846452432203884,0.8727996821248386,0.22976462271217493,0.1689197638475617
KIC7680114,-0.21409090887045004,-0.10145027093169612,0.6710082466182508,0.04363921400934722,0.067317792592028,0.028917323870970027,0.4858832556289411,0.05780625974637035,-0.17357547306564478,-0.14232206851063123,0.15970178114105796,0.041803853094180346
HD22064_A,0.943534703024603,-0.08251709448744825,-0.4912245008461763,0.5006855496270773,0.048084137565734285,0.02271981173309793,0.02818122882647858,0.008409613076136342,0.6644873737523432,0.13280438726907562,0.10433714157171742,0.026563933661488934
HD96609_B,3.576922601983998,0.14089438755468203,0.4863726094792531,1.3298646832262302,0.1291539935015623,0.00757327057769931,0.2915299533773646,0.06858740558696885,2.3305159246555736,0.4041359953828555,0.013462856976995797,0.0037948476659269907
KIC8610483_B,-0.27299397738847453,-0.19990278844178974,-0.8255121807188877,-0.1271215993189499,0.18031551587150357,0.01514654115539862,1.2147081390723526,0.07537161923358399,-0.76594118005346,-0.294115975147711,0.06731428488497898,0.017076814496671457
KIC6521045,-0.1840383228918661,-0.3059285765295785,0.8847968790949847,0.11317576179650374,0.09015775793575179,0.01514654115539862,0.35037540079623214,0.02884188885539841,-0.13318690213465734,0.05501001011757204,0.06731428488497898,0.019922950246116698
